{"width":1024,"SubTexture":[{"frameX":-1,"frameHeight":66,"y":1027,"frameY":-1,"frameWidth":486,"width":484,"height":64,"name":"Layer 187","x":1},{"frameX":-1,"frameHeight":349,"y":1,"frameY":-1,"frameWidth":149,"width":147,"height":347,"name":"Layer 188","x":563},{"width":538,"y":535,"height":490,"name":"Layer 189","x":1},{"width":560,"y":1,"height":532,"name":"Layer 190","x":1},{"frameX":-1,"frameHeight":274,"y":535,"frameY":-1,"frameWidth":391,"width":389,"height":272,"name":"Layer 191","x":541}],"height":2048,"name":"Urmica","imagePath":"Urmica_tex.png"}