{"frameRate":30,"isGlobal":0,"armature":[{"type":"Armature","name":"Urmica","defaultActions":[{"gotoAndPlay":"Attack A"}],"bone":[{"name":"root","transform":{"x":0.61}},{"transform":{"y":-303.13,"x":122.73},"name":"bone","parent":"root"},{"transform":{"y":-36.85,"x":-9.38},"name":"shadow","parent":"root"},{"length":58,"transform":{"skX":-86.91,"skY":-86.91,"y":55.99,"x":-4.27},"parent":"bone","name":"bone7"},{"length":110,"transform":{"skX":-140.53,"skY":-140.53},"parent":"bone","name":"bone2"},{"length":111,"transform":{"skX":-20.55,"skY":-20.55,"x":110.11},"parent":"bone2","name":"bone3"},{"length":100,"transform":{"skX":-52.32,"skY":-52.32,"x":58.92},"parent":"bone7","name":"bone8"},{"length":67,"transform":{"skX":-145.15,"skY":-145.15,"y":-0.73,"x":-4.18},"parent":"bone7","name":"bone11"},{"length":106,"transform":{"skX":-31.42,"skY":-31.42,"y":-18.23,"x":45.91},"parent":"bone11","name":"bone12"},{"length":136,"transform":{"skX":-55.62,"skY":-55.62,"x":100.79},"parent":"bone8","name":"bone9"},{"length":119,"transform":{"skX":15.95,"skY":15.95,"y":11.13,"x":57.91},"parent":"bone11","name":"bone13"},{"length":282,"transform":{"skX":134.78,"skY":134.78,"y":-83.94,"x":-8.59},"parent":"bone3","name":"bone14"},{"length":340,"transform":{"skX":81.22,"skY":81.22,"y":-158.87,"x":155.35},"parent":"bone3","name":"bone15"},{"length":149,"transform":{"skX":-69.34,"skY":-69.34,"y":-0.16,"x":111.47},"parent":"bone3","name":"bone4"},{"length":162,"transform":{"skX":-69.3,"skY":-69.3,"x":136.53},"parent":"bone9","name":"bone10"},{"length":75,"transform":{"skX":-35.04,"skY":-35.04,"x":149.87},"parent":"bone4","name":"bone5"},{"length":188,"transform":{"skX":67.5,"skY":67.5,"y":3.91,"x":77.05},"parent":"bone5","name":"bone6"}],"slot":[{"color":{},"name":"Layer 187","parent":"shadow"},{"z":1,"color":{},"name":"Layer 188","parent":"bone15"},{"z":2,"color":{},"name":"Layer 189","parent":"root"},{"z":3,"color":{},"name":"Layer 190","parent":"root"},{"z":4,"color":{},"name":"Layer 191","parent":"bone14"}],"ik":[],"aabb":{"width":720.2442116444626,"y":-609.9784170918279,"height":609.9784170918279,"x":-319.62121483225803},"frameRate":30,"animation":[{"frame":[],"ffd":[],"bone":[{"frame":[{"duration":10,"transform":{}},{"duration":5,"transform":{}},{"duration":25,"transform":{}},{"duration":0,"transform":{}}],"name":"root"},{"frame":[{"curve":[0.25,0,1,0],"duration":10,"transform":{}},{"curve":[0.25,0,0,1],"duration":5,"transform":{"y":-56.95,"x":105.19}},{"curve":[0.25,0,0.75,1],"duration":25,"transform":{"y":52.33,"x":-275.88}},{"duration":0,"transform":{}}],"name":"bone"},{"frame":[{"duration":10,"transform":{}},{"duration":5,"transform":{}},{"duration":25,"transform":{}},{"duration":0,"transform":{}}],"name":"bone2"},{"frame":[{"duration":10,"transform":{}},{"curve":[0.25,0,0,1],"duration":5,"transform":{}},{"curve":[0.25,0,0.75,1],"duration":25,"transform":{"skX":38.39,"skY":38.39}},{"duration":0,"transform":{}}],"name":"bone3"},{"frame":[{"curve":[0.25,0,1,0],"duration":10,"transform":{}},{"duration":5,"transform":{"skX":-9.09,"skY":-9.09}},{"curve":[0.25,0,0.75,1],"duration":25,"transform":{"skX":-9.09,"skY":-9.09}},{"duration":0,"transform":{}}],"name":"bone4"},{"frame":[{"duration":10,"transform":{}},{"duration":5,"transform":{}},{"duration":25,"transform":{}},{"duration":0,"transform":{}}],"name":"bone5"},{"frame":[{"duration":10,"transform":{}},{"duration":5,"transform":{}},{"duration":25,"transform":{}},{"duration":0,"transform":{}}],"name":"bone6"},{"frame":[{"duration":10,"transform":{}},{"duration":5,"transform":{}},{"duration":25,"transform":{}},{"duration":0,"transform":{}}],"name":"bone7"},{"frame":[{"duration":10,"transform":{}},{"duration":5,"transform":{}},{"duration":25,"transform":{}},{"duration":0,"transform":{}}],"name":"bone8"},{"frame":[{"duration":10,"transform":{}},{"duration":5,"transform":{}},{"duration":25,"transform":{}},{"duration":0,"transform":{}}],"name":"bone9"},{"frame":[{"curve":[0.25,0,1,0],"duration":10,"transform":{}},{"duration":5,"transform":{"skX":-24.36,"skY":-24.36}},{"curve":[0.25,0,0.75,1],"duration":25,"transform":{"skX":-24.36,"skY":-24.36}},{"duration":0,"transform":{}}],"name":"bone10"},{"frame":[{"curve":[0.25,0,1,0],"duration":10,"transform":{}},{"curve":[0.25,0,0,1],"duration":5,"transform":{"skX":-8.9,"skY":-8.9}},{"curve":[0.25,0,0.75,1],"duration":25,"transform":{"skX":-6.73,"skY":-6.73}},{"duration":0,"transform":{}}],"name":"bone11"},{"frame":[{"duration":10,"transform":{}},{"curve":[0.25,0,0,1],"duration":5,"transform":{}},{"curve":[0.25,0,0.75,1],"duration":25,"transform":{"skX":41.96,"skY":41.96}},{"duration":0,"transform":{}}],"name":"bone12"},{"frame":[{"duration":10,"transform":{}},{"duration":5,"transform":{}},{"duration":25,"transform":{}},{"duration":0,"transform":{}}],"name":"bone13"},{"frame":[{"curve":[0.25,0,1,0],"duration":10,"transform":{}},{"curve":[0.25,0,0,1],"duration":5,"transform":{"skX":-34.17,"skY":-34.17}},{"curve":[0.25,0,0.75,1],"duration":25,"transform":{"skX":-33.32,"skY":-33.32}},{"duration":0,"transform":{}}],"name":"bone14"},{"frame":[{"curve":[0.25,0,1,0],"duration":10,"transform":{}},{"curve":[0.25,0,0,1],"duration":5,"transform":{"skX":18.22,"skY":18.22}},{"curve":[0.25,0,0.75,1],"duration":25,"transform":{"skX":-27.59,"skY":-27.59}},{"duration":0,"transform":{}}],"name":"bone15"},{"frame":[{"curve":[0.25,0,1,0],"duration":10,"transform":{}},{"curve":[0.25,0,0,1],"duration":5,"transform":{"scX":0.84,"x":61.19}},{"curve":[0.25,0,0.75,1],"duration":25,"transform":{"scX":1.28,"x":-185.02}},{"duration":0,"transform":{}}],"name":"shadow"}],"slot":[],"duration":40,"ik":[],"name":"Attack A"},{"frame":[],"ffd":[],"bone":[{"frame":[{"duration":10,"transform":{}},{"duration":5,"transform":{}},{"duration":25,"transform":{}},{"duration":0,"transform":{}}],"name":"root"},{"frame":[{"curve":[0.25,0,1,0],"duration":10,"transform":{}},{"curve":[0.25,0,0,1],"duration":5,"transform":{"y":-56.95,"x":105.19}},{"curve":[0.25,0,0.75,1],"duration":25,"transform":{"y":95.34,"x":-551.29}},{"duration":0,"transform":{}}],"name":"bone"},{"frame":[{"duration":10,"transform":{}},{"duration":5,"transform":{}},{"duration":25,"transform":{}},{"duration":0,"transform":{}}],"name":"bone2"},{"frame":[{"duration":10,"transform":{}},{"curve":[0.25,0,0,1],"duration":5,"transform":{}},{"curve":[0.25,0,0.75,1],"duration":25,"transform":{"skX":4.71,"skY":4.71}},{"duration":0,"transform":{}}],"name":"bone3"},{"frame":[{"curve":[0.25,0,1,0],"duration":10,"transform":{}},{"duration":5,"transform":{"skX":-9.09,"skY":-9.09}},{"curve":[0.25,0,0.75,1],"duration":25,"transform":{"skX":-9.09,"skY":-9.09}},{"duration":0,"transform":{}}],"name":"bone4"},{"frame":[{"duration":10,"transform":{}},{"duration":5,"transform":{}},{"duration":25,"transform":{}},{"duration":0,"transform":{}}],"name":"bone5"},{"frame":[{"duration":10,"transform":{}},{"duration":5,"transform":{}},{"duration":25,"transform":{}},{"duration":0,"transform":{}}],"name":"bone6"},{"frame":[{"duration":10,"transform":{}},{"curve":[0.25,0,0,1],"duration":5,"transform":{}},{"curve":[0.25,0,0.75,1],"duration":25,"transform":{"skX":-67.85,"skY":-67.85,"y":-77.91,"x":54.06}},{"duration":0,"transform":{}}],"name":"bone7"},{"frame":[{"duration":10,"transform":{}},{"curve":[0.25,0,0,1],"duration":5,"transform":{}},{"curve":[0.25,0,0.75,1],"duration":25,"transform":{"skX":50.7,"skY":50.7}},{"duration":0,"transform":{}}],"name":"bone8"},{"frame":[{"duration":10,"transform":{}},{"duration":5,"transform":{}},{"duration":25,"transform":{}},{"duration":0,"transform":{}}],"name":"bone9"},{"frame":[{"curve":[0.25,0,1,0],"duration":10,"transform":{}},{"curve":[0.25,0,0,1],"duration":5,"transform":{"skX":-21.45,"skY":-21.45}},{"curve":[0.25,0,0.75,1],"duration":25,"transform":{"skX":-24.83,"skY":-24.83}},{"duration":0,"transform":{}}],"name":"bone10"},{"frame":[{"curve":[0.25,0,1,0],"duration":10,"transform":{}},{"curve":[0.25,0,0,1],"duration":5,"transform":{"skX":-0.96,"skY":-0.96}},{"curve":[0.25,0,0.75,1],"duration":25,"transform":{"skX":-11.07,"skY":-11.07}},{"duration":0,"transform":{}}],"name":"bone11"},{"frame":[{"curve":[0.25,0,1,0],"duration":10,"transform":{}},{"curve":[0.25,0,0,1],"duration":5,"transform":{"skX":31.27,"skY":31.27}},{"curve":[0.25,0,0.75,1],"duration":25,"transform":{"skX":-21.47,"skY":-21.47}},{"duration":0,"transform":{}}],"name":"bone12"},{"frame":[{"duration":10,"transform":{}},{"curve":[0.25,0,0,1],"duration":5,"transform":{}},{"curve":[0.25,0,0.75,1],"duration":25,"transform":{"skX":-21.55,"skY":-21.55}},{"duration":0,"transform":{}}],"name":"bone13"},{"frame":[{"curve":[0.25,0,1,0],"duration":10,"transform":{}},{"curve":[0.25,0,0,1],"duration":5,"transform":{"skX":-17.24,"skY":-17.24}},{"curve":[0.25,0,0.75,1],"duration":25,"transform":{"skX":10.94,"skY":10.94}},{"duration":0,"transform":{}}],"name":"bone14"},{"frame":[{"curve":[0.25,0,1,0],"duration":10,"transform":{}},{"curve":[0.25,0,0,1],"duration":5,"transform":{"skX":-46.26,"skY":-46.26}},{"curve":[0.25,0,0.75,1],"duration":25,"transform":{"skX":8.44,"skY":8.44}},{"duration":0,"transform":{}}],"name":"bone15"},{"frame":[{"curve":[0.25,0,1,0],"duration":10,"transform":{}},{"curve":[0.25,0,0,1],"duration":5,"transform":{"scX":0.84,"x":61.19}},{"curve":[0.25,0,0.75,1],"duration":25,"transform":{"scX":1.28,"x":-185.02}},{"duration":0,"transform":{}}],"name":"shadow"}],"slot":[],"duration":40,"ik":[],"name":"Attack B"},{"frame":[],"ffd":[],"bone":[{"frame":[{"duration":10,"transform":{}},{"duration":5,"transform":{}},{"duration":9,"transform":{}},{"duration":10,"transform":{}},{"duration":9,"transform":{}},{"duration":11,"transform":{}},{"duration":17,"transform":{}},{"duration":0,"transform":{}}],"name":"root"},{"frame":[{"curve":[0.25,0,1,0],"duration":10,"transform":{}},{"curve":[0.25,0,0,1],"duration":5,"transform":{"y":-56.95,"x":105.19}},{"curve":[0.25,0,0.75,1],"duration":9,"transform":{"y":52.33,"x":-275.88}},{"curve":[0.25,0,0.75,1],"duration":10,"transform":{"y":1.93,"x":-275.88}},{"curve":[0.25,0,0.75,1],"duration":9,"transform":{"y":52.33,"x":-275.88}},{"curve":[0.25,0,0.75,1],"duration":11,"transform":{"y":1.93,"x":-275.88}},{"curve":[0.25,0,0.75,1],"duration":17,"transform":{"y":52.33,"x":-275.88}},{"duration":0,"transform":{}}],"name":"bone"},{"frame":[{"duration":10,"transform":{}},{"duration":5,"transform":{}},{"duration":9,"transform":{}},{"duration":10,"transform":{}},{"duration":9,"transform":{}},{"duration":11,"transform":{}},{"duration":17,"transform":{}},{"duration":0,"transform":{}}],"name":"bone2"},{"frame":[{"duration":10,"transform":{}},{"curve":[0.25,0,0,1],"duration":5,"transform":{}},{"duration":9,"transform":{"skX":38.39,"skY":38.39}},{"duration":10,"transform":{"skX":38.39,"skY":38.39}},{"duration":9,"transform":{"skX":38.39,"skY":38.39}},{"duration":11,"transform":{"skX":38.39,"skY":38.39}},{"curve":[0.25,0,0.75,1],"duration":17,"transform":{"skX":38.39,"skY":38.39}},{"duration":0,"transform":{}}],"name":"bone3"},{"frame":[{"curve":[0.25,0,1,0],"duration":10,"transform":{}},{"duration":5,"transform":{"skX":-9.09,"skY":-9.09}},{"duration":9,"transform":{"skX":-9.09,"skY":-9.09}},{"duration":10,"transform":{"skX":-9.09,"skY":-9.09}},{"duration":9,"transform":{"skX":-9.09,"skY":-9.09}},{"duration":11,"transform":{"skX":-9.09,"skY":-9.09}},{"curve":[0.25,0,0.75,1],"duration":17,"transform":{"skX":-9.09,"skY":-9.09}},{"duration":0,"transform":{}}],"name":"bone4"},{"frame":[{"duration":10,"transform":{}},{"duration":5,"transform":{}},{"duration":9,"transform":{}},{"duration":10,"transform":{}},{"duration":9,"transform":{}},{"duration":11,"transform":{}},{"duration":17,"transform":{}},{"duration":0,"transform":{}}],"name":"bone5"},{"frame":[{"duration":10,"transform":{}},{"duration":5,"transform":{}},{"duration":9,"transform":{}},{"duration":10,"transform":{}},{"duration":9,"transform":{}},{"duration":11,"transform":{}},{"duration":17,"transform":{}},{"duration":0,"transform":{}}],"name":"bone6"},{"frame":[{"duration":10,"transform":{}},{"duration":5,"transform":{}},{"duration":9,"transform":{}},{"duration":10,"transform":{}},{"duration":9,"transform":{}},{"duration":11,"transform":{}},{"duration":17,"transform":{}},{"duration":0,"transform":{}}],"name":"bone7"},{"frame":[{"duration":10,"transform":{}},{"duration":5,"transform":{}},{"duration":9,"transform":{}},{"duration":10,"transform":{}},{"duration":9,"transform":{}},{"duration":11,"transform":{}},{"duration":17,"transform":{}},{"duration":0,"transform":{}}],"name":"bone8"},{"frame":[{"duration":10,"transform":{}},{"duration":5,"transform":{}},{"duration":9,"transform":{}},{"duration":10,"transform":{}},{"duration":9,"transform":{}},{"duration":11,"transform":{}},{"duration":17,"transform":{}},{"duration":0,"transform":{}}],"name":"bone9"},{"frame":[{"curve":[0.25,0,1,0],"duration":10,"transform":{}},{"duration":5,"transform":{"skX":-24.36,"skY":-24.36}},{"curve":[0.25,0,0.75,1],"duration":9,"transform":{"skX":-24.36,"skY":-24.36}},{"curve":[0.25,0,0.75,1],"duration":10,"transform":{"skX":-4.87,"skY":-4.87}},{"curve":[0.25,0,0.75,1],"duration":9,"transform":{"skX":-24.36,"skY":-24.36}},{"curve":[0.25,0,0.75,1],"duration":11,"transform":{"skX":-4.87,"skY":-4.87}},{"curve":[0.25,0,0.75,1],"duration":17,"transform":{"skX":-24.36,"skY":-24.36}},{"duration":0,"transform":{}}],"name":"bone10"},{"frame":[{"curve":[0.25,0,1,0],"duration":10,"transform":{}},{"curve":[0.25,0,0,1],"duration":5,"transform":{"skX":-2.73,"skY":-2.73}},{"curve":[0.25,0,0.75,1],"duration":9,"transform":{"skX":-3.55,"skY":-3.55}},{"curve":[0.25,0,0.75,1],"duration":10,"transform":{"skX":11.81,"skY":11.81}},{"curve":[0.25,0,0.75,1],"duration":9,"transform":{"skX":-3.55,"skY":-3.55}},{"curve":[0.25,0,0.75,1],"duration":11,"transform":{"skX":11.81,"skY":11.81}},{"curve":[0.25,0,0.75,1],"duration":17,"transform":{"skX":-3.55,"skY":-3.55}},{"duration":0,"transform":{}}],"name":"bone11"},{"frame":[{"duration":10,"transform":{}},{"curve":[0.25,0,0,1],"duration":5,"transform":{}},{"curve":[0.25,0,0.75,1],"duration":9,"transform":{"skX":48.5,"skY":48.5}},{"curve":[0.25,0,0.75,1],"duration":10,"transform":{"skX":31.46,"skY":31.46}},{"curve":[0.25,0,0.75,1],"duration":9,"transform":{"skX":48.5,"skY":48.5}},{"curve":[0.25,0,0.75,1],"duration":11,"transform":{"skX":31.46,"skY":31.46}},{"curve":[0.25,0,0.75,1],"duration":17,"transform":{"skX":48.5,"skY":48.5}},{"duration":0,"transform":{}}],"name":"bone12"},{"frame":[{"duration":10,"transform":{}},{"duration":5,"transform":{}},{"curve":[0.25,0,0.75,1],"duration":9,"transform":{}},{"curve":[0.25,0,0.75,1],"duration":10,"transform":{"skX":-14.69,"skY":-14.69}},{"curve":[0.25,0,0.75,1],"duration":9,"transform":{}},{"curve":[0.25,0,0.75,1],"duration":11,"transform":{"skX":-14.69,"skY":-14.69}},{"duration":17,"transform":{}},{"duration":0,"transform":{}}],"name":"bone13"},{"frame":[{"curve":[0.25,0,1,0],"duration":10,"transform":{}},{"curve":[0.25,0,0,1],"duration":5,"transform":{"skX":-34.17,"skY":-34.17}},{"curve":[0.25,0,0.75,1],"duration":9,"transform":{"skX":-33.32,"skY":-33.32}},{"curve":[0.25,0,0.75,1],"duration":10,"transform":{"skX":-25.15,"skY":-25.15}},{"curve":[0.25,0,0.75,1],"duration":9,"transform":{"skX":-33.32,"skY":-33.32}},{"curve":[0.25,0,0.75,1],"duration":11,"transform":{"skX":-25.15,"skY":-25.15}},{"curve":[0.25,0,0.75,1],"duration":17,"transform":{"skX":-33.32,"skY":-33.32}},{"duration":0,"transform":{}}],"name":"bone14"},{"frame":[{"curve":[0.25,0,1,0],"duration":10,"transform":{}},{"curve":[0.25,0,0,1],"duration":5,"transform":{"skX":18.22,"skY":18.22}},{"curve":[0.25,0,0.75,1],"duration":9,"transform":{"skX":-27.59,"skY":-27.59}},{"curve":[0.25,0,0.75,1],"duration":10,"transform":{"skX":-33.74,"skY":-33.74}},{"curve":[0.25,0,0.75,1],"duration":9,"transform":{"skX":-27.59,"skY":-27.59}},{"curve":[0.25,0,0.75,1],"duration":11,"transform":{"skX":-33.74,"skY":-33.74}},{"curve":[0.25,0,0.75,1],"duration":17,"transform":{"skX":-27.59,"skY":-27.59}},{"duration":0,"transform":{}}],"name":"bone15"},{"frame":[{"curve":[0.25,0,1,0],"duration":10,"transform":{}},{"curve":[0.25,0,0,1],"duration":5,"transform":{"scX":0.84,"x":61.19}},{"curve":[0.25,0,0.75,1],"duration":9,"transform":{"scX":1.28,"x":-185.02}},{"curve":[0.25,0,0.75,1],"duration":10,"transform":{"scX":1.16,"x":-185.02}},{"curve":[0.25,0,0.75,1],"duration":9,"transform":{"scX":1.28,"x":-185.02}},{"curve":[0.25,0,0.75,1],"duration":11,"transform":{"scX":1.16,"x":-185.02}},{"curve":[0.25,0,0.75,1],"duration":17,"transform":{"scX":1.28,"x":-185.02}},{"duration":0,"transform":{}}],"name":"shadow"}],"slot":[],"duration":71,"ik":[],"name":"Attack C"},{"frame":[],"ffd":[],"bone":[{"frame":[{"duration":10,"transform":{}},{"duration":5,"transform":{}},{"duration":5,"transform":{}},{"duration":5,"transform":{}},{"duration":21,"transform":{}},{"duration":0,"transform":{}}],"name":"root"},{"frame":[{"curve":[0.25,0,1,0],"duration":10,"transform":{}},{"curve":[0.25,0,0.75,1],"duration":5,"transform":{"skX":18.79,"skY":18.79,"y":52.8,"x":108.24}},{"curve":[0.25,0,0,1],"duration":5,"transform":{"skX":-1.61,"skY":-1.61,"y":-162.24,"x":-291.89}},{"curve":[0.25,0,0,1],"duration":5,"transform":{"skX":-24.41,"skY":-24.41,"y":22.66,"x":-511.66}},{"curve":[0.25,0,0.75,1],"duration":21,"transform":{"skX":-24.41,"skY":-24.41,"y":41.38,"x":-511.66}},{"duration":0,"transform":{}}],"name":"bone"},{"frame":[{"duration":10,"transform":{}},{"duration":5,"transform":{}},{"duration":5,"transform":{}},{"duration":5,"transform":{}},{"duration":21,"transform":{}},{"duration":0,"transform":{}}],"name":"bone2"},{"frame":[{"duration":10,"transform":{}},{"duration":5,"transform":{}},{"duration":5,"transform":{}},{"duration":5,"transform":{}},{"duration":21,"transform":{}},{"duration":0,"transform":{}}],"name":"bone3"},{"frame":[{"duration":10,"transform":{}},{"duration":5,"transform":{}},{"duration":5,"transform":{}},{"curve":[0.25,0,0,1],"duration":5,"transform":{}},{"curve":[0.244,0,0.64,0.57],"duration":21,"transform":{"skX":9.96,"skY":9.96}},{"duration":0,"transform":{}}],"name":"bone4"},{"frame":[{"duration":10,"transform":{}},{"duration":5,"transform":{}},{"duration":5,"transform":{}},{"duration":5,"transform":{}},{"duration":21,"transform":{}},{"duration":0,"transform":{}}],"name":"bone5"},{"frame":[{"duration":10,"transform":{}},{"duration":5,"transform":{}},{"duration":5,"transform":{}},{"duration":5,"transform":{}},{"duration":21,"transform":{}},{"duration":0,"transform":{}}],"name":"bone6"},{"frame":[{"duration":10,"transform":{}},{"duration":5,"transform":{}},{"curve":[0.25,0,0,1],"duration":5,"transform":{}},{"duration":5,"transform":{"skX":-106.23,"skY":-106.23,"y":-172.22,"x":72.25}},{"curve":[0.25,0,0.75,1],"duration":21,"transform":{"skX":-106.23,"skY":-106.23,"y":-172.22,"x":72.25}},{"duration":0,"transform":{}}],"name":"bone7"},{"frame":[{"duration":10,"transform":{}},{"duration":5,"transform":{}},{"curve":[0.25,0,0,1],"duration":5,"transform":{}},{"duration":5,"transform":{"skX":76.38,"skY":76.38}},{"curve":[0.25,0,0.75,1],"duration":21,"transform":{"skX":76.38,"skY":76.38}},{"duration":0,"transform":{}}],"name":"bone8"},{"frame":[{"duration":10,"transform":{}},{"duration":5,"transform":{}},{"curve":[0.25,0,0,1],"duration":5,"transform":{}},{"curve":[0.25,0,0,1],"duration":5,"transform":{"skX":-16.95,"skY":-16.95,"y":-54.19,"x":4.21}},{"curve":[0.25,0,0.75,1],"duration":21,"transform":{"skX":-16.95,"skY":-16.95,"y":26.74,"x":12.87}},{"duration":0,"transform":{}}],"name":"bone9"},{"frame":[{"duration":10,"transform":{}},{"duration":5,"transform":{}},{"curve":[0.25,0,0,1],"duration":5,"transform":{}},{"curve":[0.25,0,0,1],"duration":5,"transform":{"skX":6.28,"skY":6.28}},{"curve":[0.25,0,0.75,1],"duration":21,"transform":{"skX":61.33,"skY":61.33}},{"duration":0,"transform":{}}],"name":"bone10"},{"frame":[{"curve":[0.25,0,1,0],"duration":10,"transform":{}},{"curve":[0.25,0,0.75,1],"duration":5,"transform":{"skX":-28.91,"skY":-28.91}},{"curve":[0.25,0,0,1],"duration":5,"transform":{"skX":295.96,"skY":295.96}},{"duration":5,"transform":{"skX":-40.43,"skY":-40.43}},{"curve":[0.25,0,0.75,1],"duration":21,"transform":{"skX":-40.43,"skY":-40.43}},{"duration":0,"transform":{}}],"name":"bone11"},{"frame":[{"duration":10,"transform":{}},{"curve":[0.25,0,0.75,1],"duration":5,"transform":{}},{"curve":[0.25,0,0,1],"duration":5,"transform":{"skX":22.48,"skY":22.48}},{"duration":5,"transform":{"skX":-19.55,"skY":-19.55}},{"curve":[0.25,0,0.75,1],"duration":21,"transform":{"skX":-19.55,"skY":-19.55}},{"duration":0,"transform":{}}],"name":"bone12"},{"frame":[{"duration":10,"transform":{}},{"curve":[0.25,0,0.75,1],"duration":5,"transform":{}},{"curve":[0.25,0,0,1],"duration":5,"transform":{"skX":-19.09,"skY":-19.09}},{"duration":5,"transform":{"skX":8.86,"skY":8.86}},{"curve":[0.25,0,0.75,1],"duration":21,"transform":{"skX":8.86,"skY":8.86}},{"duration":0,"transform":{}}],"name":"bone13"},{"frame":[{"curve":[0.25,0,1,0],"duration":10,"transform":{}},{"curve":[0.25,0,0.75,1],"duration":5,"transform":{"skX":13.92,"skY":13.92}},{"curve":[0.25,0,0,1],"duration":5,"transform":{"skX":24.69,"skY":24.69}},{"duration":5,"transform":{"skX":-1.3,"skY":-1.3,"y":-8.3,"x":11.91}},{"curve":[0.25,0,0.75,1],"duration":21,"transform":{"skX":-1.3,"skY":-1.3,"y":-8.3,"x":11.91}},{"duration":0,"transform":{}}],"name":"bone14"},{"frame":[{"curve":[0.25,0,1,0],"duration":10,"transform":{}},{"curve":[0.25,0,0.75,1],"duration":5,"transform":{"skX":23.49,"skY":23.49}},{"curve":[0.25,0,0,1],"duration":5,"transform":{"skX":-25.18,"skY":-25.18}},{"curve":[0.25,0,0,1],"duration":5,"transform":{"skX":-2.34,"skY":-2.34}},{"curve":[0.25,0,0.75,1],"duration":21,"transform":{"skX":-17.31,"skY":-17.31}},{"duration":0,"transform":{}}],"name":"bone15"},{"frame":[{"curve":[0.25,0,1,0],"duration":10,"transform":{}},{"curve":[0.25,0,0.75,1],"duration":5,"transform":{"scX":1.22,"x":95.12}},{"curve":[0.25,0,0,1],"duration":5,"transform":{"scX":1.22,"x":-104.39}},{"curve":[0.25,0,0,1],"duration":5,"transform":{"scX":1.52,"x":-355.51}},{"curve":[0.25,0,0.75,1],"duration":21,"transform":{"scX":1.8,"x":-355.51}},{"duration":0,"transform":{}}],"name":"shadow"}],"slot":[],"duration":46,"ik":[],"name":"Attack D"},{"frame":[],"ffd":[],"bone":[{"frame":[{"duration":30,"transform":{}},{"duration":0,"transform":{}}],"name":"root"},{"frame":[{"curve":[0.25,0,0,1],"duration":10,"transform":{}},{"curve":[0.25,0,0.75,1],"duration":20,"transform":{"y":39.25,"x":80.9}},{"duration":0,"transform":{}}],"name":"bone"},{"frame":[{"duration":30,"transform":{}},{"duration":0,"transform":{}}],"name":"bone2"},{"frame":[{"curve":[0.25,0,0,1],"duration":10,"transform":{}},{"curve":[0.25,0,0.75,1],"duration":20,"transform":{"skX":-4.11,"skY":-4.11}},{"duration":0,"transform":{}}],"name":"bone3"},{"frame":[{"duration":30,"transform":{}},{"duration":0,"transform":{}}],"name":"bone4"},{"frame":[{"duration":30,"transform":{}},{"duration":0,"transform":{}}],"name":"bone5"},{"frame":[{"duration":30,"transform":{}},{"duration":0,"transform":{}}],"name":"bone6"},{"frame":[{"duration":30,"transform":{}},{"duration":0,"transform":{}}],"name":"bone7"},{"frame":[{"duration":30,"transform":{}},{"duration":0,"transform":{}}],"name":"bone8"},{"frame":[{"curve":[0.25,0,0,1],"duration":10,"transform":{}},{"curve":[0.25,0,0.75,1],"duration":20,"transform":{"skX":-27.73,"skY":-27.73}},{"duration":0,"transform":{}}],"name":"bone9"},{"frame":[{"duration":30,"transform":{}},{"duration":0,"transform":{}}],"name":"bone10"},{"frame":[{"curve":[0.25,0,0,1],"duration":10,"transform":{}},{"curve":[0.25,0,0.75,1],"duration":20,"transform":{"skX":323.42,"skY":323.42}},{"duration":0,"transform":{}}],"name":"bone11"},{"frame":[{"curve":[0.25,0,0,1],"duration":10,"transform":{}},{"curve":[0.25,0,0.75,1],"duration":20,"transform":{"skX":24.89,"skY":24.89}},{"duration":0,"transform":{}}],"name":"bone12"},{"frame":[{"duration":30,"transform":{}},{"duration":0,"transform":{}}],"name":"bone13"},{"frame":[{"curve":[0.25,0,0,1],"duration":10,"transform":{}},{"curve":[0.25,0,0.75,1],"duration":20,"transform":{"skX":18.64,"skY":18.64}},{"duration":0,"transform":{}}],"name":"bone14"},{"frame":[{"curve":[0.25,0,0,1],"duration":10,"transform":{}},{"curve":[0.25,0,0.75,1],"duration":20,"transform":{"skX":-33.9,"skY":-33.9}},{"duration":0,"transform":{}}],"name":"bone15"},{"frame":[{"curve":[0.25,0,0,1],"duration":10,"transform":{}},{"curve":[0.25,0,0.75,1],"duration":20,"transform":{"scX":1.34}},{"duration":0,"transform":{}}],"name":"shadow"}],"slot":[],"duration":30,"ik":[],"name":"Damage"},{"frame":[],"ffd":[],"bone":[{"frame":[{"duration":60,"transform":{}},{"duration":0,"transform":{}}],"name":"root"},{"frame":[{"curve":[0.25,0,0.75,1],"duration":30,"transform":{}},{"curve":[0.25,0,0.75,1],"duration":30,"transform":{"y":46.18}},{"duration":0,"transform":{}}],"name":"bone"},{"frame":[{"duration":60,"transform":{}},{"duration":0,"transform":{}}],"name":"bone2"},{"frame":[{"duration":60,"transform":{}},{"duration":0,"transform":{}}],"name":"bone3"},{"frame":[{"duration":60,"transform":{}},{"duration":0,"transform":{}}],"name":"bone4"},{"frame":[{"duration":60,"transform":{}},{"duration":0,"transform":{}}],"name":"bone5"},{"frame":[{"curve":[0.25,0,0.75,1],"duration":30,"transform":{}},{"curve":[0.25,0,0.75,1],"duration":30,"transform":{"skX":-13.92,"skY":-13.92}},{"duration":0,"transform":{}}],"name":"bone6"},{"frame":[{"duration":60,"transform":{}},{"duration":0,"transform":{}}],"name":"bone7"},{"frame":[{"duration":60,"transform":{}},{"duration":0,"transform":{}}],"name":"bone8"},{"frame":[{"duration":60,"transform":{}},{"duration":0,"transform":{}}],"name":"bone9"},{"frame":[{"curve":[0.25,0,0.75,1],"duration":30,"transform":{}},{"curve":[0.25,0,0.75,1],"duration":30,"transform":{"skX":-22.99,"skY":-22.99}},{"duration":0,"transform":{}}],"name":"bone10"},{"frame":[{"curve":[0.25,0,0.75,1],"duration":30,"transform":{}},{"curve":[0.25,0,0.75,1],"duration":30,"transform":{"skX":11.73,"skY":11.73}},{"duration":0,"transform":{}}],"name":"bone11"},{"frame":[{"curve":[0.25,0,0.75,1],"duration":30,"transform":{}},{"curve":[0.25,0,0.75,1],"duration":30,"transform":{"skX":28.23,"skY":28.23}},{"duration":0,"transform":{}}],"name":"bone12"},{"frame":[{"curve":[0.25,0,0.75,1],"duration":30,"transform":{}},{"curve":[0.25,0,0.75,1],"duration":30,"transform":{"skX":-27.98,"skY":-27.98}},{"duration":0,"transform":{}}],"name":"bone13"},{"frame":[{"curve":[0.25,0,0.75,1],"duration":30,"transform":{}},{"curve":[0.25,0,0.75,1],"duration":30,"transform":{"skX":-25.6,"skY":-25.6}},{"duration":0,"transform":{}}],"name":"bone14"},{"frame":[{"curve":[0.25,0,0.75,1],"duration":30,"transform":{}},{"curve":[0.25,0,0.75,1],"duration":30,"transform":{"skX":10.37,"skY":10.37}},{"duration":0,"transform":{}}],"name":"bone15"},{"frame":[{"curve":[0.25,0,0.75,1],"duration":30,"transform":{}},{"curve":[0.25,0,0.75,1],"duration":30,"transform":{"scX":1.18}},{"duration":0,"transform":{}}],"name":"shadow"}],"slot":[],"duration":60,"ik":[],"name":"Idle"}],"skin":[{"name":"","slot":[{"display":[{"path":"Layer 188","type":"image","name":"Layer 188","transform":{"skX":79.86,"skY":79.86,"y":-20.43,"x":161.19}}],"name":"Layer 188"},{"display":[{"path":"Layer 187","type":"image","name":"Layer 187","transform":{"y":3.85,"x":4.41}}],"name":"Layer 187"},{"display":[{"path":"Layer 191","type":"image","name":"Layer 191","transform":{"skX":26.29,"skY":26.29,"y":-29.79,"x":222.06}}],"name":"Layer 191"},{"display":[{"slotPose":[1,0,0,1,0,0],"vertices":[70.92,-169.33,85.17,-74.33,128.53,-105.13,147.38,-151.8,137.45,-203.76,176.17,-259.38,187.09,-286.85,186.1,-314.66,180.46,-339.49,162.58,-369.28,127.83,-392.11,66.26,-405.35,-6.23,-404.68,-49.26,-394.09,-94.27,-375.21,-135.32,-355.35,-162.02,-329.2,-179.64,-304.06,-194.68,-275.38,-204.08,-236.38,-207.13,-199.25,-177.5,-151.55,-141.08,-143.55,-77.16,-152.02,-4.32,-201.85,5.32,-220.18,22,-241.1,36.57,-253.08,55.14,-257.08,62.42,-256.38,69.47,-250.5,73.98,-241.14,76.88,-235.48,53.87,-233.85,10.25,-206.31,-18.04,-172.87,-28.11,-143.77,-26.72,-124.49,-5.25,-156.04,19.95,-182,48.68,-198.63,63.54,-204.93,106.64,-189.31,114.46,-164.11,109.93,-122.02,78.84,-189.15,88.23,-209.76,94.18,-225.11,103.11,-242.74,101.97,-264.96,86.62,-281.44,34.41,-300.9,3.67,-301.65,-101.67,-238.41],"uvs":[0.77931,0.6544,0.80577,0.84827,0.88637,0.78545,0.92143,0.6902,0.90298,0.58415,0.97496,0.47066,0.99526,0.41459,0.99342,0.35785,0.98296,0.30719,0.94973,0.24639,0.88513,0.19978,0.7707,0.17276,0.63596,0.17411,0.55598,0.19573,0.47231,0.23423,0.39171,0.29165,0.34639,0.3281,0.31363,0.37942,0.28567,0.43793,0.2682,0.51754,0.26252,0.59332,0.31756,0.69067,0.38526,0.70698,0.53028,0.67437,0.63948,0.58804,0.65739,0.55063,0.6884,0.50795,0.71549,0.48349,0.74999,0.47534,0.76353,0.47678,0.77664,0.48877,0.78503,0.50785,0.79041,0.51943,0.74763,0.52273,0.66657,0.57894,0.61398,0.64717,0.59525,0.70657,0.59782,0.74591,0.63774,0.68153,0.68458,0.62856,0.73798,0.59461,0.76562,0.58176,0.84571,0.61364,0.86023,0.66507,0.8518,0.75096,0.79405,0.61396,0.8115,0.5719,0.82257,0.54059,0.83917,0.5046,0.83704,0.45927,0.80852,0.42562,0.71147,0.3859,0.65361,0.38725,0.45855,0.51341],"width":538,"weights":[3,8,0.30585,10,0.17115,7,0.523,1,8,1,1,8,1,1,8,1,3,8,0.60163,7,0.37644,3,0.02192,4,8,0.00605,7,0.0615,3,0.92068,6,0.01177,3,7,0.00228,3,0.87401,6,0.12371,2,3,0.63258,6,0.36742,2,3,0.36173,6,0.63827,2,3,0.09372,6,0.90628,2,3,0.00099,6,0.99901,2,6,0.78841,9,0.21159,1,9,1,1,9,1,2,9,0.86368,14,0.13632,2,9,0.16628,14,0.83372,2,9,0.00638,14,0.99362,1,14,1,1,14,1,1,14,1,1,14,1,1,14,1,1,14,1,4,3,0.00244,6,0.00082,9,0.00128,14,0.99546,4,3,0.07346,6,0.04914,9,0.11141,14,0.76598,5,10,0.00009,3,0.10644,6,0.07849,9,0.16337,14,0.6516,6,10,0.00185,7,0.00003,3,0.1836,6,0.1505,9,0.2347,14,0.42932,6,10,0.00779,7,0.00263,3,0.27896,6,0.22265,9,0.23123,14,0.25674,6,10,0.02803,7,0.02763,3,0.42129,6,0.25268,9,0.15053,14,0.11985,6,10,0.05111,7,0.06589,3,0.48336,6,0.21986,9,0.10373,14,0.07605,6,10,0.10164,7,0.15236,3,0.50002,6,0.14798,9,0.05746,14,0.04054,6,10,0.21664,7,0.28969,3,0.37629,6,0.07311,9,0.02603,14,0.01822,6,10,0.37428,7,0.35073,3,0.22473,6,0.0317,9,0.01091,14,0.00765,6,10,0.53443,7,0.26261,3,0.16716,6,0.02254,9,0.00778,14,0.00548,6,10,0.80992,7,0.11103,3,0.06813,6,0.00678,9,0.00241,14,0.00174,1,10,1,1,10,1,1,10,1,1,10,1,1,10,1,2,10,0.99996,3,0.00004,5,10,0.99767,3,0.00225,6,0.00004,9,0.00002,14,0.00002,1,8,1,1,8,1,1,8,1,2,8,0.03354,7,0.96646,6,10,0.09392,7,0.90109,3,0.00442,6,0.00035,9,0.00012,14,0.00009,6,10,0.09056,7,0.83434,3,0.06736,6,0.00495,9,0.00163,14,0.00115,6,10,0.03188,7,0.48741,3,0.45761,6,0.01557,9,0.00446,14,0.00307,6,10,0.01726,7,0.02227,3,0.86767,6,0.07186,9,0.01279,14,0.00815,6,10,0.01406,7,0.00564,3,0.60658,6,0.30721,9,0.04276,14,0.02375,5,10,0.00184,3,0.18112,6,0.35929,9,0.34449,14,0.11325,5,10,0.00015,3,0.10152,6,0.16137,9,0.53318,14,0.20379,1,14,1],"path":"Layer 189","type":"mesh","transform":{},"triangles":[7,49,6,49,5,6,8,50,7,50,49,7,9,50,8,48,4,5,49,48,5,4,43,3,10,50,9,11,50,10,42,43,4,44,2,3,43,44,3,11,51,50,47,42,4,48,47,4,47,46,42,44,1,2,45,0,42,0,44,43,42,0,43,0,1,44,46,45,42,30,31,49,32,47,48,49,31,48,31,32,48,50,30,49,29,30,50,32,46,47,12,51,11,41,45,46,32,41,46,28,29,50,51,28,50,39,38,0,33,41,32,40,0,45,41,40,45,12,52,51,40,39,0,33,40,41,51,27,28,34,39,40,12,13,52,51,52,27,52,26,27,52,25,26,35,38,39,36,37,38,13,14,52,52,53,25,53,24,25,14,53,52,53,23,24,35,36,38,15,53,14,15,16,53,53,22,23,17,18,53,21,22,53,20,21,53,16,17,53,18,19,53,19,20,53,34,40,33,34,35,39,37,38,0],"edges":[20,21,21,22,22,23,23,24,24,25,25,26,26,27,27,28,28,29,29,30,30,31,31,32,32,33,33,34,34,35,35,36,36,37,37,0,0,1,1,2,2,3,3,4,4,5,5,6,6,7,7,8,8,9,9,10,10,11,11,12,12,13,13,14,14,15,15,16,16,17,17,18,18,19,19,20],"height":490,"name":"Layer 189","bonePose":[8,-0.1135500288688635,0.99353227976945,-0.99353227976945,-0.1135500288688635,104.26580401253788,-195.58981563022056,10,-0.8078870374283973,0.5893373692166207,-0.5893373692166207,-0.8078870374283973,73.73286080078346,-204.1775381937283,7,-0.6148359349708402,0.7886550406030084,-0.7886550406030084,-0.6148359349708402,118.1157403968563,-243.00542763882308,3,0.05390453463600177,-0.9985460936510022,0.9985460936510022,0.05390453463600177,119.07,-247.14,6,-0.7573370820970796,-0.6530241527544608,0.6530241527544608,-0.7573370820970796,122.24605518075325,-305.974335837917,9,-0.9666001020169072,0.25628937313299666,-0.25628937313299666,-0.9666001020169072,45.914050676188566,-371.7926401940391,14,-0.10192445579505,0.9947921417617266,-0.9947921417617266,-0.10192445579505,-86.0558612521798,-336.8014520801911],"userEdges":[]}],"name":"Layer 189"},{"display":[{"slotPose":[1,0,0,1,0,0],"vertices":[-353.34,-163.97,-298.35,-191.66,-292.51,-202.68,-222.08,-233.06,-221.08,-306.71,-184.95,-392.27,-120.15,-468.55,-25.09,-671.98,206.62,-563.1,168.5,-401.06,188.53,-362.81,193.03,-327.72,191.21,-288.64,185.36,-274.69,162.41,-272.22,161.96,-287.29,132.26,-286.16,136.99,-300.12,72.1,-310.41,38.58,-298.48,16.53,-286.55,4.16,-273.28,10.91,-264.28,-16.31,-248.75,-53.79,-191.47,-100.37,-167.62,-162.58,-139.98,-201.16,-139.98,-208.59,-171.44,-283.72,-161.34,-353.34,-152.33,-198.34,-240.61,-170.88,-235.44,-158.51,-211.81,-168.18,-181.66,-184.6,-207.8,-240.18,-188.44,-284.5,-180.57,-316.45,-169.09,-172.2,-287.63,-140.21,-344.92,-94,-400.22,52.13,-412.48,93.22,-383.65,142.59,-325.19,-103.82,-433.08],"uvs":[0,0.95485,0.09819,0.90283,0.10863,0.88211,0.23439,0.82501,0.23619,0.68658,0.30073,0.52577,0.41644,0.38239,0.58623,0,1,0.20474,0.93191,0.50928,0.96766,0.58118,0.9757,0.64716,0.97243,0.7206,0.96199,0.74682,0.921,0.75147,0.9202,0.72313,0.86717,0.72525,0.8756,0.69903,0.75975,0.67968,0.69988,0.7021,0.66051,0.72451,0.63841,0.74947,0.65046,0.76638,0.60185,0.79557,0.53491,0.90322,0.45174,0.94805,0.34063,0.99999,0.27174,1,0.25848,0.94086,0.12431,0.95983,0,0.97675,0.2768,0.81084,0.32582,0.82056,0.34791,0.86497,0.33064,0.92165,0.30132,0.87251,0.20208,0.90889,0.12292,0.92369,0.06587,0.94526,0.32346,0.72244,0.38059,0.61478,0.46312,0.51083,0.72229,0.48423,0.79664,0.54039,0.88552,0.65168,0.4456,0.44907],"width":560,"weights":[1,16,1,1,16,1,1,16,1,2,15,0.14496,16,0.85504,3,13,0.36052,15,0.56908,16,0.07039,2,13,0.99853,15,0.00147,2,5,0.28445,13,0.71555,3,4,0.04793,5,0.95079,13,0.00127,2,4,0.41495,5,0.58505,2,4,0.87462,5,0.12538,2,4,0.98459,5,0.01541,2,4,0.99958,5,0.00042,1,4,1,1,4,1,1,4,1,1,4,1,1,4,1,1,4,1,4,4,0.96021,5,0.02202,13,0.00991,15,0.00786,4,4,0.66201,5,0.19023,13,0.08373,15,0.06403,4,4,0.39332,5,0.26987,13,0.1813,15,0.15551,4,4,0.24806,5,0.24846,13,0.24691,15,0.25658,4,4,0.22332,5,0.23621,13,0.25642,15,0.28405,4,4,0.14218,5,0.18036,13,0.27388,15,0.40359,4,4,0.03648,5,0.05338,13,0.15288,15,0.75726,5,4,0.01221,5,0.01721,13,0.05684,15,0.88161,16,0.03213,5,4,0.00039,5,0.0003,13,0.00034,15,0.44234,16,0.55663,2,15,0.21044,16,0.78956,2,15,0.0611,16,0.9389,1,16,1,1,16,1,2,15,0.38686,16,0.61314,2,15,0.93956,16,0.06044,4,4,0.00091,5,0.00124,13,0.00497,15,0.99288,5,4,0.00046,5,0.00044,13,0.00069,15,0.43189,16,0.56652,1,16,1,1,16,1,1,16,1,1,16,1,3,13,0.07991,15,0.90572,16,0.01436,1,13,1,1,13,1,2,4,0.40285,5,0.59715,2,4,0.91931,5,0.08069,2,4,0.99977,5,0.00023,2,5,0.10935,13,0.89065],"path":"Layer 190","type":"mesh","transform":{},"triangles":[42,9,8,7,42,8,42,43,9,10,44,11,15,12,11,44,15,11,15,13,12,9,44,10,15,14,13,44,17,15,43,44,9,17,16,15,18,17,44,43,18,44,7,6,42,42,19,18,42,18,43,6,45,42,20,19,42,41,20,42,45,41,42,41,40,21,41,21,20,40,23,21,21,23,22,33,24,23,32,33,23,39,32,23,40,39,23,33,25,24,45,5,41,5,40,41,33,34,25,34,26,25,6,5,45,4,39,40,5,4,40,39,31,32,28,27,34,34,27,26,35,34,33,32,35,33,35,28,34,4,31,39,31,35,32,4,3,31,36,28,35,3,36,35,31,3,35,2,36,3,37,29,36,2,37,36,38,30,29,38,29,37,1,38,37,2,1,37,0,38,1,0,30,38,36,29,28],"edges":[0,30,30,29,29,28,28,27,27,26,26,25,25,24,24,23,23,22,22,21,21,20,20,19,19,18,18,17,17,16,16,15,15,14,14,13,13,12,12,11,11,10,10,9,9,8,8,7,7,6,6,5,5,4,4,3,3,2,2,1,1,0],"height":532,"name":"Layer 190","bonePose":[16,-0.9512720190707912,0.3083529564200418,-0.3083529564200418,-0.9512720190707912,-172.64669498140026,-217.1077014337842,15,-0.07915505614505824,0.9968623160129352,-0.9968623160129352,-0.07915505614505824,-162.65006624981294,-293.60644661305366,13,-0.6371549910597287,0.7707356987759664,-0.7707356987759664,-0.6371549910597287,-67.15964773969141,-409.1166057886077,5,-0.9459722326819836,-0.3242476445475943,0.3242476445475943,-0.9459722326819836,38.33975666049692,-373.12407640811654,4,-0.7719575273771964,-0.6356741114169154,0.6356741114169154,-0.7719575273771964,123.34,-303.13],"userEdges":[3,31,31,32,32,33,33,34,6,45]}],"name":"Layer 190"}]}]}],"name":"Urmica","version":"5.0"}