{"width":1024,"SubTexture":[{"frameX":-1,"frameHeight":50,"y":1,"frameY":-1,"frameWidth":587,"width":585,"height":48,"name":"Layer 38","x":436},{"width":82,"y":215,"height":191,"name":"Layer 2 Copy","x":345},{"width":82,"y":184,"height":191,"name":"Layer 2 Copy 3","x":884},{"width":83,"y":292,"height":190,"name":"Layer 2 Copy 2","x":128},{"frameX":-1,"frameHeight":61,"y":150,"frameY":-1,"frameWidth":53,"width":51,"height":59,"name":"Folder 9 Copy 10","x":218},{"frameX":-1,"frameHeight":133,"y":51,"frameY":-1,"frameWidth":157,"width":155,"height":131,"name":"Folder 9 Copy 5","x":744},{"width":149,"y":1,"height":212,"name":"Folder 9 Copy 3","x":285},{"frameX":-1,"frameHeight":149,"y":1,"frameY":-1,"frameWidth":284,"width":282,"height":147,"name":"Layer 39","x":1},{"width":125,"y":215,"height":225,"name":"Folder 9 Copy 13","x":218},{"width":125,"y":292,"height":224,"name":"Folder 9 Copy 12","x":1},{"width":125,"y":51,"height":225,"name":"Folder 9 Copy 11","x":436},{"frameX":-1,"frameHeight":46,"y":132,"frameY":-1,"frameWidth":63,"width":61,"height":44,"name":"Folder 9 Copy 9","x":901},{"frameX":-1,"frameHeight":130,"y":184,"frameY":-1,"frameWidth":140,"width":138,"height":128,"name":"Folder 9 Copy 6","x":744},{"frameX":-1,"frameHeight":81,"y":51,"frameY":-1,"frameWidth":114,"width":112,"height":79,"name":"Folder 9 Copy 7","x":901},{"frameX":-1,"frameHeight":75,"y":269,"frameY":-1,"frameWidth":95,"width":93,"height":73,"name":"Folder 9 Copy 8","x":563},{"frameX":-1,"frameHeight":84,"y":185,"frameY":-1,"frameWidth":137,"width":135,"height":82,"name":"Folder 9 Copy 4","x":563},{"frameX":-1,"frameHeight":134,"y":51,"frameY":-1,"frameWidth":181,"width":179,"height":132,"name":"Folder 9 Copy","x":563},{"frameX":-1,"frameHeight":142,"y":150,"frameY":-1,"frameWidth":217,"width":215,"height":140,"name":"Folder 9 Copy 2","x":1}],"height":1024,"name":"mechascorp","imagePath":"mechascorp_tex.png"}