{"width":1024,"SubTexture":[{"frameY":-1,"y":961,"frameWidth":434,"frameX":-1,"frameHeight":54,"width":432,"height":52,"name":"Layer 2 Copy 16","x":1},{"width":108,"y":650,"height":302,"name":"Layer 2 Copy 15","x":483},{"width":173,"y":650,"height":185,"name":"Layer 2 Copy 14","x":593},{"frameY":-1,"y":347,"frameWidth":254,"frameX":-1,"frameHeight":303,"width":252,"height":301,"name":"Layer 2 Copy 13","x":1},{"width":250,"y":650,"height":245,"name":"Layer 2 Copy 12","x":231},{"width":211,"y":837,"height":128,"name":"Layer 2 Copy 6","x":593},{"width":268,"y":1,"height":344,"name":"Layer 2 Copy 9","x":1},{"frameY":-1,"y":897,"frameWidth":44,"frameX":-1,"frameHeight":86,"width":42,"height":84,"name":"Layer 2 Copy 8","x":435},{"width":228,"y":650,"height":309,"name":"Layer 2 Copy 10","x":1},{"width":119,"y":347,"height":224,"name":"Layer 2 Copy 7","x":768}],"height":1024,"name":"HuangLong","imagePath":"HuangLong_tex.png"}