{"frameRate":30,"isGlobal":0,"armature":[{"defaultActions":[{"gotoAndPlay":"Attack A"}],"animation":[{"duration":40,"frame":[],"slot":[],"bone":[{"frame":[{"duration":10,"transform":{}},{"duration":5,"transform":{}},{"duration":25,"transform":{}},{"duration":0,"transform":{}}],"name":"root"},{"frame":[{"duration":10,"transform":{},"curve":[0.25,0,1,0]},{"duration":5,"transform":{"y":-27.39,"x":138.87},"curve":[0.25,0,0,1]},{"duration":25,"transform":{"y":67.48,"x":-20.08},"curve":[0.25,0,0.75,1]},{"duration":0,"transform":{}}],"name":"mid"},{"frame":[{"duration":10,"transform":{}},{"duration":5,"transform":{},"curve":[0.25,0,0,1]},{"duration":25,"transform":{"skX":-38.96,"skY":-38.96},"curve":[0.25,0,0.75,1]},{"duration":0,"transform":{}}],"name":"mid4"},{"frame":[{"duration":10,"transform":{}},{"duration":5,"transform":{}},{"duration":25,"transform":{}},{"duration":0,"transform":{}}],"name":"mid5"},{"frame":[{"duration":10,"transform":{}},{"duration":5,"transform":{}},{"duration":25,"transform":{}},{"duration":0,"transform":{}}],"name":"mid6"},{"frame":[{"duration":10,"transform":{}},{"duration":5,"transform":{}},{"duration":25,"transform":{}},{"duration":0,"transform":{}}],"name":"mid7"},{"frame":[{"duration":10,"transform":{}},{"duration":5,"transform":{}},{"duration":25,"transform":{}},{"duration":0,"transform":{}}],"name":"mid2"},{"frame":[{"duration":10,"transform":{},"curve":[0.25,0,1,0]},{"duration":5,"transform":{"skX":24.63,"skY":24.63},"curve":[0.25,0,0,1]},{"duration":25,"transform":{"skX":66.89,"skY":66.89},"curve":[0.25,0,0.75,1]},{"duration":0,"transform":{}}],"name":"mid3"},{"frame":[{"duration":10,"transform":{}},{"duration":5,"transform":{},"curve":[0.25,0,0,1]},{"duration":25,"transform":{"y":9.71,"skX":-0.2,"skY":-0.2,"x":-0.92},"curve":[0.25,0,0.75,1]},{"duration":0,"transform":{}}],"name":"head top"},{"frame":[{"duration":10,"transform":{},"curve":[0.25,0,1,0]},{"duration":5,"transform":{"skX":15.36,"skY":15.36},"curve":[0.25,0,0,1]},{"duration":5,"transform":{"skX":-30.17,"skY":-30.17},"curve":[0.265,0,0.618,0.43]},{"duration":20,"transform":{"skX":11.89,"skY":11.89},"curve":[0.351,0.4,0.757,1]},{"duration":0,"transform":{}}],"name":"jaw"},{"frame":[{"duration":10,"transform":{},"curve":[0.25,0,1,0]},{"duration":5,"transform":{"y":1.73,"skX":-9.21,"skY":-9.21,"x":3.46},"curve":[0.25,0,0,1]},{"duration":25,"transform":{"y":1.73,"skX":-17.19,"skY":-17.19,"x":3.46},"curve":[0.25,0,0.75,1]},{"duration":0,"transform":{}}],"name":"mid8"},{"frame":[{"duration":10,"transform":{}},{"duration":5,"transform":{},"curve":[0.25,0,0,1]},{"duration":25,"transform":{"skX":13.21,"skY":13.21},"curve":[0.25,0,0.75,1]},{"duration":0,"transform":{}}],"name":"mid9"},{"frame":[{"duration":10,"transform":{}},{"duration":5,"transform":{},"curve":[0.25,0,0,1]},{"duration":25,"transform":{"skX":30.51,"skY":30.51},"curve":[0.25,0,0.75,1]},{"duration":0,"transform":{}}],"name":"mid10"},{"frame":[{"duration":10,"transform":{},"curve":[0.25,0,1,0]},{"duration":5,"transform":{"y":-64.97,"x":174.54},"curve":[0.25,0,0,1]},{"duration":25,"transform":{"y":-52.8,"scX":1.04,"x":-252.64},"curve":[0.25,0,0.75,1]},{"duration":0,"transform":{}}],"name":"ArmRight"},{"frame":[{"duration":10,"transform":{"skX":-23.48,"skY":-23.48},"curve":[0.25,0,1,0]},{"duration":5,"transform":{"y":0.2,"skX":-57.72,"skY":-57.72,"x":26.08},"curve":[0.25,0,0,1]},{"duration":25,"transform":{"y":0.2,"skX":42.18,"skY":42.18,"x":26.08},"curve":[0.25,0,0.75,1]},{"duration":0,"transform":{"skX":-23.48,"skY":-23.48}}],"name":"arm right"},{"frame":[{"duration":10,"transform":{"skX":35.59,"skY":35.59},"curve":[0.25,0,1,0]},{"duration":5,"transform":{"skX":43.09,"skY":43.09},"curve":[0.25,0,0,1]},{"duration":25,"transform":{"skX":31.35,"skY":31.35},"curve":[0.25,0,0.75,1]},{"duration":0,"transform":{"skX":35.59,"skY":35.59}}],"name":"mid12"},{"frame":[{"duration":10,"transform":{}},{"duration":5,"transform":{},"curve":[0.25,0,0,1]},{"duration":25,"transform":{"scX":1.2,"scY":1.2},"curve":[0.25,0,0.75,1]},{"duration":0,"transform":{}}],"name":"mid13"},{"frame":[{"duration":10,"transform":{},"curve":[0.25,0,1,0]},{"duration":5,"transform":{"y":-24.93,"x":209.32},"curve":[0.25,0,0,1]},{"duration":25,"transform":{"y":62.57,"x":-143.22},"curve":[0.25,0,0.75,1]},{"duration":0,"transform":{}}],"name":"LeftClaw"},{"frame":[{"duration":10,"transform":{"skX":-5.3,"skY":-5.3},"curve":[0.25,0,1,0]},{"duration":5,"transform":{"skX":-65.91,"skY":-65.91},"curve":[0.25,0,0,1]},{"duration":25,"transform":{"skX":8.88,"skY":8.88},"curve":[0.25,0,0.75,1]},{"duration":0,"transform":{"skX":-5.3,"skY":-5.3}}],"name":"mid11"},{"frame":[{"duration":10,"transform":{"skX":0.92,"skY":0.92},"curve":[0.25,0,1,0]},{"duration":5,"transform":{"skX":39.27,"skY":39.27},"curve":[0.25,0,0,1]},{"duration":25,"transform":{"scX":0.74,"skX":-8.55,"scY":0.66,"skY":-8.55},"curve":[0.25,0,0.75,1]},{"duration":0,"transform":{"skX":0.92,"skY":0.92}}],"name":"mid14"},{"frame":[{"duration":10,"transform":{}},{"duration":5,"transform":{}},{"duration":25,"transform":{}},{"duration":0,"transform":{}}],"name":"mid15"},{"frame":[{"duration":10,"transform":{},"curve":[0.25,0,1,0]},{"duration":5,"transform":{"y":21.02,"x":133.13},"curve":[0.25,0,0,1]},{"duration":25,"transform":{"y":-28.4,"x":158.55},"curve":[0.25,0,0.75,1]},{"duration":0,"transform":{}}],"name":"ikback"},{"frame":[{"duration":10,"transform":{"skX":-0.04,"skY":-0.04},"curve":[0.25,0,1,0]},{"duration":5,"transform":{"skX":42.33,"skY":42.33},"curve":[0.25,0,0,1]},{"duration":25,"transform":{"y":-32.71,"skX":20.93,"skY":20.93,"x":56.57},"curve":[0.25,0,0.75,1]},{"duration":0,"transform":{"skX":-0.04,"skY":-0.04}}],"name":"mid16"},{"frame":[{"duration":10,"transform":{},"curve":[0.25,0,1,0]},{"duration":5,"transform":{"skX":-31.37,"skY":-31.37},"curve":[0.25,0,0,1]},{"duration":25,"transform":{"y":20.72,"skX":-31.37,"skY":-31.37,"x":80},"curve":[0.25,0,0.75,1]},{"duration":0,"transform":{}}],"name":"mid17"},{"frame":[{"duration":10,"transform":{},"curve":[0.25,0,1,0]},{"duration":5,"transform":{"skX":5.52,"skY":5.52},"curve":[0.25,0,0,1]},{"duration":25,"transform":{"skX":-60.43,"skY":-60.43},"curve":[0.25,0,0.75,1]},{"duration":0,"transform":{}}],"name":"mid18"},{"frame":[{"duration":10,"transform":{}},{"duration":5,"transform":{},"curve":[0.25,0,0,1]},{"duration":25,"transform":{"skX":-2.89,"skY":-2.89},"curve":[0.25,0,0.75,1]},{"duration":0,"transform":{}}],"name":"mid19"},{"frame":[{"duration":10,"transform":{}},{"duration":5,"transform":{},"curve":[0.25,0,0,1]},{"duration":25,"transform":{"skX":7.62,"skY":7.62},"curve":[0.25,0,0.75,1]},{"duration":0,"transform":{}}],"name":"mid20"},{"frame":[{"duration":10,"transform":{},"curve":[0.25,0,1,0]},{"duration":5,"transform":{"scX":0.9,"x":78.54},"curve":[0.25,0,0,1]},{"duration":25,"transform":{"scX":1.2,"x":-50.96},"curve":[0.25,0,0.75,1]},{"duration":0,"transform":{}}],"name":"shadow"}],"ffd":[],"ik":[],"name":"Attack A"},{"duration":70,"frame":[],"slot":[],"bone":[{"frame":[{"duration":10,"transform":{}},{"duration":5,"transform":{}},{"duration":10,"transform":{}},{"duration":10,"transform":{}},{"duration":10,"transform":{}},{"duration":10,"transform":{}},{"duration":15,"transform":{}},{"duration":0,"transform":{}}],"name":"root"},{"frame":[{"duration":10,"transform":{},"curve":[0.25,0,1,0]},{"duration":5,"transform":{"y":-27.39,"x":138.87},"curve":[0.25,0,0,1]},{"duration":10,"transform":{"y":67.48,"x":-20.08},"curve":[0.25,0,0.75,1]},{"duration":10,"transform":{"y":76.45,"x":-20.08},"curve":[0.25,0,0.75,1]},{"duration":10,"transform":{"y":67.48,"x":-20.08},"curve":[0.25,0,0.75,1]},{"duration":10,"transform":{"y":76.45,"x":-20.08},"curve":[0.25,0,0.75,1]},{"duration":15,"transform":{"y":67.48,"x":-20.08},"curve":[0.25,0,0.75,1]},{"duration":0,"transform":{}}],"name":"mid"},{"frame":[{"duration":10,"transform":{}},{"duration":5,"transform":{},"curve":[0.25,0,0,1]},{"duration":10,"transform":{"skX":-38.96,"skY":-38.96}},{"duration":10,"transform":{"skX":-38.96,"skY":-38.96}},{"duration":10,"transform":{"skX":-38.96,"skY":-38.96}},{"duration":10,"transform":{"skX":-38.96,"skY":-38.96}},{"duration":15,"transform":{"skX":-38.96,"skY":-38.96},"curve":[0.25,0,0.75,1]},{"duration":0,"transform":{}}],"name":"mid4"},{"frame":[{"duration":10,"transform":{}},{"duration":5,"transform":{}},{"duration":10,"transform":{},"curve":[0.25,0,0.75,1]},{"duration":10,"transform":{"y":-8.78,"x":-5.9},"curve":[0.25,0,0.75,1]},{"duration":10,"transform":{},"curve":[0.25,0,0.75,1]},{"duration":10,"transform":{"y":-8.78,"x":-5.9},"curve":[0.25,0,0.75,1]},{"duration":15,"transform":{}},{"duration":0,"transform":{}}],"name":"mid5"},{"frame":[{"duration":10,"transform":{}},{"duration":5,"transform":{}},{"duration":10,"transform":{}},{"duration":10,"transform":{}},{"duration":10,"transform":{}},{"duration":10,"transform":{}},{"duration":15,"transform":{}},{"duration":0,"transform":{}}],"name":"mid6"},{"frame":[{"duration":10,"transform":{}},{"duration":5,"transform":{}},{"duration":10,"transform":{}},{"duration":10,"transform":{}},{"duration":10,"transform":{}},{"duration":10,"transform":{}},{"duration":15,"transform":{}},{"duration":0,"transform":{}}],"name":"mid7"},{"frame":[{"duration":10,"transform":{}},{"duration":5,"transform":{}},{"duration":10,"transform":{}},{"duration":10,"transform":{}},{"duration":10,"transform":{}},{"duration":10,"transform":{}},{"duration":15,"transform":{}},{"duration":0,"transform":{}}],"name":"mid2"},{"frame":[{"duration":10,"transform":{},"curve":[0.25,0,1,0]},{"duration":5,"transform":{"skX":24.63,"skY":24.63},"curve":[0.25,0,0,1]},{"duration":10,"transform":{"skX":66.89,"skY":66.89}},{"duration":10,"transform":{"skX":66.89,"skY":66.89}},{"duration":10,"transform":{"skX":66.89,"skY":66.89}},{"duration":10,"transform":{"skX":66.89,"skY":66.89}},{"duration":15,"transform":{"skX":66.89,"skY":66.89},"curve":[0.25,0,0.75,1]},{"duration":0,"transform":{}}],"name":"mid3"},{"frame":[{"duration":10,"transform":{}},{"duration":5,"transform":{},"curve":[0.25,0,0,1]},{"duration":10,"transform":{"y":9.71,"skX":-0.2,"skY":-0.2,"x":-0.92}},{"duration":10,"transform":{"y":9.71,"skX":-0.2,"skY":-0.2,"x":-0.92}},{"duration":10,"transform":{"y":9.71,"skX":-0.2,"skY":-0.2,"x":-0.92}},{"duration":10,"transform":{"y":9.71,"skX":-0.2,"skY":-0.2,"x":-0.92}},{"duration":15,"transform":{"y":9.71,"skX":-0.2,"skY":-0.2,"x":-0.92},"curve":[0.25,0,0.75,1]},{"duration":0,"transform":{}}],"name":"head top"},{"frame":[{"duration":10,"transform":{},"curve":[0.25,0,1,0]},{"duration":5,"transform":{"skX":15.36,"skY":15.36},"curve":[0.25,0,0,1]},{"duration":10,"transform":{"skX":-30.17,"skY":-30.17},"curve":[0.25,0,0.75,1]},{"duration":10,"transform":{"skX":-16.71,"skY":-16.71},"curve":[0.25,0,0.75,1]},{"duration":10,"transform":{"skX":-30.17,"skY":-30.17},"curve":[0.25,0,0.75,1]},{"duration":10,"transform":{"skX":-16.71,"skY":-16.71},"curve":[0.25,0,0.75,1]},{"duration":15,"transform":{"skX":-30.17,"skY":-30.17},"curve":[0.25,0,0.75,1]},{"duration":0,"transform":{}}],"name":"jaw"},{"frame":[{"duration":10,"transform":{},"curve":[0.25,0,1,0]},{"duration":5,"transform":{"y":1.73,"skX":-9.21,"skY":-9.21,"x":3.46},"curve":[0.25,0,0,1]},{"duration":10,"transform":{"y":1.73,"skX":-17.19,"skY":-17.19,"x":3.46}},{"duration":10,"transform":{"y":1.73,"skX":-17.19,"skY":-17.19,"x":3.46}},{"duration":10,"transform":{"y":1.73,"skX":-17.19,"skY":-17.19,"x":3.46}},{"duration":10,"transform":{"y":1.73,"skX":-17.19,"skY":-17.19,"x":3.46}},{"duration":15,"transform":{"y":1.73,"skX":-17.19,"skY":-17.19,"x":3.46},"curve":[0.25,0,0.75,1]},{"duration":0,"transform":{}}],"name":"mid8"},{"frame":[{"duration":10,"transform":{}},{"duration":5,"transform":{},"curve":[0.25,0,0,1]},{"duration":10,"transform":{"skX":13.21,"skY":13.21}},{"duration":10,"transform":{"skX":13.21,"skY":13.21}},{"duration":10,"transform":{"skX":13.21,"skY":13.21}},{"duration":10,"transform":{"skX":13.21,"skY":13.21}},{"duration":15,"transform":{"skX":13.21,"skY":13.21},"curve":[0.25,0,0.75,1]},{"duration":0,"transform":{}}],"name":"mid9"},{"frame":[{"duration":10,"transform":{}},{"duration":5,"transform":{},"curve":[0.25,0,0,1]},{"duration":10,"transform":{"skX":30.51,"skY":30.51}},{"duration":10,"transform":{"skX":30.51,"skY":30.51}},{"duration":10,"transform":{"skX":30.51,"skY":30.51}},{"duration":10,"transform":{"skX":30.51,"skY":30.51}},{"duration":15,"transform":{"skX":30.51,"skY":30.51},"curve":[0.25,0,0.75,1]},{"duration":0,"transform":{}}],"name":"mid10"},{"frame":[{"duration":10,"transform":{},"curve":[0.25,0,1,0]},{"duration":5,"transform":{"y":-64.97,"x":174.54},"curve":[0.25,0,0,1]},{"duration":10,"transform":{"y":-101.24,"scX":1.04,"x":-243.99},"curve":[0.25,0,0.75,1]},{"duration":10,"transform":{"y":-107.59,"scX":1.04,"x":-261.44},"curve":[0.25,0,0.75,1]},{"duration":10,"transform":{"y":-101.24,"scX":1.04,"x":-243.99},"curve":[0.25,0,0.75,1]},{"duration":10,"transform":{"y":-107.59,"scX":1.04,"x":-261.44},"curve":[0.25,0,0.75,1]},{"duration":15,"transform":{"y":-101.24,"scX":1.04,"x":-243.99},"curve":[0.25,0,0.75,1]},{"duration":0,"transform":{}}],"name":"ArmRight"},{"frame":[{"duration":10,"transform":{"skX":-23.48,"skY":-23.48},"curve":[0.25,0,1,0]},{"duration":5,"transform":{"y":0.2,"skX":-57.72,"skY":-57.72,"x":26.08},"curve":[0.25,0,0,1]},{"duration":10,"transform":{"y":-12.24,"skX":42.18,"skY":42.18,"x":55.45}},{"duration":10,"transform":{"y":-12.24,"skX":42.18,"skY":42.18,"x":55.45}},{"duration":10,"transform":{"y":-12.24,"skX":42.18,"skY":42.18,"x":55.45}},{"duration":10,"transform":{"y":-12.24,"skX":42.18,"skY":42.18,"x":55.45}},{"duration":15,"transform":{"y":-12.24,"skX":42.18,"skY":42.18,"x":55.45},"curve":[0.25,0,0.75,1]},{"duration":0,"transform":{"skX":-23.48,"skY":-23.48}}],"name":"arm right"},{"frame":[{"duration":10,"transform":{"skX":35.59,"skY":35.59},"curve":[0.25,0,1,0]},{"duration":5,"transform":{"skX":43.09,"skY":43.09},"curve":[0.25,0,0,1]},{"duration":10,"transform":{"skX":31.35,"skY":31.35}},{"duration":10,"transform":{"skX":31.35,"skY":31.35}},{"duration":10,"transform":{"skX":31.35,"skY":31.35}},{"duration":10,"transform":{"skX":31.35,"skY":31.35}},{"duration":15,"transform":{"skX":31.35,"skY":31.35},"curve":[0.25,0,0.75,1]},{"duration":0,"transform":{"skX":35.59,"skY":35.59}}],"name":"mid12"},{"frame":[{"duration":10,"transform":{}},{"duration":5,"transform":{},"curve":[0.25,0,0,1]},{"duration":10,"transform":{"scX":1.2,"scY":1.2}},{"duration":10,"transform":{"scX":1.2,"scY":1.2}},{"duration":10,"transform":{"scX":1.2,"scY":1.2}},{"duration":10,"transform":{"scX":1.2,"scY":1.2}},{"duration":15,"transform":{"scX":1.2,"scY":1.2},"curve":[0.25,0,0.75,1]},{"duration":0,"transform":{}}],"name":"mid13"},{"frame":[{"duration":10,"transform":{},"curve":[0.25,0,1,0]},{"duration":5,"transform":{"y":-24.93,"x":209.32},"curve":[0.25,0,0,1]},{"duration":10,"transform":{"y":62.57,"x":-143.22}},{"duration":10,"transform":{"y":62.57,"x":-143.22}},{"duration":10,"transform":{"y":62.57,"x":-143.22}},{"duration":10,"transform":{"y":62.57,"x":-143.22}},{"duration":15,"transform":{"y":62.57,"x":-143.22},"curve":[0.25,0,0.75,1]},{"duration":0,"transform":{}}],"name":"LeftClaw"},{"frame":[{"duration":10,"transform":{"skX":-5.3,"skY":-5.3},"curve":[0.25,0,1,0]},{"duration":5,"transform":{"skX":-65.91,"skY":-65.91},"curve":[0.25,0,0,1]},{"duration":10,"transform":{"skX":8.88,"skY":8.88}},{"duration":10,"transform":{"skX":8.88,"skY":8.88}},{"duration":10,"transform":{"skX":8.88,"skY":8.88}},{"duration":10,"transform":{"skX":8.88,"skY":8.88}},{"duration":15,"transform":{"skX":8.88,"skY":8.88},"curve":[0.25,0,0.75,1]},{"duration":0,"transform":{"skX":-5.3,"skY":-5.3}}],"name":"mid11"},{"frame":[{"duration":10,"transform":{"skX":0.92,"skY":0.92},"curve":[0.25,0,1,0]},{"duration":5,"transform":{"skX":39.27,"skY":39.27},"curve":[0.25,0,0,1]},{"duration":10,"transform":{"scX":0.74,"skX":-8.55,"scY":0.66,"skY":-8.55}},{"duration":10,"transform":{"scX":0.74,"skX":-8.55,"scY":0.66,"skY":-8.55}},{"duration":10,"transform":{"scX":0.74,"skX":-8.55,"scY":0.66,"skY":-8.55}},{"duration":10,"transform":{"scX":0.74,"skX":-8.55,"scY":0.66,"skY":-8.55}},{"duration":15,"transform":{"scX":0.74,"skX":-8.55,"scY":0.66,"skY":-8.55},"curve":[0.25,0,0.75,1]},{"duration":0,"transform":{"skX":0.92,"skY":0.92}}],"name":"mid14"},{"frame":[{"duration":10,"transform":{}},{"duration":5,"transform":{}},{"duration":10,"transform":{}},{"duration":10,"transform":{}},{"duration":10,"transform":{}},{"duration":10,"transform":{}},{"duration":15,"transform":{}},{"duration":0,"transform":{}}],"name":"mid15"},{"frame":[{"duration":10,"transform":{},"curve":[0.25,0,1,0]},{"duration":5,"transform":{"y":21.02,"x":133.13},"curve":[0.25,0,0,1]},{"duration":10,"transform":{"y":-28.4,"x":158.55}},{"duration":10,"transform":{"y":-28.4,"x":158.55}},{"duration":10,"transform":{"y":-28.4,"x":158.55}},{"duration":10,"transform":{"y":-28.4,"x":158.55}},{"duration":15,"transform":{"y":-28.4,"x":158.55},"curve":[0.25,0,0.75,1]},{"duration":0,"transform":{}}],"name":"ikback"},{"frame":[{"duration":10,"transform":{"skX":-0.04,"skY":-0.04},"curve":[0.25,0,1,0]},{"duration":5,"transform":{"skX":42.33,"skY":42.33},"curve":[0.25,0,0,1]},{"duration":10,"transform":{"y":-32.71,"skX":20.93,"skY":20.93,"x":56.57},"curve":[0.25,0,0.75,1]},{"duration":10,"transform":{"y":-17.42,"skX":20.93,"skY":20.93,"x":55.35},"curve":[0.25,0,0.75,1]},{"duration":10,"transform":{"y":-32.71,"skX":20.93,"skY":20.93,"x":56.57},"curve":[0.25,0,0.75,1]},{"duration":10,"transform":{"y":-17.42,"skX":20.93,"skY":20.93,"x":55.35},"curve":[0.25,0,0.75,1]},{"duration":15,"transform":{"y":-32.71,"skX":20.93,"skY":20.93,"x":56.57},"curve":[0.25,0,0.75,1]},{"duration":0,"transform":{"skX":-0.04,"skY":-0.04}}],"name":"mid16"},{"frame":[{"duration":10,"transform":{},"curve":[0.25,0,1,0]},{"duration":5,"transform":{"skX":-31.37,"skY":-31.37},"curve":[0.25,0,0,1]},{"duration":10,"transform":{"y":20.72,"skX":-31.37,"skY":-31.37,"x":80},"curve":[0.25,0,0.75,1]},{"duration":10,"transform":{"y":20.72,"skX":-24.27,"skY":-24.27,"x":80},"curve":[0.25,0,0.75,1]},{"duration":10,"transform":{"y":20.72,"skX":-31.37,"skY":-31.37,"x":80},"curve":[0.25,0,0.75,1]},{"duration":10,"transform":{"y":20.72,"skX":-24.27,"skY":-24.27,"x":80},"curve":[0.25,0,0.75,1]},{"duration":15,"transform":{"y":20.72,"skX":-31.37,"skY":-31.37,"x":80},"curve":[0.25,0,0.75,1]},{"duration":0,"transform":{}}],"name":"mid17"},{"frame":[{"duration":10,"transform":{},"curve":[0.25,0,1,0]},{"duration":5,"transform":{"skX":5.52,"skY":5.52},"curve":[0.25,0,0,1]},{"duration":10,"transform":{"skX":-60.43,"skY":-60.43},"curve":[0.25,0,0.75,1]},{"duration":10,"transform":{"skX":-69.18,"skY":-69.18},"curve":[0.25,0,0.75,1]},{"duration":10,"transform":{"skX":-60.43,"skY":-60.43},"curve":[0.25,0,0.75,1]},{"duration":10,"transform":{"skX":-69.18,"skY":-69.18},"curve":[0.25,0,0.75,1]},{"duration":15,"transform":{"skX":-60.43,"skY":-60.43},"curve":[0.25,0,0.75,1]},{"duration":0,"transform":{}}],"name":"mid18"},{"frame":[{"duration":10,"transform":{}},{"duration":5,"transform":{},"curve":[0.25,0,0,1]},{"duration":10,"transform":{"skX":-2.89,"skY":-2.89}},{"duration":10,"transform":{"skX":-2.89,"skY":-2.89}},{"duration":10,"transform":{"skX":-2.89,"skY":-2.89}},{"duration":10,"transform":{"skX":-2.89,"skY":-2.89}},{"duration":15,"transform":{"skX":-2.89,"skY":-2.89},"curve":[0.25,0,0.75,1]},{"duration":0,"transform":{}}],"name":"mid19"},{"frame":[{"duration":10,"transform":{}},{"duration":5,"transform":{},"curve":[0.25,0,0,1]},{"duration":10,"transform":{"skX":7.62,"skY":7.62}},{"duration":10,"transform":{"skX":7.62,"skY":7.62}},{"duration":10,"transform":{"skX":7.62,"skY":7.62}},{"duration":10,"transform":{"skX":7.62,"skY":7.62}},{"duration":15,"transform":{"skX":7.62,"skY":7.62},"curve":[0.25,0,0.75,1]},{"duration":0,"transform":{}}],"name":"mid20"},{"frame":[{"duration":10,"transform":{},"curve":[0.25,0,1,0]},{"duration":5,"transform":{"scX":0.9,"x":78.54},"curve":[0.25,0,0,1]},{"duration":10,"transform":{"scX":1.2,"x":-50.96},"curve":[0.25,0,0.75,1]},{"duration":10,"transform":{"scX":1.36,"x":-50.96},"curve":[0.25,0,0.75,1]},{"duration":10,"transform":{"scX":1.2,"x":-50.96},"curve":[0.25,0,0.75,1]},{"duration":10,"transform":{"scX":1.36,"x":-50.96},"curve":[0.25,0,0.75,1]},{"duration":15,"transform":{"scX":1.2,"x":-50.96},"curve":[0.25,0,0.75,1]},{"duration":0,"transform":{}}],"name":"shadow"}],"ffd":[],"ik":[],"name":"Attack B"},{"duration":40,"frame":[],"slot":[],"bone":[{"frame":[{"duration":10,"transform":{}},{"duration":5,"transform":{}},{"duration":25,"transform":{}},{"duration":0,"transform":{}}],"name":"root"},{"frame":[{"duration":10,"transform":{},"curve":[0.25,0,1,0]},{"duration":5,"transform":{"y":-27.39,"x":138.87},"curve":[0.25,0,0,1]},{"duration":25,"transform":{"y":67.48,"x":-20.08},"curve":[0.25,0,0.75,1]},{"duration":0,"transform":{}}],"name":"mid"},{"frame":[{"duration":10,"transform":{}},{"duration":5,"transform":{},"curve":[0.25,0,0,1]},{"duration":25,"transform":{"skX":-38.96,"skY":-38.96},"curve":[0.25,0,0.75,1]},{"duration":0,"transform":{}}],"name":"mid4"},{"frame":[{"duration":10,"transform":{}},{"duration":5,"transform":{}},{"duration":25,"transform":{}},{"duration":0,"transform":{}}],"name":"mid5"},{"frame":[{"duration":10,"transform":{}},{"duration":5,"transform":{}},{"duration":25,"transform":{}},{"duration":0,"transform":{}}],"name":"mid6"},{"frame":[{"duration":10,"transform":{}},{"duration":5,"transform":{}},{"duration":25,"transform":{}},{"duration":0,"transform":{}}],"name":"mid7"},{"frame":[{"duration":10,"transform":{}},{"duration":5,"transform":{}},{"duration":25,"transform":{}},{"duration":0,"transform":{}}],"name":"mid2"},{"frame":[{"duration":10,"transform":{},"curve":[0.25,0,1,0]},{"duration":5,"transform":{"skX":24.63,"skY":24.63},"curve":[0.25,0,0,1]},{"duration":25,"transform":{"skX":66.89,"skY":66.89},"curve":[0.25,0,0.75,1]},{"duration":0,"transform":{}}],"name":"mid3"},{"frame":[{"duration":10,"transform":{}},{"duration":5,"transform":{},"curve":[0.25,0,0,1]},{"duration":25,"transform":{"y":9.71,"skX":-0.2,"skY":-0.2,"x":-0.92},"curve":[0.25,0,0.75,1]},{"duration":0,"transform":{}}],"name":"head top"},{"frame":[{"duration":10,"transform":{},"curve":[0.25,0,1,0]},{"duration":5,"transform":{"skX":15.36,"skY":15.36},"curve":[0.25,0,0,1]},{"duration":5,"transform":{"skX":-30.17,"skY":-30.17},"curve":[0.265,0,0.618,0.43]},{"duration":20,"transform":{"skX":11.89,"skY":11.89},"curve":[0.351,0.4,0.757,1]},{"duration":0,"transform":{}}],"name":"jaw"},{"frame":[{"duration":10,"transform":{},"curve":[0.25,0,1,0]},{"duration":5,"transform":{"y":1.73,"skX":-9.21,"skY":-9.21,"x":3.46},"curve":[0.25,0,0,1]},{"duration":25,"transform":{"y":1.73,"skX":-17.19,"skY":-17.19,"x":3.46},"curve":[0.25,0,0.75,1]},{"duration":0,"transform":{}}],"name":"mid8"},{"frame":[{"duration":10,"transform":{}},{"duration":5,"transform":{},"curve":[0.25,0,0,1]},{"duration":25,"transform":{"skX":13.21,"skY":13.21},"curve":[0.25,0,0.75,1]},{"duration":0,"transform":{}}],"name":"mid9"},{"frame":[{"duration":10,"transform":{}},{"duration":5,"transform":{},"curve":[0.25,0,0,1]},{"duration":25,"transform":{"skX":30.51,"skY":30.51},"curve":[0.25,0,0.75,1]},{"duration":0,"transform":{}}],"name":"mid10"},{"frame":[{"duration":10,"transform":{},"curve":[0.25,0,1,0]},{"duration":5,"transform":{"y":-64.97,"x":174.54},"curve":[0.25,0,0,1]},{"duration":25,"transform":{"y":-57.05,"scX":1.04,"x":-216.13},"curve":[0.25,0,0.75,1]},{"duration":0,"transform":{}}],"name":"ArmRight"},{"frame":[{"duration":10,"transform":{"skX":-23.48,"skY":-23.48},"curve":[0.25,0,1,0]},{"duration":5,"transform":{"y":0.2,"skX":-57.72,"skY":-57.72,"x":26.08},"curve":[0.25,0,0,1]},{"duration":25,"transform":{"y":0.2,"skX":42.18,"skY":42.18,"x":26.08},"curve":[0.25,0,0.75,1]},{"duration":0,"transform":{"skX":-23.48,"skY":-23.48}}],"name":"arm right"},{"frame":[{"duration":10,"transform":{"skX":35.59,"skY":35.59},"curve":[0.25,0,1,0]},{"duration":5,"transform":{"skX":43.09,"skY":43.09},"curve":[0.25,0,0,1]},{"duration":25,"transform":{"skX":31.35,"skY":31.35},"curve":[0.25,0,0.75,1]},{"duration":0,"transform":{"skX":35.59,"skY":35.59}}],"name":"mid12"},{"frame":[{"duration":10,"transform":{}},{"duration":5,"transform":{},"curve":[0.25,0,0,1]},{"duration":25,"transform":{"scX":1.2,"scY":1.2},"curve":[0.25,0,0.75,1]},{"duration":0,"transform":{}}],"name":"mid13"},{"frame":[{"duration":10,"transform":{},"curve":[0.25,0,1,0]},{"duration":5,"transform":{"y":-171.81,"x":143.94},"curve":[0.25,0,0,1]},{"duration":25,"transform":{"y":154.26,"x":-251.89},"curve":[0.25,0,0.75,1]},{"duration":0,"transform":{}}],"name":"LeftClaw"},{"frame":[{"duration":10,"transform":{"skX":-5.3,"skY":-5.3},"curve":[0.25,0,1,0]},{"duration":5,"transform":{"skX":-65.91,"skY":-65.91},"curve":[0.25,0,0,1]},{"duration":25,"transform":{"y":-62.82,"scX":1.36,"skX":8.88,"scY":1.32,"skY":8.88,"x":64.69},"curve":[0.25,0,0.75,1]},{"duration":0,"transform":{"skX":-5.3,"skY":-5.3}}],"name":"mid11"},{"frame":[{"duration":10,"transform":{"skX":0.92,"skY":0.92},"curve":[0.25,0,1,0]},{"duration":5,"transform":{"skX":39.27,"skY":39.27},"curve":[0.25,0,0,1]},{"duration":25,"transform":{"scX":0.74,"skX":-8.55,"scY":0.66,"skY":-8.55},"curve":[0.25,0,0.75,1]},{"duration":0,"transform":{"skX":0.92,"skY":0.92}}],"name":"mid14"},{"frame":[{"duration":10,"transform":{}},{"duration":5,"transform":{}},{"duration":25,"transform":{}},{"duration":0,"transform":{}}],"name":"mid15"},{"frame":[{"duration":10,"transform":{},"curve":[0.25,0,1,0]},{"duration":5,"transform":{"y":21.02,"x":133.13},"curve":[0.25,0,0,1]},{"duration":25,"transform":{"y":-28.4,"x":158.55},"curve":[0.25,0,0.75,1]},{"duration":0,"transform":{}}],"name":"ikback"},{"frame":[{"duration":10,"transform":{"skX":-0.04,"skY":-0.04},"curve":[0.25,0,1,0]},{"duration":5,"transform":{"skX":42.33,"skY":42.33},"curve":[0.25,0,0,1]},{"duration":25,"transform":{"y":-32.71,"skX":20.93,"skY":20.93,"x":56.57},"curve":[0.25,0,0.75,1]},{"duration":0,"transform":{"skX":-0.04,"skY":-0.04}}],"name":"mid16"},{"frame":[{"duration":10,"transform":{},"curve":[0.25,0,1,0]},{"duration":5,"transform":{"skX":-31.37,"skY":-31.37},"curve":[0.25,0,0,1]},{"duration":25,"transform":{"y":20.72,"skX":-31.37,"skY":-31.37,"x":80},"curve":[0.25,0,0.75,1]},{"duration":0,"transform":{}}],"name":"mid17"},{"frame":[{"duration":10,"transform":{},"curve":[0.25,0,1,0]},{"duration":5,"transform":{"skX":5.52,"skY":5.52},"curve":[0.25,0,0,1]},{"duration":25,"transform":{"skX":-60.43,"skY":-60.43},"curve":[0.25,0,0.75,1]},{"duration":0,"transform":{}}],"name":"mid18"},{"frame":[{"duration":10,"transform":{}},{"duration":5,"transform":{},"curve":[0.25,0,0,1]},{"duration":25,"transform":{"skX":-2.89,"skY":-2.89},"curve":[0.25,0,0.75,1]},{"duration":0,"transform":{}}],"name":"mid19"},{"frame":[{"duration":10,"transform":{}},{"duration":5,"transform":{},"curve":[0.25,0,0,1]},{"duration":25,"transform":{"skX":7.62,"skY":7.62},"curve":[0.25,0,0.75,1]},{"duration":0,"transform":{}}],"name":"mid20"},{"frame":[{"duration":10,"transform":{},"curve":[0.25,0,1,0]},{"duration":5,"transform":{"scX":0.9,"x":78.54},"curve":[0.25,0,0,1]},{"duration":25,"transform":{"scX":1.2,"x":-50.96},"curve":[0.25,0,0.75,1]},{"duration":0,"transform":{}}],"name":"shadow"}],"ffd":[],"ik":[],"name":"Attack C"},{"duration":40,"frame":[],"slot":[],"bone":[{"frame":[{"duration":10,"transform":{}},{"duration":4,"transform":{}},{"duration":26,"transform":{}},{"duration":0,"transform":{}}],"name":"root"},{"frame":[{"duration":10,"transform":{},"curve":[0.25,0,1,0]},{"duration":4,"transform":{"y":-27.39,"x":138.87},"curve":[0.25,0,0,1]},{"duration":26,"transform":{"y":67.48,"x":-20.08},"curve":[0.25,0,0.75,1]},{"duration":0,"transform":{}}],"name":"mid"},{"frame":[{"duration":10,"transform":{}},{"duration":4,"transform":{},"curve":[0.25,0,0,1]},{"duration":26,"transform":{"skX":-38.96,"skY":-38.96},"curve":[0.25,0,0.75,1]},{"duration":0,"transform":{}}],"name":"mid4"},{"frame":[{"duration":10,"transform":{}},{"duration":4,"transform":{}},{"duration":26,"transform":{}},{"duration":0,"transform":{}}],"name":"mid5"},{"frame":[{"duration":10,"transform":{}},{"duration":4,"transform":{}},{"duration":26,"transform":{}},{"duration":0,"transform":{}}],"name":"mid6"},{"frame":[{"duration":10,"transform":{}},{"duration":4,"transform":{}},{"duration":26,"transform":{}},{"duration":0,"transform":{}}],"name":"mid7"},{"frame":[{"duration":10,"transform":{}},{"duration":4,"transform":{}},{"duration":26,"transform":{}},{"duration":0,"transform":{}}],"name":"mid2"},{"frame":[{"duration":10,"transform":{},"curve":[0.25,0,1,0]},{"duration":4,"transform":{"skX":24.63,"skY":24.63},"curve":[0.25,0,0,1]},{"duration":26,"transform":{"skX":66.89,"skY":66.89},"curve":[0.25,0,0.75,1]},{"duration":0,"transform":{}}],"name":"mid3"},{"frame":[{"duration":10,"transform":{}},{"duration":4,"transform":{},"curve":[0.25,0,0,1]},{"duration":26,"transform":{"y":9.71,"skX":-0.2,"skY":-0.2,"x":-0.92},"curve":[0.25,0,0.75,1]},{"duration":0,"transform":{}}],"name":"head top"},{"frame":[{"duration":10,"transform":{},"curve":[0.25,0,1,0]},{"duration":4,"transform":{"skX":15.36,"skY":15.36},"curve":[0.25,0,0,1]},{"duration":6,"transform":{"skX":-30.17,"skY":-30.17},"curve":[0.25,0,0.75,1]},{"duration":20,"transform":{"skX":11.89,"skY":11.89},"curve":[0.25,0,0.75,1]},{"duration":0,"transform":{}}],"name":"jaw"},{"frame":[{"duration":10,"transform":{},"curve":[0.25,0,1,0]},{"duration":4,"transform":{"y":1.73,"skX":-9.21,"skY":-9.21,"x":3.46},"curve":[0.25,0,0,1]},{"duration":26,"transform":{"y":1.73,"skX":-17.19,"skY":-17.19,"x":3.46},"curve":[0.25,0,0.75,1]},{"duration":0,"transform":{}}],"name":"mid8"},{"frame":[{"duration":10,"transform":{}},{"duration":4,"transform":{},"curve":[0.25,0,0,1]},{"duration":26,"transform":{"skX":13.21,"skY":13.21},"curve":[0.25,0,0.75,1]},{"duration":0,"transform":{}}],"name":"mid9"},{"frame":[{"duration":10,"transform":{}},{"duration":4,"transform":{},"curve":[0.25,0,0,1]},{"duration":26,"transform":{"skX":30.51,"skY":30.51},"curve":[0.25,0,0.75,1]},{"duration":0,"transform":{}}],"name":"mid10"},{"frame":[{"duration":10,"transform":{},"curve":[0.25,0,1,0]},{"duration":4,"transform":{"y":-136.29,"x":123.36},"curve":[0.25,0,0,1]},{"duration":26,"transform":{"y":-31.04,"scX":1.14,"x":-476.22},"curve":[0.25,0,0.75,1]},{"duration":0,"transform":{}}],"name":"ArmRight"},{"frame":[{"duration":10,"transform":{"skX":-23.48,"skY":-23.48},"curve":[0.25,0,1,0]},{"duration":4,"transform":{"y":0.2,"skX":-57.72,"skY":-57.72,"x":26.08},"curve":[0.25,0,0,1]},{"duration":26,"transform":{"y":-56.64,"skX":42.18,"skY":42.18,"x":49.43},"curve":[0.25,0,0.75,1]},{"duration":0,"transform":{"skX":-23.48,"skY":-23.48}}],"name":"arm right"},{"frame":[{"duration":10,"transform":{"skX":35.59,"skY":35.59},"curve":[0.25,0,1,0]},{"duration":4,"transform":{"skX":43.09,"skY":43.09},"curve":[0.25,0,0,1]},{"duration":26,"transform":{"y":11.38,"skX":31.35,"skY":31.35,"x":53.36},"curve":[0.25,0,0.75,1]},{"duration":0,"transform":{"skX":35.59,"skY":35.59}}],"name":"mid12"},{"frame":[{"duration":10,"transform":{}},{"duration":4,"transform":{},"curve":[0.25,0,0,1]},{"duration":26,"transform":{"scX":1.2,"scY":1.2},"curve":[0.25,0,0.75,1]},{"duration":0,"transform":{}}],"name":"mid13"},{"frame":[{"duration":10,"transform":{},"curve":[0.25,0,1,0]},{"duration":4,"transform":{"y":-24.14,"x":195.12},"curve":[0.25,0,0,1]},{"duration":26,"transform":{"y":35.96,"x":-156.25},"curve":[0.25,0,0.75,1]},{"duration":0,"transform":{}}],"name":"LeftClaw"},{"frame":[{"duration":10,"transform":{"skX":-5.3,"skY":-5.3},"curve":[0.25,0,1,0]},{"duration":4,"transform":{"skX":-65.91,"skY":-65.91},"curve":[0.25,0,0,1]},{"duration":26,"transform":{"y":-62.82,"scX":1.36,"skX":8.88,"scY":1.32,"skY":8.88,"x":64.69},"curve":[0.25,0,0.75,1]},{"duration":0,"transform":{"skX":-5.3,"skY":-5.3}}],"name":"mid11"},{"frame":[{"duration":10,"transform":{"skX":0.92,"skY":0.92},"curve":[0.25,0,1,0]},{"duration":4,"transform":{"skX":39.27,"skY":39.27},"curve":[0.25,0,0,1]},{"duration":26,"transform":{"scX":0.74,"skX":-8.55,"scY":0.66,"skY":-8.55},"curve":[0.25,0,0.75,1]},{"duration":0,"transform":{"skX":0.92,"skY":0.92}}],"name":"mid14"},{"frame":[{"duration":10,"transform":{}},{"duration":4,"transform":{}},{"duration":26,"transform":{}},{"duration":0,"transform":{}}],"name":"mid15"},{"frame":[{"duration":10,"transform":{},"curve":[0.25,0,1,0]},{"duration":4,"transform":{"y":21.02,"x":133.13},"curve":[0.25,0,0,1]},{"duration":26,"transform":{"y":-28.4,"x":158.55},"curve":[0.25,0,0.75,1]},{"duration":0,"transform":{}}],"name":"ikback"},{"frame":[{"duration":10,"transform":{"skX":-0.04,"skY":-0.04},"curve":[0.25,0,1,0]},{"duration":4,"transform":{"skX":42.33,"skY":42.33},"curve":[0.25,0,0,1]},{"duration":26,"transform":{"y":-32.71,"skX":20.93,"skY":20.93,"x":56.57},"curve":[0.25,0,0.75,1]},{"duration":0,"transform":{"skX":-0.04,"skY":-0.04}}],"name":"mid16"},{"frame":[{"duration":10,"transform":{},"curve":[0.25,0,1,0]},{"duration":4,"transform":{"skX":-31.37,"skY":-31.37},"curve":[0.25,0,0,1]},{"duration":26,"transform":{"y":20.72,"skX":-31.37,"skY":-31.37,"x":80},"curve":[0.25,0,0.75,1]},{"duration":0,"transform":{}}],"name":"mid17"},{"frame":[{"duration":10,"transform":{},"curve":[0.25,0,1,0]},{"duration":4,"transform":{"skX":5.52,"skY":5.52},"curve":[0.25,0,0,1]},{"duration":26,"transform":{"skX":-60.43,"skY":-60.43},"curve":[0.25,0,0.75,1]},{"duration":0,"transform":{}}],"name":"mid18"},{"frame":[{"duration":10,"transform":{}},{"duration":4,"transform":{},"curve":[0.25,0,0,1]},{"duration":26,"transform":{"skX":-2.89,"skY":-2.89},"curve":[0.25,0,0.75,1]},{"duration":0,"transform":{}}],"name":"mid19"},{"frame":[{"duration":10,"transform":{}},{"duration":4,"transform":{},"curve":[0.25,0,0,1]},{"duration":26,"transform":{"skX":7.62,"skY":7.62},"curve":[0.25,0,0.75,1]},{"duration":0,"transform":{}}],"name":"mid20"},{"frame":[{"duration":10,"transform":{},"curve":[0.25,0,1,0]},{"duration":4,"transform":{"scX":0.9,"x":78.54},"curve":[0.25,0,0,1]},{"duration":26,"transform":{"scX":1.2,"x":-50.96},"curve":[0.25,0,0.75,1]},{"duration":0,"transform":{}}],"name":"shadow"}],"ffd":[],"ik":[],"name":"Attack D"},{"duration":40,"frame":[],"slot":[],"bone":[{"frame":[{"duration":10,"transform":{}},{"duration":5,"transform":{}},{"duration":25,"transform":{}},{"duration":0,"transform":{}}],"name":"root"},{"frame":[{"duration":10,"transform":{},"curve":[0.25,0,1,0]},{"duration":5,"transform":{"y":-27.39,"x":138.87},"curve":[0.25,0,0,1]},{"duration":25,"transform":{"y":67.48,"x":-20.08},"curve":[0.25,0,0.75,1]},{"duration":0,"transform":{}}],"name":"mid"},{"frame":[{"duration":10,"transform":{}},{"duration":5,"transform":{},"curve":[0.25,0,0,1]},{"duration":25,"transform":{"skX":-38.96,"skY":-38.96},"curve":[0.25,0,0.75,1]},{"duration":0,"transform":{}}],"name":"mid4"},{"frame":[{"duration":10,"transform":{}},{"duration":5,"transform":{}},{"duration":25,"transform":{}},{"duration":0,"transform":{}}],"name":"mid5"},{"frame":[{"duration":10,"transform":{}},{"duration":5,"transform":{}},{"duration":25,"transform":{}},{"duration":0,"transform":{}}],"name":"mid6"},{"frame":[{"duration":10,"transform":{}},{"duration":5,"transform":{}},{"duration":25,"transform":{}},{"duration":0,"transform":{}}],"name":"mid7"},{"frame":[{"duration":10,"transform":{}},{"duration":5,"transform":{}},{"duration":25,"transform":{}},{"duration":0,"transform":{}}],"name":"mid2"},{"frame":[{"duration":10,"transform":{},"curve":[0.25,0,1,0]},{"duration":5,"transform":{"skX":24.63,"skY":24.63},"curve":[0.25,0,0,1]},{"duration":25,"transform":{"skX":66.89,"skY":66.89},"curve":[0.25,0,0.75,1]},{"duration":0,"transform":{}}],"name":"mid3"},{"frame":[{"duration":10,"transform":{}},{"duration":5,"transform":{},"curve":[0.25,0,0,1]},{"duration":25,"transform":{"y":9.71,"skX":-0.2,"skY":-0.2,"x":-0.92},"curve":[0.25,0,0.75,1]},{"duration":0,"transform":{}}],"name":"head top"},{"frame":[{"duration":10,"transform":{},"curve":[0.25,0,1,0]},{"duration":5,"transform":{"skX":15.36,"skY":15.36},"curve":[0.25,0,0,1]},{"duration":10,"transform":{"skX":-30.17,"skY":-30.17},"curve":[0.25,0,0.75,1]},{"duration":15,"transform":{"skX":11.89,"skY":11.89},"curve":[0.351,0.4,0.757,1]},{"duration":0,"transform":{}}],"name":"jaw"},{"frame":[{"duration":10,"transform":{},"curve":[0.25,0,1,0]},{"duration":5,"transform":{"y":1.73,"skX":-9.21,"skY":-9.21,"x":3.46},"curve":[0.25,0,0,1]},{"duration":25,"transform":{"y":1.73,"skX":-17.19,"skY":-17.19,"x":3.46},"curve":[0.25,0,0.75,1]},{"duration":0,"transform":{}}],"name":"mid8"},{"frame":[{"duration":10,"transform":{}},{"duration":5,"transform":{},"curve":[0.25,0,0,1]},{"duration":25,"transform":{"skX":13.21,"skY":13.21},"curve":[0.25,0,0.75,1]},{"duration":0,"transform":{}}],"name":"mid9"},{"frame":[{"duration":10,"transform":{}},{"duration":5,"transform":{},"curve":[0.25,0,0,1]},{"duration":25,"transform":{"skX":30.51,"skY":30.51},"curve":[0.25,0,0.75,1]},{"duration":0,"transform":{}}],"name":"mid10"},{"frame":[{"duration":10,"transform":{},"curve":[0.25,0,1,0]},{"duration":5,"transform":{"y":-282.64,"x":43.64},"curve":[0.25,0,0,1]},{"duration":25,"transform":{"y":31.81,"scX":1.04,"x":-190.63},"curve":[0.25,0,0.75,1]},{"duration":0,"transform":{}}],"name":"ArmRight"},{"frame":[{"duration":10,"transform":{"skX":-23.48,"skY":-23.48},"curve":[0.25,0,1,0]},{"duration":5,"transform":{"y":0.2,"skX":-57.72,"skY":-57.72,"x":26.08},"curve":[0.25,0,0,1]},{"duration":25,"transform":{"y":0.2,"skX":42.18,"skY":42.18,"x":26.08},"curve":[0.25,0,0.75,1]},{"duration":0,"transform":{"skX":-23.48,"skY":-23.48}}],"name":"arm right"},{"frame":[{"duration":10,"transform":{"skX":35.59,"skY":35.59},"curve":[0.25,0,1,0]},{"duration":5,"transform":{"skX":43.09,"skY":43.09},"curve":[0.25,0,0,1]},{"duration":25,"transform":{"y":1.1,"skX":31.35,"skY":31.35,"x":17.7},"curve":[0.25,0,0.75,1]},{"duration":0,"transform":{"skX":35.59,"skY":35.59}}],"name":"mid12"},{"frame":[{"duration":10,"transform":{}},{"duration":5,"transform":{},"curve":[0.25,0,0,1]},{"duration":25,"transform":{"scX":1.2,"scY":1.2},"curve":[0.25,0,0.75,1]},{"duration":0,"transform":{}}],"name":"mid13"},{"frame":[{"duration":10,"transform":{},"curve":[0.25,0,1,0]},{"duration":5,"transform":{"y":-171.81,"x":143.94},"curve":[0.25,0,0,1]},{"duration":25,"transform":{"y":134.07,"x":-246.68},"curve":[0.25,0,0.75,1]},{"duration":0,"transform":{}}],"name":"LeftClaw"},{"frame":[{"duration":10,"transform":{"skX":-5.3,"skY":-5.3},"curve":[0.25,0,1,0]},{"duration":5,"transform":{"skX":-65.91,"skY":-65.91},"curve":[0.25,0,0,1]},{"duration":25,"transform":{"y":-62.82,"scX":1.36,"skX":8.88,"scY":1.32,"skY":8.88,"x":64.69},"curve":[0.25,0,0.75,1]},{"duration":0,"transform":{"skX":-5.3,"skY":-5.3}}],"name":"mid11"},{"frame":[{"duration":10,"transform":{"skX":0.92,"skY":0.92},"curve":[0.25,0,1,0]},{"duration":5,"transform":{"skX":39.27,"skY":39.27},"curve":[0.25,0,0,1]},{"duration":25,"transform":{"y":32.2,"scX":0.74,"skX":-8.55,"scY":0.66,"skY":-8.55,"x":19.51},"curve":[0.25,0,0.75,1]},{"duration":0,"transform":{"skX":0.92,"skY":0.92}}],"name":"mid14"},{"frame":[{"duration":10,"transform":{}},{"duration":5,"transform":{}},{"duration":25,"transform":{}},{"duration":0,"transform":{}}],"name":"mid15"},{"frame":[{"duration":10,"transform":{},"curve":[0.25,0,1,0]},{"duration":5,"transform":{"y":21.02,"x":133.13},"curve":[0.25,0,0,1]},{"duration":25,"transform":{"y":-28.4,"x":158.55},"curve":[0.25,0,0.75,1]},{"duration":0,"transform":{}}],"name":"ikback"},{"frame":[{"duration":10,"transform":{"skX":-0.04,"skY":-0.04},"curve":[0.25,0,1,0]},{"duration":5,"transform":{"skX":42.33,"skY":42.33},"curve":[0.25,0,0,1]},{"duration":25,"transform":{"y":-32.71,"skX":20.93,"skY":20.93,"x":56.57},"curve":[0.25,0,0.75,1]},{"duration":0,"transform":{"skX":-0.04,"skY":-0.04}}],"name":"mid16"},{"frame":[{"duration":10,"transform":{},"curve":[0.25,0,1,0]},{"duration":5,"transform":{"skX":-31.37,"skY":-31.37},"curve":[0.25,0,0,1]},{"duration":25,"transform":{"y":20.72,"skX":-31.37,"skY":-31.37,"x":80},"curve":[0.25,0,0.75,1]},{"duration":0,"transform":{}}],"name":"mid17"},{"frame":[{"duration":10,"transform":{},"curve":[0.25,0,1,0]},{"duration":5,"transform":{"skX":5.52,"skY":5.52},"curve":[0.25,0,0,1]},{"duration":25,"transform":{"skX":-60.43,"skY":-60.43},"curve":[0.25,0,0.75,1]},{"duration":0,"transform":{}}],"name":"mid18"},{"frame":[{"duration":10,"transform":{}},{"duration":5,"transform":{},"curve":[0.25,0,0,1]},{"duration":25,"transform":{"skX":-2.89,"skY":-2.89},"curve":[0.25,0,0.75,1]},{"duration":0,"transform":{}}],"name":"mid19"},{"frame":[{"duration":10,"transform":{}},{"duration":5,"transform":{},"curve":[0.25,0,0,1]},{"duration":25,"transform":{"skX":7.62,"skY":7.62},"curve":[0.25,0,0.75,1]},{"duration":0,"transform":{}}],"name":"mid20"},{"frame":[{"duration":10,"transform":{},"curve":[0.25,0,1,0]},{"duration":5,"transform":{"scX":0.9,"x":78.54},"curve":[0.25,0,0,1]},{"duration":25,"transform":{"scX":1.2,"x":-50.96},"curve":[0.25,0,0.75,1]},{"duration":0,"transform":{}}],"name":"shadow"}],"ffd":[],"ik":[],"name":"Attack E"},{"duration":41,"frame":[],"slot":[],"bone":[{"frame":[{"duration":10,"transform":{}},{"duration":4,"transform":{}},{"duration":27,"transform":{}},{"duration":0,"transform":{}}],"name":"root"},{"frame":[{"duration":10,"transform":{},"curve":[0.25,0,1,0]},{"duration":4,"transform":{"y":-27.39,"x":138.87},"curve":[0.25,0,0,1]},{"duration":27,"transform":{"y":67.48,"x":-20.08},"curve":[0.25,0,0.75,1]},{"duration":0,"transform":{}}],"name":"mid"},{"frame":[{"duration":10,"transform":{}},{"duration":4,"transform":{},"curve":[0.25,0,0,1]},{"duration":27,"transform":{"skX":-38.96,"skY":-38.96},"curve":[0.25,0,0.75,1]},{"duration":0,"transform":{}}],"name":"mid4"},{"frame":[{"duration":10,"transform":{},"curve":[0.25,0,1,0]},{"duration":4,"transform":{"skX":10.48,"skY":10.48},"curve":[0.25,0,0,1]},{"duration":27,"transform":{"skX":-18.09,"skY":-18.09},"curve":[0.25,0,0.75,1]},{"duration":0,"transform":{}}],"name":"mid5"},{"frame":[{"duration":10,"transform":{}},{"duration":4,"transform":{}},{"duration":27,"transform":{}},{"duration":0,"transform":{}}],"name":"mid6"},{"frame":[{"duration":10,"transform":{}},{"duration":4,"transform":{}},{"duration":27,"transform":{}},{"duration":0,"transform":{}}],"name":"mid7"},{"frame":[{"duration":10,"transform":{},"curve":[0.25,0,1,0]},{"duration":4,"transform":{"skX":-19.09,"skY":-19.09},"curve":[0.25,0,0,1]},{"duration":27,"transform":{}},{"duration":0,"transform":{}}],"name":"mid2"},{"frame":[{"duration":10,"transform":{},"curve":[0.25,0,1,0]},{"duration":4,"transform":{"skX":31.04,"skY":31.04},"curve":[0.25,0,0,1]},{"duration":27,"transform":{"skX":66.89,"skY":66.89},"curve":[0.25,0,0.75,1]},{"duration":0,"transform":{}}],"name":"mid3"},{"frame":[{"duration":10,"transform":{}},{"duration":4,"transform":{},"curve":[0.25,0,0,1]},{"duration":27,"transform":{"y":15.12,"skX":-0.2,"skY":-0.2,"x":-9.25},"curve":[0.25,0,0.75,1]},{"duration":0,"transform":{}}],"name":"head top"},{"frame":[{"duration":10,"transform":{},"curve":[0.25,0,1,0]},{"duration":4,"transform":{"skX":15.36,"skY":15.36},"curve":[0.25,0,0,1]},{"duration":6,"transform":{"skX":-30.17,"skY":-30.17},"curve":[0.25,0,0.75,1]},{"duration":21,"transform":{"skX":11.89,"skY":11.89},"curve":[0.25,0,0.75,1]},{"duration":0,"transform":{}}],"name":"jaw"},{"frame":[{"duration":10,"transform":{},"curve":[0.25,0,1,0]},{"duration":4,"transform":{"y":1.73,"skX":-9.21,"skY":-9.21,"x":3.46},"curve":[0.25,0,0,1]},{"duration":27,"transform":{"y":13.1,"skX":-45.81,"skY":-45.81,"x":17.2},"curve":[0.25,0,0.75,1]},{"duration":0,"transform":{}}],"name":"mid8"},{"frame":[{"duration":10,"transform":{},"curve":[0.25,0,1,0]},{"duration":4,"transform":{"skX":23.3,"skY":23.3},"curve":[0.25,0,0,1]},{"duration":27,"transform":{"skX":29.32,"skY":29.32},"curve":[0.25,0,0.75,1]},{"duration":0,"transform":{}}],"name":"mid9"},{"frame":[{"duration":10,"transform":{},"curve":[0.25,0,1,0]},{"duration":4,"transform":{"skX":12.72,"skY":12.72},"curve":[0.25,0,0,1]},{"duration":27,"transform":{"skX":30.51,"skY":30.51},"curve":[0.25,0,0.75,1]},{"duration":0,"transform":{}}],"name":"mid10"},{"frame":[{"duration":10,"transform":{},"curve":[0.25,0,1,0]},{"duration":4,"transform":{"y":-64.97,"x":174.54},"curve":[0.25,0,0,1]},{"duration":27,"transform":{"y":-63.26,"scX":1.04,"x":-250.6},"curve":[0.25,0,0.75,1]},{"duration":0,"transform":{}}],"name":"ArmRight"},{"frame":[{"duration":10,"transform":{"skX":-23.48,"skY":-23.48},"curve":[0.25,0,1,0]},{"duration":4,"transform":{"y":0.2,"skX":-57.72,"skY":-57.72,"x":26.08},"curve":[0.25,0,0,1]},{"duration":27,"transform":{"y":0.2,"skX":42.18,"skY":42.18,"x":26.08},"curve":[0.25,0,0.75,1]},{"duration":0,"transform":{"skX":-23.48,"skY":-23.48}}],"name":"arm right"},{"frame":[{"duration":10,"transform":{"skX":35.59,"skY":35.59},"curve":[0.25,0,1,0]},{"duration":4,"transform":{"skX":43.09,"skY":43.09},"curve":[0.25,0,0,1]},{"duration":27,"transform":{"skX":31.35,"skY":31.35},"curve":[0.25,0,0.75,1]},{"duration":0,"transform":{"skX":35.59,"skY":35.59}}],"name":"mid12"},{"frame":[{"duration":10,"transform":{}},{"duration":4,"transform":{},"curve":[0.25,0,0,1]},{"duration":27,"transform":{"scX":1.2,"scY":1.2},"curve":[0.25,0,0.75,1]},{"duration":0,"transform":{}}],"name":"mid13"},{"frame":[{"duration":10,"transform":{},"curve":[0.25,0,1,0]},{"duration":4,"transform":{"y":-24.35,"x":240.06},"curve":[0.25,0,0,1]},{"duration":27,"transform":{"y":37.82,"x":-138.73},"curve":[0.25,0,0.75,1]},{"duration":0,"transform":{}}],"name":"LeftClaw"},{"frame":[{"duration":10,"transform":{"skX":-5.3,"skY":-5.3},"curve":[0.25,0,1,0]},{"duration":4,"transform":{"skX":-65.91,"skY":-65.91},"curve":[0.25,0,0,1]},{"duration":27,"transform":{"skX":8.88,"skY":8.88},"curve":[0.25,0,0.75,1]},{"duration":0,"transform":{"skX":-5.3,"skY":-5.3}}],"name":"mid11"},{"frame":[{"duration":10,"transform":{"skX":0.92,"skY":0.92},"curve":[0.25,0,1,0]},{"duration":4,"transform":{"skX":39.27,"skY":39.27},"curve":[0.25,0,0,1]},{"duration":27,"transform":{"scX":0.74,"skX":-8.55,"scY":0.66,"skY":-8.55},"curve":[0.25,0,0.75,1]},{"duration":0,"transform":{"skX":0.92,"skY":0.92}}],"name":"mid14"},{"frame":[{"duration":10,"transform":{}},{"duration":4,"transform":{}},{"duration":27,"transform":{}},{"duration":0,"transform":{}}],"name":"mid15"},{"frame":[{"duration":10,"transform":{},"curve":[0.25,0,1,0]},{"duration":4,"transform":{"y":21.02,"x":133.13},"curve":[0.25,0,0,1]},{"duration":27,"transform":{"y":-84.74,"x":-237.08},"curve":[0.25,0,0.75,1]},{"duration":0,"transform":{}}],"name":"ikback"},{"frame":[{"duration":10,"transform":{"skX":-0.04,"skY":-0.04},"curve":[0.25,0,1,0]},{"duration":4,"transform":{"skX":42.33,"skY":42.33},"curve":[0.25,0,0,1]},{"duration":27,"transform":{"y":-32.71,"skX":20.93,"skY":20.93,"x":56.57},"curve":[0.25,0,0.75,1]},{"duration":0,"transform":{"skX":-0.04,"skY":-0.04}}],"name":"mid16"},{"frame":[{"duration":10,"transform":{},"curve":[0.25,0,1,0]},{"duration":4,"transform":{"skX":-31.37,"skY":-31.37},"curve":[0.25,0,0,1]},{"duration":27,"transform":{"y":20.72,"skX":-31.37,"skY":-31.37,"x":80},"curve":[0.25,0,0.75,1]},{"duration":0,"transform":{}}],"name":"mid17"},{"frame":[{"duration":10,"transform":{},"curve":[0.25,0,1,0]},{"duration":4,"transform":{"skX":-86.62,"skY":-86.62},"curve":[0.25,0,0,1]},{"duration":27,"transform":{"y":-142.66,"skX":-292.33,"skY":-292.33,"x":-74.99},"curve":[0.25,0,0.75,1]},{"duration":0,"transform":{}}],"name":"mid18"},{"frame":[{"duration":10,"transform":{}},{"duration":4,"transform":{},"curve":[0.25,0,0,1]},{"duration":27,"transform":{"y":-7.1,"skX":2.87,"skY":2.87,"x":25.31},"curve":[0.25,0,0.75,1]},{"duration":0,"transform":{}}],"name":"mid19"},{"frame":[{"duration":10,"transform":{}},{"duration":4,"transform":{},"curve":[0.25,0,0,1]},{"duration":27,"transform":{"skX":17.91,"skY":17.91},"curve":[0.25,0,0.75,1]},{"duration":0,"transform":{}}],"name":"mid20"},{"frame":[{"duration":10,"transform":{},"curve":[0.25,0,1,0]},{"duration":4,"transform":{"scX":0.9,"x":78.54},"curve":[0.25,0,0,1]},{"duration":27,"transform":{"scX":1.2,"x":-50.96},"curve":[0.25,0,0.75,1]},{"duration":0,"transform":{}}],"name":"shadow"}],"ffd":[],"ik":[],"name":"Attack F"},{"duration":30,"frame":[],"slot":[],"bone":[{"frame":[{"duration":30,"transform":{}},{"duration":0,"transform":{}}],"name":"root"},{"frame":[{"duration":10,"transform":{},"curve":[0.25,0,0,1]},{"duration":20,"transform":{"y":21.66,"x":90.65},"curve":[0.25,0,0.75,1]},{"duration":0,"transform":{}}],"name":"mid"},{"frame":[{"duration":10,"transform":{},"curve":[0.25,0,0,1]},{"duration":20,"transform":{"skX":3.6,"skY":3.6},"curve":[0.25,0,0.75,1]},{"duration":0,"transform":{}}],"name":"mid4"},{"frame":[{"duration":10,"transform":{},"curve":[0.25,0,0,1]},{"duration":20,"transform":{"skX":-14.06,"skY":-14.06},"curve":[0.25,0,0.75,1]},{"duration":0,"transform":{}}],"name":"mid5"},{"frame":[{"duration":30,"transform":{}},{"duration":0,"transform":{}}],"name":"mid6"},{"frame":[{"duration":30,"transform":{}},{"duration":0,"transform":{}}],"name":"mid7"},{"frame":[{"duration":30,"transform":{}},{"duration":0,"transform":{}}],"name":"mid2"},{"frame":[{"duration":10,"transform":{},"curve":[0.25,0,0,1]},{"duration":20,"transform":{"skX":32.67,"skY":32.67},"curve":[0.25,0,0.75,1]},{"duration":0,"transform":{}}],"name":"mid3"},{"frame":[{"duration":30,"transform":{}},{"duration":0,"transform":{}}],"name":"head top"},{"frame":[{"duration":10,"transform":{"skX":20.06,"skY":20.06},"curve":[0.25,0,0,1]},{"duration":20,"transform":{"skX":-24.61,"skY":-24.61},"curve":[0.25,0,0.75,1]},{"duration":0,"transform":{"skX":20.06,"skY":20.06}}],"name":"jaw"},{"frame":[{"duration":30,"transform":{}},{"duration":0,"transform":{}}],"name":"mid8"},{"frame":[{"duration":10,"transform":{},"curve":[0.25,0,0,1]},{"duration":20,"transform":{"skX":12.21,"skY":12.21},"curve":[0.25,0,0.75,1]},{"duration":0,"transform":{}}],"name":"mid9"},{"frame":[{"duration":10,"transform":{},"curve":[0.25,0,0,1]},{"duration":20,"transform":{"skX":10.91,"skY":10.91},"curve":[0.25,0,0.75,1]},{"duration":0,"transform":{}}],"name":"mid10"},{"frame":[{"duration":10,"transform":{},"curve":[0.25,0,0,1]},{"duration":20,"transform":{"y":40.79,"x":62.85},"curve":[0.25,0,0.75,1]},{"duration":0,"transform":{}}],"name":"ArmRight"},{"frame":[{"duration":30,"transform":{"skX":-23.48,"skY":-23.48}},{"duration":0,"transform":{"skX":-23.48,"skY":-23.48}}],"name":"arm right"},{"frame":[{"duration":30,"transform":{"skX":35.59,"skY":35.59}},{"duration":0,"transform":{"skX":35.59,"skY":35.59}}],"name":"mid12"},{"frame":[{"duration":30,"transform":{}},{"duration":0,"transform":{}}],"name":"mid13"},{"frame":[{"duration":10,"transform":{},"curve":[0.25,0,0,1]},{"duration":20,"transform":{"y":78.24,"x":123.24},"curve":[0.25,0,0.75,1]},{"duration":0,"transform":{}}],"name":"LeftClaw"},{"frame":[{"duration":30,"transform":{"skX":-5.3,"skY":-5.3}},{"duration":0,"transform":{"skX":-5.3,"skY":-5.3}}],"name":"mid11"},{"frame":[{"duration":30,"transform":{"skX":0.92,"skY":0.92}},{"duration":0,"transform":{"skX":0.92,"skY":0.92}}],"name":"mid14"},{"frame":[{"duration":30,"transform":{}},{"duration":0,"transform":{}}],"name":"mid15"},{"frame":[{"duration":10,"transform":{},"curve":[0.25,0,0,1]},{"duration":20,"transform":{"y":114.38,"x":83.77},"curve":[0.25,0,0.75,1]},{"duration":0,"transform":{}}],"name":"ikback"},{"frame":[{"duration":30,"transform":{"skX":-0.04,"skY":-0.04}},{"duration":0,"transform":{"skX":-0.04,"skY":-0.04}}],"name":"mid16"},{"frame":[{"duration":10,"transform":{},"curve":[0.25,0,0,1]},{"duration":20,"transform":{"y":47.36,"x":51.75},"curve":[0.25,0,0.75,1]},{"duration":0,"transform":{}}],"name":"mid17"},{"frame":[{"duration":10,"transform":{},"curve":[0.25,0,0,1]},{"duration":20,"transform":{"skX":22.21,"skY":22.21},"curve":[0.25,0,0.75,1]},{"duration":0,"transform":{}}],"name":"mid18"},{"frame":[{"duration":30,"transform":{}},{"duration":0,"transform":{}}],"name":"mid19"},{"frame":[{"duration":30,"transform":{}},{"duration":0,"transform":{}}],"name":"mid20"},{"frame":[{"duration":10,"transform":{},"curve":[0.25,0,0,1]},{"duration":20,"transform":{"scX":1.16},"curve":[0.25,0,0.75,1]},{"duration":0,"transform":{}}],"name":"shadow"}],"ffd":[],"ik":[],"name":"Damage"},{"duration":60,"frame":[],"slot":[],"bone":[{"frame":[{"duration":60,"transform":{}},{"duration":0,"transform":{}}],"name":"root"},{"frame":[{"duration":30,"transform":{},"curve":[0.25,0,0.75,1]},{"duration":30,"transform":{"y":34.41},"curve":[0.25,0,0.75,1]},{"duration":0,"transform":{}}],"name":"mid"},{"frame":[{"duration":60,"transform":{}},{"duration":0,"transform":{}}],"name":"mid4"},{"frame":[{"duration":30,"transform":{},"curve":[0.25,0,0.75,1]},{"duration":30,"transform":{"skX":-7.14,"skY":-7.14},"curve":[0.25,0,0.75,1]},{"duration":0,"transform":{}}],"name":"mid5"},{"frame":[{"duration":60,"transform":{}},{"duration":0,"transform":{}}],"name":"mid6"},{"frame":[{"duration":60,"transform":{}},{"duration":0,"transform":{}}],"name":"mid7"},{"frame":[{"duration":60,"transform":{}},{"duration":0,"transform":{}}],"name":"mid2"},{"frame":[{"duration":30,"transform":{},"curve":[0.25,0,0.75,1]},{"duration":30,"transform":{"skX":16.14,"skY":16.14},"curve":[0.25,0,0.75,1]},{"duration":0,"transform":{}}],"name":"mid3"},{"frame":[{"duration":60,"transform":{}},{"duration":0,"transform":{}}],"name":"head top"},{"frame":[{"duration":30,"transform":{},"curve":[0.25,0,0.75,1]},{"duration":30,"transform":{"skX":-11.58,"skY":-11.58},"curve":[0.25,0,0.75,1]},{"duration":0,"transform":{}}],"name":"jaw"},{"frame":[{"duration":60,"transform":{}},{"duration":0,"transform":{}}],"name":"mid8"},{"frame":[{"duration":30,"transform":{},"curve":[0.25,0,0.75,1]},{"duration":30,"transform":{"skX":2.93,"skY":2.93},"curve":[0.25,0,0.75,1]},{"duration":0,"transform":{}}],"name":"mid9"},{"frame":[{"duration":60,"transform":{}},{"duration":0,"transform":{}}],"name":"mid10"},{"frame":[{"duration":30,"transform":{},"curve":[0.25,0,0.75,1]},{"duration":30,"transform":{"y":-35.42,"x":-22.26},"curve":[0.25,0,0.75,1]},{"duration":0,"transform":{}}],"name":"ArmRight"},{"frame":[{"duration":60,"transform":{"skX":-23.48,"skY":-23.48}},{"duration":0,"transform":{"skX":-23.48,"skY":-23.48}}],"name":"arm right"},{"frame":[{"duration":60,"transform":{"skX":35.59,"skY":35.59}},{"duration":0,"transform":{"skX":35.59,"skY":35.59}}],"name":"mid12"},{"frame":[{"duration":60,"transform":{}},{"duration":0,"transform":{}}],"name":"mid13"},{"frame":[{"duration":30,"transform":{},"curve":[0.25,0,0.75,1]},{"duration":30,"transform":{"y":35.42,"x":-20.75},"curve":[0.25,0,0.75,1]},{"duration":0,"transform":{}}],"name":"LeftClaw"},{"frame":[{"duration":60,"transform":{"skX":-5.3,"skY":-5.3}},{"duration":0,"transform":{"skX":-5.3,"skY":-5.3}}],"name":"mid11"},{"frame":[{"duration":60,"transform":{"skX":0.92,"skY":0.92}},{"duration":0,"transform":{"skX":0.92,"skY":0.92}}],"name":"mid14"},{"frame":[{"duration":60,"transform":{}},{"duration":0,"transform":{}}],"name":"mid15"},{"frame":[{"duration":60,"transform":{}},{"duration":0,"transform":{}}],"name":"ikback"},{"frame":[{"duration":60,"transform":{"skX":-0.04,"skY":-0.04}},{"duration":0,"transform":{"skX":-0.04,"skY":-0.04}}],"name":"mid16"},{"frame":[{"duration":60,"transform":{}},{"duration":0,"transform":{}}],"name":"mid17"},{"frame":[{"duration":30,"transform":{},"curve":[0.25,0,0.75,1]},{"duration":30,"transform":{"skX":-14.89,"skY":-14.89},"curve":[0.25,0,0.75,1]},{"duration":0,"transform":{}}],"name":"mid18"},{"frame":[{"duration":30,"transform":{},"curve":[0.25,0,0.75,1]},{"duration":30,"transform":{"skX":-10.4,"skY":-10.4},"curve":[0.25,0,0.75,1]},{"duration":0,"transform":{}}],"name":"mid19"},{"frame":[{"duration":30,"transform":{},"curve":[0.25,0,0.75,1]},{"duration":30,"transform":{"skX":0.6,"skY":0.6},"curve":[0.25,0,0.75,1]},{"duration":0,"transform":{}}],"name":"mid20"},{"frame":[{"duration":30,"transform":{},"curve":[0.25,0,0.75,1]},{"duration":30,"transform":{"scX":1.2},"curve":[0.25,0,0.75,1]},{"duration":0,"transform":{}}],"name":"shadow"}],"ffd":[],"ik":[],"name":"Idle"}],"type":"Armature","frameRate":30,"skin":[{"name":"","slot":[{"display":[{"weights":[2,14,0.24995,20,0.75005,1,14,1,1,14,1,1,14,1,1,14,1,1,14,1,1,14,1,1,14,1,1,14,1,1,14,1,1,14,1,1,14,1,1,14,1,1,14,1,1,14,1,1,14,1,1,14,1,1,14,1,2,14,0.97921,20,0.02079,2,14,0.05682,20,0.94318,1,20,1,2,20,0.88673,24,0.11327,2,20,0.41301,24,0.58699,2,20,0.1444,24,0.8556,2,20,0.00801,24,0.99199,2,20,0.00204,24,0.99796,1,24,1,1,24,1,1,24,1,1,24,1,1,24,1,1,24,1,1,24,1,1,24,1,1,24,1,1,24,1,1,24,1,1,24,1,1,24,1,1,24,1,1,24,1,1,24,1,1,24,1,1,24,1,1,24,1,2,20,0.34418,24,0.65582,1,20,1,2,14,0.00162,20,0.99838,1,14,1,1,14,1,1,14,1,1,14,1,1,24,1,2,14,0.73415,20,0.26585,1,14,1,1,24,1,1,14,1,1,20,1,1,14,1,1,14,1,1,24,1,1,14,1,1,14,1,1,14,1,1,24,1,1,14,1,1,24,1,2,20,0.01249,24,0.98751,1,24,1,1,14,1,1,14,1,2,14,0.99726,20,0.00274],"userEdges":[],"vertices":[-16.66,-207.89,-16.65,-257.36,-8.48,-275.59,-0.31,-293.82,14.11,-317.9,28.54,-341.99,37.87,-351.76,47.21,-361.53,56.86,-364.77,66.52,-368,81.27,-368.01,91.35,-357.19,91.34,-326.81,81.71,-299.69,72.98,-287.2,64.24,-274.72,55.5,-262.25,46.78,-249.77,32.02,-222.97,17.26,-196.16,14.86,-171.89,15.95,-162.13,24.9,-159.09,33.85,-156.05,51.76,-149.97,55.23,-146.28,70.96,-143.03,86.69,-139.76,78.01,-131.74,90.81,-126.1,79.96,-115.9,80.18,-111.78,91.34,-109.82,91.34,-66,77.91,-66,63.25,-69.45,48.59,-72.91,41.11,-77.31,38.91,-74.88,32.53,-78.41,24.94,-87.76,21.86,-98.21,14.15,-93.15,7.89,-106.14,4.7,-109.54,0.83,-143.5,-10.55,-166.54,-16.65,-189.09,12.14,-258.34,35.18,-303.51,18.97,-299.49,56.97,-309.56,65.9,-107.22,-2.05,-217.64,73.66,-324.47,41.46,-105.02,31.88,-270.5,0.62,-180.84,46.33,-288.32,42.87,-321.09,22.88,-115.59,9.85,-221.66,-0.91,-254.06,57.45,-336.95,54.36,-108.5,20.36,-244.86,33.4,-118.79,26.5,-138.24,14.34,-120.85,8.8,-284.73,80.98,-340.69,-8.96,-242.43],"edges":[0,47,47,46,46,45,45,44,44,43,43,42,42,41,41,40,40,39,39,38,38,37,37,36,36,35,35,34,34,33,33,32,32,31,31,30,30,29,29,28,28,27,27,26,26,25,25,24,24,23,23,22,22,21,21,20,20,19,19,18,18,17,17,16,16,15,15,14,14,13,13,12,12,11,11,10,10,9,9,8,8,7,7,6,6,5,5,4,4,3,3,2,2,1,1,0],"path":"Layer 2 Copy 15","type":"mesh","transform":{},"triangles":[52,35,34,52,34,31,70,54,12,54,13,12,70,12,11,10,70,11,34,33,32,31,34,32,28,30,29,10,9,70,26,28,27,8,63,9,54,51,13,51,14,13,63,54,70,9,63,70,28,52,30,30,52,31,36,35,52,64,52,28,26,25,28,25,64,28,64,36,52,51,58,14,63,51,54,58,15,14,37,36,64,55,37,64,66,64,25,7,63,8,63,59,51,7,6,63,58,16,15,58,56,16,24,67,25,67,66,25,5,59,63,6,5,63,49,58,51,59,49,51,66,55,64,56,17,16,55,40,37,40,39,37,23,67,24,65,18,17,56,65,17,49,50,58,50,56,58,41,40,55,4,49,59,5,4,59,66,60,55,60,41,55,39,38,37,50,69,56,48,65,56,68,60,67,61,19,18,22,67,23,67,60,66,4,50,49,65,61,18,69,48,56,22,21,67,21,45,67,43,41,60,45,68,67,57,20,19,68,43,60,61,53,19,71,61,65,43,42,41,4,3,50,62,71,65,48,62,65,69,2,48,44,43,68,3,69,50,0,57,19,53,0,19,0,47,57,20,46,21,46,45,21,2,62,48,57,46,20,45,44,68,71,53,61,3,2,69,2,1,62,47,46,57,71,0,53,1,71,62,1,0,71],"width":108,"uvs":[0,0.53018,0,0.36636,0.07564,0.306,0.15129,0.24564,0.28491,0.16588,0.41852,0.08612,0.50492,0.05379,0.59132,0.02146,0.68073,0.01073,0.77014,0,0.90677,0,1,0.03583,1,0.13642,0.91079,0.22624,0.82992,0.26756,0.74904,0.30887,0.66817,0.35019,0.5873,0.39151,0.45067,0.48025,0.31404,0.56899,0.29188,0.64937,0.30193,0.68171,0.38481,0.69177,0.46769,0.70183,0.63346,0.72195,0.6656,0.73416,0.81128,0.74494,0.95695,0.75572,0.87658,0.7823,0.99512,0.80099,0.89466,0.83476,0.89667,0.84841,1,0.85488,1,1,0.87568,1,0.73991,0.98856,0.60414,0.97712,0.53489,0.96255,0.51452,0.97056,0.45544,0.95891,0.38516,0.92795,0.35665,0.89334,0.28535,0.9101,0.22729,0.86712,0.19776,0.85583,0.16194,0.74337,0.05656,0.6671,0,0.59243,0.26664,0.36313,0.47996,0.21354,0.32993,0.22686,0.68172,0.19351,0.7644,0.86348,0.13515,0.49788,0.83633,0.14417,0.53812,0.87079,0.4494,0.32288,0.15994,0.61974,0.58317,0.26385,0.55124,0.15537,0.36612,0.83578,0.24539,0.48456,0.14572,0.37728,0.68614,0.10285,0.6576,0.85928,0.34275,0.40775,0.46352,0.82519,0.39963,0.76081,0.28704,0.8184,0.23572,0.27576,0.90402,0.09045,0.07125,0.41579],"bonePose":[14,-0.4361736721705859,0.8998625048890672,-0.8998625048890672,-0.4361736721705859,66.5864658830701,-336.76389006011806,20,0.04658342676080274,0.9989144029150951,-0.9989144029150951,0.04658342676080274,6.241838338269552,-212.26791250871565,24,0.6657514442835015,0.7461735819730098,-0.7461735819730098,0.6657514442835015,9.19383009210162,-148.96670679598606],"height":302,"name":"Layer 2 Copy 15","slotPose":[1,0,0,1,0,0]}],"name":"Layer 2 Copy 15"},{"display":[{"weights":[2,22,0.265,26,0.735,2,22,0.34918,26,0.65082,2,22,0.7024,26,0.2976,2,22,0.97717,26,0.02283,1,22,1,1,22,1,1,22,1,2,18,0.55273,22,0.44727,2,18,0.87833,22,0.12167,2,18,0.99848,22,0.00152,1,18,1,1,18,1,1,18,1,1,18,1,1,18,1,1,18,1,1,18,1,1,18,1,1,18,1,2,18,0.99984,22,0.00016,2,18,0.97805,22,0.02195,2,18,0.92769,22,0.07231,2,18,0.49727,22,0.50273,2,18,0.13679,22,0.86321,1,22,1,2,22,0.77824,26,0.22176,2,22,0.37959,26,0.62041,2,22,0.26081,26,0.73919,2,22,0.09552,26,0.90448,2,22,0.00635,26,0.99365,1,26,1,1,26,1,1,26,1,1,26,1,1,26,1,1,26,1,2,22,0.0061,26,0.9939,1,26,1,2,22,0.00004,26,0.99996,2,22,0.02294,26,0.97706,2,22,0.10282,26,0.89718,2,22,0.15113,26,0.84887,2,22,0.93791,26,0.06209,2,22,0.81962,26,0.18038,2,22,0.11649,26,0.88351,2,22,0.02348,26,0.97652,2,22,0.88746,26,0.11254,1,22,1,2,18,0.00022,22,0.99978,2,18,0.12288,22,0.87712,2,18,0.97015,22,0.02985,1,18,1],"userEdges":[30,41,41,42,42,43,43,44,44,45,43,46,46,2,43,47,47,48,48,49,49,50,50,51],"vertices":[80.83,-264.54,83.14,-268.6,78.12,-280.56,89.89,-291.37,113.05,-303.72,131.58,-312.98,141.63,-335.17,143.33,-367.41,143.34,-380.15,129.27,-385.55,116.93,-399.22,102.45,-407.52,98.4,-428.94,91.07,-436.28,82,-439,69.26,-439,57.87,-434.74,46.68,-418.53,47.25,-407.14,55.55,-391.89,70.03,-388.22,72.54,-381.47,83.53,-366.8,74.07,-356.96,47.83,-313.34,38.75,-297.52,26.98,-292.69,27.36,-286.52,24.33,-279.95,24.33,-269.15,28.33,-260.66,25.63,-241.07,30.26,-223.88,35.28,-215,41.45,-215,50.52,-234.69,55.16,-243.57,58.44,-227.17,72.91,-221.95,82.56,-236.23,86.61,-253.41,38.1,-281.04,47.21,-293.53,54.7,-283.69,55.3,-268.26,54.85,-254.3,66.17,-288.1,60.79,-304.6,96.45,-337.94,114.18,-362.19,97.51,-385.41,71.98,-414.32],"edges":[28,29,29,30,30,31,31,32,32,33,33,34,34,35,35,36,36,37,37,38,38,39,39,40,40,0,0,1,1,2,2,3,3,4,4,5,5,6,6,7,7,8,8,9,9,10,10,11,11,12,12,13,13,14,14,15,15,16,16,17,17,18,18,19,19,20,20,21,21,22,22,23,23,24,24,25,25,26,26,27,27,28],"path":"Layer 2 Copy 7","type":"mesh","transform":{},"triangles":[49,6,7,8,9,7,9,49,7,48,5,6,49,48,6,48,4,5,10,50,9,50,49,9,11,50,10,48,3,4,50,22,49,22,48,49,47,3,48,22,23,48,12,51,11,21,22,50,13,51,12,23,47,48,20,21,50,14,51,13,24,47,23,47,46,3,46,2,3,15,51,14,0,45,40,36,39,40,45,36,40,2,0,1,37,38,39,36,37,39,2,44,0,44,45,0,15,16,51,19,20,51,46,44,2,43,44,46,18,19,51,16,17,51,17,18,51,24,42,47,43,41,44,25,42,24,41,30,44,31,36,45,30,31,45,44,30,45,42,41,43,31,35,36,32,34,35,31,32,35,25,41,42,29,30,41,26,27,25,25,27,41,32,33,34,27,28,41,28,29,41,46,43,47,42,43,47,11,50,51,51,20,50],"width":119,"uvs":[0.47475,0.77881,0.49421,0.76071,0.45204,0.70729,0.55098,0.65904,0.7456,0.6039,0.90129,0.56254,0.98563,0.46346,1,0.31957,1,0.2627,0.88183,0.23858,0.77803,0.17755,0.6564,0.1405,0.62234,0.04486,0.56071,0.01212,0.48448,0,0.37744,0,0.28175,0.01902,0.18768,0.09139,0.19255,0.14223,0.26229,0.21029,0.38393,0.22666,0.41474,0.27577,0.49745,0.3223,0.41798,0.36624,0.19741,0.56097,0.12119,0.63162,0.02225,0.65316,0.0255,0.68073,0,0.71002,0,0.75827,0.03361,0.79619,0.0109,0.88365,0.04982,0.96034,0.09199,1,0.14389,1,0.22012,0.91209,0.25904,0.87245,0.33527,0.94569,0.40825,0.96895,0.48935,0.90519,0.5234,0.82851,0.11568,0.70515,0.19226,0.64937,0.25526,0.69333,0.2602,0.76224,0.2565,0.82458,0.35162,0.67365,0.30635,0.59999,0.60601,0.45116,0.75495,0.34283,0.61487,0.23922,0.40033,0.11017],"bonePose":[22,-0.6610499868811327,0.7503418653150403,-0.7503418653150403,-0.6610499868811327,123.34338866998878,-367.62098193038366,26,-0.1902949904529987,0.9817269562401212,-0.9817269562401212,-0.1902949904529987,48.61168765307673,-282.79483405651837,18,0.7229671459095681,0.6908824110768584,-0.6908824110768584,0.7229671459095681,66.66999410213774,-421.7792541346986],"height":224,"name":"Layer 2 Copy 7","slotPose":[1,0,0,1,0,0]}],"name":"Layer 2 Copy 7"},{"display":[{"path":"Layer 2 Copy 16","type":"image","name":"Layer 2 Copy 16","transform":{"y":-7.8,"x":9.74}}],"name":"Layer 2 Copy 16"},{"display":[{"width":228,"type":"mesh","vertices":[-13.08,-27.96,-21.96,-26.7,-28.72,-21.69,-43.54,-19.01,-66.41,-9.45,-83.97,-3.5,-96.95,-9.84,-103.61,-0.2,-110.12,4.63,-114.67,3,-113.46,-12.16,-144.37,-3.06,-204.36,14.01,-230.92,18.68,-251.18,22.15,-253.33,23.68,-250.98,26.98,-224.59,33.34,-141.36,35.4,-53.3,18.72,-41.41,23.65,-37.58,8.57,-28.71,5.65,-30.23,16.15,-43.44,25.33,-61.56,36.39,-56.3,38.56,-22.08,33.49,-1.93,28.55,-37.4,55.53,-43.57,62.33,-27.82,61.45,-17.22,55.99,-24.11,62.58,-34.26,81.27,-37.63,85.48,-42.98,85.61,-54.82,97.75,-63.4,109.3,-80.47,125.39,-92.4,134.27,-99.78,142.36,-108.44,152.16,-114.72,158.6,-122.3,164.23,-112.02,163.7,-95.3,157.28,-71.94,139.05,-53.51,125.47,-35.27,109.32,-33.19,104.72,-29.7,99.04,-19.84,85.47,-11.92,76.05,-3.05,69.8,5.2,62.46,11.6,58.76,-0.05,77.88,-5.43,93.6,16.79,74.56,30.39,63.04,34.01,58.57,33.63,78.05,36.02,97.3,43.83,90.46,51.06,69.87,56.57,50.06,57.06,41.01,65.78,49.22,64.94,17.27,66.86,8.07,68.6,5.23,75.49,4.23,77.05,-3.55,91.7,-1.1,102.13,-0.57,95.18,-19.9,84.31,-35.13,80.46,-34.49,79.68,-40.46,72.46,-33.92,70.33,-35.88,68.93,-34.81,67.68,-47.11,60.77,-37.61,59.58,-41.91,50.67,-36.42,47.05,-44.64,36.52,-34.51,31.91,-27.76,18.45,-38.01,12.96,-36.55,-9.14,-44.27,-18.42,-42.93,-33.14,-41.88,-40.98,-39.26,-28.61,-36.05,-16.17,-31.52],"transform":{},"userEdges":[],"path":"Layer 2 Copy 10","uvs":[0.57231,0.72995,0.59043,0.7042,0.58976,0.67697,0.61794,0.6329,0.6421,0.55467,0.66558,0.49723,0.72128,0.47495,0.70383,0.4393,0.70316,0.41305,0.72061,0.40414,0.77161,0.43583,0.81791,0.3373,0.90978,0.14716,0.96078,0.06844,1,0.00852,1,0,0.98225,0,0.89233,0.05754,0.6729,0.27293,0.5081,0.53625,0.46023,0.5583,0.50431,0.59674,0.49212,0.6256,0.45853,0.60185,0.4594,0.54979,0.46607,0.48129,0.44495,0.49105,0.37586,0.59072,0.34214,0.6531,0.33619,0.50894,0.32765,0.4799,0.29064,0.52306,0.28314,0.56124,0.27719,0.53069,0.2363,0.46883,0.22983,0.45203,0.24303,0.43771,0.22984,0.38367,0.21044,0.33938,0.1965,0.26417,0.1952,0.21605,0.18514,0.18139,0.1722,0.14014,0.16522,0.1115,0.16444,0.08095,0.14011,0.10902,0.12459,0.17107,0.126,0.26094,0.12756,0.33503,0.13873,0.41344,0.14986,0.42757,0.16124,0.44743,0.18453,0.49892,0.19799,0.53749,0.20524,0.58962,0.20291,0.60814,0.1998,0.63195,0.16124,0.56531,0.11881,0.52159,0.13019,0.61591,0.13666,0.67338,0.14339,0.69133,0.07481,0.65372,0,0.62384,0.00452,0.65725,0.05964,0.71501,0.11631,0.76676,0.14736,0.78509,0.09586,0.79261,0.21205,0.85047,0.24,0.87281,0.24569,0.88274,0.23172,0.90277,0.25553,0.92149,0.20947,0.95547,0.181,0.98196,0.26769,1,0.34978,1,0.35729,0.98864,0.38058,0.99781,0.37566,0.9665,0.38808,0.96459,0.38782,0.95886,0.43492,0.97872,0.41862,0.94263,0.43699,0.94759,0.4401,0.9138,0.47865,0.91972,0.46934,0.87294,0.45698,0.84809,0.52783,0.8319,0.53663,0.81472,0.62047,0.771,0.63934,0.74403,0.67309,0.70329,0.6837,0.67771,0.64074,0.70425,0.59287,0.7285],"height":309,"name":"Layer 2 Copy 10","triangles":[16,13,14,16,14,15,17,13,16,17,12,13,17,18,12,18,11,12,9,10,11,18,9,11,18,8,9,7,5,6,96,93,94,96,94,95,19,4,5,96,97,93,21,3,4,19,21,4,97,92,93,97,0,92,0,91,92,22,2,3,21,22,3,22,0,2,2,0,1,22,28,0,89,91,0,28,89,0,19,20,21,89,90,91,28,69,89,88,86,87,23,28,22,69,70,89,27,28,23,89,86,88,71,86,89,84,85,86,70,71,89,71,73,86,67,69,28,82,84,86,73,82,86,61,67,28,80,78,79,73,80,82,80,81,82,31,32,29,73,78,80,56,61,28,32,55,28,76,77,78,73,76,78,55,56,28,30,31,29,73,74,76,54,55,32,71,72,73,34,52,33,52,53,33,33,53,32,53,54,32,74,75,76,60,61,56,51,35,36,50,51,36,37,50,36,66,67,61,35,52,34,39,48,38,51,52,35,38,49,37,49,50,37,47,48,39,67,68,69,48,49,38,40,47,39,59,60,56,41,46,40,46,47,40,42,46,41,45,43,44,43,45,42,45,46,42,65,66,61,58,59,57,64,65,62,63,64,62,84,82,83,19,18,8,7,5,8,5,19,8,27,23,24,26,24,25,26,27,24,29,32,28,57,59,56,62,65,61],"edges":[63,64,64,65,65,66,66,67,67,68,68,69,69,70,70,71,71,72,72,73,73,74,74,75,75,76,76,77,77,78,78,79,79,80,80,81,81,82,82,83,83,84,84,85,85,86,86,87,87,88,88,89,89,90,90,91,91,92,92,93,93,94,94,95,95,96,96,97,97,0,0,1,1,2,2,3,3,4,4,5,5,6,6,7,7,8,8,9,9,10,10,11,11,12,12,13,13,14,14,15,15,16,16,17,17,18,18,19,19,20,20,21,21,22,22,23,23,24,24,25,25,26,26,27,27,28,28,29,29,30,30,31,31,32,32,33,33,34,34,35,35,36,36,37,37,38,38,39,39,40,40,41,41,42,42,43,43,44,44,45,45,46,46,47,47,48,48,49,49,50,50,51,51,52,52,53,53,54,54,55,55,56,56,57,57,58,58,59,59,60,60,61,61,62,62,63]}],"name":"Layer 2 Copy 10"},{"display":[{"path":"Layer 2 Copy 8","type":"image","name":"Layer 2 Copy 8","transform":{"y":-4.4,"skX":-80.37,"skY":-80.37,"x":34}}],"name":"Layer 2 Copy 8"},{"display":[{"weights":[1,19,1,1,19,1,1,19,1,1,19,1,1,19,1,1,19,1,1,19,1,1,19,1,1,19,1,1,19,1,1,19,1,2,15,0.03665,19,0.96335,2,15,0.14028,19,0.85972,2,15,0.16836,19,0.83164,2,15,0.1711,19,0.8289,2,15,0.44762,19,0.55238,3,15,0.90998,19,0.08847,12,0.00154,1,15,1,3,15,0.93873,19,0.0026,12,0.05866,2,15,0.91197,12,0.08803,2,15,0.67589,12,0.32411,2,15,0.21246,12,0.78754,3,15,0.00003,9,0.01913,12,0.98085,2,9,0.42592,12,0.57408,3,7,0.05748,9,0.94079,12,0.00172,2,7,0.75755,9,0.24245,2,6,0.11195,7,0.88805,2,6,0.3367,7,0.6633,2,6,0.49682,7,0.50318,2,6,0.97599,7,0.02401,1,6,1,1,6,1,1,6,1,1,6,1,1,6,1,1,6,1,1,6,1,1,6,1,2,6,0.81777,7,0.18223,2,6,0.56733,7,0.43267,3,6,0.11658,7,0.87901,9,0.0044,4,15,0.00012,6,0.03088,7,0.93668,9,0.03232,4,15,0.00081,6,0.01069,7,0.91101,9,0.07749,5,15,0.00771,6,0.00007,7,0.7015,9,0.29022,12,0.00049,4,15,0.03376,7,0.34748,9,0.60474,12,0.01403,4,15,0.1245,7,0.08799,9,0.68914,12,0.09837,4,15,0.34451,7,0.00982,9,0.41082,12,0.23485,4,15,0.91858,19,0.05836,9,0.01573,12,0.00733,3,15,0.69957,19,0.30014,9,0.00029,2,15,0.2887,19,0.7113,2,15,0.01879,19,0.98121,1,19,1,1,19,1,1,19,1,1,6,1,1,6,1,2,6,0.09215,7,0.90785,2,7,0.99674,9,0.00326,2,7,0.00839,9,0.99161,2,6,0.9553,7,0.0447,2,9,0.06973,12,0.93027,2,15,0.06706,12,0.93294,2,15,0.97254,12,0.02746,2,15,0.53007,19,0.46993,2,15,0.04021,19,0.95979,2,6,0.18389,7,0.81611,3,6,0.02411,7,0.96672,9,0.00917,4,15,0.00025,6,0.00138,7,0.9573,9,0.04108,3,15,0.00144,7,0.88013,9,0.11843,4,15,0.01197,7,0.45478,9,0.53175,12,0.0015,4,15,0.04532,7,0.10732,9,0.81569,12,0.03167,4,15,0.12149,7,0.01223,9,0.67139,12,0.19489,4,15,0.56282,19,0.00025,9,0.06635,12,0.37058,2,15,0.90938,19,0.09062,2,15,0.53614,19,0.46386],"userEdges":[38,59,59,56,56,57,57,58,58,60,60,61,61,62,62,63,63,64,64,49],"vertices":[-78.69,-358.06,-100.22,-401.43,-102.39,-460.09,-76.18,-506.26,-68.38,-466.32,-60.58,-472.25,-59.33,-466.01,-57.15,-492.53,-42.47,-522.79,-34.67,-536.52,-21.26,-546.02,-13.78,-511.87,-2.85,-528.09,6.82,-537.45,16.8,-545.25,25.22,-513.74,51.44,-526.2,82.33,-535.56,78.57,-494.69,93.03,-490.02,81.38,-449.77,87.62,-421.07,87.61,-387.06,82.62,-355.24,67.02,-313.74,46.57,-281.27,3.83,-245.39,-4.59,-224.79,-16.13,-230.1,-41.72,-202.01,-66.37,-215.12,-93.2,-208.25,-138.44,-204.19,-171.82,-221.05,-174.97,-248.18,-174.98,-267.22,-155.6,-267.84,-107.87,-275.33,-63.87,-290.93,-52.64,-294.99,-32.36,-307.16,-21.75,-312.15,-17.7,-317.14,-7.09,-327.44,1.33,-338.99,8.2,-353.65,12.56,-368.31,13.99,-400.51,9.31,-413.61,1.83,-419.85,-6.3,-407.69,-15.66,-385.85,-28.45,-363.38,-57.15,-348.72,-130.84,-233.18,-69.55,-242.42,-21.5,-260.6,17.92,-288.32,38.56,-318.81,-67.32,-273.96,55.4,-367.89,53.08,-406.4,33.5,-438.73,13.67,-438.97,-8.28,-425.04,-32.35,-289.58,-16.78,-299.72,-5.69,-305.62,-0.49,-312.7,10.36,-326.63,19.1,-341.26,26.65,-356.37,30.19,-383.27,22.87,-414.19,11.08,-426.7],"edges":[34,33,33,32,32,31,31,30,30,29,29,28,28,27,27,26,26,25,25,24,24,23,23,22,22,21,21,20,20,19,19,18,18,17,17,16,16,15,15,14,14,13,13,12,12,11,11,10,10,9,9,8,8,7,7,6,6,5,5,4,4,3,3,2,2,1,1,0,0,53,53,52,52,51,51,50,50,49,49,48,48,47,47,46,46,45,45,44,44,43,43,42,42,41,41,40,40,39,39,38,38,37,37,36,36,35,35,34],"path":"Layer 2 Copy 9","type":"mesh","transform":{},"triangles":[16,18,17,60,23,22,21,61,22,18,20,19,18,62,20,20,61,21,61,60,22,60,58,24,62,61,20,60,24,23,15,62,18,16,15,18,71,58,60,61,72,60,58,25,24,15,63,62,71,70,58,58,57,25,62,73,61,72,71,60,57,26,25,73,72,61,11,63,15,73,47,72,69,68,57,46,71,72,74,73,62,70,69,58,69,57,58,14,13,15,63,74,62,47,46,72,13,12,15,45,70,71,46,45,71,11,6,63,56,26,57,12,11,15,6,64,63,68,67,57,48,47,73,74,48,73,66,56,57,44,69,70,45,44,70,67,66,57,49,48,74,64,74,63,64,49,74,44,43,69,43,68,69,65,56,66,28,27,26,56,28,26,64,50,49,42,67,68,43,42,68,42,41,67,41,66,67,1,51,64,64,51,50,6,1,64,56,55,28,8,7,11,9,8,11,0,52,51,1,0,51,30,29,28,55,30,28,41,40,66,40,65,66,65,59,56,59,55,56,4,1,6,39,59,65,0,53,52,40,39,65,38,59,39,2,1,4,5,4,6,3,2,4,55,31,30,37,55,59,37,59,38,54,31,55,37,54,55,54,32,31,36,54,37,36,34,54,34,33,54,33,32,54,35,34,36,10,9,11,7,6,11],"width":268,"uvs":[0.35813,0.5464,0.27897,0.42033,0.27082,0.24982,0.36861,0.11559,0.39771,0.23168,0.42682,0.21445,0.43147,0.23259,0.43962,0.1555,0.49434,0.06752,0.52344,0.02761,0.5735,0,0.60144,0.09927,0.64219,0.0521,0.67828,0.02489,0.71553,0.00222,0.74697,0.09382,0.84476,0.05754,0.96001,0.03034,0.94604,0.14915,1,0.16275,0.95652,0.27975,0.9798,0.36319,0.9798,0.46206,0.96117,0.55457,0.90297,0.67519,0.82667,0.76961,0.66718,0.87391,0.63575,0.93377,0.59267,0.91836,0.49721,1,0.40524,0.96189,0.30512,0.98184,0.12351,0.99726,0.01175,0.94466,0,0.86575,0,0.81043,0.07228,0.80861,0.2504,0.78684,0.41455,0.7415,0.45646,0.72971,0.53213,0.69433,0.57172,0.67982,0.58685,0.66531,0.62643,0.63538,0.65787,0.60182,0.68348,0.55919,0.69978,0.51657,0.70509,0.42297,0.68763,0.38488,0.66435,0.36855,0.62942,0.40211,0.5945,0.4656,0.54677,0.5309,0.43966,0.57353,0.15723,0.91147,0.39337,0.8825,0.57265,0.82967,0.71976,0.74909,0.79676,0.66045,0.40167,0.79083,0.85958,0.51779,0.85095,0.40584,0.77786,0.31186,0.70598,0.31198,0.62535,0.35295,0.53218,0.74544,0.5903,0.71594,0.63169,0.69879,0.65106,0.6782,0.69157,0.63773,0.72415,0.59519,0.75233,0.55129,0.76554,0.47308,0.73824,0.38321,0.69552,0.34736],"bonePose":[19,-0.5799922848714874,0.814621967227469,-0.814621967227469,-0.5799922848714874,19.293302840711952,-471.8883194335,15,-0.2679110518664791,-0.96344365081088,0.96344365081088,-0.2679110518664791,39.63578900893371,-398.7340430274299,12,-0.1365801112415735,-0.9906290290584258,0.9906290290584258,-0.1365801112415735,47.21345944742974,-359.14804284143554,9,0.3997091931752976,-0.9166420025785162,0.9166420025785162,0.3997091931752976,26.91622661798813,-312.60096195049846,7,0.7692880573131214,-0.6389020933409152,0.6389020933409152,0.7692880573131214,-32.93438424097272,-262.89437908857525,6,0.9555875030216956,-0.2947075229252913,0.2947075229252913,0.9555875030216956,-154.38,-225.44],"height":344,"name":"Layer 2 Copy 9","slotPose":[1,0,0,1,0,0]}],"name":"Layer 2 Copy 9"},{"display":[{"weights":[2,17,0.53106,23,0.46894,2,17,0.86468,23,0.13532,2,17,0.97764,23,0.02236,2,17,0.99951,23,0.00049,1,17,1,1,17,1,1,17,1,1,17,1,1,17,1,1,17,1,1,17,1,1,17,1,2,17,0.99748,23,0.00252,2,17,0.89928,23,0.10072,2,17,0.01903,23,0.98097,1,23,1,2,23,0.95633,25,0.04367,2,23,0.34532,25,0.65468,2,23,0.07957,25,0.92043,2,23,0.06369,25,0.93631,2,23,0.03004,25,0.96996,1,25,1,1,25,1,1,25,1,1,25,1,1,25,1,1,25,1,1,25,1,1,25,1,1,25,1,1,25,1,1,25,1,1,25,1,1,25,1,1,25,1,1,25,1,1,25,1,1,23,1,2,23,0.00415,25,0.99585,2,23,0.12853,25,0.87147,2,23,0.00085,25,0.99915,1,25,1,2,23,0.18382,25,0.81618,2,23,0.99897,25,0.00103,1,23,1,2,17,0.88355,23,0.11645,2,17,0.99314,23,0.00686,1,17,1,1,17,1],"userEdges":[24,38,38,39,39,19,38,40,40,30,40,41,41,36,42,43,43,44,44,45,45,46,46,47,47,48],"vertices":[-34.17,-421.36,-32.65,-434.74,-21.7,-443.1,-26.87,-454.04,-24.13,-466.65,-13.18,-478.21,0.34,-480.02,16.6,-477.74,26.03,-464.52,26.35,-448.87,11.89,-429.41,13.56,-412.08,7.32,-394.15,13.09,-378.02,-23.08,-354.01,-52.57,-352.02,-79.14,-367.14,-106.96,-378.85,-116.69,-367.61,-119.17,-369.21,-120.92,-363.54,-143.52,-352.03,-160.67,-352.03,-156.27,-365.84,-150.11,-377.05,-166.36,-376.62,-184.66,-372.34,-184.67,-383.26,-175.11,-398.31,-162.58,-407.13,-153.41,-409.72,-146.99,-419.91,-140,-424.75,-132.57,-424.74,-129.77,-423.07,-123.54,-425.79,-116.05,-421.73,-82.74,-422.22,-135.25,-389.34,-116.32,-388.3,-129.34,-401.18,-120.75,-410.8,-108.59,-400.11,-66.82,-395.24,-21.88,-384.42,-15.09,-406.25,-9.16,-423.85,-4.5,-436.14,1.24,-457.34],"edges":[26,25,25,24,24,23,23,22,22,21,21,20,20,19,19,18,18,17,17,16,16,15,15,14,14,13,13,12,12,11,11,10,10,9,9,8,8,7,7,6,6,5,5,4,4,3,3,2,2,1,1,0,0,37,37,36,36,35,35,34,34,33,33,32,32,31,31,30,30,29,29,28,28,27,27,26],"path":"Layer 2 Copy 6","type":"mesh","transform":{},"triangles":[48,10,9,48,9,8,7,48,8,48,47,10,6,48,7,45,12,11,46,45,11,10,46,11,12,44,13,44,14,13,47,46,10,6,5,48,45,44,12,3,2,48,4,3,48,5,4,48,2,47,48,2,46,47,2,1,46,1,0,46,0,45,46,0,44,45,0,43,44,15,14,44,43,15,44,37,43,0,43,16,15,37,42,43,17,16,43,42,17,43,36,42,37,36,41,42,19,18,17,39,19,17,42,39,17,40,39,42,41,40,42,35,34,41,38,19,39,40,38,39,35,41,36,24,20,19,38,24,19,24,21,20,34,40,41,24,23,21,33,32,34,32,31,34,30,38,40,31,30,40,34,31,40,30,24,38,30,29,24,29,25,24,23,22,21,28,25,29,28,27,25,27,26,25],"width":211,"uvs":[0.71321,0.45824,0.72041,0.35374,0.77228,0.28843,0.74779,0.20293,0.76075,0.10436,0.81262,0.01411,0.87673,0,0.95381,0.01768,0.99848,0.12099,1,0.2433,0.93148,0.3953,0.93941,0.53067,0.90987,0.6708,0.93725,0.79683,0.7658,0.98446,0.62604,1,0.50008,0.88185,0.36825,0.79041,0.32215,0.87829,0.31038,0.8657,0.30209,0.91,0.19497,1,0.11369,1,0.13459,0.89206,0.16378,0.80456,0.08674,0.80793,0,0.84129,0,0.75598,0.04527,0.6384,0.10466,0.5695,0.14812,0.54926,0.17855,0.46966,0.21172,0.43192,0.24689,0.43192,0.26016,0.44505,0.28968,0.42372,0.32518,0.45544,0.483,0.45161,0.23415,0.7085,0.32393,0.71659,0.2622,0.616,0.30289,0.54084,0.36053,0.62431,0.55847,0.6624,0.77147,0.74687,0.80362,0.57628,0.83175,0.43881,0.85386,0.34275,0.88099,0.17712],"bonePose":[17,-0.18051914525056,0.9835714708133858,-0.9835714708133858,-0.18051914525056,0.3716351549228847,-463.3778851326804,23,-0.9688430574367816,-0.2476754530762975,0.2476754530762975,-0.9688430574367816,-13.412806776409878,-388.2723676213703,25,-0.9639562272263832,0.2660608802351023,-0.2660608802351023,-0.9639562272263832,-101.97475065670606,-410.91238078707465],"height":128,"name":"Layer 2 Copy 6","slotPose":[1,0,0,1,0,0]}],"name":"Layer 2 Copy 6"},{"display":[{"weights":[1,8,1,1,8,1,1,8,1,1,8,1,1,8,1,2,8,0.99887,10,0.00113,2,8,0.87285,10,0.12715,2,8,0.10775,10,0.89225,2,10,0.76134,11,0.23866,2,10,0.20119,11,0.79881,2,10,0.00089,11,0.99911,1,11,1,1,11,1,1,11,1,1,11,1,1,11,1,1,11,1,1,11,1,1,11,1,1,11,1,3,8,0.00241,10,0.89239,11,0.1052,3,8,0.34473,10,0.65394,11,0.00133,2,8,0.9572,10,0.0428,2,8,0.999,10,0.001,2,8,0.99953,10,0.00047,1,8,1,1,8,1,1,8,1,1,8,1,2,8,0.96047,10,0.03953,1,8,1,2,8,0.99798,10,0.00202,2,8,0.16211,10,0.83789,2,8,0.00182,10,0.99818,1,10,1,2,10,0.04593,11,0.95407,2,10,0.00176,11,0.99824,1,11,1,1,11,1],"userEdges":[26,27,27,28,28,29,29,22],"vertices":[-175.65,-255.86,-175.66,-234.04,-166.82,-221.81,-143.4,-217.29,-122.93,-225.53,-104.04,-242.29,-86.76,-263.31,-56.17,-293.1,-11.74,-340.97,6.08,-356.94,43.41,-374.1,64.17,-390.06,74.35,-405.75,74.35,-423.84,65.76,-437.68,46.88,-440.07,25.59,-440.07,9.9,-431.83,-20.69,-414.54,-52.34,-394.05,-97.83,-355.75,-122.57,-332.34,-142.52,-308.13,-158.75,-306.27,-156.36,-299.89,-175.66,-294.04,-171.78,-269.56,-159.81,-266.11,-140.93,-286.31,-135.07,-302.01,-142.34,-250.67,-114.19,-278.11,-86.03,-302.65,-67.98,-320.34,-43.43,-347.41,-15.27,-374.85,10.72,-391.82,34.55,-407.34,51.16,-415.28],"edges":[0,1,1,2,2,3,3,4,4,5,5,6,6,7,7,8,8,9,9,10,10,11,11,12,12,13,13,14,14,15,15,16,16,17,17,18,18,19,19,20,20,21,21,22,22,23,23,24,24,25,25,26,26,0],"path":"Layer 2 Copy 12","type":"mesh","transform":{},"triangles":[38,11,12,38,12,13,14,38,13,38,37,11,15,38,14,37,10,11,15,16,38,16,37,38,37,36,10,36,9,10,16,17,37,17,36,37,35,9,36,17,18,36,18,35,36,35,8,9,33,7,34,18,19,35,35,34,8,34,7,8,19,34,35,19,20,34,20,33,34,33,32,7,32,6,7,20,32,33,29,31,32,21,29,32,20,21,32,32,31,6,31,5,6,31,30,5,30,4,5,22,29,21,29,28,31,28,30,31,30,3,4,2,3,30,27,30,28,24,28,29,22,24,29,1,2,30,24,27,28,23,24,22,27,0,30,0,1,30,26,27,24,25,26,24,26,0,27],"width":250,"uvs":[0,0.79243,0,0.88146,0.03536,0.9314,0.12899,0.94986,0.21092,0.9162,0.28646,0.8478,0.35562,0.76203,0.47798,0.64043,0.65567,0.445,0.72696,0.37986,0.87629,0.30981,0.95928,0.24467,1,0.18061,1,0.10679,0.96566,0.05033,0.89012,0.04056,0.80393,0.04924,0.74222,0.07421,0.61986,0.14479,0.49325,0.22839,0.3113,0.38473,0.21235,0.48027,0.13255,0.57907,0.06765,0.58667,0.07722,0.61273,0,0.63661,0.01551,0.7365,0.06339,0.75061,0.13893,0.6681,0.16234,0.60404,0.13324,0.81361,0.24588,0.70162,0.35851,0.60143,0.43071,0.52923,0.5289,0.41872,0.64153,0.30673,0.7455,0.23748,0.84045,0.17703,0.90708,0.14288],"bonePose":[8,0.6371549910597287,-0.7707356987759663,0.7707356987759663,0.6371549910597287,-161.11826658325108,-232.25693944912535,10,0.7241718614374675,-0.6896195437356698,0.6896195437356698,0.7241718614374675,-100.8317955159578,-304.8215996237063,11,0.8117778741233377,-0.5839663372864865,0.5839663372864865,0.8117778741233377,-40.90203937639711,-362.9414097494525],"height":245,"name":"Layer 2 Copy 12","slotPose":[1,0,0,1,0,0]}],"name":"Layer 2 Copy 12"},{"display":[{"path":"Layer 2 Copy 13","type":"image","name":"Layer 2 Copy 13","transform":{"y":-18.48,"skX":6.64,"skY":6.64,"x":32.18}}],"name":"Layer 2 Copy 13"},{"display":[{"width":173,"type":"mesh","vertices":[-12.19,0.98,1.78,35.65,24.08,59.2,51.73,75.06,84.4,82.48,111.12,79.48,128.44,71.69,146.39,54.83,160.77,22.16,167.12,-8.87,162.81,-27.59,146.61,-65.22,126.59,-80.41,96.67,-93.83,64.81,-97.57,38.21,-90.6,16.82,-81.98,-2.9,-66.94,-15.7,-46.94,-18.96,-25.84,-15.7,-7.77,71.47,-4.1],"transform":{},"userEdges":[],"path":"Layer 2 Copy 14","uvs":[1,0.64267,1,0.44061,0.93129,0.27753,0.81733,0.14214,0.65821,0.03892,0.5084,0,0.39874,0.00406,0.26606,0.05232,0.10336,0.19107,0.01734,0.32981,0,0.43237,0.00555,0.65374,0.0801,0.77037,0.21152,0.89808,0.37422,0.9812,0.53191,1,0.66523,1,0.80346,0.96444,0.91527,0.89004,0.97835,0.79084,0.99985,0.69365,0.54046,0.49915],"height":185,"name":"Layer 2 Copy 14","triangles":[21,0,1,2,21,1,0,21,20,21,19,20,21,17,18,21,18,19,21,16,17,3,21,2,21,15,16,4,21,3,5,6,21,6,7,21,14,15,21,13,14,21,5,21,4,11,12,21,10,11,21,8,9,21,9,10,21,12,13,21,7,8,21],"edges":[10,11,11,12,12,13,13,14,14,15,15,16,16,17,17,18,18,19,19,20,20,0,0,1,1,2,2,3,3,4,4,5,5,6,6,7,7,8,8,9,9,10]}],"name":"Layer 2 Copy 14"}]}],"aabb":{"width":434,"y":-553.0949549666668,"height":553.0949549666668,"x":-199.65},"ik":[{"bendPositive":"false","bone":"mid16","name":"ikback","target":"ikback"},{"chain":1,"bone":"mid14","name":"LeftClaw","target":"LeftClaw"},{"chain":1,"bone":"mid12","name":"ArmRight","target":"ArmRight"}],"bone":[{"name":"root","transform":{}},{"transform":{"y":-327.42,"x":49.38},"name":"ArmRight","parent":"root"},{"transform":{"y":-403.11,"x":-96.44},"name":"LeftClaw","parent":"root"},{"transform":{"y":-391.94,"x":27.12},"name":"mid","parent":"root"},{"transform":{"y":-392.16,"x":171.76},"name":"ikback","parent":"root"},{"transform":{"y":-19.2,"x":7.61},"name":"shadow","parent":"root"},{"length":127,"transform":{"y":166.5,"skX":-17.14,"skY":-17.14,"x":-181.5},"parent":"mid","name":"mid4"},{"length":77,"transform":{"skX":-22.57,"skY":-22.57,"x":127.09},"parent":"mid4","name":"mid5"},{"length":94,"transform":{"y":-8.5,"skX":-33.28,"skY":-33.28,"x":-4.43},"parent":"mid4","name":"mid8"},{"length":50,"transform":{"skX":-26.73,"skY":-26.73,"x":77.8},"parent":"mid5","name":"mid6"},{"length":83,"transform":{"y":0.23,"skX":6.82,"skY":6.82,"x":94.34},"parent":"mid8","name":"mid9"},{"length":128,"transform":{"y":-0.76,"skX":7.87,"skY":7.87,"x":83.48},"parent":"mid9","name":"mid10"},{"length":40,"transform":{"skX":-31.41,"skY":-31.41,"x":50.78},"parent":"mid6","name":"mid7"},{"length":154,"transform":{"y":-4.62,"skX":-122.32,"skY":-122.32,"x":5.25},"parent":"mid10","name":"mid17"},{"length":138,"transform":{"y":84.02,"skX":151.59,"skY":151.59,"x":71.97},"parent":"mid10","name":"mid18"},{"length":75,"transform":{"y":-2.1,"skX":-7.69,"skY":-7.69,"x":40.25},"parent":"mid7","name":"mid2"},{"length":114,"transform":{"y":43.15,"skX":29.09,"skY":29.09,"x":86.5},"parent":"mid10","name":"mid16"},{"length":76,"transform":{"y":-20.51,"skX":-154.06,"skY":-154.06,"x":72.8},"parent":"mid2","name":"mid11"},{"length":78,"transform":{"y":32.22,"skX":149.24,"skY":149.24,"x":14.96},"parent":"mid2","name":"arm right"},{"length":154,"transform":{"skX":-129.01,"skY":-129.01,"x":75.93},"parent":"mid2","name":"mid3"},{"length":63,"transform":{"skX":-28.53,"skY":-28.53,"x":138.35},"parent":"mid18","name":"mid19"},{"length":91,"transform":{"y":8.15,"skX":0.07,"skY":0.07,"x":112.4},"parent":"mid3","name":"head top"},{"length":113,"transform":{"skX":87.68,"skY":87.68,"x":78.39},"parent":"arm right","name":"mid12"},{"length":91,"transform":{"skX":93.94,"skY":93.94,"x":76.36},"parent":"mid11","name":"mid14"},{"length":110,"transform":{"skX":-39.07,"skY":-39.07,"x":63.37},"parent":"mid19","name":"mid20"},{"length":65,"transform":{"skX":-29.77,"skY":-29.77,"x":91.41},"parent":"mid14","name":"mid15"},{"length":58,"transform":{"skX":-30.41,"skY":-30.41,"x":113.05},"parent":"mid12","name":"mid13"},{"length":60,"transform":{"y":-18.38,"skX":-45.14,"skY":-45.14,"x":19.13},"parent":"head top","name":"jaw"}],"name":"HuangLong","slot":[{"name":"Layer 2 Copy 16","parent":"shadow","color":{}},{"z":1,"name":"Layer 2 Copy 15","parent":"root","color":{}},{"z":2,"name":"Layer 2 Copy 14","parent":"mid17","color":{}},{"z":3,"name":"Layer 2 Copy 13","parent":"mid16","color":{}},{"z":4,"name":"Layer 2 Copy 12","parent":"root","color":{}},{"z":5,"name":"Layer 2 Copy 6","parent":"root","color":{}},{"z":6,"name":"Layer 2 Copy 9","parent":"mid4","color":{}},{"z":7,"name":"Layer 2 Copy 8","parent":"jaw","color":{}},{"z":8,"name":"Layer 2 Copy 10","parent":"head top","color":{}},{"z":9,"name":"Layer 2 Copy 7","parent":"arm right","color":{}}]}],"name":"HuangLong","version":"5.0"}