{"width":512,"SubTexture":[{"frameX":-1,"frameHeight":36,"y":143,"frameY":-1,"frameWidth":230,"width":228,"height":34,"name":"Ellipse 13","x":1},{"width":172,"y":1,"height":140,"name":"Layer 236","x":1},{"width":51,"y":128,"height":74,"name":"Layer 234","x":280},{"frameX":-1,"frameHeight":124,"y":1,"frameY":-1,"frameWidth":152,"width":150,"height":122,"name":"Layer 235","x":175},{"width":47,"y":125,"height":130,"name":"Layer 237","x":231},{"frameX":-1,"frameHeight":18,"y":125,"frameY":-1,"frameWidth":34,"width":32,"height":16,"name":"Layer 238","x":175},{"frameX":-1,"frameHeight":29,"y":33,"frameY":-1,"frameWidth":27,"width":25,"height":27,"name":"Layer 239","x":479},{"width":74,"y":1,"height":125,"name":"Layer 111 copy","x":327},{"frameX":-1,"frameHeight":32,"y":1,"frameY":-1,"frameWidth":33,"width":31,"height":30,"name":"Layer 240","x":479},{"frameX":-1,"frameHeight":32,"y":194,"frameY":-1,"frameWidth":38,"width":36,"height":30,"name":"Layer 241","x":333},{"width":88,"y":115,"height":94,"name":"Layer 242","x":403},{"frameX":-1,"frameHeight":66,"y":128,"frameY":-1,"frameWidth":55,"width":53,"height":64,"name":"Layer 244","x":333},{"width":74,"y":1,"height":112,"name":"Layer 243","x":403}],"height":512,"name":"Skoll","imagePath":"Skoll_tex.png"}