{"frameRate":30,"armature":[{"ik":[{"bendPositive":"false","bone":"bone6","name":"IKLEGL","chain":1,"target":"IKLEGL"},{"bendPositive":"false","bone":"bone3","name":"IKLEGR","chain":1,"target":"IKLEGR"},{"bendPositive":"false","name":"IKFootL","bone":"bone7","target":"IKFootL"},{"bendPositive":"false","name":"IKFootR","bone":"bone4","target":"IKFootR"}],"defaultActions":[{"gotoAndPlay":"Attack A"}],"type":"Armature","frameRate":30,"aabb":{"width":230,"y":-251.72711229647584,"height":251.85711229647583,"x":-128.03},"animation":[{"ik":[],"frame":[],"ffd":[],"bone":[{"frame":[{"duration":10,"transform":{}},{"duration":3,"transform":{}},{"duration":7,"transform":{}},{"duration":3,"transform":{}},{"duration":14,"transform":{}},{"duration":0,"transform":{}}],"name":"root"},{"frame":[{"duration":10,"curve":[0.25,0,1,0],"transform":{}},{"duration":3,"curve":[0.25,0,0,1],"transform":{"y":20.58,"x":-2.51}},{"duration":7,"curve":[0.25,0,0.829,0.61],"transform":{"y":36.44,"x":-36.4}},{"duration":3,"transform":{"y":40.21,"x":-36.4}},{"duration":14,"curve":[0.25,0,0.75,1],"transform":{"y":40.21,"x":-36.4}},{"duration":0,"transform":{}}],"name":"bone"},{"frame":[{"duration":10,"transform":{}},{"duration":3,"transform":{}},{"duration":7,"transform":{}},{"duration":3,"transform":{}},{"duration":14,"transform":{}},{"duration":0,"transform":{}}],"name":"IKLEGR"},{"frame":[{"duration":10,"curve":[0.25,0,1,0],"transform":{"skX":0.26,"skY":0.26}},{"duration":3,"transform":{"skX":22.81,"skY":22.81}},{"duration":7,"transform":{"skX":22.81,"skY":22.81}},{"duration":3,"transform":{"skX":22.81,"skY":22.81}},{"duration":14,"curve":[0.25,0,0.75,1],"transform":{"skX":22.81,"skY":22.81}},{"duration":0,"transform":{"skX":0.26,"skY":0.26}}],"name":"bone2"},{"frame":[{"duration":10,"curve":[0.25,0,1,0],"transform":{"skX":-0.09,"skY":-0.09}},{"duration":3,"transform":{"skX":-67.06,"skY":-67.06}},{"duration":7,"transform":{"skX":-67.06,"skY":-67.06}},{"duration":3,"transform":{"skX":-67.06,"skY":-67.06}},{"duration":14,"curve":[0.25,0,0.75,1],"transform":{"skX":-67.06,"skY":-67.06}},{"duration":0,"transform":{"skX":-0.09,"skY":-0.09}}],"name":"bone3"},{"frame":[{"duration":10,"transform":{}},{"duration":3,"transform":{}},{"duration":7,"transform":{}},{"duration":3,"transform":{}},{"duration":14,"transform":{}},{"duration":0,"transform":{}}],"name":"IKFootR"},{"frame":[{"duration":10,"curve":[0.25,0,1,0],"transform":{"skX":0.06,"skY":0.06}},{"duration":3,"transform":{"skX":44.48,"skY":44.48}},{"duration":7,"transform":{"skX":44.48,"skY":44.48}},{"duration":3,"transform":{"skX":44.48,"skY":44.48}},{"duration":14,"curve":[0.25,0,0.75,1],"transform":{"skX":44.48,"skY":44.48}},{"duration":0,"transform":{"skX":0.06,"skY":0.06}}],"name":"bone4"},{"frame":[{"duration":10,"curve":[0.25,0,1,0],"transform":{}},{"duration":3,"curve":[0.25,0,0,1],"transform":{"x":-40.16}},{"duration":7,"transform":{"x":-69.72}},{"duration":3,"transform":{"x":-69.72}},{"duration":14,"curve":[0.25,0,0.75,1],"transform":{"x":-69.72}},{"duration":0,"transform":{}}],"name":"IKLEGL"},{"frame":[{"duration":10,"curve":[0.25,0,1,0],"transform":{"skX":9.86,"skY":9.86}},{"duration":3,"transform":{"skX":46.05,"skY":46.05}},{"duration":7,"transform":{"skX":46.05,"skY":46.05}},{"duration":3,"transform":{"skX":46.05,"skY":46.05}},{"duration":14,"curve":[0.25,0,0.75,1],"transform":{"skX":46.05,"skY":46.05}},{"duration":0,"transform":{"skX":9.86,"skY":9.86}}],"name":"bone5"},{"frame":[{"duration":10,"curve":[0.25,0,1,0],"transform":{"skX":-21.5,"skY":-21.5}},{"duration":3,"transform":{"skX":-52.42,"skY":-52.42}},{"duration":7,"transform":{"skX":-52.42,"skY":-52.42}},{"duration":3,"transform":{"skX":-52.42,"skY":-52.42}},{"duration":14,"curve":[0.25,0,0.75,1],"transform":{"skX":-52.42,"skY":-52.42}},{"duration":0,"transform":{"skX":-21.5,"skY":-21.5}}],"name":"bone6"},{"frame":[{"duration":10,"curve":[0.25,0,1,0],"transform":{}},{"duration":3,"curve":[0.25,0,0,1],"transform":{"x":-39.16}},{"duration":7,"transform":{"x":-69.82}},{"duration":3,"transform":{"x":-69.82}},{"duration":14,"curve":[0.25,0,0.75,1],"transform":{"x":-69.82}},{"duration":0,"transform":{}}],"name":"IKFootL"},{"frame":[{"duration":10,"curve":[0.25,0,1,0],"transform":{"skX":-0.05,"skY":-0.05}},{"duration":3,"transform":{"skX":-11.53,"skY":-11.53}},{"duration":7,"transform":{"skX":-11.53,"skY":-11.53}},{"duration":3,"transform":{"skX":-11.53,"skY":-11.53}},{"duration":14,"curve":[0.25,0,0.75,1],"transform":{"skX":-11.53,"skY":-11.53}},{"duration":0,"transform":{"skX":-0.05,"skY":-0.05}}],"name":"bone7"},{"frame":[{"duration":10,"transform":{}},{"duration":3,"curve":[0.25,0,0,1],"transform":{}},{"duration":7,"transform":{"skX":-6.76,"skY":-6.76}},{"duration":3,"transform":{"skX":-6.76,"skY":-6.76}},{"duration":14,"curve":[0.25,0,0.75,1],"transform":{"skX":-6.76,"skY":-6.76}},{"duration":0,"transform":{}}],"name":"bone8"},{"frame":[{"duration":10,"transform":{}},{"duration":3,"curve":[0.25,0,0,1],"transform":{}},{"duration":7,"transform":{"skX":-13.75,"skY":-13.75}},{"duration":3,"transform":{"skX":-13.75,"skY":-13.75}},{"duration":14,"curve":[0.25,0,0.75,1],"transform":{"skX":-13.75,"skY":-13.75}},{"duration":0,"transform":{}}],"name":"bone9"},{"frame":[{"duration":10,"transform":{}},{"duration":3,"transform":{}},{"duration":7,"transform":{}},{"duration":3,"transform":{}},{"duration":14,"transform":{}},{"duration":0,"transform":{}}],"name":"bone10"},{"frame":[{"duration":10,"curve":[0.25,0,1,0],"transform":{}},{"duration":3,"curve":[0.25,0,0,1],"transform":{"skX":12.39,"skY":12.39}},{"duration":10,"curve":[0.25,0,0.75,1],"transform":{"skX":-10.9,"skY":-10.9}},{"duration":14,"curve":[0.25,0,0.75,1],"transform":{"skX":-342.24,"skY":-342.24}},{"duration":0,"transform":{}}],"name":"bone11"},{"frame":[{"duration":10,"curve":[0.25,0,1,0],"transform":{}},{"duration":3,"curve":[0.25,0,0,1],"transform":{"skX":-241.53,"skY":-241.53}},{"duration":7,"transform":{"skX":-318.22,"skY":-318.22}},{"duration":3,"transform":{"skX":-318.22,"skY":-318.22}},{"duration":14,"curve":[0.25,0,0.75,1],"transform":{"skX":-318.22,"skY":-318.22}},{"duration":0,"transform":{}}],"name":"bone12"},{"frame":[{"duration":10,"curve":[0.25,0,1,0],"transform":{}},{"duration":3,"curve":[0.25,0,0,1],"transform":{"skX":35.52,"skY":35.52}},{"duration":7,"transform":{"y":6.55,"x":11.38}},{"duration":3,"transform":{"y":6.55,"x":11.38}},{"duration":14,"curve":[0.25,0,0.75,1],"transform":{"y":6.55,"x":11.38}},{"duration":0,"transform":{}}],"name":"bone13"},{"frame":[{"duration":10,"curve":[0.25,0,1,0],"transform":{}},{"duration":3,"curve":[0.25,0,0,1],"transform":{"skX":75.44,"skY":75.44}},{"duration":7,"transform":{"skX":-18.16,"skY":-18.16}},{"duration":3,"transform":{"skX":-18.16,"skY":-18.16}},{"duration":14,"curve":[0.25,0,0.75,1],"transform":{"skX":-18.16,"skY":-18.16}},{"duration":0,"transform":{}}],"name":"bone14"},{"frame":[{"duration":10,"transform":{}},{"duration":3,"curve":[0.25,0,0,1],"transform":{}},{"duration":7,"transform":{"skX":-75.79,"skY":-75.79}},{"duration":3,"transform":{"skX":-75.79,"skY":-75.79}},{"duration":14,"curve":[0.25,0,0.75,1],"transform":{"skX":-75.79,"skY":-75.79}},{"duration":0,"transform":{}}],"name":"bone15"},{"frame":[{"duration":10,"curve":[0.25,0,1,0],"transform":{}},{"duration":3,"curve":[0.25,0,0,1],"transform":{"skX":-52.16,"skY":-52.16}},{"duration":7,"transform":{"skX":-52.16,"skY":-52.16,"scX":1.2,"scY":1.12}},{"duration":3,"transform":{"skX":-52.16,"skY":-52.16,"scX":1.2,"scY":1.12}},{"duration":14,"curve":[0.25,0,0.75,1],"transform":{"skX":-52.16,"skY":-52.16,"scX":1.2,"scY":1.12}},{"duration":0,"transform":{}}],"name":"bone16"},{"frame":[{"duration":10,"curve":[0.25,0,1,0],"transform":{}},{"duration":3,"curve":[0.25,0,0,1],"transform":{"scX":0.9}},{"duration":7,"transform":{"scX":1.38}},{"duration":3,"transform":{"scX":1.38}},{"duration":14,"curve":[0.25,0,0.75,1],"transform":{"scX":1.38}},{"duration":0,"transform":{}}],"name":"bone17"},{"frame":[{"duration":10,"curve":[0.25,0,1,0],"transform":{}},{"duration":3,"curve":[0.25,0,0,1],"transform":{"skX":-21.05,"skY":-21.05}},{"duration":7,"transform":{"skX":-23.34,"skY":-23.34}},{"duration":3,"transform":{"skX":-23.34,"skY":-23.34}},{"duration":14,"curve":[0.25,0,0.75,1],"transform":{"skX":-23.34,"skY":-23.34}},{"duration":0,"transform":{}}],"name":"bone18"},{"frame":[{"duration":10,"curve":[0.25,0,1,0],"transform":{}},{"duration":3,"curve":[0.25,0,0,1],"transform":{"skX":-19.98,"skY":-19.98}},{"duration":7,"transform":{"skX":2.65,"skY":2.65}},{"duration":3,"transform":{"skX":2.65,"skY":2.65}},{"duration":14,"curve":[0.25,0,0.75,1],"transform":{"skX":2.65,"skY":2.65}},{"duration":0,"transform":{}}],"name":"bone19"}],"duration":37,"slot":[],"name":"Attack A"},{"ik":[],"frame":[],"ffd":[],"bone":[{"frame":[{"duration":10,"transform":{}},{"duration":3,"transform":{}},{"duration":7,"transform":{}},{"duration":5,"transform":{}},{"duration":5,"transform":{}},{"duration":19,"transform":{}},{"duration":6,"transform":{}},{"duration":12,"transform":{}},{"duration":0,"transform":{}}],"name":"root"},{"frame":[{"duration":10,"curve":[0.235,0,0.597,0],"transform":{}},{"duration":3,"transform":{"y":7.74,"x":-6.69}},{"duration":7,"curve":[0.25,0,1,0],"transform":{"y":7.74,"x":-6.69}},{"duration":5,"curve":[0.25,0,0.75,1],"transform":{"y":15.03,"x":9.84}},{"duration":5,"curve":[0.25,0,0,1],"transform":{"y":-10.98,"x":-212.01}},{"duration":5,"curve":[0.439,0.05,1,0.26],"transform":{"y":36.38,"x":-291.93}},{"duration":7,"curve":[0.25,0,0.75,1],"transform":{"y":26.59,"x":-291.93}},{"duration":7,"curve":[0.25,0,0.75,1],"transform":{"y":-40.45,"x":-141.81}},{"duration":6,"curve":[0.25,0,0.75,1],"transform":{"y":18.89}},{"duration":12,"curve":[0.235,0,0.597,0],"transform":{"y":18.89,"x":31.14}},{"duration":0,"transform":{}}],"name":"bone"},{"frame":[{"duration":10,"transform":{}},{"duration":3,"transform":{}},{"duration":7,"transform":{}},{"duration":5,"curve":[0.25,0,0.75,1],"transform":{}},{"duration":5,"curve":[0.25,0,0,1],"transform":{"x":-100.98}},{"duration":5,"transform":{"x":-269.59}},{"duration":7,"curve":[0.25,0,0.75,1],"transform":{"x":-269.59}},{"duration":7,"curve":[0.25,0,0.75,1],"transform":{"x":-249.12}},{"duration":6,"curve":[0.25,0,0.75,1],"transform":{}},{"duration":12,"curve":[0.235,0,0.597,0],"transform":{"x":31.14}},{"duration":0,"transform":{}}],"name":"IKLEGR"},{"frame":[{"duration":10,"curve":[0.235,0,0.597,0],"transform":{"skX":0.26,"skY":0.26}},{"duration":3,"transform":{"skX":9.08,"skY":9.08}},{"duration":7,"transform":{"skX":9.08,"skY":9.08}},{"duration":5,"transform":{"skX":9.08,"skY":9.08}},{"duration":5,"transform":{"skX":9.08,"skY":9.08}},{"duration":5,"curve":[0.439,0.05,1,0.26],"transform":{"skX":9.08,"skY":9.08}},{"duration":7,"transform":{"skX":3.57,"skY":3.57}},{"duration":7,"curve":[0.25,0,0.75,1],"transform":{"skX":3.57,"skY":3.57}},{"duration":6,"transform":{"skX":24.59,"skY":24.59}},{"duration":12,"curve":[0.235,0,0.597,0],"transform":{"skX":24.59,"skY":24.59}},{"duration":0,"transform":{"skX":0.26,"skY":0.26}}],"name":"bone2"},{"frame":[{"duration":10,"curve":[0.235,0,0.597,0],"transform":{"skX":-0.09,"skY":-0.09}},{"duration":3,"transform":{"skX":-31.69,"skY":-31.69}},{"duration":7,"transform":{"skX":-31.69,"skY":-31.69}},{"duration":5,"transform":{"skX":-31.69,"skY":-31.69}},{"duration":5,"transform":{"skX":-31.69,"skY":-31.69}},{"duration":5,"curve":[0.439,0.05,1,0.26],"transform":{"skX":-31.69,"skY":-31.69}},{"duration":7,"transform":{"skX":-50.97,"skY":-50.97}},{"duration":7,"curve":[0.25,0,0.75,1],"transform":{"skX":-50.97,"skY":-50.97}},{"duration":6,"transform":{"skX":-66.61,"skY":-66.61}},{"duration":12,"curve":[0.235,0,0.597,0],"transform":{"skX":-66.61,"skY":-66.61}},{"duration":0,"transform":{"skX":-0.09,"skY":-0.09}}],"name":"bone3"},{"frame":[{"duration":10,"transform":{}},{"duration":3,"transform":{}},{"duration":7,"transform":{}},{"duration":5,"curve":[0.25,0,0.75,1],"transform":{}},{"duration":5,"curve":[0.25,0,0,1],"transform":{"x":-112.75}},{"duration":5,"transform":{"x":-264.04}},{"duration":7,"curve":[0.25,0,0.75,1],"transform":{"x":-264.04}},{"duration":7,"curve":[0.25,0,0.75,1],"transform":{"x":-300.05}},{"duration":6,"curve":[0.25,0,0.75,1],"transform":{}},{"duration":12,"curve":[0.235,0,0.597,0],"transform":{"x":31.14}},{"duration":0,"transform":{}}],"name":"IKFootR"},{"frame":[{"duration":10,"curve":[0.235,0,0.597,0],"transform":{"skX":0.06,"skY":0.06}},{"duration":3,"transform":{"skX":22.84,"skY":22.84}},{"duration":7,"transform":{"skX":22.84,"skY":22.84}},{"duration":5,"transform":{"skX":22.84,"skY":22.84}},{"duration":5,"transform":{"skX":22.84,"skY":22.84}},{"duration":5,"curve":[0.439,0.05,1,0.26],"transform":{"skX":22.84,"skY":22.84}},{"duration":7,"transform":{"skX":35.19,"skY":35.19}},{"duration":7,"curve":[0.25,0,0.75,1],"transform":{"skX":35.19,"skY":35.19}},{"duration":6,"transform":{"skX":42.24,"skY":42.24}},{"duration":12,"curve":[0.235,0,0.597,0],"transform":{"skX":42.24,"skY":42.24}},{"duration":0,"transform":{"skX":0.06,"skY":0.06}}],"name":"bone4"},{"frame":[{"duration":10,"curve":[0.235,0,0.597,0],"transform":{}},{"duration":3,"transform":{"x":-20.06}},{"duration":7,"transform":{"x":-20.06}},{"duration":5,"curve":[0.25,0,0.75,1],"transform":{"x":-20.06}},{"duration":5,"curve":[0.25,0,0,1],"transform":{"y":-65.71,"x":-185.38}},{"duration":5,"transform":{"y":-2.96,"x":-332.4}},{"duration":7,"curve":[0.25,0,0.75,1],"transform":{"y":-2.96,"x":-332.4}},{"duration":7,"curve":[0.25,0,0.75,1],"transform":{"y":-87.2,"x":-177.96}},{"duration":6,"curve":[0.25,0,0.75,1],"transform":{}},{"duration":12,"curve":[0.235,0,0.597,0],"transform":{"x":31.14}},{"duration":0,"transform":{}}],"name":"IKLEGL"},{"frame":[{"duration":10,"curve":[0.235,0,0.597,0],"transform":{"skX":9.86,"skY":9.86}},{"duration":3,"transform":{"skX":28.21,"skY":28.21}},{"duration":7,"transform":{"skX":28.21,"skY":28.21}},{"duration":5,"transform":{"skX":28.21,"skY":28.21}},{"duration":5,"transform":{"skX":28.21,"skY":28.21}},{"duration":5,"curve":[0.439,0.05,1,0.26],"transform":{"skX":28.21,"skY":28.21}},{"duration":7,"transform":{"skX":56.52,"skY":56.52}},{"duration":7,"curve":[0.25,0,0.75,1],"transform":{"skX":56.52,"skY":56.52}},{"duration":6,"transform":{"skX":36.57,"skY":36.57}},{"duration":12,"curve":[0.235,0,0.597,0],"transform":{"skX":36.57,"skY":36.57}},{"duration":0,"transform":{"skX":9.86,"skY":9.86}}],"name":"bone5"},{"frame":[{"duration":10,"curve":[0.235,0,0.597,0],"transform":{"skX":-21.5,"skY":-21.5}},{"duration":3,"transform":{"skX":-45.23,"skY":-45.23}},{"duration":7,"transform":{"skX":-45.23,"skY":-45.23}},{"duration":5,"transform":{"skX":-45.23,"skY":-45.23}},{"duration":5,"transform":{"skX":-45.23,"skY":-45.23}},{"duration":5,"curve":[0.439,0.05,1,0.26],"transform":{"skX":-45.23,"skY":-45.23}},{"duration":7,"transform":{"skX":-66.96,"skY":-66.96}},{"duration":7,"curve":[0.25,0,0.75,1],"transform":{"skX":-66.96,"skY":-66.96}},{"duration":6,"transform":{"skX":-77.35,"skY":-77.35}},{"duration":12,"curve":[0.235,0,0.597,0],"transform":{"skX":-77.35,"skY":-77.35}},{"duration":0,"transform":{"skX":-21.5,"skY":-21.5}}],"name":"bone6"},{"frame":[{"duration":10,"curve":[0.235,0,0.597,0],"transform":{}},{"duration":3,"transform":{"x":-19.71}},{"duration":7,"transform":{"x":-19.71}},{"duration":5,"curve":[0.25,0,0.75,1],"transform":{"x":-19.71}},{"duration":5,"curve":[0.25,0,0,1],"transform":{"y":-7.98,"x":14.21}},{"duration":5,"transform":{"y":-7.98,"x":-331.03}},{"duration":7,"curve":[0.25,0,0.75,1],"transform":{"y":-7.98,"x":-331.03}},{"duration":7,"curve":[0.25,0,0.75,1],"transform":{"y":-7.98,"x":-199.52}},{"duration":6,"curve":[0.25,0,0.75,1],"transform":{}},{"duration":12,"curve":[0.235,0,0.597,0],"transform":{"x":31.14}},{"duration":0,"transform":{}}],"name":"IKFootL"},{"frame":[{"duration":10,"curve":[0.235,0,0.597,0],"transform":{"skX":-0.05,"skY":-0.05}},{"duration":3,"transform":{"skX":3.19,"skY":3.19}},{"duration":7,"transform":{"skX":3.19,"skY":3.19}},{"duration":5,"transform":{"skX":3.19,"skY":3.19}},{"duration":5,"transform":{"skX":3.19,"skY":3.19}},{"duration":5,"curve":[0.439,0.05,1,0.26],"transform":{"skX":3.19,"skY":3.19}},{"duration":7,"transform":{"skX":0.57,"skY":0.57}},{"duration":7,"curve":[0.25,0,0.75,1],"transform":{"skX":0.57,"skY":0.57}},{"duration":6,"curve":[0.25,0,0.75,1],"transform":{"skX":29.09,"skY":29.09}},{"duration":12,"curve":[0.235,0,0.597,0],"transform":{"skX":29.09,"skY":29.09}},{"duration":0,"transform":{"skX":-0.05,"skY":-0.05}}],"name":"bone7"},{"frame":[{"duration":10,"transform":{}},{"duration":3,"transform":{}},{"duration":7,"transform":{}},{"duration":5,"curve":[0.25,0,0.75,1],"transform":{}},{"duration":5,"transform":{"skX":3.69,"skY":3.69}},{"duration":5,"transform":{"skX":3.69,"skY":3.69}},{"duration":7,"transform":{"skX":3.69,"skY":3.69}},{"duration":7,"curve":[0.25,0,0.75,1],"transform":{"skX":3.69,"skY":3.69}},{"duration":6,"transform":{}},{"duration":12,"transform":{}},{"duration":0,"transform":{}}],"name":"bone8"},{"frame":[{"duration":10,"transform":{}},{"duration":3,"transform":{}},{"duration":7,"transform":{}},{"duration":5,"curve":[0.25,0,0.75,1],"transform":{}},{"duration":5,"transform":{"skX":-38.16,"skY":-38.16}},{"duration":5,"transform":{"skX":-38.16,"skY":-38.16}},{"duration":7,"curve":[0.25,0,0.75,1],"transform":{"skX":-38.16,"skY":-38.16}},{"duration":7,"curve":[0.25,0,0.75,1],"transform":{"skX":-18.62,"skY":-18.62}},{"duration":6,"curve":[0.25,0,0.75,1],"transform":{}},{"duration":12,"curve":[0.235,0,0.597,0],"transform":{"skX":-9.98,"skY":-9.98}},{"duration":0,"transform":{}}],"name":"bone9"},{"frame":[{"duration":10,"curve":[0.235,0,0.597,0],"transform":{}},{"duration":3,"transform":{"skX":-17.34,"skY":-17.34}},{"duration":7,"transform":{"skX":-17.34,"skY":-17.34}},{"duration":5,"curve":[0.25,0,0.75,1],"transform":{"skX":-17.34,"skY":-17.34}},{"duration":5,"transform":{"skX":0.02,"skY":0.02}},{"duration":5,"transform":{"skX":0.02,"skY":0.02}},{"duration":7,"transform":{"skX":0.02,"skY":0.02}},{"duration":7,"curve":[0.25,0,0.75,1],"transform":{"skX":0.02,"skY":0.02}},{"duration":6,"transform":{}},{"duration":12,"transform":{}},{"duration":0,"transform":{}}],"name":"bone10"},{"frame":[{"duration":10,"transform":{}},{"duration":3,"transform":{}},{"duration":7,"transform":{}},{"duration":5,"curve":[0.25,0,0.75,1],"transform":{}},{"duration":5,"transform":{"skX":-11.78,"skY":-11.78}},{"duration":5,"curve":[0.439,0.05,1,0.26],"transform":{"skX":-11.78,"skY":-11.78}},{"duration":7,"curve":[0.25,0,0.75,1],"transform":{"skX":3.54,"skY":3.54}},{"duration":7,"curve":[0.25,0,0.75,1],"transform":{"skX":-338.32,"skY":-338.32}},{"duration":6,"transform":{}},{"duration":12,"transform":{}},{"duration":0,"transform":{}}],"name":"bone11"},{"frame":[{"duration":10,"transform":{}},{"duration":3,"transform":{}},{"duration":7,"transform":{}},{"duration":5,"curve":[0.25,0,0.75,1],"transform":{}},{"duration":5,"transform":{"skX":-37.73,"skY":-37.73}},{"duration":5,"transform":{"skX":-37.73,"skY":-37.73}},{"duration":7,"transform":{"skX":-37.73,"skY":-37.73}},{"duration":7,"curve":[0.25,0,0.75,1],"transform":{"skX":-37.73,"skY":-37.73}},{"duration":6,"transform":{"skX":-31.4,"skY":-31.4}},{"duration":12,"curve":[0.235,0,0.597,0],"transform":{"skX":-31.4,"skY":-31.4}},{"duration":0,"transform":{}}],"name":"bone12"},{"frame":[{"duration":10,"transform":{}},{"duration":3,"transform":{}},{"duration":7,"transform":{}},{"duration":5,"transform":{}},{"duration":5,"transform":{}},{"duration":5,"transform":{}},{"duration":7,"transform":{}},{"duration":7,"transform":{}},{"duration":6,"transform":{}},{"duration":12,"transform":{}},{"duration":0,"transform":{}}],"name":"bone13"},{"frame":[{"duration":10,"curve":[0.235,0,0.597,0],"transform":{}},{"duration":3,"transform":{"skX":5.54,"skY":5.54}},{"duration":7,"curve":[0.25,0,1,0],"transform":{"skX":5.54,"skY":5.54}},{"duration":5,"curve":[0.25,0,0.75,1],"transform":{"skX":299.1,"skY":299.1}},{"duration":5,"curve":[0.25,0,0,1],"transform":{"skX":46.78,"skY":46.78}},{"duration":5,"transform":{"skX":-8.49,"skY":-8.49}},{"duration":7,"transform":{"skX":-8.49,"skY":-8.49}},{"duration":7,"curve":[0.25,0,0.75,1],"transform":{"skX":-8.49,"skY":-8.49}},{"duration":6,"curve":[0.25,0,0.75,1],"transform":{"skX":-82.99,"skY":-82.99}},{"duration":12,"curve":[0.235,0,0.597,0],"transform":{"skX":-101.48,"skY":-101.48}},{"duration":0,"transform":{}}],"name":"bone14"},{"frame":[{"duration":10,"curve":[0.235,0,0.597,0],"transform":{}},{"duration":3,"transform":{"skX":-55.94,"skY":-55.94}},{"duration":7,"transform":{"skX":-55.94,"skY":-55.94}},{"duration":5,"curve":[0.25,0,0.75,1],"transform":{"skX":-55.94,"skY":-55.94}},{"duration":5,"curve":[0.25,0,0,1],"transform":{"skX":4.11,"skY":4.11}},{"duration":5,"transform":{"skX":-81.95,"skY":-81.95}},{"duration":7,"transform":{"skX":-81.95,"skY":-81.95}},{"duration":7,"curve":[0.25,0,0.75,1],"transform":{"skX":-81.95,"skY":-81.95}},{"duration":6,"transform":{}},{"duration":12,"transform":{}},{"duration":0,"transform":{}}],"name":"bone15"},{"frame":[{"duration":2,"curve":[0.302,0,0.637,0],"transform":{}},{"duration":2,"curve":[0.31,0.14,0.645,0.43],"transform":{"skX":-123.18,"skY":-123.18}},{"duration":2,"curve":[0.316,0.21,0.651,0.53],"transform":{"skX":-194.87,"skY":-194.87}},{"duration":2,"curve":[0.321,0.24,0.655,0.57],"transform":{"skX":-300.18,"skY":-300.18}},{"duration":2,"curve":[0.324,0.26,0.659,0.59],"transform":{"skX":-20.84,"skY":-20.84}},{"duration":3,"transform":{"skX":-103.23,"skY":-103.23}},{"duration":7,"curve":[0.25,0,1,0],"transform":{"skX":-103.23,"skY":-103.23}},{"duration":5,"curve":[0.25,0,0.75,1],"transform":{"skX":-17.61,"skY":-17.61}},{"duration":5,"transform":{"skX":-30.55,"skY":-30.55}},{"duration":5,"transform":{"skX":-30.55,"skY":-30.55}},{"duration":7,"transform":{"skX":-30.55,"skY":-30.55}},{"duration":7,"curve":[0.25,0,0.75,1],"transform":{"skX":-30.55,"skY":-30.55}},{"duration":6,"transform":{"skX":-53.39,"skY":-53.39}},{"duration":12,"curve":[0.302,0,0.637,0],"transform":{"skX":-53.39,"skY":-53.39}},{"duration":0,"transform":{}}],"name":"bone16"},{"frame":[{"duration":10,"curve":[0.235,0,0.597,0],"transform":{}},{"duration":3,"transform":{"scX":1.2}},{"duration":7,"curve":[0.25,0,1,0],"transform":{"scX":1.2}},{"duration":5,"curve":[0.25,0,0.75,1],"transform":{}},{"duration":5,"curve":[0.25,0,0,1],"transform":{"scX":0.92,"x":-113.8}},{"duration":5,"curve":[0.439,0.05,1,0.26],"transform":{"scX":1.28,"x":-293.16}},{"duration":7,"curve":[0.25,0,0.75,1],"transform":{"scX":1.16,"x":-293.16}},{"duration":7,"curve":[0.25,0,0.75,1],"transform":{"scX":0.84,"x":-193.66}},{"duration":6,"curve":[0.25,0,0.75,1],"transform":{"scX":1.08}},{"duration":12,"curve":[0.235,0,0.597,0],"transform":{"scX":0.9,"x":31.14}},{"duration":0,"transform":{}}],"name":"bone17"},{"frame":[{"duration":10,"curve":[0.235,0,0.597,0],"transform":{}},{"duration":3,"transform":{"skX":54.22,"skY":54.22}},{"duration":7,"transform":{"skX":54.22,"skY":54.22}},{"duration":5,"curve":[0.25,0,0.75,1],"transform":{"skX":54.22,"skY":54.22}},{"duration":5,"transform":{"skX":53.47,"skY":53.47}},{"duration":5,"curve":[0.461,0.07,1,0.29],"transform":{"skX":53.47,"skY":53.47}},{"duration":7,"transform":{"skX":24.71,"skY":24.71}},{"duration":7,"curve":[0.25,0,0.75,1],"transform":{"skX":24.71,"skY":24.71}},{"duration":6,"transform":{}},{"duration":12,"transform":{}},{"duration":0,"transform":{}}],"name":"bone18"},{"frame":[{"duration":10,"transform":{}},{"duration":3,"transform":{}},{"duration":7,"transform":{}},{"duration":5,"curve":[0.25,0,0.75,1],"transform":{}},{"duration":10,"curve":[0.25,0,0,1],"transform":{"skX":-19.97,"skY":-19.97}},{"duration":7,"transform":{"skX":-3.63,"skY":-3.63}},{"duration":7,"curve":[0.25,0,0.75,1],"transform":{"skX":-3.63,"skY":-3.63}},{"duration":6,"transform":{}},{"duration":12,"transform":{}},{"duration":0,"transform":{}}],"name":"bone19"}],"duration":67,"slot":[],"name":"Attack B"},{"ik":[],"frame":[],"ffd":[],"bone":[{"frame":[{"duration":10,"transform":{}},{"duration":10,"transform":{}},{"duration":10,"transform":{}},{"duration":5,"transform":{}},{"duration":3,"transform":{}},{"duration":15,"transform":{}},{"duration":0,"transform":{}}],"name":"root"},{"frame":[{"duration":10,"curve":[0.25,0,1,0],"transform":{}},{"duration":10,"curve":[0.25,0,0.75,1],"transform":{"y":4.12,"x":6.18}},{"duration":10,"curve":[0.25,0,0.75,1],"transform":{"y":8.71,"x":6.18}},{"duration":5,"curve":[0.25,0,0,1],"transform":{"y":4.12,"x":6.18}},{"duration":3,"transform":{"y":19.8,"x":-10.4}},{"duration":15,"curve":[0.25,0,0.75,1],"transform":{"y":19.8,"x":-10.4}},{"duration":0,"transform":{}}],"name":"bone"},{"frame":[{"duration":10,"transform":{}},{"duration":10,"transform":{}},{"duration":10,"transform":{}},{"duration":5,"transform":{}},{"duration":3,"transform":{}},{"duration":15,"transform":{}},{"duration":0,"transform":{}}],"name":"IKLEGR"},{"frame":[{"duration":10,"curve":[0.25,0,1,0],"transform":{"skX":0.26,"skY":0.26}},{"duration":10,"transform":{"skX":20.22,"skY":20.22}},{"duration":10,"transform":{"skX":20.22,"skY":20.22}},{"duration":5,"transform":{"skX":20.22,"skY":20.22}},{"duration":3,"transform":{"skX":20.22,"skY":20.22}},{"duration":15,"curve":[0.25,0,0.75,1],"transform":{"skX":20.22,"skY":20.22}},{"duration":0,"transform":{"skX":0.26,"skY":0.26}}],"name":"bone2"},{"frame":[{"duration":10,"curve":[0.25,0,1,0],"transform":{"skX":-0.09,"skY":-0.09}},{"duration":10,"transform":{"skX":-39.68,"skY":-39.68}},{"duration":10,"transform":{"skX":-39.68,"skY":-39.68}},{"duration":5,"transform":{"skX":-39.68,"skY":-39.68}},{"duration":3,"transform":{"skX":-39.68,"skY":-39.68}},{"duration":15,"curve":[0.25,0,0.75,1],"transform":{"skX":-39.68,"skY":-39.68}},{"duration":0,"transform":{"skX":-0.09,"skY":-0.09}}],"name":"bone3"},{"frame":[{"duration":10,"transform":{}},{"duration":10,"transform":{}},{"duration":10,"transform":{}},{"duration":5,"transform":{}},{"duration":3,"transform":{}},{"duration":15,"transform":{}},{"duration":0,"transform":{}}],"name":"IKFootR"},{"frame":[{"duration":10,"curve":[0.25,0,1,0],"transform":{"skX":0.06,"skY":0.06}},{"duration":10,"transform":{"skX":19.69,"skY":19.69}},{"duration":10,"transform":{"skX":19.69,"skY":19.69}},{"duration":5,"transform":{"skX":19.69,"skY":19.69}},{"duration":3,"transform":{"skX":19.69,"skY":19.69}},{"duration":15,"curve":[0.25,0,0.75,1],"transform":{"skX":19.69,"skY":19.69}},{"duration":0,"transform":{"skX":0.06,"skY":0.06}}],"name":"bone4"},{"frame":[{"duration":10,"transform":{}},{"duration":10,"transform":{}},{"duration":10,"transform":{}},{"duration":5,"curve":[0.25,0,0,1],"transform":{}},{"duration":3,"transform":{"x":-39.42}},{"duration":15,"curve":[0.25,0,0.75,1],"transform":{"x":-39.42}},{"duration":0,"transform":{}}],"name":"IKLEGL"},{"frame":[{"duration":10,"curve":[0.25,0,1,0],"transform":{"skX":9.86,"skY":9.86}},{"duration":10,"transform":{"skX":21.1,"skY":21.1}},{"duration":10,"transform":{"skX":21.1,"skY":21.1}},{"duration":5,"transform":{"skX":21.1,"skY":21.1}},{"duration":3,"transform":{"skX":21.1,"skY":21.1}},{"duration":15,"curve":[0.25,0,0.75,1],"transform":{"skX":21.1,"skY":21.1}},{"duration":0,"transform":{"skX":9.86,"skY":9.86}}],"name":"bone5"},{"frame":[{"duration":10,"curve":[0.25,0,1,0],"transform":{"skX":-21.5,"skY":-21.5}},{"duration":10,"transform":{"skX":-38.58,"skY":-38.58}},{"duration":10,"transform":{"skX":-38.58,"skY":-38.58}},{"duration":5,"transform":{"skX":-38.58,"skY":-38.58}},{"duration":3,"transform":{"skX":-38.58,"skY":-38.58}},{"duration":15,"curve":[0.25,0,0.75,1],"transform":{"skX":-38.58,"skY":-38.58}},{"duration":0,"transform":{"skX":-21.5,"skY":-21.5}}],"name":"bone6"},{"frame":[{"duration":10,"transform":{}},{"duration":10,"transform":{}},{"duration":10,"transform":{}},{"duration":5,"curve":[0.25,0,0,1],"transform":{}},{"duration":3,"transform":{"x":-39.87}},{"duration":15,"curve":[0.25,0,0.75,1],"transform":{"x":-39.87}},{"duration":0,"transform":{}}],"name":"IKFootL"},{"frame":[{"duration":10,"curve":[0.25,0,1,0],"transform":{"skX":-0.05,"skY":-0.05}},{"duration":10,"transform":{"skX":5.79,"skY":5.79}},{"duration":10,"transform":{"skX":5.79,"skY":5.79}},{"duration":5,"transform":{"skX":5.79,"skY":5.79}},{"duration":3,"transform":{"skX":5.79,"skY":5.79}},{"duration":15,"curve":[0.25,0,0.75,1],"transform":{"skX":5.79,"skY":5.79}},{"duration":0,"transform":{"skX":-0.05,"skY":-0.05}}],"name":"bone7"},{"frame":[{"duration":10,"transform":{}},{"duration":10,"transform":{}},{"duration":10,"transform":{}},{"duration":5,"curve":[0.25,0,0,1],"transform":{}},{"duration":3,"transform":{"skX":-12.6,"skY":-12.6}},{"duration":15,"curve":[0.25,0,0.75,1],"transform":{"skX":-12.6,"skY":-12.6}},{"duration":0,"transform":{}}],"name":"bone8"},{"frame":[{"duration":10,"curve":[0.25,0,1,0],"transform":{}},{"duration":10,"transform":{"y":9.33,"x":7.11}},{"duration":10,"transform":{"y":9.33,"x":7.11}},{"duration":5,"curve":[0.25,0,0,1],"transform":{"y":9.33,"x":7.11}},{"duration":3,"transform":{"skX":-26.1,"skY":-26.1,"y":9.33,"x":7.11}},{"duration":15,"curve":[0.25,0,0.75,1],"transform":{"skX":-26.1,"skY":-26.1,"y":9.33,"x":7.11}},{"duration":0,"transform":{}}],"name":"bone9"},{"frame":[{"duration":10,"transform":{}},{"duration":10,"transform":{}},{"duration":10,"transform":{}},{"duration":5,"curve":[0.25,0,0,1],"transform":{}},{"duration":3,"transform":{"skX":20.54,"skY":20.54}},{"duration":15,"curve":[0.25,0,0.75,1],"transform":{"skX":20.54,"skY":20.54}},{"duration":0,"transform":{}}],"name":"bone10"},{"frame":[{"duration":10,"transform":{}},{"duration":10,"transform":{}},{"duration":10,"transform":{}},{"duration":5,"curve":[0.25,0,0,1],"transform":{}},{"duration":3,"transform":{"skX":-13.12,"skY":-13.12}},{"duration":15,"curve":[0.25,0,0.75,1],"transform":{"skX":-13.12,"skY":-13.12}},{"duration":0,"transform":{}}],"name":"bone11"},{"frame":[{"duration":10,"curve":[0.25,0,1,0],"transform":{}},{"duration":10,"transform":{"skX":56.21,"skY":56.21}},{"duration":10,"transform":{"skX":56.21,"skY":56.21}},{"duration":5,"curve":[0.25,0,0,1],"transform":{"skX":56.21,"skY":56.21}},{"duration":3,"transform":{"skX":7.75,"skY":7.75}},{"duration":15,"curve":[0.25,0,0.75,1],"transform":{"skX":7.75,"skY":7.75}},{"duration":0,"transform":{}}],"name":"bone12"},{"frame":[{"duration":10,"curve":[0.25,0,1,0],"transform":{}},{"duration":10,"transform":{"skX":-11.05,"skY":-11.05}},{"duration":10,"transform":{"skX":-11.05,"skY":-11.05}},{"duration":5,"transform":{"skX":-11.05,"skY":-11.05}},{"duration":3,"transform":{"skX":-11.05,"skY":-11.05}},{"duration":15,"curve":[0.25,0,0.75,1],"transform":{"skX":-11.05,"skY":-11.05}},{"duration":0,"transform":{}}],"name":"bone13"},{"frame":[{"duration":10,"curve":[0.25,0,1,0],"transform":{}},{"duration":10,"transform":{"skX":106.53,"skY":106.53,"y":-10.88,"x":5}},{"duration":10,"transform":{"skX":106.53,"skY":106.53,"y":-10.88,"x":5}},{"duration":5,"curve":[0.25,0,0,1],"transform":{"skX":106.53,"skY":106.53,"y":-10.88,"x":5}},{"duration":3,"transform":{"skX":-8.31,"skY":-8.31,"y":-10.88,"x":5}},{"duration":15,"curve":[0.25,0,0.75,1],"transform":{"skX":-8.31,"skY":-8.31,"y":-10.88,"x":5}},{"duration":0,"transform":{}}],"name":"bone14"},{"frame":[{"duration":10,"curve":[0.25,0,1,0],"transform":{}},{"duration":10,"transform":{"skX":-19.26,"skY":-19.26}},{"duration":10,"transform":{"skX":-19.26,"skY":-19.26}},{"duration":5,"curve":[0.25,0,0,1],"transform":{"skX":-19.26,"skY":-19.26}},{"duration":3,"transform":{"skX":-77.51,"skY":-77.51}},{"duration":15,"curve":[0.25,0,0.75,1],"transform":{"skX":-77.51,"skY":-77.51}},{"duration":0,"transform":{}}],"name":"bone15"},{"frame":[{"duration":10,"curve":[0.25,0,1,0],"transform":{}},{"duration":2,"curve":[0.284,0,0.625,0.38],"transform":{"skX":-60.45,"skY":-60.45}},{"duration":2,"curve":[0.311,0.26,0.651,0.61],"transform":{"skX":-126.25,"skY":-126.25}},{"duration":3,"curve":[0.333,0.33,0.68,0.71],"transform":{"skX":-269.69,"skY":-269.69}},{"duration":3,"curve":[0.382,0.58,0.731,1],"transform":{"skX":-46.05,"skY":-46.05}},{"duration":2,"curve":[0.284,0,0.625,0.38],"transform":{"skX":-118.86,"skY":-118.86}},{"duration":2,"curve":[0.311,0.26,0.651,0.61],"transform":{"skX":-224.96,"skY":-224.96}},{"duration":2,"curve":[0.33,0.32,0.67,0.68],"transform":{"skX":-287.46,"skY":-287.46}},{"duration":4,"curve":[0.349,0.39,0.689,0.74],"transform":{"skX":3.66,"skY":3.66}},{"duration":5,"curve":[0.25,0,0,1],"transform":{"skX":-60.45,"skY":-60.45}},{"duration":3,"transform":{"skX":-46.07,"skY":-46.07}},{"duration":15,"curve":[0.25,0,0.75,1],"transform":{"skX":-46.07,"skY":-46.07}},{"duration":0,"transform":{}}],"name":"bone16"},{"frame":[{"duration":10,"curve":[0.25,0,1,0],"transform":{}},{"duration":10,"transform":{"scX":0.9}},{"duration":10,"transform":{"scX":0.9}},{"duration":5,"curve":[0.25,0,0,1],"transform":{"scX":0.9}},{"duration":3,"transform":{"scX":1.18}},{"duration":15,"curve":[0.25,0,0.75,1],"transform":{"scX":1.18}},{"duration":0,"transform":{}}],"name":"bone17"},{"frame":[{"duration":10,"transform":{}},{"duration":10,"transform":{}},{"duration":10,"transform":{}},{"duration":5,"transform":{}},{"duration":3,"transform":{}},{"duration":15,"transform":{}},{"duration":0,"transform":{}}],"name":"bone18"},{"frame":[{"duration":10,"transform":{}},{"duration":10,"transform":{}},{"duration":10,"transform":{}},{"duration":5,"transform":{}},{"duration":3,"transform":{}},{"duration":15,"transform":{}},{"duration":0,"transform":{}}],"name":"bone19"}],"duration":53,"slot":[],"name":"Attack C"},{"ik":[],"frame":[],"ffd":[],"bone":[{"frame":[{"duration":30,"transform":{}},{"duration":0,"transform":{}}],"name":"root"},{"frame":[{"duration":10,"curve":[0.25,0,0,1],"transform":{}},{"duration":20,"curve":[0.25,0,0.75,1],"transform":{"y":10.37,"x":22.9}},{"duration":0,"transform":{}}],"name":"bone"},{"frame":[{"duration":30,"transform":{}},{"duration":0,"transform":{}}],"name":"IKLEGR"},{"frame":[{"duration":30,"transform":{"skX":0.26,"skY":0.26}},{"duration":0,"transform":{"skX":0.26,"skY":0.26}}],"name":"bone2"},{"frame":[{"duration":30,"transform":{"skX":-0.09,"skY":-0.09}},{"duration":0,"transform":{"skX":-0.09,"skY":-0.09}}],"name":"bone3"},{"frame":[{"duration":30,"transform":{}},{"duration":0,"transform":{}}],"name":"IKFootR"},{"frame":[{"duration":30,"transform":{"skX":0.06,"skY":0.06}},{"duration":0,"transform":{"skX":0.06,"skY":0.06}}],"name":"bone4"},{"frame":[{"duration":30,"transform":{}},{"duration":0,"transform":{}}],"name":"IKLEGL"},{"frame":[{"duration":30,"transform":{"skX":9.86,"skY":9.86}},{"duration":0,"transform":{"skX":9.86,"skY":9.86}}],"name":"bone5"},{"frame":[{"duration":30,"transform":{"skX":-21.5,"skY":-21.5}},{"duration":0,"transform":{"skX":-21.5,"skY":-21.5}}],"name":"bone6"},{"frame":[{"duration":30,"transform":{}},{"duration":0,"transform":{}}],"name":"IKFootL"},{"frame":[{"duration":30,"transform":{"skX":-0.05,"skY":-0.05}},{"duration":0,"transform":{"skX":-0.05,"skY":-0.05}}],"name":"bone7"},{"frame":[{"duration":30,"transform":{}},{"duration":0,"transform":{}}],"name":"bone8"},{"frame":[{"duration":30,"transform":{}},{"duration":0,"transform":{}}],"name":"bone9"},{"frame":[{"duration":10,"curve":[0.25,0,0,1],"transform":{}},{"duration":20,"curve":[0.25,0,0.75,1],"transform":{"skX":-16.7,"skY":-16.7}},{"duration":0,"transform":{}}],"name":"bone10"},{"frame":[{"duration":30,"transform":{}},{"duration":0,"transform":{}}],"name":"bone11"},{"frame":[{"duration":10,"curve":[0.25,0,0,1],"transform":{}},{"duration":20,"curve":[0.25,0,0.75,1],"transform":{"skX":-10.44,"skY":-10.44}},{"duration":0,"transform":{}}],"name":"bone12"},{"frame":[{"duration":10,"curve":[0.25,0,0,1],"transform":{}},{"duration":20,"curve":[0.25,0,0.75,1],"transform":{"skX":8.55,"skY":8.55}},{"duration":0,"transform":{}}],"name":"bone13"},{"frame":[{"duration":10,"curve":[0.25,0,0,1],"transform":{}},{"duration":20,"curve":[0.25,0,0.75,1],"transform":{"skX":281,"skY":281}},{"duration":0,"transform":{}}],"name":"bone14"},{"frame":[{"duration":30,"transform":{}},{"duration":0,"transform":{}}],"name":"bone15"},{"frame":[{"duration":10,"curve":[0.25,0,0,1],"transform":{}},{"duration":20,"curve":[0.25,0,0.75,1],"transform":{"skX":-40.08,"skY":-40.08}},{"duration":0,"transform":{}}],"name":"bone16"},{"frame":[{"duration":10,"curve":[0.25,0,0,1],"transform":{}},{"duration":20,"curve":[0.25,0,0.75,1],"transform":{"scX":1.16}},{"duration":0,"transform":{}}],"name":"bone17"},{"frame":[{"duration":10,"curve":[0.25,0,0,1],"transform":{}},{"duration":20,"curve":[0.25,0,0.75,1],"transform":{"skX":19.86,"skY":19.86}},{"duration":0,"transform":{}}],"name":"bone18"},{"frame":[{"duration":30,"transform":{}},{"duration":0,"transform":{}}],"name":"bone19"}],"duration":30,"slot":[],"name":"Damage"},{"ik":[],"frame":[],"ffd":[],"bone":[{"frame":[{"duration":60,"transform":{}},{"duration":0,"transform":{}}],"name":"root"},{"frame":[{"duration":60,"transform":{}},{"duration":0,"transform":{}}],"name":"bone"},{"frame":[{"duration":60,"transform":{}},{"duration":0,"transform":{}}],"name":"IKLEGR"},{"frame":[{"duration":60,"transform":{"skX":0.26,"skY":0.26}},{"duration":0,"transform":{"skX":0.26,"skY":0.26}}],"name":"bone2"},{"frame":[{"duration":60,"transform":{"skX":-0.09,"skY":-0.09}},{"duration":0,"transform":{"skX":-0.09,"skY":-0.09}}],"name":"bone3"},{"frame":[{"duration":60,"transform":{}},{"duration":0,"transform":{}}],"name":"IKFootR"},{"frame":[{"duration":60,"transform":{"skX":0.06,"skY":0.06}},{"duration":0,"transform":{"skX":0.06,"skY":0.06}}],"name":"bone4"},{"frame":[{"duration":60,"transform":{}},{"duration":0,"transform":{}}],"name":"IKLEGL"},{"frame":[{"duration":60,"transform":{"skX":9.86,"skY":9.86}},{"duration":0,"transform":{"skX":9.86,"skY":9.86}}],"name":"bone5"},{"frame":[{"duration":60,"transform":{"skX":-21.5,"skY":-21.5}},{"duration":0,"transform":{"skX":-21.5,"skY":-21.5}}],"name":"bone6"},{"frame":[{"duration":60,"transform":{}},{"duration":0,"transform":{}}],"name":"IKFootL"},{"frame":[{"duration":60,"transform":{"skX":-0.05,"skY":-0.05}},{"duration":0,"transform":{"skX":-0.05,"skY":-0.05}}],"name":"bone7"},{"frame":[{"duration":60,"transform":{}},{"duration":0,"transform":{}}],"name":"bone8"},{"frame":[{"duration":30,"curve":[0.25,0,0.75,1],"transform":{}},{"duration":30,"curve":[0.25,0,0.75,1],"transform":{"skX":1.2,"skY":1.2,"y":2.51,"x":3.73}},{"duration":0,"transform":{}}],"name":"bone9"},{"frame":[{"duration":60,"transform":{}},{"duration":0,"transform":{}}],"name":"bone10"},{"frame":[{"duration":30,"curve":[0.25,0,0.75,1],"transform":{}},{"duration":30,"curve":[0.25,0,0.75,1],"transform":{"skX":4.19,"skY":4.19}},{"duration":0,"transform":{}}],"name":"bone11"},{"frame":[{"duration":60,"transform":{}},{"duration":0,"transform":{}}],"name":"bone12"},{"frame":[{"duration":60,"transform":{}},{"duration":0,"transform":{}}],"name":"bone13"},{"frame":[{"duration":30,"curve":[0.25,0,0.75,1],"transform":{}},{"duration":30,"curve":[0.25,0,0.75,1],"transform":{"skX":6.82,"skY":6.82}},{"duration":0,"transform":{}}],"name":"bone14"},{"frame":[{"duration":60,"transform":{}},{"duration":0,"transform":{}}],"name":"bone15"},{"frame":[{"duration":60,"transform":{}},{"duration":0,"transform":{}}],"name":"bone16"},{"frame":[{"duration":30,"curve":[0.25,0,0.75,1],"transform":{}},{"duration":30,"curve":[0.25,0,0.75,1],"transform":{"scX":1.1}},{"duration":0,"transform":{}}],"name":"bone17"},{"frame":[{"duration":60,"transform":{}},{"duration":0,"transform":{}}],"name":"bone18"},{"frame":[{"duration":30,"curve":[0.25,0,0.75,1],"transform":{}},{"duration":30,"curve":[0.25,0,0.75,1],"transform":{"skX":0.54,"skY":0.54}},{"duration":0,"transform":{}}],"name":"bone19"}],"duration":60,"slot":[],"name":"Idle"}],"skin":[{"name":"","slot":[{"display":[{"path":"Layer 241","type":"image","name":"Layer 241","transform":{"skX":-66.9,"skY":-66.9,"y":0.14,"x":-0.72}}],"name":"Layer 241"},{"display":[{"slotPose":[1,0,0,1,0,0],"vertices":[-58.03,-186.21,-40.61,-185.09,-18.26,-177.29,-29.66,-173.73,-24.2,-164.44,-26.47,-162.09,-26.73,-163.29,-27.33,-163,-33.61,-180.24,-37,-195.84,-29.35,-191.99,-18.23,-181.15,-9.09,-169.44,-5.59,-158.86,-6.89,-154.98,-17,-153.9,-18.56,-145.93,-23.83,-145.94,-27.33,-144.41,-32.04,-146.54,-40.61,-144.76,-48.71,-154.81,-52.24,-157.91,-63.04,-177.02,-61.62,-183.65,-12.04,-162.94,-22.38,-158.47,-26.37,-156.66,-28.36,-154.47,-44.81,-171.13],"bonePose":[19,-0.7346778279993412,-0.6784161621351382,0.6784161621351382,-0.7346778279993412,-28.40385500353263,-153.03816786047048,13,-0.7758262124045192,0.6309466603018495,-0.6309466603018495,-0.7758262124045192,-13.562299560234184,-165.10817747204487],"path":"Layer 234","name":"Layer 234","triangles":[12,25,13,13,25,14,25,15,14,15,17,16,7,26,25,12,11,25,11,7,25,26,15,25,27,17,15,26,27,15,28,19,17,27,28,17,17,19,18,19,21,20,8,7,11,28,21,19,28,29,21,7,27,26,3,29,28,10,8,11,5,28,27,7,5,27,29,22,21,5,3,28,29,23,22,6,5,7,4,3,5,10,9,8,0,23,29,0,24,23,1,0,29,3,1,29,2,1,3],"type":"mesh","transform":{},"userEdges":[25,26,26,27,27,28,28,29],"width":51,"edges":[0,24,24,23,23,22,22,21,21,20,20,19,19,18,18,17,17,16,16,15,15,14,14,13,13,12,12,11,11,10,10,9,9,8,8,7,7,6,6,5,5,4,4,3,3,2,2,1,1,0],"height":74,"weights":[1,19,1,1,19,1,1,19,1,2,13,0.00522,19,0.99478,2,13,0.36156,19,0.63844,2,13,0.5127,19,0.4873,2,13,0.64933,19,0.35067,2,13,0.84009,19,0.15991,1,13,1,1,13,1,1,13,1,1,13,1,1,13,1,1,13,1,1,13,1,2,13,0.99396,19,0.00604,2,13,0.88492,19,0.11508,2,13,0.73319,19,0.26681,2,13,0.57761,19,0.42239,2,13,0.31573,19,0.68427,2,13,0.03924,19,0.96076,1,19,1,1,19,1,1,19,1,1,19,1,1,13,1,2,13,0.99907,19,0.00093,2,13,0.94981,19,0.05019,2,13,0.38071,19,0.61929,1,19,1],"uvs":[0,0.94053,0,0.70459,0.12431,0.39648,0.20666,0.54567,0.3934,0.37604,0.45575,0.39631,0.47222,0.36874,0.52869,0.37198,0.34634,0.1855,0.18684,0,0.35272,0.01673,0.62684,0.10835,0.86947,0.21943,1,0.34024,1,0.39538,0.81889,0.45132,0.86594,0.54457,0.79543,0.56063,0.78955,0.59387,0.7319,0.60198,0.78484,0.67901,0.60283,0.78757,0.54636,0.83784,0.18636,1,0.05484,0.98673,0.85482,0.31535,0.69012,0.4167,0.62345,0.45454,0.58031,0.50184,0.27835,0.74913]}],"name":"Layer 234"},{"display":[{"path":"Layer 244","type":"image","name":"Layer 244","transform":{"skX":111.49,"skY":111.49,"y":2.9,"x":25.75}}],"name":"Layer 244"},{"display":[{"slotPose":[1,0,0,1,0,0],"vertices":[-40.74,-32.01,-36,-50.2,-38.14,-50.87,-36.56,-56.41,-46.27,-66.13,-39.05,-87.6,-41.75,-94.95,-43.23,-114.49,-36.9,-114.27,-37.8,-127.25,-31.71,-128.73,-26.62,-143.86,-20.41,-143.87,-13.09,-140.02,-3.15,-130.65,-7.55,-119.11,-3.03,-112,-11.5,-100.25,-5.18,-92,-12.11,-79.09,-7.82,-77.51,-3.02,-68.25,-7.14,-63.16,-3.21,-61.71,-3.89,-59.68,-3.02,-53.92,-10.67,-44.76,-17.45,-32.79,-19.91,-23.89,-27.6,-13.86,-33.48,-17.45,-40.37,-25.25,-25.69,-78.81,-21.21,-73,-31.76,-101.38,-21.61,-123.56,-23.16,-48.13,-31.74,-26.3],"bonePose":[11,-0.2280110130579649,0.973658553048388,-0.973658553048388,-0.2280110130579649,-20.785468469372713,-74.05669826651905,7,-0.06383561605558136,0.9979604271326616,-0.9979604271326616,-0.06383561605558136,-16.82,-136.04999999999998],"path":"Layer 237","name":"Layer 237","triangles":[35,15,14,20,22,21,24,22,25,22,26,25,15,17,16,22,24,23,13,35,14,35,17,15,36,26,22,33,22,20,19,33,20,17,19,18,17,32,19,33,36,22,35,34,17,34,32,17,36,27,26,12,35,13,32,33,19,3,36,33,8,34,35,10,35,12,34,5,32,11,10,12,37,28,27,36,37,27,0,37,36,1,0,36,37,29,28,37,30,29,32,3,33,4,3,32,3,1,36,10,8,35,9,8,10,5,4,32,6,5,34,8,7,34,7,6,34,31,30,37,0,31,37,3,2,1],"type":"mesh","transform":{},"userEdges":[5,32,32,33,33,19,33,36,36,37],"width":47,"edges":[4,3,3,2,2,1,1,0,0,31,31,30,30,29,29,28,28,27,27,26,26,25,25,24,24,23,23,22,22,21,21,20,20,19,19,18,18,17,17,16,16,15,15,14,14,13,13,12,12,11,11,10,10,9,9,8,8,7,7,6,6,5,5,4],"height":130,"weights":[1,11,1,1,11,1,1,11,1,2,7,0.00668,11,0.99332,2,7,0.12037,11,0.87963,2,7,0.8375,11,0.1625,2,7,0.96849,11,0.03151,1,7,1,1,7,1,1,7,1,1,7,1,1,7,1,1,7,1,1,7,1,1,7,1,1,7,1,1,7,1,1,7,1,1,7,1,2,7,0.86077,11,0.13923,2,7,0.6092,11,0.3908,2,7,0.26268,11,0.73732,2,7,0.08495,11,0.91505,2,7,0.03201,11,0.96799,2,7,0.02443,11,0.97557,2,7,0.00225,11,0.99775,1,11,1,1,11,1,1,11,1,1,11,1,1,11,1,1,11,1,2,7,0.80531,11,0.19469,2,7,0.11249,11,0.88751,2,7,0.99729,11,0.00271,1,7,1,1,11,1,1,11,1],"uvs":[0.19754,0.86046,0.29851,0.72051,0.25283,0.7153,0.28649,0.67271,0.07973,0.59795,0.2336,0.4328,0.1759,0.3763,0.14464,0.22592,0.27928,0.22766,0.26005,0.12778,0.38988,0.11648,0.49807,0,0.6303,0,0.78592,0.02956,0.99749,0.10171,0.90372,0.19037,1,0.24513,0.81957,0.33553,0.95421,0.39898,0.8067,0.49823,0.89806,0.5104,1,0.58167,0.91248,0.62079,0.9961,0.63195,0.98168,0.6476,1,0.69193,0.83742,0.76233,0.69317,0.85447,0.6406,0.92288,0.47711,1,0.35209,0.97243,0.20543,0.91245,0.51766,0.50039,0.61315,0.54507,0.38847,0.32676,0.60472,0.15618,0.57158,0.73637,0.38903,0.90437]}],"name":"Layer 237"},{"display":[{"path":"Layer 239","type":"image","name":"Layer 239","transform":{"skX":-106.66,"skY":-106.66,"y":1.19,"x":-4.77}}],"name":"Layer 239"},{"display":[{"path":"Layer 240","type":"image","name":"Layer 240","transform":{"skX":-66.9,"skY":-66.9,"y":-0.34,"x":7.1}}],"name":"Layer 240"},{"display":[{"slotPose":[1,0,0,1,0,0],"vertices":[-78.23,-105.35,-76.57,-126.32,-64.86,-148.07,-43.88,-166.41,-23.1,-176.62,-22.72,-189.09,-11.95,-200.8,-3.07,-201.41,7.89,-201.42,16.77,-199.49,41.91,-189.12,56.28,-181.94,70.64,-174.76,83.68,-159.82,91.81,-145.65,93.7,-126,91.07,-108.8,78.79,-91.79,58.01,-75.54,63.67,-88.58,45.86,-70.93,20.43,-61.42,17.84,-61.42,21.68,-72.88,8.99,-65.29,9.72,-74.54,-3.28,-65.6,-2.25,-73.19,-6.19,-67.57,-13.68,-78.9,-10.66,-71.11,-35.07,-77.03,-52.75,-91.79,-47.13,-77.35,-61.28,-90.96,-69.39,-111.13,-72.82,-91.8,50.81,-132.51,-55.17,-135.9,-21.03,-127.73,6.18,-177.68,15.94,-104.28,12.12,-147.06,52.49,-95.78,44.2,-163.46,-33.01,-103.82,-20.79,-155.22,29.32,-119.46,65.67,-109.04,8.32,-132.62,-11.33,-91.39,62.57,-153.03,34.51,-141.47],"bonePose":[22,-0.526807453213622,0.84998465117823,-0.84998465117823,-0.526807453213622,-13.970891664490804,-179.76145756401937,18,0.5242831828275692,0.8515439766707258,-0.8515439766707258,0.5242831828275692,-4.584603302658755,-190.13211765817616,23,0.7688418320734596,0.6394390019805847,-0.6394390019805847,0.7688418320734596,10.562382255447186,-181.51401876674248],"path":"Layer 236","name":"Layer 236","triangles":[37,48,15,14,51,15,51,37,15,48,16,15,13,51,14,48,17,16,19,18,17,12,51,13,48,19,17,43,19,48,44,51,12,11,44,12,37,47,43,37,43,48,52,37,51,44,52,51,10,44,11,47,41,43,23,20,43,41,23,43,52,47,37,10,40,44,23,21,20,42,52,44,40,42,44,9,40,10,49,47,52,42,49,52,41,25,23,49,41,47,8,40,9,50,25,41,25,24,23,22,21,23,49,39,41,40,46,42,39,50,41,7,40,8,50,27,25,46,49,42,46,39,49,4,46,40,7,6,40,6,5,40,50,29,27,5,4,40,39,45,50,29,31,30,31,29,50,45,31,50,4,3,46,3,38,46,46,38,39,38,45,39,2,38,3,35,32,45,38,35,45,32,31,45,35,34,32,32,34,33,1,35,38,2,1,38,0,36,35,1,0,35,29,28,27,27,26,25,43,20,19],"type":"mesh","transform":{},"userEdges":[],"width":172,"edges":[0,36,36,35,35,34,34,33,33,32,32,31,31,30,30,29,29,28,28,27,27,26,26,25,25,24,24,23,23,22,22,21,21,20,20,19,19,18,18,17,17,16,16,15,15,14,14,13,13,12,12,11,11,10,10,9,9,8,8,7,7,6,6,5,5,4,4,3,3,2,2,1,1,0],"height":140,"weights":[1,22,1,1,22,1,1,22,1,1,22,1,1,22,1,2,22,0.78909,18,0.21091,3,22,0.12682,18,0.86906,23,0.00412,3,22,0.00807,18,0.88652,23,0.10541,2,18,0.5258,23,0.4742,2,18,0.19527,23,0.80473,1,23,1,1,23,1,1,23,1,1,23,1,1,23,1,2,18,0.02399,23,0.97601,2,18,0.22503,23,0.77497,2,18,0.66429,23,0.33571,2,18,0.91667,23,0.08333,3,22,0.00015,18,0.89709,23,0.10276,2,22,0.03177,18,0.96823,2,22,0.086,18,0.914,2,22,0.08568,18,0.91432,2,22,0.12388,18,0.87612,2,22,0.20288,18,0.79712,2,22,0.24426,18,0.75574,2,22,0.35534,18,0.64466,2,22,0.37866,18,0.62134,2,22,0.4137,18,0.5863,2,22,0.54802,18,0.45198,2,22,0.59114,18,0.40886,2,22,0.75611,18,0.24389,2,22,0.96692,18,0.03308,1,22,1,2,22,0.99048,18,0.00952,1,22,1,1,22,1,2,18,0.38168,23,0.61832,1,22,1,2,22,0.76033,18,0.23967,2,18,0.75999,23,0.24001,2,22,0.1723,18,0.8277,2,22,0.07361,18,0.92639,3,22,0.00063,18,0.99873,23,0.00064,1,23,1,2,22,0.83657,18,0.16343,2,22,0.89685,18,0.10315,2,22,0.02664,18,0.97336,2,18,0.59288,23,0.40712,2,22,0.19448,18,0.80552,2,22,0.52769,18,0.47231,1,23,1,2,18,0.72053,23,0.27947],"uvs":[0,0.6861,0.00964,0.53625,0.07777,0.381,0.19974,0.25005,0.32061,0.17715,0.32281,0.08806,0.38544,0.00436,0.43708,0,0.50082,0,0.55246,0.01381,0.69862,0.08787,0.78213,0.13917,0.86565,0.19047,0.94147,0.29712,0.98872,0.39837,0.9997,0.53877,0.98432,0.66162,0.9129,0.78312,0.79202,0.89922,0.82499,0.80607,0.7214,0.93207,0.57357,1,0.55845,1,0.58083,0.91815,0.50706,0.97238,0.51129,0.90627,0.43571,0.97015,0.44176,0.91592,0.41878,0.95604,0.37525,0.87507,0.39278,0.93078,0.25092,0.88844,0.14813,0.78295,0.18078,0.88621,0.09855,0.7889,0.05139,0.64478,0.03143,0.78295,0.75031,0.49219,0.13413,0.46792,0.33258,0.52634,0.49086,0.16953,0.54753,0.69382,0.52535,0.38826,0.76,0.75466,0.71193,0.27113,0.26288,0.69709,0.33397,0.32993,0.6253,0.58546,0.83669,0.6599,0.50322,0.49146,0.38894,0.78589,0.8187,0.3457,0.65553,0.42825]}],"name":"Group 69 copy 6"},{"display":[{"slotPose":[1,0,0,1,0,0],"vertices":[-51.03,-105.95,-31.18,-152.32,-27.04,-143.73,-19.17,-148.48,-26.13,-159.49,-26.44,-175.55,-20.61,-179.56,-17.47,-178.14,-13.94,-180.16,-13.03,-182.89,-7.78,-187.44,9.5,-194,19.49,-195.86,15.05,-186.42,18.89,-180.47,17.27,-169.36,11.41,-164,11.52,-160.77,3.94,-155.01,4.72,-153.22,9.67,-155.9,11.8,-150.05,15.34,-139.01,25.8,-127.65,33.85,-115.76,36.97,-107.04,22.75,-110.88,-3.66,-129.24,-6.64,-123.08,-15.3,-107.4,-22.02,-101.86,-24.15,-101.87,-28.66,-121.07,-40.55,-110.42,-51.03,-101.87,-15.18,-149.44,-7.39,-139.33,-31.23,-134.59,-27.42,-136.15,3.18,-140.08,16.15,-128.38,24.46,-118.66,-40.6,-120.82,-32,-139.15,-18.77,-163.02,-12.44,-173.81,0.33,-163.23,3.61,-175.1,3.9,-183.72,9.35,-177.37,5.09,-164.51],"bonePose":[8,0.29770813034431054,-0.9546569379242446,0.9546569379242446,0.29770813034431054,-6.87,-140.42,10,-0.025828000485918656,-0.9996664015514872,0.9996664015514872,-0.025828000485918656,-2.1423948901323486,-155.57995217423698],"path":"Layer 242","name":"Layer 242","triangles":[23,41,24,24,26,25,41,26,24,40,41,23,22,40,23,40,26,41,49,15,14,11,13,12,13,49,14,22,39,40,49,16,15,21,39,22,39,27,40,49,47,16,47,50,16,48,49,13,11,48,13,20,19,21,19,39,21,50,17,16,10,48,11,48,47,49,36,39,19,18,35,19,35,36,19,46,18,50,47,46,50,36,27,39,10,47,48,9,45,10,45,46,47,10,45,47,46,35,18,8,45,9,45,44,46,44,35,46,36,28,27,36,38,28,35,3,36,3,38,36,2,38,3,5,44,7,44,3,35,8,7,45,7,44,45,44,4,3,31,30,29,5,4,44,6,5,7,37,32,38,37,42,32,42,33,32,1,43,2,42,43,1,0,42,1,43,42,37,0,34,33,0,33,42,40,27,26,50,18,17,38,37,2,43,37,2,38,29,28,38,31,29,38,32,31],"type":"mesh","transform":{},"userEdges":[3,35,35,36,32,37,37,2,31,38,35,44,44,45,18,46,46,47,47,48,48,11],"width":88,"edges":[0,34,34,33,33,32,32,31,31,30,30,29,29,28,28,27,27,26,26,25,25,24,24,23,23,22,22,21,21,20,20,19,19,18,18,17,17,16,16,15,15,14,14,13,13,12,12,11,11,10,10,9,9,8,8,7,7,6,6,5,5,4,4,3,3,2,2,1,1,0],"height":94,"weights":[1,8,1,1,8,1,2,8,0.99317,10,0.00683,2,8,0.82181,10,0.17819,2,8,0.27303,10,0.72697,2,8,0.03584,10,0.96416,2,8,0.01664,10,0.98336,2,8,0.01134,10,0.98866,2,8,0.00157,10,0.99843,2,8,0.00006,10,0.99994,1,10,1,1,10,1,1,10,1,1,10,1,1,10,1,1,10,1,1,10,1,2,8,0.0011,10,0.9989,2,8,0.45318,10,0.54682,2,8,0.80637,10,0.19363,2,8,0.97108,10,0.02892,2,8,0.99565,10,0.00435,1,8,1,1,8,1,1,8,1,1,8,1,1,8,1,1,8,1,1,8,1,1,8,1,1,8,1,1,8,1,1,8,1,1,8,1,1,8,1,2,8,0.80414,10,0.19586,1,8,1,1,8,1,2,8,0.99935,10,0.00065,1,8,1,1,8,1,1,8,1,1,8,1,2,8,0.9998,10,0.0002,2,8,0.20173,10,0.79827,2,8,0.01006,10,0.98994,1,10,1,1,10,1,1,10,1,1,10,1,1,10,1],"uvs":[0,0.95647,0.2255,0.46329,0.27255,0.55462,0.36207,0.50412,0.28288,0.387,0.27944,0.21616,0.34573,0.17349,0.3813,0.18853,0.42148,0.16704,0.4318,0.13803,0.49149,0.08968,0.68775,0.01984,0.80137,0,0.75087,0.10042,0.79449,0.16382,0.77612,0.28201,0.70955,0.33896,0.7107,0.37334,0.62462,0.43458,0.63354,0.45371,0.68969,0.42516,0.71395,0.48745,0.75415,0.60491,0.87307,0.72564,0.96457,0.85218,1,0.94498,0.83842,0.9041,0.53827,0.70877,0.50436,0.77431,0.40593,0.94108,0.32968,1,0.30542,1,0.25412,0.79572,0.11902,0.90904,0,1,0.4073,0.4939,0.49593,0.60135,0.22497,0.65187,0.26823,0.63538,0.61593,0.59337,0.76334,0.71787,0.85787,0.82137,0.11848,0.79832,0.21621,0.60332,0.36653,0.34939,0.43853,0.23459,0.58365,0.34728,0.62078,0.2209,0.62415,0.12927,0.68603,0.19667,0.63765,0.33359]}],"name":"Layer 242"},{"display":[{"path":"Layer 235","type":"image","name":"Layer 235","transform":{"skX":137.98,"skY":137.98,"y":-2.85,"x":63.21}}],"name":"Layer 235"},{"display":[{"slotPose":[1,0,0,1,0,0],"vertices":[6.69,-162.87,4.57,-164.62,-3.03,-165.87,-2.52,-173.89,5.22,-187.04,64.65,-217.87,70.97,-217.87,70.97,-214.46,23.27,-175.41,25.52,-174.68,25.46,-169.94,29.91,-170.96,32.54,-170.88,36.7,-184.9,39.91,-179.35,41.74,-169.57,47.52,-165.26,47.74,-148.32,50.95,-145.04,45.81,-133.82,43.33,-123.24,44.87,-121.27,44.28,-110.31,35.96,-105.87,26.62,-107.84,21.29,-112.23,24.65,-120.25,22.16,-122.73,15.74,-127.99,16.03,-130.91,4.2,-147.11,10.26,-157.12,6.03,-158.87,16.85,-168.73,16.56,-166.76,10.28,-176.61,26.93,-189.95,47.08,-202.47,61.84,-212.26,35.69,-154.45,32.52,-165.55,38.46,-139.8,38.86,-122.64],"bonePose":[16,0.6695196243388157,0.7427943676585136,-0.7427943676585136,0.6695196243388157,11.736922633123044,-179.0162455050659,20,0.26420972793800274,0.9644652506248872,-0.9644652506248872,0.26420972793800274,21.682923329699552,-167.10048828432247],"path":"Layer 243","name":"Layer 243","triangles":[4,37,5,5,38,7,5,7,6,37,38,5,4,36,37,39,17,16,17,41,18,41,19,18,40,39,15,39,41,17,15,39,16,42,20,19,41,42,19,42,22,21,20,42,21,42,23,22,14,12,15,24,23,42,26,24,42,27,42,41,12,40,15,27,26,42,29,27,41,13,12,14,39,29,41,31,29,39,31,30,29,26,25,24,11,10,40,11,40,12,29,28,27,35,8,36,4,35,36,9,8,10,8,33,10,33,34,10,35,33,8,35,1,33,1,0,33,33,0,34,0,31,34,4,3,35,3,1,35,0,32,31,3,2,1,36,8,37,38,37,7,37,8,7,40,31,39,10,31,40,34,31,10],"type":"mesh","transform":{},"userEdges":[1,33,31,10,35,36,36,37,37,38],"width":74,"edges":[2,1,1,0,0,32,32,31,31,30,30,29,29,28,28,27,27,26,26,25,25,24,24,23,23,22,22,21,21,20,20,19,19,18,18,17,17,16,16,15,15,14,14,13,13,12,12,11,11,10,10,9,9,8,8,7,7,6,6,5,5,4,4,3,3,2],"height":112,"weights":[2,16,0.28098,20,0.71902,2,16,0.50227,20,0.49773,2,16,0.69875,20,0.30125,2,16,0.80241,20,0.19759,2,16,0.99793,20,0.00207,1,16,1,1,16,1,1,16,1,1,16,1,1,16,1,1,16,1,2,16,0.98161,20,0.01839,2,16,0.96255,20,0.03745,1,16,1,2,16,0.99998,20,0.00002,2,16,0.84463,20,0.15537,2,16,0.65262,20,0.34738,2,16,0.15975,20,0.84025,2,16,0.10509,20,0.89491,2,16,0.02058,20,0.97942,2,16,0.00016,20,0.99984,1,20,1,1,20,1,1,20,1,1,20,1,1,20,1,1,20,1,1,20,1,1,20,1,1,20,1,1,20,1,2,16,0.03396,20,0.96604,2,16,0.12515,20,0.87485,2,16,0.52391,20,0.47609,2,16,0.20235,20,0.79765,2,16,0.95684,20,0.04316,1,16,1,1,16,1,1,16,1,2,16,0.24,20,0.76,2,16,0.77002,20,0.22998,2,16,0.03058,20,0.96942,1,20,1],"uvs":[0.13124,0.49106,0.10263,0.47542,0,0.46434,0.00694,0.39264,0.11151,0.27532,0.91468,0,1,0,1,0.0304,0.35534,0.37911,0.38592,0.38562,0.38494,0.42799,0.44511,0.41887,0.48063,0.41952,0.53686,0.29437,0.58026,0.34391,0.60492,0.43125,0.68311,0.46973,0.68607,0.62094,0.72948,0.65027,0.66004,0.75041,0.6265,0.84492,0.64722,0.86252,0.63932,0.96028,0.52687,1,0.4006,0.98239,0.32858,0.94328,0.37396,0.87159,0.34042,0.84943,0.25361,0.8025,0.25756,0.77643,0.09774,0.63173,0.17962,0.54244,0.12241,0.52679,0.26869,0.43876,0.26474,0.45636,0.1799,0.36837,0.4048,0.24927,0.67722,0.13745,0.87649,0.05011,0.52329,0.56619,0.48048,0.46719,0.56075,0.69702,0.5661,0.85023]}],"name":"Layer 243"},{"display":[{"path":"Layer 238","type":"image","name":"Layer 238","transform":{"skX":-106.66,"skY":-106.66,"y":4.89,"x":2.08}}],"name":"Layer 238"},{"display":[{"slotPose":[1,0,0,1,0,0],"vertices":[20.13,-30.56,9.94,-57.78,-6.93,-72.82,-0.4,-91.67,-16.03,-105.04,-11.65,-110.82,-16.03,-114.01,-13.17,-119.94,-16.03,-134.08,-7.7,-140.47,7.35,-142.86,11.76,-142.14,14.5,-132.11,23.61,-129.97,20.73,-124.65,25.59,-102.16,42.01,-88.18,47.48,-29.04,40.49,-25.25,26.36,-23.27,14.14,-107.73,5.63,-122.8,1.05,-133.02,21.49,-80.87,34.07,-43.53],"bonePose":[12,0.40466282901425726,0.9144659615393992,-0.9144659615393992,0.40466282901425726,19.849602497950663,-76.13910360388263,9,0.4191351827806132,0.90792383962283,-0.90792383962283,0.4191351827806132,-3.5900000000000007,-128.87],"path":"Layer 111 copy","name":"Layer 111 copy","triangles":[23,1,24,23,24,16,16,24,17,24,18,17,24,19,18,15,23,16,0,19,24,14,20,15,1,0,24,20,3,23,20,23,15,21,20,14,2,1,23,12,14,13,3,2,23,12,21,14,11,10,12,10,22,12,22,21,12,21,5,20,5,3,20,7,5,21,9,22,10,5,4,3,22,7,21,9,8,22,8,7,22,7,6,5],"type":"mesh","transform":{},"userEdges":[3,20,20,15,20,21,21,14,20,23,23,24],"width":74,"edges":[4,3,3,2,2,1,1,0,0,19,19,18,18,17,17,16,16,15,15,14,14,13,13,12,12,11,11,10,10,9,9,8,8,7,7,6,6,5,5,4],"height":125,"weights":[1,12,1,1,12,1,2,9,0.2417,12,0.7583,2,9,0.88362,12,0.11638,1,9,1,1,9,1,1,9,1,1,9,1,1,9,1,1,9,1,1,9,1,1,9,1,1,9,1,1,9,1,1,9,1,1,9,1,2,9,0.89706,12,0.10294,1,12,1,1,12,1,1,12,1,1,9,1,1,9,1,1,9,1,1,9,1,1,12,1],"uvs":[0.48848,0.89841,0.35086,0.68075,0.12286,0.56037,0.21119,0.40958,0,0.30258,0.05919,0.25637,0,0.23083,0.03865,0.18341,0,0.07032,0.11259,0.01925,0.31594,0,0.37551,0.00587,0.41248,0.08613,0.53573,0.10315,0.4967,0.14571,0.56243,0.32568,0.78426,0.43755,0.85821,0.91057,0.76372,0.94097,0.5727,0.95678,0.40777,0.28113,0.29271,0.16061,0.23075,0.07887,0.50691,0.49597,0.67685,0.79465]}],"name":"Layer 111 copy"},{"display":[{"path":"Ellipse 13","type":"image","name":"Ellipse 13","transform":{"y":-2.12,"x":-10.24}}],"name":"Ellipse 13"}]}],"slot":[{"name":"Ellipse 13","parent":"bone17","color":{}},{"z":1,"name":"Group 69 copy 6","parent":"root","color":{}},{"z":2,"name":"Layer 234","parent":"root","color":{}},{"z":3,"name":"Layer 235","parent":"bone16","color":{}},{"z":4,"name":"Layer 237","parent":"root","color":{}},{"z":5,"name":"Layer 238","parent":"bone7","color":{}},{"z":6,"name":"Layer 239","parent":"bone7","color":{}},{"z":7,"name":"Layer 111 copy","parent":"root","color":{}},{"z":8,"name":"Layer 240","parent":"bone4","color":{}},{"z":9,"name":"Layer 241","parent":"bone4","color":{}},{"z":10,"name":"Layer 242","parent":"root","color":{}},{"z":11,"name":"Layer 244","parent":"bone10","color":{}},{"z":12,"name":"Layer 243","parent":"root","color":{}}],"name":"Skoll","bone":[{"transform":{},"name":"root"},{"transform":{"y":-14.71,"x":-35.36},"name":"IKFootL","parent":"root"},{"transform":{"y":-13.89,"x":46.62},"name":"IKFootR","parent":"root"},{"transform":{"y":-23.46,"x":-32.75},"name":"IKLEGL","parent":"root"},{"transform":{"y":-33.19,"x":38.41},"name":"IKLEGR","parent":"root"},{"transform":{"y":-131.26,"x":-5.48},"name":"bone","parent":"root"},{"transform":{"y":-15.75,"x":-2.79},"name":"bone17","parent":"root"},{"length":62,"transform":{"skX":93.66,"skY":93.66,"y":-4.79,"x":-11.34},"parent":"bone","name":"bone5"},{"length":15,"transform":{"skX":-72.68,"skY":-72.68,"y":-9.16,"x":-1.39},"parent":"bone","name":"bone8"},{"length":56,"transform":{"skX":65.22,"skY":65.22,"y":2.39,"x":1.89},"parent":"bone","name":"bone2"},{"length":25,"transform":{"skX":-18.8,"skY":-18.8,"x":15.88},"parent":"bone8","name":"bone9"},{"length":52,"transform":{"skX":9.52,"skY":9.52,"x":62.12},"parent":"bone5","name":"bone6"},{"length":46,"transform":{"skX":0.91,"skY":0.91,"y":0.82,"x":57.7},"parent":"bone2","name":"bone3"},{"length":19,"transform":{"skX":-127.64,"skY":-127.64,"y":-11.17,"x":9.82},"parent":"bone9","name":"bone14"},{"length":9,"transform":{"skX":15.12,"skY":15.12,"x":52.22},"parent":"bone6","name":"bone7"},{"length":21,"transform":{"skX":0.6,"skY":0.6,"x":46.71},"parent":"bone3","name":"bone4"},{"length":15,"transform":{"skX":139.45,"skY":139.45,"y":14.48,"x":23.07},"parent":"bone9","name":"bone12"},{"length":33,"transform":{"skX":-20.02,"skY":-20.02,"x":25.27},"parent":"bone9","name":"bone10"},{"length":108,"transform":{"skX":169.88,"skY":169.88,"y":1.74,"x":9.3},"parent":"bone10","name":"bone11"},{"length":39,"transform":{"skX":81.84,"skY":81.84,"x":19.13},"parent":"bone14","name":"bone15"},{"length":59,"transform":{"skX":26.71,"skY":26.71,"y":0.59,"x":15.51},"parent":"bone12","name":"bone13"},{"length":84,"transform":{"skX":131.32,"skY":131.32,"y":-0.03,"x":40.26},"parent":"bone15","name":"bone16"},{"length":85,"transform":{"skX":63.41,"skY":63.41,"y":13.43,"x":3.91},"parent":"bone11","name":"bone18"},{"length":83,"transform":{"skX":-18.63,"skY":-18.63,"y":-8.38,"x":15.28},"parent":"bone11","name":"bone19"}]}],"isGlobal":0,"name":"Skoll","version":"5.0"}