{"frameRate":30,"armature":[{"defaultActions":[{"gotoAndPlay":"Attack"}],"animation":[{"frame":[],"slot":[],"duration":30,"name":"Attack","bone":[{"frame":[{"duration":30,"transform":{}},{"duration":0,"transform":{}}],"name":"root"},{"frame":[{"curve":[0.25,0,0.75,1],"transform":{},"duration":5},{"curve":[0.25,0,0.035,1],"transform":{"scX":1.16},"duration":5},{"curve":[0.25,0,0.75,1],"transform":{"scX":1.14},"duration":20},{"duration":0,"transform":{}}],"name":"shadow"},{"frame":[{"curve":[0.25,0,0.75,1],"transform":{},"duration":5},{"curve":[0.25,0,0.035,1],"transform":{"y":33.15,"x":88.21},"duration":5},{"curve":[0.25,0,0.75,1],"transform":{"y":43.81,"x":-18.35},"duration":20},{"duration":0,"transform":{}}],"name":"Mid"},{"frame":[{"duration":30,"transform":{}},{"duration":0,"transform":{}}],"name":"chest top"},{"frame":[{"duration":5,"transform":{}},{"curve":[0.25,0,0.035,1],"transform":{},"duration":5},{"curve":[0.25,0,0.75,1],"transform":{"skX":-18,"skY":-18},"duration":20},{"duration":0,"transform":{}}],"name":"bone2"},{"frame":[{"curve":[0.25,0,0.75,1],"transform":{},"duration":5},{"curve":[0.25,0,0.035,1],"transform":{"skX":-8.29,"skY":-8.29},"duration":25},{"duration":0,"transform":{}}],"name":"head"},{"frame":[{"duration":30,"transform":{}},{"duration":0,"transform":{}}],"name":"chest bottom"},{"frame":[{"curve":[0.25,0,0.75,1],"transform":{},"duration":5},{"curve":[0.25,0,0.035,1],"transform":{"skX":9.53,"skY":9.53},"duration":25},{"duration":0,"transform":{}}],"name":"bone4"},{"frame":[{"curve":[0.25,0,0.75,1],"transform":{},"duration":5},{"curve":[0.25,0,0.035,1],"transform":{"skX":7.37,"skY":7.37},"duration":25},{"duration":0,"transform":{}}],"name":"bone5"},{"frame":[{"curve":[0.25,0,0.75,1],"transform":{},"duration":5},{"curve":[0.25,0,0.035,1],"transform":{"skX":122.13,"skY":122.13},"duration":5},{"curve":[0.25,0,0.75,1],"transform":{"skX":8.69,"skY":8.69},"duration":20},{"duration":0,"transform":{}}],"name":"scythe arm"},{"frame":[{"curve":[0.25,0,0.75,1],"transform":{},"duration":5},{"curve":[0.25,0,0.035,1],"transform":{"skX":33.14,"skY":33.14},"duration":5},{"curve":[0.25,0,0.75,1],"transform":{"skX":-0.72,"skY":-0.72},"duration":20},{"duration":0,"transform":{}}],"name":"bone6"},{"frame":[{"duration":5,"transform":{}},{"curve":[0.28049999999999997,0.125,0.342,0.8],"transform":{},"duration":5},{"curve":[0.3005,0.2,0.7535000000000001,1],"transform":{"skX":-46.8,"scY":1.18,"skY":-46.8,"scX":1.18},"duration":20},{"duration":0,"transform":{}}],"name":"scythe"},{"frame":[{"curve":[0.25,0,0.75,1],"transform":{},"duration":5},{"curve":[0.25,0,0.035,1],"transform":{"skX":-33.23,"skY":-33.23},"duration":5},{"curve":[0.25,0,0.75,1],"transform":{"skX":30.21,"skY":30.21},"duration":20},{"duration":0,"transform":{}}],"name":"Right Wing A"},{"frame":[{"curve":[0.25,0,0.75,1],"transform":{},"duration":5},{"curve":[0.25,0,0.035,1],"transform":{"skX":28.45,"skY":28.45},"duration":5},{"curve":[0.25,0,0.75,1],"transform":{"skX":41.1,"skY":41.1},"duration":20},{"duration":0,"transform":{}}],"name":"Right Wing B"},{"frame":[{"curve":[0.25,0,0.75,1],"transform":{},"duration":5},{"curve":[0.25,0,0.035,1],"transform":{"skX":26.75,"skY":26.75},"duration":5},{"curve":[0.25,0,0.75,1],"transform":{"skX":-37.69,"skY":-37.69},"duration":20},{"duration":0,"transform":{}}],"name":"Left Wing A"},{"frame":[{"curve":[0.25,0,0.75,1],"transform":{},"duration":5},{"curve":[0.25,0,0.035,1],"transform":{"skX":-46.18,"skY":-46.18},"duration":5},{"curve":[0.25,0,0.75,1],"transform":{"skX":-26.11,"skY":-26.11},"duration":20},{"duration":0,"transform":{}}],"name":"Left Wing B"}],"ffd":[]},{"frame":[],"slot":[],"duration":30,"name":"Damage","bone":[{"frame":[{"curve":[0.29,0,0.629,0.38],"transform":{},"duration":5},{"curve":[0.311,0.25,0.757,1],"transform":{"skX":-5.76,"skY":-5.76},"duration":25},{"duration":0,"transform":{}}],"name":"bone5"},{"frame":[{"duration":30,"transform":{}},{"duration":0,"transform":{}}],"name":"scythe"},{"frame":[{"curve":[0.29,0,0.629,0.38],"transform":{},"duration":5},{"curve":[0.311,0.25,0.757,1],"transform":{"skX":6.09,"skY":6.09},"duration":25},{"duration":0,"transform":{}}],"name":"bone4"},{"frame":[{"curve":[0.25,0,0.75,1],"transform":{"y":27.2},"duration":5},{"curve":[0.25,0,0.75,1],"transform":{"y":41.06,"x":35.15},"duration":25},{"duration":0,"transform":{"y":27.2}}],"name":"Mid"},{"frame":[{"curve":[0.29,0,0.629,0.38],"transform":{},"duration":5},{"curve":[0.311,0.25,0.757,1],"transform":{"skX":-21.92,"skY":-21.92},"duration":25},{"duration":0,"transform":{}}],"name":"Right Wing A"},{"frame":[{"curve":[0.29,0,0.629,0.38],"transform":{},"duration":5},{"curve":[0.311,0.25,0.757,1],"transform":{"skX":9.98,"skY":9.98},"duration":25},{"duration":0,"transform":{}}],"name":"Left Wing A"},{"frame":[{"curve":[0.29,0,0.629,0.38],"transform":{},"duration":5},{"curve":[0.311,0.25,0.757,1],"transform":{"skX":-23.22,"skY":-23.22},"duration":25},{"duration":0,"transform":{}}],"name":"Left Wing B"},{"frame":[{"curve":[0.29,0,0.629,0.38],"transform":{},"duration":5},{"curve":[0.311,0.25,0.757,1],"transform":{"skX":18.66,"skY":18.66},"duration":25},{"duration":0,"transform":{}}],"name":"Right Wing B"},{"frame":[{"curve":[0.25,0,0.75,1],"transform":{},"duration":5},{"curve":[0.25,0,0.75,1],"transform":{"scX":1.18},"duration":25},{"duration":0,"transform":{}}],"name":"shadow"},{"frame":[{"curve":[0.25,0,0.75,1],"transform":{},"duration":5},{"curve":[0.25,0,0.75,1],"transform":{"skX":-5.69,"skY":-5.69},"duration":25},{"duration":0,"transform":{}}],"name":"scythe arm"},{"frame":[{"duration":30,"transform":{}}],"name":"root"},{"frame":[{"duration":30,"transform":{}}],"name":"chest top"},{"frame":[{"duration":30,"transform":{}}],"name":"chest bottom"},{"frame":[{"duration":30,"transform":{}}],"name":"bone2"},{"frame":[{"duration":30,"transform":{}}],"name":"head"},{"frame":[{"duration":30,"transform":{}}],"name":"bone6"}],"ffd":[]},{"frame":[],"slot":[],"duration":60,"name":"Idle","bone":[{"frame":[{"curve":[0.25,0,0.75,1],"transform":{"y":27.2},"duration":30},{"curve":[0.25,0,0.361,0.99],"transform":{"y":14.08},"duration":30},{"duration":0,"transform":{"y":27.2}}],"name":"Mid"},{"frame":[{"curve":[0.25,0,0.75,1],"transform":{},"duration":30},{"curve":[0.25,0,0.361,0.99],"transform":{"skX":8.14,"skY":8.14},"duration":30},{"duration":0,"transform":{}}],"name":"bone4"},{"frame":[{"curve":[0.25,0,0.75,1],"transform":{},"duration":30},{"curve":[0.25,0,0.361,0.99],"transform":{"skX":-4.71,"skY":-4.71},"duration":30},{"duration":0,"transform":{}}],"name":"bone5"},{"frame":[{"curve":[0.25,0,0.75,1],"transform":{},"duration":30},{"curve":[0.25,0,0.361,0.99],"transform":{"skX":-16.7,"skY":-16.7},"duration":30},{"duration":0,"transform":{}}],"name":"scythe"},{"frame":[{"curve":[0.25,0,0.75,1],"transform":{},"duration":30},{"curve":[0.25,0,0.361,0.99],"transform":{"skX":-14.63,"skY":-14.63},"duration":30},{"duration":0,"transform":{}}],"name":"Right Wing A"},{"frame":[{"curve":[0.25,0,0.75,1],"transform":{},"duration":30},{"curve":[0.25,0,0.361,0.99],"transform":{"skX":11.12,"skY":11.12},"duration":30},{"duration":0,"transform":{}}],"name":"Right Wing B"},{"frame":[{"curve":[0.25,0,0.75,1],"transform":{},"duration":30},{"curve":[0.25,0,0.361,0.99],"transform":{"skX":17.23,"skY":17.23},"duration":30},{"duration":0,"transform":{}}],"name":"Left Wing A"},{"frame":[{"curve":[0.25,0,0.75,1],"transform":{},"duration":30},{"curve":[0.25,0,0.361,0.99],"transform":{"skX":-11.77,"skY":-11.77},"duration":30},{"duration":0,"transform":{}}],"name":"Left Wing B"},{"frame":[{"duration":60,"transform":{}}],"name":"root"},{"frame":[{"duration":60,"transform":{}}],"name":"shadow"},{"frame":[{"duration":60,"transform":{}}],"name":"chest top"},{"frame":[{"duration":60,"transform":{}}],"name":"chest bottom"},{"frame":[{"duration":60,"transform":{}}],"name":"bone2"},{"frame":[{"duration":60,"transform":{}}],"name":"scythe arm"},{"frame":[{"duration":60,"transform":{}}],"name":"head"},{"frame":[{"duration":60,"transform":{}}],"name":"bone6"}],"ffd":[]},{"frame":[],"slot":[],"duration":30,"name":"Skill","bone":[{"frame":[{"duration":30,"transform":{}},{"duration":0,"transform":{}}],"name":"root"},{"frame":[{"curve":[0.25,0,0.75,1],"transform":{},"duration":10},{"curve":[0.282,0.31,0.591,0.65],"transform":{"scX":0.8},"duration":5},{"curve":[0.146,0.5,0.4,1],"transform":{"scX":1.16},"duration":15},{"duration":0,"transform":{}}],"name":"shadow"},{"frame":[{"curve":[0.25,0,0.75,1],"transform":{"y":27.2},"duration":10},{"curve":[0.25,0,1,0.63],"transform":{"y":-47.16,"x":84.18},"duration":5},{"curve":[0.25,0,0.75,1],"transform":{"y":24.65,"x":23.36},"duration":15},{"duration":0,"transform":{"y":27.2}}],"name":"Mid"},{"frame":[{"duration":30,"transform":{}},{"duration":0,"transform":{}}],"name":"chest top"},{"frame":[{"duration":30,"transform":{}},{"duration":0,"transform":{}}],"name":"bone2"},{"frame":[{"duration":30,"transform":{}},{"duration":0,"transform":{}}],"name":"head"},{"frame":[{"duration":30,"transform":{}},{"duration":0,"transform":{}}],"name":"chest bottom"},{"frame":[{"curve":[0.25,0,0.75,1],"transform":{},"duration":10},{"curve":[0.12,0.4,0.286,1],"transform":{"skX":-6,"skY":-6},"duration":20},{"duration":0,"transform":{}}],"name":"bone4"},{"frame":[{"curve":[0.25,0,0.75,1],"transform":{},"duration":10},{"curve":[0.12,0.4,0.286,1],"transform":{"skX":6,"skY":6},"duration":20},{"duration":0,"transform":{}}],"name":"bone5"},{"frame":[{"curve":[0.25,0,0.75,1],"transform":{},"duration":10},{"curve":[0.25,0,1,0.63],"transform":{"skX":83.74,"skY":83.74},"duration":20},{"duration":0,"transform":{}}],"name":"scythe arm"},{"frame":[{"duration":30,"transform":{}},{"duration":0,"transform":{}}],"name":"bone6"},{"frame":[{"curve":[0.25,0,0.75,1],"transform":{},"duration":10},{"curve":[0.2875,0.155,0.7065,0.825],"transform":{"skX":-55.09,"skY":-55.09},"duration":1},{"curve":[0.25,0,0.75,1],"transform":{"skX":-109.29,"skY":-109.29},"duration":1},{"curve":[0.25,0,0.75,1],"transform":{"skX":-162.42,"skY":-162.42},"duration":1},{"curve":[0.25,0,0.75,1],"transform":{"skX":-267.43,"skY":-267.43},"duration":1},{"curve":[0.25,0,0.75,1],"transform":{"skX":51.74,"skY":51.74},"duration":1},{"curve":[0.3125,0.25,0.75,1],"transform":{"skX":-90.74,"scY":1.18,"skY":-90.74,"scX":1.18},"duration":15},{"duration":0,"transform":{}}],"name":"scythe"},{"frame":[{"curve":[0.25,0,0.75,1],"transform":{},"duration":10},{"curve":[0.25,0,1,0.63],"transform":{"skX":34.53,"skY":34.53},"duration":5},{"curve":[0.25,0,0.75,1],"transform":{"skX":-53.23,"skY":-53.23},"duration":15},{"duration":0,"transform":{}}],"name":"Right Wing A"},{"frame":[{"curve":[0.25,0,0.75,1],"transform":{},"duration":10},{"curve":[0.25,0,1,0.63],"transform":{"skX":-21.95,"skY":-21.95},"duration":5},{"curve":[0.25,0,0.75,1],"transform":{"skX":30.8,"skY":30.8},"duration":15},{"duration":0,"transform":{}}],"name":"Right Wing B"},{"frame":[{"curve":[0.25,0,0.75,1],"transform":{},"duration":10},{"curve":[0.25,0,0.75,1],"transform":{"skX":-42.34,"skY":-42.34},"duration":5},{"curve":[0.25,0,0.75,1],"transform":{"skX":60.3,"skY":60.3},"duration":15},{"duration":0,"transform":{}}],"name":"Left Wing A"},{"frame":[{"curve":[0.25,0,0.75,1],"transform":{},"duration":10},{"curve":[0.25,0,1,0.63],"transform":{"skX":26.21,"skY":26.21},"duration":5},{"curve":[0.25,0,0.75,1],"transform":{"skX":-38.32,"skY":-38.32},"duration":15},{"duration":0,"transform":{}}],"name":"Left Wing B"}],"ffd":[]}],"type":"Armature","frameRate":30,"skin":[{"slot":[{"display":[{"width":259,"height":160,"type":"mesh","vertices":[-13.63,18.87,-0.63,18.54,7.1,23.51,14.83,28.47,14.13,20.02,13.43,11.56,18.96,7.64,21.04,3.82,29.41,1.52,35.87,3.59,39.23,7.96,41.98,15.37,41.74,23.24,39.63,31.27,52.89,34.95,62.24,37.07,72.08,41.4,81.91,45.72,94.21,50.93,106.52,56.14,101.77,46.75,114.33,51.35,124.29,55.7,134.26,60.05,145.89,64.63,157.53,69.21,163.62,70.41,165.81,66.04,163.15,56.8,154.61,49.3,149.97,43.36,161.3,45.48,172.63,47.59,186.66,48.78,202.5,48.75,214.31,47.13,226.12,45.51,235.81,40.57,242.29,36.57,243.5,30.47,227.96,26.87,217.85,24.6,207.74,22.33,192.8,17.79,179.28,15.37,189.38,13.02,199.49,10.66,211.72,8.2,223.96,5.74,231.83,2.02,239.69,-1.7,249.64,-9.24,238.24,-19.68,228.79,-17.99,219.35,-16.29,201.24,-14.86,183.14,-13.43,172.09,-14.96,161.04,-16.49,152.35,-17.95,148.08,-21.7,146.18,-33.43,144.27,-45.16,136.24,-49.92,131.63,-43.97,129.84,-49.6,129.77,-59.92,126.61,-67.94,123.44,-75.96,115.13,-68.63,106.81,-61.3,98.68,-50.89,94.61,-45.69,90.54,-40.49,87.08,-48.31,81.22,-42.74,75.36,-37.16,71.74,-46.86,68.75,-53.79,65.77,-60.71,58.29,-69.59,51.65,-60.08,45.01,-50.57,40,-39.94,33.75,-45.67,28.73,-37.69,17.49,-46.25,16.29,-38.83,15.08,-31.42,6.54,-33.63,6.02,-27.01,5.5,-20.38,-5.08,-25.64,-6.51,-18.4,-7.94,-11.16,-13.94,-2.84,-16.1,8.09,-17.41,14.69,82.37,16.36,61.96,-19.2,110.12,-20.13,139.2,3.39,117.74,27.98,78.61,4.35,157.59,31.01,30.94,-20.5,101.4,3.31,79.84,-12.25,169.08,-3.07,50.9,-4.91,140.86,20.74,136.7,-9.36,120.85,-35.1,89.25,34.79,186,34.71,130.51,42.79,211.18,33.77,83.56,-25.85,113.88,-3.95,61.75,26.96,115.93,11.31,157.2,13.49,58.37,-34.28,101.37,27.43,21.64,-8.64,132.34,-23.96,174.57,22.51,97.79,-11.78,106.03,-32.73,190.61,0.46,57.12,8.13,109.16,38.52,65.76,-4.76,99.57,15.12,45.15,-26.09,75.69,25.12,139.33,33.18,191.95,24.43,156.28,3.97,133.4,9.02,171.24,37.99,204.19,-2.78,124.48,19.56,216.69,-3.62,141.8,52.6,121.66,-10.97,57.03,-44.81,39.37,-10.61,84.69,-4.2,155.07,-8.6,6.13,-8.54,198.77,39.59,2.67,3.41,112.06,-44.87,67.37,-25.81,232.57,-8.09,60.08,19.18,118.13,-51.76,97.63,-26.2,173.59,7.19,160.32,25.12,17.82,-18.14,49.01,-14.35,114.77,-24.85,226.86,34.64,177.71,-4.77],"transform":{},"triangles":[152,94,95,0,1,96,1,152,96,152,95,96,0,96,97,152,150,94,94,150,93,150,91,93,93,91,92,1,5,152,90,88,89,161,88,90,161,90,91,150,161,91,2,5,1,5,6,152,7,150,152,6,7,152,4,5,2,7,124,150,124,161,150,85,86,87,161,105,88,105,85,88,85,87,88,3,4,2,124,105,161,7,8,124,105,134,85,134,83,85,147,105,124,8,147,124,83,84,85,9,147,8,147,134,105,162,134,147,134,122,83,122,146,83,146,82,83,109,147,9,146,81,82,10,109,9,109,162,147,78,79,146,130,109,10,79,80,81,146,79,81,162,99,134,99,122,134,11,130,10,13,14,12,12,156,11,156,130,11,109,99,162,14,156,12,119,156,14,99,154,122,132,99,109,122,77,146,77,78,146,76,77,122,130,132,109,154,76,122,107,154,99,132,107,99,156,103,130,103,132,130,15,119,14,98,103,156,135,98,156,117,76,154,107,117,154,119,135,156,103,107,132,103,148,107,15,135,119,16,135,15,117,75,76,117,73,75,73,74,75,113,135,16,127,158,117,158,73,117,127,117,107,148,127,107,17,113,16,106,148,103,98,106,103,133,106,98,113,98,135,128,72,73,158,128,73,106,127,148,153,71,72,128,153,72,113,123,98,123,133,98,153,70,71,153,157,70,127,100,158,18,113,17,100,128,158,106,118,127,18,20,113,157,69,70,118,100,127,20,123,113,66,67,157,20,131,123,157,67,69,112,153,128,163,112,128,100,163,128,120,106,133,67,68,69,120,118,106,123,120,133,112,157,153,102,120,123,118,145,100,19,20,18,112,64,157,64,65,157,145,163,100,65,66,157,131,102,123,125,112,163,145,125,163,21,131,20,102,142,120,120,139,118,139,145,118,125,64,112,139,111,145,115,102,131,21,115,131,139,101,111,111,125,145,142,139,120,125,61,64,22,115,21,62,63,64,61,62,64,136,142,102,115,136,102,110,139,142,136,110,142,111,60,125,60,61,125,23,144,115,59,60,111,101,149,111,149,59,111,23,115,22,110,101,139,110,121,101,121,138,101,138,149,101,30,136,115,144,30,115,104,110,136,160,121,110,104,160,110,30,104,136,24,144,23,149,58,59,138,108,149,24,29,144,29,30,144,108,58,149,31,104,30,108,57,58,28,29,24,25,28,24,121,159,138,159,108,138,160,126,121,126,159,121,140,160,104,31,140,104,27,28,25,108,165,57,140,126,160,126,44,159,159,165,108,165,56,57,32,140,31,26,27,25,114,126,140,129,165,159,44,45,159,45,129,159,129,56,165,32,114,140,114,137,126,33,114,32,137,44,126,129,55,56,137,43,44,33,151,114,141,55,129,45,46,129,46,141,129,151,137,114,34,151,33,42,43,137,151,42,137,116,42,151,47,141,46,141,143,55,143,54,55,47,143,141,34,116,151,48,143,47,35,116,34,116,41,42,143,155,54,48,49,143,49,155,143,155,53,54,164,41,116,35,164,116,36,164,35,164,40,41,155,52,53,51,52,155,50,51,155,49,50,155,36,37,164,37,38,164,38,39,164,164,39,40],"path":"Left Wing B","edges":[38,39,39,40,40,41,41,42,42,43,43,44,44,45,45,46,46,47,47,48,48,49,49,50,50,51,51,52,52,53,53,54,54,55,55,56,56,57,57,58,58,59,59,60,60,61,61,62,62,63,63,64,64,65,65,66,66,67,67,68,68,69,69,70,70,71,71,72,72,73,73,74,74,75,75,76,76,77,77,78,78,79,79,80,80,81,81,82,82,83,83,84,84,85,85,86,86,87,87,88,88,89,89,90,90,91,91,92,92,93,93,94,94,95,95,96,96,97,97,0,0,1,1,2,2,3,3,4,4,5,5,6,6,7,7,8,8,9,9,10,10,11,11,12,12,13,13,14,14,15,15,16,16,17,17,18,18,19,19,20,20,21,21,22,22,23,23,24,24,25,25,26,26,27,27,28,28,29,29,30,30,31,31,32,32,33,33,34,34,35,35,36,36,37,37,38],"name":"Left Wing B","userEdges":[],"uvs":[0.98254,0.1007,0.93354,0.11851,0.90054,0.09747,0.86754,0.07642,0.87654,0.12741,0.88554,0.1784,0.86754,0.20916,0.86254,0.23506,0.83254,0.25934,0.80654,0.25449,0.79054,0.23182,0.77454,0.18974,0.76954,0.14117,0.77154,0.08937,0.71854,0.0829,0.68154,0.08128,0.64104,0.06671,0.60054,0.05214,0.55004,0.03515,0.49954,0.01815,0.52454,0.06995,0.47354,0.057,0.43254,0.04243,0.39154,0.02786,0.34404,0.01393,0.29654,0,0.27254,0,0.26754,0.02948,0.28454,0.0829,0.32254,0.11851,0.34454,0.14927,0.30004,0.15008,0.25554,0.15089,0.20154,0.1606,0.14154,0.18002,0.09804,0.2043,0.05454,0.22859,0.02154,0.27067,0,0.30305,0,0.3419,0.06154,0.34514,0.10154,0.34675,0.14154,0.34837,0.20154,0.35809,0.25454,0.35647,0.21804,0.38318,0.18154,0.40989,0.13704,0.43983,0.09254,0.46978,0.06554,0.50215,0.03854,0.53453,0.00654,0.5928,0.05754,0.64299,0.09204,0.62113,0.12654,0.59928,0.19404,0.56852,0.26154,0.53777,0.30454,0.53372,0.34754,0.52967,0.38154,0.52805,0.40054,0.54586,0.41654,0.61547,0.43254,0.68507,0.46654,0.7045,0.47954,0.66241,0.49054,0.69479,0.49854,0.75792,0.51654,0.80324,0.53454,0.84857,0.56054,0.79353,0.58654,0.73849,0.60954,0.66484,0.62104,0.62801,0.63254,0.59119,0.65154,0.63489,0.66954,0.59361,0.68754,0.55234,0.70854,0.60737,0.72504,0.64622,0.74154,0.68507,0.77654,0.7304,0.79454,0.66403,0.81254,0.59766,0.82354,0.52644,0.85154,0.55395,0.86454,0.49892,0.91354,0.53777,0.91254,0.49082,0.91154,0.44388,0.94554,0.44712,0.94254,0.40584,0.93954,0.36456,0.98354,0.38399,0.98354,0.33785,0.98354,0.29172,1,0.23344,1,0.16384,1,0.12175,0.62083,0.23274,0.72484,0.42592,0.54311,0.49013,0.41535,0.38127,0.47816,0.20441,0.64409,0.3018,0.32494,0.23426,0.84329,0.39622,0.55857,0.3358,0.65191,0.40505,0.30702,0.45718,0.75598,0.32491,0.39603,0.27691,0.43438,0.4564,0.5137,0.59496,0.58094,0.12809,0.2146,0.2461,0.4187,0.12913,0.11994,0.28242,0.64799,0.49292,0.51673,0.39552,0.69099,0.14267,0.49753,0.30443,0.3396,0.34121,0.74972,0.51402,0.54056,0.18793,0.86959,0.31219,0.46185,0.54059,0.26703,0.307,0.58356,0.42393,0.56808,0.56241,0.22284,0.46166,0.72266,0.25251,0.50274,0.12942,0.69961,0.34202,0.55662,0.26118,0.79365,0.44774,0.63958,0.17087,0.39247,0.19879,0.19978,0.31634,0.35021,0.39846,0.43308,0.33972,0.26801,0.20804,0.17382,0.49804,0.45897,0.26422,0.12712,0.51836,0.36857,0.08273,0.49254,0.44797,0.76269,0.57694,0.80393,0.34582,0.62747,0.36161,0.36422,0.47401,0.92827,0.29275,0.16257,0.23164,0.9324,0.21533,0.55433,0.64415,0.70927,0.473,0.07031,0.56506,0.70315,0.18833,0.53652,0.69376,0.59499,0.51214,0.28222,0.39973,0.31906,0.27365,0.89119,0.36583,0.77022,0.38048,0.52904,0.52471,0.05986,0.29611,0.27562,0.47802]}],"name":"Left Wing B"},{"display":[{"width":280,"height":193,"type":"mesh","vertices":[4.75,8.3,14.75,7.07,22.93,11.71,31.12,16.35,31.19,8.87,31.26,1.39,35.49,-0.43,38.01,-7.9,44.77,-8.95,55.51,-7.79,64.51,1.26,65.52,10.39,61.6,20.28,74.52,23.16,82,26.41,89.48,29.67,96.95,32.93,104.43,36.18,114.06,41.6,123.69,47.02,131.64,53.04,133.26,47.37,134.1,40.9,143.36,45.32,152.61,49.74,161.86,54.16,171.12,58.58,183.86,62.91,196.6,67.25,206.57,65.75,216.54,64.25,209.03,59.19,201.53,54.12,193.87,45.42,188.53,39.14,201.48,40.82,214.81,41.25,228.14,41.67,236.73,42,245.31,42.33,254.02,40.25,262.74,38.18,271.45,36.1,280.16,34.02,294.55,27.18,310.86,19.43,298.09,18.34,285.32,17.24,276.12,14.37,266.91,11.49,254.19,8.43,241.46,5.36,229.78,3.66,218.09,1.96,234.95,0.32,251.81,-1.32,264.78,-4.94,277.76,-8.56,291.54,-16.68,297.36,-25.32,293.64,-33.15,278.59,-31.49,263.54,-29.82,250.63,-31.23,237.71,-32.64,227.77,-32.52,217.83,-32.4,206.35,-34.49,194.88,-36.58,182.31,-41.59,180.15,-54.27,177.98,-66.95,162.31,-59.11,161.7,-69.45,161.1,-79.8,160.5,-90.14,159.89,-100.49,156.53,-110.45,151.72,-103.46,146.91,-96.47,142.09,-89.48,137.28,-82.49,127.86,-72.43,118.43,-62.36,114.69,-69.01,102.92,-58.72,98.46,-64.39,94,-70.06,89.55,-75.73,85.09,-81.4,81.01,-85.03,75.1,-82.22,69.94,-73.26,64.79,-64.31,58.79,-53.03,50.68,-59.37,49.65,-55.35,42.1,-58.04,34.01,-62.69,33.31,-50.14,22.1,-51.47,21.69,-43.05,21.29,-34.62,11.24,-38.86,8.43,-25.38,-0.11,-14.07,-2.25,-3.45,1.55,4.55,177.9,2.96,114.28,-27.33,134.47,2.96,93.06,7.62,153.99,-29.42,76.28,-21,176.85,-22.3,148.68,28.63,141.22,-56.75,80.24,-46.64,181.23,27.2,50.84,-31.75,203.88,-19.82,114.42,-13.42,123.13,25.47,157.06,10.81,138.02,-46.95,198.21,22.55,221.98,23.23,244.43,27.04,131.09,-22.82,90.1,-11.65,102.87,-39.22,232.51,-16.26,155.26,-9.61,206.11,-1.73,109.84,14.74,32.67,-21.72,255.65,-16.89,18.08,-8,70.75,-33.24,119.62,-48.56,160.37,32.76,185.81,-14.5,196.29,10.57,116.6,-2.15,155.55,-44.42,141.28,-70.54,80.96,-62.34,134.66,16.5,134.34,-12.41,77.55,6.15,264.13,28.36,170.26,18.81,169.29,43.59,277.83,-20.84,219.32,-16.79,211.75,10.06,89.1,-29.82,170.58,-6.53,41.08,-41.1,55.14,-20.75,164.83,-29.48,238.36,13.55,98.35,-2.7,190.09,-4.84,97.84,-23.74,150.4,2.82,98.94,-44.59,138.59,-34.2,206.13,29.51,72.79,-6.61,60.34,-41.15,146.36,-22.97,122.68,-39.25,89.82,20.31,229.55,29.35,16.08,-20.76,245.1,-13.07,167.37,-39.83,133.96,28.49,149.16,17.7,193.55,-25.54,183.15,10.94,102.29,26.55,69.02,-53.49,120.57,10.91,261.15,17.94,104.71,8.1,32.39,-29.99,144.16,-7.84,129.69,-62.13,161.32,-20.05,217.78,14.92,265.24,-13.73,252.41,32.64,277.16,26.56,178.07,50.61,88.39,-38.71,166.23,-53.22,154.15,-54.95,229.98,-8.73,201.04,-11.53,152.92,-67.2,149.13,-79.93,102.99,-15.77],"transform":{},"triangles":[137,105,106,0,1,107,137,106,107,1,137,107,175,104,105,137,175,105,2,5,1,5,137,1,4,5,2,3,4,2,175,102,104,102,103,104,5,7,137,135,175,137,7,135,137,6,7,5,187,102,175,135,187,175,187,101,102,8,159,135,8,135,7,187,158,101,158,99,101,99,100,101,119,187,135,159,119,135,119,158,187,9,159,8,13,11,12,13,149,11,158,97,99,97,98,99,96,97,158,10,169,9,169,159,9,169,113,159,119,170,158,149,10,11,170,96,158,170,94,96,159,138,119,14,173,13,173,149,13,149,169,10,113,138,159,138,170,119,173,111,149,15,173,14,129,169,149,111,129,149,182,173,15,16,182,15,94,95,96,129,113,169,162,129,111,183,94,170,138,183,170,182,186,173,186,111,173,134,186,182,117,183,138,17,182,16,113,156,138,183,93,94,129,156,113,196,117,138,156,196,138,122,182,17,18,122,17,164,156,129,186,162,111,122,134,182,162,203,129,19,122,18,146,93,183,117,146,183,22,122,19,203,164,129,146,92,93,22,178,122,20,21,19,122,184,134,121,203,162,143,121,162,186,143,162,134,184,186,184,143,186,21,22,19,196,166,117,166,146,117,166,86,146,146,88,92,130,196,156,164,130,156,85,86,166,89,91,92,88,89,92,130,166,196,147,184,122,203,109,164,109,130,164,121,109,203,86,87,146,87,88,146,178,147,122,110,143,184,89,90,91,115,178,22,23,115,22,147,110,184,148,121,143,110,148,143,109,172,130,130,139,166,139,85,166,115,147,178,128,109,121,148,128,121,115,179,147,172,139,130,24,140,23,140,115,23,165,110,147,179,165,147,128,172,109,139,83,85,25,152,24,152,140,24,188,148,110,83,84,85,165,188,110,167,172,128,140,179,115,26,152,25,195,152,26,171,128,148,188,171,148,140,151,179,151,123,179,123,165,179,189,83,139,124,139,172,167,124,172,171,167,128,124,189,139,27,195,26,165,132,188,152,118,140,118,151,140,132,171,188,195,34,152,34,118,152,189,82,83,124,116,189,123,157,165,157,132,165,171,112,167,27,33,195,151,108,123,108,157,123,132,190,171,28,32,27,32,33,27,33,34,195,144,124,167,112,144,167,190,112,171,145,82,189,116,145,189,157,190,132,198,116,124,144,198,124,118,181,151,181,108,151,145,81,82,29,32,28,29,31,32,157,114,190,201,145,116,34,125,118,125,181,118,177,144,112,160,177,112,190,160,112,198,201,116,35,125,34,114,160,190,168,125,35,125,142,181,202,81,145,163,141,108,108,141,157,141,114,157,201,202,145,30,31,29,197,198,144,177,197,144,181,163,108,202,80,81,72,201,198,142,163,181,197,72,198,114,177,160,114,69,177,74,202,201,72,73,201,36,168,35,75,79,202,202,79,80,73,74,201,70,197,177,69,70,177,133,163,142,74,75,202,155,142,125,168,155,125,141,180,114,180,69,114,180,68,69,191,155,168,36,126,168,163,200,141,197,71,72,133,200,163,75,76,79,155,133,142,70,71,197,126,191,168,200,180,141,76,78,79,37,174,36,174,126,36,120,180,200,76,77,78,155,53,133,120,67,180,67,68,180,154,120,200,154,200,133,53,154,133,191,53,155,38,174,37,52,53,191,126,161,191,161,52,191,174,161,126,38,127,174,66,67,120,154,66,120,199,154,53,39,127,38,127,161,174,193,127,39,161,51,52,199,131,154,65,66,154,40,193,39,131,65,154,193,185,127,185,50,127,127,50,161,50,51,161,176,199,54,176,131,199,41,193,40,64,65,131,41,150,193,150,185,193,176,64,131,63,64,176,42,150,41,194,48,185,55,136,176,136,63,176,194,185,150,42,194,150,185,49,50,48,49,185,56,136,55,43,194,42,56,192,136,136,62,63,192,62,136,47,48,194,44,47,194,44,194,43,57,192,56,153,62,192,57,153,192,153,61,62,44,46,47,45,46,44,58,153,57,58,61,153,59,60,58,58,60,61,54,199,53,55,176,54],"path":"Left Wing A","edges":[59,60,60,61,61,62,62,63,63,64,64,65,65,66,66,67,67,68,68,69,69,70,70,71,71,72,72,73,73,74,74,75,75,76,76,77,77,78,78,79,79,80,80,81,81,82,82,83,83,84,84,85,85,86,86,87,87,88,88,89,89,90,90,91,91,92,92,93,93,94,94,95,95,96,96,97,97,98,98,99,99,100,100,101,101,102,102,103,103,104,104,105,105,106,106,107,107,0,0,1,1,2,2,3,3,4,4,5,5,6,6,7,7,8,8,9,9,10,10,11,11,12,12,13,13,14,14,15,15,16,16,17,17,18,18,19,19,20,20,21,21,22,22,23,23,24,24,25,25,26,26,27,27,28,28,29,29,30,30,31,31,32,32,33,33,34,34,35,35,36,36,37,37,38,38,39,39,40,40,41,41,42,42,43,43,44,44,45,45,46,46,47,47,48,48,49,49,50,50,51,51,52,52,53,53,54,54,55,55,56,56,57,57,58,58,59],"name":"Left Wing A","userEdges":[],"uvs":[0.9954,0.73284,0.96127,0.71633,0.94199,0.67644,0.92271,0.63654,0.91101,0.67139,0.89932,0.70624,0.88288,0.70533,0.86329,0.73467,0.8399,0.72459,0.80703,0.69524,0.79185,0.63288,0.8026,0.58794,0.83041,0.55034,0.79312,0.50815,0.774,0.47628,0.75487,0.44441,0.73575,0.41254,0.71663,0.38067,0.69387,0.3339,0.67111,0.28713,0.65468,0.24127,0.64077,0.2642,0.62813,0.29263,0.60506,0.25136,0.58198,0.21009,0.55891,0.16882,0.53584,0.12755,0.50138,0.07895,0.46693,0.03034,0.43248,0.01517,0.39803,0,0.41446,0.04039,0.4309,0.08078,0.44228,0.13856,0.44986,0.17983,0.41067,0.14314,0.36832,0.1115,0.32596,0.07986,0.29878,0.05923,0.2716,0.0386,0.24031,0.02895,0.20902,0.0193,0.17773,0.00965,0.14644,0,0.08954,0,0.02506,0,0.06457,0.03351,0.10408,0.06703,0.12937,0.10096,0.15465,0.13489,0.191,0.17754,0.22735,0.22018,0.26243,0.25411,0.29752,0.28805,0.24063,0.25824,0.18373,0.22843,0.13632,0.21651,0.08891,0.20459,0.03202,0.21193,0,0.23944,0,0.28438,0.05109,0.31006,0.10219,0.33574,0.14169,0.37104,0.1812,0.40635,0.21344,0.4279,0.24568,0.44946,0.2795,0.48476,0.31332,0.52007,0.34619,0.57143,0.33373,0.63559,0.32126,0.69975,0.38384,0.69792,0.36994,0.74767,0.35603,0.79742,0.34212,0.84718,0.32822,0.89693,0.32379,0.95104,0.35002,0.92903,0.37626,0.90702,0.40249,0.88501,0.42873,0.863,0.47456,0.83686,0.52039,0.81072,0.52228,0.85016,0.57602,0.82815,0.58171,0.8646,0.58739,0.90106,0.59308,0.93751,0.59877,0.97397,0.60636,1,0.62975,1,0.66009,0.96956,0.69043,0.93912,0.7271,0.89968,0.74353,0.94737,0.75302,0.93086,0.77324,0.96021,0.79221,1,0.8137,0.94279,0.84784,0.97397,0.86206,0.93545,0.87628,0.89693,0.9022,0.93912,0.93191,0.88226,0.97679,0.84832,1,0.80339,1,0.75753,0.42871,0.37277,0.58748,0.65602,0.56881,0.46934,0.70951,0.53961,0.45618,0.57748,0.71976,0.7109,0.39337,0.49331,0.56232,0.31761,0.45548,0.73377,0.66771,0.82205,0.45513,0.25193,0.78536,0.81775,0.30999,0.42159,0.60837,0.59061,0.63986,0.38924,0.50797,0.38238,0.48084,0.69504,0.39322,0.23591,0.31758,0.17985,0.251,0.1121,0.54016,0.59752,0.6895,0.63641,0.60608,0.73702,0.22309,0.34128,0.48247,0.48193,0.33053,0.33197,0.6663,0.46898,0.85932,0.81125,0.14747,0.29276,0.92742,0.7795,0.71885,0.78045,0.53771,0.74346,0.53092,0.27231,0.37641,0.43688,0.38105,0.29627,0.6186,0.53302,0.42816,0.64421,0.43414,0.79817,0.6413,0.89395,0.58892,0.40557,0.54566,0.54155,0.75728,0.58101,0.18949,0.06213,0.47766,0.31558,0.51877,0.20176,0.06985,0.26191,0.2648,0.37306,0.33039,0.26425,0.66491,0.72364,0.43777,0.43345,0.8025,0.88321,0.78834,0.75671,0.42112,0.55363,0.2499,0.18873,0.67664,0.57615,0.37741,0.38215,0.64602,0.67576,0.51719,0.43455,0.6105,0.7709,0.49854,0.63407,0.37834,0.18575,0.75308,0.65129,0.7403,0.84063,0.49068,0.56425,0.54212,0.69313,0.73943,0.48745,0.30255,0.13439,0.91433,0.84362,0.18735,0.29835,0.39708,0.59646,0.60956,0.35102,0.54399,0.3677,0.33452,0.47132,0.42399,0.32374,0.70877,0.43052,0.69336,0.87908,0.62582,0.46305,0.18311,0.11752,0.67268,0.51149,0.84756,0.85056,0.52098,0.49832,0.48443,0.78459,0.44691,0.51733,0.31838,0.22809,0.12138,0.25666,0.23386,0.06817,0.14467,0.04158,0.50118,0.14941,0.65356,0.76686,0.38022,0.66164,0.41654,0.6966,0.24277,0.31167,0.33184,0.38911,0.40171,0.75667,0.39444,0.82464,0.64161,0.627]}],"name":"Left Wing A"},{"display":[{"width":393,"height":205,"type":"mesh","vertices":[-30.86,3.27,-29.7,-7.23,-16.44,-15.65,-10.23,-15.57,2.74,-19.93,21.02,-28.29,27.48,-28.68,23.3,-20.25,19.12,-11.82,24.81,-8.16,34.92,-13.52,41.91,-17.97,44.46,-29.88,42.42,-37.56,51.52,-39.35,60.41,-42.57,58.36,-50.01,63.39,-50.9,71.66,-61.3,79.93,-71.71,81.22,-61.29,82.51,-50.88,95.28,-57.76,108.04,-64.63,121.89,-72.81,135.75,-80.99,144.43,-86.85,153.12,-92.7,169.51,-103.24,185.89,-103.31,202.26,-103.37,184.92,-93.88,167.58,-84.38,156.92,-73.29,170.75,-80.15,184.59,-87.02,207.48,-91.25,230.37,-95.48,248.56,-97.26,266.75,-99.05,280.61,-98.86,294.47,-98.67,308.68,-98,322.9,-97.33,311.68,-89.95,300.47,-82.58,290.92,-74.94,281.38,-67.3,270.41,-60.52,259.44,-53.73,245.11,-49.98,230.78,-46.23,216.44,-42.49,202.11,-38.74,221.36,-39.19,240.61,-39.65,260.63,-35.91,280.66,-32.17,297.53,-25.01,314.41,-17.85,332.7,-9.59,350.99,-1.34,356.47,9.37,361.95,20.08,361.84,28.21,345.61,25.6,329.39,22.99,313.85,23.37,298.31,23.76,275.01,23.2,251.71,22.65,248.97,30.98,246.23,39.31,244,53.38,241.78,67.45,234.8,71.18,226.89,64.02,218.98,56.86,220.99,69.34,223,81.82,222.42,89.82,221.83,97.82,215.32,101.82,207.88,95.37,200.44,88.93,190.57,76.48,180.7,64.04,175.63,76.4,170.56,88.76,162.77,81.6,154.98,74.45,146.79,62.02,138.59,49.6,133.86,45.71,127.08,52.32,114.28,61.94,104.86,51.77,95.43,41.61,86.75,30.02,77.72,39.05,68.69,48.08,63.92,38.58,59.15,29.07,44.27,33.89,34.64,38.78,32.06,35.4,24.79,42.23,22.28,33.83,19.76,25.43,9.13,34.13,0.28,25.64,-8.57,17.16,-20.52,17.23,-29.25,8.99,74.46,-12.15,251.79,-8.99,174.55,19.21,133.33,-36.76,139.85,-4.5,199.16,-12.43,117.52,19.94,169.29,-57.78,224.66,11.95,299.4,6.82,214.37,-64.99,83.81,-30.87,258.78,-77.19,59.62,10.09,168.74,-30.03,209.93,39.62,157.46,42.85,101.77,-1.19,181.38,-3.15,117.05,-19.27,234.83,-26.35,136.48,-52.23,268.22,7.91,282.98,-8.84,145.42,12.19,221.36,26.51,33.16,17.88,219.13,-83.18,226.66,-5.16,181.41,47.45,156.64,-17.65,197.04,-47.6,-3.92,0.6,204.63,6.16,88.02,9.34,243.98,-65.44,188.86,-73.25,110.2,-42.44,140.62,29.72,115.13,38.68,167.77,-43.87,53.96,-5.4,206.35,-22.56,280.36,-84.96,191.32,32.49,338.43,8.07,203.29,19.26,26.51,5.36,244.57,5.66,88.28,-18.14,138.06,-66.95,63.66,-27.26,268.08,-22.87,143.11,-21.64,118.52,7.16,169.16,5.99,106.51,-29.51,326.55,3.04,308.85,-8.59,192.4,-60.87,118.1,-9.6,202.4,55.46,82.26,19.67,169.07,34.34,213.45,-53.97,182.94,-19.46,185.55,-30.93,223.75,-15.12,165.99,-7.75,160.98,53.22,240.16,-83.71,106.29,29.94,318.41,12.94,104.08,-51.76,152.72,20.23,91.79,-42.71,227.55,-74.62,75.57,0.14,11.19,15.34,269.39,0.51,247.82,-21.84,258.93,-88.43,155.11,-44.13,228.11,43.14,54.15,19.32,175.61,-69.06,46.78,5.57,234.52,-55.73,282.05,12.44,151.15,-58.88,210.04,-2.97,151.36,-30.04],"transform":{},"triangles":[62,65,63,63,65,64,61,159,62,159,65,62,60,159,61,159,66,65,171,186,66,60,171,159,171,66,159,172,171,60,59,172,60,186,67,66,172,186,171,172,123,186,42,44,43,123,67,186,58,172,59,123,68,67,42,45,44,41,45,42,137,123,172,58,137,172,137,202,123,41,157,45,157,46,45,123,202,68,202,69,68,57,137,58,40,157,41,57,166,137,193,202,137,157,47,46,157,126,47,193,136,202,166,193,137,136,69,202,40,39,157,126,48,47,56,166,57,39,195,157,195,126,157,166,115,193,136,70,69,126,49,48,115,136,193,194,115,166,115,162,136,162,70,136,56,194,166,126,149,49,38,195,39,55,194,56,149,50,49,184,126,195,38,184,195,184,149,126,55,134,194,122,71,70,162,122,70,194,142,115,142,162,115,181,142,134,149,201,50,134,142,194,197,72,71,139,197,71,122,139,71,197,73,72,37,184,38,184,190,149,76,74,73,197,76,73,142,122,162,201,51,50,190,201,149,76,75,74,197,77,76,54,134,55,37,190,184,141,190,37,190,124,201,54,181,134,178,51,201,124,178,201,54,156,181,139,129,197,178,52,51,204,122,142,36,141,37,129,77,197,181,204,142,141,124,190,204,147,122,160,139,122,147,160,122,78,84,79,83,80,79,84,83,79,156,204,181,83,82,81,83,81,80,129,175,77,175,85,78,85,84,78,77,175,78,160,129,139,156,119,204,36,150,124,36,124,141,178,53,52,160,158,129,150,173,124,124,173,178,173,145,178,145,53,178,158,175,129,119,147,204,86,85,175,158,143,175,119,132,147,35,150,36,53,180,156,180,119,156,180,179,119,132,116,160,132,160,147,116,158,160,143,86,175,29,31,30,145,180,53,179,132,119,154,180,145,173,121,145,121,154,145,169,116,132,150,199,173,199,121,173,177,143,158,116,177,158,35,34,150,34,199,150,183,86,143,182,132,179,128,179,180,154,128,180,28,31,29,28,32,31,128,182,179,177,183,143,183,87,86,182,169,132,144,182,128,130,183,177,90,89,87,183,90,87,89,88,87,188,177,116,169,188,116,34,33,199,33,121,199,27,32,28,33,203,121,196,154,121,154,196,128,196,205,128,182,138,169,188,130,177,91,90,183,203,196,121,138,188,169,205,144,128,118,138,182,27,33,32,144,118,182,188,152,130,27,26,33,92,91,130,130,91,183,167,118,144,152,92,130,164,203,33,205,167,144,203,135,196,26,25,33,25,164,33,117,205,196,135,117,196,93,92,152,138,152,188,117,167,205,164,135,203,118,168,138,120,152,138,168,120,138,117,133,167,174,118,167,133,174,167,153,93,152,120,153,152,174,168,118,24,135,164,25,24,164,24,23,135,23,151,135,151,117,135,153,94,93,151,170,133,151,133,117,23,187,151,96,95,94,153,96,94,185,153,120,174,131,168,148,185,120,131,148,120,131,120,168,133,131,174,170,131,133,163,131,170,185,97,153,97,96,153,148,98,185,189,170,151,187,189,151,148,176,98,22,187,23,98,97,185,189,125,170,125,163,170,22,189,187,163,191,131,191,148,131,114,191,163,21,189,22,21,125,189,191,176,148,125,114,163,176,99,98,102,101,99,15,165,125,165,114,125,191,127,176,102,99,176,127,102,176,20,18,21,18,17,21,15,125,21,17,15,21,19,18,20,101,100,99,198,102,127,114,155,191,155,127,191,165,155,114,11,155,165,12,11,165,15,14,165,16,15,17,155,200,127,14,12,165,200,198,127,198,103,102,200,140,198,140,103,198,10,200,155,11,10,155,13,12,14,140,105,103,10,161,200,161,140,200,9,161,10,105,104,103,108,107,105,108,105,140,161,108,140,192,108,161,107,106,105,5,7,6,9,8,161,8,192,161,146,192,8,5,4,7,4,8,7,192,109,108,110,109,192,4,146,8,111,110,192,146,111,192,3,146,4,2,1,146,1,0,146,112,111,146,113,112,146,0,113,146,3,2,146,53,156,54],"path":"Right Wing B","edges":[0,113,113,112,112,111,111,110,110,109,109,108,108,107,107,106,106,105,105,104,104,103,103,102,102,101,101,100,100,99,99,98,98,97,97,96,96,95,95,94,94,93,93,92,92,91,91,90,90,89,89,88,88,87,87,86,86,85,85,84,84,83,83,82,82,81,81,80,80,79,79,78,78,77,77,76,76,75,75,74,74,73,73,72,72,71,71,70,70,69,69,68,68,67,67,66,66,65,65,64,64,63,63,62,62,61,61,60,60,59,59,58,58,57,57,56,56,55,55,54,54,53,53,52,52,51,51,50,50,49,49,48,48,47,47,46,46,45,45,44,44,43,43,42,42,41,41,40,40,39,39,38,38,37,37,36,36,35,35,34,34,33,33,32,32,31,31,30,30,29,29,28,28,27,27,26,26,25,25,24,24,23,23,22,22,21,21,20,20,19,19,18,18,17,17,16,16,15,15,14,14,13,13,12,12,11,11,10,10,9,9,8,8,7,7,6,6,5,5,4,4,3,3,2,2,1,1,0],"name":"Right Wing B","userEdges":[],"uvs":[0,0.53563,0.00259,0.48433,0.03603,0.44236,0.05184,0.44236,0.08468,0.42021,0.1309,0.37824,0.14732,0.3759,0.13698,0.41729,0.12665,0.45868,0.14124,0.47617,0.16678,0.44935,0.18442,0.4272,0.1905,0.36891,0.18503,0.3316,0.20814,0.32227,0.23064,0.30595,0.22516,0.26981,0.23794,0.26515,0.25861,0.21385,0.27929,0.16255,0.28294,0.21327,0.28659,0.26398,0.31882,0.22959,0.35105,0.1952,0.38602,0.15439,0.42099,0.11359,0.44288,0.08444,0.46477,0.05529,0.50613,0.00283,0.54778,0.00142,0.58944,0,0.54565,0.04747,0.50187,0.09493,0.47511,0.14973,0.51008,0.11534,0.54505,0.08094,0.60314,0.05879,0.66123,0.03664,0.70745,0.02673,0.75367,0.01682,0.78894,0.01682,0.82421,0.01682,0.8604,0.01915,0.89658,0.02149,0.8683,0.05821,0.84003,0.09493,0.816,0.13282,0.79198,0.17071,0.76431,0.20452,0.73664,0.23833,0.70031,0.25757,0.66397,0.27681,0.62763,0.29604,0.5913,0.31528,0.64025,0.31178,0.68921,0.30828,0.74029,0.32519,0.79137,0.34209,0.83455,0.3759,0.87773,0.40971,0.92456,0.44877,0.97138,0.48783,0.98569,0.53971,1,0.59159,1,0.63123,0.95863,0.61957,0.91726,0.60791,0.87773,0.61082,0.8382,0.61374,0.77891,0.61257,0.71961,0.61141,0.71292,0.65221,0.70623,0.69302,0.70107,0.7618,0.6959,0.83059,0.67826,0.84924,0.65789,0.81485,0.63752,0.78045,0.64307,0.8412,0.64862,0.90194,0.6474,0.94099,0.64619,0.98005,0.62977,1,0.61061,0.96904,0.59145,0.93808,0.56591,0.87804,0.54037,0.818,0.5279,0.87862,0.51544,0.93925,0.49537,0.90485,0.4753,0.87046,0.45401,0.81042,0.43273,0.75038,0.42057,0.73172,0.40354,0.76437,0.37131,0.81217,0.34698,0.7632,0.32266,0.71424,0.30015,0.65828,0.2775,0.70294,0.25484,0.7476,0.24238,0.70155,0.22991,0.6555,0.1922,0.67998,0.16788,0.70447,0.16119,0.68814,0.14294,0.72195,0.13625,0.68115,0.12957,0.64034,0.10281,0.68348,0.08,0.64268,0.0572,0.60187,0.02679,0.60304,0.00429,0.5634,0.26743,0.45342,0.71872,0.45707,0.52317,0.59977,0.41636,0.3295,0.43407,0.48642,0.58469,0.44381,0.37809,0.60709,0.50714,0.22459,0.65042,0.561,0.84039,0.53104,0.62158,0.18642,0.29058,0.36147,0.73414,0.12397,0.23045,0.56287,0.5067,0.35998,0.61389,0.69697,0.4805,0.71618,0.33728,0.50505,0.53977,0.49023,0.37556,0.41589,0.67497,0.37354,0.42383,0.2538,0.76111,0.5384,0.79809,0.45574,0.44881,0.56745,0.64252,0.63225,0.16339,0.60263,0.63306,0.09739,0.65492,0.47742,0.5416,0.73702,0.47633,0.42117,0.5781,0.27237,0.06845,0.5208,0.59925,0.53408,0.30268,0.55734,0.6969,0.18227,0.55638,0.14781,0.35732,0.30331,0.43722,0.65324,0.37266,0.69865,0.50375,0.29254,0.21551,0.48772,0.60263,0.39389,0.78879,0.08464,0.5663,0.66339,0.93976,0.53457,0.5963,0.59811,0.14603,0.54201,0.70086,0.52903,0.3024,0.4233,0.42736,0.18191,0.23944,0.38042,0.75968,0.38831,0.44177,0.40257,0.3802,0.54469,0.509,0.53561,0.34839,0.36664,0.90934,0.51082,0.86391,0.45526,0.56583,0.20796,0.37855,0.46299,0.59529,0.77473,0.28838,0.60813,0.50976,0.67392,0.61962,0.24023,0.54317,0.41058,0.54942,0.35444,0.64716,0.42903,0.50046,0.4688,0.48983,0.76654,0.68655,0.0934,0.34986,0.6566,0.88899,0.55961,0.34143,0.25824,0.46768,0.60618,0.31046,0.30319,0.65477,0.13855,0.27067,0.51327,0.10742,0.59169,0.76383,0.50225,0.70818,0.39465,0.73414,0.06913,0.47152,0.29208,0.66027,0.71291,0.21685,0.60827,0.52283,0.16912,0.19761,0.54167,0.67316,0.23024,0.79646,0.55961,0.46093,0.22042,0.6127,0.48923,0.46248,0.36108]}],"name":"Right Wing B"},{"display":[{"width":436,"height":249,"type":"mesh","vertices":[-13.92,-25.16,-5.03,-26.79,8.8,-22.96,25.85,-26.32,43.97,-35.29,34.22,-17.51,30.26,-7.47,46.68,-4.18,59.68,-7.58,63.66,-14.27,67.83,-29.75,66.12,-36.8,86.35,-32.52,89.29,-39.88,95.5,-40.28,106.9,-51.78,118.31,-63.28,118.33,-42.83,137.29,-44.57,152.34,-49.98,164.11,-54.92,175.88,-59.87,193.48,-68.06,207.02,-72.6,220.56,-77.13,243.75,-79.08,263.97,-74.79,252.29,-60.87,230.88,-53.68,210.87,-45.2,223.88,-46.92,236.88,-48.65,251.46,-49.35,266.03,-50.05,287.78,-48.11,303.86,-44.3,319.95,-40.49,336.75,-37.5,353.56,-34.52,369.29,-30.17,381.53,-22.18,368.08,-18.07,354.62,-13.95,341.16,-9.83,327.7,-5.71,313.14,-0.18,298.57,5.35,282.78,5.08,266.99,4.8,244.15,6.23,265.16,11.59,286.17,16.95,303.41,25.6,320.64,34.25,340.4,47.51,360.15,60.77,380.01,71.88,393.6,85.2,407.19,98.53,413.49,117.13,406.52,127.8,380.9,118.88,358.43,109.79,335.96,100.69,320.18,97.26,304.41,93.84,282.11,89.31,275.88,100.7,269.66,112.09,263.44,123.48,257.22,134.87,251.24,140.62,244.03,126.63,236.33,115.66,238.95,136.69,237.09,157.75,229.89,176.18,215.3,166.66,209.19,151.85,203.07,137.04,193.65,117.89,183.77,128.76,173.89,139.63,165.39,121.36,154.66,100.24,145.66,88.43,127.95,93.95,118.31,96.2,113.06,79.77,98.67,55.16,85.03,62.97,71.36,67.41,67.98,48.12,46.7,50.57,36.12,49.72,36.18,42.22,28.31,44.62,21.52,33.4,12.16,34.08,-4.45,15.71,-15.19,10.55,-29.71,-1.53,-23.76,-10.64,193.08,5.49,280.95,49.6,112.77,6.23,198.54,79.53,233.93,53.2,144.97,51.9,169.04,29.96,130.45,-16.91,177.78,-29.26,244.03,89.89,314.7,59.37,84.96,19.33,211.28,47.27,229.12,25.69,363.15,85.02,211.07,-7.44,161.47,-11.03,169.32,82.68,262.42,66.92,178.6,58.24,142.89,28.5,121.63,41.59,272.82,-22.19,240.45,-18.71,6.94,-3.13,213.46,103.72,213.28,65.64,42.08,18.4,339.6,79.57,192.8,19.49,132.2,66.58,297.99,-23.05,252.62,35.52,92.79,-21.24,302.87,77.03,203.2,-32.09,387.09,104.14,68.07,27.37,151.57,9.36,80.31,-7.83,293.53,34.41,108.5,17.6,185.98,96.85,192.95,44.13,211.91,117.98,102.34,37.94,146.33,-32.41,249.01,-30,19.08,23.43,126.09,1.19,221.13,90.89,173.59,10.65,251.94,77.61,325.96,-24.99,208.86,32.54,276.2,63.68],"transform":{},"triangles":[58,139,59,59,139,60,139,61,60,57,139,58,139,62,61,57,117,139,117,62,139,56,117,57,117,63,62,131,63,117,55,117,56,55,131,117,54,131,55,131,64,63,137,64,131,113,137,131,54,113,131,137,65,64,53,113,54,39,41,40,137,66,65,113,104,137,39,38,41,38,42,41,53,143,113,143,104,113,158,66,137,104,158,137,52,143,53,38,43,42,69,72,70,72,71,70,75,77,76,38,37,43,68,73,69,73,72,69,67,112,68,112,73,68,66,155,67,155,112,67,37,156,43,158,121,66,121,155,66,74,78,75,78,77,75,156,44,43,79,78,74,73,147,74,147,79,74,156,45,44,156,134,45,51,143,52,51,104,143,104,121,158,112,153,73,135,121,104,51,135,104,36,156,37,50,135,51,153,128,73,134,46,45,128,147,73,36,134,156,107,155,121,135,107,121,35,134,36,129,153,112,129,112,155,107,129,155,134,47,46,134,125,47,147,80,79,128,80,147,35,34,134,125,48,47,50,49,135,145,80,128,153,106,128,34,125,134,129,106,153,106,145,128,116,107,135,49,116,135,115,129,107,125,126,48,126,49,48,83,81,80,145,83,80,34,33,125,116,115,107,83,82,81,150,126,125,157,115,116,84,83,145,33,150,125,122,106,129,146,122,129,115,146,129,118,116,49,120,84,145,120,145,106,122,120,106,32,150,33,126,118,49,118,157,116,118,103,157,103,132,157,157,146,115,85,84,120,32,31,150,150,31,126,31,30,126,132,146,157,138,118,126,30,138,126,109,122,146,122,108,120,108,85,120,132,109,146,29,138,30,108,133,85,25,27,26,109,108,122,25,28,27,154,109,132,111,103,118,138,111,118,25,24,28,103,154,132,133,86,85,123,108,109,119,154,103,111,119,103,133,88,86,24,23,28,154,141,109,88,87,86,141,123,109,21,111,138,21,138,29,22,21,29,23,22,29,124,133,108,119,141,154,123,124,108,89,88,133,124,89,133,21,20,111,149,119,111,144,124,123,152,144,123,141,152,123,119,110,141,110,152,141,20,19,111,19,149,111,105,144,152,148,89,124,149,110,119,144,148,124,148,92,89,92,90,89,114,140,92,19,18,149,18,110,149,144,114,148,114,92,148,110,105,152,92,91,90,18,17,110,136,105,110,105,114,144,17,136,110,142,114,105,136,142,105,14,136,17,140,93,92,8,140,114,142,8,114,95,93,140,130,95,140,15,14,17,16,15,17,14,12,136,8,130,140,7,130,8,12,10,142,12,142,136,95,94,93,13,12,14,10,9,142,9,8,142,130,97,95,11,10,12,97,96,95,151,97,130,7,6,130,6,151,130,6,127,151,151,98,97,127,99,151,151,99,98,4,3,5,5,3,6,3,2,6,2,127,6,100,99,127,1,0,127,0,102,127,102,100,127,2,1,127,102,101,100,23,29,28],"path":"Right Wing A","edges":[101,100,100,99,99,98,98,97,97,96,96,95,95,94,94,93,93,92,92,91,91,90,90,89,89,88,88,87,87,86,86,85,85,84,84,83,83,82,82,81,81,80,80,79,79,78,78,77,77,76,76,75,75,74,74,73,73,72,72,71,71,70,70,69,69,68,68,67,67,66,66,65,65,64,64,63,63,62,62,61,61,60,60,59,59,58,58,57,57,56,56,55,55,54,54,53,53,52,52,51,51,50,50,49,49,48,48,47,47,46,46,45,45,44,44,43,43,42,42,41,41,40,40,39,39,38,38,37,37,36,36,35,35,34,34,33,33,32,32,31,31,30,30,29,29,28,28,27,27,26,26,25,25,24,24,23,23,22,22,21,21,20,20,19,19,18,18,17,17,16,16,15,15,14,14,13,13,12,12,11,11,10,10,9,9,8,8,7,7,6,6,5,5,4,4,3,3,2,2,1,1,0,0,102,102,101],"name":"Right Wing A","userEdges":[],"uvs":[0.00071,0.858,0.01573,0.83302,0.04711,0.81554,0.07564,0.76683,0.09918,0.69688,0.10275,0.77807,0.10774,0.82054,0.14341,0.79556,0.16409,0.75559,0.16338,0.72436,0.15197,0.66316,0.13984,0.64318,0.18407,0.6132,0.1805,0.58198,0.19191,0.56699,0.1994,0.50329,0.20689,0.43959,0.23257,0.50829,0.26681,0.46082,0.28892,0.40962,0.30533,0.36715,0.32173,0.32468,0.34527,0.25849,0.3656,0.21352,0.38593,0.16856,0.42802,0.11111,0.47224,0.08113,0.46725,0.15357,0.43515,0.22476,0.40733,0.29721,0.43016,0.26286,0.45298,0.22851,0.48009,0.19416,0.50719,0.15982,0.55142,0.1186,0.58708,0.09612,0.62275,0.07364,0.65877,0.04678,0.69479,0.01993,0.73046,0,0.76398,0,0.7433,0.04339,0.72261,0.08678,0.70192,0.13017,0.68124,0.17356,0.6602,0.22414,0.63915,0.27472,0.60848,0.30845,0.57781,0.34217,0.53572,0.39713,0.5828,0.36902,0.62988,0.34092,0.67383,0.33218,0.71777,0.32343,0.77234,0.32468,0.82691,0.32593,0.87898,0.31969,0.92178,0.33468,0.96457,0.34966,1,0.39837,1,0.44958,0.93961,0.47581,0.88504,0.49455,0.83047,0.51328,0.79588,0.53639,0.76128,0.55949,0.71278,0.59322,0.71511,0.64518,0.71743,0.69714,0.71976,0.7491,0.72209,0.80106,0.71781,0.83354,0.68643,0.80231,0.65789,0.78233,0.68928,0.84727,0.7121,0.92221,0.72138,1,0.68143,1,0.65112,0.9636,0.6208,0.92721,0.57872,0.8835,0.57337,0.94175,0.56802,1,0.52879,0.95719,0.48171,0.90972,0.44961,0.88974,0.4225,0.94719,0.40681,0.97592,0.37614,0.93221,0.31765,0.881,0.30124,0.9372,0.28056,0.98217,0.24988,0.92471,0.21208,0.97967,0.19068,1,0.18141,0.97467,0.16928,1,0.14218,0.97717,0.12506,1,0.07013,0.97467,0.04303,0.98092,0,0.97217,0,0.92846,0.43671,0.50673,0.66077,0.46222,0.28339,0.68551,0.54,0.74375,0.57498,0.57752,0.40249,0.76841,0.42122,0.64178,0.28835,0.56887,0.36377,0.42343,0.64038,0.67874,0.73784,0.42098,0.2464,0.7906,0.52405,0.6073,0.53125,0.49557,0.86306,0.4009,0.45506,0.42376,0.35529,0.52056,0.48784,0.81847,0.64691,0.56112,0.47502,0.71591,0.36916,0.6943,0.34474,0.78498,0.55517,0.23862,0.49735,0.32139,0.06839,0.88632,0.59901,0.79236,0.55092,0.66466,0.16287,0.88159,0.81099,0.43428,0.45371,0.55444,0.39637,0.84581,0.60242,0.18046,0.58872,0.47705,0.21058,0.63699,0.73726,0.50633,0.40905,0.35813,0.93302,0.41265,0.22403,0.85471,0.36184,0.61086,0.20341,0.70947,0.66589,0.38351,0.28944,0.73314,0.5376,0.82958,0.48489,0.63696,0.6139,0.8437,0.3031,0.81505,0.29942,0.48187,0.49964,0.26462,0.125,0.94898,0.30266,0.63931,0.59764,0.73237,0.40575,0.56687,0.64017,0.62007,0.65373,0.11256,0.50093,0.56308,0.66929,0.51998]}],"name":"Right Wing A"},{"display":[{"width":51,"height":43,"type":"mesh","vertices":[-0.89,1.2,4.56,13.33,10.76,26.82,20.83,31.86,26.18,24.55,35.47,19.96,37.89,13.6,41.6,0.89,37.98,-10.97,33.36,-17.94,28.69,-19.72,26.4,-17.09,18.68,-17.03,9.15,-17.87,2.89,-15.33,0.9,-10.1,-1.62,-3.48],"transform":{},"triangles":[4,2,3,4,1,2,6,12,1,6,1,4,5,6,4,11,12,7,7,12,6,12,0,1,8,11,7,12,15,0,12,13,15,15,16,0,13,14,15,9,11,8,9,10,11],"path":"Head","edges":[9,10,10,11,11,12,12,13,13,14,14,15,15,16,16,0,0,1,1,2,2,3,3,4,4,5,5,6,6,7,7,8,8,9],"name":"Head","userEdges":[],"uvs":[0.5897,0.94536,0.77401,0.72675,0.97793,0.48024,1,0.21978,0.82891,0.16396,0.6799,0,0.54656,0,0.28774,0.02443,0.09558,0.20117,0,0.35931,0,0.47559,0.06421,0.5035,0.11911,0.67094,0.17009,0.88489,0.26029,1,0.37009,1,0.5089,1]}],"name":"Head"},{"display":[{"edges":[8,9,9,10,10,11,11,12,12,13,13,14,14,15,15,16,16,17,17,18,18,19,19,20,20,21,21,22,22,23,23,24,24,25,25,26,26,27,27,28,28,29,29,30,30,31,31,32,32,33,33,34,34,35,35,36,36,37,37,38,38,0,0,1,1,2,2,3,3,4,4,5,5,6,6,7,7,8],"vertices":[-74.31,-351.76,-79.31,-338.01,-84.31,-324.27,-89.32,-310.54,-94.32,-296.81,-101.83,-289.78,-109.35,-282.75,-116.86,-275.72,-124.37,-268.69,-116.91,-264.65,-120.11,-257.4,-115.74,-249.95,-111.38,-242.49,-103.49,-242.7,-97.75,-232.8,-92,-222.89,-87.1,-215.45,-82.21,-208.01,-77.51,-208,-74.42,-217.16,-71.33,-226.31,-68.24,-235.46,-65.15,-244.62,-62.01,-255.06,-58.87,-265.49,-55.72,-275.92,-52.58,-286.36,-51.51,-295.47,-50.45,-304.58,-49.39,-313.67,-48.33,-322.78,-46.48,-333.32,-44.63,-343.87,-44.62,-352.82,-44.62,-361.76,-49.99,-362.51,-55.35,-363.25,-61.74,-363.47,-68.13,-363.68,-87.87,-266.9,-66.51,-318.14,-80.61,-297.42,-70.46,-282.4,-84.69,-242.49,-59.52,-343.83,-101.11,-262.64,-74.58,-266.48,-63.25,-292.42,-73.06,-327.12,-76.71,-249.38,-53.92,-326.66,-73.04,-306.96,-80.74,-226.18,-81.59,-282.04,-93.83,-247.53,-59.96,-305.86,-97.16,-280.58,-70.14,-340.42,-88.33,-284.73,-111.31,-261.17,-51.61,-347.88,-63.83,-327.01,-64.16,-272.96,-75.7,-237.79,-66.76,-352.63,-80.07,-313.26,-94.99,-264.4,-81.09,-261.45,-102.63,-273.56,-89.35,-231.25,-73.79,-292.26,-57.18,-317.49,-69.52,-251.68,-88.49,-256.55,-104.23,-251.32,-66.61,-265.67,-86.54,-300.55,-67.3,-303.12,-76.3,-276.93,-58.56,-333.38,-65.31,-337.39,-109.69,-270.09,-60.84,-279.26],"triangles":[60,44,31,44,79,31,50,30,31,35,60,33,33,60,32,60,31,32,35,33,34,36,60,35,71,29,30,79,50,31,55,28,29,50,71,30,36,64,60,55,27,28,71,55,29,37,64,36,82,25,26,47,26,27,55,47,27,64,44,60,47,82,26,62,24,25,61,71,50,79,61,50,77,47,55,44,80,79,40,55,71,82,62,25,47,42,82,75,23,24,61,40,71,40,77,55,62,75,24,80,61,79,72,22,23,51,77,40,38,64,37,57,80,44,64,57,44,42,62,82,75,72,23,80,48,61,77,70,47,70,42,47,48,40,61,0,57,64,46,72,75,42,78,62,46,75,62,78,46,62,38,0,64,72,49,22,49,63,22,63,21,22,57,48,80,46,67,72,1,48,57,51,41,77,41,70,77,48,65,40,65,51,40,63,20,21,67,49,72,63,52,20,70,53,42,0,1,57,2,65,48,52,19,20,53,78,42,49,43,63,76,41,51,65,76,51,1,2,48,78,39,46,17,18,19,41,53,70,39,67,46,52,16,19,16,17,19,58,53,41,69,52,63,67,73,49,43,69,63,53,39,78,3,76,65,73,43,49,15,16,52,58,39,53,2,3,65,76,58,41,4,58,76,73,54,43,58,56,39,69,15,52,39,73,67,14,69,43,54,14,43,56,68,66,3,4,76,56,66,39,66,73,39,4,5,58,5,56,58,45,54,73,66,45,73,45,74,54,13,14,54,14,15,69,68,45,66,74,13,54,5,6,56,6,68,56,59,74,45,68,81,45,81,59,45,12,13,74,6,81,68,11,12,74,59,11,74,10,11,59,9,59,81,7,81,6,7,9,81,9,10,59,8,9,7],"slotPose":[1,0,0,1,0,0],"path":"Scythe Arm","weights":[1,12,1,2,12,0.99106,14,0.00894,2,12,0.85259,14,0.14741,2,12,0.32864,14,0.67136,2,12,0.0025,14,0.9975,1,14,1,1,14,1,1,14,1,1,14,1,1,14,1,1,14,1,1,14,1,1,14,1,1,14,1,1,14,1,1,14,1,1,14,1,1,14,1,1,14,1,1,14,1,2,12,0.00019,14,0.99981,2,12,0.00353,14,0.99647,2,12,0.01698,14,0.98302,2,12,0.05973,14,0.94027,2,12,0.16432,14,0.83568,2,12,0.38165,14,0.61835,2,12,0.70738,14,0.29262,2,12,0.93565,14,0.06435,1,12,1,1,12,1,1,12,1,1,12,1,1,12,1,1,12,1,1,12,1,1,12,1,1,12,1,1,12,1,1,12,1,2,12,0.00547,14,0.99453,2,12,0.99745,14,0.00255,1,14,1,2,12,0.21534,14,0.78466,2,12,0.00147,14,0.99853,1,12,1,1,14,1,2,12,0.06262,14,0.93738,2,12,0.75269,14,0.24731,2,12,0.9722,14,0.0278,2,12,0.01274,14,0.98726,1,12,1,2,12,0.8624,14,0.1376,1,14,1,2,12,0.01593,14,0.98407,2,12,0.00015,14,0.99985,1,12,1,1,14,1,2,12,0.99952,14,0.00048,1,14,1,1,14,1,1,12,1,2,12,0.99949,14,0.00051,2,12,0.22752,14,0.77248,2,12,0.00276,14,0.99724,1,12,1,2,12,0.65472,14,0.34528,2,12,0.00028,14,0.99972,2,12,0.0197,14,0.9803,1,14,1,1,14,1,2,12,0.11324,14,0.88676,1,12,1,2,12,0.03004,14,0.96996,2,12,0.00326,14,0.99674,1,14,1,2,12,0.11899,14,0.88101,2,12,0.04296,14,0.95704,1,12,1,2,12,0.07334,14,0.92666,1,12,1,2,12,0.99993,14,0.00007,1,14,1,2,12,0.39983,14,0.60017],"bonePose":[12,-0.364226695891898,0.9313103209992204,-0.9313103209992204,-0.364226695891898,-56.30231668485275,-341.4822870410657,14,-0.629456019022011,0.7770361124921812,-0.7770361124921812,-0.629456019022011,-72.67195480194562,-300.03773314172423],"uvs":[0.65888,0.10159,0.60134,0.18746,0.54381,0.27332,0.48627,0.35919,0.42874,0.44505,0.34244,0.48898,0.25614,0.53291,0.16984,0.57684,0.08353,0.62078,0.16922,0.64607,0.1325,0.69133,0.18269,0.73793,0.23288,0.78452,0.32346,0.78319,0.38957,0.84509,0.45567,0.90699,0.51198,0.9535,0.56829,1,0.62215,1,0.65765,0.9428,0.69315,0.8856,0.72865,0.82841,0.76415,0.77121,0.80026,0.70598,0.83638,0.64074,0.87249,0.57551,0.9086,0.51028,0.92084,0.45337,0.93308,0.39646,0.94532,0.33955,0.95757,0.28264,0.97878,0.21674,1,0.15085,1,0.09493,1,0.03902,0.93839,0.03436,0.87677,0.0297,0.80332,0.02837,0.72988,0.02704,0.50311,0.63193,0.74848,0.31168,0.5864,0.4412,0.7031,0.53506,0.53964,0.7845,0.82885,0.15104,0.35075,0.65858,0.65572,0.6346,0.78601,0.47241,0.6731,0.25555,0.63133,0.74148,0.89321,0.25845,0.67349,0.38154,0.58504,0.88643,0.57524,0.53733,0.43453,0.75304,0.82381,0.38847,0.39627,0.54646,0.70676,0.17239,0.49772,0.52054,0.23364,0.66778,0.91974,0.12579,0.77924,0.25624,0.77559,0.59406,0.64291,0.81387,0.74555,0.09612,0.59263,0.3422,0.42118,0.64756,0.58101,0.66597,0.3334,0.59037,0.48603,0.85476,0.66484,0.4735,0.85573,0.31568,0.71404,0.72707,0.49589,0.69664,0.31503,0.72938,0.74735,0.6396,0.51832,0.42163,0.73936,0.40553,0.636,0.56929,0.83985,0.21646,0.76224,0.19134,0.25231,0.61203,0.81369,0.55467],"type":"mesh","transform":{},"width":87,"height":160,"name":"Scythe Arm","userEdges":[]}],"name":"Scythe Arm"},{"display":[{"width":226,"height":244,"type":"mesh","vertices":[48.48,-140.19,94.73,-97.5,111.11,-51.55,120.96,-8.87,97.25,2.64,84.21,0.3,55.53,-16.6,24.67,-21.06,6.87,-18.99,-18.98,-14.74,-40.31,-3.35,-64.22,-4.17,-96.1,-18.66,-107.14,-6.49,-91.17,7.99,-55.38,22.05,-34.04,19.02,-14.63,17.27,-6.55,11.7,6.93,10.65,25.84,6.93,42.86,9.09,60.22,18.38,70.85,20.05,80.4,24.16,92.98,29.11,103.08,24.24,109.69,21.13,111.82,27.99,117.72,30.68,110.32,38.01,102.94,41.55,90.46,38.58,77.74,30.85,72.12,25.75,71.25,23.71,70.28,22.51,68.21,25.78,70.51,34.25,76.48,41.96,86.78,49.95,97.85,54.86,115.46,54.49,132.48,49.27,135.85,45.85,136,43.01,131.99,42.07,128.67,43.65,126.82,40.63,128.57,38.7,131,36.31,134.11,36.3,136.81,37.8,137.03,40.83,138.15,42.12,142.96,40.54,145.01,39.17,151.53,47.86,154.04,54.18,155.28,62.19,158.38,63.92,161,61.03,161.97,48.41,154.5,36.24,152.75,30.88,154.12,22.53,150.14,20.81,146.29,16.37,144.56,11.42,142.72,7.05,146.24,-0.69,151.86,-4.37,157.1,-7.17,151.57,-43.6,142.14,-68.41,133.09,-85.75,118.62,-106.86,98.47,-125.13,80.62,-141.32,66.43,-148.75,51.75,-150.72,38.34,-151.68],"transform":{},"triangles":[15,11,14,11,12,14,14,12,13,10,11,15,16,10,15,17,10,16,18,9,17,17,9,10,19,8,18,8,9,18,20,8,19,7,8,20,21,7,20,6,7,21,40,32,39,33,38,39,32,33,39,31,32,41,41,32,40,22,6,21,34,37,38,33,34,38,5,6,22,42,31,41,23,5,22,35,36,37,34,35,37,30,31,42,24,5,23,48,30,42,25,4,24,4,5,24,26,4,25,47,48,42,43,47,42,48,29,30,27,4,26,49,29,48,46,47,43,44,46,43,49,50,29,29,27,28,45,46,44,3,4,27,50,67,29,67,68,29,69,27,29,68,69,29,60,61,59,61,58,59,69,3,27,51,67,50,62,58,61,55,53,54,55,52,53,66,67,51,62,57,58,66,51,52,56,64,52,64,66,52,55,56,52,63,56,57,62,63,57,63,64,56,65,66,64,69,70,3,70,71,3,71,73,3,73,2,3,78,0,1,72,73,71,75,1,2,73,74,2,77,78,1,74,75,2,78,79,0,80,81,0,75,76,1,79,80,0,76,77,1],"path":"Scythe","edges":[76,77,77,78,78,79,79,80,80,81,81,0,0,1,1,2,2,3,3,4,4,5,5,6,6,7,7,8,8,9,9,10,10,11,11,12,12,13,13,14,14,15,15,16,16,17,17,18,18,19,19,20,20,21,21,22,22,23,23,24,24,25,25,26,26,27,27,28,28,29,29,30,30,31,31,32,32,33,33,34,34,35,35,36,36,37,37,38,38,39,39,40,40,41,41,42,42,43,43,44,44,45,45,46,46,47,47,48,48,49,49,50,50,51,51,52,52,53,53,54,54,55,55,56,56,57,57,58,58,59,59,60,60,61,61,62,62,63,63,64,64,65,65,66,66,67,67,68,68,69,69,70,70,71,71,72,72,73,73,74,74,75,75,76],"name":"Scythe","userEdges":[],"uvs":[0.09921,0.89555,0.1017,0.63759,0.20365,0.46139,0.31431,0.31398,0.42249,0.35428,0.45357,0.40035,0.48341,0.53394,0.5605,0.63989,0.62018,0.68826,0.71094,0.75505,0.81166,0.78845,0.88004,0.86331,0.92729,1,1,1,1,0.91168,0.93972,0.76427,0.86636,0.70784,0.80295,0.65371,0.76068,0.6445,0.71716,0.60649,0.64878,0.55928,0.60526,0.50169,0.58412,0.42338,0.55801,0.38653,0.54309,0.34622,0.52195,0.2944,0.47595,0.27713,0.44611,0.26561,0.46227,0.24027,0.45357,0.21494,0.49957,0.21724,0.53314,0.22991,0.5605,0.27597,0.57293,0.33586,0.57293,0.36695,0.56882,0.37524,0.56776,0.38147,0.58467,0.37877,0.60559,0.34847,0.61311,0.30913,0.60868,0.25585,0.59187,0.20872,0.53833,0.15626,0.47063,0.11896,0.44939,0.11814,0.43966,0.12551,0.44851,0.14027,0.46355,0.14601,0.45913,0.15994,0.44762,0.15994,0.43258,0.15912,0.42329,0.1497,0.42019,0.1374,0.42948,0.12838,0.43037,0.12142,0.4109,0.11117,0.40028,0.10871,0.40939,0.065,0.42267,0.04,0.44523,0.01418,0.44169,0,0.42444,0,0.38019,0.0318,0.36249,0.08795,0.3501,0.10803,0.31868,0.12688,0.32488,0.14368,0.32173,0.16759,0.31066,0.18645,0.30181,0.20407,0.26597,0.21473,0.23721,0.20776,0.21243,0.19956,0.10945,0.31664,0.05618,0.41357,0.02623,0.48879,0,0.59083,0,0.7023,0,0.80107,0.01783,0.8646,0.05499,0.9146,0.09168,0.95796]}],"name":"Scythe"},{"display":[{"edges":[28,29,29,30,30,31,31,32,32,33,33,34,34,35,35,36,36,37,37,38,38,39,39,40,40,41,41,42,42,43,43,44,44,45,45,46,46,47,47,48,48,49,49,50,50,51,51,52,52,53,53,54,54,55,55,56,56,57,57,58,58,59,59,60,60,61,61,62,62,63,63,64,64,65,65,66,66,67,67,68,68,69,69,70,70,71,71,72,72,73,73,74,74,75,75,76,76,77,77,78,78,79,79,80,80,81,81,82,82,83,83,84,84,85,85,86,86,87,87,88,88,89,89,90,90,91,91,92,92,93,93,94,94,95,95,96,96,97,97,98,98,99,99,100,100,101,101,102,102,103,103,104,104,105,105,106,106,107,107,108,108,109,109,110,110,111,111,112,112,113,113,114,114,115,115,116,116,117,117,118,118,119,119,120,120,121,121,122,122,123,123,124,124,125,125,126,126,127,127,128,128,129,129,130,130,131,131,132,132,133,133,134,134,135,135,136,136,137,137,138,138,139,139,140,140,141,141,142,142,143,143,144,144,145,145,146,146,147,147,148,148,149,149,150,150,151,151,152,152,153,153,154,154,155,155,156,156,157,157,158,158,159,159,160,160,0,0,1,1,2,2,3,3,4,4,5,5,6,6,7,7,8,8,9,9,10,10,11,11,12,12,13,13,14,14,15,15,16,16,17,17,18,18,19,19,20,20,21,21,22,22,23,23,24,24,25,25,26,26,27,27,28],"vertices":[-77.47,-365.19,-82.24,-354.44,-96.83,-341.3,-95.16,-337.71,-102.08,-323.37,-102.32,-316.91,-87.27,-324.56,-82.01,-318.35,-70.78,-320.26,-65.76,-318.59,-62.65,-312.13,-64.33,-305.68,-78.9,-296.6,-74.12,-290.38,-73.88,-278.91,-81.53,-261.7,-97.3,-236.12,-130.27,-194.3,-136.96,-188.55,-149.4,-200.5,-168.99,-208.63,-164.45,-188.8,-148.92,-168.24,-148.67,-160.59,-155.6,-142.91,-155.36,-138.13,-158.95,-134.78,-167.79,-128.08,-173.61,-118.53,-173.6,-109.69,-161.81,-113.52,-156.08,-105.88,-149.62,-116.87,-133.62,-132.88,-136.96,-121.65,-137.67,-107.79,-136.23,-96.08,-134.33,-89.39,-126.91,-99.66,-118.32,-108.03,-111.87,-114.24,-116.41,-104.21,-117.35,-90.58,-114.97,-75.77,-114.49,-71.22,-105.64,-83.18,-95.85,-93.45,-93.46,-88.67,-87,-80.79,-82.71,-75.05,-82.47,-82.94,-77.45,-75.29,-65.26,-65.26,-45.18,-58.57,-29.89,-53.9,-7.42,-59.04,16.71,-77.21,25.79,-73.15,32.01,-67.41,40.6,-57.13,45.39,-53.9,77.17,-68.85,98.92,-91.54,103.7,-112.82,105.37,-116.64,133.34,-108.75,133.81,-115.92,146.24,-109,151.49,-100.62,156.76,-112.58,153.65,-125.96,146,-141.02,138.35,-147.72,152.45,-143.89,160.34,-141.26,181.37,-134.09,181.37,-141.5,164.41,-158.23,145.28,-175.68,134.05,-180.93,133.58,-185.47,137.15,-190.25,142.42,-194.79,153.89,-202.92,171.82,-217.74,158.67,-218.45,142.18,-218.69,137.63,-215.83,138.11,-220.85,135.25,-225.62,134.53,-237.57,136.44,-245.94,143.37,-260.75,122.34,-242.59,119.95,-221.8,117.56,-216.54,111.82,-216.07,98.68,-215.83,77.64,-218.45,66.65,-220.85,46.81,-220.36,37.02,-230.41,27.94,-235.18,19.33,-237.57,12.4,-243.07,26.26,-243.79,38.45,-241.64,53.75,-237.1,69.76,-228.97,85.06,-221.8,88.97,-219.24,92.21,-219.27,93.71,-221.92,91.24,-227.92,84.04,-242.12,69.04,-261.41,58.44,-275.32,65.73,-273.62,74.44,-270.31,86.44,-264.12,102.13,-252.11,115.84,-241.42,115.43,-251.32,110.14,-260.01,95.13,-277.01,92.33,-280.02,102.13,-284.52,105.63,-288.22,107.53,-289.31,109.93,-289.12,112.13,-288.72,118.33,-284.92,125.93,-280.52,125.13,-291.62,122.73,-302.03,118.43,-307.33,112.23,-312.53,104.63,-316.43,88.03,-322.86,39.13,-336.76,42.23,-339.16,36.33,-344.66,19.93,-354.46,24.02,-357.06,13.29,-363.43,4.1,-370.73,-3.53,-381.37,-7.83,-381.37,-8.83,-391.97,-12.33,-395.9,-14.14,-395.9,-17.43,-391.57,-18.93,-387.17,-20.83,-387.17,-26.13,-384.17,-35.03,-374.77,-40.11,-375.57,-42.91,-372.48,-45.81,-362.87,-68.14,-368.37,-70.84,-362.88,-60.76,-320.73,-56.2,-314.38,-46.12,-324.22,-45.4,-315.21,-44.19,-295.66,-44.67,-275.13,-46.23,-260.89,-35.08,-251.17,-24.63,-258.85,-20.8,-249.97,-19.71,-239.65,4.41,-243.12,-34.88,-326.44,-23.36,-336.32,-15.66,-334.13,-11.82,-347.67,-1.58,-342.36,21.3,-334.49,-31.77,-306.67,-13.84,-311.25,4.1,-320.22,-32.86,-282.7,-3.95,-291.86,21.11,-300.63,50.76,-313.81,-14.2,-267.14,10.69,-274.47,34.29,-282.52,46,-286.18,60.46,-293.5,69.43,-300.64,77.85,-306.67,92.12,-315.64,-4.32,-253.42,26.43,-255.62,48.02,-256.16,82.06,-277.57,93.59,-291.66,98.52,-298.8,-118.53,-171.7,-94.48,-202.46,-68.19,-239.66,-70.93,-214.12,-81.82,-177.91,-83.07,-173.94,-96.21,-148.4,-91.79,-105.74,-72.69,-142.2,-63.02,-177.66,-44.43,-212.38,-77.89,-97.8,-64.76,-116.41,-57.32,-140.71,-48.39,-162.28,-40.95,-190.32,-49.88,-201.72,14.85,-94.23,15.59,-116.56,9.39,-144.33,5.67,-174.59,-0.54,-205.34,-15.17,-235.35,-38.98,-220.96,-34.02,-241.55,-30.05,-227.66,-22.61,-211.29,-16.65,-145.82,-23.09,-106.39,-30.03,-79.36,-20.37,-163.93,-18.64,-189.96,65.24,-124.82,49.12,-163.51,32,-180.87,21.09,-200.46,42.17,-113.91,33.49,-152.85,83.84,-152.1,68.46,-90.1,106.9,-133.5,122.52,-148.62,112.11,-179.63,82.35,-194.51,75.4,-176.65,101.19,-169.21,47.87,-198.22],"triangles":[77,74,76,76,74,75,85,83,84,72,73,77,78,72,77,73,74,77,86,83,85,67,68,69,70,67,69,87,82,83,86,87,83,71,66,70,66,67,70,241,66,72,79,241,72,72,66,71,79,72,78,95,81,87,87,81,82,241,240,66,242,241,79,95,80,81,88,89,87,89,94,87,94,95,87,95,242,80,90,94,89,93,90,91,240,64,66,93,94,90,96,242,95,242,79,80,66,64,65,242,245,241,134,130,133,130,131,133,131,132,133,96,97,242,129,130,135,245,240,241,135,130,134,245,238,240,97,243,242,128,129,135,199,128,135,136,199,135,120,121,122,123,120,122,137,199,136,243,245,242,119,120,123,124,119,123,138,193,137,193,199,137,199,127,128,232,64,240,238,232,240,243,244,245,232,63,64,198,126,127,199,198,127,239,62,63,232,239,63,198,125,126,244,238,245,193,192,199,239,61,62,192,198,199,125,197,124,197,119,124,109,110,113,192,191,198,197,125,198,113,110,112,110,111,112,191,197,198,138,192,193,114,109,113,114,108,109,197,118,119,185,192,138,98,99,243,191,190,197,244,233,238,115,107,108,99,246,243,190,117,197,115,108,114,233,232,238,246,244,243,117,118,197,232,236,239,185,191,192,239,60,61,59,60,239,246,233,244,233,237,232,100,246,99,190,116,117,58,59,239,196,107,115,185,190,191,116,196,115,236,57,239,57,58,239,246,234,233,237,236,232,189,116,190,185,189,190,217,57,236,188,196,116,189,188,116,184,189,185,196,106,107,237,218,236,184,188,189,100,235,246,188,195,196,139,178,185,178,184,185,234,237,233,235,234,246,195,106,196,219,218,237,101,235,100,102,235,101,195,105,106,218,217,236,141,139,140,217,56,57,187,195,188,234,220,237,141,178,139,181,184,178,103,235,102,142,178,141,184,187,188,220,219,237,103,221,235,235,220,234,104,105,195,187,104,195,187,194,104,183,187,184,172,221,103,142,177,178,221,220,235,144,142,143,194,172,104,181,183,184,177,181,178,104,172,103,144,177,142,222,221,172,219,227,218,227,228,218,228,217,218,217,229,56,229,55,56,220,230,219,228,229,217,230,227,219,145,177,144,180,183,181,176,177,145,221,231,220,186,194,187,183,186,187,222,226,221,177,175,181,231,230,220,194,222,172,175,180,181,146,147,145,147,176,145,155,176,147,171,222,194,226,231,221,182,186,183,170,171,194,176,175,177,154,155,147,180,179,183,179,182,183,186,170,194,169,170,186,225,226,222,151,152,148,152,154,147,148,152,147,229,54,55,175,173,180,149,151,148,213,228,227,174,173,175,150,151,149,158,174,176,155,158,176,174,175,176,153,154,152,173,179,180,215,230,231,182,169,186,171,225,222,226,215,231,230,214,227,214,213,227,213,212,228,215,214,230,224,171,170,182,166,169,224,225,171,169,168,170,168,224,170,165,182,179,53,54,229,166,167,169,158,173,174,212,229,228,223,210,226,210,215,226,225,223,226,167,168,169,210,216,215,158,163,173,173,164,179,212,211,229,157,158,155,224,223,225,211,52,229,52,53,229,163,164,173,164,165,179,202,223,224,165,166,182,209,214,215,156,157,155,168,167,224,167,202,224,211,51,52,160,161,163,160,163,158,202,203,210,164,162,165,202,210,223,216,209,215,160,1,161,162,11,165,165,13,166,13,14,166,163,162,164,11,13,165,14,167,166,203,216,210,161,162,163,159,160,158,15,202,167,14,15,167,1,8,161,208,213,214,209,208,214,203,209,216,211,50,51,205,208,209,203,204,209,208,212,213,10,11,162,161,10,162,1,6,8,201,204,203,8,9,161,9,10,161,3,6,1,12,13,11,204,205,209,205,206,208,16,203,202,208,207,212,207,211,212,206,207,208,6,7,8,15,16,202,16,201,203,0,1,160,206,40,207,2,3,1,47,50,211,207,46,211,46,47,211,200,205,204,201,200,204,47,48,50,48,49,50,200,206,205,3,4,6,4,5,6,33,40,206,16,17,201,17,200,201,41,46,207,40,41,207,42,45,46,41,42,46,200,33,206,43,44,45,42,43,45,23,33,200,34,39,40,33,34,40,17,18,200,22,23,200,35,38,39,34,35,39,18,22,200,23,24,33,36,37,38,35,36,38,24,25,33,21,22,18,19,21,18,26,27,32,27,30,32,25,26,32,30,31,32,20,21,19,27,28,30,28,29,30,25,32,33,93,91,92,98,243,97,139,185,138],"slotPose":[1,0,0,1,0,0],"path":"Body","weights":[2,3,0.15036,7,0.84964,2,3,0.22636,7,0.77364,2,3,0.37937,7,0.62063,2,3,0.3925,7,0.6075,2,3,0.44624,7,0.55376,2,3,0.44881,7,0.55119,2,3,0.43795,7,0.56205,2,3,0.46586,7,0.53414,3,3,0.51792,7,0.48193,6,0.00015,3,3,0.63377,7,0.3637,6,0.00253,4,3,0.90266,7,0.07327,4,0.00139,6,0.02268,4,3,0.90776,7,0.00036,4,0.01854,6,0.07334,3,3,0.72964,4,0.06722,6,0.20314,3,3,0.64044,4,0.09413,6,0.26543,3,3,0.31213,4,0.10754,6,0.58033,3,3,0.03603,4,0.00298,6,0.96098,1,6,1,1,6,1,1,6,1,1,6,1,1,6,1,1,6,1,1,6,1,1,6,1,1,6,1,1,6,1,1,6,1,1,6,1,1,6,1,1,6,1,1,6,1,1,6,1,1,6,1,1,6,1,2,4,0.00007,6,0.99993,1,6,1,1,6,1,1,6,1,2,4,0.00174,6,0.99826,3,4,0.02247,6,0.97738,5,0.00015,3,4,0.08138,6,0.91729,5,0.00134,3,4,0.14058,6,0.85744,5,0.00198,3,4,0.15503,6,0.8438,5,0.00117,3,4,0.15328,6,0.84658,5,0.00013,2,4,0.15238,6,0.84762,3,4,0.16217,6,0.83616,5,0.00167,3,4,0.23309,6,0.75391,5,0.013,3,4,0.2835,6,0.69498,5,0.02152,3,4,0.34556,6,0.62064,5,0.0338,3,4,0.34619,6,0.62041,5,0.0334,3,4,0.35816,6,0.60473,5,0.03711,3,4,0.41709,6,0.52819,5,0.05472,3,4,0.47555,6,0.44434,5,0.08011,3,4,0.52992,6,0.34626,5,0.12383,3,4,0.55138,6,0.28976,5,0.15886,3,4,0.55856,6,0.21993,5,0.22151,3,4,0.49544,6,0.09779,5,0.40677,3,4,0.44204,6,0.05502,5,0.50294,3,4,0.41051,6,0.03546,5,0.55403,3,4,0.38505,6,0.02201,5,0.59294,3,4,0.38123,6,0.02036,5,0.59842,3,4,0.31481,6,0.0066,5,0.67859,3,4,0.22833,6,0.0005,5,0.77117,2,4,0.13799,5,0.86201,2,4,0.10248,5,0.89752,2,4,0.02031,5,0.97969,2,4,0.01523,5,0.98477,2,4,0.00179,5,0.99821,1,5,1,2,4,0.00052,5,0.99948,2,4,0.0025,5,0.9975,2,4,0.00475,5,0.99525,2,4,0.00404,5,0.99596,2,4,0.0002,5,0.9998,1,5,1,1,5,1,1,5,1,1,5,1,1,5,1,1,5,1,1,5,1,1,5,1,1,5,1,1,5,1,1,5,1,1,5,1,1,5,1,1,5,1,1,5,1,1,5,1,1,5,1,1,5,1,1,5,1,1,5,1,1,5,1,1,5,1,1,5,1,1,5,1,1,5,1,1,5,1,1,5,1,1,5,1,1,5,1,2,7,0.00019,5,0.99981,2,7,0.01178,5,0.98822,2,7,0.06214,5,0.93786,2,7,0.07658,5,0.92342,2,7,0.0644,5,0.9356,2,7,0.03617,5,0.96383,2,7,0.01861,5,0.98139,2,7,0.01681,5,0.98319,2,7,0.01646,5,0.98354,2,7,0.01656,5,0.98344,2,7,0.01865,5,0.98135,2,7,0.0347,5,0.9653,2,7,0.09895,5,0.90105,2,7,0.21567,5,0.78433,2,7,0.25214,5,0.74786,2,7,0.2697,5,0.7303,2,7,0.27459,5,0.72541,2,7,0.27354,5,0.72646,2,7,0.27326,5,0.72674,2,7,0.27332,5,0.72668,2,7,0.27355,5,0.72645,2,7,0.27794,5,0.72206,2,7,0.28147,5,0.71853,2,7,0.29006,5,0.70994,2,7,0.29204,5,0.70796,2,7,0.29275,5,0.70725,2,7,0.29318,5,0.70682,2,7,0.29336,5,0.70664,2,7,0.29355,5,0.70645,2,7,0.29356,5,0.70644,2,7,0.29368,5,0.70632,2,7,0.29441,5,0.70559,2,7,0.29518,5,0.70482,2,7,0.29692,5,0.70308,2,7,0.30001,5,0.69999,2,7,0.31403,5,0.68597,2,7,0.52016,5,0.47984,2,7,0.53166,5,0.46834,2,7,0.56892,5,0.43108,2,7,0.72339,5,0.27661,2,7,0.73173,5,0.26827,2,7,0.79088,5,0.20912,2,7,0.87031,5,0.12969,2,7,0.92955,5,0.07045,2,7,0.94303,5,0.05697,2,7,0.9661,5,0.0339,2,7,0.96779,5,0.03221,2,7,0.96788,5,0.03212,2,7,0.96709,5,0.03291,2,7,0.96604,5,0.03396,2,7,0.96697,5,0.03303,2,7,0.97076,5,0.02924,2,7,0.98498,5,0.01502,2,7,0.9908,5,0.0092,2,7,0.99244,5,0.00756,3,3,0.00263,7,0.99557,5,0.0018,2,3,0.08785,7,0.91215,2,3,0.11703,7,0.88297,3,3,0.61805,7,0.37996,6,0.00199,3,3,0.8978,7,0.09551,6,0.00668,1,7,1,4,3,0.72248,7,0.27021,4,0.00046,5,0.00685,4,3,0.79931,7,0.03324,4,0.11281,5,0.05464,4,3,0.00462,7,0.00309,4,0.93701,5,0.05528,2,4,0.98677,6,0.01323,2,4,0.70699,5,0.29301,2,4,0.10424,5,0.89576,2,4,0.23801,5,0.76199,2,4,0.40935,5,0.59065,1,5,1,2,7,0.94283,5,0.05717,2,7,0.89257,5,0.10743,3,3,0.00441,7,0.82586,5,0.16973,2,7,0.86157,5,0.13843,2,7,0.7783,5,0.2217,3,3,0.00045,7,0.60044,5,0.39911,4,3,0.40404,7,0.38894,4,0.03478,5,0.17224,4,3,0.10047,7,0.55039,4,0.00982,5,0.33932,3,3,0.01703,7,0.58706,5,0.39591,4,3,0.19058,7,0.05856,4,0.37206,5,0.3788,4,3,0.06786,7,0.28487,4,0.01246,5,0.63482,3,3,0.00945,7,0.36502,5,0.62553,2,7,0.37193,5,0.62807,3,3,0.01356,7,0.03624,5,0.9502,3,3,0.01067,7,0.15284,5,0.8365,3,3,0.00154,7,0.23307,5,0.76539,3,3,0.00018,7,0.25635,5,0.74347,2,7,0.28935,5,0.71065,2,7,0.30558,5,0.69442,2,7,0.31026,5,0.68974,2,7,0.30695,5,0.69305,3,3,0.0005,7,0.00747,5,0.99203,3,3,0.00008,7,0.08426,5,0.91566,2,7,0.10665,5,0.89335,2,7,0.27658,5,0.72342,2,7,0.29103,5,0.70897,2,7,0.29518,5,0.70482,1,6,1,1,6,1,1,6,1,2,4,0.13432,6,0.86568,2,4,0.16317,6,0.83683,2,4,0.15881,6,0.84119,3,4,0.09047,6,0.90916,5,0.00038,3,4,0.23333,6,0.75385,5,0.01283,3,4,0.35549,6,0.63347,5,0.01104,2,4,0.53985,6,0.46015,2,4,0.9706,6,0.0294,3,4,0.34815,6,0.6189,5,0.03295,3,4,0.42457,6,0.53455,5,0.04088,3,4,0.52946,6,0.43742,5,0.03312,3,4,0.73088,6,0.24529,5,0.02383,2,4,0.99661,6,0.00339,2,4,0.85855,6,0.14145,3,4,0.50359,6,0.08943,5,0.40698,3,4,0.5066,6,0.06107,5,0.43233,3,4,0.54826,6,0.03097,5,0.42077,3,4,0.54428,6,0.00179,5,0.45393,2,4,0.45068,5,0.54932,2,4,0.3681,5,0.6319,2,4,0.97091,5,0.02909,2,4,0.7675,5,0.2325,2,4,0.79746,5,0.20254,2,4,0.77213,5,0.22787,3,4,0.70328,6,0.08749,5,0.20923,3,4,0.58881,6,0.2237,5,0.18748,3,4,0.55242,6,0.28811,5,0.15947,3,4,0.79301,6,0.03819,5,0.1688,2,4,0.80281,5,0.19719,3,4,0.23557,6,0.00357,5,0.76087,3,4,0.193,6,0.00043,5,0.80657,2,4,0.23813,5,0.76187,2,4,0.21337,5,0.78663,3,4,0.37197,6,0.02128,5,0.60676,3,4,0.34572,6,0.00551,5,0.64877,2,4,0.07531,5,0.92469,3,4,0.30278,6,0.00707,5,0.69015,2,4,0.05998,5,0.94002,2,4,0.01265,5,0.98735,1,5,1,1,5,1,2,4,0.02733,5,0.97267,2,4,0.00435,5,0.99565,2,4,0.04034,5,0.95966],"bonePose":[3,0.05355597301768526,-0.9985648490479369,0.9985648490479369,0.05355597301768526,-48.37,-299.20000000000005,7,-0.022861821228399408,-0.9997386344090744,0.9997386344090744,-0.022861821228399408,-45.99374955997321,-319.7922906410694,6,-0.4828239248742271,0.8757174530458135,-0.8757174530458135,-0.4828239248742271,-52.59145910785898,-262.30274059551357,4,0.0838517628706114,0.9964782395333532,-0.9964782395333532,0.0838517628706114,-47.31,-274.91,5,0.8124907175772603,0.5829741279429032,-0.5829741279429032,0.8124907175772603,-25.9266373647243,-264.6769944586991],"uvs":[0.27088,0.09009,0.25741,0.12124,0.21635,0.15968,0.22106,0.17016,0.20153,0.21209,0.20086,0.23096,0.24327,0.20859,0.25809,0.22676,0.28973,0.22117,0.30387,0.22606,0.31262,0.24493,0.30791,0.2638,0.26684,0.29036,0.2803,0.30853,0.28098,0.34207,0.25943,0.39239,0.215,0.46716,0.12209,0.58946,0.10324,0.60623,0.06823,0.57129,0.01303,0.54753,0.02582,0.60553,0.06958,0.66563,0.07025,0.68799,0.05073,0.7397,0.0514,0.75368,0.0413,0.76346,0.01639,0.78303,0,0.81098,0,0.83681,0.03322,0.82563,0.04938,0.84799,0.06756,0.81585,0.11267,0.76902,0.10324,0.80187,0.10122,0.8424,0.10526,0.87664,0.11065,0.89621,0.13152,0.86616,0.15575,0.8417,0.17393,0.82353,0.16114,0.85288,0.15845,0.89272,0.16518,0.93604,0.16653,0.94932,0.19144,0.91438,0.21904,0.88433,0.22577,0.89831,0.24395,0.92137,0.25607,0.93814,0.25674,0.91508,0.27088,0.93744,0.30521,0.96679,0.36176,0.98636,0.40485,1,0.46814,0.98496,0.53613,0.93185,0.56172,0.94373,0.57922,0.9605,0.60346,0.99055,0.61692,1,0.70646,0.95631,0.76773,0.88992,0.78119,0.82773,0.7859,0.81654,0.86467,0.83961,0.86602,0.81864,0.90103,0.83891,0.91584,0.86337,0.93065,0.82842,0.9219,0.78929,0.90035,0.74526,0.87881,0.7257,0.91853,0.73688,0.94075,0.74456,1,0.76553,1,0.74387,0.95219,0.69495,0.89833,0.64393,0.86669,0.62856,0.86535,0.61528,0.87544,0.6013,0.89026,0.58803,0.92257,0.56427,0.97306,0.52094,0.93604,0.51884,0.88958,0.51814,0.87679,0.52653,0.87814,0.51185,0.87006,0.49788,0.86804,0.46294,0.87343,0.43848,0.89295,0.39515,0.8337,0.44826,0.82697,0.50906,0.82024,0.52443,0.80408,0.52583,0.76705,0.52653,0.70781,0.51884,0.67684,0.51185,0.62096,0.51325,0.59336,0.4839,0.56778,0.46993,0.54354,0.46294,0.52401,0.44686,0.56306,0.44477,0.5974,0.45106,0.64048,0.46433,0.68559,0.48809,0.72868,0.50906,0.73972,0.51653,0.74885,0.51648,0.75307,0.5087,0.74609,0.49117,0.72581,0.44965,0.68356,0.39322,0.6537,0.35258,0.67426,0.35755,0.69877,0.3672,0.73257,0.38532,0.77679,0.42041,0.81539,0.4517,0.81426,0.42275,0.79933,0.39731,0.75708,0.34761,0.74919,0.33883,0.77679,0.32568,0.78665,0.31486,0.79201,0.31164,0.79877,0.31223,0.80496,0.3134,0.82243,0.32451,0.84384,0.33737,0.84158,0.30492,0.83482,0.27447,0.82271,0.25897,0.80524,0.24377,0.78384,0.23236,0.73706,0.21356,0.59931,0.17292,0.60804,0.1659,0.59142,0.14982,0.54523,0.12117,0.55678,0.11356,0.52654,0.09493,0.50063,0.07359,0.47914,0.04248,0.46703,0.04248,0.46421,0.01149,0.45435,0,0.44928,0,0.43999,0.01266,0.43576,0.02552,0.43041,0.02552,0.41548,0.0343,0.39041,0.06178,0.3761,0.05944,0.36821,0.06851,0.36005,0.09658,0.29714,0.08049,0.28953,0.09658,0.31795,0.21978,0.33079,0.23837,0.35919,0.2096,0.36122,0.23592,0.3646,0.29311,0.36324,0.35311,0.35885,0.39476,0.39029,0.42318,0.4197,0.40073,0.43051,0.42669,0.43355,0.45687,0.5015,0.44669,0.39084,0.2031,0.42332,0.17421,0.44497,0.18063,0.45579,0.14103,0.48466,0.15655,0.5491,0.17956,0.3996,0.26089,0.45012,0.24752,0.50064,0.2213,0.39651,0.33099,0.47796,0.30423,0.54858,0.27855,0.63209,0.24002,0.44909,0.37647,0.5192,0.35507,0.5857,0.33152,0.61869,0.32082,0.65941,0.29942,0.68467,0.27855,0.70838,0.26089,0.74859,0.23467,0.47693,0.4166,0.56353,0.41018,0.62436,0.40858,0.72024,0.34597,0.75272,0.30477,0.76663,0.2839,0.15517,0.65552,0.22293,0.5656,0.29698,0.45683,0.2893,0.53152,0.25856,0.63739,0.25507,0.64899,0.21804,0.72368,0.2305,0.84841,0.28429,0.74181,0.31153,0.63812,0.36393,0.5366,0.26962,0.87161,0.30664,0.81723,0.3276,0.74616,0.35275,0.68308,0.37371,0.60113,0.34856,0.56778,0.53089,0.88206,0.53299,0.8168,0.51552,0.73558,0.50504,0.64711,0.48758,0.5572,0.44636,0.46945,0.3793,0.51151,0.39327,0.45132,0.40445,0.49193,0.4254,0.53979,0.44217,0.73123,0.42401,0.84653,0.40445,0.92557,0.43169,0.67829,0.43658,0.60215,0.67284,0.79262,0.62743,0.6795,0.57923,0.62874,0.54849,0.57145,0.60787,0.82453,0.58342,0.71068,0.72524,0.71286,0.68192,0.89414,0.79021,0.76724,0.83422,0.72301,0.80488,0.63237,0.72104,0.58886,0.70148,0.64107,0.77414,0.66282,0.62394,0.57798],"type":"mesh","transform":{},"width":355,"height":342,"name":"Body","userEdges":[204,205,212,213,217,218,219,220,220,221,221,222,223,224]}],"name":"Body"},{"display":[{"path":"Shadow","type":"image","name":"Shadow","transform":{"y":4.76,"x":2.27}}],"name":"Shadow"}],"name":""}],"aabb":{"width":450.0627881334043,"y":-477.05648380678747,"height":477.05648380678747,"x":-225.69278813340432},"ik":[],"slot":[{"color":{},"name":"Shadow","parent":"shadow"},{"z":1,"color":{},"name":"Left Wing B","parent":"Left Wing B"},{"z":2,"color":{},"name":"Left Wing A","parent":"Left Wing A"},{"z":3,"color":{},"name":"Right Wing B","parent":"Right Wing B"},{"z":4,"color":{},"name":"Right Wing A","parent":"Right Wing A"},{"z":5,"color":{},"name":"Head","parent":"head"},{"z":6,"color":{},"name":"Scythe Arm","parent":"scythe arm"},{"z":7,"color":{},"name":"Scythe","parent":"scythe"},{"z":8,"color":{},"name":"Body","parent":"chest top"}],"name":"Thanatos","bone":[{"name":"root","transform":{}},{"transform":{"y":-12.26,"x":20.6},"name":"shadow","parent":"root"},{"transform":{"y":-291.66,"x":-47.71},"name":"Mid","parent":"root"},{"length":14,"transform":{"y":-7.54,"x":-0.66,"skX":-86.93,"skY":-86.93},"parent":"Mid","name":"chest top"},{"length":88,"transform":{"y":16.75,"x":0.4,"skX":85.19,"skY":85.19},"parent":"Mid","name":"chest bottom"},{"length":157,"transform":{"y":-20.45,"x":11.99,"skX":-49.53,"skY":-49.53},"parent":"chest bottom","name":"bone5"},{"length":149,"transform":{"y":6.32,"x":12.12,"skX":33.68,"skY":33.68},"parent":"chest bottom","name":"bone4"},{"length":34,"transform":{"y":1.27,"x":20.69,"skX":-4.38,"skY":-4.38},"parent":"chest top","name":"bone2"},{"length":178,"transform":{"y":-17.08,"x":20.32,"skX":-99.89,"skY":-99.89},"parent":"bone2","name":"Left Wing B"},{"length":247,"transform":{"y":40.9,"x":31.17,"skX":90.53,"skY":90.53},"parent":"bone2","name":"Right Wing B"},{"length":221,"transform":{"y":-18.65,"x":23.67,"skX":-63.27,"skY":-63.27},"parent":"bone2","name":"Left Wing A"},{"length":210,"transform":{"y":39.04,"x":31.88,"skX":58.18,"skY":58.18},"parent":"bone2","name":"Right Wing A"},{"length":44,"transform":{"y":-9.81,"x":21.92,"skX":-157.33,"skY":-157.33},"parent":"bone2","name":"scythe arm"},{"length":31,"transform":{"y":0.85,"x":36.95,"skX":-19.52,"skY":-19.52},"parent":"bone2","name":"head"},{"length":48,"transform":{"y":0.15,"x":44.56,"skX":17.65,"skY":17.65},"parent":"scythe arm","name":"bone6"},{"length":64,"transform":{"y":0.04,"x":55.74,"skX":98.8,"skY":98.8},"parent":"bone6","name":"scythe"}]}],"isGlobal":0,"name":"Thanatos","version":"5.0"}