{"imagePath":"Thanatos_tex.png","width":1024,"SubTexture":[{"frameX":-1,"frameHeight":15,"y":498,"frameY":-1,"frameWidth":403,"width":401,"height":13,"name":"Shadow","x":544},{"width":259,"y":459,"height":160,"name":"Left Wing B","x":283},{"width":280,"y":345,"height":193,"name":"Left Wing A","x":1},{"width":393,"y":252,"height":205,"name":"Right Wing B","x":358},{"width":436,"y":1,"height":249,"name":"Right Wing A","x":358},{"width":51,"y":345,"height":43,"name":"Head","x":283},{"width":87,"y":1,"height":160,"name":"Scythe Arm","x":796},{"width":226,"y":252,"height":244,"name":"Scythe","x":753},{"width":355,"y":1,"height":342,"name":"Body","x":1}],"height":1024,"name":"Thanatos"}