{"width":512,"SubTexture":[{"frameX":-1,"frameHeight":27,"y":570,"frameY":-1,"frameWidth":241,"width":239,"height":25,"name":"Ellipse 14","x":1},{"width":286,"y":226,"height":182,"name":"Group 73","x":1},{"width":54,"y":555,"height":91,"name":"Layer 250","x":370},{"frameX":-1,"frameHeight":18,"y":324,"frameY":-1,"frameWidth":32,"width":30,"height":16,"name":"Layer 251","x":390},{"frameX":0,"frameHeight":96,"y":226,"frameY":0,"frameWidth":77,"width":76,"height":96,"name":"legalternate","x":362},{"width":44,"y":555,"height":119,"name":"Layer 252","x":324},{"frameX":-1,"frameHeight":26,"y":324,"frameY":-1,"frameWidth":28,"width":26,"height":24,"name":"Layer 253","x":362},{"width":57,"y":226,"height":121,"name":"Layer 254","x":440},{"width":71,"y":226,"height":144,"name":"Layer 255","x":289},{"width":250,"y":410,"height":158,"name":"Layer 257","x":1},{"width":236,"y":410,"height":143,"name":"Layer 256","x":253},{"width":69,"y":555,"height":93,"name":"Layer 258","x":253},{"width":494,"y":1,"height":223,"name":"stabsmear","x":1}],"height":1024,"name":"MknightGoldnharl","imagePath":"MknightGoldnharl_tex.png"}