{"frameRate":30,"armature":[{"animation":[{"ffd":[{"frame":[{"offset":0,"tweenEasing":null,"vertices":[],"duration":14},{"offset":0,"tweenEasing":null,"vertices":[],"duration":8},{"offset":0,"tweenEasing":null,"vertices":[],"duration":22}],"skin":"","scale":1,"slot":"Layer 252","offset":0,"name":"Layer 252"},{"frame":[{"offset":0,"tweenEasing":null,"vertices":[],"duration":14},{"offset":0,"tweenEasing":null,"vertices":[176.83,-6.32,176.83,-6.32,176.83,-6.32,176.83,-6.32,176.83,-6.32,176.83,-6.32,176.83,-6.32,176.83,-6.32,176.83,-6.32],"duration":8},{"offset":0,"tweenEasing":null,"vertices":[176.83,-6.32,176.83,-6.32,176.83,-6.32,176.83,-6.32,176.83,-6.32,176.83,-6.32,176.83,-6.32,176.83,-6.32,176.83,-6.32],"duration":22}],"skin":"","scale":1,"slot":"stabsmear","offset":0,"name":"stabsmear"}],"frame":[],"duration":44,"slot":[{"frame":[{"tweenEasing":0,"duration":14},{"tweenEasing":0,"duration":8},{"tweenEasing":null,"duration":22}],"name":"Layer 251"},{"frame":[{"tweenEasing":0,"duration":14},{"tweenEasing":0,"duration":8},{"tweenEasing":null,"duration":22}],"name":"Layer 252"},{"frame":[{"tweenEasing":0,"duration":14},{"tweenEasing":0,"duration":8},{"tweenEasing":0,"duration":4},{"tweenEasing":0,"duration":18},{"tweenEasing":null,"duration":0}],"name":"Layer 256"},{"frame":[{"displayIndex":-1,"tweenEasing":0,"duration":14},{"curve":[0.125,0,0.875,1],"duration":8},{"tweenEasing":null,"color":{"aM":0},"duration":22}],"name":"stabsmear"}],"ik":[],"bone":[{"frame":[{"curve":[0.25,0,1,0.01],"transform":{},"duration":10},{"curve":[0.25,0,0,1],"transform":{"x":41.87},"duration":4},{"transform":{"x":-20.23},"duration":8},{"curve":[0.25,0,0.75,1],"transform":{"x":-20.23},"duration":22},{"transform":{},"duration":0}],"name":"root"},{"frame":[{"curve":[0.25,0,1,0.01],"transform":{},"duration":10},{"curve":[0.25,0,0,1],"transform":{"y":8.94,"x":-1.06},"duration":4},{"curve":[0.25,0,0.75,1],"transform":{"y":21.77,"x":-43.18},"duration":8},{"curve":[0.25,0,0.75,1],"transform":{"y":26.07,"x":-40.53},"duration":22},{"transform":{},"duration":0}],"name":"bone"},{"frame":[{"transform":{},"duration":10},{"transform":{},"duration":4},{"transform":{},"duration":8},{"transform":{},"duration":22},{"transform":{},"duration":0}],"name":"bone2"},{"frame":[{"curve":[0.25,0,1,0.01],"transform":{},"duration":10},{"curve":[0.25,0,0,1],"transform":{"skX":-23.82,"skY":-23.82},"duration":4},{"transform":{"y":-6.88,"x":-11.02,"skX":-40.76,"skY":-40.76},"duration":8},{"curve":[0.25,0,0.75,1],"transform":{"y":-6.88,"x":-11.02,"skX":-40.76,"skY":-40.76},"duration":22},{"transform":{},"duration":0}],"name":"bone3"},{"frame":[{"curve":[0.25,0,1,0.01],"transform":{},"duration":10},{"curve":[0.25,0,0,1],"transform":{"skX":17.55,"skY":17.55},"duration":4},{"transform":{"skX":52.26,"skY":52.26},"duration":8},{"curve":[0.25,0,0.75,1],"transform":{"skX":52.26,"skY":52.26},"duration":22},{"transform":{},"duration":0}],"name":"bone4"},{"frame":[{"transform":{},"duration":10},{"curve":[0.25,0,0,1],"transform":{},"duration":4},{"transform":{"y":-6.66,"x":-13.25,"skX":-197.53,"skY":-197.53},"duration":8},{"curve":[0.25,0,0.75,1],"transform":{"y":-6.66,"x":-13.25,"skX":-197.53,"skY":-197.53},"duration":22},{"transform":{},"duration":0}],"name":"bone5"},{"frame":[{"transform":{},"duration":10},{"curve":[0.25,0,0,1],"transform":{},"duration":4},{"transform":{"skX":-22.67,"skY":-22.67},"duration":8},{"curve":[0.25,0,0.75,1],"transform":{"skX":-22.67,"skY":-22.67},"duration":22},{"transform":{},"duration":0}],"name":"bone6"},{"frame":[{"transform":{},"duration":10},{"curve":[0.25,0,0,1],"transform":{},"duration":4},{"transform":{"skX":-72.61,"skY":-72.61},"duration":8},{"curve":[0.25,0,0.75,1],"transform":{"skX":-72.61,"skY":-72.61},"duration":22},{"transform":{},"duration":0}],"name":"bone7"},{"frame":[{"transform":{},"duration":10},{"curve":[0.25,0,0,1],"transform":{},"duration":4},{"transform":{"y":-59.78,"x":-205.9,"skX":99.38,"skY":99.38},"duration":8},{"curve":[0.25,0,0.75,1],"transform":{"y":-59.78,"x":-205.9,"skX":99.38,"skY":99.38},"duration":22},{"transform":{},"duration":0}],"name":"smears"},{"frame":[{"curve":[0.25,0,1,0.01],"transform":{},"duration":10},{"curve":[0.25,0,0,1],"transform":{"skX":9.87,"skY":9.87},"duration":4},{"transform":{"y":10.3,"x":11.75,"skX":280.28,"skY":280.28},"duration":8},{"curve":[0.25,0,0.75,1],"transform":{"y":10.3,"x":11.75,"skX":280.28,"skY":280.28},"duration":22},{"transform":{},"duration":0}],"name":"bone8"},{"frame":[{"curve":[0.25,0,1,0.01],"transform":{},"duration":10},{"transform":{"skX":39.07,"skY":39.07},"duration":4},{"transform":{"skX":39.07,"skY":39.07},"duration":8},{"curve":[0.25,0,0.75,1],"transform":{"skX":39.07,"skY":39.07},"duration":22},{"transform":{},"duration":0}],"name":"bone9"},{"frame":[{"curve":[0.25,0,1,0.01],"transform":{},"duration":10},{"curve":[0.25,0,0,1],"transform":{"x":19.38},"duration":4},{"transform":{"x":-10.19},"duration":8},{"curve":[0.25,0,0.75,1],"transform":{"x":-10.19},"duration":22},{"transform":{},"duration":0}],"name":"IKLegR"},{"frame":[{"curve":[0.25,0,1,0.01],"transform":{"skX":1.9,"skY":1.9},"duration":10},{"transform":{"skX":-4.8,"skY":-4.8},"duration":4},{"transform":{"skX":-4.8,"skY":-4.8},"duration":8},{"curve":[0.25,0,0.75,1],"transform":{"skX":-4.8,"skY":-4.8},"duration":22},{"transform":{"skX":1.9,"skY":1.9},"duration":0}],"name":"bone10"},{"frame":[{"curve":[0.25,0,1,0.01],"transform":{"skX":-3.33,"skY":-3.33},"duration":10},{"transform":{"skX":-14.12,"skY":-14.12},"duration":4},{"transform":{"skX":-14.12,"skY":-14.12},"duration":8},{"curve":[0.25,0,0.75,1],"transform":{"skX":-14.12,"skY":-14.12},"duration":22},{"transform":{"skX":-3.33,"skY":-3.33},"duration":0}],"name":"bone11"},{"frame":[{"curve":[0.25,0,1,0.01],"transform":{},"duration":10},{"curve":[0.25,0,0,1],"transform":{"x":19.72},"duration":4},{"transform":{"x":-10.22},"duration":8},{"curve":[0.25,0,0.75,1],"transform":{"x":-10.22},"duration":22},{"transform":{},"duration":0}],"name":"IKFootR"},{"frame":[{"curve":[0.25,0,1,0.01],"transform":{"skX":-0.36,"skY":-0.36},"duration":10},{"transform":{"skX":15.96,"skY":15.96},"duration":4},{"transform":{"skX":15.96,"skY":15.96},"duration":8},{"curve":[0.25,0,0.75,1],"transform":{"skX":15.96,"skY":15.96},"duration":22},{"transform":{"skX":-0.36,"skY":-0.36},"duration":0}],"name":"bone12"},{"frame":[{"curve":[0.25,0,1,0.01],"transform":{},"duration":10},{"curve":[0.25,0,0,1],"transform":{"x":-23.71},"duration":4},{"transform":{"x":-80.14},"duration":8},{"curve":[0.25,0,0.75,1],"transform":{"x":-80.14},"duration":22},{"transform":{},"duration":0}],"name":"IKLegL"},{"frame":[{"curve":[0.25,0,1,0.01],"transform":{"skX":-2.61,"skY":-2.61},"duration":10},{"transform":{"skX":23.27,"skY":23.27},"duration":4},{"transform":{"skX":23.27,"skY":23.27},"duration":8},{"curve":[0.25,0,0.75,1],"transform":{"skX":23.27,"skY":23.27},"duration":22},{"transform":{"skX":-2.61,"skY":-2.61},"duration":0}],"name":"bone13"},{"frame":[{"curve":[0.25,0,1,0.01],"transform":{"skX":5.39,"skY":5.39},"duration":10},{"transform":{"skX":-15.51,"skY":-15.51},"duration":4},{"transform":{"skX":-15.51,"skY":-15.51},"duration":8},{"curve":[0.25,0,0.75,1],"transform":{"skX":-15.51,"skY":-15.51},"duration":22},{"transform":{"skX":5.39,"skY":5.39},"duration":0}],"name":"bone14"},{"frame":[{"curve":[0.25,0,1,0.01],"transform":{},"duration":10},{"curve":[0.25,0,0,1],"transform":{"x":-24.72},"duration":4},{"transform":{"x":-81.58},"duration":8},{"curve":[0.25,0,0.75,1],"transform":{"x":-81.58},"duration":22},{"transform":{},"duration":0}],"name":"IKFootL"},{"frame":[{"curve":[0.25,0,1,0.01],"transform":{"skX":0.06,"skY":0.06},"duration":10},{"transform":{"skX":0.36,"skY":0.36},"duration":4},{"transform":{"skX":0.36,"skY":0.36},"duration":8},{"curve":[0.25,0,0.75,1],"transform":{"skX":0.36,"skY":0.36},"duration":22},{"transform":{"skX":0.06,"skY":0.06},"duration":0}],"name":"bone15"},{"frame":[{"transform":{},"duration":10},{"transform":{},"duration":4},{"transform":{},"duration":8},{"transform":{},"duration":22},{"transform":{},"duration":0}],"name":"bone16"},{"frame":[{"curve":[0.25,0,1,0.01],"transform":{},"duration":10},{"curve":[0.25,0,0,1],"transform":{"skX":16.74,"skY":16.74},"duration":4},{"transform":{"skX":-9.72,"skY":-9.72},"duration":8},{"curve":[0.25,0,0.75,1],"transform":{"skX":-9.72,"skY":-9.72},"duration":22},{"transform":{},"duration":0}],"name":"bone17"},{"frame":[{"curve":[0.25,0,1,0.01],"transform":{},"duration":10},{"curve":[0.25,0,0,1],"transform":{"skX":41.29,"skY":41.29},"duration":4},{"transform":{"y":-9.26,"x":45.41,"skX":107.77,"skY":107.77},"duration":8},{"curve":[0.25,0,0.75,1],"transform":{"y":-9.26,"x":45.41,"skX":107.77,"skY":107.77},"duration":22},{"transform":{},"duration":0}],"name":"bone18"},{"frame":[{"curve":[0.25,0,1,0.01],"transform":{},"duration":10},{"transform":{"scX":1.1},"duration":4},{"transform":{"scX":1.1},"duration":8},{"curve":[0.25,0,0.75,1],"transform":{"scX":1.1},"duration":22},{"transform":{},"duration":0}],"name":"bone19"},{"frame":[{"transform":{},"duration":44}],"name":"bone20"}],"name":"Attack A"},{"ffd":[{"frame":[{"offset":0,"tweenEasing":null,"vertices":[],"duration":13},{"offset":0,"tweenEasing":null,"vertices":[],"duration":3},{"offset":0,"tweenEasing":null,"vertices":[],"duration":9},{"offset":0,"tweenEasing":null,"vertices":[],"duration":8},{"offset":0,"tweenEasing":null,"vertices":[],"duration":4},{"offset":0,"tweenEasing":null,"vertices":[],"duration":14}],"skin":"","scale":1,"slot":"Layer 252","offset":0,"name":"Layer 252"},{"frame":[{"offset":0,"tweenEasing":null,"vertices":[],"duration":13},{"offset":0,"tweenEasing":null,"vertices":[176.83,-6.32,176.83,-6.32,176.83,-6.32,176.83,-6.32,176.83,-6.32,176.83,-6.32,176.83,-6.32,176.83,-6.32,176.83,-6.32],"duration":3},{"offset":0,"tweenEasing":null,"vertices":[176.83,-6.32,176.83,-6.32,176.83,-6.32,176.83,-6.32,176.83,-6.32,176.83,-6.32,176.83,-6.32,176.83,-6.32,176.83,-6.32],"duration":5},{"offset":0,"tweenEasing":null,"vertices":[176.83,-6.32,176.83,-6.32,176.83,-6.32,176.83,-6.32,176.83,-6.32,176.83,-6.32,176.83,-6.32,176.83,-6.32,176.83,-6.32],"duration":4},{"offset":0,"tweenEasing":null,"vertices":[176.83,-6.32,176.83,-6.32,176.83,-6.32,176.83,-6.32,176.83,-6.32,176.83,-6.32,176.83,-6.32,176.83,-6.32,176.83,-6.32],"duration":8},{"offset":0,"tweenEasing":null,"vertices":[176.83,-6.32,176.83,-6.32,176.83,-6.32,176.83,-6.32,176.83,-6.32,176.83,-6.32,176.83,-6.32,176.83,-6.32,176.83,-6.32],"duration":4},{"offset":0,"tweenEasing":null,"vertices":[176.83,-6.32,176.83,-6.32,176.83,-6.32,176.83,-6.32,176.83,-6.32,176.83,-6.32,176.83,-6.32,176.83,-6.32,176.83,-6.32],"duration":14}],"skin":"","scale":1,"slot":"stabsmear","offset":0,"name":"stabsmear"}],"frame":[],"duration":51,"slot":[{"frame":[{"tweenEasing":0,"duration":13},{"tweenEasing":0,"duration":3},{"tweenEasing":0,"duration":9},{"tweenEasing":0,"duration":8},{"tweenEasing":0,"duration":4},{"tweenEasing":null,"duration":14}],"name":"Layer 251"},{"frame":[{"tweenEasing":0,"duration":13},{"tweenEasing":0,"duration":3},{"tweenEasing":0,"duration":9},{"tweenEasing":0,"duration":8},{"tweenEasing":0,"duration":4},{"tweenEasing":null,"duration":14}],"name":"Layer 252"},{"frame":[{"tweenEasing":0,"duration":13},{"tweenEasing":0,"duration":3},{"tweenEasing":0,"duration":9},{"tweenEasing":0,"duration":8},{"tweenEasing":0,"duration":4},{"tweenEasing":0,"duration":14},{"tweenEasing":null,"duration":0}],"name":"Layer 256"},{"frame":[{"displayIndex":-1,"tweenEasing":0,"duration":13},{"curve":[0.125,0,0.875,1],"duration":8},{"displayIndex":-1,"tweenEasing":0,"color":{"aM":0},"duration":4},{"curve":[0.125,0,0.875,1],"duration":8},{"tweenEasing":0,"duration":4},{"tweenEasing":null,"color":{"aM":0},"duration":14}],"name":"stabsmear"}],"ik":[],"bone":[{"frame":[{"curve":[0.25,0,1,0.01],"transform":{},"duration":10},{"curve":[0.25,0,0,1],"transform":{"x":41.87},"duration":3},{"transform":{"x":-20.23},"duration":3},{"curve":[0.25,0,0.75,1],"transform":{"x":-20.23},"duration":5},{"transform":{"x":-59.66},"duration":2},{"curve":[0.25,0,0,1],"transform":{"x":-59.66},"duration":2},{"transform":{"x":-20.23},"duration":8},{"transform":{"x":-20.23},"duration":4},{"curve":[0.25,0,0.75,1],"transform":{"x":-20.23},"duration":14},{"transform":{},"duration":0}],"name":"root"},{"frame":[{"curve":[0.25,0,1,0.01],"transform":{},"duration":10},{"curve":[0.25,0,0,1],"transform":{"y":8.94,"x":-1.06},"duration":3},{"curve":[0.25,0,0.75,1],"transform":{"y":21.77,"x":-43.18},"duration":3},{"curve":[0.25,0,0.75,1],"transform":{"y":26.07,"x":-40.53},"duration":5},{"curve":[0.25,0,0.75,1],"transform":{"y":8.94,"x":-1.06},"duration":2},{"curve":[0.25,0,0,1],"transform":{"y":14.28,"x":-5.33},"duration":2},{"curve":[0.25,0,0.75,1],"transform":{"y":25.23,"x":-43.18},"duration":8},{"curve":[0.25,0,0.75,1],"transform":{"y":27.53,"x":-36.27},"duration":4},{"curve":[0.25,0,0.75,1],"transform":{"y":30.49,"x":-36.27},"duration":14},{"transform":{},"duration":0}],"name":"bone"},{"frame":[{"transform":{},"duration":10},{"transform":{},"duration":3},{"transform":{},"duration":3},{"transform":{},"duration":5},{"transform":{},"duration":2},{"transform":{},"duration":2},{"transform":{},"duration":8},{"transform":{},"duration":4},{"transform":{},"duration":14},{"transform":{},"duration":0}],"name":"bone2"},{"frame":[{"curve":[0.25,0,1,0.01],"transform":{},"duration":10},{"curve":[0.25,0,0,1],"transform":{"skX":-23.82,"skY":-23.82},"duration":3},{"transform":{"y":-6.88,"x":-11.02,"skX":-40.76,"skY":-40.76},"duration":3},{"curve":[0.25,0,0.75,1],"transform":{"y":-6.88,"x":-11.02,"skX":-40.76,"skY":-40.76},"duration":5},{"transform":{"skX":-23.82,"skY":-23.82},"duration":2},{"curve":[0.25,0,0,1],"transform":{"skX":-23.82,"skY":-23.82},"duration":2},{"transform":{"y":-6.88,"x":-11.02,"skX":-40.76,"skY":-40.76},"duration":8},{"transform":{"y":-6.88,"x":-11.02,"skX":-40.76,"skY":-40.76},"duration":4},{"curve":[0.25,0,0.75,1],"transform":{"y":-6.88,"x":-11.02,"skX":-40.76,"skY":-40.76},"duration":14},{"transform":{},"duration":0}],"name":"bone3"},{"frame":[{"curve":[0.25,0,1,0.01],"transform":{},"duration":10},{"curve":[0.25,0,0,1],"transform":{"skX":17.55,"skY":17.55},"duration":3},{"transform":{"skX":52.26,"skY":52.26},"duration":3},{"curve":[0.25,0,0.75,1],"transform":{"skX":52.26,"skY":52.26},"duration":5},{"transform":{"skX":17.55,"skY":17.55},"duration":2},{"curve":[0.25,0,0,1],"transform":{"skX":17.55,"skY":17.55},"duration":2},{"transform":{"skX":52.26,"skY":52.26},"duration":8},{"transform":{"skX":52.26,"skY":52.26},"duration":4},{"curve":[0.25,0,0.75,1],"transform":{"skX":52.26,"skY":52.26},"duration":14},{"transform":{},"duration":0}],"name":"bone4"},{"frame":[{"transform":{},"duration":10},{"curve":[0.25,0,0,1],"transform":{},"duration":3},{"transform":{"y":-6.66,"x":-13.25,"skX":-197.53,"skY":-197.53},"duration":3},{"curve":[0.25,0,0.75,1],"transform":{"y":-6.66,"x":-13.25,"skX":-197.53,"skY":-197.53},"duration":5},{"transform":{"skX":-142.9,"skY":-142.9},"duration":2},{"curve":[0.25,0,0,1],"transform":{"skX":-142.9,"skY":-142.9},"duration":2},{"transform":{"y":-6.66,"x":-13.25,"skX":-274.18,"skY":-274.18},"duration":8},{"transform":{"y":-6.66,"x":-13.25,"skX":-274.18,"skY":-274.18},"duration":4},{"curve":[0.25,0,0.75,1],"transform":{"y":-6.66,"x":-13.25,"skX":-274.18,"skY":-274.18},"duration":14},{"transform":{},"duration":0}],"name":"bone5"},{"frame":[{"transform":{},"duration":10},{"curve":[0.25,0,0,1],"transform":{},"duration":3},{"transform":{"skX":-22.67,"skY":-22.67},"duration":3},{"curve":[0.25,0,0.75,1],"transform":{"skX":-22.67,"skY":-22.67},"duration":5},{"transform":{},"duration":2},{"curve":[0.25,0,0,1],"transform":{},"duration":2},{"transform":{"skX":-22.67,"skY":-22.67},"duration":8},{"transform":{"skX":-22.67,"skY":-22.67},"duration":4},{"curve":[0.25,0,0.75,1],"transform":{"skX":-22.67,"skY":-22.67},"duration":14},{"transform":{},"duration":0}],"name":"bone6"},{"frame":[{"transform":{},"duration":10},{"curve":[0.25,0,0,1],"transform":{},"duration":3},{"transform":{"skX":-72.61,"skY":-72.61},"duration":3},{"curve":[0.25,0,0.75,1],"transform":{"skX":-72.61,"skY":-72.61},"duration":5},{"transform":{},"duration":2},{"curve":[0.25,0,0,1],"transform":{},"duration":2},{"transform":{"skX":-36.59,"skY":-36.59},"duration":8},{"transform":{"skX":-36.59,"skY":-36.59},"duration":4},{"curve":[0.25,0,0.75,1],"transform":{"skX":-36.59,"skY":-36.59},"duration":14},{"transform":{},"duration":0}],"name":"bone7"},{"frame":[{"transform":{},"duration":10},{"curve":[0.25,0,0,1],"transform":{},"duration":3},{"transform":{"y":-59.78,"x":-205.9,"skX":99.38,"skY":99.38},"duration":3},{"curve":[0.25,0,0.75,1],"transform":{"y":-59.78,"x":-205.9,"skX":99.38,"skY":99.38},"duration":5},{"curve":[0.25,0,0.75,1],"transform":{"y":-59.78,"x":-154.47,"skX":99.38,"skY":99.38},"duration":2},{"curve":[0.25,0,0,1],"transform":{},"duration":2},{"transform":{"y":70.48,"x":-117.39,"skX":12.1,"skY":12.1},"duration":8},{"transform":{"y":70.48,"x":-117.39,"skX":12.1,"skY":12.1},"duration":4},{"curve":[0.25,0,0.75,1],"transform":{"y":70.48,"x":-117.39,"skX":12.1,"skY":12.1},"duration":14},{"transform":{},"duration":0}],"name":"smears"},{"frame":[{"curve":[0.25,0,1,0.01],"transform":{},"duration":10},{"curve":[0.25,0,0,1],"transform":{"skX":9.87,"skY":9.87},"duration":3},{"transform":{"y":10.3,"x":11.75,"skX":280.28,"skY":280.28},"duration":3},{"curve":[0.25,0,0.75,1],"transform":{"y":10.3,"x":11.75,"skX":280.28,"skY":280.28},"duration":5},{"transform":{"skX":9.87,"skY":9.87},"duration":2},{"curve":[0.25,0,0,1],"transform":{"skX":9.87,"skY":9.87},"duration":2},{"transform":{"y":10.3,"x":11.75,"skX":280.28,"skY":280.28},"duration":8},{"transform":{"y":10.3,"x":11.75,"skX":280.28,"skY":280.28},"duration":4},{"curve":[0.25,0,0.75,1],"transform":{"y":10.3,"x":11.75,"skX":280.28,"skY":280.28},"duration":14},{"transform":{},"duration":0}],"name":"bone8"},{"frame":[{"curve":[0.25,0,1,0.01],"transform":{},"duration":10},{"transform":{"skX":39.07,"skY":39.07},"duration":3},{"transform":{"skX":39.07,"skY":39.07},"duration":3},{"transform":{"skX":39.07,"skY":39.07},"duration":5},{"transform":{"skX":39.07,"skY":39.07},"duration":2},{"transform":{"skX":39.07,"skY":39.07},"duration":2},{"transform":{"skX":39.07,"skY":39.07},"duration":8},{"transform":{"skX":39.07,"skY":39.07},"duration":4},{"curve":[0.25,0,0.75,1],"transform":{"skX":39.07,"skY":39.07},"duration":14},{"transform":{},"duration":0}],"name":"bone9"},{"frame":[{"curve":[0.25,0,1,0.01],"transform":{},"duration":10},{"curve":[0.25,0,0,1],"transform":{"x":19.38},"duration":3},{"transform":{"x":-10.19},"duration":3},{"curve":[0.25,0,0.75,1],"transform":{"x":-10.19},"duration":5},{"transform":{"x":19.38},"duration":2},{"curve":[0.25,0,0,1],"transform":{"x":19.38},"duration":2},{"transform":{"x":-10.19},"duration":8},{"transform":{"x":-10.19},"duration":4},{"curve":[0.25,0,0.75,1],"transform":{"x":-10.19},"duration":14},{"transform":{},"duration":0}],"name":"IKLegR"},{"frame":[{"curve":[0.25,0,1,0.01],"transform":{"skX":1.9,"skY":1.9},"duration":10},{"transform":{"skX":-4.8,"skY":-4.8},"duration":3},{"transform":{"skX":-4.8,"skY":-4.8},"duration":3},{"transform":{"skX":-4.8,"skY":-4.8},"duration":5},{"curve":[0.25,0,0.75,1],"transform":{"skX":-4.8,"skY":-4.8},"duration":2},{"curve":[0.25,0,0,1],"transform":{"skX":0.75,"skY":0.75},"duration":2},{"transform":{"skX":-4.8,"skY":-4.8},"duration":8},{"transform":{"skX":-4.8,"skY":-4.8},"duration":4},{"curve":[0.25,0,0.75,1],"transform":{"skX":-4.8,"skY":-4.8},"duration":14},{"transform":{"skX":1.9,"skY":1.9},"duration":0}],"name":"bone10"},{"frame":[{"curve":[0.25,0,1,0.01],"transform":{"skX":-3.33,"skY":-3.33},"duration":10},{"transform":{"skX":-14.12,"skY":-14.12},"duration":3},{"transform":{"skX":-14.12,"skY":-14.12},"duration":3},{"transform":{"skX":-14.12,"skY":-14.12},"duration":5},{"curve":[0.25,0,0.75,1],"transform":{"skX":-14.12,"skY":-14.12},"duration":2},{"curve":[0.25,0,0,1],"transform":{"skX":-30.96,"skY":-30.96},"duration":2},{"transform":{"skX":-14.12,"skY":-14.12},"duration":8},{"transform":{"skX":-14.12,"skY":-14.12},"duration":4},{"curve":[0.25,0,0.75,1],"transform":{"skX":-14.12,"skY":-14.12},"duration":14},{"transform":{"skX":-3.33,"skY":-3.33},"duration":0}],"name":"bone11"},{"frame":[{"curve":[0.25,0,1,0.01],"transform":{},"duration":10},{"curve":[0.25,0,0,1],"transform":{"x":19.72},"duration":3},{"transform":{"x":-10.22},"duration":3},{"curve":[0.25,0,0.75,1],"transform":{"x":-10.22},"duration":5},{"transform":{"x":19.72},"duration":2},{"curve":[0.25,0,0,1],"transform":{"x":19.72},"duration":2},{"transform":{"x":-10.22},"duration":8},{"transform":{"x":-10.22},"duration":4},{"curve":[0.25,0,0.75,1],"transform":{"x":-10.22},"duration":14},{"transform":{},"duration":0}],"name":"IKFootR"},{"frame":[{"curve":[0.25,0,1,0.01],"transform":{"skX":-0.36,"skY":-0.36},"duration":10},{"transform":{"skX":15.96,"skY":15.96},"duration":3},{"transform":{"skX":15.96,"skY":15.96},"duration":3},{"transform":{"skX":15.96,"skY":15.96},"duration":5},{"curve":[0.25,0,0.75,1],"transform":{"skX":15.96,"skY":15.96},"duration":2},{"curve":[0.25,0,0,1],"transform":{"skX":27.24,"skY":27.24},"duration":2},{"transform":{"skX":15.96,"skY":15.96},"duration":8},{"transform":{"skX":15.96,"skY":15.96},"duration":4},{"curve":[0.25,0,0.75,1],"transform":{"skX":15.96,"skY":15.96},"duration":14},{"transform":{"skX":-0.36,"skY":-0.36},"duration":0}],"name":"bone12"},{"frame":[{"curve":[0.25,0,1,0.01],"transform":{},"duration":10},{"curve":[0.25,0,0,1],"transform":{"x":-23.71},"duration":3},{"transform":{"x":-80.14},"duration":3},{"curve":[0.25,0,0.75,1],"transform":{"x":-80.14},"duration":5},{"transform":{"x":-23.71},"duration":2},{"curve":[0.25,0,0,1],"transform":{"x":-23.71},"duration":2},{"transform":{"x":-80.14},"duration":8},{"transform":{"x":-80.14},"duration":4},{"curve":[0.25,0,0.75,1],"transform":{"x":-80.14},"duration":14},{"transform":{},"duration":0}],"name":"IKLegL"},{"frame":[{"curve":[0.25,0,1,0.01],"transform":{"skX":-2.61,"skY":-2.61},"duration":10},{"transform":{"skX":23.27,"skY":23.27},"duration":3},{"transform":{"skX":23.27,"skY":23.27},"duration":3},{"transform":{"skX":23.27,"skY":23.27},"duration":5},{"curve":[0.25,0,0.75,1],"transform":{"skX":23.27,"skY":23.27},"duration":2},{"curve":[0.25,0,0,1],"transform":{"skX":35.93,"skY":35.93},"duration":2},{"transform":{"skX":23.27,"skY":23.27},"duration":8},{"transform":{"skX":23.27,"skY":23.27},"duration":4},{"curve":[0.25,0,0.75,1],"transform":{"skX":23.27,"skY":23.27},"duration":14},{"transform":{"skX":-2.61,"skY":-2.61},"duration":0}],"name":"bone13"},{"frame":[{"curve":[0.25,0,1,0.01],"transform":{"skX":5.39,"skY":5.39},"duration":10},{"transform":{"skX":-15.51,"skY":-15.51},"duration":3},{"transform":{"skX":-15.51,"skY":-15.51},"duration":3},{"transform":{"skX":-15.51,"skY":-15.51},"duration":5},{"curve":[0.25,0,0.75,1],"transform":{"skX":-15.51,"skY":-15.51},"duration":2},{"curve":[0.25,0,0,1],"transform":{"skX":-43.49,"skY":-43.49},"duration":2},{"transform":{"skX":-15.51,"skY":-15.51},"duration":8},{"transform":{"skX":-15.51,"skY":-15.51},"duration":4},{"curve":[0.25,0,0.75,1],"transform":{"skX":-15.51,"skY":-15.51},"duration":14},{"transform":{"skX":5.39,"skY":5.39},"duration":0}],"name":"bone14"},{"frame":[{"curve":[0.25,0,1,0.01],"transform":{},"duration":10},{"curve":[0.25,0,0,1],"transform":{"x":-24.72},"duration":3},{"transform":{"x":-81.58},"duration":3},{"curve":[0.25,0,0.75,1],"transform":{"x":-81.58},"duration":5},{"transform":{"x":-24.72},"duration":2},{"curve":[0.25,0,0,1],"transform":{"x":-24.72},"duration":2},{"transform":{"x":-81.58},"duration":8},{"transform":{"x":-81.58},"duration":4},{"curve":[0.25,0,0.75,1],"transform":{"x":-81.58},"duration":14},{"transform":{},"duration":0}],"name":"IKFootL"},{"frame":[{"curve":[0.25,0,1,0.01],"transform":{"skX":0.06,"skY":0.06},"duration":10},{"transform":{"skX":0.36,"skY":0.36},"duration":3},{"transform":{"skX":0.36,"skY":0.36},"duration":3},{"transform":{"skX":0.36,"skY":0.36},"duration":5},{"curve":[0.25,0,0.75,1],"transform":{"skX":0.36,"skY":0.36},"duration":2},{"curve":[0.25,0,0,1],"transform":{"skX":17.24,"skY":17.24},"duration":2},{"transform":{"skX":0.36,"skY":0.36},"duration":8},{"transform":{"skX":0.36,"skY":0.36},"duration":4},{"curve":[0.25,0,0.75,1],"transform":{"skX":0.36,"skY":0.36},"duration":14},{"transform":{"skX":0.06,"skY":0.06},"duration":0}],"name":"bone15"},{"frame":[{"transform":{},"duration":10},{"transform":{},"duration":3},{"transform":{},"duration":3},{"transform":{},"duration":5},{"transform":{},"duration":2},{"transform":{},"duration":2},{"transform":{},"duration":8},{"transform":{},"duration":4},{"transform":{},"duration":14},{"transform":{},"duration":0}],"name":"bone16"},{"frame":[{"curve":[0.25,0,1,0.01],"transform":{},"duration":10},{"curve":[0.25,0,0,1],"transform":{"skX":16.74,"skY":16.74},"duration":3},{"curve":[0.25,0,0.75,1],"transform":{"skX":-9.72,"skY":-9.72},"duration":3},{"curve":[0.25,0,0.75,1],"transform":{"skX":-1.31,"skY":-1.31},"duration":5},{"transform":{"skX":16.74,"skY":16.74},"duration":2},{"curve":[0.25,0,0,1],"transform":{"skX":16.74,"skY":16.74},"duration":2},{"curve":[0.25,0,0.75,1],"transform":{"skX":-9.72,"skY":-9.72},"duration":8},{"transform":{"skX":1.2,"skY":1.2},"duration":4},{"curve":[0.25,0,0.75,1],"transform":{"skX":1.2,"skY":1.2},"duration":14},{"transform":{},"duration":0}],"name":"bone17"},{"frame":[{"curve":[0.25,0,1,0.01],"transform":{},"duration":10},{"curve":[0.25,0,0,1],"transform":{"skX":41.29,"skY":41.29},"duration":3},{"curve":[0.25,0,0.75,1],"transform":{"y":-9.26,"x":45.41,"skX":107.77,"skY":107.77},"duration":3},{"curve":[0.25,0,0.75,1],"transform":{"y":-9.26,"x":45.41,"skX":97.1,"skY":97.1},"duration":5},{"transform":{"skX":41.29,"skY":41.29},"duration":2},{"curve":[0.25,0,0,1],"transform":{"skX":41.29,"skY":41.29},"duration":2},{"curve":[0.25,0,0.75,1],"transform":{"y":-9.26,"x":45.41,"skX":107.77,"skY":107.77},"duration":8},{"transform":{"y":-9.26,"x":45.41,"skX":83.51,"skY":83.51},"duration":4},{"curve":[0.25,0,0.75,1],"transform":{"y":-9.26,"x":45.41,"skX":83.51,"skY":83.51},"duration":14},{"transform":{},"duration":0}],"name":"bone18"},{"frame":[{"curve":[0.25,0,1,0.01],"transform":{},"duration":10},{"transform":{"scX":1.1},"duration":3},{"transform":{"scX":1.1},"duration":3},{"transform":{"scX":1.1},"duration":5},{"transform":{"scX":1.1},"duration":2},{"curve":[0.25,0,0,1],"transform":{"scX":1.1},"duration":2},{"curve":[0.25,0,0.75,1],"transform":{"scX":1.42},"duration":8},{"transform":{"scX":1.1},"duration":4},{"curve":[0.25,0,0.75,1],"transform":{"scX":1.1},"duration":14},{"transform":{},"duration":0}],"name":"bone19"},{"frame":[{"tweenEasing":0,"transform":{},"duration":23},{"transform":{},"duration":28}],"name":"bone20"}],"name":"Attack B"},{"ffd":[{"frame":[{"offset":0,"tweenEasing":null,"vertices":[],"duration":20},{"offset":0,"tweenEasing":null,"vertices":[],"duration":7},{"offset":0,"tweenEasing":null,"vertices":[],"duration":22}],"skin":"","scale":1,"slot":"Layer 252","offset":0,"name":"Layer 252"},{"frame":[{"offset":0,"tweenEasing":null,"vertices":[],"duration":20},{"offset":0,"tweenEasing":null,"vertices":[176.83,-6.32,176.83,-6.32,176.83,-6.32,176.83,-6.32,176.83,-6.32,176.83,-6.32,176.83,-6.32,176.83,-6.32,176.83,-6.32],"duration":7},{"offset":0,"tweenEasing":null,"vertices":[176.83,-6.32,176.83,-6.32,176.83,-6.32,176.83,-6.32,176.83,-6.32,176.83,-6.32,176.83,-6.32,176.83,-6.32,176.83,-6.32],"duration":22}],"skin":"","scale":1,"slot":"stabsmear","offset":0,"name":"stabsmear"}],"frame":[],"duration":49,"slot":[{"frame":[{"tweenEasing":0,"duration":20},{"tweenEasing":0,"duration":7},{"tweenEasing":null,"duration":22}],"name":"Layer 251"},{"frame":[{"tweenEasing":0,"duration":20},{"tweenEasing":0,"duration":7},{"tweenEasing":null,"duration":22}],"name":"Layer 252"},{"frame":[{"tweenEasing":0,"duration":20},{"tweenEasing":0,"duration":7},{"tweenEasing":0,"duration":22},{"tweenEasing":null,"duration":0}],"name":"Layer 256"},{"frame":[{"displayIndex":-1,"tweenEasing":0,"duration":20},{"curve":[0.125,0,0.875,1],"duration":7},{"tweenEasing":null,"color":{"aM":0},"duration":22}],"name":"stabsmear"}],"ik":[],"bone":[{"frame":[{"curve":[0.25,0,1,0.01],"transform":{},"duration":10},{"transform":{"x":41.87},"duration":5},{"curve":[0.25,0,0,1],"transform":{"x":41.87},"duration":5},{"transform":{"x":-20.23},"duration":7},{"curve":[0.25,0,0.75,1],"transform":{"x":-20.23},"duration":22},{"transform":{},"duration":0}],"name":"root"},{"frame":[{"curve":[0.25,0,1,0.01],"transform":{},"duration":10},{"curve":[0.25,0,0,1],"transform":{"y":8.94,"x":-1.06},"duration":5},{"curve":[0.25,0,0,1],"transform":{"y":11.23,"x":-1.06},"duration":5},{"curve":[0.25,0,0.75,1],"transform":{"y":21.77,"x":-43.18},"duration":7},{"curve":[0.25,0,0.75,1],"transform":{"y":26.07,"x":-40.53},"duration":22},{"transform":{},"duration":0}],"name":"bone"},{"frame":[{"transform":{},"duration":10},{"transform":{},"duration":5},{"transform":{},"duration":5},{"transform":{},"duration":7},{"transform":{},"duration":22},{"transform":{},"duration":0}],"name":"bone2"},{"frame":[{"curve":[0.25,0,1,0.01],"transform":{},"duration":10},{"transform":{"skX":-23.82,"skY":-23.82},"duration":5},{"curve":[0.25,0,0,1],"transform":{"skX":-23.82,"skY":-23.82},"duration":5},{"transform":{"y":-6.88,"x":-11.02,"skX":-40.76,"skY":-40.76},"duration":7},{"curve":[0.25,0,0.75,1],"transform":{"y":-6.88,"x":-11.02,"skX":-40.76,"skY":-40.76},"duration":22},{"transform":{},"duration":0}],"name":"bone3"},{"frame":[{"curve":[0.25,0,1,0.01],"transform":{},"duration":10},{"transform":{"skX":17.55,"skY":17.55},"duration":5},{"curve":[0.25,0,0,1],"transform":{"skX":17.55,"skY":17.55},"duration":5},{"transform":{"skX":52.26,"skY":52.26},"duration":7},{"curve":[0.25,0,0.75,1],"transform":{"skX":52.26,"skY":52.26},"duration":22},{"transform":{},"duration":0}],"name":"bone4"},{"frame":[{"curve":[0.211,0,0.632,0.01],"transform":{},"duration":9},{"curve":[0.538,0.14,1,0.43],"transform":{"skX":-233,"skY":-233},"duration":1},{"curve":[0.25,0,0,1],"transform":{"skX":-141.04,"skY":-141.04},"duration":1},{"curve":[0.311,0.26,0.651,0.61],"transform":{"y":3.57,"x":-1.61,"skX":-141.04,"skY":-141.04},"duration":1},{"curve":[0.33,0.32,0.67,0.68],"transform":{"y":2.15,"x":-2.2,"skX":-141.04,"skY":-141.04},"duration":1},{"curve":[0.349,0.39,0.689,0.74],"transform":{"y":0.75,"x":-1.05,"skX":-141.04,"skY":-141.04},"duration":1},{"curve":[0.375,0.62,0.716,1],"transform":{"y":-1.35,"x":-3.94,"skX":-141.04,"skY":-141.04},"duration":1},{"curve":[0.25,0,0,1],"transform":{"skX":-141.04,"skY":-141.04},"duration":5},{"transform":{"y":-6.66,"x":-13.25,"skX":-219.09,"skY":-219.09},"duration":7},{"curve":[0.25,0,0.75,1],"transform":{"y":-6.66,"x":-13.25,"skX":-219.09,"skY":-219.09},"duration":22},{"transform":{},"duration":0}],"name":"bone5"},{"frame":[{"transform":{},"duration":10},{"transform":{},"duration":5},{"curve":[0.25,0,0,1],"transform":{},"duration":5},{"transform":{"skX":-22.67,"skY":-22.67},"duration":7},{"curve":[0.25,0,0.75,1],"transform":{"skX":-22.67,"skY":-22.67},"duration":22},{"transform":{},"duration":0}],"name":"bone6"},{"frame":[{"curve":[0.25,0,0.6,0.03],"transform":{},"duration":10},{"transform":{"skX":-75.52,"skY":-75.52},"duration":5},{"curve":[0.25,0,0,1],"transform":{"skX":-75.52,"skY":-75.52},"duration":5},{"transform":{"skX":-72.61,"skY":-72.61},"duration":7},{"curve":[0.25,0,0.75,1],"transform":{"skX":-72.61,"skY":-72.61},"duration":22},{"transform":{},"duration":0}],"name":"bone7"},{"frame":[{"transform":{},"duration":10},{"transform":{},"duration":5},{"curve":[0.25,0,0,1],"transform":{},"duration":5},{"transform":{"y":-3.89,"x":-212.71,"skX":31.01,"skY":31.01},"duration":7},{"curve":[0.25,0,0.75,1],"transform":{"y":-3.89,"x":-212.71,"skX":31.01,"skY":31.01},"duration":22},{"transform":{},"duration":0}],"name":"smears"},{"frame":[{"curve":[0.25,0,1,0.01],"transform":{},"duration":10},{"transform":{"skX":9.87,"skY":9.87},"duration":5},{"curve":[0.25,0,0,1],"transform":{"skX":9.87,"skY":9.87},"duration":5},{"transform":{"y":10.3,"x":11.75,"skX":280.28,"skY":280.28},"duration":7},{"curve":[0.25,0,0.75,1],"transform":{"y":10.3,"x":11.75,"skX":280.28,"skY":280.28},"duration":22},{"transform":{},"duration":0}],"name":"bone8"},{"frame":[{"curve":[0.25,0,1,0.01],"transform":{},"duration":10},{"transform":{"skX":39.07,"skY":39.07},"duration":5},{"transform":{"skX":39.07,"skY":39.07},"duration":5},{"transform":{"skX":39.07,"skY":39.07},"duration":7},{"curve":[0.25,0,0.75,1],"transform":{"skX":39.07,"skY":39.07},"duration":22},{"transform":{},"duration":0}],"name":"bone9"},{"frame":[{"curve":[0.25,0,1,0.01],"transform":{},"duration":10},{"transform":{"x":19.38},"duration":5},{"curve":[0.25,0,0,1],"transform":{"x":19.38},"duration":5},{"transform":{"x":-10.19},"duration":7},{"curve":[0.25,0,0.75,1],"transform":{"x":-10.19},"duration":22},{"transform":{},"duration":0}],"name":"IKLegR"},{"frame":[{"curve":[0.25,0,1,0.01],"transform":{"skX":1.9,"skY":1.9},"duration":10},{"transform":{"skX":-4.8,"skY":-4.8},"duration":5},{"transform":{"skX":-4.8,"skY":-4.8},"duration":5},{"transform":{"skX":-4.8,"skY":-4.8},"duration":7},{"curve":[0.25,0,0.75,1],"transform":{"skX":-4.8,"skY":-4.8},"duration":22},{"transform":{"skX":1.9,"skY":1.9},"duration":0}],"name":"bone10"},{"frame":[{"curve":[0.25,0,1,0.01],"transform":{"skX":-3.33,"skY":-3.33},"duration":10},{"transform":{"skX":-14.12,"skY":-14.12},"duration":5},{"transform":{"skX":-14.12,"skY":-14.12},"duration":5},{"transform":{"skX":-14.12,"skY":-14.12},"duration":7},{"curve":[0.25,0,0.75,1],"transform":{"skX":-14.12,"skY":-14.12},"duration":22},{"transform":{"skX":-3.33,"skY":-3.33},"duration":0}],"name":"bone11"},{"frame":[{"curve":[0.25,0,1,0.01],"transform":{},"duration":10},{"transform":{"x":19.72},"duration":5},{"curve":[0.25,0,0,1],"transform":{"x":19.72},"duration":5},{"transform":{"x":-10.22},"duration":7},{"curve":[0.25,0,0.75,1],"transform":{"x":-10.22},"duration":22},{"transform":{},"duration":0}],"name":"IKFootR"},{"frame":[{"curve":[0.25,0,1,0.01],"transform":{"skX":-0.36,"skY":-0.36},"duration":10},{"transform":{"skX":15.96,"skY":15.96},"duration":5},{"transform":{"skX":15.96,"skY":15.96},"duration":5},{"transform":{"skX":15.96,"skY":15.96},"duration":7},{"curve":[0.25,0,0.75,1],"transform":{"skX":15.96,"skY":15.96},"duration":22},{"transform":{"skX":-0.36,"skY":-0.36},"duration":0}],"name":"bone12"},{"frame":[{"curve":[0.25,0,1,0.01],"transform":{},"duration":10},{"transform":{"x":-23.71},"duration":5},{"curve":[0.25,0,0,1],"transform":{"x":-23.71},"duration":5},{"transform":{"x":-80.14},"duration":7},{"curve":[0.25,0,0.75,1],"transform":{"x":-80.14},"duration":22},{"transform":{},"duration":0}],"name":"IKLegL"},{"frame":[{"curve":[0.25,0,1,0.01],"transform":{"skX":-2.61,"skY":-2.61},"duration":10},{"transform":{"skX":23.27,"skY":23.27},"duration":5},{"transform":{"skX":23.27,"skY":23.27},"duration":5},{"transform":{"skX":23.27,"skY":23.27},"duration":7},{"curve":[0.25,0,0.75,1],"transform":{"skX":23.27,"skY":23.27},"duration":22},{"transform":{"skX":-2.61,"skY":-2.61},"duration":0}],"name":"bone13"},{"frame":[{"curve":[0.25,0,1,0.01],"transform":{"skX":5.39,"skY":5.39},"duration":10},{"transform":{"skX":-15.51,"skY":-15.51},"duration":5},{"transform":{"skX":-15.51,"skY":-15.51},"duration":5},{"transform":{"skX":-15.51,"skY":-15.51},"duration":7},{"curve":[0.25,0,0.75,1],"transform":{"skX":-15.51,"skY":-15.51},"duration":22},{"transform":{"skX":5.39,"skY":5.39},"duration":0}],"name":"bone14"},{"frame":[{"curve":[0.25,0,1,0.01],"transform":{},"duration":10},{"transform":{"x":-24.72},"duration":5},{"curve":[0.25,0,0,1],"transform":{"x":-24.72},"duration":5},{"transform":{"x":-81.58},"duration":7},{"curve":[0.25,0,0.75,1],"transform":{"x":-81.58},"duration":22},{"transform":{},"duration":0}],"name":"IKFootL"},{"frame":[{"curve":[0.25,0,1,0.01],"transform":{"skX":0.06,"skY":0.06},"duration":10},{"transform":{"skX":0.36,"skY":0.36},"duration":5},{"transform":{"skX":0.36,"skY":0.36},"duration":5},{"transform":{"skX":0.36,"skY":0.36},"duration":7},{"curve":[0.25,0,0.75,1],"transform":{"skX":0.36,"skY":0.36},"duration":22},{"transform":{"skX":0.06,"skY":0.06},"duration":0}],"name":"bone15"},{"frame":[{"transform":{},"duration":10},{"transform":{},"duration":5},{"transform":{},"duration":5},{"transform":{},"duration":7},{"transform":{},"duration":22},{"transform":{},"duration":0}],"name":"bone16"},{"frame":[{"curve":[0.25,0,1,0.01],"transform":{},"duration":10},{"transform":{"skX":16.74,"skY":16.74},"duration":5},{"curve":[0.25,0,0,1],"transform":{"skX":16.74,"skY":16.74},"duration":5},{"curve":[0.25,0,0.75,1],"transform":{"skX":-9.72,"skY":-9.72},"duration":7},{"curve":[0.25,0,0.75,1],"transform":{"skX":10.08,"skY":10.08},"duration":22},{"transform":{},"duration":0}],"name":"bone17"},{"frame":[{"curve":[0.25,0,1,0.01],"transform":{},"duration":10},{"transform":{"skX":41.29,"skY":41.29},"duration":5},{"curve":[0.25,0,0,1],"transform":{"skX":41.29,"skY":41.29},"duration":5},{"curve":[0.25,0,0.75,1],"transform":{"y":-9.26,"x":45.41,"skX":107.77,"skY":107.77},"duration":7},{"curve":[0.25,0,0.75,1],"transform":{"y":-9.26,"x":45.41,"skX":79.53,"skY":79.53},"duration":22},{"transform":{},"duration":0}],"name":"bone18"},{"frame":[{"curve":[0.25,0,1,0.01],"transform":{},"duration":10},{"transform":{"scX":1.1},"duration":5},{"transform":{"scX":1.1},"duration":5},{"transform":{"scX":1.1},"duration":7},{"curve":[0.25,0,0.75,1],"transform":{"scX":1.1},"duration":22},{"transform":{},"duration":0}],"name":"bone19"},{"frame":[{"transform":{},"duration":49}],"name":"bone20"}],"name":"Attack C"},{"ffd":[{"frame":[{"offset":0,"tweenEasing":null,"vertices":[],"duration":15},{"offset":0,"tweenEasing":null,"vertices":[],"duration":3},{"curve":[0.5,0,0.5,1],"offset":0,"vertices":[],"duration":4},{"offset":0,"tweenEasing":null,"vertices":[],"duration":3},{"offset":0,"tweenEasing":null,"vertices":[],"duration":4},{"offset":0,"tweenEasing":null,"vertices":[],"duration":21}],"skin":"","scale":1,"slot":"Layer 252","offset":0,"name":"Layer 252"},{"frame":[{"offset":0,"tweenEasing":null,"vertices":[],"duration":15},{"offset":0,"tweenEasing":null,"vertices":[176.83,-6.32,176.83,-6.32,176.83,-6.32,176.83,-6.32,176.83,-6.32,176.83,-6.32,176.83,-6.32,176.83,-6.32,176.83,-6.32],"duration":3},{"curve":[0.5,0,0.5,1],"offset":0,"vertices":[176.83,-6.32,176.83,-6.32,176.83,-6.32,176.83,-6.32,176.83,-6.32,176.83,-6.32,176.83,-6.32,176.83,-6.32,176.83,-6.32],"duration":4},{"offset":0,"tweenEasing":null,"vertices":[176.83,-6.32,176.83,-6.32,176.83,-6.32,176.83,-6.32,176.83,-6.32,176.83,-6.32,176.83,-6.32,176.83,-6.32,176.83,-6.32],"duration":8},{"offset":0,"tweenEasing":null,"vertices":[176.83,-6.32,176.83,-6.32,176.83,-6.32,176.83,-6.32,176.83,-6.32,176.83,-6.32,176.83,-6.32,176.83,-6.32,176.83,-6.32],"duration":20}],"skin":"","scale":1,"slot":"stabsmear","offset":0,"name":"stabsmear"}],"frame":[],"duration":50,"slot":[{"frame":[{"tweenEasing":0,"duration":15},{"tweenEasing":0,"duration":3},{"curve":[0.5,0,0.5,1],"duration":4},{"tweenEasing":0,"duration":3},{"tweenEasing":0,"duration":4},{"tweenEasing":null,"duration":21}],"name":"Layer 251"},{"frame":[{"tweenEasing":0,"duration":15},{"tweenEasing":0,"duration":3},{"curve":[0.5,0,0.5,1],"duration":4},{"tweenEasing":0,"duration":3},{"tweenEasing":0,"duration":4},{"tweenEasing":null,"duration":21}],"name":"Layer 252"},{"frame":[{"tweenEasing":0,"duration":15},{"tweenEasing":0,"duration":3},{"curve":[0.5,0,0.5,1],"duration":4},{"tweenEasing":0,"duration":3},{"tweenEasing":0,"duration":4},{"tweenEasing":0,"duration":15},{"tweenEasing":0,"duration":6},{"tweenEasing":null,"duration":0}],"name":"Layer 256"},{"frame":[{"displayIndex":-1,"tweenEasing":0,"duration":15},{"displayIndex":-1,"tweenEasing":0,"duration":3},{"curve":[0.5,0,0.5,1],"displayIndex":-1,"duration":4},{"tweenEasing":0,"duration":8},{"tweenEasing":null,"color":{"aM":0},"duration":20}],"name":"stabsmear"}],"ik":[],"bone":[{"frame":[{"curve":[0.25,0,1,0.01],"transform":{},"duration":10},{"curve":[0.25,0,0,1],"transform":{"x":41.87},"duration":5},{"transform":{"x":-20.23},"duration":3},{"curve":[0.5,0,0.5,1],"transform":{"x":-20.23},"duration":4},{"transform":{"x":-20.23},"duration":3},{"transform":{"x":-20.23},"duration":4},{"curve":[0.25,0,0.75,1],"transform":{"x":-20.23},"duration":15},{"transform":{},"duration":6},{"transform":{},"duration":0}],"name":"root"},{"frame":[{"curve":[0.25,0,1,0.01],"transform":{},"duration":10},{"curve":[0.25,0,0,1],"transform":{"y":8.94,"x":-1.06},"duration":5},{"curve":[0.25,0,0.75,1],"transform":{"y":-157.75,"x":-120.7},"duration":3},{"curve":[0.5,0,0.5,1],"transform":{"y":-152.07,"x":-132.63},"duration":4},{"curve":[0.25,0,0.75,1],"transform":{"y":-4.18,"x":-181.08},"duration":3},{"curve":[0.25,0,0.75,1],"transform":{"y":24.99,"x":-199.6},"duration":4},{"curve":[0.258,0,0.619,0.45],"transform":{"y":30.86,"x":-206.64},"duration":6},{"curve":[0.25,0,0.75,1],"transform":{"y":-26.74,"x":-130.63},"duration":9},{"curve":[0.25,0,0.75,1],"transform":{"y":15.37,"x":16.96},"duration":6},{"transform":{},"duration":0}],"name":"bone"},{"frame":[{"transform":{},"duration":10},{"transform":{},"duration":5},{"transform":{},"duration":3},{"curve":[0.5,0,0.5,1],"transform":{},"duration":4},{"transform":{},"duration":3},{"transform":{},"duration":4},{"transform":{},"duration":15},{"transform":{},"duration":6},{"transform":{},"duration":0}],"name":"bone2"},{"frame":[{"curve":[0.25,0,1,0.01],"transform":{},"duration":10},{"curve":[0.25,0,0,1],"transform":{"skX":-23.82,"skY":-23.82},"duration":5},{"transform":{"y":-6.88,"x":-11.02,"skX":-40.76,"skY":-40.76},"duration":3},{"curve":[0.5,0,0.5,1],"transform":{"y":-6.88,"x":-11.02,"skX":-40.76,"skY":-40.76},"duration":4},{"transform":{"y":-6.88,"x":-11.02,"skX":-40.76,"skY":-40.76},"duration":3},{"transform":{"y":-6.88,"x":-11.02,"skX":-40.76,"skY":-40.76},"duration":4},{"curve":[0.25,0,0.75,1],"transform":{"y":-6.88,"x":-11.02,"skX":-40.76,"skY":-40.76},"duration":15},{"curve":[0.25,0,0.75,1],"transform":{"skX":-8.21,"skY":-8.21},"duration":6},{"transform":{},"duration":0}],"name":"bone3"},{"frame":[{"curve":[0.25,0,1,0.01],"transform":{},"duration":10},{"curve":[0.25,0,0,1],"transform":{"skX":17.55,"skY":17.55},"duration":5},{"transform":{"skX":52.26,"skY":52.26},"duration":3},{"curve":[0.5,0,0.5,1],"transform":{"skX":52.26,"skY":52.26},"duration":4},{"transform":{"skX":28.57,"skY":28.57},"duration":3},{"transform":{"skX":28.57,"skY":28.57},"duration":4},{"curve":[0.25,0,0.75,1],"transform":{"skX":28.57,"skY":28.57},"duration":15},{"transform":{},"duration":6},{"transform":{},"duration":0}],"name":"bone4"},{"frame":[{"transform":{},"duration":10},{"curve":[0.25,0,0,1],"transform":{},"duration":5},{"transform":{"y":-6.66,"x":-13.25,"skX":16.2,"skY":16.2},"duration":3},{"curve":[0.5,0,0.5,1],"transform":{"y":-6.66,"x":-13.25,"skX":16.2,"skY":16.2},"duration":4},{"transform":{"y":-6.66,"x":-13.25,"skX":12.67,"skY":12.67},"duration":3},{"transform":{"y":-6.66,"x":-13.25,"skX":12.67,"skY":12.67},"duration":4},{"curve":[0.254,0,0.984,0.64],"transform":{"y":-6.66,"x":-13.25,"skX":12.67,"skY":12.67},"duration":6},{"curve":[0.25,0,0.75,1],"transform":{"y":-6.66,"x":-13.25,"skX":-269.61,"skY":-269.61},"duration":9},{"transform":{},"duration":6},{"transform":{},"duration":0}],"name":"bone5"},{"frame":[{"transform":{},"duration":10},{"curve":[0.25,0,0,1],"transform":{},"duration":5},{"transform":{"skX":-22.67,"skY":-22.67},"duration":3},{"curve":[0.5,0,0.5,1],"transform":{"skX":-22.67,"skY":-22.67},"duration":4},{"transform":{"skX":-22.67,"skY":-22.67},"duration":3},{"transform":{"skX":-22.67,"skY":-22.67},"duration":4},{"curve":[0.25,0,0.75,1],"transform":{"skX":-22.67,"skY":-22.67},"duration":15},{"transform":{},"duration":6},{"transform":{},"duration":0}],"name":"bone6"},{"frame":[{"transform":{},"duration":10},{"curve":[0.25,0,0,1],"transform":{},"duration":5},{"transform":{"skX":-72.61,"skY":-72.61},"duration":3},{"curve":[0.5,0,0.5,1],"transform":{"skX":-72.61,"skY":-72.61},"duration":4},{"transform":{"skX":-72.61,"skY":-72.61},"duration":3},{"transform":{"skX":-72.61,"skY":-72.61},"duration":4},{"curve":[0.25,0,0.75,1],"transform":{"skX":-72.61,"skY":-72.61},"duration":15},{"transform":{},"duration":6},{"transform":{},"duration":0}],"name":"bone7"},{"frame":[{"transform":{},"duration":10},{"curve":[0.25,0,0,1],"transform":{},"duration":5},{"transform":{"y":-59.78,"x":-205.9,"skX":99.38,"skY":99.38},"duration":3},{"curve":[0.5,0,0.5,1],"transform":{"y":-59.78,"x":-205.9,"skX":99.38,"skY":99.38},"duration":4},{"transform":{"y":-16.87,"x":-192.31,"skX":26.01,"skY":26.01},"duration":8},{"curve":[0.25,0,0.75,1],"transform":{"y":-16.87,"x":-192.31,"skX":26.01,"skY":26.01},"duration":14},{"transform":{},"duration":6},{"transform":{},"duration":0}],"name":"smears"},{"frame":[{"curve":[0.25,0,1,0.01],"transform":{},"duration":10},{"curve":[0.25,0,0,1],"transform":{"skX":9.87,"skY":9.87},"duration":5},{"transform":{"y":10.3,"x":11.75,"skX":280.28,"skY":280.28},"duration":3},{"curve":[0.5,0,0.5,1],"transform":{"y":10.3,"x":11.75,"skX":280.28,"skY":280.28},"duration":4},{"transform":{"y":10.3,"x":11.75,"skX":280.28,"skY":280.28},"duration":3},{"transform":{"y":10.3,"x":11.75,"skX":280.28,"skY":280.28},"duration":4},{"curve":[0.25,0,0.75,1],"transform":{"y":10.3,"x":11.75,"skX":280.28,"skY":280.28},"duration":15},{"curve":[0.25,0,0.75,1],"transform":{"skX":-11.52,"skY":-11.52},"duration":6},{"transform":{},"duration":0}],"name":"bone8"},{"frame":[{"curve":[0.25,0,1,0.01],"transform":{},"duration":10},{"transform":{"skX":39.07,"skY":39.07},"duration":5},{"transform":{"skX":39.07,"skY":39.07},"duration":3},{"curve":[0.5,0,0.5,1],"transform":{"skX":39.07,"skY":39.07},"duration":4},{"transform":{"skX":39.07,"skY":39.07},"duration":3},{"transform":{"skX":39.07,"skY":39.07},"duration":4},{"curve":[0.25,0,0.75,1],"transform":{"skX":39.07,"skY":39.07},"duration":15},{"curve":[0.25,0,0.75,1],"transform":{"skX":40.44,"skY":40.44},"duration":6},{"transform":{},"duration":0}],"name":"bone9"},{"frame":[{"curve":[0.25,0,1,0.01],"transform":{},"duration":10},{"curve":[0.25,0,0,1],"transform":{"x":19.38},"duration":5},{"transform":{"x":-45.55},"duration":3},{"curve":[0.5,0,0.5,1],"transform":{"x":-45.55},"duration":4},{"curve":[0.25,0,0.75,1],"transform":{"y":-61.3,"x":-184.94},"duration":3},{"transform":{"y":-2.96,"x":-199.53},"duration":4},{"curve":[0.258,0,0.619,0.45],"transform":{"y":-2.96,"x":-199.53},"duration":6},{"curve":[0.25,0,0.75,1],"transform":{"y":-1.87,"x":-202.07},"duration":9},{"curve":[0.25,0,0.75,1],"transform":{"x":36.04},"duration":6},{"transform":{},"duration":0}],"name":"IKLegR"},{"frame":[{"curve":[0.25,0,1,0.01],"transform":{"skX":1.9,"skY":1.9},"duration":10},{"transform":{"skX":-4.8,"skY":-4.8},"duration":5},{"transform":{"skX":-4.8,"skY":-4.8},"duration":3},{"curve":[0.5,0,0.5,1],"transform":{"skX":-4.8,"skY":-4.8},"duration":4},{"curve":[0.25,0,0.75,1],"transform":{"skX":-4.8,"skY":-4.8},"duration":3},{"transform":{"y":-14.59,"x":1.68,"skX":-4.8,"skY":-4.8},"duration":4},{"curve":[0.25,0,0.75,1],"transform":{"y":-14.59,"x":1.68,"skX":-4.8,"skY":-4.8},"duration":15},{"curve":[0.25,0,0.75,1],"transform":{"skX":11.23,"skY":11.23},"duration":6},{"transform":{"skX":1.9,"skY":1.9},"duration":0}],"name":"bone10"},{"frame":[{"curve":[0.25,0,1,0.01],"transform":{"skX":-3.33,"skY":-3.33},"duration":10},{"transform":{"skX":-14.12,"skY":-14.12},"duration":5},{"transform":{"skX":-14.12,"skY":-14.12},"duration":3},{"curve":[0.5,0,0.5,1],"transform":{"skX":-14.12,"skY":-14.12},"duration":4},{"transform":{"skX":-14.12,"skY":-14.12},"duration":3},{"transform":{"skX":-14.12,"skY":-14.12},"duration":4},{"curve":[0.25,0,0.75,1],"transform":{"skX":-14.12,"skY":-14.12},"duration":15},{"curve":[0.25,0,0.75,1],"transform":{"skX":-45.41,"skY":-45.41},"duration":6},{"transform":{"skX":-3.33,"skY":-3.33},"duration":0}],"name":"bone11"},{"frame":[{"curve":[0.25,0,1,0.01],"transform":{},"duration":10},{"curve":[0.25,0,0,1],"transform":{"x":19.72},"duration":5},{"transform":{"x":-10.22},"duration":3},{"curve":[0.5,0,0.5,1],"transform":{"x":-10.22},"duration":4},{"curve":[0.25,0,0.75,1],"transform":{"y":-74.35,"x":-150.33},"duration":3},{"transform":{"y":11.48,"x":-194.64},"duration":4},{"curve":[0.25,0,0.75,1],"transform":{"y":11.48,"x":-194.64},"duration":15},{"curve":[0.25,0,0.75,1],"transform":{"x":38.16},"duration":6},{"transform":{},"duration":0}],"name":"IKFootR"},{"frame":[{"curve":[0.25,0,1,0.01],"transform":{"skX":-0.36,"skY":-0.36},"duration":10},{"transform":{"skX":15.96,"skY":15.96},"duration":5},{"transform":{"skX":15.96,"skY":15.96},"duration":3},{"curve":[0.5,0,0.5,1],"transform":{"skX":15.96,"skY":15.96},"duration":4},{"transform":{"skX":15.96,"skY":15.96},"duration":3},{"transform":{"skX":15.96,"skY":15.96},"duration":4},{"curve":[0.25,0,0.75,1],"transform":{"skX":15.96,"skY":15.96},"duration":15},{"curve":[0.25,0,0.75,1],"transform":{"skX":25.08,"skY":25.08},"duration":6},{"transform":{"skX":-0.36,"skY":-0.36},"duration":0}],"name":"bone12"},{"frame":[{"curve":[0.25,0,1,0.01],"transform":{},"duration":10},{"curve":[0.25,0,0,1],"transform":{"x":-23.71},"duration":5},{"curve":[0.25,0,0.75,1],"transform":{"y":-196.52,"x":-106.66},"duration":3},{"curve":[0.5,0,0.5,1],"transform":{"y":-186.86,"x":-103.25},"duration":4},{"curve":[0.25,0,0.75,1],"transform":{"y":10.34,"x":-250.09},"duration":3},{"transform":{"y":-6.49,"x":-228.21},"duration":4},{"curve":[0.258,0,0.619,0.45],"transform":{"y":-6.49,"x":-228.21},"duration":6},{"curve":[0.25,0,0.75,1],"transform":{"y":-48.07,"x":-151.11},"duration":9},{"transform":{},"duration":6},{"transform":{},"duration":0}],"name":"IKLegL"},{"frame":[{"curve":[0.25,0,1,0.01],"transform":{"skX":-2.61,"skY":-2.61},"duration":10},{"transform":{"skX":23.27,"skY":23.27},"duration":5},{"transform":{"skX":23.27,"skY":23.27},"duration":3},{"curve":[0.5,0,0.5,1],"transform":{"skX":23.27,"skY":23.27},"duration":4},{"transform":{"skX":23.27,"skY":23.27},"duration":3},{"transform":{"skX":23.27,"skY":23.27},"duration":4},{"curve":[0.25,0,0.75,1],"transform":{"skX":23.27,"skY":23.27},"duration":15},{"curve":[0.25,0,0.75,1],"transform":{"skX":37.54,"skY":37.54},"duration":6},{"transform":{"skX":-2.61,"skY":-2.61},"duration":0}],"name":"bone13"},{"frame":[{"curve":[0.25,0,1,0.01],"transform":{"skX":5.39,"skY":5.39},"duration":10},{"transform":{"skX":-15.51,"skY":-15.51},"duration":5},{"transform":{"skX":-15.51,"skY":-15.51},"duration":3},{"curve":[0.5,0,0.5,1],"transform":{"skX":-15.51,"skY":-15.51},"duration":4},{"transform":{"skX":-15.51,"skY":-15.51},"duration":3},{"transform":{"skX":-15.51,"skY":-15.51},"duration":4},{"curve":[0.25,0,0.75,1],"transform":{"skX":-15.51,"skY":-15.51},"duration":15},{"curve":[0.25,0,0.75,1],"transform":{"skX":-48.03,"skY":-48.03},"duration":6},{"transform":{"skX":5.39,"skY":5.39},"duration":0}],"name":"bone14"},{"frame":[{"curve":[0.25,0,1,0.01],"transform":{},"duration":10},{"curve":[0.25,0,0,1],"transform":{"x":-24.72},"duration":5},{"transform":{"x":-81.58},"duration":3},{"curve":[0.5,0,0.5,1],"transform":{"x":-81.58},"duration":4},{"curve":[0.265,0,0.618,0.43],"transform":{"y":-30.25,"x":-222.14},"duration":1},{"curve":[0.351,0.4,0.757,1],"transform":{"y":8.83,"x":-226.92},"duration":2},{"transform":{"y":-2.2,"x":-230.55},"duration":4},{"curve":[0.25,0,0.75,1],"transform":{"y":-2.2,"x":-230.55},"duration":15},{"transform":{},"duration":6},{"transform":{},"duration":0}],"name":"IKFootL"},{"frame":[{"curve":[0.25,0,1,0.01],"transform":{"skX":0.06,"skY":0.06},"duration":10},{"transform":{"skX":0.36,"skY":0.36},"duration":5},{"transform":{"skX":0.36,"skY":0.36},"duration":3},{"curve":[0.5,0,0.5,1],"transform":{"skX":0.36,"skY":0.36},"duration":4},{"transform":{"skX":0.36,"skY":0.36},"duration":3},{"transform":{"skX":0.36,"skY":0.36},"duration":4},{"curve":[0.25,0,0.75,1],"transform":{"skX":0.36,"skY":0.36},"duration":15},{"curve":[0.25,0,0.75,1],"transform":{"skX":14.69,"skY":14.69},"duration":6},{"transform":{"skX":0.06,"skY":0.06},"duration":0}],"name":"bone15"},{"frame":[{"transform":{},"duration":10},{"transform":{},"duration":5},{"transform":{},"duration":3},{"curve":[0.5,0,0.5,1],"transform":{},"duration":4},{"transform":{"y":16.59,"x":-0.18},"duration":3},{"transform":{"y":16.59,"x":-0.18},"duration":4},{"curve":[0.254,0,0.6845,0.725],"transform":{"y":16.59,"x":-0.18},"duration":6},{"curve":[0.25,0,0.75,1],"transform":{"y":16.59,"x":-0.18,"skX":5.83,"skY":5.83},"duration":9},{"transform":{},"duration":6},{"transform":{},"duration":0}],"name":"bone16"},{"frame":[{"curve":[0.25,0,1,0.01],"transform":{},"duration":10},{"curve":[0.25,0,0,1],"transform":{"skX":16.74,"skY":16.74},"duration":5},{"curve":[0.25,0,0.75,1],"transform":{"skX":11.07,"skY":11.07},"duration":3},{"curve":[0.5,0,0.5,1],"transform":{"skX":2.18,"skY":2.18},"duration":4},{"curve":[0.25,0,0.75,1],"transform":{"skX":-9.72,"skY":-9.72},"duration":3},{"curve":[0.25,0,0.75,1],"transform":{"y":24.28,"x":-0.34,"skX":-25.08,"skY":-25.08},"duration":4},{"curve":[0.254,0,0.6845,0.725],"transform":{"y":24.28,"x":-0.34,"skX":11.29,"skY":11.29},"duration":6},{"curve":[0.25,0,0.75,1],"transform":{"y":24.28,"x":-0.34,"skX":36.81,"skY":36.81},"duration":9},{"curve":[0.25,0,0.75,1],"transform":{"skX":-23.25,"skY":-23.25},"duration":6},{"transform":{},"duration":0}],"name":"bone17"},{"frame":[{"curve":[0.25,0,1,0.01],"transform":{},"duration":10},{"curve":[0.25,0,0,1],"transform":{"skX":41.29,"skY":41.29},"duration":5},{"curve":[0.25,0,0.75,1],"transform":{"y":-9.26,"x":45.41,"skX":42.14,"skY":42.14},"duration":3},{"curve":[0.5,0,0.5,1],"transform":{"y":-9.26,"x":45.41,"skX":61.21,"skY":61.21},"duration":4},{"curve":[0.25,0,0.75,1],"transform":{"y":-9.26,"x":45.41,"skX":-212.37,"skY":-212.37},"duration":3},{"curve":[0.25,0,0.75,1],"transform":{"y":-9.26,"x":45.41,"skX":82.42,"skY":82.42},"duration":4},{"curve":[0.258,0,0.619,0.45],"transform":{"y":-23.75,"x":33.46,"skX":60.55,"skY":60.55},"duration":6},{"curve":[0.25,0,0.75,1],"transform":{"y":14.88,"x":-13.35,"skX":42.81,"skY":42.81},"duration":9},{"curve":[0.25,0,0.75,1],"transform":{"skX":41.46,"skY":41.46},"duration":6},{"transform":{},"duration":0}],"name":"bone18"},{"frame":[{"curve":[0.25,0,1,0.01],"transform":{},"duration":10},{"curve":[0.25,0,0,1],"transform":{"scX":1.1},"duration":5},{"transform":{"x":-31.19,"scX":0.96},"duration":3},{"curve":[0.5,0,0.5,1],"transform":{"x":-31.19,"scX":0.96},"duration":4},{"transform":{"x":-140.36,"scX":1.1},"duration":3},{"transform":{"x":-140.36,"scX":1.1},"duration":4},{"curve":[0.25,0,0.75,1],"transform":{"x":-140.36,"scX":1.1},"duration":15},{"transform":{},"duration":6},{"transform":{},"duration":0}],"name":"bone19"},{"frame":[{"tweenEasing":0,"transform":{},"duration":22},{"transform":{"y":-30.25,"x":-140.56},"duration":3},{"transform":{"y":-30.25,"x":-140.56},"duration":4},{"transform":{"y":-30.25,"x":-140.56},"duration":15},{"transform":{"y":-30.25,"x":-140.56},"duration":6}],"name":"bone20"}],"name":"Attack D"},{"ffd":[],"frame":[],"duration":30,"slot":[{"frame":[{"tweenEasing":null,"duration":30}],"name":"Layer 256"}],"ik":[],"bone":[{"frame":[{"transform":{},"duration":10},{"transform":{},"duration":20},{"transform":{},"duration":0}],"name":"root"},{"frame":[{"curve":[0.25,0,0,1],"transform":{},"duration":10},{"curve":[0.25,0,0.75,1],"transform":{"y":15.8,"x":16.89},"duration":20},{"transform":{},"duration":0}],"name":"bone"},{"frame":[{"transform":{},"duration":10},{"transform":{},"duration":20},{"transform":{},"duration":0}],"name":"bone2"},{"frame":[{"curve":[0.25,0,0,1],"transform":{},"duration":10},{"curve":[0.25,0,0.75,1],"transform":{"skX":-18.61,"skY":-18.61},"duration":20},{"transform":{},"duration":0}],"name":"bone3"},{"frame":[{"transform":{},"duration":10},{"transform":{},"duration":20},{"transform":{},"duration":0}],"name":"bone4"},{"frame":[{"transform":{},"duration":10},{"transform":{},"duration":20},{"transform":{},"duration":0}],"name":"bone5"},{"frame":[{"curve":[0.25,0,0,1],"transform":{},"duration":10},{"curve":[0.25,0,0.75,1],"transform":{"skX":30.02,"skY":30.02},"duration":20},{"transform":{},"duration":0}],"name":"bone6"},{"frame":[{"transform":{},"duration":10},{"transform":{},"duration":20},{"transform":{},"duration":0}],"name":"bone7"},{"frame":[{"transform":{},"duration":10},{"transform":{},"duration":20},{"transform":{},"duration":0}],"name":"smears"},{"frame":[{"curve":[0.25,0,0,1],"transform":{},"duration":10},{"curve":[0.25,0,0.75,1],"transform":{"skX":0.87,"skY":0.87},"duration":20},{"transform":{},"duration":0}],"name":"bone8"},{"frame":[{"curve":[0.25,0,0,1],"transform":{},"duration":10},{"curve":[0.25,0,0.75,1],"transform":{"skX":43.05,"skY":43.05},"duration":20},{"transform":{},"duration":0}],"name":"bone9"},{"frame":[{"curve":[0.25,0,0,1],"transform":{},"duration":10},{"curve":[0.25,0,0.75,1],"transform":{"x":11.44},"duration":20},{"transform":{},"duration":0}],"name":"IKLegR"},{"frame":[{"curve":[0.25,0,0,1],"transform":{"skX":1.9,"skY":1.9},"duration":10},{"curve":[0.25,0,0.75,1],"transform":{"y":-6.75,"x":1.19,"skX":39.23,"skY":39.23},"duration":20},{"transform":{"skX":1.9,"skY":1.9},"duration":0}],"name":"bone10"},{"frame":[{"curve":[0.25,0,0,1],"transform":{"skX":-3.33,"skY":-3.33},"duration":10},{"curve":[0.25,0,0.75,1],"transform":{"skX":-69.84,"skY":-69.84},"duration":20},{"transform":{"skX":-3.33,"skY":-3.33},"duration":0}],"name":"bone11"},{"frame":[{"curve":[0.25,0,0,1],"transform":{},"duration":10},{"curve":[0.25,0,0.75,1],"transform":{"x":13.62},"duration":20},{"transform":{},"duration":0}],"name":"IKFootR"},{"frame":[{"curve":[0.25,0,0,1],"transform":{"skX":-0.36,"skY":-0.36},"duration":10},{"curve":[0.25,0,0.75,1],"transform":{"skX":21.31,"skY":21.31},"duration":20},{"transform":{"skX":-0.36,"skY":-0.36},"duration":0}],"name":"bone12"},{"frame":[{"curve":[0.25,0,0,1],"transform":{},"duration":10},{"curve":[0.25,0,0.75,1],"transform":{"x":-19},"duration":20},{"transform":{},"duration":0}],"name":"IKLegL"},{"frame":[{"curve":[0.25,0,0,1],"transform":{"skX":-2.61,"skY":-2.61},"duration":10},{"curve":[0.25,0,0.75,1],"transform":{"skX":31.75,"skY":31.75},"duration":20},{"transform":{"skX":-2.61,"skY":-2.61},"duration":0}],"name":"bone13"},{"frame":[{"curve":[0.25,0,0,1],"transform":{"skX":5.39,"skY":5.39},"duration":10},{"curve":[0.25,0,0.75,1],"transform":{"skX":-13.22,"skY":-13.22},"duration":20},{"transform":{"skX":5.39,"skY":5.39},"duration":0}],"name":"bone14"},{"frame":[{"curve":[0.25,0,0,1],"transform":{},"duration":10},{"curve":[0.25,0,0.75,1],"transform":{"x":-19.95},"duration":20},{"transform":{},"duration":0}],"name":"IKFootL"},{"frame":[{"curve":[0.25,0,0,1],"transform":{"skX":0.06,"skY":0.06},"duration":10},{"curve":[0.25,0,0.75,1],"transform":{"skX":-11.96,"skY":-11.96},"duration":20},{"transform":{"skX":0.06,"skY":0.06},"duration":0}],"name":"bone15"},{"frame":[{"transform":{},"duration":10},{"transform":{},"duration":20},{"transform":{},"duration":0}],"name":"bone16"},{"frame":[{"transform":{},"duration":10},{"transform":{},"duration":20},{"transform":{},"duration":0}],"name":"bone17"},{"frame":[{"curve":[0.25,0,0,1],"transform":{},"duration":10},{"curve":[0.25,0,0.75,1],"transform":{"skX":50.86,"skY":50.86},"duration":20},{"transform":{},"duration":0}],"name":"bone18"},{"frame":[{"curve":[0.25,0,0,1],"transform":{},"duration":10},{"curve":[0.25,0,0.75,1],"transform":{"scX":1.14},"duration":20},{"transform":{},"duration":0}],"name":"bone19"},{"frame":[{"tweenEasing":0,"transform":{},"duration":10},{"transform":{},"duration":20}],"name":"bone20"}],"name":"Damage"},{"ffd":[],"frame":[],"duration":60,"slot":[{"frame":[{"tweenEasing":0,"duration":53},{"tweenEasing":null,"duration":7}],"name":"Layer 256"}],"ik":[],"bone":[{"frame":[{"transform":{},"duration":60},{"transform":{},"duration":0}],"name":"root"},{"frame":[{"transform":{},"duration":60},{"transform":{},"duration":0}],"name":"bone"},{"frame":[{"curve":[0.25,0,0.75,1],"transform":{},"duration":30},{"curve":[0.25,0,0.75,1],"transform":{"y":-1.37},"duration":30},{"transform":{},"duration":0}],"name":"bone2"},{"frame":[{"curve":[0.25,0,0.75,1],"transform":{},"duration":30},{"curve":[0.25,0,0.75,1],"transform":{"y":0.89,"x":0.45},"duration":30},{"transform":{},"duration":0}],"name":"bone3"},{"frame":[{"transform":{},"duration":60},{"transform":{},"duration":0}],"name":"bone4"},{"frame":[{"curve":[0.25,0,0.75,1],"transform":{},"duration":30},{"curve":[0.25,0,0.75,1],"transform":{"skX":-5.95,"skY":-5.95},"duration":30},{"transform":{},"duration":0}],"name":"bone5"},{"frame":[{"transform":{},"duration":60},{"transform":{},"duration":0}],"name":"bone6"},{"frame":[{"transform":{},"duration":60},{"transform":{},"duration":0}],"name":"bone7"},{"frame":[{"transform":{},"duration":60},{"transform":{},"duration":0}],"name":"smears"},{"frame":[{"curve":[0.25,0,0.75,1],"transform":{},"duration":30},{"curve":[0.25,0,0.75,1],"transform":{"skX":0.24,"skY":0.24},"duration":30},{"transform":{},"duration":0}],"name":"bone8"},{"frame":[{"transform":{},"duration":60},{"transform":{},"duration":0}],"name":"bone9"},{"frame":[{"transform":{},"duration":60},{"transform":{},"duration":0}],"name":"IKLegR"},{"frame":[{"transform":{"skX":1.9,"skY":1.9},"duration":60},{"transform":{"skX":1.9,"skY":1.9},"duration":0}],"name":"bone10"},{"frame":[{"transform":{"skX":-3.33,"skY":-3.33},"duration":60},{"transform":{"skX":-3.33,"skY":-3.33},"duration":0}],"name":"bone11"},{"frame":[{"transform":{},"duration":60},{"transform":{},"duration":0}],"name":"IKFootR"},{"frame":[{"transform":{"skX":-0.36,"skY":-0.36},"duration":60},{"transform":{"skX":-0.36,"skY":-0.36},"duration":0}],"name":"bone12"},{"frame":[{"transform":{},"duration":60},{"transform":{},"duration":0}],"name":"IKLegL"},{"frame":[{"transform":{"skX":-2.61,"skY":-2.61},"duration":60},{"transform":{"skX":-2.61,"skY":-2.61},"duration":0}],"name":"bone13"},{"frame":[{"transform":{"skX":5.39,"skY":5.39},"duration":60},{"transform":{"skX":5.39,"skY":5.39},"duration":0}],"name":"bone14"},{"frame":[{"transform":{},"duration":60},{"transform":{},"duration":0}],"name":"IKFootL"},{"frame":[{"transform":{"skX":0.06,"skY":0.06},"duration":60},{"transform":{"skX":0.06,"skY":0.06},"duration":0}],"name":"bone15"},{"frame":[{"transform":{},"duration":60},{"transform":{},"duration":0}],"name":"bone16"},{"frame":[{"curve":[0.25,0,0.75,1],"transform":{},"duration":30},{"curve":[0.25,0,0.75,1],"transform":{"y":4.62,"x":-5.5,"skX":11.52,"skY":11.52},"duration":30},{"transform":{},"duration":0}],"name":"bone17"},{"frame":[{"curve":[0.25,0,0.75,1],"transform":{},"duration":30},{"curve":[0.25,0,0.75,1],"transform":{"skX":14.82,"skY":14.82},"duration":30},{"transform":{},"duration":0}],"name":"bone18"},{"frame":[{"curve":[0.25,0,0.75,1],"transform":{},"duration":30},{"curve":[0.25,0,0.75,1],"transform":{"scX":1.08},"duration":30},{"transform":{},"duration":0}],"name":"bone19"},{"frame":[{"transform":{},"duration":60}],"name":"bone20"}],"name":"Idle"}],"skin":[{"name":"","slot":[{"display":[{"path":"Layer 253","type":"image","name":"Layer 253","transform":{"y":-1.61,"x":5.28,"skX":-78.75,"skY":-78.75}}],"name":"Layer 253"},{"display":[{"path":"legalternate","type":"image","name":"legalternate","transform":{"y":22.82,"x":44.3,"skX":-104.72,"skY":-104.72}}],"name":"legalternate"},{"display":[{"uvs":[0,0.59924,0.10394,0.75807,0.61813,0.76488,0.79327,0.77623,0.91106,0.78757,0.99096,0.3678,0.2463,0.42679,0.07524,0.44721,0,0.5124],"type":"mesh","vertices":[-247,22.13,-195.65,57.55,58.36,59.07,144.88,61.6,203.07,64.13,242.53,-29.48,-125.33,-16.33,-209.83,-11.77,-247,2.77],"transform":{},"edges":[0,1,1,2,2,3,3,4,4,5,5,6,6,7,7,8,8,0],"path":"stabsmear","width":494,"userEdges":[],"height":223,"name":"stabsmear","triangles":[2,3,5,6,2,5,3,4,5,6,1,2,7,1,6,8,0,7,7,0,1]}],"name":"stabsmear"},{"display":[{"edges":[26,27,27,28,28,29,29,30,30,31,31,32,32,33,33,34,34,35,35,36,36,0,0,1,1,2,2,3,3,4,4,5,5,6,6,7,7,8,8,9,9,10,10,11,11,12,12,13,13,14,14,15,15,16,16,17,17,18,18,19,19,20,20,21,21,22,22,23,23,24,24,25,25,26],"triangles":[7,9,6,9,4,6,6,4,5,9,11,4,11,13,4,8,9,7,13,17,4,17,2,4,4,2,3,13,15,17,0,35,36,1,35,0,17,1,2,20,35,1,18,20,1,17,18,1,20,23,35,10,11,9,22,23,20,11,12,13,33,34,35,23,33,35,15,16,17,13,14,15,19,20,18,29,31,33,27,29,33,25,27,33,23,25,33,31,32,33,21,22,20,29,30,31,24,25,23,27,28,29,26,27,25],"vertices":[-7.08,-129.74,-10.9,-141.11,-7.28,-147.28,-2.97,-147.77,-2.48,-157.48,3.62,-164.8,3.61,-170.38,0.46,-178.42,-8.16,-183.12,-13.36,-182.63,-34.52,-190,-25.71,-175.19,-31.29,-166.47,-25.41,-159.9,-26.95,-158.63,-24.58,-157.41,-24.51,-155.73,-22.31,-154.28,-24.8,-152.83,-26.49,-156.37,-33.44,-148.02,-36.69,-162.63,-46.56,-123.34,-43.85,-119.76,-47.9,-116.28,-47.21,-113.14,-50.39,-108.16,-46.98,-106.77,-47.27,-102.13,-43.16,-102.07,-41.3,-99.87,-38.46,-100.62,-35.15,-98.99,-29.98,-107.47,-21.93,-111.01,-19.03,-115.47,-5.21,-127.3],"bonePose":[18,-0.49712540710040354,0.8676787018333791,-0.8676787018333791,-0.49712540710040354,-6.029130017047902,-169.92749777962894,24,-0.5531007711735038,0.8331143600534535,-0.8331143600534535,-0.5531007711735038,-20.614789461373743,-144.4698046678376],"path":"Layer 250","userEdges":[],"name":"Layer 250","uvs":[0.80191,0.66218,0.73114,0.53725,0.79828,0.46941,0.87813,0.46402,0.88721,0.35741,1,0.27692,1,0.21554,0.94165,0.12723,0.78195,0.07554,0.68576,0.08092,0.29377,0,0.4571,0.16277,0.35366,0.25861,0.46254,0.33077,0.43403,0.34469,0.47807,0.35807,0.47914,0.37655,0.51995,0.39249,0.47377,0.40842,0.44262,0.36954,0.31373,0.46132,0.25359,0.30071,0.07078,0.73242,0.12103,0.77185,0.04584,0.81009,0.05873,0.8445,0,0.89932,0.06298,0.91452,0.05761,0.96551,0.13387,0.96615,0.16824,0.99037,0.22087,0.98208,0.28209,1,0.37768,0.90687,0.52698,0.86799,0.58068,0.81892,0.8366,0.6889],"type":"mesh","transform":{},"slotPose":[1,0,0,1,0,0],"width":54,"height":91,"weights":[2,18,0.02824,24,0.97176,2,18,0.55393,24,0.44607,2,18,0.97697,24,0.02303,2,18,0.9999,24,0.0001,1,18,1,1,18,1,1,18,1,1,18,1,1,18,1,1,18,1,1,18,1,1,18,1,1,18,1,1,18,1,1,18,1,2,18,0.99876,24,0.00124,2,18,0.99424,24,0.00576,2,18,0.96074,24,0.03926,2,18,0.74396,24,0.25604,2,18,0.66508,24,0.33492,2,18,0.11216,24,0.88784,2,18,0.00001,24,0.99999,1,24,1,1,24,1,1,24,1,1,24,1,1,24,1,1,24,1,1,24,1,1,24,1,1,24,1,1,24,1,1,24,1,1,24,1,1,24,1,1,24,1,2,18,0.01377,24,0.98623]}],"name":"Layer 250"},{"display":[{"uvs":[0.00189,0.92492,0.68265,0.19354,0.71667,0.26528,0.7299,0.17795,0.73353,0,0.777,0,0.78645,0.09862,1,0,1,0.12825,0.83369,0.27639,0.86015,0.53214,0.79306,0.34033,0.0475,1,0,1],"type":"mesh","vertices":[221.73,8.65,29.91,18.57,28.1,5.67,19.14,14.92,5.66,36.52,-3.22,31.39,1.91,18.06,-48.78,5.05,-39.6,-10.83,4.98,-9.53,17.88,-44.31,17.86,-12.64,217.4,-6.25,227.11,-0.64],"transform":{},"edges":[13,12,12,11,11,10,10,9,9,8,8,7,7,6,6,5,5,4,4,3,3,2,2,1,1,0,0,13],"path":"Layer 256","width":236,"userEdges":[],"height":143,"name":"Layer 256","triangles":[6,9,8,6,8,7,9,11,10,6,3,9,2,11,9,3,2,9,5,4,6,4,3,6,1,12,2,0,12,1,0,13,12,2,12,11]},{"uvs":[0,0.87839,0.51584,0.19706,0.75123,0,1,0,1,0.24717,0.81244,0.61151,0.34351,0.94177,0.1349,1,0,1],"type":"mesh","vertices":[225.57,14.89,60.05,43.55,-6.48,41.05,-60.32,9.93,-40.78,-23.88,28.63,-50.25,156.24,-36.76,205.99,-18.62,235.19,-1.74],"transform":{},"edges":[0,8,8,7,7,6,6,5,5,4,4,3,3,2,2,1,1,0],"path":"Layer 257","width":250,"userEdges":[],"height":158,"name":"Layer 257","triangles":[3,2,4,2,5,4,2,1,5,1,6,5,0,6,1,0,7,6,0,8,7]}],"name":"Layer 256"},{"display":[{"path":"Ellipse 14","type":"image","name":"Ellipse 14","transform":{"y":1.34,"x":0.5}}],"name":"Ellipse 14"},{"display":[{"edges":[9,10,10,11,11,12,12,13,13,14,14,15,15,16,16,17,17,18,18,19,19,20,20,21,21,0,0,1,1,2,2,3,3,4,4,5,5,6,6,7,7,8,8,9],"triangles":[2,16,1,1,19,0,20,21,0,19,20,0,15,16,2,4,2,3,16,19,1,5,6,4,6,10,4,4,12,2,12,15,2,10,11,12,12,14,15,17,18,19,10,12,4,16,17,19,7,8,6,8,10,6,9,10,8,12,13,14],"vertices":[45.24,-18.5,39.54,-26.86,35.65,-55.66,41.73,-68.29,29.95,-75.61,29.57,-109.67,17.89,-114.8,12.56,-125.53,4.2,-125.99,-11.38,-115.36,-7.58,-101.59,-10.71,-94.56,5.72,-67.77,-4.72,-53.47,4.78,-48.34,9.81,-43.68,17.79,-26.58,12.28,-10.06,21.59,-5.4,28.62,-20.03,39.41,-7.59,45.62,-11.96],"bonePose":[13,0.2473372479681671,0.9689294534523828,-0.9689294534523828,0.2473372479681671,15.423977549357623,-75.70574006472467,10,0.3032015912885683,0.9529264373707343,-0.9529264373707343,0.3032015912885683,1.4099999999999997,-119.75],"path":"Layer 254","userEdges":[],"name":"Layer 254","uvs":[0.99345,0.88829,0.89345,0.8192,0.82512,0.58131,0.93178,0.47689,0.72512,0.41644,0.71845,0.13491,0.51345,0.09251,0.42012,0.00379,0.27345,0,0,0.0878,0.06679,0.20164,0.01179,0.25974,0.30012,0.48115,0.11687,0.59937,0.28354,0.64176,0.37187,0.68024,0.51187,0.82156,0.41521,0.95817,0.57854,0.99664,0.70187,0.87573,0.89105,0.9785,1,0.94239],"type":"mesh","transform":{},"slotPose":[1,0,0,1,0,0],"width":57,"height":121,"weights":[1,13,1,1,13,1,1,13,1,2,10,0.00039,13,0.99961,2,10,0.23871,13,0.76129,1,10,1,1,10,1,1,10,1,1,10,1,1,10,1,1,10,1,1,10,1,2,10,0.1744,13,0.8256,1,13,1,1,13,1,1,13,1,1,13,1,1,13,1,1,13,1,1,13,1,1,13,1,1,13,1]}],"name":"Layer 254"},{"display":[{"edges":[20,21,21,22,22,23,23,24,24,0,0,1,1,2,2,3,3,4,4,5,5,6,6,7,7,8,8,9,9,10,10,11,11,12,12,13,13,14,14,15,15,16,16,17,17,18,18,19,19,20],"triangles":[6,7,5,4,17,3,17,2,3,15,4,5,7,15,5,11,9,10,9,7,8,11,13,9,15,17,4,13,7,9,14,15,7,15,16,17,12,13,11,13,14,7,23,24,0,1,23,0,18,1,2,17,18,2,22,23,1,18,22,1,18,19,22,19,20,22,20,21,22],"vertices":[-12.77,-15.12,-17.75,-24.33,-13.42,-38.81,-2.39,-61.08,-7.77,-70.39,-3.82,-79.79,-6.18,-96.19,-8.53,-97.22,-4.48,-106.81,-7.4,-109.63,-4.39,-123.6,-12.75,-129,-25.34,-129,-29.86,-117.97,-45.94,-97.01,-39.27,-75.8,-41.71,-61.14,-35.01,-51.92,-36.61,-36.98,-39.72,-36.79,-46.4,-20.29,-40.85,-12.02,-33.89,-16.72,-20.35,-10,-11.9,-11.73],"bonePose":[12,-0.09584575252022388,0.995396198367179,-0.995396198367179,-0.09584575252022388,-28.002819863358617,-64.84811701807311,11,-0.188924055984121,0.9819917011209968,-0.9819917011209968,-0.188924055984121,-19.42,-109.46],"path":"Layer 252","userEdges":[],"name":"Layer 252","uvs":[0.76431,0.95698,0.65109,0.87957,0.74936,0.75792,1,0.57071,0.87754,0.49251,0.96727,0.41352,0.91386,0.2757,0.86045,0.26701,0.95231,0.18644,0.88609,0.16274,0.95445,0.04532,0.76431,0,0.47804,0,0.3755,0.09272,0.01018,0.26887,0.16186,0.44706,0.10632,0.57029,0.25848,0.64773,0.22216,0.77333,0.15166,0.77491,0,0.91357,0.12603,0.98308,0.28412,0.94359,0.59175,1,0.78402,0.98545],"type":"mesh","transform":{},"slotPose":[1,0,0,1,0,0],"width":44,"height":119,"weights":[1,12,1,1,12,1,2,11,0.00874,12,0.99126,2,11,0.42971,12,0.57029,2,11,0.76619,12,0.23381,2,11,0.97558,12,0.02442,1,11,1,1,11,1,1,11,1,1,11,1,1,11,1,1,11,1,1,11,1,1,11,1,1,11,1,2,11,0.942,12,0.058,2,11,0.23083,12,0.76917,2,11,0.00028,12,0.99972,1,12,1,1,12,1,1,12,1,1,12,1,1,12,1,1,12,1,1,12,1]}],"name":"Layer 252"},{"display":[{"path":"Layer 251","type":"image","name":"Layer 251","transform":{"y":-0.18,"x":3.03,"skX":-97.82,"skY":-97.82}}],"name":"Layer 251"},{"display":[{"edges":[0,35,35,34,34,33,33,32,32,31,31,30,30,29,29,28,28,27,27,26,26,25,25,24,24,23,23,22,22,21,21,20,20,19,19,18,18,17,17,16,16,15,15,14,14,13,13,12,12,11,11,10,10,9,9,8,8,7,7,6,6,5,5,4,4,3,3,2,2,1,1,0],"triangles":[13,12,15,13,15,14,15,17,16,15,18,17,12,18,15,23,22,12,22,21,12,21,19,18,12,21,18,28,23,12,21,20,19,10,12,11,3,5,4,10,8,12,8,28,12,27,26,28,28,26,23,9,8,10,6,28,8,30,28,6,5,32,6,32,30,6,26,25,23,3,1,5,1,32,5,25,24,23,30,29,28,1,34,32,2,1,3,1,0,34,32,31,30,34,33,32,0,35,34,6,8,7],"vertices":[8.61,-172.45,10.69,-183.58,19.61,-196,28.37,-194.29,63.98,-207.01,38.82,-181.71,41.03,-176.36,52.59,-177.64,49.66,-166.87,53.32,-173.83,56.86,-166.49,65.83,-161.46,65.51,-154.02,68.48,-164.26,74.72,-168.82,73.75,-146.42,77.61,-140.43,77.11,-136.02,69.35,-128.58,67.77,-121.07,64.42,-116.35,54.57,-122.44,48.73,-122.99,34.98,-131.79,23.7,-128.35,26.58,-140.42,30.25,-143.78,31.06,-148.34,34.41,-154.02,24.73,-152.98,24.42,-158.9,19.61,-159.15,20.25,-164.02,12.49,-161.54,11.86,-168.34,8.61,-167.62],"bonePose":[17,0.7869350219613375,0.6170358751407483,-0.6170358751407483,0.7869350219613375,21.302847939397537,-178.33198354547926,21,0.4411926236441937,0.8974124296230539,-0.8974124296230539,0.4411926236441937,42.42418392883984,-161.77074065670158],"path":"Layer 258","userEdges":[],"name":"Layer 258","uvs":[0,0.37157,0.03012,0.25184,0.15946,0.1184,0.28635,0.13668,0.80251,0,0.43787,0.27195,0.4699,0.32953,0.63744,0.31582,0.59491,0.43154,0.64796,0.3567,0.69926,0.43563,0.82931,0.48973,0.82467,0.56973,0.86757,0.45962,0.95801,0.41059,0.94409,0.65145,1,0.71596,0.99279,0.76327,0.88033,0.84327,0.85743,0.92399,0.80873,0.97474,0.66613,0.90936,0.58149,0.90334,0.38207,0.80872,0.21859,0.84571,0.26033,0.71594,0.31366,0.67981,0.32526,0.63078,0.37395,0.56971,0.23366,0.58089,0.22902,0.51723,0.15946,0.51465,0.16874,0.46218,0.05627,0.48884,0.047,0.41573,0,0.42347],"type":"mesh","transform":{},"slotPose":[1,0,0,1,0,0],"width":69,"height":93,"weights":[1,17,1,1,17,1,1,17,1,1,17,1,1,17,1,1,17,1,2,17,0.99572,21,0.00428,2,17,0.94678,21,0.05322,2,17,0.37212,21,0.62788,2,17,0.11914,21,0.88086,2,17,0.06235,21,0.93765,1,21,1,1,21,1,1,21,1,1,21,1,1,21,1,1,21,1,1,21,1,1,21,1,1,21,1,1,21,1,1,21,1,1,21,1,1,21,1,1,21,1,2,17,0.00114,21,0.99886,2,17,0.01731,21,0.98269,2,17,0.07136,21,0.92864,2,17,0.42727,21,0.57273,2,17,0.894,21,0.106,2,17,0.95686,21,0.04314,2,17,0.99341,21,0.00659,2,17,0.99895,21,0.00105,1,17,1,1,17,1,1,17,1]}],"name":"Layer 258"},{"display":[{"edges":[1,0,0,29,29,28,28,27,27,26,26,25,25,24,24,23,23,22,22,21,21,20,20,19,19,18,18,17,17,16,16,15,15,14,14,13,13,12,12,11,11,10,10,9,9,8,8,7,7,6,6,5,5,4,4,3,3,2,2,1],"triangles":[37,15,14,37,14,13,12,37,13,11,37,12,36,37,11,19,16,15,37,19,15,38,19,37,10,36,11,19,17,16,39,38,37,36,39,37,35,36,10,38,20,19,39,21,38,9,35,10,21,20,38,40,39,36,35,40,36,9,34,35,40,47,39,46,21,39,46,22,21,47,46,39,34,40,35,34,41,40,47,45,46,45,22,46,33,34,9,8,33,9,48,47,40,41,48,40,7,33,8,33,41,34,49,45,47,48,49,47,6,33,7,32,48,41,33,5,41,5,32,41,6,5,33,32,42,48,44,23,45,45,23,22,42,49,48,49,44,45,43,44,49,4,32,5,42,43,49,31,42,32,4,31,32,31,43,42,44,24,23,30,43,31,43,25,44,25,24,44,3,31,4,3,30,31,30,26,43,26,25,43,27,26,30,3,27,30,3,2,27,2,28,27,2,1,28,0,29,28,1,0,28,18,17,19],"vertices":[-111.71,-15.89,-120.37,-36.6,-120.38,-70.18,-97.34,-110.3,-43.71,-147.15,-5.35,-171.57,3.22,-186.4,23.81,-189.99,33.98,-190,50.21,-177.03,100.07,-160.52,141.65,-141.51,161.26,-123.36,165.63,-96.43,165.62,-68.84,153.02,-44.68,130.79,-16.56,92.91,-8,74.56,-8,106.76,-32.13,92.77,-33.06,66.63,-53.38,8.98,-40.3,-29.1,-28.58,-59.86,-32.27,-74.77,-54.39,-80.45,-70.23,-88.11,-70.88,-96.95,-62.83,-101.56,-8.58,-73.04,-88.16,-49.67,-123.23,-21.17,-142.61,15.03,-168.83,44.09,-155.72,64.33,-144.61,94.26,-118.68,121.5,-77.6,95.85,-53.95,73.34,-89.28,49.68,-118.35,20.89,-144.28,-25,-111.5,-56.34,-78.15,-43.51,-42.25,7.78,-63.34,51.96,-63.63,35.72,-96.41,4.93,-112.36,-7.03,-84.71],"bonePose":[22,-0.7455923201897957,0.6664023499913524,-0.6664023499913524,-0.7455923201897957,-2.295008177102444,-163.246798711896,15,0.16900546957477844,0.9856151131419448,-0.9856151131419448,0.16900546957477844,6.975904754230676,-173.02428169166336,23,0.7330179530505347,0.6802092916930818,-0.6802092916930818,0.7330179530505347,14.95846056838534,-169.66505519231777],"path":"Group 73","userEdges":[],"name":"Group 73","uvs":[0.03026,0.9565,0,0.84271,0,0.65825,0.08057,0.43785,0.26808,0.23542,0.40223,0.10127,0.4322,0.01978,0.5042,0,0.53974,0,0.59651,0.07128,0.77083,0.16202,0.91621,0.26646,0.98475,0.36627,1,0.51423,0.99998,0.66581,0.95591,0.79857,0.87816,0.95303,0.7457,1,0.68155,1,0.79416,0.86745,0.74524,0.86237,0.65386,0.75068,0.45226,0.82248,0.31911,0.88689,0.21158,0.86658,0.15944,0.74505,0.13959,0.65802,0.11283,0.65439,0.0819,0.69863,0.06575,0.99672,0.16553,0.55946,0.24725,0.36685,0.3469,0.26036,0.47345,0.1163,0.5751,0.18833,0.64585,0.2494,0.75048,0.3919,0.84573,0.61761,0.75604,0.74758,0.67732,0.55341,0.59461,0.39368,0.49396,0.25118,0.33353,0.43126,0.22391,0.61448,0.26875,0.81178,0.44812,0.69591,0.60258,0.69434,0.54578,0.51426,0.43816,0.42656,0.39631,0.57846],"type":"mesh","transform":{},"slotPose":[1,0,0,1,0,0],"width":286,"height":182,"weights":[1,22,1,1,22,1,1,22,1,1,22,1,1,22,1,2,22,0.63243,15,0.36757,3,22,0.01146,15,0.83995,23,0.14859,2,15,0.1395,23,0.8605,2,15,0.02465,23,0.97535,1,23,1,1,23,1,1,23,1,1,23,1,1,23,1,1,23,1,1,23,1,2,15,0.00001,23,0.99999,1,23,1,1,23,1,2,15,0.01905,23,0.98095,2,15,0.07233,23,0.92767,2,15,0.4184,23,0.5816,2,22,0.10239,15,0.89761,2,22,0.43569,15,0.56431,2,22,0.62507,15,0.37493,2,22,0.78145,15,0.21855,2,22,0.92586,15,0.07414,2,22,0.98438,15,0.01562,2,22,0.99969,15,0.00031,1,22,1,2,22,0.97099,15,0.02901,1,22,1,2,22,0.971,15,0.029,2,15,0.02985,23,0.97015,1,23,1,1,23,1,1,23,1,1,23,1,2,15,0.0815,23,0.9185,2,15,0.1732,23,0.8268,2,15,0.23063,23,0.76937,2,15,0.66422,23,0.33578,2,22,0.68148,15,0.31852,2,22,0.82114,15,0.17886,2,22,0.55325,15,0.44675,2,22,0.0838,15,0.9162,2,15,0.69752,23,0.30248,2,15,0.7972,23,0.2028,2,22,0.11916,15,0.88084,2,22,0.24836,15,0.75164]}],"name":"Group 73"},{"display":[{"edges":[31,32,32,33,33,34,34,35,35,36,36,37,37,38,38,39,39,40,40,0,0,1,1,2,2,3,3,4,4,5,5,6,6,7,7,8,8,9,9,10,10,11,11,12,12,13,13,14,14,15,15,16,16,17,17,18,18,19,19,20,20,21,21,22,22,23,23,24,24,25,25,26,26,27,27,28,28,29,29,30,30,31],"triangles":[9,7,8,36,37,38,26,1,2,5,26,2,5,2,3,4,5,3,39,36,38,26,0,1,9,14,7,0,39,40,14,5,7,26,28,0,0,36,39,11,14,9,14,20,5,17,20,14,35,36,0,20,26,5,13,14,11,28,35,0,20,25,26,28,29,35,20,23,25,27,28,26,16,14,15,32,34,35,32,33,34,16,17,14,29,32,35,20,22,23,19,20,17,23,24,25,30,32,29,18,19,17,20,21,22,30,31,32,7,5,6,10,11,9,13,11,12],"vertices":[10.61,-146.99,18.85,-151.17,29.33,-167.54,28.69,-186.58,21.41,-192.25,14.99,-191.08,25.26,-200.6,20.99,-203.6,24.67,-220.98,19.22,-216.91,20.08,-229,16.01,-226.54,18.57,-238,14.3,-237.99,0.92,-226.54,2.42,-238,-3.68,-236.17,-17.38,-222.69,-21.33,-232.74,-26.89,-215.19,-25.07,-208.13,-39.31,-221.4,-26.03,-183.52,-20.79,-183.1,-20.68,-173.68,-12.45,-179.56,-6.67,-178.6,-18.44,-169.73,-11.7,-150.46,-23.39,-135.9,-33.23,-131.62,-41.39,-103.91,-25.09,-116.75,-17.74,-94,-8.54,-94,0.23,-117.77,4.3,-118.53,20.25,-97.55,26.24,-128.16,19.6,-132.97,18.74,-144.21],"bonePose":[9,0.26707018676702765,-0.9636770804269577,0.9636770804269577,0.26707018676702765,-4.2299999999999995,-118.72,14,-0.008202955487521868,-0.9999663551946484,0.9999663551946484,-0.008202955487521868,3.803471217952192,-147.70740657924287,20,-0.5300672684762537,-0.8479555948810783,0.8479555948810783,-0.5300672684762537,3.5139068892426706,-183.00621891761395],"path":"Layer 255","userEdges":[],"name":"Layer 255","uvs":[0.73233,0.63199,0.84837,0.60301,0.99606,0.48932,0.98702,0.35706,0.88454,0.31768,0.79412,0.32585,0.93879,0.25972,0.87851,0.23891,0.93056,0.11821,0.8537,0.14645,0.86576,0.06248,0.80849,0.07957,0.84466,0,0.78438,0,0.596,0.07957,0.6171,0,0.5312,0.0127,0.3383,0.10632,0.28254,0.03647,0.20417,0.15833,0.22979,0.20738,0.02935,0.11524,0.21623,0.37828,0.29007,0.38125,0.29158,0.44664,0.40762,0.40577,0.489,0.41246,0.32323,0.47413,0.41817,0.60788,0.2535,0.70901,0.11485,0.73874,0,0.93119,0.22938,0.84202,0.33298,1,0.46259,1,0.58617,0.83488,0.64343,0.82968,0.86798,0.97532,0.95237,0.76281,0.85894,0.72937,0.84688,0.65135],"type":"mesh","transform":{},"slotPose":[1,0,0,1,0,0],"width":71,"height":144,"weights":[2,9,0.49769,14,0.50231,2,9,0.01131,14,0.98869,2,14,0.98006,20,0.01994,2,14,0.74709,20,0.25291,2,14,0.57772,20,0.42228,2,14,0.29255,20,0.70745,2,14,0.00412,20,0.99588,2,14,0.00225,20,0.99775,1,20,1,1,20,1,1,20,1,1,20,1,1,20,1,1,20,1,1,20,1,1,20,1,1,20,1,1,20,1,1,20,1,1,20,1,1,20,1,1,20,1,2,14,0.00369,20,0.99631,2,14,0.02264,20,0.97736,2,14,0.03759,20,0.96241,2,14,0.14067,20,0.85933,2,14,0.58885,20,0.41115,3,9,0.00326,14,0.99291,20,0.00383,2,9,0.48159,14,0.51841,2,9,0.99323,14,0.00677,1,9,1,1,9,1,1,9,1,1,9,1,1,9,1,1,9,1,1,9,1,1,9,1,1,9,1,1,9,1,2,9,0.92947,14,0.07053]}],"name":"Layer 255"}]}],"type":"Armature","name":"MknightGoldnharl","slot":[{"name":"Ellipse 14","parent":"bone19","color":{}},{"z":1,"name":"Group 73","parent":"root","color":{}},{"z":2,"name":"Layer 250","parent":"root","color":{}},{"z":3,"name":"Layer 251","parent":"bone15","color":{}},{"z":4,"displayIndex":-1,"name":"legalternate","parent":"bone20","color":{}},{"z":5,"name":"Layer 252","parent":"root","color":{}},{"z":6,"name":"Layer 253","parent":"bone12","color":{}},{"z":7,"name":"Layer 254","parent":"root","color":{}},{"z":8,"name":"Layer 255","parent":"root","color":{}},{"z":9,"name":"Layer 256","parent":"bone7","color":{}},{"z":10,"name":"Layer 258","parent":"root","color":{}},{"z":11,"displayIndex":-1,"name":"stabsmear","parent":"smears","color":{}}],"aabb":{"width":306.2808455996771,"y":-248.68560975609753,"height":258.0309430894308,"x":-124.92633333333335},"ik":[{"target":"IKLegR","bendPositive":"false","bone":"bone11","name":"IKLegR","chain":1},{"target":"IKLegL","bendPositive":"false","bone":"bone14","name":"IKLegL","chain":1},{"bendPositive":"false","bone":"bone12","name":"IKFootR","target":"IKFootR"},{"bendPositive":"false","bone":"bone15","name":"IKFootL","target":"IKFootL"}],"bone":[{"name":"root","transform":{}},{"transform":{"y":-8.66,"x":-33.57},"name":"IKFootL","parent":"root"},{"transform":{"y":-6.33,"x":32.1},"name":"IKFootR","parent":"root"},{"transform":{"y":-19.29,"x":-32.54},"name":"IKLegL","parent":"root"},{"transform":{"y":-21.69,"x":29.06},"name":"IKLegR","parent":"root"},{"length":151,"transform":{"y":-42.37,"x":-73.24,"skX":-89.46,"skY":-89.46},"parent":"root","name":"smears"},{"transform":{"y":-117.57,"x":-3.94},"name":"bone","parent":"root"},{"length":99,"transform":{"y":-108.14,"x":-14.64,"skX":104.72,"skY":104.72},"parent":"root","name":"bone20"},{"transform":{"y":-15.84,"x":0.62},"name":"bone19","parent":"root"},{"length":30,"transform":{"y":-1.15,"x":-0.29,"skX":-74.51,"skY":-74.51},"parent":"bone","name":"bone2"},{"length":46,"transform":{"y":-2.18,"x":5.35,"skX":72.35,"skY":72.35},"parent":"bone","name":"bone10"},{"length":45,"transform":{"y":8.11,"x":-15.48,"skX":100.89,"skY":100.89},"parent":"bone","name":"bone13"},{"length":44,"transform":{"x":45.43,"skX":-5.39,"skY":-5.39},"parent":"bone13","name":"bone14"},{"length":55,"transform":{"x":46.22,"skX":3.33,"skY":3.33},"parent":"bone10","name":"bone11"},{"length":35,"transform":{"x":30.08,"skX":-15.96,"skY":-15.96},"parent":"bone2","name":"bone3"},{"length":120,"transform":{"y":3.38,"x":25.29,"skX":170.74,"skY":170.74},"parent":"bone3","name":"bone16"},{"length":15,"transform":{"x":55.49,"skX":4.86,"skY":4.86},"parent":"bone11","name":"bone12"},{"length":26,"transform":{"y":17.75,"x":30.48,"skX":128.57,"skY":128.57},"parent":"bone3","name":"bone5"},{"length":29,"transform":{"y":-9.65,"x":22.3,"skX":-149.72,"skY":-149.72},"parent":"bone3","name":"bone8"},{"length":10,"transform":{"y":-0.42,"x":45.9,"skX":-0.52,"skY":-0.52},"parent":"bone14","name":"bone15"},{"length":43,"transform":{"x":35.3,"skX":-31.54,"skY":-31.54},"parent":"bone3","name":"bone4"},{"length":47,"transform":{"x":26.84,"skX":25.72,"skY":25.72},"parent":"bone5","name":"bone6"},{"length":126,"transform":{"y":10.79,"x":8.07,"skX":57.94,"skY":57.94},"parent":"bone16","name":"bone18"},{"length":168,"transform":{"y":-7.3,"x":4.66,"skX":-37.41,"skY":-37.41},"parent":"bone16","name":"bone17"},{"length":42,"transform":{"x":29.34,"skX":3.77,"skY":3.77},"parent":"bone8","name":"bone9"},{"length":220,"transform":{"y":-0.01,"x":47.42,"skX":86.15,"skY":86.15},"parent":"bone6","name":"bone7"}],"frameRate":30,"defaultActions":[{"gotoAndPlay":"Attack A"}]}],"name":"MknightGoldnharl","version":"5.0","isGlobal":0}