{"frameRate":30,"armature":[{"bone":[{"name":"root","transform":{}},{"transform":{"y":-18.42,"x":-43.03},"name":"IKFOOTL","parent":"root"},{"transform":{"y":-16.56,"x":79.54},"name":"IKFootR","parent":"root"},{"transform":{"y":-34.94,"x":-38.83},"name":"IKLEGL","parent":"root"},{"transform":{"y":-34.98,"x":69.27},"name":"RightLegIK","parent":"root"},{"transform":{"y":-11.54,"x":5.42},"name":"bone16","parent":"root"},{"transform":{"y":-135.64,"x":-1.08},"name":"bone","parent":"root"},{"length":81,"transform":{"y":-35.72,"x":15.43,"skX":69.54,"skY":69.54},"parent":"bone","name":"bone10"},{"length":67,"transform":{"y":-28.73,"x":-18.01,"skX":97.9,"skY":97.9},"parent":"bone","name":"bone13"},{"length":76,"transform":{"skX":-83.95,"skY":-83.95},"parent":"bone","name":"bone2"},{"length":65,"transform":{"x":81.76,"skX":-3.37,"skY":-3.37},"parent":"bone10","name":"bone11"},{"length":40,"transform":{"x":76.53,"skX":-15.28,"skY":-15.28},"parent":"bone2","name":"bone3"},{"length":61,"transform":{"y":-0.6,"x":69.45,"skX":2.11,"skY":2.11},"parent":"bone13","name":"bone14"},{"length":53,"transform":{"y":-36.84,"x":12.11,"skX":-151.66,"skY":-151.66},"parent":"bone3","name":"bone7"},{"length":13,"transform":{"y":0.3,"x":65.03,"skX":2.75,"skY":2.75},"parent":"bone14","name":"bone15"},{"length":34,"transform":{"x":40.85,"skX":-5.81,"skY":-5.81},"parent":"bone3","name":"bone4"},{"length":21,"transform":{"x":65.47,"skX":-4.59,"skY":-4.59},"parent":"bone11","name":"bone12"},{"length":67,"transform":{"y":42.01,"x":41.68,"skX":140.58,"skY":140.58},"parent":"bone3","name":"bone5"},{"length":64,"transform":{"y":-0.95,"x":53.54,"skX":56.96,"skY":56.96},"parent":"bone7","name":"bone8"},{"length":85,"transform":{"y":0.38,"x":67.47,"skX":43.55,"skY":43.55},"parent":"bone5","name":"bone6"},{"length":127,"transform":{"y":-0.24,"x":63.93,"skX":100.76,"skY":100.76},"parent":"bone8","name":"bone9"}],"type":"Armature","frameRate":30,"aabb":{"width":464.0057236262631,"y":-351.992080593113,"height":351.992080593113,"x":-260.4457236262631},"animation":[{"bone":[{"frame":[{"transform":{},"duration":10},{"transform":{},"duration":5},{"transform":{},"duration":2},{"transform":{},"duration":21},{"transform":{},"duration":0}],"name":"root"},{"frame":[{"curve":[0.25,0,1,0],"duration":10,"transform":{}},{"curve":[0.25,0,0,1],"duration":5,"transform":{"y":20.63,"x":13.45}},{"transform":{"y":52.35,"x":-23.19},"duration":2},{"curve":[0.25,0,0.75,1],"duration":21,"transform":{"y":52.35,"x":-23.19}},{"transform":{},"duration":0}],"name":"bone"},{"frame":[{"transform":{},"duration":10},{"curve":[0.25,0,0,1],"duration":5,"transform":{}},{"transform":{"y":-4.22,"skX":-17.61,"skY":-17.61},"duration":2},{"curve":[0.25,0,0.75,1],"duration":21,"transform":{"y":-4.22,"skX":-17.61,"skY":-17.61}},{"transform":{},"duration":0}],"name":"bone2"},{"frame":[{"curve":[0.25,0,1,0],"duration":10,"transform":{}},{"curve":[0.25,0,0,1],"duration":5,"transform":{"skX":-20.2,"skY":-20.2}},{"transform":{"skX":-29.75,"skY":-29.75},"duration":2},{"curve":[0.25,0,0.75,1],"duration":21,"transform":{"skX":-29.75,"skY":-29.75}},{"transform":{},"duration":0}],"name":"bone3"},{"frame":[{"transform":{},"duration":10},{"curve":[0.25,0,0,1],"duration":5,"transform":{}},{"transform":{"skX":24.98,"skY":24.98},"duration":2},{"curve":[0.25,0,0.75,1],"duration":21,"transform":{"skX":24.98,"skY":24.98}},{"transform":{},"duration":0}],"name":"bone4"},{"frame":[{"curve":[0.25,0,1,0],"duration":10,"transform":{}},{"curve":[0.25,0,0,1],"duration":5,"transform":{"y":7.15,"x":-8.16,"skX":132.76,"skY":132.76}},{"transform":{"y":-3.07,"x":-16.42,"skX":-319.21,"skY":-319.21},"duration":2},{"curve":[0.25,0,0.75,1],"duration":21,"transform":{"y":-3.07,"x":-16.42,"skX":-319.21,"skY":-319.21}},{"transform":{},"duration":0}],"name":"bone5"},{"frame":[{"curve":[0.25,0,1,0],"duration":10,"transform":{}},{"curve":[0.25,0,0,1],"duration":5,"transform":{"y":1.54,"x":15.4,"skX":35.66,"skY":35.66}},{"transform":{"y":28.11,"x":21.52,"skX":17.62,"skY":17.62},"duration":2},{"curve":[0.25,0,0.75,1],"duration":21,"transform":{"y":28.11,"x":21.52,"skX":17.62,"skY":17.62}},{"transform":{},"duration":0}],"name":"bone6"},{"frame":[{"curve":[0.25,0,1,0],"duration":10,"transform":{}},{"curve":[0.25,0,0,1],"duration":5,"transform":{"skX":154.32,"skY":154.32}},{"transform":{"y":9.11,"x":16.05,"skX":31.09,"skY":31.09},"duration":2},{"curve":[0.25,0,0.75,1],"duration":21,"transform":{"y":9.11,"x":16.05,"skX":31.09,"skY":31.09}},{"transform":{},"duration":0}],"name":"bone7"},{"frame":[{"curve":[0.25,0,1,0],"duration":10,"transform":{}},{"curve":[0.25,0,0,1],"duration":5,"transform":{"skX":23.27,"skY":23.27}},{"transform":{"skX":-23.52,"skY":-23.52},"duration":2},{"curve":[0.25,0,0.75,1],"duration":21,"transform":{"skX":-23.52,"skY":-23.52}},{"transform":{},"duration":0}],"name":"bone8"},{"frame":[{"curve":[0.25,0,1,0],"duration":10,"transform":{}},{"curve":[0.25,0,0,1],"duration":5,"transform":{"y":2.91,"x":-12.86,"skX":-49.66,"skY":-49.66}},{"transform":{"y":2.91,"x":-12.86,"skX":-45.31,"skY":-45.31},"duration":2},{"curve":[0.25,0,0.75,1],"duration":21,"transform":{"y":2.91,"x":-12.86,"skX":-45.31,"skY":-45.31}},{"transform":{},"duration":0}],"name":"bone9"},{"frame":[{"curve":[0.25,0,1,0],"duration":10,"transform":{}},{"transform":{"x":30.75},"duration":5},{"transform":{"x":30.75},"duration":2},{"curve":[0.25,0,0.75,1],"duration":21,"transform":{"x":30.75}},{"transform":{},"duration":0}],"name":"RightLegIK"},{"frame":[{"curve":[0.25,0,1,0],"duration":10,"transform":{"skX":1.25,"skY":1.25}},{"transform":{"skX":8.13,"skY":8.13},"duration":5},{"transform":{"skX":8.13,"skY":8.13},"duration":2},{"curve":[0.25,0,0.75,1],"duration":21,"transform":{"skX":8.13,"skY":8.13}},{"transform":{"skX":1.25,"skY":1.25},"duration":0}],"name":"bone10"},{"frame":[{"curve":[0.25,0,1,0],"duration":10,"transform":{"skX":-2.76,"skY":-2.76}},{"transform":{"skX":-41.07,"skY":-41.07},"duration":5},{"transform":{"skX":-41.07,"skY":-41.07},"duration":2},{"curve":[0.25,0,0.75,1],"duration":21,"transform":{"skX":-41.07,"skY":-41.07}},{"transform":{"skX":-2.76,"skY":-2.76},"duration":0}],"name":"bone11"},{"frame":[{"curve":[0.25,0,1,0],"duration":10,"transform":{}},{"transform":{"x":30.75},"duration":5},{"transform":{"x":30.75},"duration":2},{"curve":[0.25,0,0.75,1],"duration":21,"transform":{"x":30.75}},{"transform":{},"duration":0}],"name":"IKFootR"},{"frame":[{"curve":[0.25,0,1,0],"duration":10,"transform":{"skX":0.77,"skY":0.77}},{"transform":{"skX":32.2,"skY":32.2},"duration":5},{"transform":{"skX":32.2,"skY":32.2},"duration":2},{"curve":[0.25,0,0.75,1],"duration":21,"transform":{"skX":32.2,"skY":32.2}},{"transform":{"skX":0.77,"skY":0.77},"duration":0}],"name":"bone12"},{"frame":[{"curve":[0.25,0,1,0],"duration":10,"transform":{}},{"curve":[0.25,0,0,1],"duration":5,"transform":{"x":-28.78}},{"transform":{"x":-78.06},"duration":2},{"curve":[0.25,0,0.75,1],"duration":21,"transform":{"x":-78.06}},{"transform":{},"duration":0}],"name":"IKLEGL"},{"frame":[{"curve":[0.25,0,1,0],"duration":10,"transform":{"skX":3.66,"skY":3.66}},{"curve":[0.25,0,0,1],"duration":5,"transform":{"skX":38.4,"skY":38.4}},{"transform":{"y":18.66,"x":4.22,"skX":38.4,"skY":38.4},"duration":2},{"curve":[0.25,0,0.75,1],"duration":21,"transform":{"y":18.66,"x":4.22,"skX":38.4,"skY":38.4}},{"transform":{"skX":3.66,"skY":3.66},"duration":0}],"name":"bone13"},{"frame":[{"curve":[0.25,0,1,0],"duration":10,"transform":{"skX":-7.7,"skY":-7.7}},{"transform":{"skX":-37.02,"skY":-37.02},"duration":5},{"transform":{"skX":-37.02,"skY":-37.02},"duration":2},{"curve":[0.25,0,0.75,1],"duration":21,"transform":{"skX":-37.02,"skY":-37.02}},{"transform":{"skX":-7.7,"skY":-7.7},"duration":0}],"name":"bone14"},{"frame":[{"curve":[0.25,0,1,0],"duration":10,"transform":{}},{"curve":[0.25,0,0,1],"duration":5,"transform":{"x":-27.46}},{"transform":{"x":-78.35},"duration":2},{"curve":[0.25,0,0.75,1],"duration":21,"transform":{"x":-78.35}},{"transform":{},"duration":0}],"name":"IKFOOTL"},{"frame":[{"curve":[0.25,0,1,0],"duration":10,"transform":{"skX":6.37,"skY":6.37}},{"transform":{"skX":-5.91,"skY":-5.91},"duration":5},{"transform":{"skX":-5.91,"skY":-5.91},"duration":2},{"curve":[0.25,0,0.75,1],"duration":21,"transform":{"skX":-5.91,"skY":-5.91}},{"transform":{"skX":6.37,"skY":6.37},"duration":0}],"name":"bone15"},{"frame":[{"curve":[0.25,0,1,0],"duration":10,"transform":{}},{"curve":[0.25,0,0,1],"duration":5,"transform":{"scX":1.2}},{"transform":{"scX":1.38},"duration":2},{"curve":[0.25,0,0.75,1],"duration":21,"transform":{"scX":1.38}},{"transform":{},"duration":0}],"name":"bone16"}],"frame":[],"ffd":[{"frame":[{"offset":0,"curve":[0.25,0,1,0],"vertices":[],"duration":10},{"offset":78,"curve":[0.25,0,0,1],"vertices":[-5.62,0.44,-7.7,0,0,0,0,0,0,0,-18.01,-12.59,-13.89,-12.59,-11.27,-4.57,-12.79,-7.4,-16.01,-0.45,-6.88,-2.09,0,0,0,0,0,0,0,0,0,0,0,0,0,0,0,0,0,0,0,0,0,0,0,0,0,0,0,0,0,0,0,0,0,0,0,0,0,0,0,0,0,0,0,0,0,0,0,0,0,0,0,0,0,0,0,0,0,0,0,0,0,0],"duration":5},{"tweenEasing":null,"offset":78,"vertices":[-5.62,0.44,-7.7,0,0,0,0,0,0,0,-1.99,-10.82,-1.15,-6,-1.78,-1.93,-4.56,-8.08,-4.53,6,0.83,1.59,0,0,0,0,0,0,0,0,0,0,0,0,0,0,0,0,0,0,0,0,0,0,0,0,0,0,0,0,0,0,0,0,0,0,0,0,0,0,0,0,0,0,0,0,0,0,0,0,0,0,0,0,0,0,0,0,0,0,0,0,0,0],"duration":2},{"offset":78,"curve":[0.25,0,0.75,1],"vertices":[-5.62,0.44,-7.7,0,0,0,0,0,0,0,-1.99,-10.82,-1.15,-6,-1.78,-1.93,-4.56,-8.08,-4.53,6,0.83,1.59,0,0,0,0,0,0,0,0,0,0,0,0,0,0,0,0,0,0,0,0,0,0,0,0,0,0,0,0,0,0,0,0,0,0,0,0,0,0,0,0,0,0,0,0,0,0,0,0,0,0,0,0,0,0,0,0,0,0,0,0,0,0],"duration":21},{"tweenEasing":null,"offset":0,"vertices":[],"duration":0}],"scale":1,"skin":"","slot":"Layer 227","offset":0,"name":"Layer 227"}],"slot":[],"duration":38,"name":"Attack A","ik":[]},{"bone":[{"frame":[{"transform":{},"duration":10},{"transform":{},"duration":5},{"transform":{},"duration":5},{"transform":{},"duration":19},{"transform":{},"duration":0}],"name":"root"},{"frame":[{"curve":[0.25,0,1,0],"duration":10,"transform":{}},{"curve":[0.25,0,0,1],"duration":5,"transform":{"y":20.63,"x":13.45}},{"transform":{"y":20.51,"x":2.95},"duration":5},{"curve":[0.25,0,0.75,1],"duration":19,"transform":{"y":20.51,"x":2.95}},{"transform":{},"duration":0}],"name":"bone"},{"frame":[{"transform":{},"duration":10},{"curve":[0.25,0,0,1],"duration":5,"transform":{}},{"transform":{"y":-0.84,"x":10.55,"skX":-3.82,"skY":-3.82},"duration":5},{"curve":[0.25,0,0.75,1],"duration":19,"transform":{"y":-0.84,"x":10.55,"skX":-3.82,"skY":-3.82}},{"transform":{},"duration":0}],"name":"bone2"},{"frame":[{"curve":[0.25,0,1,0],"duration":10,"transform":{}},{"curve":[0.25,0,0,1],"duration":5,"transform":{"skX":-20.2,"skY":-20.2}},{"transform":{"skX":1.74,"skY":1.74},"duration":5},{"curve":[0.25,0,0.75,1],"duration":19,"transform":{"skX":1.74,"skY":1.74}},{"transform":{},"duration":0}],"name":"bone3"},{"frame":[{"transform":{},"duration":10},{"curve":[0.25,0,0,1],"duration":5,"transform":{}},{"transform":{"skX":24.98,"skY":24.98},"duration":5},{"curve":[0.25,0,0.75,1],"duration":19,"transform":{"skX":24.98,"skY":24.98}},{"transform":{},"duration":0}],"name":"bone4"},{"frame":[{"curve":[0.25,0,1,0],"duration":10,"transform":{}},{"curve":[0.25,0,0,1],"duration":5,"transform":{"y":-14.66,"x":0.91,"skX":-313.14,"skY":-313.14}},{"transform":{"y":-3.07,"x":-16.42,"skX":-317.46,"skY":-317.46},"duration":5},{"curve":[0.25,0,0.75,1],"duration":19,"transform":{"y":-3.07,"x":-16.42,"skX":-317.46,"skY":-317.46}},{"transform":{},"duration":0}],"name":"bone5"},{"frame":[{"curve":[0.25,0,1,0],"duration":10,"transform":{}},{"curve":[0.25,0,0,1],"duration":5,"transform":{"y":1.54,"x":15.4,"skX":35.66,"skY":35.66}},{"transform":{"y":28.11,"x":21.52,"skX":65.07,"skY":65.07},"duration":5},{"curve":[0.25,0,0.75,1],"duration":19,"transform":{"y":28.11,"x":21.52,"skX":65.07,"skY":65.07}},{"transform":{},"duration":0}],"name":"bone6"},{"frame":[{"curve":[0.25,0,1,0],"duration":10,"transform":{}},{"curve":[0.25,0,0,1],"duration":5,"transform":{"y":25.5,"x":6.08,"skX":66.7,"skY":66.7}},{"transform":{"y":9.11,"x":16.05,"skX":137.27,"skY":137.27},"duration":5},{"curve":[0.25,0,0.75,1],"duration":19,"transform":{"y":9.11,"x":16.05,"skX":137.27,"skY":137.27}},{"transform":{},"duration":0}],"name":"bone7"},{"frame":[{"curve":[0.25,0,1,0],"duration":10,"transform":{}},{"curve":[0.25,0,0,1],"duration":5,"transform":{"skX":23.27,"skY":23.27}},{"transform":{"skX":-23.52,"skY":-23.52},"duration":5},{"curve":[0.25,0,0.75,1],"duration":19,"transform":{"skX":-23.52,"skY":-23.52}},{"transform":{},"duration":0}],"name":"bone8"},{"frame":[{"curve":[0.25,0,1,0],"duration":10,"transform":{}},{"curve":[0.25,0,0,1],"duration":5,"transform":{"y":2.91,"x":-12.86,"skX":-93.28,"skY":-93.28}},{"transform":{"y":2.91,"x":-12.86,"skX":-45.31,"skY":-45.31},"duration":5},{"curve":[0.25,0,0.75,1],"duration":19,"transform":{"y":2.91,"x":-12.86,"skX":-45.31,"skY":-45.31}},{"transform":{},"duration":0}],"name":"bone9"},{"frame":[{"curve":[0.25,0,1,0],"duration":10,"transform":{}},{"transform":{"x":30.75},"duration":5},{"transform":{"x":30.75},"duration":5},{"curve":[0.25,0,0.75,1],"duration":19,"transform":{"x":30.75}},{"transform":{},"duration":0}],"name":"RightLegIK"},{"frame":[{"curve":[0.25,0,1,0],"duration":10,"transform":{"skX":1.25,"skY":1.25}},{"transform":{"skX":8.13,"skY":8.13},"duration":5},{"transform":{"skX":8.13,"skY":8.13},"duration":5},{"curve":[0.25,0,0.75,1],"duration":19,"transform":{"skX":8.13,"skY":8.13}},{"transform":{"skX":1.25,"skY":1.25},"duration":0}],"name":"bone10"},{"frame":[{"curve":[0.25,0,1,0],"duration":10,"transform":{"skX":-2.76,"skY":-2.76}},{"transform":{"skX":-41.07,"skY":-41.07},"duration":5},{"transform":{"skX":-41.07,"skY":-41.07},"duration":5},{"curve":[0.25,0,0.75,1],"duration":19,"transform":{"skX":-41.07,"skY":-41.07}},{"transform":{"skX":-2.76,"skY":-2.76},"duration":0}],"name":"bone11"},{"frame":[{"curve":[0.25,0,1,0],"duration":10,"transform":{}},{"transform":{"x":30.75},"duration":5},{"transform":{"x":30.75},"duration":5},{"curve":[0.25,0,0.75,1],"duration":19,"transform":{"x":30.75}},{"transform":{},"duration":0}],"name":"IKFootR"},{"frame":[{"curve":[0.25,0,1,0],"duration":10,"transform":{"skX":0.77,"skY":0.77}},{"transform":{"skX":32.2,"skY":32.2},"duration":5},{"transform":{"skX":32.2,"skY":32.2},"duration":5},{"curve":[0.25,0,0.75,1],"duration":19,"transform":{"skX":32.2,"skY":32.2}},{"transform":{"skX":0.77,"skY":0.77},"duration":0}],"name":"bone12"},{"frame":[{"curve":[0.25,0,1,0],"duration":10,"transform":{}},{"curve":[0.25,0,0,1],"duration":5,"transform":{"x":-28.78}},{"transform":{"x":-46.78},"duration":5},{"curve":[0.25,0,0.75,1],"duration":19,"transform":{"x":-46.78}},{"transform":{},"duration":0}],"name":"IKLEGL"},{"frame":[{"curve":[0.25,0,1,0],"duration":10,"transform":{"skX":3.66,"skY":3.66}},{"curve":[0.25,0,0,1],"duration":5,"transform":{"skX":38.4,"skY":38.4}},{"transform":{"y":18.66,"x":4.22,"skX":38.4,"skY":38.4},"duration":5},{"curve":[0.25,0,0.75,1],"duration":19,"transform":{"y":18.66,"x":4.22,"skX":38.4,"skY":38.4}},{"transform":{"skX":3.66,"skY":3.66},"duration":0}],"name":"bone13"},{"frame":[{"curve":[0.25,0,1,0],"duration":10,"transform":{"skX":-7.7,"skY":-7.7}},{"transform":{"skX":-37.02,"skY":-37.02},"duration":5},{"transform":{"skX":-37.02,"skY":-37.02},"duration":5},{"curve":[0.25,0,0.75,1],"duration":19,"transform":{"skX":-37.02,"skY":-37.02}},{"transform":{"skX":-7.7,"skY":-7.7},"duration":0}],"name":"bone14"},{"frame":[{"curve":[0.25,0,1,0],"duration":10,"transform":{}},{"curve":[0.25,0,0,1],"duration":5,"transform":{"x":-27.46}},{"transform":{"x":-47.39},"duration":5},{"curve":[0.25,0,0.75,1],"duration":19,"transform":{"x":-47.39}},{"transform":{},"duration":0}],"name":"IKFOOTL"},{"frame":[{"curve":[0.25,0,1,0],"duration":10,"transform":{"skX":6.37,"skY":6.37}},{"transform":{"skX":-5.91,"skY":-5.91},"duration":5},{"transform":{"skX":-5.91,"skY":-5.91},"duration":5},{"curve":[0.25,0,0.75,1],"duration":19,"transform":{"skX":-5.91,"skY":-5.91}},{"transform":{"skX":6.37,"skY":6.37},"duration":0}],"name":"bone15"},{"frame":[{"curve":[0.25,0,1,0],"duration":10,"transform":{}},{"curve":[0.25,0,0,1],"duration":5,"transform":{"scX":1.2}},{"transform":{"scX":1.38},"duration":5},{"curve":[0.25,0,0.75,1],"duration":19,"transform":{"scX":1.38}},{"transform":{},"duration":0}],"name":"bone16"}],"frame":[],"ffd":[{"frame":[{"offset":0,"curve":[0.25,0,1,0],"vertices":[],"duration":10},{"offset":78,"curve":[0.25,0,0,1],"vertices":[-5.62,0.44,-7.7,0,0,0,0,0,0,0,-18.01,-12.59,-13.89,-12.59,-11.27,-4.57,-12.79,-7.4,-16.01,-0.45,-6.88,-2.09,0,0,0,0,0,0,0,0,0,0,0,0,0,0,0,0,0,0,0,0,0,0,0,0,0,0,0,0,0,0,0,0,0,0,0,0,0,0,0,0,0,0,0,0,0,0,0,0,0,0,0,0,0,0,0,0,0,0,0,0,0,0],"duration":5},{"tweenEasing":null,"offset":78,"vertices":[-5.62,0.44,-7.7,0,0,0,0,0,0,0,-6.37,-23.47,3.08,-24.11,1.96,-12.33,1.8,-16.21,0.84,-1.35,0.83,1.59,0,0,0,0,0,0,0,0,0,0,0,0,0,0,0,0,0,0,0,0,0,0,0,0,0,0,0,0,0,0,0,0,0,0,0,0,0,0,0,0,0,0,0,0,0,0,0,0,0,0,0,0,0,0,0,0,0,0,0,0,0,0],"duration":5},{"offset":78,"curve":[0.25,0,0.75,1],"vertices":[-5.62,0.44,-7.7,0,0,0,0,0,0,0,-6.37,-23.47,3.08,-24.11,1.96,-12.33,1.8,-16.21,0.84,-1.35,0.83,1.59,0,0,0,0,0,0,0,0,0,0,0,0,0,0,0,0,0,0,0,0,0,0,0,0,0,0,0,0,0,0,0,0,0,0,0,0,0,0,0,0,0,0,0,0,0,0,0,0,0,0,0,0,0,0,0,0,0,0,0,0,0,0],"duration":19},{"tweenEasing":null,"offset":0,"vertices":[],"duration":0}],"scale":1,"skin":"","slot":"Layer 227","offset":0,"name":"Layer 227"}],"slot":[],"duration":39,"name":"Attack B","ik":[]},{"bone":[{"frame":[{"transform":{},"duration":10},{"transform":{},"duration":5},{"curve":[0.25,0,0,1],"duration":5,"transform":{}},{"transform":{"x":-64.61},"duration":3},{"transform":{"x":-64.61},"duration":7},{"curve":[0.25,0,0.75,1],"duration":8,"transform":{"x":-64.61}},{"transform":{},"duration":12},{"transform":{},"duration":0}],"name":"root"},{"frame":[{"curve":[0.25,0,1,0],"duration":10,"transform":{}},{"curve":[0.25,0,0,1],"duration":5,"transform":{"y":20.63,"x":13.45}},{"curve":[0.25,0,0,1],"duration":5,"transform":{"y":-102.94,"x":-117.35}},{"transform":{"y":47.52,"x":-136.38},"duration":3},{"curve":[0.25,0,0.761,0.42],"duration":7,"transform":{"y":47.52,"x":-136.38}},{"curve":[0.25,0,0.75,1],"duration":8,"transform":{"y":-27.18,"x":-30.31}},{"curve":[0.25,0,0.75,1],"duration":12,"transform":{"y":26.78,"x":11.72}},{"transform":{},"duration":0}],"name":"bone"},{"frame":[{"transform":{},"duration":10},{"curve":[0.25,0,0,1],"duration":5,"transform":{}},{"transform":{"y":-4.22,"skX":-17.61,"skY":-17.61},"duration":5},{"transform":{"y":-4.22,"skX":-17.61,"skY":-17.61},"duration":3},{"transform":{"y":-4.22,"skX":-17.61,"skY":-17.61},"duration":7},{"curve":[0.25,0,0.75,1],"duration":8,"transform":{"y":-4.22,"skX":-17.61,"skY":-17.61}},{"transform":{},"duration":12},{"transform":{},"duration":0}],"name":"bone2"},{"frame":[{"curve":[0.25,0,1,0],"duration":10,"transform":{}},{"curve":[0.25,0,0,1],"duration":5,"transform":{"skX":-20.2,"skY":-20.2}},{"curve":[0.25,0,0,1],"duration":5,"transform":{"skX":47.77,"skY":47.77}},{"transform":{"skX":-12.76,"skY":-12.76},"duration":3},{"transform":{"skX":-12.76,"skY":-12.76},"duration":7},{"curve":[0.25,0,0.75,1],"duration":8,"transform":{"skX":-12.76,"skY":-12.76}},{"curve":[0.25,0,0.75,1],"duration":12,"transform":{"skX":-14.97,"skY":-14.97}},{"transform":{},"duration":0}],"name":"bone3"},{"frame":[{"transform":{},"duration":10},{"curve":[0.25,0,0,1],"duration":5,"transform":{}},{"curve":[0.25,0,0,1],"duration":5,"transform":{"skX":-36.26,"skY":-36.26}},{"transform":{"skX":8.33,"skY":8.33},"duration":3},{"transform":{"skX":8.33,"skY":8.33},"duration":7},{"curve":[0.25,0,0.75,1],"duration":8,"transform":{"skX":8.33,"skY":8.33}},{"transform":{},"duration":12},{"transform":{},"duration":0}],"name":"bone4"},{"frame":[{"curve":[0.25,0,1,0],"duration":10,"transform":{}},{"curve":[0.25,0,0,1],"duration":5,"transform":{"y":7.15,"x":-8.16,"skX":10.32,"skY":10.32}},{"curve":[0.25,0,0,1],"duration":5,"transform":{"y":2.38,"x":5.84,"skX":-290.1,"skY":-290.1}},{"transform":{"y":2.38,"x":5.84,"skX":-316.12,"skY":-316.12},"duration":3},{"curve":[0.25,0,0.761,0.42],"duration":7,"transform":{"y":2.38,"x":5.84,"skX":-316.12,"skY":-316.12}},{"curve":[0.25,0,0.75,1],"duration":8,"transform":{"y":2.38,"x":5.84,"skX":-300.16,"skY":-300.16}},{"curve":[0.25,0,0.75,1],"duration":12,"transform":{"skX":-16.92,"skY":-16.92}},{"transform":{},"duration":0}],"name":"bone5"},{"frame":[{"curve":[0.25,0,1,0],"duration":10,"transform":{}},{"curve":[0.25,0,0,1],"duration":5,"transform":{"y":1.54,"x":15.4,"skX":35.66,"skY":35.66}},{"curve":[0.25,0,0,1],"duration":5,"transform":{"y":28.11,"x":21.52,"skX":50.29,"skY":50.29}},{"transform":{"y":28.11,"x":21.52,"skX":51.81,"skY":51.81},"duration":3},{"transform":{"y":28.11,"x":21.52,"skX":51.81,"skY":51.81},"duration":7},{"curve":[0.25,0,0.75,1],"duration":8,"transform":{"y":28.11,"x":21.52,"skX":51.81,"skY":51.81}},{"transform":{},"duration":12},{"transform":{},"duration":0}],"name":"bone6"},{"frame":[{"curve":[0.25,0,1,0],"duration":10,"transform":{}},{"curve":[0.25,0,0,1],"duration":5,"transform":{"skX":-0.21,"skY":-0.21}},{"curve":[0.25,0,0,1],"duration":5,"transform":{"y":9.11,"x":16.05,"skX":116.49,"skY":116.49}},{"transform":{"y":9.11,"x":16.05,"skX":42.48,"skY":42.48},"duration":3},{"curve":[0.25,0,0.761,0.42],"duration":7,"transform":{"y":9.11,"x":16.05,"skX":42.48,"skY":42.48}},{"curve":[0.25,0,0.75,1],"duration":8,"transform":{"y":9.11,"x":16.05,"skX":77.73,"skY":77.73}},{"transform":{},"duration":12},{"transform":{},"duration":0}],"name":"bone7"},{"frame":[{"curve":[0.25,0,1,0],"duration":10,"transform":{}},{"curve":[0.25,0,0,1],"duration":5,"transform":{"skX":23.27,"skY":23.27}},{"transform":{"skX":8.11,"skY":8.11},"duration":5},{"transform":{"skX":8.11,"skY":8.11},"duration":3},{"transform":{"skX":8.11,"skY":8.11},"duration":7},{"curve":[0.25,0,0.75,1],"duration":8,"transform":{"skX":8.11,"skY":8.11}},{"transform":{},"duration":12},{"transform":{},"duration":0}],"name":"bone8"},{"frame":[{"curve":[0.25,0,1,0],"duration":10,"transform":{}},{"curve":[0.25,0,0,1],"duration":5,"transform":{"y":2.91,"x":-12.86,"skX":-49.66,"skY":-49.66}},{"transform":{"y":2.91,"x":-12.86,"skX":-93.78,"skY":-93.78},"duration":5},{"transform":{"y":2.91,"x":-12.86,"skX":-93.78,"skY":-93.78},"duration":3},{"transform":{"y":2.91,"x":-12.86,"skX":-93.78,"skY":-93.78},"duration":7},{"curve":[0.25,0,0.75,1],"duration":8,"transform":{"y":2.91,"x":-12.86,"skX":-93.78,"skY":-93.78}},{"curve":[0.25,0,0.75,1],"duration":12,"transform":{"skX":-43.26,"skY":-43.26}},{"transform":{},"duration":0}],"name":"bone9"},{"frame":[{"curve":[0.25,0,1,0],"duration":10,"transform":{}},{"curve":[0.25,0,0,1],"duration":5,"transform":{"x":30.75}},{"curve":[0.25,0,0,1],"duration":5,"transform":{"x":-57.27}},{"transform":{"x":-108.13},"duration":3},{"curve":[0.25,0,0.761,0.42],"duration":7,"transform":{"x":-108.13}},{"curve":[0.25,0,0.75,1],"duration":8,"transform":{"y":11.2,"x":-155.94}},{"curve":[0.25,0,0.75,1],"duration":12,"transform":{"y":9.49,"x":20.09}},{"transform":{},"duration":0}],"name":"RightLegIK"},{"frame":[{"curve":[0.25,0,1,0],"duration":10,"transform":{"skX":1.25,"skY":1.25}},{"transform":{"skX":8.13,"skY":8.13},"duration":5},{"transform":{"skX":8.13,"skY":8.13},"duration":5},{"transform":{"skX":8.13,"skY":8.13},"duration":3},{"transform":{"skX":8.13,"skY":8.13},"duration":7},{"curve":[0.25,0,0.75,1],"duration":8,"transform":{"skX":8.13,"skY":8.13}},{"transform":{"skX":1.25,"skY":1.25},"duration":12},{"transform":{"skX":1.25,"skY":1.25},"duration":0}],"name":"bone10"},{"frame":[{"curve":[0.25,0,1,0],"duration":10,"transform":{"skX":-2.76,"skY":-2.76}},{"transform":{"skX":-41.07,"skY":-41.07},"duration":5},{"transform":{"skX":-41.07,"skY":-41.07},"duration":5},{"transform":{"skX":-41.07,"skY":-41.07},"duration":3},{"transform":{"skX":-41.07,"skY":-41.07},"duration":7},{"curve":[0.25,0,0.75,1],"duration":8,"transform":{"skX":-41.07,"skY":-41.07}},{"transform":{"skX":-2.76,"skY":-2.76},"duration":12},{"transform":{"skX":-2.76,"skY":-2.76},"duration":0}],"name":"bone11"},{"frame":[{"curve":[0.25,0,1,0],"duration":10,"transform":{}},{"curve":[0.25,0,0,1],"duration":5,"transform":{"x":30.75}},{"transform":{"x":-101.61},"duration":5},{"transform":{"x":-101.61},"duration":3},{"curve":[0.25,0,0.761,0.42],"duration":7,"transform":{"x":-101.61}},{"curve":[0.25,0,0.75,1],"duration":8,"transform":{"x":-162.86}},{"curve":[0.25,0,0.75,1],"duration":12,"transform":{"x":13.95}},{"transform":{},"duration":0}],"name":"IKFootR"},{"frame":[{"curve":[0.25,0,1,0],"duration":10,"transform":{"skX":0.77,"skY":0.77}},{"transform":{"skX":32.2,"skY":32.2},"duration":5},{"transform":{"skX":32.2,"skY":32.2},"duration":5},{"transform":{"skX":32.2,"skY":32.2},"duration":3},{"transform":{"skX":32.2,"skY":32.2},"duration":7},{"curve":[0.25,0,0.75,1],"duration":8,"transform":{"skX":32.2,"skY":32.2}},{"transform":{"skX":0.77,"skY":0.77},"duration":12},{"transform":{"skX":0.77,"skY":0.77},"duration":0}],"name":"bone12"},{"frame":[{"curve":[0.25,0,1,0],"duration":10,"transform":{}},{"curve":[0.25,0,0,1],"duration":5,"transform":{"x":-28.78}},{"curve":[0.25,0,0,1],"duration":5,"transform":{"y":-130.51,"x":-125.14}},{"transform":{"y":10.91,"x":-207.84},"duration":3},{"curve":[0.25,0,0.761,0.42],"duration":7,"transform":{"y":10.91,"x":-207.84}},{"curve":[0.25,0,0.75,1],"duration":8,"transform":{"y":-67.53,"x":-71.14}},{"curve":[0.25,0,0.75,1],"duration":12,"transform":{"x":-24.55}},{"transform":{},"duration":0}],"name":"IKLEGL"},{"frame":[{"curve":[0.25,0,1,0],"duration":10,"transform":{"skX":3.66,"skY":3.66}},{"curve":[0.25,0,0,1],"duration":5,"transform":{"skX":38.4,"skY":38.4}},{"transform":{"y":18.66,"x":4.22,"skX":38.4,"skY":38.4},"duration":5},{"transform":{"y":18.66,"x":4.22,"skX":38.4,"skY":38.4},"duration":3},{"transform":{"y":18.66,"x":4.22,"skX":38.4,"skY":38.4},"duration":7},{"curve":[0.25,0,0.75,1],"duration":8,"transform":{"y":18.66,"x":4.22,"skX":38.4,"skY":38.4}},{"transform":{"skX":3.66,"skY":3.66},"duration":12},{"transform":{"skX":3.66,"skY":3.66},"duration":0}],"name":"bone13"},{"frame":[{"curve":[0.25,0,1,0],"duration":10,"transform":{"skX":-7.7,"skY":-7.7}},{"transform":{"skX":-37.02,"skY":-37.02},"duration":5},{"transform":{"skX":-37.02,"skY":-37.02},"duration":5},{"transform":{"skX":-37.02,"skY":-37.02},"duration":3},{"transform":{"skX":-37.02,"skY":-37.02},"duration":7},{"curve":[0.25,0,0.75,1],"duration":8,"transform":{"skX":-37.02,"skY":-37.02}},{"transform":{"skX":-7.7,"skY":-7.7},"duration":12},{"transform":{"skX":-7.7,"skY":-7.7},"duration":0}],"name":"bone14"},{"frame":[{"curve":[0.25,0,1,0],"duration":10,"transform":{}},{"curve":[0.25,0,0,1],"duration":5,"transform":{"x":-27.46}},{"curve":[0.25,0,0,1],"duration":5,"transform":{"x":-78.35}},{"transform":{"y":22.32,"x":-212.63},"duration":3},{"curve":[0.25,0,0.761,0.42],"duration":7,"transform":{"y":22.32,"x":-212.63}},{"curve":[0.25,0,0.75,1],"duration":8,"transform":{"y":-58.35,"x":-61.74}},{"curve":[0.25,0,0.75,1],"duration":12,"transform":{"x":-22.88}},{"transform":{},"duration":0}],"name":"IKFOOTL"},{"frame":[{"curve":[0.25,0,1,0],"duration":10,"transform":{"skX":6.37,"skY":6.37}},{"transform":{"skX":-5.91,"skY":-5.91},"duration":5},{"transform":{"skX":-5.91,"skY":-5.91},"duration":5},{"transform":{"skX":-5.91,"skY":-5.91},"duration":3},{"transform":{"skX":-5.91,"skY":-5.91},"duration":7},{"curve":[0.25,0,0.75,1],"duration":8,"transform":{"skX":-5.91,"skY":-5.91}},{"transform":{"skX":6.37,"skY":6.37},"duration":12},{"transform":{"skX":6.37,"skY":6.37},"duration":0}],"name":"bone15"},{"frame":[{"curve":[0.25,0,1,0],"duration":10,"transform":{}},{"curve":[0.25,0,0,1],"duration":5,"transform":{"scX":1.2}},{"curve":[0.25,0,0,1],"duration":5,"transform":{"x":-38.87,"scX":0.98}},{"transform":{"x":-169.9,"scX":1.3},"duration":3},{"curve":[0.25,0,0.761,0.42],"duration":7,"transform":{"x":-169.9,"scX":1.3}},{"curve":[0.25,0,0.75,1],"duration":8,"transform":{"x":-127.74,"scX":0.94}},{"curve":[0.25,0,0.75,1],"duration":12,"transform":{"scX":1.28}},{"transform":{},"duration":0}],"name":"bone16"}],"frame":[],"ffd":[{"frame":[{"offset":0,"curve":[0.25,0,1,0],"vertices":[],"duration":10},{"offset":78,"curve":[0.25,0,0,1],"vertices":[-5.62,0.44,-7.7,0,0,0,0,0,0,0,-18.01,-12.59,-13.89,-12.59,-11.27,-4.57,-12.79,-7.4,-16.01,-0.45,-6.88,-2.09,0,0,0,0,0,0,0,0,0,0,0,0,0,0,0,0,0,0,0,0,0,0,0,0,0,0,0,0,0,0,0,0,0,0,0,0,0,0,0,0,0,0,0,0,0,0,0,0,0,0,0,0,0,0,0,0,0,0,0,0,0,0],"duration":5},{"offset":78,"curve":[0.25,0,0,1],"vertices":[-5.62,0.44,-7.7,0,0,0,0,0,0,0,-7.49,-23.94,-1.51,-24.87,0.6,-9.92,0.52,-15.28,-2.26,1.92,0.85,-1.83,0,0,0,0,0,0,0,0,0,0,0,0,0,0,0,0,0,0,0,0,0,0,0,0,0,0,0,0,0,0,0,0,0,0,0,0,0,0,0,0,0,0,0,0,0,0,0,0,0,0,0,0,0,0,0,0,0,0,0,0,0,0],"duration":5},{"tweenEasing":null,"offset":78,"vertices":[-5.62,0.44,-7.7,0,0,0,0,0,0,0,0.44,-48.41,9.11,-46.64,7.29,-36.13,14.07,-33.49,8.2,-10.5,3.08,-7.35,6.28,-4.62,0,0,0,0,0,0,0,0,0,0,0,0,0,0,0,0,0,0,0,0,0,0,0,0,0,0,0,0,0,0,0,0,0,0,0,0,0,0,0,0,0,0,0,0,0,0,0,0,0,0,0,0,0,0,0,0,0,0,0,0],"duration":3},{"tweenEasing":null,"offset":78,"vertices":[-5.62,0.44,-7.7,0,0,0,0,0,0,0,0.44,-48.41,9.11,-46.64,7.29,-36.13,14.07,-33.49,8.2,-10.5,3.08,-7.35,6.28,-4.62,0,0,0,0,0,0,0,0,0,0,0,0,0,0,0,0,0,0,0,0,0,0,0,0,0,0,0,0,0,0,0,0,0,0,0,0,0,0,0,0,0,0,0,0,0,0,0,0,0,0,0,0,0,0,0,0,0,0,0,0],"duration":7},{"offset":78,"curve":[0.25,0,0.75,1],"vertices":[-5.62,0.44,-7.7,0,0,0,0,0,0,0,0.44,-48.41,9.11,-46.64,7.29,-36.13,14.07,-33.49,8.2,-10.5,3.08,-7.35,6.28,-4.62,0,0,0,0,0,0,0,0,0,0,0,0,0,0,0,0,0,0,0,0,0,0,0,0,0,0,0,0,0,0,0,0,0,0,0,0,0,0,0,0,0,0,0,0,0,0,0,0,0,0,0,0,0,0,0,0,0,0,0,0],"duration":8},{"offset":76,"curve":[0.25,0,0.75,1],"vertices":[-5.66,-1.42,-6.37,-0.53,-12.04,7.96,0,0,0,0,0,0,-20.41,-17.06,-11.41,-12.64,-11.76,-7.89,-11.46,-12.63,-4.9,-0.58,-3.53,-0.05,0,0,0,0,0,0,0,0,0,0,0,0,0,0,0,0,0,0,0,0,0,0,0,0,0,0,0,0,0,0,0,0,0,0,0,0,0,0,0,0,0,0,0,0,0,0,0,0,0,0,0,0,0,0,0,0,0,0,0,0,0,0],"duration":12},{"tweenEasing":null,"offset":0,"vertices":[],"duration":0}],"scale":1,"skin":"","slot":"Layer 227","offset":0,"name":"Layer 227"}],"slot":[],"duration":50,"name":"Attack C","ik":[]},{"bone":[{"frame":[{"transform":{},"duration":10},{"transform":{},"duration":20},{"transform":{},"duration":0}],"name":"root"},{"frame":[{"curve":[0.25,0,0,1],"duration":10,"transform":{}},{"curve":[0.25,0,0.75,1],"duration":20,"transform":{"y":10.19,"x":26.19}},{"transform":{},"duration":0}],"name":"bone"},{"frame":[{"transform":{},"duration":10},{"transform":{},"duration":20},{"transform":{},"duration":0}],"name":"bone2"},{"frame":[{"curve":[0.25,0,0,1],"duration":10,"transform":{}},{"curve":[0.25,0,0.75,1],"duration":20,"transform":{"skX":-13.98,"skY":-13.98}},{"transform":{},"duration":0}],"name":"bone3"},{"frame":[{"transform":{},"duration":10},{"transform":{},"duration":20},{"transform":{},"duration":0}],"name":"bone4"},{"frame":[{"transform":{},"duration":10},{"transform":{},"duration":20},{"transform":{},"duration":0}],"name":"bone5"},{"frame":[{"transform":{},"duration":10},{"transform":{},"duration":20},{"transform":{},"duration":0}],"name":"bone6"},{"frame":[{"curve":[0.25,0,0,1],"duration":10,"transform":{}},{"curve":[0.25,0,0.75,1],"duration":20,"transform":{"y":5.35,"x":12.48,"skX":-14.4,"skY":-14.4}},{"transform":{},"duration":0}],"name":"bone7"},{"frame":[{"transform":{},"duration":10},{"transform":{},"duration":20},{"transform":{},"duration":0}],"name":"bone8"},{"frame":[{"curve":[0.25,0,0,1],"duration":10,"transform":{}},{"curve":[0.25,0,0.75,1],"duration":20,"transform":{"skX":-19.73,"skY":-19.73}},{"transform":{},"duration":0}],"name":"bone9"},{"frame":[{"curve":[0.25,0,0,1],"duration":10,"transform":{}},{"curve":[0.25,0,0.75,1],"duration":20,"transform":{"x":30.55}},{"transform":{},"duration":0}],"name":"RightLegIK"},{"frame":[{"transform":{"skX":1.25,"skY":1.25},"duration":10},{"transform":{"skX":1.25,"skY":1.25},"duration":20},{"transform":{"skX":1.25,"skY":1.25},"duration":0}],"name":"bone10"},{"frame":[{"transform":{"skX":-2.76,"skY":-2.76},"duration":10},{"transform":{"skX":-2.76,"skY":-2.76},"duration":20},{"transform":{"skX":-2.76,"skY":-2.76},"duration":0}],"name":"bone11"},{"frame":[{"curve":[0.25,0,0,1],"duration":10,"transform":{}},{"curve":[0.25,0,0.75,1],"duration":20,"transform":{"x":29.58}},{"transform":{},"duration":0}],"name":"IKFootR"},{"frame":[{"transform":{"skX":0.77,"skY":0.77},"duration":10},{"transform":{"skX":0.77,"skY":0.77},"duration":20},{"transform":{"skX":0.77,"skY":0.77},"duration":0}],"name":"bone12"},{"frame":[{"transform":{},"duration":10},{"transform":{},"duration":20},{"transform":{},"duration":0}],"name":"IKLEGL"},{"frame":[{"transform":{"skX":3.66,"skY":3.66},"duration":10},{"transform":{"skX":3.66,"skY":3.66},"duration":20},{"transform":{"skX":3.66,"skY":3.66},"duration":0}],"name":"bone13"},{"frame":[{"transform":{"skX":-7.7,"skY":-7.7},"duration":10},{"transform":{"skX":-7.7,"skY":-7.7},"duration":20},{"transform":{"skX":-7.7,"skY":-7.7},"duration":0}],"name":"bone14"},{"frame":[{"transform":{},"duration":10},{"transform":{},"duration":20},{"transform":{},"duration":0}],"name":"IKFOOTL"},{"frame":[{"transform":{"skX":6.37,"skY":6.37},"duration":10},{"transform":{"skX":6.37,"skY":6.37},"duration":20},{"transform":{"skX":6.37,"skY":6.37},"duration":0}],"name":"bone15"},{"frame":[{"curve":[0.25,0,0,1],"duration":10,"transform":{}},{"curve":[0.25,0,0.75,1],"duration":20,"transform":{"scX":1.12}},{"transform":{},"duration":0}],"name":"bone16"}],"frame":[],"ffd":[{"frame":[{"offset":0,"curve":[0.25,0,0,1],"vertices":[],"duration":10},{"offset":76,"curve":[0.25,0,0.75,1],"vertices":[-4.47,1.38,-8.77,-1.38,-10.15,4.47,0,0,0,0,0,0,-2.94,-10,-4.04,-11.39,-4.89,-6.28,-3.91,-7.45,-4.09,-2.39,0,0,0,0,0,0,0,0,0,0,0,0,0,0,0,0,0,0,0,0,0,0,0,0,0,0,0,0,0,0,0,0,0,0,0,0,0,0,0,0,0,0,0,0,0,0,0,0,0,0,0,0,0,0,0,0,0,0,0,0,0,0,0,0],"duration":20},{"tweenEasing":null,"offset":0,"vertices":[],"duration":0}],"scale":1,"skin":"","slot":"Layer 227","offset":0,"name":"Layer 227"}],"slot":[],"duration":30,"name":"Damage","ik":[]},{"bone":[{"frame":[{"transform":{},"duration":30},{"transform":{},"duration":30},{"transform":{},"duration":0}],"name":"root"},{"frame":[{"curve":[0.25,0,0.75,1],"duration":30,"transform":{}},{"tweenEasing":0,"transform":{"y":3.21},"duration":30},{"transform":{},"duration":0}],"name":"bone"},{"frame":[{"transform":{},"duration":30},{"transform":{},"duration":30},{"transform":{},"duration":0}],"name":"bone2"},{"frame":[{"transform":{},"duration":30},{"transform":{},"duration":30},{"transform":{},"duration":0}],"name":"bone3"},{"frame":[{"transform":{},"duration":30},{"transform":{},"duration":30},{"transform":{},"duration":0}],"name":"bone4"},{"frame":[{"curve":[0.25,0,0.75,1],"duration":30,"transform":{}},{"tweenEasing":0,"transform":{"skX":-16.79,"skY":-16.79},"duration":30},{"transform":{},"duration":0}],"name":"bone5"},{"frame":[{"transform":{},"duration":30},{"transform":{},"duration":30},{"transform":{},"duration":0}],"name":"bone6"},{"frame":[{"transform":{},"duration":30},{"transform":{},"duration":30},{"transform":{},"duration":0}],"name":"bone7"},{"frame":[{"transform":{},"duration":30},{"transform":{},"duration":30},{"transform":{},"duration":0}],"name":"bone8"},{"frame":[{"curve":[0.25,0,0.75,1],"duration":30,"transform":{}},{"tweenEasing":0,"transform":{"skX":-10.91,"skY":-10.91},"duration":30},{"transform":{},"duration":0}],"name":"bone9"},{"frame":[{"transform":{},"duration":30},{"transform":{},"duration":30},{"transform":{},"duration":0}],"name":"RightLegIK"},{"frame":[{"curve":[0.25,0,0.625,0.5],"duration":30,"transform":{"skX":1.25,"skY":1.25}},{"curve":[0.375,0.5,0.75,1],"duration":30,"transform":{"skX":8.7,"skY":8.7}},{"transform":{"skX":1.25,"skY":1.25},"duration":0}],"name":"bone10"},{"frame":[{"curve":[0.25,0,0.625,0.5],"duration":30,"transform":{"skX":-2.76,"skY":-2.76}},{"curve":[0.375,0.5,0.75,1],"duration":30,"transform":{"skX":-20.63,"skY":-20.63}},{"transform":{"skX":-2.76,"skY":-2.76},"duration":0}],"name":"bone11"},{"frame":[{"transform":{},"duration":30},{"transform":{},"duration":30},{"transform":{},"duration":0}],"name":"IKFootR"},{"frame":[{"curve":[0.25,0,0.625,0.5],"duration":30,"transform":{"skX":0.77,"skY":0.77}},{"curve":[0.375,0.5,0.75,1],"duration":30,"transform":{"skX":11.18,"skY":11.18}},{"transform":{"skX":0.77,"skY":0.77},"duration":0}],"name":"bone12"},{"frame":[{"transform":{},"duration":30},{"transform":{},"duration":30},{"transform":{},"duration":0}],"name":"IKLEGL"},{"frame":[{"curve":[0.25,0,0.625,0.5],"duration":30,"transform":{"skX":3.66,"skY":3.66}},{"curve":[0.375,0.5,0.75,1],"duration":30,"transform":{"skX":13.6,"skY":13.6}},{"transform":{"skX":3.66,"skY":3.66},"duration":0}],"name":"bone13"},{"frame":[{"curve":[0.25,0,0.625,0.5],"duration":30,"transform":{"skX":-7.7,"skY":-7.7}},{"curve":[0.375,0.5,0.75,1],"duration":30,"transform":{"skX":-28.41,"skY":-28.41}},{"transform":{"skX":-7.7,"skY":-7.7},"duration":0}],"name":"bone14"},{"frame":[{"curve":[0.25,0,0.75,1],"duration":30,"transform":{}},{"tweenEasing":0,"transform":{"x":0.63},"duration":30},{"transform":{},"duration":0}],"name":"IKFOOTL"},{"frame":[{"curve":[0.25,0,0.625,0.5],"duration":30,"transform":{"skX":6.37,"skY":6.37}},{"curve":[0.375,0.5,0.75,1],"duration":30,"transform":{"skX":17.25,"skY":17.25}},{"transform":{"skX":6.37,"skY":6.37},"duration":0}],"name":"bone15"},{"frame":[{"curve":[0.25,0,0.75,1],"duration":30,"transform":{}},{"tweenEasing":0,"transform":{"scX":1.2},"duration":30},{"transform":{},"duration":0}],"name":"bone16"}],"frame":[],"ffd":[{"frame":[{"offset":0,"curve":[0.25,0,0.75,1],"vertices":[],"duration":30},{"offset":76,"curve":[0.25,0,0.75,1],"vertices":[-3.01,1.57,-6.55,0.52,-9.3,1.05,0,0,0,0,0,0,-4.19,-2.62,-1.31,-5.63,-1.4,-0.91,-0.07,-2.1,0,0,0,0,0,0,0,0,0,0,0,0,0,0,0,0,0,0,0,0,0,0,0,0,0,0,0,0,0,0,0,0,0,0,0,0,0,0,0,0,0,0,0,0,0,0,0,0,0,0,0,0,0,0,0,0,0,0,0,0,0,0,0,0,0,0],"duration":30},{"tweenEasing":null,"offset":0,"vertices":[],"duration":0}],"scale":1,"skin":"","slot":"Layer 227","offset":0,"name":"Layer 227"}],"slot":[],"duration":60,"name":"Idle","ik":[]}],"skin":[{"name":"","slot":[{"display":[{"weights":[2,7,0.97456,10,0.02544,1,7,1,1,7,1,1,7,1,1,7,1,1,7,1,1,7,1,1,7,1,1,7,1,2,7,0.93821,10,0.06179,2,7,0.49026,10,0.50974,2,7,0.23351,10,0.76649,2,7,0.01777,10,0.98223,2,7,0.00524,10,0.99476,1,10,1,1,10,1,1,10,1,1,10,1,1,10,1,1,10,1,1,10,1,1,10,1,2,7,0.00109,10,0.99891,2,7,0.08594,10,0.91406,2,7,0.14859,10,0.85141,2,7,0.23385,10,0.76615,2,7,0.4293,10,0.5707,2,7,0.64215,10,0.35785,2,7,0.76474,10,0.23526,1,7,1,1,7,1,1,7,1,2,7,0.00312,10,0.99688,1,10,1,2,7,0.0002,10,0.9998,1,10,1,2,7,0.2751,10,0.7249,2,7,0.11354,10,0.88646],"userEdges":[4,29,29,30,30,31,31,32,32,34,34,33,33,35,33,22,22,35,34,14,31,27,31,9,9,30,29,8],"edges":[1,0,0,28,28,27,27,26,26,25,25,24,24,23,23,22,22,21,21,20,20,19,19,18,18,17,17,16,16,15,15,14,14,13,13,12,12,11,11,10,10,9,9,8,8,7,7,6,6,5,5,4,4,3,3,2,2,1],"vertices":[5.8,-112.66,-5.44,-133.87,-5.45,-161.42,-1.05,-173.45,8.3,-181.13,19.66,-183.99,26.17,-184,33.69,-170.44,45.21,-147.57,72.43,-126.02,64.92,-105.99,73.77,-104.82,79.78,-82.78,72.93,-78.93,75.44,-66.24,80.45,-57.05,83.46,-47.03,83.63,-39.52,77.45,-20,58.58,-20,53.57,-27.16,45.55,-27.16,37.96,-42.49,30.02,-58.55,24.51,-56.55,14.32,-60.22,8.64,-72.75,3.32,-82.17,-1.55,-90.78,16.08,-157.64,28.14,-127.94,34.87,-104.28,45.78,-82.94,55.29,-59.28,52.66,-65.83,68.51,-33.52,28.44,-78.64,62.31,-92.1],"path":"Layer 223","uvs":[0.12488,0.43498,0,0.30565,0,0.13764,0.04881,0.06432,0.15272,0.01748,0.2789,0,0.35126,0,0.43476,0.08265,0.56279,0.22215,0.86525,0.35351,0.78175,0.47571,0.88009,0.48284,0.94689,0.61725,0.87082,0.64067,0.89865,0.71806,0.95432,0.77407,0.98772,0.83516,0.98957,0.88099,0.92092,1,0.71124,1,0.65557,0.95634,0.56651,0.95634,0.48221,0.86283,0.39394,0.7649,0.33271,0.77712,0.21952,0.75472,0.15643,0.67835,0.09727,0.62087,0.04324,0.56837,0.23906,0.16073,0.3731,0.3418,0.44785,0.48609,0.56901,0.61624,0.6747,0.76053,0.64543,0.72057,0.82163,0.91756,0.37631,0.64244,0.75266,0.56039],"triangles":[11,37,12,16,35,17,35,18,17,15,35,16,37,13,12,14,33,15,33,35,15,35,19,18,10,37,11,13,34,14,34,33,14,37,32,13,32,34,13,8,30,9,20,19,35,31,37,10,31,32,37,22,21,20,34,23,33,23,22,33,32,36,34,36,23,34,7,29,8,31,36,32,29,30,8,36,24,23,0,28,31,27,36,31,28,27,31,30,0,31,25,24,36,6,5,7,5,29,7,4,29,5,29,1,30,26,25,36,27,26,36,1,0,30,4,3,29,3,2,29,2,1,29,20,22,35,33,22,35,10,31,9,30,31,9],"type":"mesh","transform":{},"bonePose":[7,0.34955337542060455,0.9369164518419248,-0.9369164518419248,0.34955337542060455,14.35,-171.36,10,0.4040243127751919,0.91474824661572,-0.91474824661572,0.4040243127751919,42.92948397438863,-94.7577108974042],"width":90,"slotPose":[1,0,0,1,0,0],"height":164,"name":"Layer 223"}],"name":"Layer 223"},{"display":[{"path":"Layer 222","type":"image","name":"Layer 222","transform":{"y":1.88,"x":-4.69,"skX":-102.76,"skY":-102.76}}],"name":"Layer 222"},{"display":[{"weights":[2,8,0.65504,12,0.34496,2,8,0.84593,12,0.15407,2,8,0.99138,12,0.00862,1,8,1,1,8,1,1,8,1,1,8,1,1,8,1,1,8,1,1,8,1,1,8,1,1,8,1,1,8,1,1,8,1,2,8,0.98624,12,0.01376,2,8,0.81498,12,0.18502,2,8,0.44247,12,0.55753,2,8,0.1892,12,0.8108,2,8,0.07519,12,0.92481,2,8,0.03088,12,0.96912,2,8,0.01302,12,0.98698,2,8,0.0038,12,0.9962,1,12,1,1,12,1,1,12,1,1,12,1,1,12,1,1,12,1,1,12,1,2,8,0.05937,12,0.94063,2,8,0.19119,12,0.80881,2,8,0.48783,12,0.51217,2,8,0.89096,12,0.10904,2,8,0.71645,12,0.28355,2,8,0.87074,12,0.12926,2,8,0.70958,12,0.29042,2,8,0.85781,12,0.14219,2,8,0.03472,12,0.96528,2,8,0.5319,12,0.4681,1,8,1,1,8,1,1,8,1,2,8,0.04925,12,0.95075,2,8,0.0256,12,0.9744,2,8,0.02072,12,0.97928,2,8,0.00034,12,0.99966,1,12,1,1,12,1,1,12,1,1,12,1,1,12,1,2,8,0.20267,12,0.79733,1,12,1,2,8,0.00573,12,0.99427,1,12,1],"userEdges":[0,32,32,33,33,34,34,35,35,36,36,37,37,38,38,17,39,40,40,6,40,7,40,11,39,3,39,14,39,5,39,13,39,4,39,41,41,1,41,16,41,15,41,2,29,42,42,43,43,44,44,45,45,46,46,47,47,48,48,49,49,50,45,54,54,27],"edges":[1,0,0,31,31,30,30,29,29,28,28,27,27,26,26,25,25,24,24,23,23,22,22,21,21,20,20,19,19,18,18,17,17,16,16,15,15,14,14,13,13,12,12,11,11,10,10,9,9,8,8,7,7,6,6,5,5,4,4,3,3,2,2,1],"vertices":[-60.09,-97.3,-65.44,-104.59,-57.51,-123.59,-52.19,-136.36,-56.6,-149.74,-45.05,-156.88,-36.53,-158.7,-30.83,-168.23,-25.6,-176.99,-15.86,-177,-9.93,-173.6,-9.75,-161.89,-9.64,-154.14,1.16,-145.64,-1.72,-128.86,-4.16,-114.63,2.38,-100.65,-3.25,-93.34,4.56,-92.74,1.77,-84.07,4.56,-80.58,0.25,-76.17,2.37,-68.87,-4.31,-68.88,-4.31,-64.62,-8.57,-65.84,-21.79,-20,-44.29,-20,-57.82,-20,-54.46,-63.39,-65.44,-71.6,-65.44,-93.03,-43.3,-103.82,-39.35,-97.28,-35.55,-99.57,-33.87,-96.83,-25.82,-100.01,-22.33,-91.51,-19.14,-100.02,-26.59,-140.76,-22.17,-160.06,-29.01,-120.23,-46.33,-67.97,-44.02,-65.27,-40.57,-68.21,-34.28,-64.2,-29.36,-67.96,-26.71,-66.25,-23.96,-67.9,-14.24,-61.84,-9.86,-66.68,-50.28,-79.39,-30.44,-78.52,-10.39,-79.38,-35.35,-53.01],"path":"Layer 221","uvs":[0.07638,0.50764,0,0.46117,0.11324,0.34012,0.18929,0.25882,0.12632,0.17363,0.29135,0.12812,0.41295,0.11651,0.49438,0.05582,0.56929,0,0.70826,0,0.79295,0.02163,0.79556,0.09619,0.79729,0.14555,0.95146,0.19977,0.91034,0.30662,0.87546,0.39727,0.96883,0.48634,0.88849,0.53281,1,0.53668,0.96015,0.59187,1,0.61413,0.93843,0.64221,0.96883,0.68868,0.87329,0.68868,0.87329,0.71579,0.81249,0.70805,0.62358,1,0.3022,1,0.109,1,0.15677,0.72361,0,0.67133,0,0.53483,0.31625,0.4661,0.3727,0.50773,0.42699,0.4932,0.45087,0.51063,0.56596,0.4903,0.6159,0.54452,0.6615,0.4903,0.5551,0.23084,0.61807,0.10788,0.52036,0.36154,0.27292,0.69444,0.30602,0.7116,0.35531,0.69294,0.44521,0.71843,0.51553,0.69453,0.55323,0.70543,0.59259,0.6949,0.73137,0.73351,0.79393,0.70266,0.21656,0.62172,0.49996,0.62728,0.78647,0.62172,0.42989,0.78974],"triangles":[17,19,18,19,21,20,54,26,49,39,14,13,53,21,19,21,23,22,38,17,16,12,39,13,17,53,19,53,23,21,41,15,14,39,41,14,53,50,23,37,53,17,38,37,17,23,25,24,50,25,23,9,40,10,10,40,11,53,48,50,11,40,12,40,39,12,50,49,25,48,49,50,37,52,53,52,48,53,8,7,40,41,36,38,8,40,9,48,47,49,47,54,49,54,27,26,6,39,40,36,37,38,41,34,36,45,54,47,52,46,48,36,35,37,35,52,37,7,6,40,32,34,41,3,41,39,46,47,48,6,5,39,34,35,36,46,45,47,35,33,52,33,51,52,52,44,46,44,45,46,3,2,41,28,27,54,51,44,52,29,28,54,34,33,35,43,54,45,44,43,45,32,33,34,43,29,54,51,42,44,32,0,33,0,51,33,42,43,44,1,0,32,42,29,43,0,31,51,51,29,42,31,30,51,30,29,51,49,26,25,5,39,4,4,3,39,2,41,1,1,32,41,38,41,16,15,41,16],"type":"mesh","transform":{},"bonePose":[8,-0.13744454603714668,0.9905094632383088,-0.9905094632383088,-0.13744454603714668,-19.090000000000003,-164.36999999999998,12,-0.17382005639913706,0.9847774306884785,-0.9847774306884785,-0.17382005639913706,-28.04121804433686,-95.49665105047714],"width":70,"slotPose":[1,0,0,1,0,0],"height":157,"name":"Layer 221"}],"name":"Layer 221"},{"display":[{"path":"Ellipse 5","type":"image","name":"Ellipse 5","transform":{"y":-0.96,"x":7.14}}],"name":"Ellipse 5"},{"display":[{"path":"Layer 224","type":"image","name":"Layer 224","transform":{"y":-1.27,"x":2.24,"skX":-61.59,"skY":-61.59}}],"name":"Layer 224"},{"display":[{"weights":[2,17,0.99966,19,0.00034,1,17,1,1,17,1,1,17,1,1,17,1,1,17,1,1,17,1,1,17,1,1,17,1,1,17,1,1,17,1,1,17,1,1,17,1,1,17,1,1,17,1,1,17,1,1,17,1,1,17,1,1,17,1,1,17,1,1,17,1,2,17,0.99952,19,0.00048,2,17,0.97464,19,0.02536,2,17,0.75521,19,0.24479,2,17,0.35373,19,0.64627,2,17,0.0645,19,0.9355,2,17,0.00157,19,0.99843,1,19,1,1,19,1,1,19,1,1,19,1,1,19,1,1,19,1,1,19,1,1,19,1,1,19,1,1,19,1,1,19,1,1,19,1,1,19,1,1,19,1,1,19,1,2,17,0.00479,19,0.99521,2,17,0.11073,19,0.88927,2,17,0.27561,19,0.72439,2,17,0.51523,19,0.48477,2,17,0.70832,19,0.29168,2,17,0.83669,19,0.16331,2,17,0.90927,19,0.09073,2,17,0.95025,19,0.04975,2,17,0.98884,19,0.01116,2,17,0.96499,19,0.03501,2,17,0.36261,19,0.63739,1,19,1,1,19,1,1,19,1,1,19,1],"userEdges":[48,51,51,20,44,52,52,24,41,53,53,54,54,55,55,56],"edges":[1,0,0,50,50,49,49,48,48,47,47,46,46,45,45,44,44,43,43,42,42,41,41,40,40,39,39,38,38,37,37,36,36,35,35,34,34,33,33,32,32,31,31,30,30,29,29,28,28,27,27,26,26,25,25,24,24,23,23,22,22,21,21,20,20,19,19,18,18,17,17,16,16,15,15,14,14,13,13,12,12,11,11,10,10,9,9,8,8,7,7,6,6,5,5,4,4,3,3,2,2,1],"vertices":[30.97,-224.97,23.7,-238.85,23.7,-257.85,31.23,-270.81,33.6,-280.64,39.75,-290.07,48.52,-296,62.15,-296,70.53,-295.05,78.27,-289.8,82.72,-283.13,86.64,-277.1,84.55,-273.3,87.3,-273.43,99.1,-283.91,103.28,-287.72,104.59,-280.37,101.71,-271.08,93.72,-254.96,96.6,-250.5,96.74,-245.27,108,-246.57,112.58,-238.98,113.37,-226.79,114.16,-219.2,125.81,-218.41,140.69,-208.84,140.69,-181.43,136.24,-151.43,125.62,-135.71,125.49,-127.72,114.23,-120.78,112.66,-118.55,94.71,-117.37,91.69,-113.05,78.46,-109.99,73.76,-109.99,80.17,-134.67,65.89,-130.34,70.22,-144.89,68.9,-159.16,75.45,-162.05,70.74,-175.41,64.59,-192.7,68.25,-199.25,60.78,-202.79,60.53,-209.99,54.11,-210.78,52.4,-216.55,47.29,-216.29,41.27,-224.28,70.9,-226.24,86.29,-213.09,87.86,-159.4,88.04,-142.1,100.32,-135.01,122.11,-142.1],"path":"Layer 228","uvs":[0.06331,0.3819,0,0.30724,0,0.20512,0.06443,0.1354,0.08458,0.08257,0.13721,0.03186,0.21222,0,0.32867,0,0.40033,0.0051,0.46638,0.03327,0.50445,0.06919,0.53804,0.10159,0.52013,0.12201,0.54364,0.12131,0.64441,0.06497,0.68024,0.04454,0.69144,0.08398,0.6668,0.13399,0.5985,0.22062,0.62314,0.24456,0.62426,0.27273,0.72055,0.26569,0.75973,0.30654,0.76645,0.37204,0.77317,0.41289,0.87282,0.41712,1,0.46853,1,0.61591,0.96196,0.77719,0.87127,0.86171,0.87015,0.90467,0.77386,0.942,0.76043,0.95397,0.60703,0.96031,0.58128,0.98355,0.4682,1,0.42789,1,0.48275,0.86734,0.36071,0.89059,0.39766,0.81241,0.38646,0.73564,0.44244,0.72015,0.40214,0.64831,0.34951,0.55534,0.38086,0.52013,0.31704,0.50111,0.3148,0.46237,0.25994,0.45815,0.24539,0.42716,0.20172,0.42857,0.15022,0.3856,0.40345,0.37502,0.53505,0.44571,0.54847,0.73437,0.54995,0.82738,0.65493,0.86551,0.84124,0.82738],"triangles":[53,56,28,56,29,28,25,24,27,53,28,27,24,53,27,25,27,26,52,53,24,52,42,53,56,31,29,29,31,30,53,55,56,55,31,56,53,54,55,31,55,32,55,33,32,22,20,23,52,24,23,20,52,23,44,42,52,21,20,22,51,52,20,15,14,16,14,17,16,14,13,17,13,18,17,37,33,55,54,37,55,42,41,53,13,12,18,19,18,20,18,51,20,44,43,42,37,35,34,37,34,33,12,51,18,53,39,54,36,35,37,3,51,12,41,39,53,39,37,54,10,12,11,51,46,52,46,44,52,4,3,7,40,39,41,10,7,12,7,3,12,3,50,51,8,7,9,9,7,10,5,4,7,39,38,37,3,2,50,6,5,7,46,45,44,2,1,50,50,48,51,48,46,51,48,47,46,50,49,48,1,0,50],"type":"mesh","transform":{},"bonePose":[17,0.7506878874077263,0.6606570182018237,-0.6606570182018237,0.7506878874077263,41.76666155859474,-259.62241664471895,19,0.08889429686644151,0.9960410654107696,-0.9960410654107696,0.08889429686644151,92.16452365507732,-214.76262622942696],"width":117,"slotPose":[1,0,0,1,0,0],"height":186,"name":"Layer 228"}],"name":"Layer 228"},{"display":[{"weights":[2,9,0.54641,11,0.45359,3,9,0.32377,11,0.67344,15,0.00279,3,9,0.17237,11,0.77446,15,0.05317,3,9,0.10478,11,0.77017,15,0.12505,3,9,0.04999,11,0.69191,15,0.2581,3,9,0.02786,11,0.57397,15,0.39817,3,9,0.00907,11,0.33278,15,0.65815,2,11,0.00001,15,0.99999,3,9,0.00007,11,0.03467,15,0.96526,2,11,0.00372,15,0.99628,2,11,0.00066,15,0.99934,1,15,1,1,15,1,1,15,1,1,15,1,1,15,1,1,15,1,1,15,1,2,11,0.03807,15,0.96193,2,11,0.1023,15,0.8977,2,11,0.20315,15,0.79685,2,11,0.31945,15,0.68055,2,11,0.41166,15,0.58834,3,9,0.00015,11,0.48401,15,0.51584,3,9,0.00043,11,0.51324,15,0.48633,3,9,0.00259,11,0.61798,15,0.37943,3,9,0.0091,11,0.6945,15,0.2964,3,9,0.02199,11,0.75355,15,0.22446,3,9,0.05134,11,0.80274,15,0.14592,3,9,0.10873,11,0.81247,15,0.0788,3,9,0.17817,11,0.78076,15,0.04108,3,9,0.26196,11,0.72043,15,0.01761,3,9,0.33978,11,0.6529,15,0.00731,3,9,0.50532,11,0.49379,15,0.00089,2,9,0.72807,11,0.27193,2,9,0.96894,11,0.03106,2,9,0.99634,11,0.00366,2,9,0.99989,11,0.00011,1,9,1,1,9,1,1,9,1,1,9,1,1,9,1,1,9,1,1,9,1,2,9,0.99997,11,0.00003,2,9,0.99553,11,0.00447,2,9,0.99466,11,0.00534,2,9,0.95859,11,0.04141,2,9,0.94016,11,0.05984,2,9,0.86436,11,0.13564,2,9,0.65144,11,0.34856,1,9,1,2,9,0.99944,11,0.00056,2,9,0.99624,11,0.00376,2,9,0.9646,11,0.0354,2,9,0.96735,11,0.03265,2,9,0.94073,11,0.05927,2,9,0.92503,11,0.07497,2,9,0.84421,11,0.15579,2,9,0.80075,11,0.19925,2,9,0.61612,11,0.38388,3,9,0.3753,11,0.62397,15,0.00073,3,9,0.27995,11,0.71043,15,0.00962,3,9,0.01357,11,0.75316,15,0.23327,3,9,0.00178,11,0.48382,15,0.5144,2,11,0.02376,15,0.97624,1,15,1,2,9,0.99874,11,0.00126,2,9,0.88482,11,0.11518,2,9,0.60347,11,0.39653,3,9,0.23854,11,0.74809,15,0.01336,3,9,0.01536,11,0.82996,15,0.15468,3,9,0.02655,11,0.77316,15,0.20029,3,9,0.13781,11,0.80736,15,0.05483,3,9,0.31005,11,0.67896,15,0.01099,3,9,0.62689,11,0.37307,15,0.00004,2,9,0.85523,11,0.14477,2,9,0.96032,11,0.03968,2,9,0.99422,11,0.00578,1,9,1],"userEdges":[42,52,52,53,53,54,54,55,55,56,56,57,57,58,58,59,59,60,60,61,61,62,62,63,63,64,64,65,65,66,66,67,56,68,68,69,69,70,70,71,71,72,72,24,68,41],"edges":[45,44,44,43,43,42,42,41,41,40,40,39,39,38,38,37,37,36,36,35,35,34,34,33,33,32,32,31,31,30,30,29,29,28,28,27,27,26,26,25,25,24,24,23,23,22,22,21,21,20,20,19,19,18,18,17,17,16,16,15,15,14,14,13,13,12,12,11,11,10,10,9,9,8,8,7,7,6,6,5,5,4,4,3,3,2,2,1,1,0,0,51,51,50,50,49,49,48,48,47,47,46,46,45],"vertices":[-42.7,-194.64,-51.36,-218.39,-40.33,-236.39,-33.68,-241.54,-29.58,-249.79,-23.63,-251.94,-19.98,-254.74,-37.28,-275.59,-20.98,-266.29,-21.93,-272.19,-21.78,-274.8,-24.32,-290.11,-13.36,-285.85,-7.46,-288.7,-2.01,-289.15,-0.06,-288.81,16.81,-298,20.51,-298,14.71,-281.37,17.66,-278.13,19.36,-274.58,31.31,-282.88,32.06,-271.88,35.36,-270.68,35.51,-268.88,42.1,-268.11,48.06,-262.81,52.7,-256.9,57.6,-248,60.11,-236.2,59.66,-226.66,58.76,-217.15,55.21,-209.45,46.51,-202.4,40.27,-195.55,36.68,-180.9,44.73,-175.9,44.83,-166.4,51.33,-154.85,45.2,-148.99,50.76,-142.44,23.78,-137.57,-1.54,-132.99,-28.64,-141.49,-49.99,-139.49,-55.44,-150.14,-46.84,-158.98,-49.28,-159.63,-41.38,-181.68,-36.28,-179.38,-33.32,-183.89,-35.24,-193.15,-17.19,-141.72,-16.44,-153.2,-23.83,-157.42,-22.48,-172.67,-14.62,-176.29,-15.83,-181.13,-13.86,-185.35,-16.13,-192,-14.32,-196.53,-17.64,-204.24,-15.97,-214.2,-25.04,-219.78,-11.6,-244.24,-7.07,-250.89,-12.05,-265.39,-14.02,-278.68,17.59,-177.21,22.66,-197.47,23.1,-208.65,33.83,-221.61,26.83,-243.81,40.24,-248.43,44.26,-230.85,42.03,-217.44,35.18,-203.44,30.55,-193.6,28.02,-184.36,30.26,-173.63,31.3,-159.63],"path":"Layer 227","uvs":[0.10979,0.62642,0.03522,0.48249,0.13027,0.37339,0.1876,0.34218,0.22294,0.29218,0.27423,0.27915,0.3057,0.26218,0.15657,0.13577,0.29708,0.19214,0.28889,0.15638,0.29018,0.14062,0.26837,0.04784,0.36277,0.0736,0.41363,0.05633,0.46061,0.0536,0.47742,0.05572,0.62287,0,0.65476,0,0.60476,0.10075,0.63019,0.12044,0.64485,0.14196,0.74786,0.09166,0.75433,0.15832,0.78278,0.16559,0.78407,0.1765,0.8409,0.18118,0.89219,0.2133,0.93227,0.24905,0.97452,0.30299,0.99612,0.37453,0.99225,0.43241,0.98449,0.48999,0.95388,0.53665,0.87888,0.57938,0.82516,0.6209,0.79413,0.70969,0.86353,0.73999,0.86439,0.79756,0.92042,0.86756,0.86768,0.90308,0.91553,0.94277,0.68297,0.97229,0.46467,1,0.23104,0.94857,0.04699,0.96069,0,0.89615,0.07415,0.84251,0.05314,0.83856,0.12124,0.70493,0.16521,0.71887,0.19064,0.69159,0.17416,0.63547,0.32979,0.94715,0.3363,0.8776,0.27252,0.85197,0.28423,0.75954,0.35192,0.73758,0.34151,0.70829,0.35843,0.68267,0.3389,0.6424,0.35452,0.61495,0.32589,0.56828,0.3402,0.50788,0.2621,0.47402,0.37795,0.32576,0.41701,0.28549,0.37405,0.19764,0.35713,0.11711,0.62958,0.73205,0.67326,0.60924,0.67711,0.54151,0.76959,0.46295,0.70922,0.3284,0.82482,0.3004,0.85951,0.40696,0.84024,0.48823,0.78115,0.57312,0.74133,0.63272,0.7195,0.6887,0.73876,0.75372,0.74776,0.83861],"triangles":[28,74,29,75,31,30,74,75,30,29,74,30,73,74,28,75,32,31,27,73,28,75,33,32,26,73,27,37,39,38,39,41,40,24,73,25,80,39,37,75,76,33,25,73,26,73,72,74,71,75,74,76,34,33,80,41,39,35,79,36,36,79,37,79,80,37,72,71,74,77,35,34,24,72,73,71,76,75,71,70,76,77,78,35,76,77,34,20,72,22,22,72,24,78,79,35,23,22,24,69,77,76,70,69,76,21,20,22,72,70,71,64,70,72,79,68,80,68,41,80,68,53,41,53,42,41,20,65,72,78,68,79,69,78,77,64,62,70,65,64,72,69,68,78,16,18,17,58,68,69,60,58,69,60,69,70,62,60,70,56,53,68,66,65,20,15,18,16,19,18,20,18,66,20,58,56,68,62,61,60,67,66,15,15,66,18,59,58,60,63,62,64,52,43,42,53,52,42,13,67,14,14,67,15,58,57,56,12,67,13,55,54,53,55,53,56,6,64,65,66,6,65,3,63,64,10,9,67,67,9,66,9,8,66,8,6,66,5,3,64,6,5,64,4,3,5,12,11,67,11,10,67,61,59,60,59,57,58,57,55,56,50,55,57,43,52,53,54,43,53,61,51,59,50,57,59,51,50,59,63,61,62,63,51,61,3,2,63,0,51,63,49,54,55,50,49,55,1,0,63,49,46,54,46,43,54,2,1,63,46,44,43,48,46,49,45,44,46,47,46,48,7,6,8],"type":"mesh","transform":{},"bonePose":[9,0.10539630743387976,-0.9944302984017044,0.9944302984017044,0.10539630743387976,-1.08,-135.64,11,-0.16039802909179174,-0.9870524161681936,0.9870524161681936,-0.16039802909179174,6.985979407914819,-211.74375073668244,15,-0.25949332541506537,-0.9657449011333328,0.9657449011333328,-0.25949332541506537,0.43371991951512623,-252.06484193715315],"width":116,"slotPose":[1,0,0,1,0,0],"height":165,"name":"Layer 227"}],"name":"Layer 227"},{"display":[{"path":"Layer 226","type":"image","name":"Layer 226","transform":{"y":-37.91,"x":29.87,"skX":93.17,"skY":93.17}}],"name":"Layer 226"},{"display":[{"weights":[2,13,0.00194,18,0.99806,2,13,0.09317,18,0.90683,2,13,0.59658,18,0.40342,2,13,0.72195,18,0.27805,2,13,0.87049,18,0.12951,2,13,0.94502,18,0.05498,2,13,0.9962,18,0.0038,2,13,0.9996,18,0.0004,1,13,1,1,13,1,1,13,1,1,13,1,1,13,1,1,13,1,1,13,1,1,13,1,1,13,1,2,13,0.99953,18,0.00047,2,13,0.99641,18,0.00359,2,13,0.96535,18,0.03465,2,13,0.86574,18,0.13426,2,13,0.50147,18,0.49853,2,13,0.1095,18,0.8905,1,18,1,1,18,1,1,18,1,1,18,1,1,18,1,1,18,1,1,13,1,1,13,1,1,13,1,1,18,1,1,13,1],"userEdges":[3,29,29,23,5,30,30,19],"edges":[28,27,27,26,26,25,25,24,24,23,23,22,22,21,21,20,20,19,19,18,18,17,17,16,16,15,15,14,14,13,13,12,12,11,11,10,10,9,9,8,8,7,7,6,6,5,5,4,4,3,3,2,2,1,1,0,0,28],"vertices":[-109.39,-170.05,-92.11,-183.72,-67.6,-194.56,-64.25,-191.33,-64.11,-196.36,-60.63,-198.95,-69.27,-205.01,-69.02,-211.97,-70.3,-219.33,-68.5,-231.45,-63.6,-236.1,-60.64,-246.68,-56.89,-241.39,-48.25,-245.9,-28.77,-241.9,-16.4,-233.65,-14.44,-215.72,-16.4,-203.72,-14.44,-197.4,-20.91,-190.43,-21.43,-181.02,-29.69,-171.6,-31.37,-162.83,-47.48,-149.93,-49.04,-137.42,-55.49,-124,-85.16,-124,-104.12,-125.81,-109.44,-139.61,-49.55,-167.73,-43.76,-204.73,-41.7,-221.77,-74.59,-157.65,-44.02,-184.48],"path":"Layer 225","uvs":[0.0005,0.62858,0.18246,0.51831,0.44046,0.43092,0.47577,0.45693,0.47712,0.41636,0.51379,0.39555,0.42281,0.34665,0.42552,0.29048,0.41195,0.23118,0.43096,0.13339,0.48256,0.09594,0.51379,0.01063,0.55317,0.05328,0.64415,0.01687,0.84919,0.04912,0.97938,0.1157,1,0.26031,0.97938,0.35706,1,0.40803,0.93185,0.46421,0.92642,0.54015,0.83951,0.6161,0.82186,0.68684,0.65212,0.79087,0.63583,0.89178,0.56794,1,0.25562,1,0.05601,0.98541,0,0.8741,0.6304,0.64731,0.69136,0.34886,0.71309,0.21154,0.36683,0.72857,0.68865,0.51219],"triangles":[31,30,17,17,19,18,31,17,16,15,31,16,14,31,15,30,19,17,30,33,19,19,33,20,33,21,20,13,31,14,29,22,21,33,29,21,29,23,22,9,8,10,5,33,30,10,8,31,7,30,31,8,7,31,12,10,31,13,12,31,3,29,33,5,3,33,7,5,30,29,32,23,23,32,24,32,25,24,3,32,29,7,6,5,4,3,5,32,26,25,1,32,3,11,10,12,2,1,3,28,26,32,1,0,32,0,28,32,28,27,26],"type":"mesh","transform":{},"bonePose":[13,-0.3273828186922559,0.9448917874683396,-0.9448917874683396,-0.3273828186922559,-31.319451736023034,-217.7878921047377,18,-0.9705905654113184,0.24073627548530713,-0.24073627548530713,-0.9705905654113184,-47.94988065071149,-166.88737212592514],"width":95,"slotPose":[1,0,0,1,0,0],"height":124,"name":"Layer 225"}],"name":"Layer 225"}]}],"slot":[{"name":"Ellipse 5","parent":"bone16","color":{}},{"z":1,"name":"Layer 221","parent":"root","color":{}},{"z":2,"name":"Layer 222","parent":"bone15","color":{}},{"z":3,"name":"Layer 223","parent":"root","color":{}},{"z":4,"name":"Layer 224","parent":"bone12","color":{}},{"z":5,"name":"Layer 225","parent":"root","color":{}},{"z":6,"name":"Layer 226","parent":"bone9","color":{}},{"z":7,"name":"Layer 227","parent":"root","color":{}},{"z":8,"name":"Layer 228","parent":"root","color":{}}],"name":"Grunt","ik":[{"bone":"bone11","chain":1,"name":"RightLegIK","bendPositive":"false","target":"RightLegIK"},{"bone":"bone14","chain":1,"name":"IKLEGL","bendPositive":"false","target":"IKLEGL"},{"bone":"bone15","name":"IKFOOTL","bendPositive":"false","target":"IKFOOTL"},{"bone":"bone12","name":"IKFootR","bendPositive":"false","target":"IKFootR"}],"defaultActions":[{"gotoAndPlay":"Attack A"}]}],"isGlobal":0,"name":"Grunt","version":"5.0"}