{"width":512,"imagePath":"Grunt_tex.png","height":512,"name":"Grunt","SubTexture":[{"frameWidth":382,"y":474,"frameX":-1,"frameHeight":25,"frameY":-1,"width":380,"height":23,"name":"Ellipse 5","x":1},{"width":70,"y":315,"height":157,"name":"Layer 221","x":223},{"frameWidth":52,"y":334,"frameX":-1,"frameHeight":45,"frameY":-1,"width":50,"height":43,"name":"Layer 222","x":383},{"width":90,"y":168,"height":164,"name":"Layer 223","x":342},{"frameWidth":56,"y":334,"frameX":-1,"frameHeight":41,"frameY":-1,"width":54,"height":39,"name":"Layer 224","x":295},{"width":95,"y":189,"height":124,"name":"Layer 225","x":223},{"frameWidth":222,"y":1,"frameX":-1,"frameHeight":346,"frameY":-1,"width":220,"height":344,"name":"Layer 226","x":1},{"width":116,"y":1,"height":165,"name":"Layer 227","x":342},{"width":117,"y":1,"height":186,"name":"Layer 228","x":223}]}