{"SubTexture":[{"frameY":-1,"y":528,"frameWidth":381,"frameX":-1,"frameHeight":23,"width":379,"height":21,"name":"shadow","x":130},{"frameY":-1,"y":353,"frameWidth":149,"frameX":-1,"frameHeight":175,"width":147,"height":173,"name":"lower jaw","x":282},{"frameY":-1,"y":82,"frameWidth":79,"frameX":-1,"frameHeight":79,"width":77,"height":77,"name":"MonocleC","x":403},{"frameY":-1,"y":1,"frameWidth":79,"frameX":-1,"frameHeight":81,"width":77,"height":79,"name":"monocleB","x":403},{"frameY":-1,"y":161,"frameWidth":68,"frameX":-1,"frameHeight":83,"width":66,"height":81,"name":"monocleA","x":403},{"frameY":-1,"y":1,"frameWidth":402,"frameX":-1,"frameHeight":352,"width":400,"height":350,"name":"Upper head","x":1},{"frameY":-1,"y":244,"frameWidth":38,"frameX":-1,"frameHeight":40,"width":36,"height":38,"name":"SEcond hand","x":403},{"frameY":-1,"y":284,"frameWidth":11,"frameX":-1,"frameHeight":37,"width":9,"height":35,"name":"hour hand","x":403},{"frameY":-1,"y":321,"frameWidth":10,"frameX":-1,"frameHeight":12,"width":8,"height":10,"name":"clock joint","x":403},{"frameY":-1,"y":504,"frameWidth":129,"frameX":-1,"frameHeight":137,"width":127,"height":135,"name":"Eye Gear","x":1},{"width":279,"y":353,"height":149,"name":"flame eye","x":1}],"width":512,"height":1024,"name":"ClockworkSkull","imagePath":"ClockworkSkull_tex.png"}