{"SubTexture":[{"frameWidth":337,"y":824,"frameHeight":29,"frameY":-1,"width":335,"frameX":-1,"height":27,"name":"Shadow","x":1},{"width":293,"y":560,"height":136,"name":"Tail","x":1},{"width":71,"y":824,"height":120,"name":"Left Leg Back","x":338},{"width":179,"y":1,"height":306,"name":"Right Wing","x":268},{"width":265,"y":1,"height":319,"name":"Left Wing","x":1},{"width":89,"y":692,"height":141,"name":"Left Leg Front","x":416},{"width":83,"y":560,"height":122,"name":"Right Leg Back","x":423},{"width":198,"y":309,"height":249,"name":"Chest","x":268},{"width":117,"y":322,"height":159,"name":"Right Leg Front","x":1},{"frameWidth":120,"y":692,"frameHeight":132,"frameY":-1,"width":118,"frameX":-1,"height":130,"name":"Left Horn","x":296},{"width":127,"y":698,"height":110,"name":"Head Bottom","x":1},{"width":126,"y":322,"height":132,"name":"Head Top","x":120},{"frameWidth":127,"y":560,"frameHeight":132,"frameY":-1,"width":125,"frameX":-1,"height":130,"name":"Right Horn","x":296}],"width":512,"height":1024,"name":"HighDragon","imagePath":"HighDragon_tex.png"}