{"width":512,"SubTexture":[{"frameY":-1,"y":1,"frameWidth":350,"frameX":-1,"frameHeight":43,"width":348,"height":41,"name":"Layer 62","x":1},{"frameY":-1,"y":72,"frameWidth":33,"frameX":-1,"frameHeight":27,"width":31,"height":25,"name":"Folder 10","x":362},{"frameY":-1,"y":99,"frameWidth":33,"frameX":-1,"frameHeight":27,"width":31,"height":25,"name":"Folder 10 Copy 49","x":164},{"frameY":-1,"y":252,"frameWidth":33,"frameX":-1,"frameHeight":26,"width":31,"height":24,"name":"Folder 10 Copy 98","x":65},{"frameY":-1,"y":153,"frameWidth":32,"frameX":-1,"frameHeight":27,"width":30,"height":25,"name":"Folder 10 Copy 147","x":195},{"frameY":-1,"y":270,"frameWidth":33,"frameX":-1,"frameHeight":24,"width":31,"height":22,"name":"Folder 10 Copy 148","x":463},{"frameY":-1,"y":248,"frameWidth":33,"frameX":-1,"frameHeight":24,"width":31,"height":22,"name":"Folder 10 Copy 149","x":397},{"frameY":-1,"y":126,"frameWidth":33,"frameX":-1,"frameHeight":27,"width":31,"height":25,"name":"Folder 10 Copy 4","x":228},{"frameY":-1,"y":99,"frameWidth":33,"frameX":-1,"frameHeight":27,"width":31,"height":25,"name":"Folder 10 Copy 50","x":263},{"frameY":-1,"y":221,"frameWidth":32,"frameX":-1,"frameHeight":27,"width":30,"height":25,"name":"Folder 10 Copy 99","x":1},{"frameY":-1,"y":150,"frameWidth":33,"frameX":-1,"frameHeight":27,"width":31,"height":25,"name":"Folder 10 Copy 3","x":34},{"frameY":-1,"y":99,"frameWidth":33,"frameX":-1,"frameHeight":27,"width":31,"height":25,"name":"Folder 10 Copy 51","x":329},{"frameY":-1,"y":180,"frameWidth":32,"frameX":-1,"frameHeight":26,"width":30,"height":24,"name":"Folder 10 Copy 100","x":267},{"frameY":-1,"y":343,"frameWidth":33,"frameX":-1,"frameHeight":21,"width":31,"height":19,"name":"Folder 10 Copy","x":35},{"frameY":-1,"y":252,"frameWidth":34,"frameX":-1,"frameHeight":21,"width":32,"height":19,"name":"Folder 10 Copy 52","x":230},{"frameY":-1,"y":272,"frameWidth":34,"frameX":-1,"frameHeight":21,"width":32,"height":19,"name":"Folder 10 Copy 101","x":165},{"frameY":-1,"y":252,"frameWidth":34,"frameX":-1,"frameHeight":21,"width":32,"height":19,"name":"Folder 10 Copy 5","x":264},{"frameY":-1,"y":335,"frameWidth":33,"frameX":-1,"frameHeight":21,"width":31,"height":19,"name":"Folder 10 Copy 53","x":165},{"frameY":-1,"y":294,"frameWidth":34,"frameX":-1,"frameHeight":21,"width":32,"height":19,"name":"Folder 10 Copy 102","x":468},{"frameY":-1,"y":297,"frameWidth":34,"frameX":-1,"frameHeight":22,"width":32,"height":20,"name":"Folder 10 Copy 10","x":131},{"frameY":-1,"y":279,"frameWidth":33,"frameX":-1,"frameHeight":22,"width":31,"height":20,"name":"Folder 10 Copy 54","x":98},{"frameY":-1,"y":294,"frameWidth":33,"frameX":-1,"frameHeight":21,"width":31,"height":19,"name":"Folder 10 Copy 103","x":265},{"frameY":-1,"y":273,"frameWidth":34,"frameX":-1,"frameHeight":21,"width":32,"height":19,"name":"Folder 10 Copy 11","x":233},{"frameY":-1,"y":315,"frameWidth":33,"frameX":-1,"frameHeight":21,"width":31,"height":19,"name":"Folder 10 Copy 55","x":198},{"frameY":-1,"y":272,"frameWidth":34,"frameX":-1,"frameHeight":21,"width":32,"height":19,"name":"Folder 10 Copy 104","x":366},{"frameY":-1,"y":253,"frameWidth":34,"frameX":-1,"frameHeight":21,"width":32,"height":19,"name":"Folder 10 Copy 12","x":332},{"frameY":-1,"y":231,"frameWidth":33,"frameX":-1,"frameHeight":21,"width":31,"height":19,"name":"Folder 10 Copy 56","x":330},{"frameY":-1,"y":273,"frameWidth":34,"frameX":-1,"frameHeight":21,"width":32,"height":19,"name":"Folder 10 Copy 105","x":267},{"frameY":-1,"y":321,"frameWidth":34,"frameX":-1,"frameHeight":21,"width":32,"height":19,"name":"Folder 10 Copy 13","x":1},{"frameY":-1,"y":300,"frameWidth":34,"frameX":-1,"frameHeight":21,"width":32,"height":19,"name":"Folder 10 Copy 57","x":33},{"frameY":-1,"y":273,"frameWidth":34,"frameX":-1,"frameHeight":21,"width":32,"height":19,"name":"Folder 10 Copy 106","x":199},{"frameY":-1,"y":294,"frameWidth":34,"frameX":-1,"frameHeight":21,"width":32,"height":19,"name":"Folder 10 Copy 14","x":400},{"frameY":-1,"y":294,"frameWidth":34,"frameX":-1,"frameHeight":21,"width":32,"height":19,"name":"Folder 10 Copy 58","x":434},{"frameY":-1,"y":274,"frameWidth":34,"frameX":-1,"frameHeight":21,"width":32,"height":19,"name":"Folder 10 Copy 107","x":301},{"frameY":-1,"y":356,"frameWidth":34,"frameX":-1,"frameHeight":21,"width":32,"height":19,"name":"Folder 10 Copy 15","x":335},{"frameY":-1,"y":314,"frameWidth":34,"frameX":-1,"frameHeight":21,"width":32,"height":19,"name":"Folder 10 Copy 59","x":335},{"frameY":-1,"y":335,"frameWidth":34,"frameX":-1,"frameHeight":21,"width":32,"height":19,"name":"Folder 10 Copy 108","x":335},{"frameY":-1,"y":322,"frameWidth":34,"frameX":-1,"frameHeight":21,"width":32,"height":19,"name":"Folder 10 Copy 6","x":69},{"frameY":-1,"y":293,"frameWidth":34,"frameX":-1,"frameHeight":21,"width":32,"height":19,"name":"Folder 10 Copy 60","x":165},{"frameY":-1,"y":252,"frameWidth":34,"frameX":-1,"frameHeight":21,"width":32,"height":19,"name":"Folder 10 Copy 109","x":298},{"frameY":-1,"y":316,"frameWidth":34,"frameX":-1,"frameHeight":21,"width":32,"height":19,"name":"Folder 10 Copy 2","x":301},{"frameY":-1,"y":314,"frameWidth":33,"frameX":-1,"frameHeight":21,"width":31,"height":19,"name":"Folder 10 Copy 61","x":165},{"frameY":-1,"y":295,"frameWidth":34,"frameX":-1,"frameHeight":21,"width":32,"height":19,"name":"Folder 10 Copy 110","x":301},{"frameY":-1,"y":204,"frameWidth":32,"frameX":-1,"frameHeight":27,"width":30,"height":25,"name":"Folder 10 Copy 7","x":33},{"frameY":-1,"y":193,"frameWidth":32,"frameX":-1,"frameHeight":27,"width":30,"height":25,"name":"Folder 10 Copy 62","x":458},{"frameY":-1,"y":44,"frameWidth":33,"frameX":-1,"frameHeight":28,"width":31,"height":26,"name":"Folder 10 Copy 111","x":1},{"frameY":-1,"y":44,"frameWidth":33,"frameX":-1,"frameHeight":28,"width":31,"height":26,"name":"Folder 10 Copy 8","x":34},{"frameY":-1,"y":67,"frameWidth":32,"frameX":-1,"frameHeight":28,"width":30,"height":26,"name":"Folder 10 Copy 63","x":100},{"frameY":-1,"y":153,"frameWidth":32,"frameX":-1,"frameHeight":27,"width":30,"height":25,"name":"Folder 10 Copy 112","x":131},{"frameY":-1,"y":44,"frameWidth":32,"frameX":-1,"frameHeight":28,"width":30,"height":26,"name":"Folder 10 Copy 25","x":139},{"frameY":-1,"y":44,"frameWidth":32,"frameX":-1,"frameHeight":28,"width":30,"height":26,"name":"Folder 10 Copy 64","x":235},{"frameY":-1,"y":153,"frameWidth":32,"frameX":-1,"frameHeight":27,"width":30,"height":25,"name":"Folder 10 Copy 113","x":291},{"frameY":-1,"y":72,"frameWidth":32,"frameX":-1,"frameHeight":28,"width":30,"height":26,"name":"Folder 10 Copy 26","x":65},{"frameY":-1,"y":44,"frameWidth":32,"frameX":-1,"frameHeight":28,"width":30,"height":26,"name":"Folder 10 Copy 65","x":299},{"frameY":-1,"y":194,"frameWidth":32,"frameX":-1,"frameHeight":27,"width":30,"height":25,"name":"Folder 10 Copy 114","x":1},{"frameY":-1,"y":44,"frameWidth":32,"frameX":-1,"frameHeight":28,"width":30,"height":26,"name":"Folder 10 Copy 27","x":267},{"frameY":-1,"y":44,"frameWidth":32,"frameX":-1,"frameHeight":28,"width":30,"height":26,"name":"Folder 10 Copy 66","x":331},{"frameY":-1,"y":72,"frameWidth":32,"frameX":-1,"frameHeight":28,"width":30,"height":26,"name":"Folder 10 Copy 115","x":132},{"frameY":-1,"y":44,"frameWidth":33,"frameX":-1,"frameHeight":28,"width":31,"height":26,"name":"Folder 10 Copy 28","x":67},{"frameY":-1,"y":95,"frameWidth":32,"frameX":-1,"frameHeight":28,"width":30,"height":26,"name":"Folder 10 Copy 67","x":97},{"frameY":-1,"y":198,"frameWidth":32,"frameX":-1,"frameHeight":27,"width":30,"height":25,"name":"Folder 10 Copy 116","x":66},{"frameY":-1,"y":258,"frameWidth":32,"frameX":-1,"frameHeight":27,"width":30,"height":25,"name":"Folder 10 Copy 29","x":33},{"frameY":-1,"y":112,"frameWidth":33,"frameX":-1,"frameHeight":27,"width":31,"height":25,"name":"Folder 10 Copy 68","x":461},{"frameY":-1,"y":112,"frameWidth":32,"frameX":-1,"frameHeight":28,"width":30,"height":26,"name":"Folder 10 Copy 117","x":33},{"frameY":-1,"y":231,"frameWidth":32,"frameX":-1,"frameHeight":27,"width":30,"height":25,"name":"Folder 10 Copy 30","x":33},{"frameY":-1,"y":144,"frameWidth":32,"frameX":-1,"frameHeight":27,"width":30,"height":25,"name":"Folder 10 Copy 69","x":426},{"frameY":-1,"y":90,"frameWidth":32,"frameX":-1,"frameHeight":28,"width":30,"height":26,"name":"Folder 10 Copy 118","x":1},{"frameY":-1,"y":72,"frameWidth":32,"frameX":-1,"frameHeight":28,"width":30,"height":26,"name":"Folder 10 Copy 31","x":33},{"frameY":-1,"y":44,"frameWidth":32,"frameX":-1,"frameHeight":28,"width":30,"height":26,"name":"Folder 10 Copy 70","x":203},{"frameY":-1,"y":275,"frameWidth":32,"frameX":-1,"frameHeight":27,"width":30,"height":25,"name":"Folder 10 Copy 119","x":1},{"frameY":-1,"y":44,"frameWidth":32,"frameX":-1,"frameHeight":28,"width":30,"height":26,"name":"Folder 10 Copy 9","x":171},{"frameY":-1,"y":44,"frameWidth":32,"frameX":-1,"frameHeight":28,"width":30,"height":26,"name":"Folder 10 Copy 71","x":363},{"frameY":-1,"y":166,"frameWidth":32,"frameX":-1,"frameHeight":27,"width":30,"height":25,"name":"Folder 10 Copy 120","x":458},{"frameY":-1,"y":153,"frameWidth":32,"frameX":-1,"frameHeight":27,"width":30,"height":25,"name":"Folder 10 Copy 16","x":259},{"frameY":-1,"y":99,"frameWidth":33,"frameX":-1,"frameHeight":27,"width":31,"height":25,"name":"Folder 10 Copy 72","x":197},{"frameY":-1,"y":99,"frameWidth":33,"frameX":-1,"frameHeight":27,"width":31,"height":25,"name":"Folder 10 Copy 121","x":362},{"frameY":-1,"y":153,"frameWidth":32,"frameX":-1,"frameHeight":27,"width":30,"height":25,"name":"Folder 10 Copy 17","x":227},{"frameY":-1,"y":72,"frameWidth":33,"frameX":-1,"frameHeight":27,"width":31,"height":25,"name":"Folder 10 Copy 73","x":164},{"frameY":-1,"y":72,"frameWidth":33,"frameX":-1,"frameHeight":27,"width":31,"height":25,"name":"Folder 10 Copy 122","x":395},{"frameY":-1,"y":205,"frameWidth":33,"frameX":-1,"frameHeight":26,"width":31,"height":24,"name":"Folder 10 Copy 18","x":98},{"frameY":-1,"y":180,"frameWidth":32,"frameX":-1,"frameHeight":26,"width":30,"height":24,"name":"Folder 10 Copy 74","x":299},{"frameY":-1,"y":99,"frameWidth":33,"frameX":-1,"frameHeight":27,"width":31,"height":25,"name":"Folder 10 Copy 123","x":230},{"frameY":-1,"y":179,"frameWidth":33,"frameX":-1,"frameHeight":26,"width":31,"height":24,"name":"Folder 10 Copy 19","x":355},{"frameY":-1,"y":205,"frameWidth":32,"frameX":-1,"frameHeight":26,"width":30,"height":24,"name":"Folder 10 Copy 75","x":331},{"frameY":-1,"y":72,"frameWidth":33,"frameX":-1,"frameHeight":27,"width":31,"height":25,"name":"Folder 10 Copy 124","x":230},{"frameY":-1,"y":153,"frameWidth":33,"frameX":-1,"frameHeight":26,"width":31,"height":24,"name":"Folder 10 Copy 20","x":355},{"frameY":-1,"y":231,"frameWidth":33,"frameX":-1,"frameHeight":26,"width":31,"height":24,"name":"Folder 10 Copy 76","x":98},{"frameY":-1,"y":126,"frameWidth":33,"frameX":-1,"frameHeight":27,"width":31,"height":25,"name":"Folder 10 Copy 125","x":393},{"frameY":-1,"y":153,"frameWidth":33,"frameX":-1,"frameHeight":26,"width":31,"height":24,"name":"Folder 10 Copy 21","x":388},{"frameY":-1,"y":202,"frameWidth":32,"frameX":-1,"frameHeight":26,"width":30,"height":24,"name":"Folder 10 Copy 77","x":164},{"frameY":-1,"y":177,"frameWidth":32,"frameX":-1,"frameHeight":27,"width":30,"height":25,"name":"Folder 10 Copy 126","x":99},{"frameY":-1,"y":248,"frameWidth":32,"frameX":-1,"frameHeight":27,"width":30,"height":25,"name":"Folder 10 Copy 22","x":1},{"frameY":-1,"y":72,"frameWidth":33,"frameX":-1,"frameHeight":27,"width":31,"height":25,"name":"Folder 10 Copy 78","x":329},{"frameY":-1,"y":90,"frameWidth":33,"frameX":-1,"frameHeight":27,"width":31,"height":25,"name":"Folder 10 Copy 127","x":428},{"frameY":-1,"y":126,"frameWidth":33,"frameX":-1,"frameHeight":27,"width":31,"height":25,"name":"Folder 10 Copy 23","x":162},{"frameY":-1,"y":177,"frameWidth":32,"frameX":-1,"frameHeight":27,"width":30,"height":25,"name":"Folder 10 Copy 79","x":34},{"frameY":-1,"y":126,"frameWidth":33,"frameX":-1,"frameHeight":27,"width":31,"height":25,"name":"Folder 10 Copy 128","x":195},{"frameY":-1,"y":206,"frameWidth":32,"frameX":-1,"frameHeight":26,"width":30,"height":24,"name":"Folder 10 Copy 24","x":131},{"frameY":-1,"y":179,"frameWidth":33,"frameX":-1,"frameHeight":26,"width":31,"height":24,"name":"Folder 10 Copy 80","x":388},{"frameY":-1,"y":100,"frameWidth":33,"frameX":-1,"frameHeight":27,"width":31,"height":25,"name":"Folder 10 Copy 129","x":129},{"frameY":-1,"y":341,"frameWidth":33,"frameX":-1,"frameHeight":21,"width":31,"height":19,"name":"Folder 10 Copy 32","x":103},{"frameY":-1,"y":293,"frameWidth":34,"frameX":-1,"frameHeight":21,"width":32,"height":19,"name":"Folder 10 Copy 81","x":366},{"frameY":-1,"y":377,"frameWidth":34,"frameX":-1,"frameHeight":21,"width":32,"height":19,"name":"Folder 10 Copy 130","x":335},{"frameY":-1,"y":205,"frameWidth":34,"frameX":-1,"frameHeight":24,"width":32,"height":22,"name":"Folder 10 Copy 33","x":363},{"frameY":-1,"y":270,"frameWidth":33,"frameX":-1,"frameHeight":24,"width":31,"height":22,"name":"Folder 10 Copy 82","x":430},{"frameY":-1,"y":224,"frameWidth":34,"frameX":-1,"frameHeight":24,"width":32,"height":22,"name":"Folder 10 Copy 131","x":397},{"frameY":-1,"y":206,"frameWidth":34,"frameX":-1,"frameHeight":23,"width":32,"height":21,"name":"Folder 10 Copy 34","x":296},{"frameY":-1,"y":230,"frameWidth":34,"frameX":-1,"frameHeight":23,"width":32,"height":21,"name":"Folder 10 Copy 83","x":196},{"frameY":-1,"y":229,"frameWidth":34,"frameX":-1,"frameHeight":23,"width":32,"height":21,"name":"Folder 10 Copy 132","x":262},{"frameY":-1,"y":171,"frameWidth":32,"frameX":-1,"frameHeight":27,"width":30,"height":25,"name":"Folder 10 Copy 35","x":426},{"frameY":-1,"y":126,"frameWidth":33,"frameX":-1,"frameHeight":27,"width":31,"height":25,"name":"Folder 10 Copy 84","x":261},{"frameY":-1,"y":126,"frameWidth":33,"frameX":-1,"frameHeight":27,"width":31,"height":25,"name":"Folder 10 Copy 133","x":294},{"frameY":-1,"y":225,"frameWidth":32,"frameX":-1,"frameHeight":27,"width":30,"height":25,"name":"Folder 10 Copy 36","x":66},{"frameY":-1,"y":126,"frameWidth":33,"frameX":-1,"frameHeight":27,"width":31,"height":25,"name":"Folder 10 Copy 85","x":327},{"frameY":-1,"y":99,"frameWidth":33,"frameX":-1,"frameHeight":27,"width":31,"height":25,"name":"Folder 10 Copy 134","x":395},{"frameY":-1,"y":153,"frameWidth":32,"frameX":-1,"frameHeight":27,"width":30,"height":25,"name":"Folder 10 Copy 37","x":163},{"frameY":-1,"y":99,"frameWidth":33,"frameX":-1,"frameHeight":27,"width":31,"height":25,"name":"Folder 10 Copy 86","x":296},{"frameY":-1,"y":167,"frameWidth":33,"frameX":-1,"frameHeight":27,"width":31,"height":25,"name":"Folder 10 Copy 135","x":1},{"frameY":-1,"y":229,"frameWidth":34,"frameX":-1,"frameHeight":23,"width":32,"height":21,"name":"Folder 10 Copy 38","x":296},{"frameY":-1,"y":206,"frameWidth":34,"frameX":-1,"frameHeight":23,"width":32,"height":21,"name":"Folder 10 Copy 87","x":262},{"frameY":-1,"y":252,"frameWidth":34,"frameX":-1,"frameHeight":23,"width":32,"height":21,"name":"Folder 10 Copy 136","x":131},{"frameY":-1,"y":117,"frameWidth":33,"frameX":-1,"frameHeight":27,"width":31,"height":25,"name":"Folder 10 Copy 39","x":428},{"frameY":-1,"y":153,"frameWidth":32,"frameX":-1,"frameHeight":27,"width":30,"height":25,"name":"Folder 10 Copy 88","x":323},{"frameY":-1,"y":171,"frameWidth":32,"frameX":-1,"frameHeight":27,"width":30,"height":25,"name":"Folder 10 Copy 137","x":67},{"frameY":-1,"y":72,"frameWidth":33,"frameX":-1,"frameHeight":27,"width":31,"height":25,"name":"Folder 10 Copy 40","x":263},{"frameY":-1,"y":126,"frameWidth":33,"frameX":-1,"frameHeight":27,"width":31,"height":25,"name":"Folder 10 Copy 89","x":360},{"frameY":-1,"y":140,"frameWidth":33,"frameX":-1,"frameHeight":27,"width":31,"height":25,"name":"Folder 10 Copy 138","x":1},{"frameY":-1,"y":180,"frameWidth":32,"frameX":-1,"frameHeight":26,"width":30,"height":24,"name":"Folder 10 Copy 41","x":203},{"frameY":-1,"y":180,"frameWidth":33,"frameX":-1,"frameHeight":26,"width":31,"height":24,"name":"Folder 10 Copy 90","x":131},{"frameY":-1,"y":72,"frameWidth":33,"frameX":-1,"frameHeight":27,"width":31,"height":25,"name":"Folder 10 Copy 139","x":197},{"frameY":-1,"y":206,"frameWidth":33,"frameX":-1,"frameHeight":24,"width":31,"height":22,"name":"Folder 10 Copy 42","x":229},{"frameY":-1,"y":246,"frameWidth":34,"frameX":-1,"frameHeight":24,"width":32,"height":22,"name":"Folder 10 Copy 91","x":431},{"frameY":-1,"y":229,"frameWidth":34,"frameX":-1,"frameHeight":24,"width":32,"height":22,"name":"Folder 10 Copy 140","x":363},{"frameY":-1,"y":206,"frameWidth":33,"frameX":-1,"frameHeight":24,"width":31,"height":22,"name":"Folder 10 Copy 43","x":196},{"frameY":-1,"y":228,"frameWidth":33,"frameX":-1,"frameHeight":24,"width":31,"height":22,"name":"Folder 10 Copy 92","x":163},{"frameY":-1,"y":246,"frameWidth":33,"frameX":-1,"frameHeight":24,"width":31,"height":22,"name":"Folder 10 Copy 141","x":465},{"frameY":-1,"y":294,"frameWidth":33,"frameX":-1,"frameHeight":21,"width":31,"height":19,"name":"Folder 10 Copy 44","x":199},{"frameY":-1,"y":342,"frameWidth":34,"frameX":-1,"frameHeight":21,"width":32,"height":19,"name":"Folder 10 Copy 93","x":1},{"frameY":-1,"y":319,"frameWidth":34,"frameX":-1,"frameHeight":22,"width":32,"height":20,"name":"Folder 10 Copy 142","x":131},{"frameY":-1,"y":275,"frameWidth":34,"frameX":-1,"frameHeight":22,"width":32,"height":20,"name":"Folder 10 Copy 45","x":131},{"frameY":-1,"y":278,"frameWidth":33,"frameX":-1,"frameHeight":22,"width":31,"height":20,"name":"Folder 10 Copy 94","x":65},{"frameY":-1,"y":257,"frameWidth":33,"frameX":-1,"frameHeight":22,"width":31,"height":20,"name":"Folder 10 Copy 143","x":98},{"frameY":-1,"y":1,"frameWidth":40,"frameX":-1,"frameHeight":30,"width":38,"height":28,"name":"Layer 63 Copy","x":446},{"frameY":-1,"y":180,"frameWidth":32,"frameX":-1,"frameHeight":26,"width":30,"height":24,"name":"Folder 10 Copy 46","x":235},{"frameY":-1,"y":198,"frameWidth":33,"frameX":-1,"frameHeight":26,"width":31,"height":24,"name":"Folder 10 Copy 95","x":421},{"frameY":-1,"y":144,"frameWidth":33,"frameX":-1,"frameHeight":27,"width":31,"height":25,"name":"Folder 10 Copy 144","x":98},{"frameY":-1,"y":123,"frameWidth":33,"frameX":-1,"frameHeight":27,"width":31,"height":25,"name":"Folder 10 Copy 47","x":65},{"frameY":-1,"y":72,"frameWidth":33,"frameX":-1,"frameHeight":27,"width":31,"height":25,"name":"Folder 10 Copy 96","x":296},{"frameY":-1,"y":139,"frameWidth":33,"frameX":-1,"frameHeight":27,"width":31,"height":25,"name":"Folder 10 Copy 145","x":461},{"frameY":-1,"y":301,"frameWidth":34,"frameX":-1,"frameHeight":21,"width":32,"height":19,"name":"Folder 10 Copy 48","x":67},{"frameY":-1,"y":322,"frameWidth":34,"frameX":-1,"frameHeight":21,"width":32,"height":19,"name":"Folder 10 Copy 97","x":35},{"frameY":-1,"y":294,"frameWidth":33,"frameX":-1,"frameHeight":21,"width":31,"height":19,"name":"Folder 10 Copy 146","x":232},{"frameY":-1,"y":31,"frameWidth":37,"frameX":-1,"frameHeight":30,"width":35,"height":28,"name":"Layer 63","x":446},{"frameY":-1,"y":43,"frameWidth":37,"frameX":-1,"frameHeight":29,"width":35,"height":27,"name":"Layer 63 Copy 2","x":399},{"width":33,"y":61,"height":27,"name":"Folder 10 Copy 150","x":436},{"frameY":-1,"y":220,"frameWidth":33,"frameX":-1,"frameHeight":26,"width":31,"height":24,"name":"Folder 10 Copy 151","x":454},{"frameY":-1,"y":86,"frameWidth":36,"frameX":-1,"frameHeight":26,"width":34,"height":24,"name":"Layer 64","x":471},{"frameY":-1,"y":61,"frameWidth":38,"frameX":-1,"frameHeight":25,"width":36,"height":23,"name":"Layer 64 Copy","x":471},{"frameY":-1,"y":44,"frameWidth":39,"frameX":-1,"frameHeight":23,"width":37,"height":21,"name":"Layer 64 Copy 2","x":100},{"frameY":-1,"y":180,"frameWidth":39,"frameX":-1,"frameHeight":22,"width":37,"height":20,"name":"Layer 64 Copy 3","x":164},{"frameY":-1,"y":1,"frameWidth":47,"frameX":-1,"frameHeight":42,"width":45,"height":40,"name":"eye left","x":399},{"frameY":-1,"y":1,"frameWidth":48,"frameX":-1,"frameHeight":43,"width":46,"height":41,"name":"eye Right","x":351}],"height":512,"name":"Midas","imagePath":"Midas_tex.png"}