{"frameRate":30,"isGlobal":0,"name":"Zeograth","version":"5.0","armature":[{"animation":[{"ffd":[],"frame":[],"slot":[],"duration":36,"ik":[],"name":"Attack A","bone":[{"frame":[{"duration":5,"transform":{}},{"duration":10,"transform":{}},{"duration":5,"transform":{}},{"duration":16,"transform":{}},{"duration":0,"transform":{}}],"name":"root"},{"frame":[{"curve":[0.25,0,1,0],"duration":5,"transform":{}},{"curve":[0.25,0,0.117,0.99],"duration":10,"transform":{"y":11.72,"x":7.4}},{"curve":[0.25,0,0,1],"duration":5,"transform":{"y":23.11,"x":-129.18}},{"curve":[0.25,0,0.75,1],"duration":16,"transform":{"y":28.61,"x":-137.98}},{"duration":0,"transform":{}}],"name":"mid"},{"frame":[{"duration":5,"transform":{}},{"curve":[0.25,0,0.117,0.99],"duration":10,"transform":{}},{"curve":[0.25,0,0,1],"duration":5,"transform":{"x":-133.33}},{"curve":[0.25,0,0.75,1],"duration":16,"transform":{"x":-154.23}},{"duration":0,"transform":{}}],"name":"ikLegLeft"},{"frame":[{"curve":[0.25,0,1,0],"duration":5,"transform":{"skX":-27.75,"skY":-27.75}},{"curve":[0.25,0,0.117,0.99],"duration":10,"transform":{"skX":-33.9,"skY":-33.9}},{"curve":[0.25,0,0,1],"duration":5,"transform":{"skX":-44.68,"skY":-44.68}},{"curve":[0.25,0,0.75,1],"duration":16,"transform":{"skX":-38.3,"skY":-38.3}},{"duration":0,"transform":{"skX":-27.75,"skY":-27.75}}],"name":"mid4"},{"frame":[{"curve":[0.25,0,1,0],"duration":5,"transform":{"skX":43.78,"skY":43.78}},{"curve":[0.25,0,0.117,0.99],"duration":10,"transform":{"skX":58.57,"skY":58.57}},{"curve":[0.25,0,0,1],"duration":5,"transform":{"skX":76.19,"skY":76.19}},{"curve":[0.25,0,0.75,1],"duration":16,"transform":{"skX":72.73,"skY":72.73}},{"duration":0,"transform":{"skX":43.78,"skY":43.78}}],"name":"mid5"},{"frame":[{"duration":5,"transform":{}},{"curve":[0.25,0,0.117,0.99],"duration":10,"transform":{}},{"curve":[0.25,0,0,1],"duration":5,"transform":{"x":-120.32}},{"curve":[0.25,0,0.75,1],"duration":16,"transform":{"x":-108.77}},{"duration":0,"transform":{}}],"name":"IKLegRight"},{"frame":[{"curve":[0.25,0,1,0],"duration":5,"transform":{"skX":11.15,"skY":11.15}},{"curve":[0.25,0,0.117,0.99],"duration":10,"transform":{"skX":25.07,"skY":25.07}},{"curve":[0.25,0,0,1],"duration":5,"transform":{"skX":20.74,"skY":20.74}},{"curve":[0.25,0,0.75,1],"duration":16,"transform":{"skX":10.04,"skY":10.04}},{"duration":0,"transform":{"skX":11.15,"skY":11.15}}],"name":"bone"},{"frame":[{"curve":[0.25,0,1,0],"duration":5,"transform":{"skX":-22.39,"skY":-22.39}},{"curve":[0.25,0,0.117,0.99],"duration":10,"transform":{"skX":-50.44,"skY":-50.44}},{"curve":[0.25,0,0,1],"duration":5,"transform":{"skX":-50.93,"skY":-50.93}},{"curve":[0.25,0,0.75,1],"duration":16,"transform":{"skX":-38.19,"skY":-38.19}},{"duration":0,"transform":{"skX":-22.39,"skY":-22.39}}],"name":"bone2"},{"frame":[{"duration":5,"transform":{}},{"curve":[0.25,0,0.117,0.99],"duration":10,"transform":{}},{"duration":5,"transform":{"skX":-9.89,"skY":-9.89}},{"curve":[0.25,0,0.75,1],"duration":16,"transform":{"skX":-9.89,"skY":-9.89}},{"duration":0,"transform":{}}],"name":"mid2"},{"frame":[{"duration":5,"transform":{}},{"curve":[0.25,0,0.117,0.99],"duration":10,"transform":{}},{"duration":5,"transform":{"y":-20.53,"x":14.61,"skX":-12.43,"skY":-12.43}},{"curve":[0.25,0,0.75,1],"duration":16,"transform":{"y":-20.53,"x":14.61,"skX":-12.43,"skY":-12.43}},{"duration":0,"transform":{}}],"name":"mid3"},{"frame":[{"duration":5,"transform":{}},{"curve":[0.25,0,0.117,0.99],"duration":10,"transform":{}},{"curve":[0.25,0,0,1],"duration":5,"transform":{"skX":35.86,"skY":35.86}},{"curve":[0.25,0,0.75,1],"duration":16,"transform":{"y":4.3,"x":-24.86,"skX":42.62,"skY":42.62}},{"duration":0,"transform":{}}],"name":"head"},{"frame":[{"curve":[0.25,0,1,0],"duration":5,"transform":{}},{"duration":10,"transform":{"skX":-41.99,"skY":-41.99}},{"curve":[0.25,0,0,1],"duration":5,"transform":{"skX":-41.99,"skY":-41.99}},{"curve":[0.25,0,0.75,1],"duration":16,"transform":{"skX":-3.3,"skY":-3.3}},{"duration":0,"transform":{}}],"name":"mid7"},{"frame":[{"curve":[0.25,0,1,0],"duration":5,"transform":{}},{"curve":[0.25,0,0.117,0.99],"duration":10,"transform":{"skX":-20.87,"skY":-20.87}},{"curve":[0.25,0,0,1],"duration":5,"transform":{"y":50.47,"x":8.73,"skX":27.22,"skY":27.22}},{"curve":[0.25,0,0.75,1],"duration":16,"transform":{"y":50.47,"x":8.73,"skX":-12.65,"skY":-12.65}},{"duration":0,"transform":{}}],"name":"ArmLeft"},{"frame":[{"duration":5,"transform":{}},{"duration":10,"transform":{}},{"duration":5,"transform":{}},{"duration":16,"transform":{}},{"duration":0,"transform":{}}],"name":"mid8"},{"frame":[{"duration":5,"transform":{}},{"duration":10,"transform":{}},{"duration":5,"transform":{}},{"duration":16,"transform":{}},{"duration":0,"transform":{}}],"name":"mid9"},{"frame":[{"curve":[0.25,0,1,0],"duration":5,"transform":{}},{"duration":10,"transform":{"skX":12.81,"skY":12.81}},{"duration":5,"transform":{"skX":12.81,"skY":12.81}},{"curve":[0.25,0,0.75,1],"duration":16,"transform":{"skX":12.81,"skY":12.81}},{"duration":0,"transform":{}}],"name":"mid10"},{"frame":[{"curve":[0.25,0,1,0],"duration":5,"transform":{}},{"duration":10,"transform":{"skX":-7.19,"skY":-7.19}},{"duration":5,"transform":{"skX":-7.19,"skY":-7.19}},{"curve":[0.25,0,0.75,1],"duration":16,"transform":{"skX":-7.19,"skY":-7.19}},{"duration":0,"transform":{}}],"name":"mid11"},{"frame":[{"curve":[0.25,0,1,0],"duration":5,"transform":{}},{"duration":10,"transform":{"skX":-18.1,"skY":-18.1}},{"duration":5,"transform":{"skX":-18.1,"skY":-18.1}},{"curve":[0.25,0,0.75,1],"duration":16,"transform":{"skX":-18.1,"skY":-18.1}},{"duration":0,"transform":{}}],"name":"mid12"},{"frame":[{"curve":[0.25,0,1,0],"duration":5,"transform":{}},{"duration":10,"transform":{"skX":-14.31,"skY":-14.31}},{"curve":[0.25,0,0,1],"duration":5,"transform":{"skX":-14.31,"skY":-14.31}},{"curve":[0.25,0,0.75,1],"duration":16,"transform":{"skX":-48.18,"skY":-48.18}},{"duration":0,"transform":{}}],"name":"ArmRight"},{"frame":[{"duration":5,"transform":{}},{"duration":10,"transform":{}},{"duration":5,"transform":{}},{"duration":16,"transform":{}},{"duration":0,"transform":{}}],"name":"mid13"},{"frame":[{"curve":[0.25,0,1,0],"duration":5,"transform":{}},{"curve":[0.25,0,0.117,0.99],"duration":10,"transform":{"skX":-8.43,"skY":-8.43}},{"duration":5,"transform":{"skX":37.76,"skY":37.76}},{"curve":[0.25,0,0.75,1],"duration":16,"transform":{"skX":37.76,"skY":37.76}},{"duration":0,"transform":{}}],"name":"mid14"},{"frame":[{"curve":[0.25,0,1,0],"duration":5,"transform":{}},{"duration":10,"transform":{"skX":-6.23,"skY":-6.23}},{"duration":5,"transform":{"skX":-6.23,"skY":-6.23}},{"curve":[0.25,0,0.75,1],"duration":16,"transform":{"skX":-6.23,"skY":-6.23}},{"duration":0,"transform":{}}],"name":"mid15"},{"frame":[{"duration":5,"transform":{}},{"duration":10,"transform":{}},{"duration":5,"transform":{}},{"duration":16,"transform":{}},{"duration":0,"transform":{}}],"name":"mid16"},{"frame":[{"duration":5,"transform":{}},{"duration":10,"transform":{}},{"duration":5,"transform":{}},{"duration":16,"transform":{}},{"duration":0,"transform":{}}],"name":"mid17"},{"frame":[{"curve":[0.25,0,1,0],"duration":5,"transform":{}},{"duration":10,"transform":{"skX":19.46,"skY":19.46}},{"curve":[0.25,0,0,1],"duration":5,"transform":{"skX":19.46,"skY":19.46}},{"curve":[0.25,0,0.75,1],"duration":16,"transform":{"skX":2.17,"skY":2.17}},{"duration":0,"transform":{}}],"name":"mid6"},{"frame":[{"duration":5,"transform":{}},{"duration":10,"transform":{}},{"curve":[0.25,0,0,1],"duration":5,"transform":{}},{"curve":[0.25,0,0.75,1],"duration":16,"transform":{"skX":-2.7,"skY":-2.7}},{"duration":0,"transform":{}}],"name":"mid18"},{"frame":[{"duration":5,"transform":{}},{"duration":10,"transform":{}},{"curve":[0.25,0,0,1],"duration":5,"transform":{}},{"curve":[0.25,0,0.75,1],"duration":16,"transform":{"skX":-14.29,"skY":-14.29}},{"duration":0,"transform":{}}],"name":"mid19"},{"frame":[{"duration":5,"transform":{}},{"duration":10,"transform":{}},{"curve":[0.25,0,0,1],"duration":5,"transform":{}},{"curve":[0.25,0,0.75,1],"duration":16,"transform":{"skX":-12.04,"skY":-12.04}},{"duration":0,"transform":{}}],"name":"mid20"},{"frame":[{"duration":5,"transform":{}},{"duration":10,"transform":{}},{"curve":[0.25,0,0,1],"duration":5,"transform":{}},{"curve":[0.25,0,0.75,1],"duration":16,"transform":{"skX":-12.35,"skY":-12.35}},{"duration":0,"transform":{}}],"name":"mid21"},{"frame":[{"duration":5,"transform":{}},{"duration":10,"transform":{}},{"curve":[0.25,0,0,1],"duration":5,"transform":{}},{"curve":[0.25,0,0.75,1],"duration":16,"transform":{"skX":3.92,"skY":3.92}},{"duration":0,"transform":{}}],"name":"mid22"},{"frame":[{"curve":[0.25,0,1,0],"duration":5,"transform":{}},{"curve":[0.25,0,0.117,0.99],"duration":10,"transform":{"scX":1.12}},{"curve":[0.25,0,0,1],"duration":5,"transform":{"scX":1.28}},{"curve":[0.25,0,0.75,1],"duration":16,"transform":{"scX":1.4}},{"duration":0,"transform":{}}],"name":"shadow"}]},{"ffd":[],"frame":[],"slot":[],"duration":36,"ik":[],"name":"Attack B","bone":[{"frame":[{"duration":10,"transform":{}},{"duration":5,"transform":{}},{"duration":21,"transform":{}},{"duration":0,"transform":{}}],"name":"root"},{"frame":[{"curve":[0.25,0,1,0],"duration":10,"transform":{}},{"curve":[0.25,0,0,1],"duration":5,"transform":{"y":11.72,"x":7.4}},{"curve":[0.25,0,0.75,1],"duration":21,"transform":{"y":23.11,"x":-129.18}},{"duration":0,"transform":{}}],"name":"mid"},{"frame":[{"duration":10,"transform":{}},{"curve":[0.25,0,0,1],"duration":5,"transform":{}},{"curve":[0.25,0,0.75,1],"duration":21,"transform":{"x":-133.33}},{"duration":0,"transform":{}}],"name":"ikLegLeft"},{"frame":[{"curve":[0.25,0,1,0],"duration":10,"transform":{"skX":-27.75,"skY":-27.75}},{"curve":[0.25,0,0,1],"duration":5,"transform":{"skX":-33.9,"skY":-33.9}},{"curve":[0.25,0,0.75,1],"duration":21,"transform":{"skX":-44.68,"skY":-44.68}},{"duration":0,"transform":{"skX":-27.75,"skY":-27.75}}],"name":"mid4"},{"frame":[{"curve":[0.25,0,1,0],"duration":10,"transform":{"skX":43.78,"skY":43.78}},{"curve":[0.25,0,0,1],"duration":5,"transform":{"skX":58.57,"skY":58.57}},{"curve":[0.25,0,0.75,1],"duration":21,"transform":{"skX":76.19,"skY":76.19}},{"duration":0,"transform":{"skX":43.78,"skY":43.78}}],"name":"mid5"},{"frame":[{"duration":10,"transform":{}},{"curve":[0.25,0,0,1],"duration":5,"transform":{}},{"curve":[0.25,0,0.75,1],"duration":21,"transform":{"x":-120.32}},{"duration":0,"transform":{}}],"name":"IKLegRight"},{"frame":[{"curve":[0.25,0,1,0],"duration":10,"transform":{"skX":11.15,"skY":11.15}},{"curve":[0.25,0,0,1],"duration":5,"transform":{"skX":25.07,"skY":25.07}},{"curve":[0.25,0,0.75,1],"duration":21,"transform":{"skX":20.74,"skY":20.74}},{"duration":0,"transform":{"skX":11.15,"skY":11.15}}],"name":"bone"},{"frame":[{"curve":[0.25,0,1,0],"duration":10,"transform":{"skX":-22.39,"skY":-22.39}},{"curve":[0.25,0,0,1],"duration":5,"transform":{"skX":-50.44,"skY":-50.44}},{"curve":[0.25,0,0.75,1],"duration":21,"transform":{"skX":-50.93,"skY":-50.93}},{"duration":0,"transform":{"skX":-22.39,"skY":-22.39}}],"name":"bone2"},{"frame":[{"duration":10,"transform":{}},{"curve":[0.25,0,0,1],"duration":5,"transform":{}},{"curve":[0.25,0,0.75,1],"duration":21,"transform":{"skX":-9.89,"skY":-9.89}},{"duration":0,"transform":{}}],"name":"mid2"},{"frame":[{"duration":10,"transform":{}},{"curve":[0.25,0,0,1],"duration":5,"transform":{}},{"curve":[0.25,0,0.75,1],"duration":21,"transform":{"y":-20.53,"x":14.61,"skX":-12.43,"skY":-12.43}},{"duration":0,"transform":{}}],"name":"mid3"},{"frame":[{"duration":10,"transform":{}},{"curve":[0.25,0,0,1],"duration":5,"transform":{}},{"curve":[0.25,0,0.75,1],"duration":21,"transform":{"skX":35.86,"skY":35.86}},{"duration":0,"transform":{}}],"name":"head"},{"frame":[{"curve":[0.25,0,1,0],"duration":10,"transform":{}},{"duration":5,"transform":{"skX":-41.99,"skY":-41.99}},{"curve":[0.25,0,0.75,1],"duration":21,"transform":{"skX":-41.99,"skY":-41.99}},{"duration":0,"transform":{}}],"name":"mid7"},{"frame":[{"curve":[0.25,0,1,0],"duration":10,"transform":{}},{"curve":[0.25,0,0,1],"duration":5,"transform":{"y":11.11,"x":71.38,"skX":117.47,"skY":117.47}},{"curve":[0.25,0,0.75,1],"duration":21,"transform":{"y":-25.68,"x":51.28,"skX":43.51,"scY":1.56,"skY":43.51,"scX":1.26}},{"duration":0,"transform":{}}],"name":"ArmLeft"},{"frame":[{"duration":10,"transform":{}},{"curve":[0.25,0,0,1],"duration":5,"transform":{}},{"curve":[0.25,0,0.75,1],"duration":21,"transform":{"skX":-10.39,"skY":-10.39}},{"duration":0,"transform":{}}],"name":"mid8"},{"frame":[{"duration":10,"transform":{}},{"curve":[0.25,0,0,1],"duration":5,"transform":{}},{"curve":[0.25,0,0.75,1],"duration":21,"transform":{"skX":-11.23,"skY":-11.23}},{"duration":0,"transform":{}}],"name":"mid9"},{"frame":[{"curve":[0.25,0,1,0],"duration":10,"transform":{}},{"curve":[0.25,0,0,1],"duration":5,"transform":{"skX":12.81,"skY":12.81}},{"curve":[0.25,0,0.75,1],"duration":21,"transform":{"skX":21.37,"skY":21.37}},{"duration":0,"transform":{}}],"name":"mid10"},{"frame":[{"curve":[0.25,0,1,0],"duration":10,"transform":{}},{"duration":5,"transform":{"skX":-7.19,"skY":-7.19}},{"curve":[0.25,0,0.75,1],"duration":21,"transform":{"skX":-7.19,"skY":-7.19}},{"duration":0,"transform":{}}],"name":"mid11"},{"frame":[{"curve":[0.25,0,1,0],"duration":10,"transform":{}},{"curve":[0.25,0,0,1],"duration":5,"transform":{"skX":-18.1,"skY":-18.1}},{"curve":[0.25,0,0.75,1],"duration":21,"transform":{"skX":11.3,"skY":11.3}},{"duration":0,"transform":{}}],"name":"mid12"},{"frame":[{"curve":[0.25,0,1,0],"duration":10,"transform":{}},{"duration":5,"transform":{"skX":-14.31,"skY":-14.31}},{"curve":[0.25,0,0.75,1],"duration":21,"transform":{"skX":-14.31,"skY":-14.31}},{"duration":0,"transform":{}}],"name":"ArmRight"},{"frame":[{"duration":10,"transform":{}},{"duration":5,"transform":{}},{"duration":21,"transform":{}},{"duration":0,"transform":{}}],"name":"mid13"},{"frame":[{"curve":[0.25,0,1,0],"duration":10,"transform":{}},{"curve":[0.25,0,0,1],"duration":5,"transform":{"skX":-8.43,"skY":-8.43}},{"curve":[0.25,0,0.75,1],"duration":21,"transform":{"skX":37.76,"skY":37.76}},{"duration":0,"transform":{}}],"name":"mid14"},{"frame":[{"curve":[0.25,0,1,0],"duration":10,"transform":{}},{"duration":5,"transform":{"skX":-6.23,"skY":-6.23}},{"curve":[0.25,0,0.75,1],"duration":21,"transform":{"skX":-6.23,"skY":-6.23}},{"duration":0,"transform":{}}],"name":"mid15"},{"frame":[{"duration":10,"transform":{}},{"duration":5,"transform":{}},{"duration":21,"transform":{}},{"duration":0,"transform":{}}],"name":"mid16"},{"frame":[{"duration":10,"transform":{}},{"duration":5,"transform":{}},{"duration":21,"transform":{}},{"duration":0,"transform":{}}],"name":"mid17"},{"frame":[{"curve":[0.25,0,1,0],"duration":10,"transform":{}},{"duration":5,"transform":{"skX":19.46,"skY":19.46}},{"curve":[0.25,0,0.75,1],"duration":21,"transform":{"skX":19.46,"skY":19.46}},{"duration":0,"transform":{}}],"name":"mid6"},{"frame":[{"duration":10,"transform":{}},{"duration":5,"transform":{}},{"duration":21,"transform":{}},{"duration":0,"transform":{}}],"name":"mid18"},{"frame":[{"duration":10,"transform":{}},{"duration":5,"transform":{}},{"duration":21,"transform":{}},{"duration":0,"transform":{}}],"name":"mid19"},{"frame":[{"duration":10,"transform":{}},{"duration":5,"transform":{}},{"duration":21,"transform":{}},{"duration":0,"transform":{}}],"name":"mid20"},{"frame":[{"duration":10,"transform":{}},{"duration":5,"transform":{}},{"duration":21,"transform":{}},{"duration":0,"transform":{}}],"name":"mid21"},{"frame":[{"duration":10,"transform":{}},{"duration":5,"transform":{}},{"duration":21,"transform":{}},{"duration":0,"transform":{}}],"name":"mid22"},{"frame":[{"curve":[0.25,0,1,0],"duration":10,"transform":{}},{"curve":[0.25,0,0,1],"duration":5,"transform":{"scX":1.12}},{"curve":[0.25,0,0.75,1],"duration":21,"transform":{"scX":1.28}},{"duration":0,"transform":{}}],"name":"shadow"}]},{"ffd":[],"frame":[],"slot":[],"duration":36,"ik":[],"name":"Attack C","bone":[{"frame":[{"duration":10,"transform":{}},{"duration":5,"transform":{}},{"duration":21,"transform":{}},{"duration":0,"transform":{}}],"name":"root"},{"frame":[{"curve":[0.25,0,1,0],"duration":10,"transform":{}},{"curve":[0.25,0,0,1],"duration":5,"transform":{"y":11.72,"x":7.4}},{"curve":[0.25,0,0.75,1],"duration":21,"transform":{"y":23.11,"x":-129.18}},{"duration":0,"transform":{}}],"name":"mid"},{"frame":[{"duration":10,"transform":{}},{"curve":[0.25,0,0,1],"duration":5,"transform":{}},{"curve":[0.25,0,0.75,1],"duration":21,"transform":{"x":-133.33}},{"duration":0,"transform":{}}],"name":"ikLegLeft"},{"frame":[{"curve":[0.25,0,1,0],"duration":10,"transform":{"skX":-27.75,"skY":-27.75}},{"curve":[0.25,0,0,1],"duration":5,"transform":{"skX":-33.9,"skY":-33.9}},{"curve":[0.25,0,0.75,1],"duration":21,"transform":{"skX":-44.68,"skY":-44.68}},{"duration":0,"transform":{"skX":-27.75,"skY":-27.75}}],"name":"mid4"},{"frame":[{"curve":[0.25,0,1,0],"duration":10,"transform":{"skX":43.78,"skY":43.78}},{"curve":[0.25,0,0,1],"duration":5,"transform":{"skX":58.57,"skY":58.57}},{"curve":[0.25,0,0.75,1],"duration":21,"transform":{"skX":76.19,"skY":76.19}},{"duration":0,"transform":{"skX":43.78,"skY":43.78}}],"name":"mid5"},{"frame":[{"duration":10,"transform":{}},{"curve":[0.25,0,0,1],"duration":5,"transform":{}},{"curve":[0.25,0,0.75,1],"duration":21,"transform":{"x":-120.32}},{"duration":0,"transform":{}}],"name":"IKLegRight"},{"frame":[{"curve":[0.25,0,1,0],"duration":10,"transform":{"skX":11.15,"skY":11.15}},{"curve":[0.25,0,0,1],"duration":5,"transform":{"skX":25.07,"skY":25.07}},{"curve":[0.25,0,0.75,1],"duration":21,"transform":{"skX":20.74,"skY":20.74}},{"duration":0,"transform":{"skX":11.15,"skY":11.15}}],"name":"bone"},{"frame":[{"curve":[0.25,0,1,0],"duration":10,"transform":{"skX":-22.39,"skY":-22.39}},{"curve":[0.25,0,0,1],"duration":5,"transform":{"skX":-50.44,"skY":-50.44}},{"curve":[0.25,0,0.75,1],"duration":21,"transform":{"skX":-50.93,"skY":-50.93}},{"duration":0,"transform":{"skX":-22.39,"skY":-22.39}}],"name":"bone2"},{"frame":[{"duration":10,"transform":{}},{"curve":[0.25,0,0,1],"duration":5,"transform":{}},{"curve":[0.25,0,0.75,1],"duration":21,"transform":{"skX":-9.89,"skY":-9.89}},{"duration":0,"transform":{}}],"name":"mid2"},{"frame":[{"duration":10,"transform":{}},{"curve":[0.25,0,0,1],"duration":5,"transform":{}},{"curve":[0.25,0,0.75,1],"duration":21,"transform":{"y":-20.53,"x":14.61,"skX":-12.43,"skY":-12.43}},{"duration":0,"transform":{}}],"name":"mid3"},{"frame":[{"duration":10,"transform":{}},{"curve":[0.25,0,0,1],"duration":5,"transform":{}},{"curve":[0.25,0,0.75,1],"duration":21,"transform":{"skX":35.86,"skY":35.86}},{"duration":0,"transform":{}}],"name":"head"},{"frame":[{"curve":[0.25,0,1,0],"duration":10,"transform":{}},{"duration":5,"transform":{"skX":-41.99,"skY":-41.99}},{"curve":[0.25,0,0.75,1],"duration":21,"transform":{"skX":-41.99,"skY":-41.99}},{"duration":0,"transform":{}}],"name":"mid7"},{"frame":[{"curve":[0.25,0,1,0],"duration":10,"transform":{}},{"curve":[0.25,0,0,1],"duration":5,"transform":{"y":11.11,"x":71.38,"skX":117.47,"skY":117.47}},{"curve":[0.25,0,0.75,1],"duration":21,"transform":{"y":-25.68,"x":51.28,"skX":43.51,"scY":1.56,"skY":43.51,"scX":1.26}},{"duration":0,"transform":{}}],"name":"ArmLeft"},{"frame":[{"duration":10,"transform":{}},{"curve":[0.25,0,0,1],"duration":5,"transform":{}},{"curve":[0.25,0,0.75,1],"duration":21,"transform":{"skX":-10.39,"skY":-10.39}},{"duration":0,"transform":{}}],"name":"mid8"},{"frame":[{"duration":10,"transform":{}},{"curve":[0.25,0,0,1],"duration":5,"transform":{}},{"curve":[0.25,0,0.75,1],"duration":21,"transform":{"skX":-11.23,"skY":-11.23}},{"duration":0,"transform":{}}],"name":"mid9"},{"frame":[{"curve":[0.25,0,1,0],"duration":10,"transform":{}},{"curve":[0.25,0,0,1],"duration":5,"transform":{"skX":12.81,"skY":12.81}},{"curve":[0.25,0,0.75,1],"duration":21,"transform":{"skX":21.37,"skY":21.37}},{"duration":0,"transform":{}}],"name":"mid10"},{"frame":[{"curve":[0.25,0,1,0],"duration":10,"transform":{}},{"duration":5,"transform":{"skX":-7.19,"skY":-7.19}},{"curve":[0.25,0,0.75,1],"duration":21,"transform":{"skX":-7.19,"skY":-7.19}},{"duration":0,"transform":{}}],"name":"mid11"},{"frame":[{"curve":[0.25,0,1,0],"duration":10,"transform":{}},{"curve":[0.25,0,0,1],"duration":5,"transform":{"skX":-18.1,"skY":-18.1}},{"curve":[0.25,0,0.75,1],"duration":21,"transform":{"skX":11.3,"skY":11.3}},{"duration":0,"transform":{}}],"name":"mid12"},{"frame":[{"curve":[0.25,0,1,0],"duration":10,"transform":{}},{"curve":[0.25,0,0,1],"duration":5,"transform":{"skX":-196.34,"skY":-196.34}},{"curve":[0.25,0,0.75,1],"duration":21,"transform":{"y":3.18,"x":-8.22,"skX":-246.13,"scY":1.26,"skY":-246.13,"scX":1.22}},{"duration":0,"transform":{}}],"name":"ArmRight"},{"frame":[{"duration":10,"transform":{}},{"curve":[0.25,0,0,1],"duration":5,"transform":{}},{"curve":[0.25,0,0.75,1],"duration":21,"transform":{"skX":-8.74,"skY":-8.74}},{"duration":0,"transform":{}}],"name":"mid13"},{"frame":[{"curve":[0.25,0,1,0],"duration":10,"transform":{}},{"curve":[0.25,0,0,1],"duration":5,"transform":{"skX":-8.43,"skY":-8.43}},{"curve":[0.25,0,0.75,1],"duration":21,"transform":{"skX":-46.09,"skY":-46.09}},{"duration":0,"transform":{}}],"name":"mid14"},{"frame":[{"curve":[0.25,0,1,0],"duration":10,"transform":{}},{"duration":5,"transform":{"skX":-6.23,"skY":-6.23}},{"curve":[0.25,0,0.75,1],"duration":21,"transform":{"skX":-6.23,"skY":-6.23}},{"duration":0,"transform":{}}],"name":"mid15"},{"frame":[{"duration":10,"transform":{}},{"duration":5,"transform":{}},{"duration":21,"transform":{}},{"duration":0,"transform":{}}],"name":"mid16"},{"frame":[{"duration":10,"transform":{}},{"duration":5,"transform":{}},{"duration":21,"transform":{}},{"duration":0,"transform":{}}],"name":"mid17"},{"frame":[{"curve":[0.25,0,1,0],"duration":10,"transform":{}},{"duration":5,"transform":{"skX":19.46,"skY":19.46}},{"curve":[0.25,0,0.75,1],"duration":21,"transform":{"skX":19.46,"skY":19.46}},{"duration":0,"transform":{}}],"name":"mid6"},{"frame":[{"duration":10,"transform":{}},{"duration":5,"transform":{}},{"duration":21,"transform":{}},{"duration":0,"transform":{}}],"name":"mid18"},{"frame":[{"duration":10,"transform":{}},{"duration":5,"transform":{}},{"duration":21,"transform":{}},{"duration":0,"transform":{}}],"name":"mid19"},{"frame":[{"duration":10,"transform":{}},{"duration":5,"transform":{}},{"duration":21,"transform":{}},{"duration":0,"transform":{}}],"name":"mid20"},{"frame":[{"duration":10,"transform":{}},{"duration":5,"transform":{}},{"duration":21,"transform":{}},{"duration":0,"transform":{}}],"name":"mid21"},{"frame":[{"duration":10,"transform":{}},{"duration":5,"transform":{}},{"duration":21,"transform":{}},{"duration":0,"transform":{}}],"name":"mid22"},{"frame":[{"curve":[0.25,0,1,0],"duration":10,"transform":{}},{"curve":[0.25,0,0,1],"duration":5,"transform":{"scX":1.12}},{"curve":[0.25,0,0.75,1],"duration":21,"transform":{"scX":1.28}},{"duration":0,"transform":{}}],"name":"shadow"}]},{"ffd":[],"frame":[],"slot":[],"duration":36,"ik":[],"name":"Attack D","bone":[{"frame":[{"duration":10,"transform":{}},{"duration":5,"transform":{}},{"duration":21,"transform":{}},{"duration":0,"transform":{}}],"name":"root"},{"frame":[{"curve":[0.25,0,1,0],"duration":10,"transform":{}},{"curve":[0.25,0,0,1],"duration":5,"transform":{"y":11.72,"x":7.4}},{"curve":[0.25,0,0.75,1],"duration":21,"transform":{"y":23.11,"x":-129.18}},{"duration":0,"transform":{}}],"name":"mid"},{"frame":[{"duration":10,"transform":{}},{"curve":[0.25,0,0,1],"duration":5,"transform":{}},{"curve":[0.25,0,0.75,1],"duration":21,"transform":{"x":-133.33}},{"duration":0,"transform":{}}],"name":"ikLegLeft"},{"frame":[{"curve":[0.25,0,1,0],"duration":10,"transform":{"skX":-27.75,"skY":-27.75}},{"curve":[0.25,0,0,1],"duration":5,"transform":{"skX":-33.9,"skY":-33.9}},{"curve":[0.25,0,0.75,1],"duration":21,"transform":{"skX":-44.68,"skY":-44.68}},{"duration":0,"transform":{"skX":-27.75,"skY":-27.75}}],"name":"mid4"},{"frame":[{"curve":[0.25,0,1,0],"duration":10,"transform":{"skX":43.78,"skY":43.78}},{"curve":[0.25,0,0,1],"duration":5,"transform":{"skX":58.57,"skY":58.57}},{"curve":[0.25,0,0.75,1],"duration":21,"transform":{"skX":76.19,"skY":76.19}},{"duration":0,"transform":{"skX":43.78,"skY":43.78}}],"name":"mid5"},{"frame":[{"duration":10,"transform":{}},{"curve":[0.25,0,0,1],"duration":5,"transform":{}},{"curve":[0.25,0,0.75,1],"duration":21,"transform":{"x":-120.32}},{"duration":0,"transform":{}}],"name":"IKLegRight"},{"frame":[{"curve":[0.25,0,1,0],"duration":10,"transform":{"skX":11.15,"skY":11.15}},{"curve":[0.25,0,0,1],"duration":5,"transform":{"skX":25.07,"skY":25.07}},{"curve":[0.25,0,0.75,1],"duration":21,"transform":{"skX":20.74,"skY":20.74}},{"duration":0,"transform":{"skX":11.15,"skY":11.15}}],"name":"bone"},{"frame":[{"curve":[0.25,0,1,0],"duration":10,"transform":{"skX":-22.39,"skY":-22.39}},{"curve":[0.25,0,0,1],"duration":5,"transform":{"skX":-50.44,"skY":-50.44}},{"curve":[0.25,0,0.75,1],"duration":21,"transform":{"skX":-50.93,"skY":-50.93}},{"duration":0,"transform":{"skX":-22.39,"skY":-22.39}}],"name":"bone2"},{"frame":[{"duration":10,"transform":{}},{"curve":[0.25,0,0,1],"duration":5,"transform":{}},{"curve":[0.25,0,0.75,1],"duration":21,"transform":{"skX":-9.89,"skY":-9.89}},{"duration":0,"transform":{}}],"name":"mid2"},{"frame":[{"duration":10,"transform":{}},{"curve":[0.25,0,0,1],"duration":5,"transform":{}},{"curve":[0.25,0,0.75,1],"duration":21,"transform":{"y":-20.53,"x":14.61,"skX":-12.43,"skY":-12.43}},{"duration":0,"transform":{}}],"name":"mid3"},{"frame":[{"duration":10,"transform":{}},{"curve":[0.25,0,0,1],"duration":5,"transform":{}},{"curve":[0.25,0,0.75,1],"duration":21,"transform":{"skX":35.86,"skY":35.86}},{"duration":0,"transform":{}}],"name":"head"},{"frame":[{"curve":[0.25,0,1,0],"duration":10,"transform":{}},{"duration":5,"transform":{"skX":-41.99,"skY":-41.99}},{"curve":[0.25,0,0.75,1],"duration":21,"transform":{"skX":-41.99,"skY":-41.99}},{"duration":0,"transform":{}}],"name":"mid7"},{"frame":[{"curve":[0.25,0,1,0],"duration":10,"transform":{}},{"curve":[0.25,0,0,1],"duration":5,"transform":{"y":29.88,"x":12.57,"skX":-64.64,"skY":-64.64}},{"curve":[0.25,0,0.75,1],"duration":21,"transform":{"y":-25.68,"x":51.28,"skX":72.65,"scY":1.56,"skY":72.65,"scX":1.26}},{"duration":0,"transform":{}}],"name":"ArmLeft"},{"frame":[{"curve":[0.25,0,1,0],"duration":10,"transform":{}},{"curve":[0.25,0,0,1],"duration":5,"transform":{"skX":53.47,"skY":53.47}},{"curve":[0.25,0,0.75,1],"duration":21,"transform":{"skX":-10.39,"skY":-10.39}},{"duration":0,"transform":{}}],"name":"mid8"},{"frame":[{"duration":10,"transform":{}},{"curve":[0.25,0,0,1],"duration":5,"transform":{}},{"curve":[0.25,0,0.75,1],"duration":21,"transform":{"skX":-11.23,"skY":-11.23}},{"duration":0,"transform":{}}],"name":"mid9"},{"frame":[{"curve":[0.25,0,1,0],"duration":10,"transform":{}},{"curve":[0.25,0,0,1],"duration":5,"transform":{"skX":12.81,"skY":12.81}},{"curve":[0.25,0,0.75,1],"duration":21,"transform":{"skX":21.37,"skY":21.37}},{"duration":0,"transform":{}}],"name":"mid10"},{"frame":[{"curve":[0.25,0,1,0],"duration":10,"transform":{}},{"duration":5,"transform":{"skX":-7.19,"skY":-7.19}},{"curve":[0.25,0,0.75,1],"duration":21,"transform":{"skX":-7.19,"skY":-7.19}},{"duration":0,"transform":{}}],"name":"mid11"},{"frame":[{"curve":[0.25,0,1,0],"duration":10,"transform":{}},{"curve":[0.25,0,0,1],"duration":5,"transform":{"skX":31.38,"skY":31.38}},{"curve":[0.25,0,0.75,1],"duration":21,"transform":{"skX":11.3,"skY":11.3}},{"duration":0,"transform":{}}],"name":"mid12"},{"frame":[{"curve":[0.25,0,1,0],"duration":10,"transform":{}},{"curve":[0.25,0,0,1],"duration":5,"transform":{"skX":-45.24,"skY":-45.24}},{"curve":[0.25,0,0.75,1],"duration":21,"transform":{"skX":-14.31,"skY":-14.31}},{"duration":0,"transform":{}}],"name":"ArmRight"},{"frame":[{"curve":[0.25,0,1,0],"duration":10,"transform":{}},{"curve":[0.25,0,0,1],"duration":5,"transform":{"skX":-10.97,"skY":-10.97}},{"duration":21,"transform":{}},{"duration":0,"transform":{}}],"name":"mid13"},{"frame":[{"curve":[0.25,0,1,0],"duration":10,"transform":{}},{"curve":[0.25,0,0,1],"duration":5,"transform":{"skX":38.95,"skY":38.95}},{"curve":[0.25,0,0.75,1],"duration":21,"transform":{"skX":37.76,"skY":37.76}},{"duration":0,"transform":{}}],"name":"mid14"},{"frame":[{"curve":[0.25,0,1,0],"duration":10,"transform":{}},{"duration":5,"transform":{"skX":-6.23,"skY":-6.23}},{"curve":[0.25,0,0.75,1],"duration":21,"transform":{"skX":-6.23,"skY":-6.23}},{"duration":0,"transform":{}}],"name":"mid15"},{"frame":[{"duration":10,"transform":{}},{"duration":5,"transform":{}},{"duration":21,"transform":{}},{"duration":0,"transform":{}}],"name":"mid16"},{"frame":[{"duration":10,"transform":{}},{"duration":5,"transform":{}},{"duration":21,"transform":{}},{"duration":0,"transform":{}}],"name":"mid17"},{"frame":[{"curve":[0.25,0,1,0],"duration":10,"transform":{}},{"duration":5,"transform":{"skX":19.46,"skY":19.46}},{"curve":[0.25,0,0.75,1],"duration":21,"transform":{"skX":19.46,"skY":19.46}},{"duration":0,"transform":{}}],"name":"mid6"},{"frame":[{"duration":10,"transform":{}},{"duration":5,"transform":{}},{"duration":21,"transform":{}},{"duration":0,"transform":{}}],"name":"mid18"},{"frame":[{"duration":10,"transform":{}},{"duration":5,"transform":{}},{"duration":21,"transform":{}},{"duration":0,"transform":{}}],"name":"mid19"},{"frame":[{"duration":10,"transform":{}},{"duration":5,"transform":{}},{"duration":21,"transform":{}},{"duration":0,"transform":{}}],"name":"mid20"},{"frame":[{"duration":10,"transform":{}},{"duration":5,"transform":{}},{"duration":21,"transform":{}},{"duration":0,"transform":{}}],"name":"mid21"},{"frame":[{"duration":10,"transform":{}},{"duration":5,"transform":{}},{"duration":21,"transform":{}},{"duration":0,"transform":{}}],"name":"mid22"},{"frame":[{"curve":[0.25,0,1,0],"duration":10,"transform":{}},{"curve":[0.25,0,0,1],"duration":5,"transform":{"scX":1.12}},{"curve":[0.25,0,0.75,1],"duration":21,"transform":{"scX":1.28}},{"duration":0,"transform":{}}],"name":"shadow"}]},{"ffd":[],"frame":[],"slot":[],"duration":36,"ik":[],"name":"Attack E","bone":[{"frame":[{"duration":10,"transform":{}},{"duration":5,"transform":{}},{"duration":21,"transform":{}},{"duration":0,"transform":{}}],"name":"root"},{"frame":[{"curve":[0.25,0,1,0],"duration":10,"transform":{}},{"curve":[0.25,0,0,1],"duration":5,"transform":{"y":11.72,"x":7.4}},{"curve":[0.25,0,0.75,1],"duration":21,"transform":{"y":23.11,"x":-129.18}},{"duration":0,"transform":{}}],"name":"mid"},{"frame":[{"duration":10,"transform":{}},{"curve":[0.25,0,0,1],"duration":5,"transform":{}},{"curve":[0.25,0,0.75,1],"duration":21,"transform":{"x":-133.33}},{"duration":0,"transform":{}}],"name":"ikLegLeft"},{"frame":[{"curve":[0.25,0,1,0],"duration":10,"transform":{"skX":-27.75,"skY":-27.75}},{"curve":[0.25,0,0,1],"duration":5,"transform":{"skX":-33.9,"skY":-33.9}},{"curve":[0.25,0,0.75,1],"duration":21,"transform":{"skX":-44.68,"skY":-44.68}},{"duration":0,"transform":{"skX":-27.75,"skY":-27.75}}],"name":"mid4"},{"frame":[{"curve":[0.25,0,1,0],"duration":10,"transform":{"skX":43.78,"skY":43.78}},{"curve":[0.25,0,0,1],"duration":5,"transform":{"skX":58.57,"skY":58.57}},{"curve":[0.25,0,0.75,1],"duration":21,"transform":{"skX":76.19,"skY":76.19}},{"duration":0,"transform":{"skX":43.78,"skY":43.78}}],"name":"mid5"},{"frame":[{"duration":10,"transform":{}},{"curve":[0.25,0,0,1],"duration":5,"transform":{}},{"curve":[0.25,0,0.75,1],"duration":21,"transform":{"x":-120.32}},{"duration":0,"transform":{}}],"name":"IKLegRight"},{"frame":[{"curve":[0.25,0,1,0],"duration":10,"transform":{"skX":11.15,"skY":11.15}},{"curve":[0.25,0,0,1],"duration":5,"transform":{"skX":25.07,"skY":25.07}},{"curve":[0.25,0,0.75,1],"duration":21,"transform":{"skX":20.74,"skY":20.74}},{"duration":0,"transform":{"skX":11.15,"skY":11.15}}],"name":"bone"},{"frame":[{"curve":[0.25,0,1,0],"duration":10,"transform":{"skX":-22.39,"skY":-22.39}},{"curve":[0.25,0,0,1],"duration":5,"transform":{"skX":-50.44,"skY":-50.44}},{"curve":[0.25,0,0.75,1],"duration":21,"transform":{"skX":-50.93,"skY":-50.93}},{"duration":0,"transform":{"skX":-22.39,"skY":-22.39}}],"name":"bone2"},{"frame":[{"duration":10,"transform":{}},{"curve":[0.25,0,0,1],"duration":5,"transform":{}},{"curve":[0.25,0,0.75,1],"duration":21,"transform":{"skX":-9.89,"skY":-9.89}},{"duration":0,"transform":{}}],"name":"mid2"},{"frame":[{"duration":10,"transform":{}},{"curve":[0.25,0,0,1],"duration":5,"transform":{}},{"curve":[0.25,0,0.75,1],"duration":21,"transform":{"y":-20.53,"x":14.61,"skX":-12.43,"skY":-12.43}},{"duration":0,"transform":{}}],"name":"mid3"},{"frame":[{"duration":10,"transform":{}},{"curve":[0.25,0,0,1],"duration":5,"transform":{}},{"curve":[0.25,0,0.75,1],"duration":21,"transform":{"skX":35.86,"skY":35.86}},{"duration":0,"transform":{}}],"name":"head"},{"frame":[{"curve":[0.25,0,1,0],"duration":10,"transform":{}},{"duration":5,"transform":{"skX":-41.99,"skY":-41.99}},{"curve":[0.25,0,0.75,1],"duration":21,"transform":{"skX":-41.99,"skY":-41.99}},{"duration":0,"transform":{}}],"name":"mid7"},{"frame":[{"curve":[0.25,0,1,0],"duration":10,"transform":{}},{"curve":[0.25,0,0,1],"duration":5,"transform":{"y":-12.2,"x":41.77,"skX":-29.68,"skY":-29.68}},{"curve":[0.25,0,0.75,1],"duration":21,"transform":{"y":54.09,"x":1.63,"skX":-24.17,"skY":-24.17}},{"duration":0,"transform":{}}],"name":"ArmLeft"},{"frame":[{"duration":10,"transform":{}},{"curve":[0.25,0,0,1],"duration":5,"transform":{}},{"curve":[0.25,0,0.75,1],"duration":21,"transform":{"skX":-10.39,"skY":-10.39}},{"duration":0,"transform":{}}],"name":"mid8"},{"frame":[{"duration":10,"transform":{}},{"curve":[0.25,0,0,1],"duration":5,"transform":{}},{"curve":[0.25,0,0.75,1],"duration":21,"transform":{"skX":38.82,"skY":38.82}},{"duration":0,"transform":{}}],"name":"mid9"},{"frame":[{"curve":[0.25,0,1,0],"duration":10,"transform":{}},{"curve":[0.25,0,0,1],"duration":5,"transform":{"skX":12.81,"skY":12.81}},{"curve":[0.25,0,0.75,1],"duration":21,"transform":{"skX":21.37,"skY":21.37}},{"duration":0,"transform":{}}],"name":"mid10"},{"frame":[{"curve":[0.25,0,1,0],"duration":10,"transform":{}},{"duration":5,"transform":{"skX":-7.19,"skY":-7.19}},{"curve":[0.25,0,0.75,1],"duration":21,"transform":{"skX":-7.19,"skY":-7.19}},{"duration":0,"transform":{}}],"name":"mid11"},{"frame":[{"curve":[0.25,0,1,0],"duration":10,"transform":{}},{"curve":[0.25,0,0,1],"duration":5,"transform":{"skX":-18.1,"skY":-18.1}},{"curve":[0.25,0,0.75,1],"duration":21,"transform":{"skX":11.3,"skY":11.3}},{"duration":0,"transform":{}}],"name":"mid12"},{"frame":[{"curve":[0.25,0,1,0],"duration":10,"transform":{}},{"curve":[0.25,0,0,1],"duration":5,"transform":{"skX":-181.86,"skY":-181.86}},{"curve":[0.25,0,0.75,1],"duration":21,"transform":{"y":1.3,"x":-7.49,"skX":104.7,"scY":1.22,"skY":104.7,"scX":1.22}},{"duration":0,"transform":{}}],"name":"ArmRight"},{"frame":[{"duration":10,"transform":{}},{"duration":5,"transform":{}},{"duration":21,"transform":{}},{"duration":0,"transform":{}}],"name":"mid13"},{"frame":[{"curve":[0.25,0,1,0],"duration":10,"transform":{}},{"curve":[0.25,0,0,1],"duration":5,"transform":{"skX":-22.46,"skY":-22.46}},{"curve":[0.25,0,0.75,1],"duration":21,"transform":{"skX":-44.48,"skY":-44.48}},{"duration":0,"transform":{}}],"name":"mid14"},{"frame":[{"curve":[0.25,0,1,0],"duration":10,"transform":{}},{"duration":5,"transform":{"skX":-6.23,"skY":-6.23}},{"curve":[0.25,0,0.75,1],"duration":21,"transform":{"skX":-6.23,"skY":-6.23}},{"duration":0,"transform":{}}],"name":"mid15"},{"frame":[{"duration":10,"transform":{}},{"duration":5,"transform":{}},{"duration":21,"transform":{}},{"duration":0,"transform":{}}],"name":"mid16"},{"frame":[{"duration":10,"transform":{}},{"duration":5,"transform":{}},{"duration":21,"transform":{}},{"duration":0,"transform":{}}],"name":"mid17"},{"frame":[{"curve":[0.25,0,1,0],"duration":10,"transform":{}},{"duration":5,"transform":{"skX":19.46,"skY":19.46}},{"curve":[0.25,0,0.75,1],"duration":21,"transform":{"skX":19.46,"skY":19.46}},{"duration":0,"transform":{}}],"name":"mid6"},{"frame":[{"duration":10,"transform":{}},{"duration":5,"transform":{}},{"duration":21,"transform":{}},{"duration":0,"transform":{}}],"name":"mid18"},{"frame":[{"duration":10,"transform":{}},{"duration":5,"transform":{}},{"duration":21,"transform":{}},{"duration":0,"transform":{}}],"name":"mid19"},{"frame":[{"duration":10,"transform":{}},{"duration":5,"transform":{}},{"duration":21,"transform":{}},{"duration":0,"transform":{}}],"name":"mid20"},{"frame":[{"duration":10,"transform":{}},{"duration":5,"transform":{}},{"duration":21,"transform":{}},{"duration":0,"transform":{}}],"name":"mid21"},{"frame":[{"duration":10,"transform":{}},{"duration":5,"transform":{}},{"duration":21,"transform":{}},{"duration":0,"transform":{}}],"name":"mid22"},{"frame":[{"curve":[0.25,0,1,0],"duration":10,"transform":{}},{"curve":[0.25,0,0,1],"duration":5,"transform":{"scX":1.12}},{"curve":[0.25,0,0.75,1],"duration":21,"transform":{"scX":1.28}},{"duration":0,"transform":{}}],"name":"shadow"}]},{"ffd":[],"frame":[],"slot":[],"duration":36,"ik":[],"name":"Attack F","bone":[{"frame":[{"duration":10,"transform":{}},{"duration":5,"transform":{}},{"duration":21,"transform":{}},{"duration":0,"transform":{}}],"name":"root"},{"frame":[{"curve":[0.25,0,1,0],"duration":10,"transform":{}},{"curve":[0.25,0,0,1],"duration":5,"transform":{"y":11.72,"x":7.4}},{"curve":[0.25,0,0.75,1],"duration":21,"transform":{"y":23.11,"x":-129.18}},{"duration":0,"transform":{}}],"name":"mid"},{"frame":[{"duration":10,"transform":{}},{"curve":[0.25,0,0,1],"duration":5,"transform":{}},{"curve":[0.25,0,0.75,1],"duration":21,"transform":{"x":-133.33}},{"duration":0,"transform":{}}],"name":"ikLegLeft"},{"frame":[{"curve":[0.25,0,1,0],"duration":10,"transform":{"skX":-27.75,"skY":-27.75}},{"curve":[0.25,0,0,1],"duration":5,"transform":{"skX":-33.9,"skY":-33.9}},{"curve":[0.25,0,0.75,1],"duration":21,"transform":{"skX":-44.68,"skY":-44.68}},{"duration":0,"transform":{"skX":-27.75,"skY":-27.75}}],"name":"mid4"},{"frame":[{"curve":[0.25,0,1,0],"duration":10,"transform":{"skX":43.78,"skY":43.78}},{"curve":[0.25,0,0,1],"duration":5,"transform":{"skX":58.57,"skY":58.57}},{"curve":[0.25,0,0.75,1],"duration":21,"transform":{"skX":76.19,"skY":76.19}},{"duration":0,"transform":{"skX":43.78,"skY":43.78}}],"name":"mid5"},{"frame":[{"duration":10,"transform":{}},{"curve":[0.25,0,0,1],"duration":5,"transform":{}},{"curve":[0.25,0,0.75,1],"duration":21,"transform":{"x":-120.32}},{"duration":0,"transform":{}}],"name":"IKLegRight"},{"frame":[{"curve":[0.25,0,1,0],"duration":10,"transform":{"skX":11.15,"skY":11.15}},{"curve":[0.25,0,0,1],"duration":5,"transform":{"skX":25.07,"skY":25.07}},{"curve":[0.25,0,0.75,1],"duration":21,"transform":{"skX":20.74,"skY":20.74}},{"duration":0,"transform":{"skX":11.15,"skY":11.15}}],"name":"bone"},{"frame":[{"curve":[0.25,0,1,0],"duration":10,"transform":{"skX":-22.39,"skY":-22.39}},{"curve":[0.25,0,0,1],"duration":5,"transform":{"skX":-50.44,"skY":-50.44}},{"curve":[0.25,0,0.75,1],"duration":21,"transform":{"skX":-50.93,"skY":-50.93}},{"duration":0,"transform":{"skX":-22.39,"skY":-22.39}}],"name":"bone2"},{"frame":[{"duration":10,"transform":{}},{"curve":[0.25,0,0,1],"duration":5,"transform":{}},{"curve":[0.25,0,0.75,1],"duration":21,"transform":{"skX":-9.89,"skY":-9.89}},{"duration":0,"transform":{}}],"name":"mid2"},{"frame":[{"duration":10,"transform":{}},{"curve":[0.25,0,0,1],"duration":5,"transform":{}},{"curve":[0.25,0,0.75,1],"duration":21,"transform":{"y":-20.53,"x":14.61,"skX":-12.43,"skY":-12.43}},{"duration":0,"transform":{}}],"name":"mid3"},{"frame":[{"duration":10,"transform":{}},{"curve":[0.25,0,0,1],"duration":5,"transform":{}},{"curve":[0.25,0,0.75,1],"duration":21,"transform":{"skX":35.86,"skY":35.86}},{"duration":0,"transform":{}}],"name":"head"},{"frame":[{"curve":[0.25,0,1,0],"duration":10,"transform":{}},{"duration":5,"transform":{"skX":-41.99,"skY":-41.99}},{"curve":[0.25,0,0.75,1],"duration":21,"transform":{"skX":-41.99,"skY":-41.99}},{"duration":0,"transform":{}}],"name":"mid7"},{"frame":[{"curve":[0.25,0,1,0],"duration":10,"transform":{}},{"curve":[0.25,0,0,1],"duration":5,"transform":{"y":-12.2,"x":41.77,"skX":-29.68,"skY":-29.68}},{"curve":[0.25,0,0.75,1],"duration":21,"transform":{"y":54.09,"x":1.63,"skX":-24.17,"skY":-24.17}},{"duration":0,"transform":{}}],"name":"ArmLeft"},{"frame":[{"duration":10,"transform":{}},{"curve":[0.25,0,0,1],"duration":5,"transform":{}},{"curve":[0.25,0,0.75,1],"duration":21,"transform":{"skX":-10.39,"skY":-10.39}},{"duration":0,"transform":{}}],"name":"mid8"},{"frame":[{"duration":10,"transform":{}},{"curve":[0.25,0,0,1],"duration":5,"transform":{}},{"curve":[0.25,0,0.75,1],"duration":21,"transform":{"skX":38.82,"skY":38.82}},{"duration":0,"transform":{}}],"name":"mid9"},{"frame":[{"curve":[0.25,0,1,0],"duration":10,"transform":{}},{"curve":[0.25,0,0,1],"duration":5,"transform":{"skX":12.81,"skY":12.81}},{"curve":[0.25,0,0.75,1],"duration":21,"transform":{"skX":21.37,"skY":21.37}},{"duration":0,"transform":{}}],"name":"mid10"},{"frame":[{"curve":[0.25,0,1,0],"duration":10,"transform":{}},{"duration":5,"transform":{"skX":-7.19,"skY":-7.19}},{"curve":[0.25,0,0.75,1],"duration":21,"transform":{"skX":-7.19,"skY":-7.19}},{"duration":0,"transform":{}}],"name":"mid11"},{"frame":[{"curve":[0.25,0,1,0],"duration":10,"transform":{}},{"curve":[0.25,0,0,1],"duration":5,"transform":{"skX":-18.1,"skY":-18.1}},{"curve":[0.25,0,0.75,1],"duration":21,"transform":{"skX":11.3,"skY":11.3}},{"duration":0,"transform":{}}],"name":"mid12"},{"frame":[{"curve":[0.25,0,1,0],"duration":10,"transform":{}},{"curve":[0.25,0,0,1],"duration":5,"transform":{"skX":-346.89,"skY":-346.89}},{"curve":[0.25,0,0.75,1],"duration":21,"transform":{"y":1.3,"x":-7.49,"skX":-23.15,"skY":-23.15}},{"duration":0,"transform":{}}],"name":"ArmRight"},{"frame":[{"duration":10,"transform":{}},{"duration":5,"transform":{}},{"duration":21,"transform":{}},{"duration":0,"transform":{}}],"name":"mid13"},{"frame":[{"curve":[0.25,0,1,0],"duration":10,"transform":{}},{"curve":[0.25,0,0,1],"duration":5,"transform":{"skX":-22.46,"skY":-22.46}},{"curve":[0.25,0,0.75,1],"duration":21,"transform":{"skX":22.96,"skY":22.96}},{"duration":0,"transform":{}}],"name":"mid14"},{"frame":[{"curve":[0.25,0,1,0],"duration":10,"transform":{}},{"duration":5,"transform":{"skX":-6.23,"skY":-6.23}},{"curve":[0.25,0,0.75,1],"duration":21,"transform":{"skX":-6.23,"skY":-6.23}},{"duration":0,"transform":{}}],"name":"mid15"},{"frame":[{"duration":10,"transform":{}},{"duration":5,"transform":{}},{"duration":21,"transform":{}},{"duration":0,"transform":{}}],"name":"mid16"},{"frame":[{"duration":10,"transform":{}},{"duration":5,"transform":{}},{"duration":21,"transform":{}},{"duration":0,"transform":{}}],"name":"mid17"},{"frame":[{"curve":[0.25,0,1,0],"duration":10,"transform":{}},{"curve":[0.30774999999999997,0,0.19225,0.845],"duration":1,"transform":{"skX":19.46,"skY":19.46}},{"curve":[0.107,0.29,0.107,1],"duration":4,"transform":{"skX":207.9,"skY":207.9}},{"curve":[0.257,0,0.718,0.85],"duration":5,"transform":{"y":37.54,"x":-88.92,"skX":173.91,"scY":1.38,"skY":173.91,"scX":1.34}},{"curve":[0.33,0.32,0.758,1],"duration":16,"transform":{"y":37.54,"x":-88.92,"skX":-150.44,"scY":1.38,"skY":-150.44,"scX":1.34}},{"duration":0,"transform":{}}],"name":"mid6"},{"frame":[{"duration":10,"transform":{}},{"curve":[0.25,0,0,1],"duration":5,"transform":{}},{"curve":[0.25,0,0.75,1],"duration":21,"transform":{"y":15.65,"x":23.81}},{"duration":0,"transform":{}}],"name":"mid18"},{"frame":[{"duration":10,"transform":{}},{"curve":[0.25,0,0,1],"duration":5,"transform":{}},{"curve":[0.25,0,0.75,1],"duration":21,"transform":{"y":8.55,"x":16.14}},{"duration":0,"transform":{}}],"name":"mid19"},{"frame":[{"duration":10,"transform":{}},{"curve":[0.25,0,0,1],"duration":5,"transform":{}},{"curve":[0.25,0,0.75,1],"duration":21,"transform":{"y":2.8,"x":34.23}},{"duration":0,"transform":{}}],"name":"mid20"},{"frame":[{"duration":10,"transform":{}},{"curve":[0.25,0,0,1],"duration":5,"transform":{}},{"curve":[0.25,0,0.75,1],"duration":21,"transform":{"y":-2.46,"x":9.17}},{"duration":0,"transform":{}}],"name":"mid21"},{"frame":[{"duration":10,"transform":{}},{"curve":[0.25,0,0,1],"duration":5,"transform":{}},{"curve":[0.25,0,0.75,1],"duration":21,"transform":{"y":1.14,"x":21.7}},{"duration":0,"transform":{}}],"name":"mid22"},{"frame":[{"curve":[0.25,0,1,0],"duration":10,"transform":{}},{"curve":[0.25,0,0,1],"duration":5,"transform":{"scX":1.12}},{"curve":[0.25,0,0.75,1],"duration":21,"transform":{"scX":1.28}},{"duration":0,"transform":{}}],"name":"shadow"}]},{"ffd":[],"frame":[],"slot":[],"duration":65,"ik":[],"name":"Attack G","bone":[{"frame":[{"duration":10,"transform":{}},{"duration":5,"transform":{}},{"duration":10,"transform":{}},{"duration":10,"transform":{}},{"duration":10,"transform":{}},{"duration":10,"transform":{}},{"duration":10,"transform":{}},{"duration":0,"transform":{}}],"name":"root"},{"frame":[{"curve":[0.25,0,1,0],"duration":10,"transform":{}},{"curve":[0.25,0,0,1],"duration":5,"transform":{"y":11.72,"x":7.4}},{"curve":[0.25,0,0.75,1],"duration":10,"transform":{"y":23.11,"x":-129.18}},{"curve":[0.25,0,0.75,1],"duration":10,"transform":{"y":32.83,"x":-137.98}},{"curve":[0.25,0,0.75,1],"duration":10,"transform":{"y":23.11,"x":-129.18}},{"curve":[0.25,0,0.75,1],"duration":10,"transform":{"y":32.83,"x":-137.98}},{"curve":[0.25,0,0.75,1],"duration":10,"transform":{"y":23.11,"x":-129.18}},{"duration":0,"transform":{}}],"name":"mid"},{"frame":[{"duration":10,"transform":{}},{"curve":[0.25,0,0,1],"duration":5,"transform":{}},{"curve":[0.25,0,0.75,1],"duration":10,"transform":{"x":-133.33}},{"curve":[0.25,0,0.75,1],"duration":10,"transform":{"x":-154.23}},{"curve":[0.25,0,0.75,1],"duration":10,"transform":{"x":-133.33}},{"curve":[0.25,0,0.75,1],"duration":10,"transform":{"x":-154.23}},{"curve":[0.25,0,0.75,1],"duration":10,"transform":{"x":-133.33}},{"duration":0,"transform":{}}],"name":"ikLegLeft"},{"frame":[{"curve":[0.25,0,1,0],"duration":10,"transform":{"skX":-27.75,"skY":-27.75}},{"curve":[0.25,0,0,1],"duration":5,"transform":{"skX":-33.9,"skY":-33.9}},{"curve":[0.25,0,0.75,1],"duration":10,"transform":{"skX":-44.68,"skY":-44.68}},{"curve":[0.25,0,0.75,1],"duration":10,"transform":{"skX":-38.3,"skY":-38.3}},{"curve":[0.25,0,0.75,1],"duration":10,"transform":{"skX":-44.68,"skY":-44.68}},{"curve":[0.25,0,0.75,1],"duration":10,"transform":{"skX":-38.3,"skY":-38.3}},{"curve":[0.25,0,0.75,1],"duration":10,"transform":{"skX":-44.68,"skY":-44.68}},{"duration":0,"transform":{"skX":-27.75,"skY":-27.75}}],"name":"mid4"},{"frame":[{"curve":[0.25,0,1,0],"duration":10,"transform":{"skX":43.78,"skY":43.78}},{"curve":[0.25,0,0,1],"duration":5,"transform":{"skX":58.57,"skY":58.57}},{"curve":[0.25,0,0.75,1],"duration":10,"transform":{"skX":76.19,"skY":76.19}},{"curve":[0.25,0,0.75,1],"duration":10,"transform":{"skX":72.73,"skY":72.73}},{"curve":[0.25,0,0.75,1],"duration":10,"transform":{"skX":76.19,"skY":76.19}},{"curve":[0.25,0,0.75,1],"duration":10,"transform":{"skX":72.73,"skY":72.73}},{"curve":[0.25,0,0.75,1],"duration":10,"transform":{"skX":76.19,"skY":76.19}},{"duration":0,"transform":{"skX":43.78,"skY":43.78}}],"name":"mid5"},{"frame":[{"duration":10,"transform":{}},{"curve":[0.25,0,0,1],"duration":5,"transform":{}},{"curve":[0.25,0,0.75,1],"duration":10,"transform":{"x":-120.32}},{"curve":[0.25,0,0.75,1],"duration":10,"transform":{"x":-108.77}},{"curve":[0.25,0,0.75,1],"duration":10,"transform":{"x":-120.32}},{"curve":[0.25,0,0.75,1],"duration":10,"transform":{"x":-108.77}},{"curve":[0.25,0,0.75,1],"duration":10,"transform":{"x":-120.32}},{"duration":0,"transform":{}}],"name":"IKLegRight"},{"frame":[{"curve":[0.25,0,1,0],"duration":10,"transform":{"skX":11.15,"skY":11.15}},{"curve":[0.25,0,0,1],"duration":5,"transform":{"skX":25.07,"skY":25.07}},{"curve":[0.25,0,0.75,1],"duration":10,"transform":{"skX":20.74,"skY":20.74}},{"curve":[0.25,0,0.75,1],"duration":10,"transform":{"skX":10.04,"skY":10.04}},{"curve":[0.25,0,0.75,1],"duration":10,"transform":{"skX":20.74,"skY":20.74}},{"curve":[0.25,0,0.75,1],"duration":10,"transform":{"skX":10.04,"skY":10.04}},{"curve":[0.25,0,0.75,1],"duration":10,"transform":{"skX":20.74,"skY":20.74}},{"duration":0,"transform":{"skX":11.15,"skY":11.15}}],"name":"bone"},{"frame":[{"curve":[0.25,0,1,0],"duration":10,"transform":{"skX":-22.39,"skY":-22.39}},{"curve":[0.25,0,0,1],"duration":5,"transform":{"skX":-50.44,"skY":-50.44}},{"curve":[0.25,0,0.75,1],"duration":10,"transform":{"skX":-50.93,"skY":-50.93}},{"curve":[0.25,0,0.75,1],"duration":10,"transform":{"skX":-38.19,"skY":-38.19}},{"curve":[0.25,0,0.75,1],"duration":10,"transform":{"skX":-50.93,"skY":-50.93}},{"curve":[0.25,0,0.75,1],"duration":10,"transform":{"skX":-38.19,"skY":-38.19}},{"curve":[0.25,0,0.75,1],"duration":10,"transform":{"skX":-50.93,"skY":-50.93}},{"duration":0,"transform":{"skX":-22.39,"skY":-22.39}}],"name":"bone2"},{"frame":[{"duration":10,"transform":{}},{"curve":[0.25,0,0,1],"duration":5,"transform":{}},{"duration":10,"transform":{"skX":-9.89,"skY":-9.89}},{"duration":10,"transform":{"skX":-9.89,"skY":-9.89}},{"duration":10,"transform":{"skX":-9.89,"skY":-9.89}},{"duration":10,"transform":{"skX":-9.89,"skY":-9.89}},{"curve":[0.25,0,0.75,1],"duration":10,"transform":{"skX":-9.89,"skY":-9.89}},{"duration":0,"transform":{}}],"name":"mid2"},{"frame":[{"duration":10,"transform":{}},{"curve":[0.25,0,0,1],"duration":5,"transform":{}},{"duration":10,"transform":{"y":-20.53,"x":14.61,"skX":-12.43,"skY":-12.43}},{"duration":10,"transform":{"y":-20.53,"x":14.61,"skX":-12.43,"skY":-12.43}},{"duration":10,"transform":{"y":-20.53,"x":14.61,"skX":-12.43,"skY":-12.43}},{"duration":10,"transform":{"y":-20.53,"x":14.61,"skX":-12.43,"skY":-12.43}},{"curve":[0.25,0,0.75,1],"duration":10,"transform":{"y":-20.53,"x":14.61,"skX":-12.43,"skY":-12.43}},{"duration":0,"transform":{}}],"name":"mid3"},{"frame":[{"duration":10,"transform":{}},{"curve":[0.25,0,0,1],"duration":5,"transform":{}},{"curve":[0.25,0,0.75,1],"duration":10,"transform":{"skX":35.86,"skY":35.86}},{"curve":[0.25,0,0.75,1],"duration":10,"transform":{"y":-0.33,"x":1.91,"skX":42.62,"skY":42.62}},{"curve":[0.25,0,0.75,1],"duration":10,"transform":{"skX":35.86,"skY":35.86}},{"curve":[0.25,0,0.75,1],"duration":10,"transform":{"y":-0.33,"x":1.91,"skX":42.62,"skY":42.62}},{"curve":[0.25,0,0.75,1],"duration":10,"transform":{"skX":35.86,"skY":35.86}},{"duration":0,"transform":{}}],"name":"head"},{"frame":[{"curve":[0.25,0,1,0],"duration":10,"transform":{}},{"curve":[0.25,0,0,1],"duration":5,"transform":{"skX":-1.09,"skY":-1.09}},{"curve":[0.25,0,0.75,1],"duration":10,"transform":{"skX":-42.5,"skY":-42.5}},{"curve":[0.25,0,0.75,1],"duration":10,"transform":{"skX":-47.39,"skY":-47.39}},{"curve":[0.25,0,0.75,1],"duration":10,"transform":{"skX":-42.5,"skY":-42.5}},{"curve":[0.25,0,0.75,1],"duration":10,"transform":{"skX":-47.39,"skY":-47.39}},{"curve":[0.25,0,0.75,1],"duration":10,"transform":{"skX":-42.5,"skY":-42.5}},{"duration":0,"transform":{}}],"name":"mid7"},{"frame":[{"curve":[0.25,0,1,0],"duration":10,"transform":{}},{"curve":[0.25,0,0,1],"duration":5,"transform":{"skX":-20.87,"skY":-20.87}},{"curve":[0.25,0,0.75,1],"duration":10,"transform":{"y":50.47,"x":8.73,"skX":27.22,"skY":27.22}},{"curve":[0.25,0,0.75,1],"duration":10,"transform":{"y":50.47,"x":8.73,"skX":20.41,"skY":20.41}},{"curve":[0.25,0,0.75,1],"duration":10,"transform":{"y":50.47,"x":8.73,"skX":27.22,"skY":27.22}},{"curve":[0.25,0,0.75,1],"duration":10,"transform":{"y":50.47,"x":8.73,"skX":22.62,"skY":22.62}},{"curve":[0.25,0,0.75,1],"duration":10,"transform":{"y":50.47,"x":8.73,"skX":27.22,"skY":27.22}},{"duration":0,"transform":{}}],"name":"ArmLeft"},{"frame":[{"duration":10,"transform":{}},{"duration":5,"transform":{}},{"duration":10,"transform":{}},{"duration":10,"transform":{}},{"duration":10,"transform":{}},{"duration":10,"transform":{}},{"duration":10,"transform":{}},{"duration":0,"transform":{}}],"name":"mid8"},{"frame":[{"duration":10,"transform":{}},{"duration":5,"transform":{}},{"duration":10,"transform":{}},{"duration":10,"transform":{}},{"duration":10,"transform":{}},{"duration":10,"transform":{}},{"duration":10,"transform":{}},{"duration":0,"transform":{}}],"name":"mid9"},{"frame":[{"curve":[0.25,0,1,0],"duration":10,"transform":{}},{"duration":5,"transform":{"skX":12.81,"skY":12.81}},{"duration":10,"transform":{"skX":12.81,"skY":12.81}},{"duration":10,"transform":{"skX":12.81,"skY":12.81}},{"duration":10,"transform":{"skX":12.81,"skY":12.81}},{"duration":10,"transform":{"skX":12.81,"skY":12.81}},{"curve":[0.25,0,0.75,1],"duration":10,"transform":{"skX":12.81,"skY":12.81}},{"duration":0,"transform":{}}],"name":"mid10"},{"frame":[{"curve":[0.25,0,1,0],"duration":10,"transform":{}},{"duration":5,"transform":{"skX":-7.19,"skY":-7.19}},{"duration":10,"transform":{"skX":-7.19,"skY":-7.19}},{"duration":10,"transform":{"skX":-7.19,"skY":-7.19}},{"duration":10,"transform":{"skX":-7.19,"skY":-7.19}},{"duration":10,"transform":{"skX":-7.19,"skY":-7.19}},{"curve":[0.25,0,0.75,1],"duration":10,"transform":{"skX":-7.19,"skY":-7.19}},{"duration":0,"transform":{}}],"name":"mid11"},{"frame":[{"curve":[0.25,0,1,0],"duration":10,"transform":{}},{"duration":5,"transform":{"skX":-18.1,"skY":-18.1}},{"duration":10,"transform":{"skX":-18.1,"skY":-18.1}},{"duration":10,"transform":{"skX":-18.1,"skY":-18.1}},{"duration":10,"transform":{"skX":-18.1,"skY":-18.1}},{"duration":10,"transform":{"skX":-18.1,"skY":-18.1}},{"curve":[0.25,0,0.75,1],"duration":10,"transform":{"skX":-18.1,"skY":-18.1}},{"duration":0,"transform":{}}],"name":"mid12"},{"frame":[{"curve":[0.25,0,1,0],"duration":10,"transform":{}},{"duration":5,"transform":{"skX":-14.31,"skY":-14.31}},{"curve":[0.25,0,0.75,1],"duration":10,"transform":{"skX":-14.31,"skY":-14.31}},{"curve":[0.25,0,0.75,1],"duration":10,"transform":{"skX":-6.84,"skY":-6.84}},{"curve":[0.25,0,0.75,1],"duration":10,"transform":{"skX":-14.31,"skY":-14.31}},{"curve":[0.25,0,0.75,1],"duration":10,"transform":{"skX":-6.84,"skY":-6.84}},{"curve":[0.25,0,0.75,1],"duration":10,"transform":{"skX":-14.31,"skY":-14.31}},{"duration":0,"transform":{}}],"name":"ArmRight"},{"frame":[{"duration":10,"transform":{}},{"duration":5,"transform":{}},{"duration":10,"transform":{}},{"duration":10,"transform":{}},{"duration":10,"transform":{}},{"duration":10,"transform":{}},{"duration":10,"transform":{}},{"duration":0,"transform":{}}],"name":"mid13"},{"frame":[{"curve":[0.25,0,1,0],"duration":10,"transform":{}},{"curve":[0.25,0,0,1],"duration":5,"transform":{"skX":-8.43,"skY":-8.43}},{"duration":10,"transform":{"skX":37.76,"skY":37.76}},{"duration":10,"transform":{"skX":37.76,"skY":37.76}},{"duration":10,"transform":{"skX":37.76,"skY":37.76}},{"duration":10,"transform":{"skX":37.76,"skY":37.76}},{"curve":[0.25,0,0.75,1],"duration":10,"transform":{"skX":37.76,"skY":37.76}},{"duration":0,"transform":{}}],"name":"mid14"},{"frame":[{"curve":[0.25,0,1,0],"duration":10,"transform":{}},{"duration":5,"transform":{"skX":-6.23,"skY":-6.23}},{"duration":10,"transform":{"skX":-6.23,"skY":-6.23}},{"duration":10,"transform":{"skX":-6.23,"skY":-6.23}},{"duration":10,"transform":{"skX":-6.23,"skY":-6.23}},{"duration":10,"transform":{"skX":-6.23,"skY":-6.23}},{"curve":[0.25,0,0.75,1],"duration":10,"transform":{"skX":-6.23,"skY":-6.23}},{"duration":0,"transform":{}}],"name":"mid15"},{"frame":[{"duration":10,"transform":{}},{"duration":5,"transform":{}},{"duration":10,"transform":{}},{"duration":10,"transform":{}},{"duration":10,"transform":{}},{"duration":10,"transform":{}},{"duration":10,"transform":{}},{"duration":0,"transform":{}}],"name":"mid16"},{"frame":[{"duration":10,"transform":{}},{"duration":5,"transform":{}},{"duration":10,"transform":{}},{"duration":10,"transform":{}},{"duration":10,"transform":{}},{"duration":10,"transform":{}},{"duration":10,"transform":{}},{"duration":0,"transform":{}}],"name":"mid17"},{"frame":[{"curve":[0.25,0,1,0],"duration":10,"transform":{}},{"duration":5,"transform":{"skX":19.46,"skY":19.46}},{"curve":[0.25,0,0.75,1],"duration":10,"transform":{"skX":19.46,"skY":19.46}},{"curve":[0.25,0,0.75,1],"duration":10,"transform":{"skX":2.17,"skY":2.17}},{"curve":[0.25,0,0.75,1],"duration":10,"transform":{"skX":19.46,"skY":19.46}},{"curve":[0.25,0,0.75,1],"duration":10,"transform":{"skX":2.17,"skY":2.17}},{"curve":[0.25,0,0.75,1],"duration":10,"transform":{"skX":19.46,"skY":19.46}},{"duration":0,"transform":{}}],"name":"mid6"},{"frame":[{"duration":10,"transform":{}},{"duration":5,"transform":{}},{"curve":[0.25,0,0.75,1],"duration":10,"transform":{}},{"curve":[0.25,0,0.75,1],"duration":10,"transform":{"skX":-2.7,"skY":-2.7}},{"curve":[0.25,0,0.75,1],"duration":10,"transform":{}},{"curve":[0.25,0,0.75,1],"duration":10,"transform":{"skX":-2.7,"skY":-2.7}},{"duration":10,"transform":{}},{"duration":0,"transform":{}}],"name":"mid18"},{"frame":[{"duration":10,"transform":{}},{"duration":5,"transform":{}},{"curve":[0.25,0,0.75,1],"duration":10,"transform":{}},{"curve":[0.25,0,0.75,1],"duration":10,"transform":{"skX":-14.29,"skY":-14.29}},{"curve":[0.25,0,0.75,1],"duration":10,"transform":{}},{"curve":[0.25,0,0.75,1],"duration":10,"transform":{"skX":-14.29,"skY":-14.29}},{"duration":10,"transform":{}},{"duration":0,"transform":{}}],"name":"mid19"},{"frame":[{"duration":10,"transform":{}},{"duration":5,"transform":{}},{"curve":[0.25,0,0.75,1],"duration":10,"transform":{}},{"curve":[0.25,0,0.75,1],"duration":10,"transform":{"skX":-12.04,"skY":-12.04}},{"curve":[0.25,0,0.75,1],"duration":10,"transform":{}},{"curve":[0.25,0,0.75,1],"duration":10,"transform":{"skX":-12.04,"skY":-12.04}},{"duration":10,"transform":{}},{"duration":0,"transform":{}}],"name":"mid20"},{"frame":[{"duration":10,"transform":{}},{"duration":5,"transform":{}},{"curve":[0.25,0,0.75,1],"duration":10,"transform":{}},{"curve":[0.25,0,0.75,1],"duration":10,"transform":{"skX":-12.35,"skY":-12.35}},{"curve":[0.25,0,0.75,1],"duration":10,"transform":{}},{"curve":[0.25,0,0.75,1],"duration":10,"transform":{"skX":-12.35,"skY":-12.35}},{"duration":10,"transform":{}},{"duration":0,"transform":{}}],"name":"mid21"},{"frame":[{"duration":10,"transform":{}},{"duration":5,"transform":{}},{"curve":[0.25,0,0.75,1],"duration":10,"transform":{}},{"curve":[0.25,0,0.75,1],"duration":10,"transform":{"skX":3.92,"skY":3.92}},{"curve":[0.25,0,0.75,1],"duration":10,"transform":{}},{"curve":[0.25,0,0.75,1],"duration":10,"transform":{"skX":3.92,"skY":3.92}},{"duration":10,"transform":{}},{"duration":0,"transform":{}}],"name":"mid22"},{"frame":[{"curve":[0.25,0,1,0],"duration":10,"transform":{}},{"curve":[0.25,0,0,1],"duration":5,"transform":{"scX":1.12}},{"curve":[0.25,0,0.75,1],"duration":10,"transform":{"scX":1.28}},{"curve":[0.25,0,0.75,1],"duration":10,"transform":{"scX":1.4}},{"curve":[0.25,0,0.75,1],"duration":10,"transform":{"scX":1.28}},{"curve":[0.25,0,0.75,1],"duration":10,"transform":{"scX":1.4}},{"curve":[0.25,0,0.75,1],"duration":10,"transform":{"scX":1.28}},{"duration":0,"transform":{}}],"name":"shadow"}]},{"ffd":[],"frame":[],"slot":[],"duration":30,"ik":[],"name":"Damage","bone":[{"frame":[{"duration":10,"transform":{}},{"duration":20,"transform":{}},{"duration":0,"transform":{}}],"name":"root"},{"frame":[{"curve":[0.25,0,0,1],"duration":10,"transform":{}},{"curve":[0.25,0,0.75,1],"duration":20,"transform":{"y":22.03,"x":25.92}},{"duration":0,"transform":{}}],"name":"mid"},{"frame":[{"duration":10,"transform":{}},{"duration":20,"transform":{}},{"duration":0,"transform":{}}],"name":"ikLegLeft"},{"frame":[{"curve":[0.25,0,0,1],"duration":10,"transform":{"skX":-27.75,"skY":-27.75}},{"curve":[0.25,0,0.75,1],"duration":20,"transform":{"skX":-24.65,"skY":-24.65}},{"duration":0,"transform":{"skX":-27.75,"skY":-27.75}}],"name":"mid4"},{"frame":[{"curve":[0.25,0,0,1],"duration":10,"transform":{"skX":43.78,"skY":43.78}},{"curve":[0.25,0,0.75,1],"duration":20,"transform":{"skX":53.85,"skY":53.85}},{"duration":0,"transform":{"skX":43.78,"skY":43.78}}],"name":"mid5"},{"frame":[{"curve":[0.25,0,0,1],"duration":10,"transform":{}},{"curve":[0.25,0,0.75,1],"duration":20,"transform":{"x":52.49}},{"duration":0,"transform":{}}],"name":"IKLegRight"},{"frame":[{"curve":[0.25,0,0,1],"duration":10,"transform":{"skX":11.15,"skY":11.15}},{"curve":[0.25,0,0.75,1],"duration":20,"transform":{"skX":7.8,"skY":7.8}},{"duration":0,"transform":{"skX":11.15,"skY":11.15}}],"name":"bone"},{"frame":[{"curve":[0.25,0,0,1],"duration":10,"transform":{"skX":-22.39,"skY":-22.39}},{"curve":[0.25,0,0.75,1],"duration":20,"transform":{"skX":-30.88,"skY":-30.88}},{"duration":0,"transform":{"skX":-22.39,"skY":-22.39}}],"name":"bone2"},{"frame":[{"duration":10,"transform":{}},{"duration":20,"transform":{}},{"duration":0,"transform":{}}],"name":"mid2"},{"frame":[{"curve":[0.25,0,0,1],"duration":10,"transform":{}},{"curve":[0.25,0,0.75,1],"duration":20,"transform":{"skX":15.81,"skY":15.81}},{"duration":0,"transform":{}}],"name":"mid3"},{"frame":[{"curve":[0.25,0,0,1],"duration":10,"transform":{}},{"curve":[0.25,0,0.75,1],"duration":20,"transform":{"skX":27.26,"skY":27.26}},{"duration":0,"transform":{}}],"name":"head"},{"frame":[{"curve":[0.25,0,0,1],"duration":10,"transform":{}},{"curve":[0.25,0,0.75,1],"duration":20,"transform":{"skX":-36.89,"skY":-36.89}},{"duration":0,"transform":{}}],"name":"mid7"},{"frame":[{"curve":[0.25,0,0,1],"duration":10,"transform":{}},{"curve":[0.25,0,0.75,1],"duration":20,"transform":{"skX":-16.31,"skY":-16.31}},{"duration":0,"transform":{}}],"name":"ArmLeft"},{"frame":[{"curve":[0.25,0,0,1],"duration":10,"transform":{}},{"curve":[0.25,0,0.75,1],"duration":20,"transform":{"skX":22.73,"skY":22.73}},{"duration":0,"transform":{}}],"name":"mid8"},{"frame":[{"duration":10,"transform":{}},{"duration":20,"transform":{}},{"duration":0,"transform":{}}],"name":"mid9"},{"frame":[{"duration":10,"transform":{}},{"duration":20,"transform":{}},{"duration":0,"transform":{}}],"name":"mid10"},{"frame":[{"duration":10,"transform":{}},{"duration":20,"transform":{}},{"duration":0,"transform":{}}],"name":"mid11"},{"frame":[{"duration":10,"transform":{}},{"duration":20,"transform":{}},{"duration":0,"transform":{}}],"name":"mid12"},{"frame":[{"curve":[0.25,0,0,1],"duration":10,"transform":{}},{"curve":[0.25,0,0.75,1],"duration":20,"transform":{"skX":-31.19,"skY":-31.19}},{"duration":0,"transform":{}}],"name":"ArmRight"},{"frame":[{"duration":10,"transform":{}},{"duration":20,"transform":{}},{"duration":0,"transform":{}}],"name":"mid13"},{"frame":[{"curve":[0.25,0,0,1],"duration":10,"transform":{}},{"curve":[0.25,0,0.75,1],"duration":20,"transform":{"skX":15.56,"skY":15.56}},{"duration":0,"transform":{}}],"name":"mid14"},{"frame":[{"duration":10,"transform":{}},{"duration":20,"transform":{}},{"duration":0,"transform":{}}],"name":"mid15"},{"frame":[{"duration":10,"transform":{}},{"duration":20,"transform":{}},{"duration":0,"transform":{}}],"name":"mid16"},{"frame":[{"duration":10,"transform":{}},{"duration":20,"transform":{}},{"duration":0,"transform":{}}],"name":"mid17"},{"frame":[{"curve":[0.25,0,0,1],"duration":10,"transform":{}},{"curve":[0.25,0,0.75,1],"duration":20,"transform":{"skX":-20.91,"skY":-20.91}},{"duration":0,"transform":{}}],"name":"mid6"},{"frame":[{"curve":[0.25,0,0,1],"duration":10,"transform":{}},{"curve":[0.25,0,0.75,1],"duration":20,"transform":{"skX":9.06,"skY":9.06}},{"duration":0,"transform":{}}],"name":"mid18"},{"frame":[{"duration":10,"transform":{}},{"duration":20,"transform":{}},{"duration":0,"transform":{}}],"name":"mid19"},{"frame":[{"duration":10,"transform":{}},{"duration":20,"transform":{}},{"duration":0,"transform":{}}],"name":"mid20"},{"frame":[{"duration":10,"transform":{}},{"duration":20,"transform":{}},{"duration":0,"transform":{}}],"name":"mid21"},{"frame":[{"duration":10,"transform":{}},{"duration":20,"transform":{}},{"duration":0,"transform":{}}],"name":"mid22"},{"frame":[{"curve":[0.25,0,0,1],"duration":10,"transform":{}},{"curve":[0.25,0,0.75,1],"duration":20,"transform":{"scY":1.2,"scX":1.2}},{"duration":0,"transform":{}}],"name":"shadow"}]},{"ffd":[],"frame":[],"slot":[],"duration":60,"ik":[],"name":"Idle","bone":[{"frame":[{"duration":30,"transform":{}},{"duration":30,"transform":{}},{"duration":0,"transform":{}}],"name":"root"},{"frame":[{"curve":[0.25,0,0.75,1],"duration":30,"transform":{}},{"curve":[0.25,0,0.75,1],"duration":30,"transform":{"y":3.95}},{"duration":0,"transform":{}}],"name":"mid"},{"frame":[{"duration":30,"transform":{}},{"duration":30,"transform":{}},{"duration":0,"transform":{}}],"name":"ikLegLeft"},{"frame":[{"curve":[0.25,0,0.75,1],"duration":30,"transform":{"skX":-27.75,"skY":-27.75}},{"curve":[0.25,0,0.75,1],"duration":30,"transform":{"skX":-33.03,"skY":-33.03}},{"duration":0,"transform":{"skX":-27.75,"skY":-27.75}}],"name":"mid4"},{"frame":[{"curve":[0.25,0,0.75,1],"duration":30,"transform":{"skX":43.78,"skY":43.78}},{"curve":[0.25,0,0.75,1],"duration":30,"transform":{"skX":52.69,"skY":52.69}},{"duration":0,"transform":{"skX":43.78,"skY":43.78}}],"name":"mid5"},{"frame":[{"duration":30,"transform":{}},{"duration":30,"transform":{}},{"duration":0,"transform":{}}],"name":"IKLegRight"},{"frame":[{"curve":[0.25,0,0.75,1],"duration":30,"transform":{"skX":11.15,"skY":11.15}},{"curve":[0.25,0,0.75,1],"duration":30,"transform":{"skX":15.86,"skY":15.86}},{"duration":0,"transform":{"skX":11.15,"skY":11.15}}],"name":"bone"},{"frame":[{"curve":[0.25,0,0.75,1],"duration":30,"transform":{"skX":-22.39,"skY":-22.39}},{"curve":[0.25,0,0.75,1],"duration":30,"transform":{"skX":-32.84,"skY":-32.84}},{"duration":0,"transform":{"skX":-22.39,"skY":-22.39}}],"name":"bone2"},{"frame":[{"duration":30,"transform":{}},{"duration":30,"transform":{}},{"duration":0,"transform":{}}],"name":"mid2"},{"frame":[{"duration":30,"transform":{}},{"duration":30,"transform":{}},{"duration":0,"transform":{}}],"name":"mid3"},{"frame":[{"duration":30,"transform":{}},{"duration":30,"transform":{}},{"duration":0,"transform":{}}],"name":"head"},{"frame":[{"curve":[0.25,0,0.75,1],"duration":30,"transform":{}},{"curve":[0.25,0,0.75,1],"duration":30,"transform":{"skX":-6.01,"skY":-6.01}},{"duration":0,"transform":{}}],"name":"mid7"},{"frame":[{"curve":[0.25,0,0.75,1],"duration":30,"transform":{}},{"curve":[0.25,0,0.75,1],"duration":30,"transform":{"skX":13.19,"skY":13.19}},{"duration":0,"transform":{}}],"name":"ArmLeft"},{"frame":[{"duration":30,"transform":{}},{"duration":30,"transform":{}},{"duration":0,"transform":{}}],"name":"mid8"},{"frame":[{"duration":30,"transform":{}},{"duration":30,"transform":{}},{"duration":0,"transform":{}}],"name":"mid9"},{"frame":[{"duration":30,"transform":{}},{"duration":30,"transform":{}},{"duration":0,"transform":{}}],"name":"mid10"},{"frame":[{"duration":30,"transform":{}},{"duration":30,"transform":{}},{"duration":0,"transform":{}}],"name":"mid11"},{"frame":[{"duration":30,"transform":{}},{"duration":30,"transform":{}},{"duration":0,"transform":{}}],"name":"mid12"},{"frame":[{"curve":[0.25,0,0.75,1],"duration":30,"transform":{}},{"curve":[0.25,0,0.75,1],"duration":30,"transform":{"skX":-7.99,"skY":-7.99}},{"duration":0,"transform":{}}],"name":"ArmRight"},{"frame":[{"duration":30,"transform":{}},{"duration":30,"transform":{}},{"duration":0,"transform":{}}],"name":"mid13"},{"frame":[{"duration":30,"transform":{}},{"duration":30,"transform":{}},{"duration":0,"transform":{}}],"name":"mid14"},{"frame":[{"duration":30,"transform":{}},{"duration":30,"transform":{}},{"duration":0,"transform":{}}],"name":"mid15"},{"frame":[{"duration":30,"transform":{}},{"duration":30,"transform":{}},{"duration":0,"transform":{}}],"name":"mid16"},{"frame":[{"duration":30,"transform":{}},{"duration":30,"transform":{}},{"duration":0,"transform":{}}],"name":"mid17"},{"frame":[{"curve":[0.25,0,0.75,1],"duration":30,"transform":{}},{"curve":[0.25,0,0.75,1],"duration":30,"transform":{"skX":-5.21,"skY":-5.21}},{"duration":0,"transform":{}}],"name":"mid6"},{"frame":[{"duration":30,"transform":{}},{"duration":30,"transform":{}},{"duration":0,"transform":{}}],"name":"mid18"},{"frame":[{"curve":[0.25,0,0.75,1],"duration":30,"transform":{}},{"curve":[0.25,0,0.75,1],"duration":30,"transform":{"skX":-5.15,"skY":-5.15}},{"duration":0,"transform":{}}],"name":"mid19"},{"frame":[{"duration":30,"transform":{}},{"duration":30,"transform":{}},{"duration":0,"transform":{}}],"name":"mid20"},{"frame":[{"duration":30,"transform":{}},{"duration":30,"transform":{}},{"duration":0,"transform":{}}],"name":"mid21"},{"frame":[{"duration":30,"transform":{}},{"duration":30,"transform":{}},{"duration":0,"transform":{}}],"name":"mid22"},{"frame":[{"curve":[0.25,0,0.75,1],"duration":30,"transform":{}},{"curve":[0.25,0,0.75,1],"duration":30,"transform":{"scX":1.16}},{"duration":0,"transform":{}}],"name":"shadow"}]}],"ik":[{"bone":"bone2","bendPositive":"false","name":"IKLegRight","chain":1,"target":"IKLegRight"},{"bone":"mid5","name":"ikLegLeft","chain":1,"target":"ikLegLeft"}],"type":"Armature","frameRate":30,"skin":[{"name":"","slot":[{"display":[{"path":"Folder 87 Copy 2","type":"image","name":"Folder 87 Copy 2","transform":{"y":39.53,"x":19.07,"skX":-144.2,"skY":-144.2}}],"name":"Folder 87 Copy 2"},{"display":[{"path":"Folder 87 Copy 12","type":"image","name":"Folder 87 Copy 12","transform":{"y":41.01,"x":53.96,"skX":-121.45,"skY":-121.45}}],"name":"Folder 87 Copy 12"},{"display":[{"path":"Folder 87 Copy 3","type":"image","name":"Folder 87 Copy 3","transform":{"y":0.43,"x":38.66,"skX":-105.89,"skY":-105.89}}],"name":"Folder 87 Copy 3"},{"display":[{"edges":[1,0,0,32,32,31,31,30,30,29,29,28,28,27,27,26,26,25,25,24,24,23,23,22,22,21,21,20,20,19,19,18,18,17,17,16,16,15,15,14,14,13,13,12,12,11,11,10,10,9,9,8,8,7,7,6,6,5,5,4,4,3,3,2,2,1],"vertices":[-160.74,-299.84,-175.58,-359.04,-171.83,-384.36,-161.21,-408.76,-152.93,-411.58,-131.14,-419,-89.11,-418.33,-78.27,-413.52,-69,-414.87,-9.71,-412.39,44.98,-397.47,76.96,-371.82,108.94,-346.17,121.18,-315.78,133.42,-285.37,133.42,-235.66,107.37,-195.68,102.54,-194.78,55.38,-186.01,24.19,-190.93,-2.7,-191.37,-9.03,-194.31,-18.75,-195.22,-26.89,-203.13,-35.47,-203.35,-54.46,-216.92,-61.91,-224.37,-82.7,-234.32,-100.11,-248.32,-98.53,-253.3,-104.63,-266.18,-127.9,-282.22,-152.31,-274.32,92,-227.77,56.51,-274.32,-6.53,-319.98,-80.44,-335.56,-119.76,-341.66,-125.19,-310.02,-141.69,-289.91,-118.41,-298.95,-89.47,-286.07,-66.42,-262.34,-36.59,-234.77,-4.95,-222.79,13.36,-230.93,106.69,-276.81,64.21,-326.07,-20.09,-373.53,-55.36,-373.31,-108.45,-380.26,-141.33,-375.88,-123.51,-376.94,-138.69,-403.76,-66.56,-332.64,-36.82,-370.82,-53.09,-403.36,2.7,-256.15,31.9,-357.78,-43.8,-282.04,40.71,-227.73],"bonePose":[11,-0.8467507287796854,-0.5319898526391942,0.5319898526391942,-0.8467507287796854,-40.16206488293449,-283.69388116569576,5,-0.43129858703145646,-0.9022092489132824,0.9022092489132824,-0.43129858703145646,-0.75,-201.25],"path":"Folder 87 Copy 5","weights":[1,11,1,1,11,1,1,11,1,1,11,1,1,11,1,1,11,1,2,5,0.00264,11,0.99736,2,5,0.00935,11,0.99065,2,5,0.01947,11,0.98053,2,5,0.18456,11,0.81544,2,5,0.45636,11,0.54364,2,5,0.66073,11,0.33927,2,5,0.81895,11,0.18105,2,5,0.90218,11,0.09782,2,5,0.96039,11,0.03961,2,5,0.99627,11,0.00373,1,5,1,1,5,1,1,5,1,1,5,1,1,5,1,1,5,1,1,5,1,2,5,0.9976,11,0.0024,2,5,0.99041,11,0.00959,2,5,0.91723,11,0.08277,2,5,0.82909,11,0.17091,2,5,0.55696,11,0.44304,2,5,0.35351,11,0.64649,2,5,0.31917,11,0.68083,2,5,0.15083,11,0.84917,2,5,0.01107,11,0.98893,1,11,1,2,5,0.99865,11,0.00135,2,5,0.95236,11,0.04764,2,5,0.47277,11,0.52723,2,5,0.00013,11,0.99987,1,11,1,2,5,0.00038,11,0.99962,2,5,0.00072,11,0.99928,2,5,0.00621,11,0.99379,2,5,0.06492,11,0.93508,2,5,0.46029,11,0.53971,2,5,0.96499,11,0.03501,1,5,1,1,5,1,2,5,0.96346,11,0.03654,2,5,0.78086,11,0.21914,2,5,0.1731,11,0.8269,2,5,0.03889,11,0.96111,1,11,1,1,11,1,1,11,1,1,11,1,2,5,0.0042,11,0.9958,2,5,0.09756,11,0.90244,2,5,0.0456,11,0.9544,2,5,0.99798,11,0.00202,2,5,0.51548,11,0.48452,2,5,0.32144,11,0.67856,2,5,0.99986,11,0.00014],"triangles":[33,16,15,46,33,15,46,15,14,13,46,14,12,47,13,47,46,13,34,33,46,47,34,46,33,17,16,11,47,12,33,18,17,34,60,33,60,18,33,58,47,11,10,58,11,60,19,18,35,34,47,58,35,47,57,45,60,35,57,34,57,60,34,9,48,58,45,19,60,9,58,10,45,44,19,44,20,19,48,35,58,44,21,20,35,59,57,57,44,45,48,55,35,22,21,44,43,44,57,59,43,57,8,56,9,55,54,35,23,22,44,56,48,9,43,23,44,54,59,35,56,55,48,59,42,43,43,24,23,49,54,55,56,49,55,43,25,24,54,41,59,42,26,43,26,25,43,41,42,59,36,41,54,42,27,26,7,50,49,36,54,49,7,49,56,8,7,56,50,36,49,30,29,41,29,27,42,41,29,42,40,41,36,29,28,27,38,40,36,37,38,36,50,37,36,6,50,7,5,50,6,40,30,41,5,53,50,52,37,50,40,31,30,53,52,50,53,51,52,0,38,37,52,51,37,38,39,40,39,31,40,51,1,37,1,0,37,0,39,38,39,32,31,4,53,5,3,2,51,3,51,53,4,3,53,2,1,51,0,32,39],"uvs":[0.04799,0.51143,0,0.2573,0.01216,0.14867,0.04653,0.04391,0.0733,0.03183,0.14381,0,0.27984,0.00291,0.31495,0.02354,0.34494,0.01772,0.5368,0.02839,0.7138,0.09241,0.81729,0.2025,0.92078,0.31259,0.96039,0.44305,1,0.57351,1,0.7869,0.91566,0.9585,0.90006,0.96235,0.74744,1,0.64651,0.97887,0.55948,0.97693,0.539,0.96432,0.50755,0.96044,0.48122,0.92649,0.45342,0.92552,0.39199,0.86732,0.36785,0.83532,0.30056,0.79264,0.24425,0.7325,0.24937,0.71116,0.22962,0.65587,0.15428,0.58701,0.07532,0.62096,0.86596,0.82077,0.75113,0.62096,0.54707,0.42502,0.30791,0.3581,0.18064,0.33191,0.16309,0.4677,0.1097,0.55403,0.18503,0.51523,0.27865,0.57052,0.35325,0.67236,0.4498,0.7907,0.55219,0.84211,0.61143,0.80719,0.9135,0.61029,0.776,0.39884,0.50319,0.19514,0.38909,0.19611,0.21724,0.16626,0.11084,0.18506,0.16851,0.1805,0.11941,0.06542,0.3528,0.37066,0.44906,0.20678,0.3964,0.06711,0.57695,0.69894,0.67147,0.26278,0.42648,0.58781,0.69997,0.82089],"type":"mesh","transform":{},"userEdges":[],"slotPose":[1,0,0,1,0,0],"width":309,"height":233,"name":"Folder 87 Copy 5"}],"name":"Folder 87 Copy 5"},{"display":[{"edges":[49,50,50,51,51,52,52,53,53,54,54,55,55,56,56,57,57,58,58,59,59,0,0,1,1,2,2,3,3,4,4,5,5,6,6,7,7,8,8,9,9,10,10,11,11,12,12,13,13,14,14,15,15,16,16,17,17,18,18,19,19,20,20,21,21,22,22,23,23,24,24,25,25,26,26,27,27,28,28,29,29,30,30,31,31,32,32,33,33,34,34,35,35,36,36,37,37,38,38,39,39,40,40,41,41,42,42,43,43,44,44,45,45,46,46,47,47,48,48,49],"vertices":[-233.69,-94.57,-238.32,-113.09,-233.3,-124.09,-246.63,-132.59,-248.36,-136.83,-240.44,-151.11,-226.36,-153.43,-222.69,-170.22,-204.35,-190.49,-188.53,-188.75,-185.44,-201.1,-177.72,-198.79,-167.29,-197.44,-168.84,-184.89,-161.51,-182.96,-144.52,-189.33,-130.63,-208.44,-135.06,-216.54,-132.56,-219.24,-134.1,-225.61,-127.54,-225.62,-129.08,-230.63,-112.68,-243.18,-109.01,-262.48,-99.58,-264.22,-101.15,-274.83,-99.57,-299.92,-100.39,-312.08,-113.13,-332.99,-125.86,-331.38,-138.21,-314.78,-146.89,-289.88,-151.92,-275.6,-138.41,-265.95,-139.94,-259.78,-143.42,-255.53,-150.75,-255.14,-156.93,-258.81,-169.28,-260.36,-185.11,-259.78,-182.41,-244.34,-195.15,-232.57,-212.13,-231.02,-215.6,-220.79,-250.35,-190.1,-245.91,-186.05,-255.36,-182.96,-269.07,-148.8,-272.16,-132.97,-277.58,-121.4,-277.58,-107.3,-276.21,-94.18,-270.04,-85.3,-263.09,-78.99,-255.18,-78.99,-260.2,-101.32,-255.18,-96.3,-249.19,-93.21,-236.46,-87.8,-230.67,-88.19,-261.55,-129.84,-241.85,-170.37,-220.24,-195.08,-195.73,-213.81,-178.74,-224.03,-149.99,-232.34,-127.09,-249.42,-118.99,-273.75,-118.02,-300.18],"bonePose":[29,-0.4158046603058576,0.9094539485141236,-0.9094539485141236,-0.4158046603058576,-236.30436778265607,-181.0865521566327,28,-0.7383376414109895,0.6744312620835847,-0.6744312620835847,-0.7383376414109895,-203.85442844264307,-210.72780612520629,26,-0.8475853315058319,0.5306591239356473,-0.5306591239356473,-0.8475853315058319,-167.97378364081888,-232.88532919538105,23,-0.982156194526029,0.18806703473535383,-0.18806703473535383,-0.982156194526029,-138.64659967227166,-238.50101085257867,18,-0.45864955448431505,0.8886172326549486,-0.8886172326549486,-0.45864955448431505,-123.67169171835876,-267.51436349876275,13,-0.12775705053444403,0.9918054930472704,-0.9918054930472704,-0.12775705053444403,-115.87474645829786,-328.35682272430375],"path":"Folder 87 Copy 8","weights":[1,29,1,1,29,1,1,29,1,1,29,1,1,29,1,1,29,1,2,28,0.00767,29,0.99233,2,28,0.38577,29,0.61423,2,26,0.09965,28,0.90035,3,23,0.00209,26,0.45379,28,0.54412,3,23,0.04843,26,0.75426,28,0.19732,3,23,0.18681,26,0.77812,28,0.03507,3,23,0.42854,26,0.5702,28,0.00126,2,23,0.51313,26,0.48687,2,23,0.52701,26,0.47299,2,23,0.62478,26,0.37522,2,23,0.78943,26,0.21057,3,18,0.01615,23,0.83577,26,0.14808,3,18,0.04431,23,0.84365,26,0.11203,3,18,0.19052,23,0.76004,26,0.04944,3,18,0.35483,23,0.62501,26,0.02016,3,18,0.53291,23,0.45608,26,0.01101,1,18,1,2,13,0.54115,18,0.45885,2,13,0.79358,18,0.20642,2,13,0.92526,18,0.07474,1,13,1,1,13,1,1,13,1,1,13,1,1,13,1,2,13,0.92614,18,0.07386,2,13,0.78616,18,0.21384,3,13,0.33406,18,0.65851,23,0.00744,3,13,0.04589,18,0.87199,23,0.08212,3,13,0.00448,18,0.7126,23,0.28292,3,18,0.30871,23,0.67792,26,0.01337,3,18,0.13023,23,0.80507,26,0.0647,3,18,0.02612,23,0.72428,26,0.2496,2,23,0.57043,26,0.42957,2,23,0.28896,26,0.71104,2,26,0.99394,28,0.00606,2,26,0.78138,28,0.21862,2,26,0.402,28,0.598,2,28,0.61092,29,0.38908,2,28,0.4108,29,0.5892,2,28,0.03313,29,0.96687,1,29,1,1,29,1,1,29,1,1,29,1,1,29,1,1,29,1,1,29,1,1,29,1,1,29,1,1,29,1,1,29,1,1,29,1,1,29,1,1,29,1,1,29,1,2,28,0.99987,29,0.00013,3,23,0.00088,26,0.99029,28,0.00883,2,23,0.0106,26,0.9894,2,23,0.97897,26,0.02103,1,18,1,2,13,0.9843,18,0.0157,1,13,1],"triangles":[68,67,25,25,23,24,68,25,26,27,68,26,28,68,27,67,23,25,29,30,68,29,68,28,66,22,23,67,66,23,68,31,67,33,66,67,66,21,22,33,34,66,30,31,68,31,33,67,65,21,66,35,65,66,31,32,33,34,35,66,21,19,20,65,19,21,17,15,16,12,15,17,19,17,18,19,65,17,65,12,17,36,65,35,64,12,65,12,14,15,36,37,65,37,40,65,38,40,37,40,64,65,64,11,12,12,13,14,64,10,11,39,40,38,63,10,64,40,41,64,41,63,64,8,9,10,63,8,10,42,43,63,62,8,63,43,62,63,42,63,41,62,7,8,45,7,62,44,62,43,45,61,7,44,45,62,61,6,7,61,5,6,0,58,59,3,1,2,57,58,0,1,57,0,56,57,1,61,47,5,55,56,1,3,60,1,60,55,1,45,46,61,47,4,5,46,47,61,4,60,3,47,60,4,60,49,55,47,48,60,49,50,55,48,49,60,51,52,55,50,51,55,52,53,55,55,53,54],"uvs":[0.24657,0.93869,0.22054,0.86574,0.24873,0.82243,0.17392,0.789,0.16416,0.77228,0.20862,0.71605,0.28777,0.70694,0.30837,0.64083,0.41137,0.56105,0.50028,0.56788,0.51763,0.51925,0.561,0.52837,0.61955,0.53369,0.61088,0.58308,0.65208,0.59068,0.7475,0.5656,0.82557,0.49038,0.80063,0.45847,0.81472,0.44783,0.80605,0.42275,0.84291,0.42275,0.83424,0.403,0.9264,0.35361,0.947,0.27762,1,0.27079,0.99113,0.22899,1,0.13022,0.99546,0.08235,0.9239,0,0.85234,0.00636,0.78295,0.07171,0.73416,0.16973,0.70596,0.22596,0.78186,0.26395,0.77319,0.28826,0.75367,0.30498,0.71247,0.3065,0.67777,0.29206,0.60838,0.28598,0.51947,0.28826,0.53465,0.34905,0.46309,0.3954,0.36767,0.40148,0.34816,0.44175,0.15299,0.56257,0.17793,0.57852,0.1248,0.59068,0.04781,0.72517,0.03046,0.78748,0,0.83307,0,0.88854,0.0077,0.94021,0.04239,0.97516,0.08143,1,0.12588,1,0.09769,0.91209,0.12588,0.93185,0.15949,0.94401,0.23105,0.96528,0.26358,0.96376,0.0901,0.79978,0.2007,0.64021,0.32213,0.54295,0.45984,0.46925,0.55525,0.42898,0.71681,0.39631,0.84542,0.32901,0.89095,0.23327,0.89638,0.12918],"type":"mesh","transform":{},"userEdges":[],"slotPose":[1,0,0,1,0,0],"width":178,"height":254,"name":"Folder 87 Copy 8"}],"name":"Folder 87 Copy 8"},{"display":[{"edges":[0,30,30,29,29,28,28,27,27,26,26,25,25,24,24,23,23,22,22,21,21,20,20,19,19,18,18,17,17,16,16,15,15,14,14,13,13,12,12,11,11,10,10,9,9,8,8,7,7,6,6,5,5,4,4,3,3,2,2,1,1,0],"vertices":[56.64,-241.98,60.25,-262.91,76.91,-284.51,115.38,-295.08,164.65,-304.32,175.68,-330.19,191.43,-313.09,212.8,-320.51,221.58,-324.11,232.16,-343.01,240.23,-348,250.14,-331.43,280.96,-334.35,304.36,-328.95,327.08,-341.78,329.56,-318.82,353.86,-308.44,359.71,-304.39,380.18,-312.94,376.13,-290.45,397.28,-263.23,400.65,-222.72,381.76,-249.5,342.16,-283.46,298.06,-299.44,256.89,-295.83,221.5,-284.67,178.52,-250.69,113.95,-211.01,87.62,-211,63.55,-222.12,95.27,-248.21,131.95,-264.19,170.19,-277.7,202.6,-297.5,226.9,-308.3,247.37,-315.27,279.1,-319.54,300.53,-316.25,328.65,-308.38,345.07,-298.7,366.9,-279.36,380.62,-267.89],"bonePose":[8,0.8828656411661311,-0.4696256590608271,0.4696256590608271,0.8828656411661311,80.9,-243.06,12,0.9233443052386828,-0.3839730380942051,0.3839730380942051,0.9233443052386828,168.16433224453732,-288.5160328000036,16,0.9999395492821014,0.01099535272321811,-0.01099535272321811,0.9999395492821014,240.27688932884405,-317.59432729542755,19,0.9375858190580882,0.3477539818624279,-0.3477539818624279,0.9375858190580882,297.84704402289856,-318.2013598337889,22,0.8016713267674679,0.5977650741210027,-0.5977650741210027,0.8016713267674679,335.41610779255615,-304.2668577805614,24,0.579992284871487,0.8146219672274693,-0.8146219672274693,0.579992284871487,371.1706489663852,-277.60653547476466],"path":"Folder 87 Copy 13","weights":[1,8,1,1,8,1,1,8,1,1,8,1,2,8,0.4807,12,0.5193,1,12,1,1,12,1,1,12,1,2,12,0.97918,16,0.02082,2,12,0.36735,16,0.63265,2,12,0.28307,16,0.71693,2,12,0.03417,16,0.96583,2,16,0.88484,19,0.11516,1,19,1,1,19,1,2,19,0.98921,22,0.01079,2,19,0.00353,22,0.99647,1,22,1,1,22,1,2,22,0.89491,24,0.10509,1,24,1,1,24,1,1,24,1,2,19,0.03695,22,0.96305,2,16,0.65689,19,0.34311,2,12,0.11178,16,0.88822,2,12,0.93915,16,0.06085,2,8,0.33225,12,0.66775,2,8,0.99903,12,0.00097,1,8,1,1,8,1,1,8,1,2,8,0.99171,12,0.00829,2,8,0.23759,12,0.76241,2,12,0.99967,16,0.00033,2,12,0.9424,16,0.0576,2,12,0.02956,16,0.97044,2,16,0.98882,19,0.01118,2,16,0.05005,19,0.94995,1,19,1,1,22,1,2,22,0.9949,24,0.0051,1,24,1],"triangles":[19,42,20,20,22,21,42,22,20,17,19,18,19,41,42,42,41,22,41,23,22,17,41,19,17,40,41,40,23,41,16,40,17,39,40,16,15,39,16,39,23,40,39,24,23,14,13,15,38,39,15,13,38,15,38,24,39,12,38,13,37,24,38,12,37,38,37,25,24,36,25,37,11,37,12,11,36,37,36,35,25,35,26,25,8,36,11,9,8,11,10,9,11,8,35,36,34,26,35,7,34,35,8,7,35,33,27,34,34,27,26,6,34,7,6,4,34,4,33,34,5,4,6,33,32,27,32,28,27,4,32,33,3,32,4,3,31,32,31,28,32,31,29,28,2,31,3,30,29,31,0,30,31,1,0,31,2,1,31],"uvs":[0.00065,0.77386,0.01048,0.62113,0.05888,0.46346,0.17073,0.38627,0.31397,0.31894,0.34602,0.13007,0.3918,0.25489,0.45394,0.20069,0.47945,0.17441,0.51019,0.03646,0.53369,0,0.56247,0.12101,0.65207,0.09966,0.7201,0.13908,0.78616,0.04546,0.79335,0.21298,0.86399,0.28881,0.881,0.31838,0.94052,0.25597,0.92874,0.4202,0.99023,0.61892,1,0.91454,0.9451,0.7191,0.82998,0.47111,0.70178,0.35451,0.58209,0.38078,0.47922,0.46233,0.35429,0.71032,0.16658,1,0.09005,1,0.02007,0.91889,0.11263,0.72838,0.21901,0.61178,0.33015,0.51324,0.42428,0.36871,0.49492,0.28988,0.55444,0.23897,0.64666,0.20777,0.70896,0.23177,0.79071,0.28925,0.83846,0.35987,0.90191,0.50111,0.9418,0.58487],"type":"mesh","transform":{},"userEdges":[],"slotPose":[1,0,0,1,0,0],"width":344,"height":137,"name":"Folder 87 Copy 13"}],"name":"Folder 87 Copy 13"},{"display":[{"path":"Layer 393","type":"image","name":"Layer 393","transform":{"y":2.11,"x":24.65}}],"name":"Layer 393"},{"display":[{"path":"Folder 87 Copy 9","type":"image","name":"Folder 87 Copy 9","transform":{"y":-4.25,"x":60.27,"skX":-75.29,"skY":-75.29}}],"name":"Folder 87 Copy 9"},{"display":[{"path":"Folder 87 Copy 7","type":"image","name":"Folder 87 Copy 7","transform":{"y":2.95,"x":29.46,"skX":-52.89,"skY":-52.89}}],"name":"Folder 87 Copy 7"},{"display":[{"path":"Folder 87 Copy 11","type":"image","name":"Folder 87 Copy 11","transform":{"y":11.26,"x":30.96,"skX":-126.89,"skY":-126.89}}],"name":"Folder 87 Copy 11"},{"display":[{"edges":[57,58,58,59,59,60,60,61,61,62,62,63,63,64,64,0,0,1,1,2,2,3,3,4,4,5,5,6,6,7,7,8,8,9,9,10,10,11,11,12,12,13,13,14,14,15,15,16,16,17,17,18,18,19,19,20,20,21,21,22,22,23,23,24,24,25,25,26,26,27,27,28,28,29,29,30,30,31,31,32,32,33,33,34,34,35,35,36,36,37,37,38,38,39,39,40,40,41,41,42,42,43,43,44,44,45,45,46,46,47,47,48,48,49,49,50,50,51,51,52,52,53,53,54,54,55,55,56,56,57],"vertices":[-109.33,-56,-108.12,-96.94,-114.86,-108.7,-123,-112.16,-117.64,-123.92,-97.05,-132.57,-107.6,-150.22,-100.16,-163.54,-78.7,-165.79,-82.69,-185.34,-66.08,-200.9,-73.34,-189.49,-59.68,-189.66,-57.78,-180.84,-32.52,-191.39,-17.12,-204.19,-17.64,-219.77,-23.35,-234.12,-11.28,-236.61,-16.81,-242.15,-11.97,-244.05,-7.48,-257.37,1.83,-273.75,17.42,-292.95,-3.89,-297.62,-21.7,-298.83,-44.19,-312.5,-53.16,-332.22,-72.88,-336.2,-76.69,-352.11,-112.5,-364,-129.45,-352.98,-130.14,-342.6,-132.4,-324.26,-129.11,-312.5,-115.96,-298.65,-98.83,-301.94,-94.5,-306.26,-84.65,-300.56,-76.86,-288.97,-74.09,-278.76,-77.03,-262.85,-69.94,-262.51,-73.57,-258,-73.91,-253.16,-76.86,-243.47,-89.31,-237.93,-95.37,-237.07,-91.39,-222.71,-110.33,-194.96,-125.21,-193.23,-122.79,-176.46,-134.55,-159.84,-136.46,-151.2,-147.36,-144.28,-143.03,-130.95,-145.62,-119.23,-158.58,-114.9,-158.58,-89.3,-154.26,-71.48,-145.97,-65.77,-140.94,-88.44,-137.14,-73.39,-125.03,-62.48,-115.16,-56,-123.3,-136.11,-107.38,-180.74,-65.89,-224.06,-38.48,-253.56,-40.83,-286.71,-66.94,-311.76,-106.08,-332.37],"bonePose":[30,-0.22018671674730175,0.975457743712173,-0.975457743712173,-0.22018671674730175,-129.15154928108194,-137.72821809277264,27,-0.48450429084439817,0.8747888843334526,-0.8747888843334526,-0.48450429084439817,-106.6850853146272,-178.29217865931483,25,-0.5951033494856173,0.8036491793257796,-0.8036491793257796,-0.5951033494856173,-63.940845247869674,-235.69628078725864,21,-0.7177618202524209,0.6962887112311469,-0.6962887112311469,-0.7177618202524209,-22.447034419077223,-275.9487311835312,17,0.8076812706633246,0.5896193390821549,-0.5896193390821549,0.8076812706633246,-81.41786619625769,-318.6887873312187,14,0.8490639045864413,0.5282901531624703,-0.5282901531624703,0.8490639045864413,-109.49640952093132,-336.15934269630156],"path":"Folder 87 Copy 6","weights":[1,30,1,1,30,1,1,30,1,2,27,0.00134,30,0.99866,2,27,0.21163,30,0.78837,2,27,0.74814,30,0.25186,2,27,0.96091,30,0.03909,2,25,0.23213,27,0.76787,2,25,0.81746,27,0.18254,2,25,0.98085,27,0.01915,2,21,0.08534,25,0.91466,2,21,0.10494,25,0.89506,2,21,0.15829,25,0.84171,2,21,0.1809,25,0.8191,2,21,0.37486,25,0.62514,2,21,0.54588,25,0.45412,2,21,0.66844,25,0.33156,2,21,0.88921,25,0.11079,2,21,0.96385,25,0.03615,2,21,0.97256,25,0.02744,2,21,0.98931,25,0.01069,2,17,0.07108,21,0.92892,2,17,0.59754,21,0.40246,2,17,0.89908,21,0.10091,2,17,0.9306,21,0.0694,1,17,1,1,17,1,2,14,0.05426,17,0.94574,2,14,0.63259,17,0.36741,2,14,0.97088,17,0.02912,1,14,1,1,14,1,1,14,1,1,14,1,1,14,1,1,14,1,2,14,0.91678,17,0.08322,3,14,0.81253,17,0.18736,21,0.0001,3,14,0.18374,17,0.80131,21,0.01496,3,14,0.00408,17,0.86486,21,0.13106,2,17,0.63652,21,0.36348,3,17,0.3614,21,0.63759,25,0.00102,3,17,0.27413,21,0.7136,25,0.01228,3,17,0.15135,21,0.78491,25,0.06374,3,17,0.0915,21,0.7657,25,0.14279,3,17,0.01386,21,0.3771,25,0.60904,2,21,0.01416,25,0.98584,2,17,0.00001,25,0.99999,1,25,1,2,25,0.92328,27,0.07672,2,25,0.59642,27,0.40358,2,25,0.12678,27,0.87322,1,27,1,2,27,0.92758,30,0.07242,2,27,0.51718,30,0.48282,2,27,0.03542,30,0.96458,1,30,1,1,30,1,1,30,1,1,30,1,1,30,1,1,30,1,1,30,1,1,30,1,1,30,1,2,27,0.54727,30,0.45273,2,25,0.67242,27,0.32758,2,21,0.06708,25,0.93292,2,21,0.99873,25,0.00127,2,17,0.96442,21,0.03558,1,17,1,1,14,1],"triangles":[24,22,23,69,21,22,25,69,22,24,25,22,69,68,21,19,20,21,68,19,21,19,17,18,14,15,16,68,17,19,17,67,16,67,14,16,67,10,14,26,69,25,68,67,17,69,42,68,10,12,14,12,13,14,26,70,69,40,42,69,45,67,68,44,45,68,42,44,68,70,39,69,39,40,69,27,70,26,28,70,27,43,44,42,10,11,12,40,41,42,28,37,70,38,39,70,45,46,67,46,48,67,67,48,10,37,38,70,71,37,28,48,49,9,29,71,28,9,7,8,30,71,29,66,7,9,49,66,9,47,48,46,63,0,1,34,35,71,71,35,36,71,36,37,63,64,0,30,31,71,31,32,71,6,65,5,65,4,5,62,63,1,66,51,7,51,6,7,61,62,1,51,52,6,33,34,71,32,33,71,49,50,66,50,51,66,53,65,6,52,53,6,2,61,1,3,61,2,65,55,4,55,3,4,56,61,3,55,56,3,53,55,65,54,55,53,56,57,61,57,58,61,58,59,61,59,60,61,48,9,10],"uvs":[0.27983,1,0.28671,0.8671,0.24838,0.82891,0.20218,0.81767,0.23265,0.77948,0.34962,0.75139,0.28966,0.6941,0.33193,0.65085,0.45381,0.64355,0.43121,0.58008,0.52557,0.52953,0.48429,0.5666,0.56194,0.56604,0.57275,0.59468,0.71626,0.56042,0.80375,0.51886,0.8008,0.4683,0.76836,0.42168,0.83693,0.4136,0.80548,0.39563,0.833,0.38945,0.85856,0.3462,0.91141,0.29305,1,0.2307,0.87898,0.21554,0.77773,0.2116,0.64995,0.16723,0.599,0.10318,0.48695,0.09026,0.46532,0.03859,0.28249,0,0.16552,0.03578,0.16159,0.06948,0.14881,0.12902,0.16749,0.16721,0.24219,0.21215,0.3395,0.20148,0.36408,0.18743,0.4201,0.20597,0.46434,0.2436,0.48006,0.27674,0.46335,0.32842,0.50366,0.32954,0.48301,0.34414,0.48105,0.35987,0.46434,0.39133,0.39356,0.4093,0.35916,0.41211,0.38177,0.45873,0.27414,0.54882,0.18961,0.55443,0.20337,0.60892,0.13653,0.66284,0.12571,0.69092,0.06379,0.71339,0.08836,0.75664,0.07364,0.79471,0,0.80875,0,0.89188,0.0245,0.94973,0.07168,0.96827,0.10018,0.89469,0.12181,0.94355,0.19061,0.97894,0.24664,1,0.20043,0.73991,0.29089,0.59501,0.52668,0.45434,0.68239,0.35858,0.66904,0.25096,0.52075,0.16961,0.30846,0.10267],"type":"mesh","transform":{},"userEdges":[],"slotPose":[1,0,0,1,0,0],"width":176,"height":308,"name":"Folder 87 Copy 6"}],"name":"Folder 87 Copy 6"}]}],"defaultActions":[{"gotoAndPlay":"Attack A"}],"aabb":{"width":716.9451612903226,"y":-523.9865529845631,"height":523.9865529845631,"x":-304.57},"name":"Zeograth","bone":[{"transform":{},"name":"root"},{"transform":{"y":-199.84,"x":0.01},"name":"mid","parent":"root"},{"transform":{"y":-28.11,"x":11.78},"name":"shadow","parent":"root"},{"transform":{"y":-29.52,"x":177.88},"name":"IKLegRight","parent":"root"},{"transform":{"y":-32.64,"x":-120.31},"name":"ikLegLeft","parent":"root"},{"length":91,"transform":{"y":-1.41,"x":-0.76,"skX":-115.55,"skY":-115.55},"parent":"mid","name":"mid2"},{"length":155,"transform":{"y":-53.38,"x":40,"skX":64.14,"skY":64.14},"parent":"mid","name":"bone"},{"length":162,"transform":{"y":-9.8,"x":-22.95,"skX":149.2,"skY":149.2},"parent":"mid","name":"mid4"},{"length":96,"transform":{"y":-43.22,"x":80.89,"skX":-28.01,"skY":-28.01},"parent":"mid","name":"mid6"},{"length":132,"transform":{"y":-21.88,"x":69.41,"skX":-38.34,"skY":-38.34},"parent":"mid4","name":"mid5"},{"length":130,"transform":{"y":-26.73,"x":130.51,"skX":-0.01,"skY":-0.01},"parent":"bone","name":"bone2"},{"length":120,"transform":{"x":91.38,"skX":-32.31,"skY":-32.31},"parent":"mid2","name":"mid3"},{"length":74,"transform":{"y":0.85,"x":98.39,"skX":5.43,"skY":5.43},"parent":"mid6","name":"mid18"},{"length":61,"transform":{"y":-2.46,"x":87.87,"skX":-114.8,"skY":-114.8},"parent":"mid3","name":"ArmLeft"},{"length":33,"transform":{"y":7.54,"x":86.62,"skX":179.75,"skY":179.75},"parent":"mid3","name":"ArmRight"},{"length":136,"transform":{"y":7.77,"x":143.45,"skX":-67.95,"skY":-67.95},"parent":"mid3","name":"head"},{"length":55,"transform":{"y":0.84,"x":77.75,"skX":23.21,"skY":23.21},"parent":"mid18","name":"mid19"},{"length":73,"transform":{"x":33.07,"skX":4.24,"skY":4.24},"parent":"ArmRight","name":"mid13"},{"length":32,"transform":{"y":-0.04,"x":61.34,"skX":19.96,"skY":19.96},"parent":"ArmLeft","name":"mid8"},{"length":40,"transform":{"y":-1.24,"x":57.56,"skX":19.72,"skY":19.72},"parent":"mid19","name":"mid20"},{"length":92,"transform":{"y":-7.48,"x":22.15,"skX":-38.31,"skY":-38.31},"parent":"head","name":"mid7"},{"length":57,"transform":{"y":-0.25,"x":72.83,"skX":99.74,"skY":99.74},"parent":"mid13","name":"mid14"},{"length":44,"transform":{"x":40.07,"skX":16.36,"skY":16.36},"parent":"mid20","name":"mid21"},{"length":29,"transform":{"x":32.65,"skX":51.86,"skY":51.86},"parent":"mid8","name":"mid9"},{"length":43,"transform":{"x":44.6,"skX":17.84,"skY":17.84},"parent":"mid21","name":"mid22"},{"length":71,"transform":{"x":57.81,"skX":-9.35,"skY":-9.35},"parent":"mid14","name":"mid15"},{"length":42,"transform":{"x":29.86,"skX":-21.21,"skY":-21.21},"parent":"mid9","name":"mid10"},{"length":46,"transform":{"y":0.19,"x":71.57,"skX":-7.54,"skY":-7.54},"parent":"mid15","name":"mid16"},{"length":43,"transform":{"y":0.26,"x":42.17,"skX":-10.36,"skY":-10.36},"parent":"mid10","name":"mid11"},{"length":60,"transform":{"x":43.95,"skX":-23.02,"skY":-23.02},"parent":"mid11","name":"mid12"},{"length":39,"transform":{"x":46.37,"skX":-16.26,"skY":-16.26},"parent":"mid16","name":"mid17"}],"slot":[{"color":{},"name":"Layer 393","parent":"shadow"},{"z":1,"color":{},"name":"Folder 87 Copy 13","parent":"root"},{"z":2,"color":{},"name":"Folder 87 Copy 11","parent":"mid5"},{"z":3,"color":{},"name":"Folder 87 Copy 12","parent":"mid4"},{"z":4,"color":{},"name":"Folder 87 Copy 8","parent":"root"},{"z":5,"color":{},"name":"Folder 87 Copy 5","parent":"mid2"},{"z":6,"color":{},"name":"Folder 87 Copy 3","parent":"mid7"},{"z":7,"color":{},"name":"Folder 87 Copy 2","parent":"head"},{"z":8,"color":{},"name":"Folder 87 Copy 6","parent":"root"},{"z":9,"color":{},"name":"Folder 87 Copy 7","parent":"bone2"},{"z":10,"color":{},"name":"Folder 87 Copy 9","parent":"bone"}]}]}