{"width":512,"SubTexture":[{"y":755,"frameY":-1,"frameWidth":486,"width":484,"frameX":-1,"frameHeight":50,"height":48,"name":"Layer 56","x":1},{"width":240,"y":276,"height":291,"name":"Rear Tentacle R Copy","x":1},{"width":237,"y":276,"height":282,"name":"Rear TEntacle L Copy","x":243},{"width":188,"y":1,"height":190,"name":"LEft TEntacle Copy","x":322},{"width":204,"y":560,"height":193,"name":"Layer 57","x":243},{"width":319,"y":1,"height":273,"name":"Layer 58","x":1}],"height":1024,"name":"Overmind","imagePath":"Overmind_tex.png"}