{"frameRate":30,"isGlobal":0,"name":"Overmind","version":"5.0","armature":[{"defaultActions":[{"gotoAndPlay":"Attack A"}],"type":"Armature","frameRate":30,"bone":[{"name":"root","transform":{}},{"transform":{"y":-381.93,"x":247.67},"name":"backTEnbtacleRight","parent":"root"},{"transform":{"y":-498.65,"x":218.58},"name":"backTEntacleRB","parent":"root"},{"transform":{"y":-433.4,"x":-34.5},"name":"backlefttentacleIKç","parent":"root"},{"transform":{"y":-259.73,"x":-2.79},"name":"mid","parent":"root"},{"transform":{"y":-105.85,"x":205.02},"name":"right Tentacle","parent":"root"},{"transform":{"y":-151.37,"x":-276.58},"name":"left TentacleIK","parent":"root"},{"transform":{"y":-359.82,"x":-190.48},"name":"leftentaclebackIKA","parent":"root"},{"transform":{"y":-26.84,"x":-3.3},"name":"shadow","parent":"root"},{"length":96,"transform":{"skX":-127.49,"skY":-127.49,"y":-1.26,"x":-12.18},"parent":"mid","name":"bone"},{"length":90,"transform":{"skX":35.63,"skY":35.63,"y":29.27,"x":-19.81},"parent":"bone","name":"bone3"},{"length":69,"transform":{"skX":-30.49,"skY":-30.49,"y":-43.4,"x":49.75},"parent":"bone","name":"bone4"},{"length":73,"transform":{"skX":129.06,"skY":129.06,"y":55.68,"x":-23.36},"parent":"bone","name":"bone6"},{"length":216,"transform":{"skX":100.79,"skY":100.79,"y":70.39,"x":-22.2},"parent":"bone","name":"bone8"},{"length":96,"transform":{"skX":-24.5,"skY":-24.5,"y":-20.18,"x":-17.34},"parent":"bone","name":"bone2"},{"length":180,"transform":{"skX":-16.46,"skY":-16.46,"y":-28.01,"x":11.69},"parent":"bone","name":"bone11"},{"length":197,"transform":{"skX":-70.45,"skY":-70.45,"x":69.7},"parent":"bone4","name":"bone5"},{"length":189,"transform":{"skX":60.61,"skY":60.61,"x":73.56},"parent":"bone6","name":"bone7"},{"length":68,"transform":{"skX":-83.16,"skY":-83.16,"y":-17.28,"x":89.11},"parent":"bone8","name":"bone9"},{"length":97,"transform":{"skX":81.49,"skY":81.49,"y":20.75,"x":49},"parent":"bone11","name":"bone12"},{"length":148,"transform":{"skX":70.79,"skY":70.79,"x":68.9},"parent":"bone9","name":"bone10"},{"length":49,"transform":{"skX":-35.78,"skY":-35.78,"x":97.06},"parent":"bone12","name":"bone13"}],"ik":[{"target":"left TentacleIK","bone":"bone5","bendPositive":"false","name":"left TentacleIK","chain":1},{"target":"right Tentacle","bone":"bone7","name":"right Tentacle","chain":1},{"target":"backTEnbtacleRight","bendPositive":"false","name":"backTEnbtacleRight","bone":"bone8"},{"target":"leftentaclebackIKA","bendPositive":"false","name":"leftentaclebackIKA","bone":"bone11"},{"target":"backTEntacleRB","bone":"bone10","name":"backTEntacleRB","chain":1},{"target":"backlefttentacleIKç","bone":"bone13","bendPositive":"false","name":"backlefttentacleIKç","chain":1}],"slot":[{"color":{},"name":"Layer 56","parent":"shadow"},{"z":1,"color":{},"name":"Rear Tentacle R Copy","parent":"root"},{"z":2,"color":{},"name":"Rear TEntacle L Copy","parent":"root"},{"z":3,"color":{},"name":"LEft TEntacle Copy","parent":"root"},{"z":4,"color":{},"name":"Layer 57","parent":"root"},{"z":5,"color":{},"name":"Layer 58","parent":"bone"}],"aabb":{"width":573.2666102247684,"y":-503.0649599284965,"height":503.0649599284965,"x":-282.6820418345188},"name":"Overmind","animation":[{"frame":[],"ffd":[],"bone":[{"frame":[{"duration":10,"transform":{}},{"curve":[0.25,0,1,0],"duration":5,"transform":{}},{"curve":[0.516,0,0.774,0.4],"duration":5,"transform":{"x":1.47}},{"curve":[0.093,0.33,0.147,1],"duration":15,"transform":{"x":0.64}},{"duration":0,"transform":{}}],"name":"root"},{"frame":[{"curve":[0.25,0,1,0],"duration":10,"transform":{}},{"curve":[0.25,0,1,0],"duration":5,"transform":{"y":25.75,"x":167.14}},{"curve":[0.25,0,0,1],"duration":5,"transform":{"y":-70.26,"x":-260.53}},{"curve":[0.25,0,0.75,1],"duration":15,"transform":{"y":-18.51,"x":-359.43}},{"duration":0,"transform":{}}],"name":"mid"},{"frame":[{"duration":10,"transform":{}},{"duration":5,"transform":{}},{"curve":[0.25,0,0,1],"duration":5,"transform":{}},{"curve":[0.25,0,0.75,1],"duration":15,"transform":{"y":100.37,"x":-135.28}},{"duration":0,"transform":{}}],"name":"bone"},{"frame":[{"curve":[0.25,0,1,0],"duration":10,"transform":{}},{"duration":5,"transform":{"skX":-1.14,"skY":-1.14}},{"curve":[0.516,0,0.774,0.4],"duration":5,"transform":{"skX":-1.14,"skY":-1.14}},{"curve":[0.25,0,0.75,1],"duration":15,"transform":{"skX":-15.89,"skY":-15.89}},{"duration":0,"transform":{}}],"name":"bone2"},{"frame":[{"curve":[0.25,0,1,0],"duration":10,"transform":{}},{"duration":5,"transform":{"skX":-8.82,"skY":-8.82}},{"curve":[0.516,0,0.774,0.4],"duration":5,"transform":{"skX":-8.82,"skY":-8.82}},{"curve":[0.25,0,0.75,1],"duration":15,"transform":{"skX":15.81,"skY":15.81}},{"duration":0,"transform":{}}],"name":"bone3"},{"frame":[{"curve":[0.25,0,1,0],"duration":10,"transform":{}},{"curve":[0.25,0,1,0],"duration":5,"transform":{"y":-191.81,"x":232.84}},{"curve":[0.25,0,0,1],"duration":5,"transform":{"y":-318.17,"x":-168.25}},{"curve":[0.25,0,0.736,0.79],"duration":15,"transform":{"y":95.12,"x":-455.83}},{"duration":0,"transform":{}}],"name":"left TentacleIK"},{"frame":[{"curve":[0.25,0,1,0],"duration":10,"transform":{"skX":-1.42,"skY":-1.42}},{"curve":[0.25,0,1,0],"duration":5,"transform":{"skX":-32.07,"skY":-32.07}},{"curve":[0.516,0,0.774,0.4],"duration":5,"transform":{"skX":73.09,"skY":73.09}},{"curve":[0.093,0.33,0.147,1],"duration":15,"transform":{"skX":8.6,"skY":8.6}},{"duration":0,"transform":{"skX":-1.42,"skY":-1.42}}],"name":"bone4"},{"frame":[{"curve":[0.25,0,1,0],"duration":10,"transform":{"skX":1.65,"skY":1.65}},{"curve":[0.25,0,1,0],"duration":5,"transform":{"skX":70.45,"skY":70.45}},{"curve":[0.516,0,0.774,0.4],"duration":5,"transform":{"skX":-65.1,"skY":-65.1}},{"curve":[0.093,0.33,0.147,1],"duration":15,"transform":{"skX":-20.41,"skY":-20.41}},{"duration":0,"transform":{"skX":1.65,"skY":1.65}}],"name":"bone5"},{"frame":[{"duration":10,"transform":{}},{"duration":5,"transform":{}},{"curve":[0.25,0,0,1],"duration":5,"transform":{}},{"curve":[0.25,0,0.75,1],"duration":15,"transform":{"y":49.74,"x":-878.02}},{"duration":0,"transform":{}}],"name":"right Tentacle"},{"frame":[{"curve":[0.25,0,1,0],"duration":10,"transform":{"skX":0.47,"skY":0.47}},{"curve":[0.25,0,1,0],"duration":5,"transform":{"skX":-26,"skY":-26}},{"curve":[0.383,0,0.387,0.7],"duration":5,"transform":{"skX":28.12,"skY":28.12}},{"curve":[0.1715,0.165,0.4485,1],"duration":15,"transform":{"skX":104.08,"skY":104.08,"y":-40.93,"x":-31.85}},{"duration":0,"transform":{"skX":0.47,"skY":0.47}}],"name":"bone6"},{"frame":[{"curve":[0.25,0,1,0],"duration":10,"transform":{"skX":-0.34,"skY":-0.34}},{"curve":[0.25,0,1,0],"duration":5,"transform":{"skX":76.31,"skY":76.31}},{"curve":[0.516,0,0.774,0.4],"duration":5,"transform":{"skX":-60.61,"skY":-60.61}},{"curve":[0.093,0.33,0.147,1],"duration":15,"transform":{"skX":8.49,"skY":8.49}},{"duration":0,"transform":{"skX":-0.34,"skY":-0.34}}],"name":"bone7"},{"frame":[{"duration":10,"transform":{}},{"duration":5,"transform":{}},{"duration":5,"transform":{}},{"duration":15,"transform":{}},{"duration":0,"transform":{}}],"name":"backTEnbtacleRight"},{"frame":[{"curve":[0.25,0,1,0],"duration":10,"transform":{"skX":0.36,"skY":0.36}},{"curve":[0.25,0,1,0],"duration":5,"transform":{"skX":-51.15,"skY":-51.15}},{"curve":[0.516,0,0.774,0.4],"duration":5,"transform":{"skX":23.5,"skY":23.5}},{"curve":[0.093,0.33,0.147,1],"duration":15,"transform":{"skX":12.23,"skY":12.23}},{"duration":0,"transform":{"skX":0.36,"skY":0.36}}],"name":"bone8"},{"frame":[{"duration":10,"transform":{}},{"duration":5,"transform":{}},{"duration":5,"transform":{}},{"duration":15,"transform":{}},{"duration":0,"transform":{}}],"name":"backTEntacleRB"},{"frame":[{"curve":[0.25,0,1,0],"duration":10,"transform":{"skX":-0.87,"skY":-0.87}},{"curve":[0.25,0,1,0],"duration":5,"transform":{"skX":-8.24,"skY":-8.24}},{"curve":[0.516,0,0.774,0.4],"duration":5,"transform":{"skX":66.76,"skY":66.76}},{"curve":[0.093,0.33,0.147,1],"duration":15,"transform":{"skX":73.76,"skY":73.76}},{"duration":0,"transform":{"skX":-0.87,"skY":-0.87}}],"name":"bone9"},{"frame":[{"curve":[0.25,0,1,0],"duration":10,"transform":{"skX":0.91,"skY":0.91}},{"curve":[0.25,0,1,0],"duration":5,"transform":{"skX":33.51,"skY":33.51}},{"duration":5,"transform":{"skX":-70.79,"skY":-70.79}},{"curve":[0.093,0.33,0.147,1],"duration":15,"transform":{"skX":-70.79,"skY":-70.79}},{"duration":0,"transform":{"skX":0.91,"skY":0.91}}],"name":"bone10"},{"frame":[{"duration":10,"transform":{}},{"duration":5,"transform":{}},{"duration":5,"transform":{}},{"duration":15,"transform":{}},{"duration":0,"transform":{}}],"name":"leftentaclebackIKA"},{"frame":[{"curve":[0.25,0,1,0],"duration":10,"transform":{"skX":0.06,"skY":0.06}},{"curve":[0.25,0,1,0],"duration":5,"transform":{"skX":-13.15,"skY":-13.15}},{"curve":[0.516,0,0.774,0.4],"duration":5,"transform":{"skX":126.32,"skY":126.32}},{"curve":[0.093,0.33,0.147,1],"duration":15,"transform":{"skX":115.55,"skY":115.55}},{"duration":0,"transform":{"skX":0.06,"skY":0.06}}],"name":"bone11"},{"frame":[{"curve":[0.25,0,1,0],"duration":10,"transform":{}},{"curve":[0.25,0,1,0],"duration":5,"transform":{"scX":0.964,"x":95.67}},{"curve":[0.25,0,0,1],"duration":5,"transform":{"scX":0.8,"x":-103.8}},{"curve":[0.25,0,0.75,1],"duration":15,"transform":{"scX":1.14,"x":-392.09}},{"duration":0,"transform":{}}],"name":"shadow"},{"frame":[{"curve":[0.25,0,1,0],"duration":10,"transform":{}},{"curve":[0.25,0,1,0],"duration":5,"transform":{"y":37.9,"x":84.05}},{"duration":5,"transform":{}},{"duration":15,"transform":{}},{"duration":0,"transform":{}}],"name":"backlefttentacleIKç"},{"frame":[{"curve":[0.25,0,1,0],"duration":10,"transform":{"skX":0.55,"skY":0.55}},{"curve":[0.25,0,1,0],"duration":5,"transform":{"skX":-13.71,"skY":-13.71}},{"curve":[0.516,0,0.774,0.4],"duration":5,"transform":{"skX":-91.72,"skY":-91.72}},{"curve":[0.093,0.33,0.147,1],"duration":15,"transform":{"skX":-82.74,"skY":-82.74}},{"duration":0,"transform":{"skX":0.55,"skY":0.55}}],"name":"bone12"},{"frame":[{"curve":[0.25,0,1,0],"duration":10,"transform":{"skX":-2.32,"skY":-2.32}},{"curve":[0.25,0,1,0],"duration":5,"transform":{"skX":-13.62,"skY":-13.62}},{"duration":5,"transform":{"skX":35.78,"skY":35.78}},{"curve":[0.093,0.33,0.147,1],"duration":15,"transform":{"skX":35.78,"skY":35.78}},{"duration":0,"transform":{"skX":-2.32,"skY":-2.32}}],"name":"bone13"}],"ik":[],"slot":[],"duration":35,"name":"Attack A"},{"frame":[],"ffd":[{"frame":[{"tweenEasing":null,"duration":15,"offset":0,"vertices":[]},{"tweenEasing":null,"duration":30,"offset":0,"vertices":[1.86,0.97,1.75,0.73,1.41,0.27,0.9,-0.03,0.39,-0.08,0.17,-0.05,0.16,-0.06,0.25,-0.09,0.65,-0.24,0.92,0.36,0.48,-0.18,-0.13,0.05,-0.85,0.32,-1.06,0.4,-1.27,0.47,-1.42,0.53,-1.4,0.52,-1.66,0.62,-1.78,0.66,-1.94,0.72,-2.07,0.77,-2.16,0.81,-2.14,0.8,-2.07,0.77,-2.04,0.76,-1.97,0.74,-1.47,0.55,-1.3,0.48,-0.84,0.31,-0.44,0.17,-0.83,0.31,-1.04,0.39,-1.27,0.47,-1.34,0.5,-1.17,0.44,-0.56,0.2,-0.46,0.14,-0.32,0.08,0.22,-0.05,0.67,-0.09,1.36,0.05,2.19,1.01,2.22,1.15,2.05,1.07,-1.71,0.64,-1.52,0.57,-1.42,0.53,-1.63,0.61,-1.36,0.51,-1.07,0.4,-0.88,0.33,-0.82,0.31,-0.82,0.31,-0.9,0.33,-0.12,0.05,-0.77,0.29,-1.2,0.45,-1.91,0.71,-1.67,0.62,-1.37,0.51,-1.04,0.39,-0.7,0.26,0.07,-0.02,0.36,-0.07,0.95,-0.04,1.77,0.55]}],"scale":1,"slot":"LEft TEntacle Copy","offset":0,"name":"LEft TEntacle Copy","skin":""}],"bone":[{"frame":[{"duration":10,"transform":{}},{"duration":35,"transform":{}},{"duration":0,"transform":{}}],"name":"root"},{"frame":[{"curve":[0.25,0,1,0],"duration":10,"transform":{}},{"curve":[0.25,0,0,1],"duration":5,"transform":{"y":25.75,"x":167.14}},{"curve":[0.25,0,0.75,1],"duration":30,"transform":{"y":-161.53,"x":-97.87}},{"duration":0,"transform":{}}],"name":"mid"},{"frame":[{"duration":10,"transform":{}},{"duration":35,"transform":{}},{"duration":0,"transform":{}}],"name":"bone"},{"frame":[{"curve":[0.25,0,1,0],"duration":10,"transform":{}},{"curve":[0.25,0,0,1],"duration":5,"transform":{"skX":-1.14,"skY":-1.14}},{"curve":[0.25,0,0.75,1],"duration":30,"transform":{"skX":6.19,"skY":6.19}},{"duration":0,"transform":{}}],"name":"bone2"},{"frame":[{"curve":[0.25,0,1,0],"duration":10,"transform":{}},{"curve":[0.25,0,0,1],"duration":5,"transform":{"skX":-8.82,"skY":-8.82}},{"curve":[0.25,0,0.75,1],"duration":30,"transform":{"skX":2.91,"skY":2.91}},{"duration":0,"transform":{}}],"name":"bone3"},{"frame":[{"curve":[0.25,0,1,0],"duration":10,"transform":{}},{"curve":[0.25,0,0,1],"duration":5,"transform":{"y":-191.81,"x":232.84}},{"curve":[0.25,0,0.75,1],"duration":30,"transform":{"y":-185.04,"x":-144.82}},{"duration":0,"transform":{}}],"name":"left TentacleIK"},{"frame":[{"curve":[0.25,0,1,0],"duration":10,"transform":{"skX":-1.42,"skY":-1.42}},{"curve":[0.25,0,0,1],"duration":35,"transform":{"skX":124.42,"skY":124.42}},{"duration":0,"transform":{"skX":-1.42,"skY":-1.42}}],"name":"bone4"},{"frame":[{"curve":[0.25,0,1,0],"duration":10,"transform":{"skX":1.65,"skY":1.65}},{"curve":[0.25,0,0,1],"duration":35,"transform":{"skX":-59.41,"skY":-59.41}},{"duration":0,"transform":{"skX":1.65,"skY":1.65}}],"name":"bone5"},{"frame":[{"duration":10,"transform":{}},{"curve":[0.25,0,0,1],"duration":5,"transform":{}},{"curve":[0.25,0,0.75,1],"duration":30,"transform":{"y":-225.37,"x":-35.36}},{"duration":0,"transform":{}}],"name":"right Tentacle"},{"frame":[{"curve":[0.25,0,1,0],"duration":10,"transform":{"skX":0.47,"skY":0.47}},{"curve":[0.25,0,0,1],"duration":35,"transform":{"skX":-26,"skY":-26}},{"duration":0,"transform":{"skX":0.47,"skY":0.47}}],"name":"bone6"},{"frame":[{"curve":[0.25,0,1,0],"duration":10,"transform":{"skX":-0.34,"skY":-0.34}},{"curve":[0.25,0,0,1],"duration":35,"transform":{"skX":76.31,"skY":76.31}},{"duration":0,"transform":{"skX":-0.34,"skY":-0.34}}],"name":"bone7"},{"frame":[{"duration":10,"transform":{}},{"curve":[0.25,0,0,1],"duration":5,"transform":{}},{"curve":[0.25,0,0.75,1],"duration":30,"transform":{"y":-214.23,"x":-88.94}},{"duration":0,"transform":{}}],"name":"backTEnbtacleRight"},{"frame":[{"curve":[0.25,0,1,0],"duration":10,"transform":{"skX":0.36,"skY":0.36}},{"curve":[0.25,0,0,1],"duration":5,"transform":{"skX":-51.15,"skY":-51.15}},{"curve":[0.25,0,0.75,1],"duration":30,"transform":{"skX":-51.15,"skY":-51.15,"y":0.72,"x":53.28}},{"duration":0,"transform":{"skX":0.36,"skY":0.36}}],"name":"bone8"},{"frame":[{"duration":10,"transform":{}},{"curve":[0.344,0,0,1],"duration":5,"transform":{}},{"curve":[0.1915,0.11,0.4085,1],"duration":30,"transform":{"skX":2.84,"skY":2.84,"y":-220.63,"x":-217.84}},{"duration":0,"transform":{}}],"name":"backTEntacleRB"},{"frame":[{"curve":[0.25,0,1,0],"duration":10,"transform":{"skX":-0.87,"skY":-0.87}},{"curve":[0.25,0,0,1],"duration":35,"transform":{"skX":-8.24,"skY":-8.24}},{"duration":0,"transform":{"skX":-0.87,"skY":-0.87}}],"name":"bone9"},{"frame":[{"curve":[0.25,0,1,0],"duration":10,"transform":{"skX":0.91,"skY":0.91}},{"curve":[0.25,0,0,1],"duration":35,"transform":{"skX":33.51,"skY":33.51}},{"duration":0,"transform":{"skX":0.91,"skY":0.91}}],"name":"bone10"},{"frame":[{"duration":10,"transform":{}},{"curve":[0.25,0,0,1],"duration":5,"transform":{}},{"curve":[0.25,0,0.75,1],"duration":30,"transform":{"y":-224.11,"x":-110.83}},{"duration":0,"transform":{}}],"name":"leftentaclebackIKA"},{"frame":[{"curve":[0.25,0,1,0],"duration":10,"transform":{"skX":0.06,"skY":0.06}},{"curve":[0.25,0,0,1],"duration":5,"transform":{"skX":-13.15,"skY":-13.15}},{"curve":[0.25,0,0.75,1],"duration":30,"transform":{"skX":-13.15,"skY":-13.15,"y":14.97,"x":58.77}},{"duration":0,"transform":{"skX":0.06,"skY":0.06}}],"name":"bone11"},{"frame":[{"curve":[0.25,0,1,0],"duration":10,"transform":{}},{"curve":[0.25,0,0,1],"duration":5,"transform":{"scX":1.22,"x":95.67}},{"curve":[0.25,0,0.75,1],"duration":30,"transform":{"scX":0.82,"x":-13.38}},{"duration":0,"transform":{}}],"name":"shadow"},{"frame":[{"curve":[0.25,0,1,0],"duration":10,"transform":{}},{"curve":[0.25,0,0,1],"duration":5,"transform":{"y":37.9,"x":84.05}},{"curve":[0.25,0,0.75,1],"duration":30,"transform":{"y":-170.5,"x":-42.96}},{"duration":0,"transform":{}}],"name":"backlefttentacleIKç"},{"frame":[{"curve":[0.25,0,1,0],"duration":10,"transform":{"skX":0.55,"skY":0.55}},{"curve":[0.25,0,0,1],"duration":35,"transform":{"skX":-13.71,"skY":-13.71}},{"duration":0,"transform":{"skX":0.55,"skY":0.55}}],"name":"bone12"},{"frame":[{"curve":[0.25,0,1,0],"duration":10,"transform":{"skX":-2.32,"skY":-2.32}},{"curve":[0.25,0,0,1],"duration":35,"transform":{"skX":-13.62,"skY":-13.62}},{"duration":0,"transform":{"skX":-2.32,"skY":-2.32}}],"name":"bone13"}],"ik":[],"slot":[],"duration":45,"name":"Attack B"},{"frame":[],"ffd":[],"bone":[{"frame":[{"duration":10,"transform":{}},{"duration":5,"transform":{}},{"duration":10,"transform":{}},{"duration":15,"transform":{}},{"duration":0,"transform":{}}],"name":"root"},{"frame":[{"curve":[0.25,0,1,0],"duration":10,"transform":{}},{"curve":[0.25,0,0,1],"duration":5,"transform":{"y":25.75,"x":167.14}},{"curve":[0.25,0,0.75,1],"duration":10,"transform":{"y":-79.91,"x":-147.01}},{"curve":[0.25,0,0.75,1],"duration":15,"transform":{"y":25.75,"x":167.14}},{"duration":0,"transform":{}}],"name":"mid"},{"frame":[{"duration":10,"transform":{}},{"duration":5,"transform":{}},{"duration":10,"transform":{}},{"duration":15,"transform":{}},{"duration":0,"transform":{}}],"name":"bone"},{"frame":[{"curve":[0.25,0,1,0],"duration":10,"transform":{}},{"duration":5,"transform":{"skX":-1.14,"skY":-1.14}},{"duration":10,"transform":{"skX":-1.14,"skY":-1.14}},{"curve":[0.25,0,0.75,1],"duration":15,"transform":{"skX":-1.14,"skY":-1.14}},{"duration":0,"transform":{}}],"name":"bone2"},{"frame":[{"curve":[0.25,0,1,0],"duration":10,"transform":{}},{"duration":5,"transform":{"skX":-8.82,"skY":-8.82}},{"duration":10,"transform":{"skX":-8.82,"skY":-8.82}},{"curve":[0.25,0,0.75,1],"duration":15,"transform":{"skX":-8.82,"skY":-8.82}},{"duration":0,"transform":{}}],"name":"bone3"},{"frame":[{"curve":[0.25,0,1,0],"duration":10,"transform":{}},{"duration":5,"transform":{"y":-191.81,"x":232.84}},{"duration":10,"transform":{"y":-191.81,"x":232.84}},{"curve":[0.25,0,0.75,1],"duration":15,"transform":{"y":-191.81,"x":232.84}},{"duration":0,"transform":{}}],"name":"left TentacleIK"},{"frame":[{"curve":[0.25,0,1,0],"duration":10,"transform":{"skX":-1.42,"skY":-1.42}},{"curve":[0.25,0,0,1],"duration":5,"transform":{"skX":124.42,"skY":124.42}},{"curve":[0.25,0,0.75,1],"duration":10,"transform":{"skX":252.58,"skY":252.58}},{"curve":[0.25,0,0.75,1],"duration":15,"transform":{"skX":124.42,"skY":124.42}},{"duration":0,"transform":{"skX":-1.42,"skY":-1.42}}],"name":"bone4"},{"frame":[{"curve":[0.25,0,1,0],"duration":10,"transform":{"skX":1.65,"skY":1.65}},{"curve":[0.25,0,0,1],"duration":5,"transform":{"skX":-59.41,"skY":-59.41}},{"curve":[0.25,0,0.75,1],"duration":10,"transform":{"skX":-41.44,"skY":-41.44}},{"curve":[0.25,0,0.75,1],"duration":15,"transform":{"skX":-59.41,"skY":-59.41}},{"duration":0,"transform":{"skX":1.65,"skY":1.65}}],"name":"bone5"},{"frame":[{"duration":10,"transform":{}},{"curve":[0.25,0,0,1],"duration":5,"transform":{}},{"curve":[0.25,0,0.625,0.5],"duration":5,"transform":{"y":32.99,"x":-885.14}},{"curve":[0.375,0.5,0.75,1],"duration":5,"transform":{"y":-49.3,"x":-509.77}},{"duration":15,"transform":{}},{"duration":0,"transform":{}}],"name":"right Tentacle"},{"frame":[{"curve":[0.25,0,1,0],"duration":10,"transform":{"skX":0.47,"skY":0.47}},{"curve":[0.25,0,0,1],"duration":5,"transform":{"skX":-26,"skY":-26}},{"curve":[0.25,0,0.75,1],"duration":10,"transform":{"skX":127.02,"skY":127.02,"y":-53.64,"x":-20.9}},{"curve":[0.25,0,0.75,1],"duration":15,"transform":{"skX":-26,"skY":-26}},{"duration":0,"transform":{"skX":0.47,"skY":0.47}}],"name":"bone6"},{"frame":[{"curve":[0.25,0,1,0],"duration":10,"transform":{"skX":-0.34,"skY":-0.34}},{"curve":[0.25,0,0,1],"duration":5,"transform":{"skX":76.31,"skY":76.31}},{"curve":[0.25,0,0.75,1],"duration":10,"transform":{"skX":-32.39,"skY":-32.39,"y":147.34,"x":201}},{"curve":[0.25,0,0.75,1],"duration":15,"transform":{"skX":76.31,"skY":76.31}},{"duration":0,"transform":{"skX":-0.34,"skY":-0.34}}],"name":"bone7"},{"frame":[{"duration":10,"transform":{}},{"duration":5,"transform":{}},{"duration":10,"transform":{}},{"duration":15,"transform":{}},{"duration":0,"transform":{}}],"name":"backTEnbtacleRight"},{"frame":[{"curve":[0.25,0,1,0],"duration":10,"transform":{"skX":0.36,"skY":0.36}},{"curve":[0.25,0,0,1],"duration":5,"transform":{"skX":-51.15,"skY":-51.15}},{"curve":[0.25,0,0.75,1],"duration":10,"transform":{"skX":24.05,"skY":24.05}},{"curve":[0.25,0,0.75,1],"duration":15,"transform":{"skX":-51.15,"skY":-51.15}},{"duration":0,"transform":{"skX":0.36,"skY":0.36}}],"name":"bone8"},{"frame":[{"duration":10,"transform":{}},{"duration":5,"transform":{}},{"duration":10,"transform":{}},{"duration":15,"transform":{}},{"duration":0,"transform":{}}],"name":"backTEntacleRB"},{"frame":[{"curve":[0.25,0,1,0],"duration":10,"transform":{"skX":-0.87,"skY":-0.87}},{"curve":[0.25,0,0,1],"duration":5,"transform":{"skX":-8.24,"skY":-8.24}},{"curve":[0.25,0,0.75,1],"duration":10,"transform":{"skX":59.33,"skY":59.33}},{"curve":[0.25,0,0.75,1],"duration":15,"transform":{"skX":-8.24,"skY":-8.24}},{"duration":0,"transform":{"skX":-0.87,"skY":-0.87}}],"name":"bone9"},{"frame":[{"curve":[0.25,0,1,0],"duration":10,"transform":{"skX":0.91,"skY":0.91}},{"curve":[0.25,0,0,1],"duration":5,"transform":{"skX":33.51,"skY":33.51}},{"curve":[0.25,0,0.75,1],"duration":10,"transform":{"skX":-70.79,"skY":-70.79}},{"curve":[0.25,0,0.75,1],"duration":15,"transform":{"skX":33.51,"skY":33.51}},{"duration":0,"transform":{"skX":0.91,"skY":0.91}}],"name":"bone10"},{"frame":[{"duration":10,"transform":{}},{"curve":[0.25,0,0,1],"duration":5,"transform":{}},{"curve":[0.25,0,0.75,1],"duration":10,"transform":{"y":-126.22,"x":50.49}},{"duration":15,"transform":{}},{"duration":0,"transform":{}}],"name":"leftentaclebackIKA"},{"frame":[{"curve":[0.25,0,1,0],"duration":10,"transform":{"skX":0.06,"skY":0.06}},{"curve":[0.25,0,0,1],"duration":5,"transform":{"skX":-13.15,"skY":-13.15}},{"curve":[0.25,0,0.75,1],"duration":10,"transform":{"skX":72.51,"skY":72.51}},{"curve":[0.25,0,0.75,1],"duration":15,"transform":{"skX":-13.15,"skY":-13.15}},{"duration":0,"transform":{"skX":0.06,"skY":0.06}}],"name":"bone11"},{"frame":[{"curve":[0.25,0,1,0],"duration":10,"transform":{}},{"curve":[0.25,0,0,1],"duration":5,"transform":{"scX":0.964,"x":95.67}},{"curve":[0.25,0,0.75,1],"duration":10,"transform":{"scX":1.22,"x":-37.07}},{"curve":[0.25,0,0.75,1],"duration":15,"transform":{"scX":0.964,"x":95.67}},{"duration":0,"transform":{}}],"name":"shadow"},{"frame":[{"curve":[0.25,0,1,0],"duration":10,"transform":{}},{"duration":5,"transform":{"y":37.9,"x":84.05}},{"duration":10,"transform":{"y":37.9,"x":84.05}},{"curve":[0.25,0,0.75,1],"duration":15,"transform":{"y":37.9,"x":84.05}},{"duration":0,"transform":{}}],"name":"backlefttentacleIKç"},{"frame":[{"curve":[0.25,0,1,0],"duration":10,"transform":{"skX":0.55,"skY":0.55}},{"curve":[0.25,0,0,1],"duration":5,"transform":{"skX":-13.71,"skY":-13.71}},{"curve":[0.25,0,0.75,1],"duration":10,"transform":{"skX":-16.3,"skY":-16.3}},{"curve":[0.25,0,0.75,1],"duration":15,"transform":{"skX":-13.71,"skY":-13.71}},{"duration":0,"transform":{"skX":0.55,"skY":0.55}}],"name":"bone12"},{"frame":[{"curve":[0.25,0,1,0],"duration":10,"transform":{"skX":-2.32,"skY":-2.32}},{"curve":[0.25,0,0,1],"duration":5,"transform":{"skX":-13.62,"skY":-13.62}},{"curve":[0.25,0,0.75,1],"duration":10,"transform":{"skX":35.78,"skY":35.78}},{"curve":[0.25,0,0.75,1],"duration":15,"transform":{"skX":-13.62,"skY":-13.62}},{"duration":0,"transform":{"skX":-2.32,"skY":-2.32}}],"name":"bone13"}],"ik":[],"slot":[],"duration":40,"name":"Attack C"},{"frame":[],"ffd":[],"bone":[{"frame":[{"duration":10,"transform":{}},{"duration":5,"transform":{}},{"duration":10,"transform":{}},{"duration":5,"transform":{}},{"duration":10,"transform":{}},{"duration":10,"transform":{}},{"duration":0,"transform":{}}],"name":"root"},{"frame":[{"curve":[0.25,0,1,0],"duration":10,"transform":{}},{"curve":[0.25,0,0,1],"duration":5,"transform":{"y":25.75,"x":167.14}},{"curve":[0.25,0,0.75,1],"duration":10,"transform":{"y":-79.91,"x":-147.01}},{"curve":[0.25,0,0,1],"duration":5,"transform":{"y":25.75,"x":167.14}},{"curve":[0.25,0,0.75,1],"duration":10,"transform":{"y":-79.91,"x":-147.01}},{"curve":[0.25,0,0.75,1],"duration":10,"transform":{"y":25.75,"x":167.14}},{"duration":0,"transform":{}}],"name":"mid"},{"frame":[{"duration":10,"transform":{}},{"duration":5,"transform":{}},{"duration":10,"transform":{}},{"duration":5,"transform":{}},{"duration":10,"transform":{}},{"duration":10,"transform":{}},{"duration":0,"transform":{}}],"name":"bone"},{"frame":[{"curve":[0.25,0,1,0],"duration":10,"transform":{}},{"duration":5,"transform":{"skX":-1.14,"skY":-1.14}},{"duration":10,"transform":{"skX":-1.14,"skY":-1.14}},{"duration":5,"transform":{"skX":-1.14,"skY":-1.14}},{"duration":10,"transform":{"skX":-1.14,"skY":-1.14}},{"curve":[0.25,0,0.75,1],"duration":10,"transform":{"skX":-1.14,"skY":-1.14}},{"duration":0,"transform":{}}],"name":"bone2"},{"frame":[{"curve":[0.25,0,1,0],"duration":10,"transform":{}},{"duration":5,"transform":{"skX":-8.82,"skY":-8.82}},{"duration":10,"transform":{"skX":-8.82,"skY":-8.82}},{"duration":5,"transform":{"skX":-8.82,"skY":-8.82}},{"duration":10,"transform":{"skX":-8.82,"skY":-8.82}},{"curve":[0.25,0,0.75,1],"duration":10,"transform":{"skX":-8.82,"skY":-8.82}},{"duration":0,"transform":{}}],"name":"bone3"},{"frame":[{"curve":[0.25,0,1,0],"duration":10,"transform":{}},{"duration":5,"transform":{"y":-191.81,"x":232.84}},{"duration":10,"transform":{"y":-191.81,"x":232.84}},{"curve":[0.25,0,0,1],"duration":5,"transform":{"y":-191.81,"x":232.84}},{"curve":[0.25,0,0.75,1],"duration":10,"transform":{"y":15.43,"x":-499.42}},{"curve":[0.25,0,0.75,1],"duration":10,"transform":{"y":-191.81,"x":232.84}},{"duration":0,"transform":{}}],"name":"left TentacleIK"},{"frame":[{"curve":[0.25,0,1,0],"duration":10,"transform":{"skX":-1.42,"skY":-1.42}},{"curve":[0.25,0,0,1],"duration":5,"transform":{"skX":124.42,"skY":124.42}},{"curve":[0.25,0,0.75,1],"duration":10,"transform":{"skX":252.58,"skY":252.58}},{"curve":[0.25,0,0,1],"duration":5,"transform":{"skX":124.42,"skY":124.42}},{"curve":[0.25,0,0.75,1],"duration":10,"transform":{"skX":-35.56,"skY":-35.56}},{"curve":[0.25,0,0.75,1],"duration":10,"transform":{"skX":124.42,"skY":124.42}},{"duration":0,"transform":{"skX":-1.42,"skY":-1.42}}],"name":"bone4"},{"frame":[{"curve":[0.25,0,1,0],"duration":10,"transform":{"skX":1.65,"skY":1.65}},{"curve":[0.25,0,0,1],"duration":5,"transform":{"skX":-59.41,"skY":-59.41}},{"curve":[0.25,0,0.75,1],"duration":10,"transform":{"skX":-41.44,"skY":-41.44}},{"curve":[0.25,0,0,1],"duration":5,"transform":{"skX":-59.41,"skY":-59.41}},{"curve":[0.25,0,0.75,1],"duration":10,"transform":{"skX":62.34,"skY":62.34,"y":-49.11,"x":274.98}},{"curve":[0.25,0,0.75,1],"duration":10,"transform":{"skX":-59.41,"skY":-59.41}},{"duration":0,"transform":{"skX":1.65,"skY":1.65}}],"name":"bone5"},{"frame":[{"duration":10,"transform":{}},{"curve":[0.25,0,0,1],"duration":5,"transform":{}},{"curve":[0.25,0,0.625,0.5],"duration":5,"transform":{"y":32.99,"x":-885.14}},{"curve":[0.375,0.5,0.75,1],"duration":5,"transform":{"y":-49.3,"x":-509.77}},{"curve":[0.25,0,0,1],"duration":5,"transform":{}},{"curve":[0.25,0,0.625,0.5],"duration":10,"transform":{"y":-116.06,"x":-308.41}},{"duration":10,"transform":{}},{"duration":0,"transform":{}}],"name":"right Tentacle"},{"frame":[{"curve":[0.25,0,1,0],"duration":10,"transform":{"skX":0.47,"skY":0.47}},{"curve":[0.25,0,0,1],"duration":5,"transform":{"skX":-26,"skY":-26}},{"curve":[0.25,0,0.75,1],"duration":10,"transform":{"skX":127.02,"skY":127.02,"y":-53.64,"x":-20.9}},{"curve":[0.25,0,0,1],"duration":5,"transform":{"skX":-26,"skY":-26}},{"curve":[0.25,0,0.75,1],"duration":10,"transform":{"skX":-31.65,"skY":-31.65,"y":-53.64,"x":-20.9}},{"curve":[0.25,0,0.75,1],"duration":10,"transform":{"skX":-26,"skY":-26}},{"duration":0,"transform":{"skX":0.47,"skY":0.47}}],"name":"bone6"},{"frame":[{"curve":[0.25,0,1,0],"duration":10,"transform":{"skX":-0.34,"skY":-0.34}},{"curve":[0.25,0,0,1],"duration":5,"transform":{"skX":76.31,"skY":76.31}},{"curve":[0.25,0,0.75,1],"duration":10,"transform":{"skX":-32.39,"skY":-32.39,"y":147.34,"x":201}},{"curve":[0.25,0,0,1],"duration":5,"transform":{"skX":76.31,"skY":76.31}},{"curve":[0.25,0,0.75,1],"duration":10,"transform":{"skX":79.61,"skY":79.61,"y":-32.62,"x":55.46}},{"curve":[0.25,0,0.75,1],"duration":10,"transform":{"skX":76.31,"skY":76.31}},{"duration":0,"transform":{"skX":-0.34,"skY":-0.34}}],"name":"bone7"},{"frame":[{"duration":10,"transform":{}},{"duration":5,"transform":{}},{"duration":10,"transform":{}},{"duration":5,"transform":{}},{"duration":10,"transform":{}},{"duration":10,"transform":{}},{"duration":0,"transform":{}}],"name":"backTEnbtacleRight"},{"frame":[{"curve":[0.25,0,1,0],"duration":10,"transform":{"skX":0.36,"skY":0.36}},{"curve":[0.25,0,0,1],"duration":5,"transform":{"skX":-51.15,"skY":-51.15}},{"curve":[0.25,0,0.75,1],"duration":10,"transform":{"skX":24.05,"skY":24.05}},{"curve":[0.25,0,0,1],"duration":5,"transform":{"skX":-51.15,"skY":-51.15}},{"curve":[0.25,0,0.75,1],"duration":10,"transform":{"skX":24.05,"skY":24.05}},{"curve":[0.25,0,0.75,1],"duration":10,"transform":{"skX":-51.15,"skY":-51.15}},{"duration":0,"transform":{"skX":0.36,"skY":0.36}}],"name":"bone8"},{"frame":[{"duration":10,"transform":{}},{"duration":5,"transform":{}},{"duration":10,"transform":{}},{"duration":5,"transform":{}},{"duration":10,"transform":{}},{"duration":10,"transform":{}},{"duration":0,"transform":{}}],"name":"backTEntacleRB"},{"frame":[{"curve":[0.25,0,1,0],"duration":10,"transform":{"skX":-0.87,"skY":-0.87}},{"curve":[0.25,0,0,1],"duration":5,"transform":{"skX":-8.24,"skY":-8.24}},{"curve":[0.25,0,0.75,1],"duration":10,"transform":{"skX":59.33,"skY":59.33}},{"curve":[0.25,0,0,1],"duration":5,"transform":{"skX":-8.24,"skY":-8.24}},{"curve":[0.25,0,0.75,1],"duration":10,"transform":{"skX":59.33,"skY":59.33}},{"curve":[0.25,0,0.75,1],"duration":10,"transform":{"skX":-8.24,"skY":-8.24}},{"duration":0,"transform":{"skX":-0.87,"skY":-0.87}}],"name":"bone9"},{"frame":[{"curve":[0.25,0,1,0],"duration":10,"transform":{"skX":0.91,"skY":0.91}},{"curve":[0.25,0,0,1],"duration":5,"transform":{"skX":33.51,"skY":33.51}},{"curve":[0.25,0,0.75,1],"duration":10,"transform":{"skX":-70.79,"skY":-70.79}},{"curve":[0.25,0,0,1],"duration":5,"transform":{"skX":33.51,"skY":33.51}},{"curve":[0.25,0,0.75,1],"duration":10,"transform":{"skX":-70.79,"skY":-70.79}},{"curve":[0.25,0,0.75,1],"duration":10,"transform":{"skX":33.51,"skY":33.51}},{"duration":0,"transform":{"skX":0.91,"skY":0.91}}],"name":"bone10"},{"frame":[{"duration":10,"transform":{}},{"curve":[0.25,0,0,1],"duration":5,"transform":{}},{"curve":[0.25,0,0.75,1],"duration":10,"transform":{"y":-126.22,"x":50.49}},{"curve":[0.25,0,0,1],"duration":5,"transform":{}},{"curve":[0.25,0,0.75,1],"duration":10,"transform":{"y":-126.22,"x":50.49}},{"duration":10,"transform":{}},{"duration":0,"transform":{}}],"name":"leftentaclebackIKA"},{"frame":[{"curve":[0.25,0,1,0],"duration":10,"transform":{"skX":0.06,"skY":0.06}},{"curve":[0.25,0,0,1],"duration":5,"transform":{"skX":-13.15,"skY":-13.15}},{"curve":[0.25,0,0.75,1],"duration":10,"transform":{"skX":72.51,"skY":72.51}},{"curve":[0.25,0,0,1],"duration":5,"transform":{"skX":-13.15,"skY":-13.15}},{"curve":[0.25,0,0.75,1],"duration":10,"transform":{"skX":72.51,"skY":72.51}},{"curve":[0.25,0,0.75,1],"duration":10,"transform":{"skX":-13.15,"skY":-13.15}},{"duration":0,"transform":{"skX":0.06,"skY":0.06}}],"name":"bone11"},{"frame":[{"curve":[0.25,0,1,0],"duration":10,"transform":{}},{"curve":[0.25,0,0,1],"duration":5,"transform":{"scX":0.964,"x":95.67}},{"curve":[0.25,0,0.75,1],"duration":10,"transform":{"scX":1.22,"x":-37.07}},{"curve":[0.25,0,0,1],"duration":5,"transform":{"scX":0.964,"x":95.67}},{"curve":[0.25,0,0.75,1],"duration":10,"transform":{"scX":1.22,"x":-37.07}},{"curve":[0.25,0,0.75,1],"duration":10,"transform":{"scX":0.964,"x":95.67}},{"duration":0,"transform":{}}],"name":"shadow"},{"frame":[{"curve":[0.25,0,1,0],"duration":10,"transform":{}},{"duration":5,"transform":{"y":37.9,"x":84.05}},{"duration":10,"transform":{"y":37.9,"x":84.05}},{"duration":5,"transform":{"y":37.9,"x":84.05}},{"duration":10,"transform":{"y":37.9,"x":84.05}},{"curve":[0.25,0,0.75,1],"duration":10,"transform":{"y":37.9,"x":84.05}},{"duration":0,"transform":{}}],"name":"backlefttentacleIKç"},{"frame":[{"curve":[0.25,0,1,0],"duration":10,"transform":{"skX":0.55,"skY":0.55}},{"curve":[0.25,0,0,1],"duration":5,"transform":{"skX":-13.71,"skY":-13.71}},{"curve":[0.25,0,0.75,1],"duration":10,"transform":{"skX":-16.3,"skY":-16.3}},{"curve":[0.25,0,0,1],"duration":5,"transform":{"skX":-13.71,"skY":-13.71}},{"curve":[0.25,0,0.75,1],"duration":10,"transform":{"skX":-16.3,"skY":-16.3}},{"curve":[0.25,0,0.75,1],"duration":10,"transform":{"skX":-13.71,"skY":-13.71}},{"duration":0,"transform":{"skX":0.55,"skY":0.55}}],"name":"bone12"},{"frame":[{"curve":[0.25,0,1,0],"duration":10,"transform":{"skX":-2.32,"skY":-2.32}},{"curve":[0.25,0,0,1],"duration":5,"transform":{"skX":-13.62,"skY":-13.62}},{"curve":[0.25,0,0.75,1],"duration":10,"transform":{"skX":35.78,"skY":35.78}},{"curve":[0.25,0,0,1],"duration":5,"transform":{"skX":-13.62,"skY":-13.62}},{"curve":[0.25,0,0.75,1],"duration":10,"transform":{"skX":35.78,"skY":35.78}},{"curve":[0.25,0,0.75,1],"duration":10,"transform":{"skX":-13.62,"skY":-13.62}},{"duration":0,"transform":{"skX":-2.32,"skY":-2.32}}],"name":"bone13"}],"ik":[],"slot":[],"duration":50,"name":"Attack D"},{"frame":[],"ffd":[],"bone":[{"frame":[{"duration":10,"transform":{}},{"duration":5,"transform":{}},{"duration":10,"transform":{}},{"duration":5,"transform":{}},{"duration":10,"transform":{}},{"duration":5,"transform":{}},{"duration":10,"transform":{}},{"duration":10,"transform":{}},{"duration":0,"transform":{}}],"name":"root"},{"frame":[{"curve":[0.25,0,1,0],"duration":10,"transform":{}},{"curve":[0.25,0,0,1],"duration":5,"transform":{"y":25.75,"x":167.14}},{"curve":[0.25,0,0.75,1],"duration":10,"transform":{"y":-79.91,"x":-147.01}},{"curve":[0.25,0,0,1],"duration":5,"transform":{"y":25.75,"x":167.14}},{"curve":[0.25,0,0.75,1],"duration":10,"transform":{"y":-79.91,"x":-147.01}},{"curve":[0.25,0,0,1],"duration":5,"transform":{"y":25.75,"x":167.14}},{"curve":[0.25,0,0.75,1],"duration":10,"transform":{"y":-79.91,"x":-147.01}},{"curve":[0.25,0,0.75,1],"duration":10,"transform":{"y":25.75,"x":167.14}},{"duration":0,"transform":{}}],"name":"mid"},{"frame":[{"duration":10,"transform":{}},{"duration":5,"transform":{}},{"duration":10,"transform":{}},{"duration":5,"transform":{}},{"duration":10,"transform":{}},{"duration":5,"transform":{}},{"duration":10,"transform":{}},{"duration":10,"transform":{}},{"duration":0,"transform":{}}],"name":"bone"},{"frame":[{"curve":[0.25,0,1,0],"duration":10,"transform":{}},{"duration":5,"transform":{"skX":-1.14,"skY":-1.14}},{"duration":10,"transform":{"skX":-1.14,"skY":-1.14}},{"duration":5,"transform":{"skX":-1.14,"skY":-1.14}},{"duration":10,"transform":{"skX":-1.14,"skY":-1.14}},{"duration":5,"transform":{"skX":-1.14,"skY":-1.14}},{"duration":10,"transform":{"skX":-1.14,"skY":-1.14}},{"curve":[0.25,0,0.75,1],"duration":10,"transform":{"skX":-1.14,"skY":-1.14}},{"duration":0,"transform":{}}],"name":"bone2"},{"frame":[{"curve":[0.25,0,1,0],"duration":10,"transform":{}},{"duration":5,"transform":{"skX":-8.82,"skY":-8.82}},{"duration":10,"transform":{"skX":-8.82,"skY":-8.82}},{"duration":5,"transform":{"skX":-8.82,"skY":-8.82}},{"duration":10,"transform":{"skX":-8.82,"skY":-8.82}},{"duration":5,"transform":{"skX":-8.82,"skY":-8.82}},{"duration":10,"transform":{"skX":-8.82,"skY":-8.82}},{"curve":[0.25,0,0.75,1],"duration":10,"transform":{"skX":-8.82,"skY":-8.82}},{"duration":0,"transform":{}}],"name":"bone3"},{"frame":[{"curve":[0.25,0,1,0],"duration":10,"transform":{}},{"duration":5,"transform":{"y":-191.81,"x":232.84}},{"duration":10,"transform":{"y":-191.81,"x":232.84}},{"curve":[0.25,0,0,1],"duration":5,"transform":{"y":-191.81,"x":232.84}},{"curve":[0.25,0,0.75,1],"duration":10,"transform":{"y":15.43,"x":-499.42}},{"curve":[0.25,0,0,1],"duration":5,"transform":{"y":-191.81,"x":232.84}},{"curve":[0.25,0,0.75,1],"duration":10,"transform":{"y":15.02,"x":-431.81}},{"curve":[0.25,0,0.75,1],"duration":10,"transform":{"y":-191.81,"x":232.84}},{"duration":0,"transform":{}}],"name":"left TentacleIK"},{"frame":[{"curve":[0.25,0,1,0],"duration":10,"transform":{"skX":-1.42,"skY":-1.42}},{"curve":[0.25,0,0,1],"duration":5,"transform":{"skX":124.42,"skY":124.42}},{"curve":[0.25,0,0.75,1],"duration":10,"transform":{"skX":252.58,"skY":252.58}},{"curve":[0.25,0,0,1],"duration":5,"transform":{"skX":124.42,"skY":124.42}},{"curve":[0.25,0,0.75,1],"duration":10,"transform":{"skX":-35.56,"skY":-35.56}},{"curve":[0.25,0,0,1],"duration":5,"transform":{"skX":124.42,"skY":124.42}},{"curve":[0.25,0,0.75,1],"duration":10,"transform":{"skX":252.58,"skY":252.58}},{"curve":[0.25,0,0.75,1],"duration":10,"transform":{"skX":124.42,"skY":124.42}},{"duration":0,"transform":{"skX":-1.42,"skY":-1.42}}],"name":"bone4"},{"frame":[{"curve":[0.25,0,1,0],"duration":10,"transform":{"skX":1.65,"skY":1.65}},{"curve":[0.25,0,0,1],"duration":5,"transform":{"skX":-59.41,"skY":-59.41}},{"curve":[0.25,0,0.75,1],"duration":10,"transform":{"skX":-41.44,"skY":-41.44}},{"curve":[0.25,0,0,1],"duration":5,"transform":{"skX":-59.41,"skY":-59.41}},{"curve":[0.25,0,0.75,1],"duration":10,"transform":{"skX":62.34,"skY":62.34,"y":-49.11,"x":274.98}},{"curve":[0.25,0,0,1],"duration":5,"transform":{"skX":-59.41,"skY":-59.41}},{"curve":[0.25,0,0.75,1],"duration":10,"transform":{"skX":-41.44,"skY":-41.44,"y":-51.66,"x":239.27}},{"curve":[0.25,0,0.75,1],"duration":10,"transform":{"skX":-59.41,"skY":-59.41}},{"duration":0,"transform":{"skX":1.65,"skY":1.65}}],"name":"bone5"},{"frame":[{"duration":10,"transform":{}},{"curve":[0.25,0,0,1],"duration":5,"transform":{}},{"curve":[0.25,0,0.625,0.5],"duration":5,"transform":{"y":32.99,"x":-885.14}},{"curve":[0.375,0.5,0.75,1],"duration":5,"transform":{"y":-49.3,"x":-509.77}},{"curve":[0.25,0,0,1],"duration":5,"transform":{}},{"curve":[0.25,0,0.625,0.5],"duration":10,"transform":{"y":-116.06,"x":-308.41}},{"curve":[0.25,0,0,1],"duration":5,"transform":{}},{"curve":[0.25,0,0.75,1],"duration":10,"transform":{"y":32.99,"x":-885.14}},{"duration":10,"transform":{}},{"duration":0,"transform":{}}],"name":"right Tentacle"},{"frame":[{"curve":[0.25,0,1,0],"duration":10,"transform":{"skX":0.47,"skY":0.47}},{"curve":[0.25,0,0,1],"duration":5,"transform":{"skX":-26,"skY":-26}},{"curve":[0.25,0,0.75,1],"duration":10,"transform":{"skX":127.02,"skY":127.02,"y":-53.64,"x":-20.9}},{"curve":[0.25,0,0,1],"duration":5,"transform":{"skX":-26,"skY":-26}},{"curve":[0.25,0,0.75,1],"duration":10,"transform":{"skX":-31.65,"skY":-31.65,"y":-53.64,"x":-20.9}},{"curve":[0.25,0,0,1],"duration":5,"transform":{"skX":-26,"skY":-26}},{"curve":[0.25,0,0.75,1],"duration":10,"transform":{"skX":127.02,"skY":127.02,"y":-53.64,"x":-20.9}},{"curve":[0.25,0,0.75,1],"duration":10,"transform":{"skX":-26,"skY":-26}},{"duration":0,"transform":{"skX":0.47,"skY":0.47}}],"name":"bone6"},{"frame":[{"curve":[0.25,0,1,0],"duration":10,"transform":{"skX":-0.34,"skY":-0.34}},{"curve":[0.25,0,0,1],"duration":5,"transform":{"skX":76.31,"skY":76.31}},{"curve":[0.25,0,0.75,1],"duration":10,"transform":{"skX":-32.39,"skY":-32.39,"y":147.34,"x":201}},{"curve":[0.25,0,0,1],"duration":5,"transform":{"skX":76.31,"skY":76.31}},{"curve":[0.25,0,0.75,1],"duration":10,"transform":{"skX":79.61,"skY":79.61,"y":-32.62,"x":55.46}},{"curve":[0.25,0,0,1],"duration":5,"transform":{"skX":76.31,"skY":76.31}},{"curve":[0.25,0,0.75,1],"duration":10,"transform":{"skX":-32.39,"skY":-32.39,"y":147.34,"x":201}},{"curve":[0.25,0,0.75,1],"duration":10,"transform":{"skX":76.31,"skY":76.31}},{"duration":0,"transform":{"skX":-0.34,"skY":-0.34}}],"name":"bone7"},{"frame":[{"duration":10,"transform":{}},{"duration":5,"transform":{}},{"duration":10,"transform":{}},{"duration":5,"transform":{}},{"duration":10,"transform":{}},{"duration":5,"transform":{}},{"duration":10,"transform":{}},{"duration":10,"transform":{}},{"duration":0,"transform":{}}],"name":"backTEnbtacleRight"},{"frame":[{"curve":[0.25,0,1,0],"duration":10,"transform":{"skX":0.36,"skY":0.36}},{"curve":[0.25,0,0,1],"duration":5,"transform":{"skX":-51.15,"skY":-51.15}},{"curve":[0.25,0,0.75,1],"duration":10,"transform":{"skX":24.05,"skY":24.05}},{"curve":[0.25,0,0,1],"duration":5,"transform":{"skX":-51.15,"skY":-51.15}},{"curve":[0.25,0,0.75,1],"duration":10,"transform":{"skX":24.05,"skY":24.05}},{"curve":[0.25,0,0,1],"duration":5,"transform":{"skX":-51.15,"skY":-51.15}},{"curve":[0.25,0,0.75,1],"duration":10,"transform":{"skX":24.05,"skY":24.05}},{"curve":[0.25,0,0.75,1],"duration":10,"transform":{"skX":-51.15,"skY":-51.15}},{"duration":0,"transform":{"skX":0.36,"skY":0.36}}],"name":"bone8"},{"frame":[{"duration":10,"transform":{}},{"duration":5,"transform":{}},{"duration":10,"transform":{}},{"duration":5,"transform":{}},{"duration":10,"transform":{}},{"duration":5,"transform":{}},{"duration":10,"transform":{}},{"duration":10,"transform":{}},{"duration":0,"transform":{}}],"name":"backTEntacleRB"},{"frame":[{"curve":[0.25,0,1,0],"duration":10,"transform":{"skX":-0.87,"skY":-0.87}},{"curve":[0.25,0,0,1],"duration":5,"transform":{"skX":-8.24,"skY":-8.24}},{"curve":[0.25,0,0.75,1],"duration":10,"transform":{"skX":59.33,"skY":59.33}},{"curve":[0.25,0,0,1],"duration":5,"transform":{"skX":-8.24,"skY":-8.24}},{"curve":[0.25,0,0.75,1],"duration":10,"transform":{"skX":59.33,"skY":59.33}},{"curve":[0.25,0,0,1],"duration":5,"transform":{"skX":-8.24,"skY":-8.24}},{"curve":[0.25,0,0.75,1],"duration":10,"transform":{"skX":59.33,"skY":59.33}},{"curve":[0.25,0,0.75,1],"duration":10,"transform":{"skX":-8.24,"skY":-8.24}},{"duration":0,"transform":{"skX":-0.87,"skY":-0.87}}],"name":"bone9"},{"frame":[{"curve":[0.25,0,1,0],"duration":10,"transform":{"skX":0.91,"skY":0.91}},{"curve":[0.25,0,0,1],"duration":5,"transform":{"skX":33.51,"skY":33.51}},{"curve":[0.25,0,0.75,1],"duration":10,"transform":{"skX":-70.79,"skY":-70.79}},{"curve":[0.25,0,0,1],"duration":5,"transform":{"skX":33.51,"skY":33.51}},{"curve":[0.25,0,0.75,1],"duration":10,"transform":{"skX":-70.79,"skY":-70.79}},{"curve":[0.25,0,0,1],"duration":5,"transform":{"skX":33.51,"skY":33.51}},{"curve":[0.25,0,0.75,1],"duration":10,"transform":{"skX":-70.79,"skY":-70.79}},{"curve":[0.25,0,0.75,1],"duration":10,"transform":{"skX":33.51,"skY":33.51}},{"duration":0,"transform":{"skX":0.91,"skY":0.91}}],"name":"bone10"},{"frame":[{"duration":10,"transform":{}},{"curve":[0.25,0,0,1],"duration":5,"transform":{}},{"curve":[0.25,0,0.75,1],"duration":10,"transform":{"y":-126.22,"x":50.49}},{"curve":[0.25,0,0,1],"duration":5,"transform":{}},{"curve":[0.25,0,0.75,1],"duration":10,"transform":{"y":-126.22,"x":50.49}},{"curve":[0.25,0,0,1],"duration":5,"transform":{}},{"curve":[0.25,0,0.75,1],"duration":10,"transform":{"y":-126.22,"x":50.49}},{"duration":10,"transform":{}},{"duration":0,"transform":{}}],"name":"leftentaclebackIKA"},{"frame":[{"curve":[0.25,0,1,0],"duration":10,"transform":{"skX":0.06,"skY":0.06}},{"curve":[0.25,0,0,1],"duration":5,"transform":{"skX":-13.15,"skY":-13.15}},{"curve":[0.25,0,0.75,1],"duration":10,"transform":{"skX":72.51,"skY":72.51}},{"curve":[0.25,0,0,1],"duration":5,"transform":{"skX":-13.15,"skY":-13.15}},{"curve":[0.25,0,0.75,1],"duration":10,"transform":{"skX":72.51,"skY":72.51}},{"curve":[0.25,0,0,1],"duration":5,"transform":{"skX":-13.15,"skY":-13.15}},{"curve":[0.25,0,0.75,1],"duration":10,"transform":{"skX":72.51,"skY":72.51}},{"curve":[0.25,0,0.75,1],"duration":10,"transform":{"skX":-13.15,"skY":-13.15}},{"duration":0,"transform":{"skX":0.06,"skY":0.06}}],"name":"bone11"},{"frame":[{"curve":[0.25,0,1,0],"duration":10,"transform":{}},{"curve":[0.25,0,0,1],"duration":5,"transform":{"scX":0.964,"x":95.67}},{"curve":[0.25,0,0.75,1],"duration":10,"transform":{"scX":1.22,"x":-37.07}},{"curve":[0.25,0,0,1],"duration":5,"transform":{"scX":0.964,"x":95.67}},{"curve":[0.25,0,0.75,1],"duration":10,"transform":{"scX":1.22,"x":-37.07}},{"curve":[0.25,0,0,1],"duration":5,"transform":{"scX":0.964,"x":95.67}},{"curve":[0.25,0,0.75,1],"duration":10,"transform":{"scX":1.22,"x":-37.07}},{"curve":[0.25,0,0.75,1],"duration":10,"transform":{"scX":0.964,"x":95.67}},{"duration":0,"transform":{}}],"name":"shadow"},{"frame":[{"curve":[0.25,0,1,0],"duration":10,"transform":{}},{"duration":5,"transform":{"y":37.9,"x":84.05}},{"duration":10,"transform":{"y":37.9,"x":84.05}},{"duration":5,"transform":{"y":37.9,"x":84.05}},{"duration":10,"transform":{"y":37.9,"x":84.05}},{"duration":5,"transform":{"y":37.9,"x":84.05}},{"duration":10,"transform":{"y":37.9,"x":84.05}},{"curve":[0.25,0,0.75,1],"duration":10,"transform":{"y":37.9,"x":84.05}},{"duration":0,"transform":{}}],"name":"backlefttentacleIKç"},{"frame":[{"curve":[0.25,0,1,0],"duration":10,"transform":{"skX":0.55,"skY":0.55}},{"curve":[0.25,0,0,1],"duration":5,"transform":{"skX":-13.71,"skY":-13.71}},{"curve":[0.25,0,0.75,1],"duration":10,"transform":{"skX":-16.3,"skY":-16.3}},{"curve":[0.25,0,0,1],"duration":5,"transform":{"skX":-13.71,"skY":-13.71}},{"curve":[0.25,0,0.75,1],"duration":10,"transform":{"skX":-16.3,"skY":-16.3}},{"curve":[0.25,0,0,1],"duration":5,"transform":{"skX":-13.71,"skY":-13.71}},{"curve":[0.25,0,0.75,1],"duration":10,"transform":{"skX":-16.3,"skY":-16.3}},{"curve":[0.25,0,0.75,1],"duration":10,"transform":{"skX":-13.71,"skY":-13.71}},{"duration":0,"transform":{"skX":0.55,"skY":0.55}}],"name":"bone12"},{"frame":[{"curve":[0.25,0,1,0],"duration":10,"transform":{"skX":-2.32,"skY":-2.32}},{"curve":[0.25,0,0,1],"duration":5,"transform":{"skX":-13.62,"skY":-13.62}},{"curve":[0.25,0,0.75,1],"duration":10,"transform":{"skX":35.78,"skY":35.78}},{"curve":[0.25,0,0,1],"duration":5,"transform":{"skX":-13.62,"skY":-13.62}},{"curve":[0.25,0,0.75,1],"duration":10,"transform":{"skX":35.78,"skY":35.78}},{"curve":[0.25,0,0,1],"duration":5,"transform":{"skX":-13.62,"skY":-13.62}},{"curve":[0.25,0,0.75,1],"duration":10,"transform":{"skX":35.78,"skY":35.78}},{"curve":[0.25,0,0.75,1],"duration":10,"transform":{"skX":-13.62,"skY":-13.62}},{"duration":0,"transform":{"skX":-2.32,"skY":-2.32}}],"name":"bone13"}],"ik":[],"slot":[],"duration":65,"name":"Attack E"},{"frame":[],"ffd":[],"bone":[{"frame":[{"duration":35,"transform":{}},{"duration":0,"transform":{}}],"name":"root"},{"frame":[{"curve":[0.25,0,0,1],"duration":10,"transform":{}},{"curve":[0.25,0,0.75,1],"duration":25,"transform":{"y":79.09,"x":51.9}},{"duration":0,"transform":{}}],"name":"mid"},{"frame":[{"duration":35,"transform":{}},{"duration":0,"transform":{}}],"name":"bone"},{"frame":[{"curve":[0.25,0,0,1],"duration":10,"transform":{}},{"curve":[0.25,0,0.75,1],"duration":25,"transform":{"skX":-8.38,"skY":-8.38}},{"duration":0,"transform":{}}],"name":"bone2"},{"frame":[{"curve":[0.25,0,0,1],"duration":10,"transform":{}},{"curve":[0.25,0,0.75,1],"duration":25,"transform":{"skX":5.69,"skY":5.69}},{"duration":0,"transform":{}}],"name":"bone3"},{"frame":[{"duration":35,"transform":{}},{"duration":0,"transform":{}}],"name":"left TentacleIK"},{"frame":[{"duration":35,"transform":{"skX":-1.42,"skY":-1.42}},{"duration":0,"transform":{"skX":-1.42,"skY":-1.42}}],"name":"bone4"},{"frame":[{"duration":35,"transform":{"skX":1.65,"skY":1.65}},{"duration":0,"transform":{"skX":1.65,"skY":1.65}}],"name":"bone5"},{"frame":[{"curve":[0.25,0,0,1],"duration":10,"transform":{}},{"curve":[0.25,0,0.75,1],"duration":25,"transform":{"y":-22.38,"x":83.73}},{"duration":0,"transform":{}}],"name":"right Tentacle"},{"frame":[{"duration":35,"transform":{"skX":0.47,"skY":0.47}},{"duration":0,"transform":{"skX":0.47,"skY":0.47}}],"name":"bone6"},{"frame":[{"duration":35,"transform":{"skX":-0.34,"skY":-0.34}},{"duration":0,"transform":{"skX":-0.34,"skY":-0.34}}],"name":"bone7"},{"frame":[{"curve":[0.25,0,0,1],"duration":10,"transform":{}},{"curve":[0.25,0,0.75,1],"duration":25,"transform":{"y":64.66,"x":13.26}},{"duration":0,"transform":{}}],"name":"backTEnbtacleRight"},{"frame":[{"duration":35,"transform":{"skX":0.36,"skY":0.36}},{"duration":0,"transform":{"skX":0.36,"skY":0.36}}],"name":"bone8"},{"frame":[{"curve":[0.25,0,0,1],"duration":10,"transform":{}},{"curve":[0.25,0,0.75,1],"duration":25,"transform":{"y":51.4,"x":-43.11}},{"duration":0,"transform":{}}],"name":"backTEntacleRB"},{"frame":[{"duration":35,"transform":{"skX":-0.87,"skY":-0.87}},{"duration":0,"transform":{"skX":-0.87,"skY":-0.87}}],"name":"bone9"},{"frame":[{"duration":35,"transform":{"skX":0.91,"skY":0.91}},{"duration":0,"transform":{"skX":0.91,"skY":0.91}}],"name":"bone10"},{"frame":[{"curve":[0.25,0,0,1],"duration":10,"transform":{}},{"curve":[0.25,0,0.75,1],"duration":25,"transform":{"y":60.52,"x":98.65}},{"duration":0,"transform":{}}],"name":"leftentaclebackIKA"},{"frame":[{"duration":35,"transform":{"skX":0.06,"skY":0.06}},{"duration":0,"transform":{"skX":0.06,"skY":0.06}}],"name":"bone11"},{"frame":[{"curve":[0.25,0,0,1],"duration":10,"transform":{}},{"curve":[0.25,0,0.75,1],"duration":25,"transform":{"scX":1.18}},{"duration":0,"transform":{}}],"name":"shadow"},{"frame":[{"curve":[0.25,0,0,1],"duration":10,"transform":{}},{"curve":[0.25,0,0.75,1],"duration":25,"transform":{"y":96.16,"x":53.88}},{"duration":0,"transform":{}}],"name":"backlefttentacleIKç"},{"frame":[{"duration":35,"transform":{"skX":0.55,"skY":0.55}},{"duration":0,"transform":{"skX":0.55,"skY":0.55}}],"name":"bone12"},{"frame":[{"duration":35,"transform":{"skX":-2.32,"skY":-2.32}},{"duration":0,"transform":{"skX":-2.32,"skY":-2.32}}],"name":"bone13"}],"ik":[],"slot":[],"duration":35,"name":"Damage"},{"frame":[],"ffd":[],"bone":[{"frame":[{"duration":30,"transform":{}},{"duration":45,"transform":{}},{"duration":0,"transform":{}}],"name":"root"},{"frame":[{"curve":[0.25,0,0.75,1],"duration":30,"transform":{}},{"curve":[0.25,0,0.75,1],"duration":45,"transform":{"y":-57.68}},{"duration":0,"transform":{}}],"name":"mid"},{"frame":[{"duration":30,"transform":{}},{"duration":45,"transform":{}},{"duration":0,"transform":{}}],"name":"bone"},{"frame":[{"curve":[0.25,0,0.625,0.5],"duration":30,"transform":{"skX":0.03,"skY":0.03}},{"curve":[0.375,0.5,0.75,1],"duration":45,"transform":{"skX":4.58,"skY":4.58}},{"duration":0,"transform":{"skX":0.03,"skY":0.03}}],"name":"bone2"},{"frame":[{"curve":[0.25,0,0.75,1],"duration":30,"transform":{"skX":-0.81,"skY":-0.81}},{"curve":[0.25,0,0.75,1],"duration":45,"transform":{"skX":-11.43,"skY":-11.43}},{"duration":0,"transform":{"skX":-0.81,"skY":-0.81}}],"name":"bone3"},{"frame":[{"curve":[0.25,0,0.75,1],"duration":30,"transform":{"skX":-1.42,"skY":-1.42}},{"curve":[0.25,0,0.75,1],"duration":45,"transform":{"skX":-20.89,"skY":-20.89}},{"duration":0,"transform":{"skX":-1.42,"skY":-1.42}}],"name":"bone4"},{"frame":[{"curve":[0.25,0,0.75,1],"duration":30,"transform":{"skX":1.65,"skY":1.65}},{"curve":[0.25,0,0.75,1],"duration":45,"transform":{"skX":-4.29,"skY":-4.29}},{"duration":0,"transform":{"skX":1.65,"skY":1.65}}],"name":"bone5"},{"frame":[{"curve":[0.25,0,1,0],"duration":15,"transform":{}},{"curve":[0.25,0,0,1],"duration":15,"transform":{"y":13.7,"x":-202.31}},{"curve":[0.25,0,0.75,1],"duration":45,"transform":{"y":-147.86,"x":65.04}},{"duration":0,"transform":{}}],"name":"right Tentacle"},{"frame":[{"curve":[0.25,0,0.75,1],"duration":30,"transform":{"skX":0.47,"skY":0.47}},{"curve":[0.25,0,0.75,1],"duration":45,"transform":{"skX":27.44,"skY":27.44}},{"duration":0,"transform":{"skX":0.47,"skY":0.47}}],"name":"bone6"},{"frame":[{"curve":[0.25,0,0.75,1],"duration":30,"transform":{"skX":-0.34,"skY":-0.34}},{"curve":[0.25,0,0.75,1],"duration":45,"transform":{"skX":18.51,"skY":18.51}},{"duration":0,"transform":{"skX":-0.34,"skY":-0.34}}],"name":"bone7"},{"frame":[{"curve":[0.25,0,0.75,1],"duration":7,"transform":{}},{"curve":[0.25,0,0.75,1],"duration":17,"transform":{"y":-62.56,"x":-51.02}},{"curve":[0.25,0,0.75,1],"duration":6,"transform":{"y":64.12,"x":-7.92}},{"curve":[0.25,0,0.75,1],"duration":15,"transform":{"y":3.19,"x":14.65}},{"curve":[0.25,0,0.75,1],"duration":30,"transform":{"y":-66.77,"x":-43.95}},{"duration":0,"transform":{}}],"name":"backTEnbtacleRight"},{"frame":[{"curve":[0.25,0,0.75,1],"duration":30,"transform":{"skX":0.36,"skY":0.36}},{"curve":[0.25,0,0.75,1],"duration":45,"transform":{"skX":17.19,"skY":17.19}},{"duration":0,"transform":{"skX":0.36,"skY":0.36}}],"name":"bone8"},{"frame":[{"curve":[0.25,0,0.75,1],"duration":10,"transform":{}},{"curve":[0.25,0,0.75,1],"duration":13,"transform":{"y":-18.88,"x":-68.31}},{"curve":[0.25,0,0.75,1],"duration":7,"transform":{"y":51.44,"x":47.55}},{"curve":[0.25,0,0.75,1],"duration":15,"transform":{"y":-46.5,"x":-77.08}},{"curve":[0.25,0,0.75,1],"duration":30,"transform":{"y":-21.35,"x":-63.23}},{"duration":0,"transform":{}}],"name":"backTEntacleRB"},{"frame":[{"curve":[0.25,0,0.75,1],"duration":30,"transform":{"skX":-0.87,"skY":-0.87}},{"curve":[0.25,0,0.75,1],"duration":45,"transform":{"skX":-57.39,"skY":-57.39}},{"duration":0,"transform":{"skX":-0.87,"skY":-0.87}}],"name":"bone9"},{"frame":[{"curve":[0.25,0,0.75,1],"duration":30,"transform":{"skX":0.91,"skY":0.91}},{"curve":[0.25,0,0.75,1],"duration":45,"transform":{"skX":13.85,"skY":13.85}},{"duration":0,"transform":{"skX":0.91,"skY":0.91}}],"name":"bone10"},{"frame":[{"curve":[0.25,0,0.75,1],"duration":10,"transform":{}},{"curve":[0.25,0,0.75,1],"duration":12,"transform":{"y":-27.22,"x":49.37}},{"curve":[0.25,0,0.75,1],"duration":8,"transform":{"y":55.45,"x":41.4}},{"curve":[0.25,0,0.75,1],"duration":10,"transform":{}},{"curve":[0.25,0,0.75,1],"duration":35,"transform":{"y":56.34,"x":12.66}},{"duration":0,"transform":{}}],"name":"leftentaclebackIKA"},{"frame":[{"curve":[0.25,0,0.75,1],"duration":30,"transform":{"skX":0.06,"skY":0.06}},{"curve":[0.25,0,0.75,1],"duration":45,"transform":{"skX":-17.54,"skY":-17.54}},{"duration":0,"transform":{"skX":0.06,"skY":0.06}}],"name":"bone11"},{"frame":[{"curve":[0.25,0,1,0],"duration":15,"transform":{}},{"curve":[0.25,0,0,1],"duration":15,"transform":{"y":70.12,"x":153.14}},{"curve":[0.25,0,0.75,1],"duration":45,"transform":{"y":-130.53,"x":-36.87}},{"duration":0,"transform":{}}],"name":"left TentacleIK"},{"frame":[{"curve":[0.25,0,0.75,1],"duration":30,"transform":{}},{"curve":[0.25,0,0.75,1],"duration":45,"transform":{"y":3.15,"x":52.5}},{"duration":0,"transform":{}}],"name":"backlefttentacleIKç"},{"frame":[{"curve":[0.25,0,0.75,1],"duration":30,"transform":{}},{"curve":[0.25,0,0.75,1],"duration":45,"transform":{"scX":0.74}},{"duration":0,"transform":{}}],"name":"shadow"},{"frame":[{"curve":[0.25,0,0.75,1],"duration":30,"transform":{"skX":0.55,"skY":0.55}},{"curve":[0.25,0,0.75,1],"duration":45,"transform":{"skX":58.31,"skY":58.31}},{"duration":0,"transform":{"skX":0.55,"skY":0.55}}],"name":"bone12"},{"frame":[{"curve":[0.25,0,0.75,1],"duration":30,"transform":{"skX":-2.32,"skY":-2.32}},{"curve":[0.25,0,0.75,1],"duration":45,"transform":{"skX":-18.53,"skY":-18.53}},{"duration":0,"transform":{"skX":-2.32,"skY":-2.32}}],"name":"bone13"}],"ik":[],"slot":[],"duration":75,"name":"Idle"}],"skin":[{"name":"","slot":[{"display":[{"slotPose":[1,0,0,1,0,0],"vertices":[-118.19,-288.88,-162.63,-276.35,-162.63,-271.16,-114.74,-257.34,-114.31,-250,-124.42,-231.35,-126.64,-195.73,-83.97,-179.04,-37.22,-177.93,-27.95,-182.39,-11.78,-173.68,-6.5,-193.61,31.59,-134.25,45.94,-134.25,28.06,-186.28,42.42,-175.73,33.05,-207.08,39.2,-203.86,37.74,-210.6,64.69,-181.29,62.63,-207.95,127.09,-174.55,81.1,-228.17,123.58,-220.55,102.78,-244.87,156.37,-243.1,156.37,-250.44,81.98,-282.96,91.28,-312.22,85.72,-339.76,133.48,-407.24,121.48,-407.24,55.55,-360.27,42.94,-362.91,28.29,-367.02,27.22,-375.55,19.64,-382.03,7.47,-384.55,-2.49,-382.19,-7.7,-374.92,-32.51,-374.29,-49.26,-369.55,-73.75,-355.65,-92.71,-335.1,-104.94,-330.64,-111.42,-323.05,-112.36,-309.63,-110.62,-305.67,-112.84,-289.71,-86.65,-227.01,-90.26,-250.87,-90.02,-287.99,-77.25,-333.06,-30.49,-242.43,-34.83,-258.1,-47.33,-300.24,-52.43,-334.75,29.03,-267.74,15.54,-281,-16.51,-301.96,-36.76,-345.59,-3.73,-363.18,24.22,-348.24,48.8,-330.64,64.23,-316.66,22.57,-213.78,52.14,-240.66,61.2,-250.74,43.4,-253.76,40.37,-272.24,56.51,-289.03,-4.65,-230.25,28.96,-247.38,-8.01,-256.79,-13.05,-273.25,-71.18,-261.83,-64.12,-230.58,-58.07,-204.03,-87.98,-206.73,-29.51,-213.45,-76.15,-312.75,-99.21,-319.56,-65.67,-286.55,-7.5,-333.19],"path":"Layer 58","width":319,"weights":[2,14,0.97879,9,0.02121,1,14,1,1,14,1,1,14,1,1,14,1,1,14,1,1,14,1,1,14,1,2,14,0.9949,10,0.0051,2,14,0.98003,10,0.01997,2,14,0.95688,10,0.04312,2,14,0.87408,10,0.12592,2,14,0.8306,10,0.1694,2,14,0.83185,10,0.16815,2,14,0.71601,10,0.28399,2,14,0.6949,10,0.3051,3,14,0.47876,9,0.00021,10,0.52104,2,14,0.41902,10,0.58098,2,14,0.36126,10,0.63874,2,14,0.16463,10,0.83537,2,14,0.13334,10,0.86666,1,10,1,2,14,0.04218,10,0.95783,1,10,1,2,14,0.00306,10,0.99694,1,10,1,1,10,1,1,10,1,1,10,1,1,10,1,1,10,1,1,10,1,1,10,1,1,10,1,2,9,0.00227,10,0.99773,2,9,0.00707,10,0.99293,2,9,0.02089,10,0.97911,2,9,0.05668,10,0.94332,2,9,0.10174,10,0.89826,2,9,0.18774,10,0.81226,2,9,0.54979,10,0.45021,2,9,0.73922,10,0.26078,2,9,0.95879,10,0.04121,2,14,0.1574,9,0.8426,2,14,0.31228,9,0.68772,2,14,0.39459,9,0.60541,2,14,0.55409,9,0.44591,2,14,0.61736,9,0.38264,2,14,0.93896,9,0.06104,1,14,1,1,14,1,2,14,0.80887,9,0.19113,2,14,0.03309,9,0.96691,2,14,0.96682,9,0.03318,2,14,0.57603,9,0.42397,2,14,0.01153,9,0.98847,2,9,0.91538,10,0.08462,1,10,1,2,9,0.06051,10,0.93949,2,9,0.67662,10,0.32338,2,9,0.70381,10,0.29619,2,9,0.1781,10,0.8219,1,10,1,1,10,1,1,10,1,3,14,0.52689,9,0.00445,10,0.46866,2,14,0.08505,10,0.91495,2,14,0.03267,10,0.96733,2,14,0.0424,10,0.9576,2,14,0.00144,10,0.99856,1,10,1,3,14,0.73865,9,0.07568,10,0.18567,3,14,0.11413,9,0.01167,10,0.8742,3,14,0.10478,9,0.74504,10,0.15019,2,9,0.86235,10,0.13765,2,14,0.99982,9,0.00018,1,14,1,1,14,1,1,14,1,2,14,0.98905,10,0.01095,2,14,0.20837,9,0.79163,2,14,0.3625,9,0.6375,2,14,0.50264,9,0.49736,2,9,0.31377,10,0.68623],"uvs":[0.13931,0.43355,0,0.47944,0,0.49843,0.15014,0.54907,0.1515,0.57597,0.11979,0.64428,0.11281,0.77475,0.24656,0.8359,0.39309,0.83998,0.42217,0.82367,0.47287,0.85555,0.4894,0.78257,0.60881,1,0.65381,1,0.59779,0.8094,0.64279,0.84804,0.6134,0.7332,0.63269,0.74501,0.6281,0.72032,0.7126,0.82765,0.70617,0.72998,0.90824,0.85234,0.76403,0.65593,0.89722,0.68383,0.832,0.59475,1,0.60119,1,0.57436,0.76679,0.45523,0.79595,0.34805,0.7785,0.24717,0.92821,0,0.89055,0,0.68389,0.17204,0.6444,0.16238,0.60392,0.14735,0.5951,0.11609,0.57133,0.09236,0.53319,0.0831,0.50199,0.09178,0.48564,0.11841,0.40788,0.12072,0.35538,0.13808,0.27861,0.18901,0.21917,0.26425,0.18086,0.28061,0.16055,0.30839,0.15758,0.35759,0.16303,0.37206,0.15609,0.43051,0.23818,0.66019,0.22685,0.5728,0.22761,0.43685,0.26765,0.27177,0.41421,0.60369,0.40078,0.54631,0.36151,0.39197,0.3455,0.26559,0.60085,0.511,0.55856,0.46245,0.45808,0.38565,0.3946,0.22586,0.50002,0.16142,0.58701,0.21615,0.6635,0.28059,0.71155,0.3318,0.58055,0.70867,0.67326,0.6102,0.70169,0.57328,0.64588,0.5622,0.63642,0.49451,0.6871,0.43297,0.49524,0.64836,0.60058,0.58559,0.48478,0.55113,0.46897,0.49082,0.28673,0.53267,0.3088,0.64713,0.32776,0.74436,0.23402,0.73451,0.41729,0.7099,0.2711,0.34613,0.19881,0.32118,0.30399,0.4421,0.48678,0.27127],"type":"mesh","transform":{},"triangles":[31,29,30,27,24,26,32,29,31,24,22,23,27,67,24,67,22,24,64,70,27,29,64,28,64,27,28,70,67,27,63,64,29,32,63,29,67,66,22,66,20,22,70,69,67,69,68,67,66,18,20,63,70,64,33,63,32,63,58,70,68,66,67,33,62,63,58,69,70,62,83,63,83,58,63,68,72,66,69,57,68,58,57,69,34,62,33,57,72,68,83,59,58,18,16,17,65,16,18,71,65,72,65,14,16,65,11,14,35,61,34,61,62,34,36,61,35,73,71,72,37,61,36,61,83,62,71,11,65,74,73,58,38,61,37,59,74,58,79,11,71,39,61,38,73,53,71,40,60,61,60,83,61,39,40,61,9,10,11,53,79,71,60,59,83,79,9,11,60,56,59,74,54,73,54,53,73,56,55,59,59,55,74,55,54,74,55,82,54,41,60,40,76,79,53,79,77,9,77,8,9,76,77,79,54,76,53,82,75,54,75,76,54,41,56,60,77,7,8,42,56,41,56,80,55,80,82,55,52,80,56,42,52,56,49,78,76,75,50,76,76,78,77,78,7,77,51,75,82,80,51,82,50,49,76,43,52,42,51,50,75,43,81,52,52,81,80,81,51,80,48,3,51,81,47,51,51,3,50,50,4,49,78,6,7,4,5,49,5,78,49,47,48,51,5,6,78,44,81,43,3,4,50,0,3,48,46,47,81,45,46,81,44,45,81,0,2,3,1,2,0,14,11,12,14,12,13,16,14,15,20,18,19,22,20,21,26,24,25,18,65,66,72,65,66,57,72,58,58,73,72],"edges":[1,2,2,3,3,4,4,5,5,6,6,7,7,8,8,9,9,10,10,11,11,12,12,13,13,14,14,15,15,16,16,17,17,18,18,19,19,20,20,21,21,22,22,23,23,24,24,25,25,26,26,27,27,28,28,29,29,30,30,31,31,32,32,33,33,34,34,35,35,36,36,37,37,38,38,39,39,40,40,41,41,42,42,43,43,44,44,45,45,46,46,47,47,48,48,0,0,1],"height":273,"name":"Layer 58","bonePose":[14,-0.8828656411661311,-0.4696256590608271,0.4696256590608271,-0.8828656411661311,-20.428492253319156,-234.9493997319483,9,-0.6086229534582591,-0.7934595771201869,0.7934595771201869,-0.6086229534582591,-14.97,-260.99,10,-0.03245742248637157,-0.9994731190610088,0.9994731190610088,-0.03245742248637157,20.31138253031598,-263.08595962497236],"userEdges":[11,65,65,66,66,67,67,68,68,69,69,70,70,27,71,72,72,58,58,73,73,53,53,54,54,74,54,75,75,50,75,76,76,77,77,78,77,8,77,79,51,80,80,81,51,82,82,54,51,50,59,83]}],"name":"Layer 58"},{"display":[{"slotPose":[1,0,0,1,0,0],"vertices":[34.27,-289.18,35.42,-268.78,54.25,-238.37,139.7,-181,158.59,-179.85,157.94,-204.45,172.37,-188.58,177.82,-172.69,179.66,-152.89,176.39,-138.78,172.8,-134.58,165.31,-133.06,154.5,-135.43,143.38,-139.91,139.04,-143.52,132.54,-151.06,131.5,-154.54,131.16,-158.84,131.42,-161,133.7,-160.26,136.47,-157.86,138.54,-154.93,138.94,-153.03,138.86,-152.33,136.29,-153.03,134.38,-153.57,134.34,-151.41,135.69,-148.08,143.16,-145.01,146.93,-146.59,148.83,-151.36,148.94,-158.49,144.16,-167.57,136.02,-176.7,128.64,-179.43,118.94,-178.62,113.88,-174.46,112.03,-161.58,112.53,-150.73,118.38,-134.78,128.7,-121.41,149.75,-104.12,167.82,-96.97,197.58,-97.04,216.87,-109.25,223.63,-112.08,226.02,-115.89,234.47,-120,238.73,-126.36,238.69,-140.31,236.67,-143.55,238.68,-149.47,235.8,-154.69,235.33,-174.49,231.61,-199.44,221.69,-222.23,206.56,-241.24,185.51,-257.12,183.06,-267.23,179.04,-272.99,173.43,-276.94,164.69,-277.57,156.21,-273.13,144.89,-277.88,117.65,-281.06,110.9,-281.78,115.87,-244.89,122.36,-226.9,107.51,-238.36,93.79,-251,78.08,-265.42,66.89,-277.4,51.64,-287.19,39.02,-289.22,137.51,-150.46,141.45,-149.22,145.01,-150.61,143.71,-156.1,138.83,-163.73,132.28,-168.79,122.35,-167.79,120.85,-156.27,129.65,-139.47,144.33,-124.72,168.44,-115.83,197.42,-121.13,224.86,-134.71,194.21,-143.9,203.44,-158.97,220.88,-161.73,212.9,-196.42,183.6,-232.22,169.19,-242.21,159.92,-243.83,148.78,-254.86,149.85,-264.46,125.43,-266.47,74.02,-248.52,105.53,-220.23,126.69,-208.17,57.3,-265.61],"path":"Layer 57","width":204,"weights":[1,12,1,2,12,0.9995,17,0.0005,2,12,0.90239,17,0.09761,2,12,0.00736,17,0.99264,1,17,1,1,17,1,1,17,1,1,17,1,1,17,1,1,17,1,1,17,1,1,17,1,1,17,1,1,17,1,1,17,1,1,17,1,1,17,1,1,17,1,1,17,1,1,17,1,1,17,1,1,17,1,1,17,1,1,17,1,1,17,1,1,17,1,1,17,1,1,17,1,1,17,1,1,17,1,1,17,1,1,17,1,1,17,1,1,17,1,1,17,1,1,17,1,1,17,1,1,17,1,1,17,1,1,17,1,1,17,1,1,17,1,1,17,1,1,17,1,1,17,1,1,17,1,1,17,1,1,17,1,1,17,1,1,17,1,1,17,1,1,17,1,1,17,1,1,17,1,1,17,1,1,17,1,1,17,1,1,17,1,1,17,1,1,17,1,1,17,1,1,17,1,1,17,1,1,17,1,2,12,0.65582,17,0.34418,2,12,0.93963,17,0.06037,2,12,0.00074,17,0.99926,2,12,0.11161,17,0.88839,2,12,0.45424,17,0.54576,2,12,0.71157,17,0.28843,2,12,0.92488,17,0.07512,1,12,1,1,12,1,1,12,1,1,17,1,1,17,1,1,17,1,1,17,1,1,17,1,1,17,1,1,17,1,1,17,1,1,17,1,1,17,1,1,17,1,1,17,1,1,17,1,1,17,1,1,17,1,1,17,1,1,17,1,1,17,1,1,17,1,1,17,1,1,17,1,1,17,1,1,17,1,2,12,0.84948,17,0.15052,2,12,0.32744,17,0.67256,2,12,0.07389,17,0.92611,2,12,0.98701,17,0.01299],"uvs":[0,0,0.00484,0.10575,0.09602,0.2643,0.51513,0.5643,0.60778,0.57051,0.60484,0.44305,0.67543,0.52544,0.7019,0.60782,0.71072,0.71041,0.69454,0.78347,0.6769,0.80523,0.64013,0.813,0.58719,0.80057,0.53278,0.77725,0.51147,0.75849,0.47973,0.71935,0.47465,0.70134,0.47304,0.67906,0.47438,0.66785,0.48549,0.67166,0.49908,0.68417,0.50917,0.6994,0.51113,0.7092,0.51071,0.71289,0.49815,0.70919,0.48879,0.70636,0.48858,0.71756,0.49517,0.73487,0.53171,0.75086,0.55024,0.7427,0.55959,0.71801,0.56019,0.68103,0.53687,0.63394,0.4971,0.58653,0.46092,0.57231,0.41337,0.57642,0.38855,0.59791,0.37928,0.6646,0.38168,0.72086,0.41012,0.80354,0.46057,0.87295,0.56356,0.96281,0.65203,1,0.79795,1,0.89264,0.93702,0.92582,0.92241,0.93757,0.90269,0.97904,0.8815,1,0.84862,1,0.7763,0.9901,0.75949,1,0.72881,0.98595,0.70178,0.98388,0.59916,0.96591,0.46985,0.91752,0.35163,0.84357,0.25301,0.74058,0.17045,0.72869,0.11806,0.70902,0.0881,0.68154,0.06762,0.63874,0.06426,0.59709,0.08718,0.54167,0.06242,0.40834,0.04561,0.37537,0.04163,0.39908,0.233,0.43047,0.32628,0.35754,0.2666,0.29044,0.20056,0.2138,0.12506,0.15943,0.06239,0.0851,0.01103,0.0233,0,0.50409,0.72249,0.52336,0.72902,0.54086,0.72186,0.53453,0.69342,0.51071,0.65378,0.47865,0.62751,0.42998,0.63255,0.42248,0.69224,0.46545,0.77937,0.53725,0.856,0.65533,0.90231,0.79745,0.8752,0.9321,0.80517,0.78196,0.75716,0.82738,0.67923,0.91287,0.66511,0.87417,0.48528,0.73094,0.29945,0.66041,0.24749,0.61499,0.23902,0.56049,0.18172,0.56584,0.13202,0.44615,0.12129,0.19335,0.21255,0.34759,0.36051,0.45153,0.42342,0.11196,0.12308],"type":"mesh","transform":{},"triangles":[54,90,53,53,89,52,50,86,49,52,50,51,49,86,48,86,47,48,89,86,52,52,86,50,86,46,47,90,89,53,55,90,54,90,88,89,89,88,86,88,87,86,44,45,46,86,85,46,85,44,46,87,85,86,91,90,55,56,91,55,7,88,90,85,43,44,6,7,90,91,6,90,57,91,56,8,87,88,7,8,88,5,6,91,87,9,85,9,10,85,85,84,43,84,42,43,10,84,85,92,91,57,8,9,87,92,5,91,58,92,57,61,62,59,93,92,58,62,93,58,59,62,58,62,95,93,93,5,92,11,84,10,60,61,59,95,94,93,67,5,93,11,12,84,12,83,84,84,41,42,83,41,84,67,99,5,3,4,5,94,67,93,99,3,5,63,95,62,13,83,12,66,67,94,31,77,30,83,40,41,96,94,95,63,96,95,78,77,31,32,78,31,76,29,30,77,76,30,96,66,94,82,83,13,75,28,76,76,28,29,82,40,83,78,20,77,77,22,76,22,75,76,64,96,63,22,23,75,79,78,32,33,79,32,14,82,13,20,21,77,21,22,77,74,27,75,23,74,75,19,20,78,24,74,23,79,19,78,79,18,19,26,27,74,34,79,33,39,40,82,34,80,79,79,80,18,16,81,15,81,82,15,81,16,17,81,17,18,80,81,18,81,38,82,38,39,82,35,80,34,67,98,99,64,65,96,35,36,80,37,81,80,68,98,67,36,37,80,37,38,81,69,97,98,69,98,68,97,2,98,70,97,69,100,97,70,71,100,70,100,2,97,72,100,71,1,2,100,99,98,3,98,2,3,15,82,14,75,27,28,65,66,96,26,25,74,24,25,74,1,0,100,72,73,100,73,0,100],"edges":[0,1,1,2,2,3,3,4,4,5,5,6,6,7,7,8,8,9,9,10,10,11,11,12,12,13,13,14,14,15,15,16,16,17,17,18,18,19,19,20,20,21,21,22,22,23,23,24,24,25,25,26,26,27,27,28,28,29,29,30,30,31,31,32,32,33,33,34,34,35,35,36,36,37,37,38,38,39,39,40,40,41,41,42,42,43,43,44,44,45,45,46,46,47,47,48,48,49,49,50,50,51,51,52,52,53,53,54,54,55,55,56,56,57,57,58,58,59,59,60,60,61,61,62,62,63,63,64,64,65,65,66,66,67,67,68,68,69,69,70,70,71,71,72,72,73,73,0],"height":193,"name":"Layer 57","bonePose":[12,0.9996245977511437,0.027398240287735687,-0.027398240287735687,0.9996245977511437,43.42726144683694,-276.34291032702833,17,0.46669538893008194,0.8844181216774107,-0.8844181216774107,0.46669538893008194,116.95964685741106,-274.3274957714625],"userEdges":[25,74,74,75,75,76,76,77,77,78,78,79,79,80,80,81,81,82,82,83,83,84,84,85,85,86,85,87,87,88,88,89,89,52,89,90,90,91,91,92,92,93,93,94,94,95,95,62,95,96,97,98,98,99,67,99,99,3,0,100,100,97]}],"name":"Layer 57"},{"display":[{"slotPose":[1,0,0,1,0,0],"vertices":[-92.05,-278.62,-106.44,-257.78,-123.55,-237.45,-141.16,-224.55,-157.52,-222.07,-164.96,-231.99,-166.7,-243.64,-164.22,-253.07,-151.58,-280.1,-138.93,-305.25,-166.95,-295.73,-194.48,-275.63,-224.24,-245.88,-232.42,-235.46,-242.34,-230.74,-247.3,-221.08,-242.83,-211.4,-250.52,-192.55,-252.01,-178.92,-259.45,-173.96,-262.62,-162.3,-262.62,-148.41,-260.44,-145.43,-253.99,-140.23,-249.28,-130.8,-239.36,-115.68,-210.59,-115.24,-200.92,-115.25,-180.34,-130.06,-169.18,-160.32,-185.29,-145.44,-195.96,-140.72,-208.61,-139.73,-216.05,-149.9,-213.82,-169.49,-198.2,-215.62,-192.73,-199.5,-184.3,-187.35,-159.5,-182.14,-141.9,-189.33,-119.33,-206.7,-83.62,-251.34,-74.63,-267.46,-74.62,-288.54,-234.54,-142.69,-229.07,-156.98,-229.99,-174.91,-244.58,-182.06,-237.44,-203.76,-221.93,-206.95,-215.25,-216.68,-214.94,-225.8,-218.44,-234.61,-223.76,-237.81,-191.54,-269.57,-218.5,-242.41,-236.16,-223.78,-255.17,-167.52,-227.82,-130.66,-208.22,-124.26,-192.51,-131.44,-178.35,-146.19,-169.36,-210.96,-157.22,-205.48,-136.75,-211.91,-107.47,-239.99],"path":"LEft TEntacle Copy","width":188,"weights":[2,11,0.99978,16,0.00022,2,11,0.89216,16,0.10784,2,11,0.64422,16,0.35578,2,11,0.39019,16,0.60981,2,11,0.18845,16,0.81155,2,11,0.07227,16,0.92773,2,11,0.01978,16,0.98022,2,11,0.00409,16,0.99591,1,16,1,2,11,0.86283,16,0.13717,1,16,1,1,16,1,1,16,1,1,16,1,1,16,1,1,16,1,1,16,1,1,16,1,1,16,1,1,16,1,1,16,1,1,16,1,1,16,1,1,16,1,1,16,1,1,16,1,1,16,1,1,16,1,1,16,1,1,16,1,1,16,1,1,16,1,1,16,1,1,16,1,1,16,1,2,11,0.02295,16,0.97705,2,11,0.08935,16,0.91065,2,11,0.12287,16,0.87713,2,11,0.19478,16,0.80522,2,11,0.27288,16,0.72712,2,11,0.47195,16,0.52805,2,11,0.94134,16,0.05866,2,11,0.99569,16,0.00431,1,11,1,1,16,1,1,16,1,1,16,1,1,16,1,1,16,1,1,16,1,2,11,0.00019,16,0.99981,1,16,1,1,16,1,1,16,1,1,16,1,1,16,1,1,16,1,1,16,1,1,16,1,1,16,1,1,16,1,1,16,1,2,11,0.13534,16,0.86466,2,11,0.21232,16,0.78768,2,11,0.37802,16,0.62198,2,11,0.77429,16,0.22571],"uvs":[0.90729,0.14017,0.83078,0.24981,0.73976,0.35684,0.6461,0.42471,0.55904,0.43777,0.51946,0.38556,0.51023,0.32421,0.52342,0.27461,0.5907,0.13234,0.65797,0,0.50891,0.05011,0.36248,0.15583,0.20419,0.31246,0.16066,0.36728,0.10789,0.39208,0.08151,0.44299,0.10525,0.49389,0.06436,0.59309,0.05644,0.66488,0.01687,0.69099,0,0.75233,0.01187,0.80454,0.01159,0.84109,0.04589,0.8685,0.07095,0.9181,0.12372,0.99772,0.27674,1,0.32819,1,0.43768,0.92202,0.49704,0.76278,0.41129,0.84109,0.35457,0.86589,0.28729,0.87111,0.24772,0.8176,0.25959,0.71448,0.3427,0.4717,0.37172,0.55655,0.41657,0.6205,0.54848,0.64791,0.64214,0.61006,0.79121,0.51869,0.95214,0.28375,1,0.1989,1,0.08796,0.14932,0.85555,0.17843,0.78035,0.17358,0.68595,0.09596,0.64835,0.13396,0.53412,0.21643,0.51732,0.252,0.46612,0.25362,0.41812,0.23503,0.37172,0.20673,0.35492,0.37809,0.18778,0.23465,0.33072,0.14075,0.42874,0.03962,0.72485,0.18512,0.91885,0.28934,0.95254,0.37293,0.91476,0.44826,0.83716,0.4961,0.49627,0.56066,0.52508,0.67564,0.49126,0.82799,0.34345],"type":"mesh","transform":{},"triangles":[65,40,41,2,65,1,61,28,29,3,64,2,64,39,40,3,4,64,4,63,64,63,39,64,63,38,39,54,7,8,62,37,38,62,38,63,62,63,4,5,62,4,11,54,10,35,62,5,54,6,7,36,37,62,6,35,5,54,55,6,55,35,6,30,61,29,35,36,62,52,51,35,55,52,35,60,27,28,31,60,30,11,12,54,12,55,54,59,27,60,31,32,60,32,59,60,50,49,35,49,46,34,51,50,35,59,26,27,58,26,59,58,59,32,33,58,32,48,46,49,45,33,34,58,25,26,44,58,33,46,45,34,56,50,51,52,56,51,56,49,50,45,44,33,48,47,46,55,53,52,12,53,55,16,48,56,56,48,49,12,13,53,17,47,48,57,45,46,44,24,58,24,25,58,47,57,46,21,23,44,14,56,13,18,57,47,15,16,56,23,24,44,14,15,56,16,17,48,21,22,23,17,18,47,20,21,57,19,57,18,19,20,57,49,34,35,10,9,54,54,8,9,13,53,56,53,56,52,21,57,44,57,44,45,28,60,61,30,60,61,40,64,65,2,64,65,65,41,42,65,42,43,65,1,0,65,0,43],"edges":[20,21,21,22,22,23,23,24,24,25,25,26,26,27,27,28,28,29,29,30,30,31,31,32,32,33,33,34,34,35,35,36,36,37,37,38,38,39,39,40,40,41,41,42,42,43,43,0,0,1,1,2,2,3,3,4,4,5,5,6,6,7,7,8,8,9,9,10,10,11,11,12,12,13,13,14,14,15,15,16,16,17,17,18,18,19,19,20],"height":190,"name":"LEft TEntacle Copy","bonePose":[11,-0.927053035713077,-0.37493021880767136,0.37493021880767136,-0.927053035713077,-79.6851375815645,-274.05037778164086,16,-0.663534575495984,0.7481456189281361,-0.7481456189281361,-0.663534575495984,-144.30073417076596,-300.18301403253554],"userEdges":[23,44,44,45,45,46,46,47,47,18,16,48,48,49,49,50,50,51,51,52,52,53,53,13,9,54,54,55,55,53,53,56,56,48,48,47,47,57,57,44,44,58,58,59,59,60,60,61,61,29,62,63,63,64,64,65,65,43]}],"name":"LEft TEntacle Copy"},{"display":[{"slotPose":[1,0,0,1,0,0],"vertices":[-52.92,-368.56,-68.8,-369.24,-80.4,-388.33,-71.71,-423.1,-57.09,-439.39,-45.25,-445.5,-32.02,-447.88,-19.64,-447.51,-8.05,-436.89,-6.38,-424.16,-7.08,-401.42,-9.89,-384.38,-22.34,-355.92,-40.48,-329.51,-57.78,-313.49,-41.3,-309.2,-28.18,-302.24,-18.99,-290.13,-20.86,-277.13,-28.93,-261.25,-43.83,-241.15,-59.57,-222.5,-81.82,-207.51,-98.42,-202.12,-120.9,-215.82,-132.88,-197.11,-154.84,-176.35,-169.52,-171.15,-180.57,-172.1,-192.47,-177.28,-201.99,-190.9,-195.41,-172.53,-191.94,-165.11,-201.26,-165.11,-213.65,-177.6,-223.94,-193.34,-234.32,-215.98,-239.6,-227.64,-242.29,-249.05,-243.65,-275.55,-240.93,-288.5,-238.62,-293.69,-221.9,-263.75,-195.56,-226.05,-177.62,-204.82,-172.72,-203.2,-169.07,-203.29,-160.91,-207.81,-155.93,-215.21,-148.55,-224.05,-143.28,-236.72,-155.02,-241.63,-162.61,-248.54,-158.97,-253.92,-173.36,-257.55,-185.29,-262.39,-199.61,-270.82,-216.57,-285.6,-232.24,-306.52,-235.33,-324.18,-233.92,-344.82,-229.71,-365.56,-224.25,-376.8,-213.51,-389.1,-207.18,-393.14,-209.66,-378.16,-213.87,-361.73,-215.87,-346.08,-213.74,-329.67,-207.58,-312.78,-200.76,-302.9,-191.15,-294.75,-177.03,-289.09,-186.95,-317.41,-192.54,-345.53,-192.17,-361.28,-179.76,-362.9,-163.05,-357.06,-143.94,-347.86,-128.76,-340.57,-123.68,-348.93,-121.2,-357.87,-123.41,-366.89,-135.42,-380.42,-154.08,-397.76,-172.99,-406.1,-199.97,-418.36,-187.5,-423.07,-164.84,-417.72,-137.76,-405.94,-115.07,-393.51,-95.67,-374.71,-88.45,-363.2,-88.07,-356.09,-90.94,-346.87,-99,-341.77,-104.19,-335.62,-106.41,-328.01,-105.85,-325.2,-99.2,-327.07,-88.31,-333.79,-82.95,-340.16,-81.01,-346.51,-83.28,-360.11,-86.76,-371.89,-89.89,-376.75,-79.01,-374.85,-70.2,-366.78,-64.33,-357.05,-62.98,-346.8,-55.38,-360.83,-206.24,-206.81,-216.12,-228.59,-218.03,-234.47,-203.8,-177.91,-211.58,-192.96,-219.74,-210.59,-226.67,-225.3,-230.32,-240,-232.07,-260.76,-215.78,-240.87,-203.31,-216.84,-191.7,-197.14,-178.38,-189.36,-164.7,-189.37,-149.14,-201.67,-137.39,-218.11,-126.85,-231.27,-101.01,-227.51,-99.46,-231.32,-52.07,-249.88,-126.48,-264.24,-147.94,-292.25,-153.68,-314.56,-132.91,-306.11,-89.64,-273.45,-118.54,-295.26,-123.38,-283.1,-124.58,-277.91,-115.42,-285.19,-111.2,-289.72,-88.2,-313.31,-85.57,-307.96,-80.15,-319.41,-66.36,-338.39,-86.32,-323.87,-74.5,-337.01,-74.7,-354.76,-80.42,-330.44,-75.12,-345.62,-70.67,-319.57,-61.44,-334.03,-51.9,-345.61,-47.05,-355.58,-39.84,-364.27,-26.73,-381.63,-47.09,-385.7,-41.04,-413.89,-41.04,-422.26,-56.15,-409.74,-62.55,-397.09,-61.67,-387.47,-52.32,-383.08,-49.25,-379.43,-58.07,-377.57,-67.46,-382.23,-70.45,-405.19,-64.31,-417.02,-56.43,-425,-43.59,-432.52,-32.23,-436.62,-18.84,-430.47,-20.81,-416.96,-22.98,-396.92,-137.97,-260.52,-147.92,-272.06,-160.44,-286.45,-150.27,-256.72,-164.9,-270.16,-167.07,-312.64,-168.28,-339.54,-131.92,-327.06,-118.23,-317.39,-101.46,-304.39,-87.05,-298.26,-79.34,-307.94,-147,-247.9,-124.73,-251.59,-103.59,-256.12,-69.75,-265.18,-50.81,-273.41,-220.67,-364.23,-222.95,-355.69,-224.65,-345.99,-224.45,-336.31,-224.25,-328.14,-222.15,-318.83,-218.53,-310.85,-211.5,-301.35,-204.64,-290.16,-193.43,-282.75,-183.93,-279.15,-175.37,-274.98,-137.37,-278.44,-139.54,-294.1],"path":"Rear TEntacle L Copy","width":237,"weights":[2,19,0.84544,21,0.15456,2,19,0.63142,21,0.36858,2,19,0.43945,21,0.56055,2,19,0.11263,21,0.88737,2,19,0.01869,21,0.98131,2,19,0.00211,21,0.99789,1,21,1,1,21,1,1,21,1,1,21,1,2,19,0.0108,21,0.9892,2,19,0.30529,21,0.69471,1,19,1,1,19,1,2,15,0.00512,19,0.99488,2,15,0.16602,19,0.83398,2,15,0.32939,19,0.67061,2,15,0.4806,19,0.5194,2,15,0.61638,19,0.38362,2,15,0.85081,19,0.14919,1,15,1,1,15,1,1,15,1,1,15,1,1,15,1,1,15,1,1,15,1,1,15,1,1,15,1,1,15,1,1,15,1,1,15,1,1,15,1,1,15,1,1,15,1,1,15,1,1,15,1,1,15,1,1,15,1,1,15,1,1,15,1,1,15,1,1,15,1,1,15,1,1,15,1,1,15,1,1,15,1,1,15,1,1,15,1,1,15,1,1,15,1,1,15,1,1,15,1,1,15,1,1,15,1,1,15,1,1,15,1,1,15,1,1,15,1,1,15,1,1,15,1,1,15,1,1,15,1,1,15,1,1,15,1,1,15,1,1,15,1,1,15,1,1,15,1,1,15,1,1,15,1,1,15,1,1,15,1,1,15,1,1,15,1,1,15,1,1,15,1,1,15,1,1,15,1,2,15,0.99529,19,0.00471,2,15,0.99597,19,0.00403,2,15,0.99942,19,0.00058,1,15,1,1,15,1,1,15,1,1,15,1,1,15,1,1,15,1,1,15,1,1,15,1,1,15,1,1,15,1,1,15,1,2,15,0.99954,19,0.00046,2,15,0.99651,19,0.00349,2,15,0.9856,19,0.0144,2,15,0.95844,19,0.04156,2,15,0.88516,19,0.11484,2,15,0.81358,19,0.18642,2,15,0.5655,19,0.4345,2,15,0.20233,19,0.79767,2,15,0.07279,19,0.92721,2,15,0.02419,19,0.97581,2,15,0.00122,19,0.99878,1,19,1,1,19,1,1,19,1,1,19,1,1,19,1,2,15,0.00194,19,0.99806,2,19,0.9674,21,0.0326,1,15,1,1,15,1,1,15,1,1,15,1,1,15,1,1,15,1,1,15,1,1,15,1,1,15,1,1,15,1,1,15,1,1,15,1,1,15,1,1,15,1,1,15,1,1,15,1,1,15,1,1,15,1,1,15,1,1,15,1,1,15,1,1,15,1,1,15,1,1,15,1,1,15,1,1,15,1,1,15,1,1,15,1,1,15,1,1,15,1,2,15,0.38478,19,0.61522,2,15,0.35529,19,0.64471,2,15,0.15665,19,0.84335,2,15,0.01128,19,0.98872,2,15,0.26094,19,0.73906,2,15,0.04113,19,0.95887,2,15,0.00354,19,0.99646,2,15,0.12214,19,0.87786,2,15,0.01695,19,0.98305,2,15,0.03217,19,0.96783,2,15,0.00371,19,0.99629,1,19,1,2,19,0.99489,21,0.00511,2,19,0.99095,21,0.00905,2,19,0.75235,21,0.24765,2,19,0.54819,21,0.45181,2,19,0.03263,21,0.96737,2,19,0.0144,21,0.9856,2,19,0.14784,21,0.85216,2,19,0.33929,21,0.66071,2,19,0.4867,21,0.5133,2,19,0.60039,21,0.39961,2,19,0.6997,21,0.3003,2,19,0.65388,21,0.34612,2,19,0.53511,21,0.46489,2,19,0.25647,21,0.74353,2,19,0.12613,21,0.87387,2,19,0.05315,21,0.94685,2,19,0.00651,21,0.99349,1,21,1,1,21,1,1,21,1,1,21,1,1,15,1,1,15,1,1,15,1,1,15,1,1,15,1,1,15,1,1,15,1,2,15,0.99663,19,0.00337,2,15,0.96619,19,0.03381,2,15,0.85467,19,0.14533,2,15,0.58343,19,0.41657,2,15,0.16077,19,0.83923,1,15,1,1,15,1,1,15,1,1,15,1,2,15,0.80124,19,0.19876,1,15,1,1,15,1,1,15,1,1,15,1,1,15,1,1,15,1,1,15,1,1,15,1,1,15,1,1,15,1,1,15,1,1,15,1,1,15,1,1,15,1],"uvs":[0.80837,0.28027,0.74194,0.2789,0.69253,0.21286,0.72534,0.09133,0.78438,0.03266,0.83339,0.00985,0.88888,0,0.94113,0,0.99136,0.03641,1,0.08134,1,0.16202,0.99027,0.22347,0.93639,0.3256,0.85872,0.41859,0.785,0.47476,0.85427,0.49042,0.90935,0.51527,0.94784,0.55816,0.93973,0.60399,0.90571,0.65982,0.84298,0.73088,0.77655,0.79692,0.68258,0.85003,0.6125,0.86909,0.51772,0.82041,0.46709,0.88674,0.37434,0.96028,0.31236,0.97866,0.26578,0.97525,0.21555,0.95687,0.17545,0.90853,0.20318,0.9737,0.21776,1,0.17847,1,0.12622,0.95566,0.08288,0.89983,0.03913,0.81949,0.01694,0.7781,0.0056,0.70219,0,0.60825,0.01155,0.56229,0.02127,0.54391,0.09175,0.65012,0.20274,0.78391,0.27836,0.85925,0.29902,0.86504,0.31441,0.8647,0.34884,0.8487,0.3699,0.82249,0.40109,0.79117,0.42337,0.74623,0.37386,0.72878,0.34186,0.70427,0.35726,0.6852,0.2965,0.67227,0.24619,0.65508,0.18583,0.62513,0.11431,0.57265,0.04829,0.49844,0.03532,0.4358,0.04134,0.3626,0.05917,0.28907,0.08226,0.24924,0.12762,0.20567,0.15436,0.19137,0.14383,0.24448,0.126,0.30269,0.1175,0.35818,0.12641,0.41639,0.15233,0.47631,0.18109,0.51137,0.2216,0.54031,0.28114,0.56039,0.23942,0.45997,0.21593,0.36022,0.21755,0.30439,0.26993,0.29867,0.34041,0.31944,0.42102,0.35212,0.48502,0.37799,0.50649,0.34838,0.51702,0.31672,0.5077,0.28472,0.45707,0.23672,0.37846,0.17513,0.29866,0.14551,0.18484,0.10194,0.23749,0.08526,0.33309,0.10432,0.44732,0.14619,0.54297,0.19034,0.6248,0.25707,0.65518,0.29792,0.6568,0.32311,0.64464,0.35579,0.61062,0.37383,0.58875,0.39562,0.57943,0.42251,0.58186,0.43239,0.61021,0.42558,0.6568,0.40175,0.67989,0.37928,0.68839,0.35681,0.67948,0.30847,0.6653,0.2666,0.65234,0.24924,0.69811,0.25639,0.73497,0.28532,0.75928,0.32005,0.76454,0.35647,0.79735,0.30711,0.1576,0.85212,0.11599,0.77482,0.10796,0.75397,0.16782,0.95457,0.13497,0.9012,0.10066,0.83862,0.07146,0.78648,0.05613,0.73433,0.04883,0.66072,0.11745,0.73127,0.17001,0.81654,0.21891,0.88648,0.27512,0.91408,0.33279,0.91408,0.39848,0.87053,0.44812,0.81225,0.49265,0.76562,0.60169,0.77902,0.60826,0.76553,0.80827,0.69988,0.49439,0.64869,0.40387,0.54931,0.37978,0.47017,0.46738,0.50023,0.64987,0.61618,0.52795,0.53872,0.50753,0.58183,0.50242,0.60023,0.5411,0.57446,0.55894,0.55841,0.65644,0.47447,0.66739,0.49348,0.69074,0.453,0.74987,0.38613,0.66477,0.43699,0.71542,0.39071,0.71542,0.32777,0.6901,0.41385,0.71322,0.36017,0.73084,0.45272,0.77049,0.40182,0.81123,0.36109,0.83216,0.32592,0.86299,0.29538,0.91916,0.23429,0.83326,0.22041,0.85529,0.12138,0.85418,0.09176,0.79251,0.13711,0.76718,0.18154,0.77159,0.21486,0.81123,0.22967,0.82419,0.24222,0.78701,0.2491,0.74736,0.23337,0.73304,0.15377,0.75727,0.11212,0.78921,0.08343,0.84207,0.05567,0.88942,0.03993,0.94669,0.06029,0.94008,0.10842,0.93347,0.17969,0.44587,0.66186,0.40393,0.62089,0.35116,0.56984,0.39397,0.67529,0.33224,0.62759,0.32327,0.47695,0.31829,0.38155,0.47164,0.4259,0.5294,0.46021,0.6001,0.50624,0.66084,0.528,0.6937,0.49369,0.40768,0.70657,0.50168,0.69357,0.59092,0.67757,0.73371,0.64557,0.81343,0.61657,0.0973,0.2938,0.08768,0.32412,0.08047,0.35848,0.08127,0.39284,0.08207,0.42181,0.09089,0.45483,0.10612,0.48312,0.13578,0.51681,0.16464,0.55656,0.21194,0.58284,0.25203,0.59564,0.2881,0.61047,0.44849,0.5983,0.43936,0.54278],"type":"mesh","transform":{},"triangles":[155,12,11,173,11,10,172,173,10,8,171,9,171,172,9,172,10,9,7,171,8,173,155,11,16,190,18,170,158,172,157,173,172,153,13,12,155,154,12,6,170,7,7,170,171,170,172,171,16,18,17,153,152,13,190,19,18,158,157,172,154,153,12,156,155,173,157,156,173,15,190,16,163,154,155,156,163,155,169,158,170,130,20,19,190,130,19,159,156,157,6,5,170,5,169,170,159,160,156,14,190,15,152,151,13,0,153,154,163,0,154,151,14,13,0,110,153,169,168,158,14,185,190,161,162,156,160,161,156,5,4,169,130,21,20,185,184,190,189,130,190,4,168,169,184,189,190,164,0,163,110,152,153,162,163,156,110,109,152,162,164,163,151,150,14,168,167,159,109,151,152,161,164,162,164,1,0,184,135,189,109,144,151,4,3,168,166,160,159,161,165,164,167,166,159,150,185,14,3,167,168,165,1,164,129,22,21,188,129,189,160,165,161,108,147,109,149,144,109,147,149,109,3,166,167,107,147,108,149,146,144,135,188,189,129,128,22,103,147,107,106,103,107,143,185,150,147,102,149,104,103,106,101,148,146,103,102,147,101,146,149,102,101,149,101,100,148,148,145,143,142,184,185,105,104,106,128,23,22,145,141,143,100,145,148,140,135,184,183,140,184,100,99,145,99,141,145,183,184,142,141,183,142,95,94,93,81,95,93,81,93,92,91,81,92,139,188,135,140,139,135,139,138,188,188,187,129,128,24,23,90,82,91,82,81,91,138,131,188,98,182,183,80,96,95,81,80,95,187,127,129,127,128,129,127,24,128,136,140,183,182,136,183,131,187,188,79,97,96,80,79,96,181,182,97,79,181,97,182,98,97,134,136,182,83,82,90,136,139,140,136,137,139,137,138,139,89,83,90,204,137,136,181,134,182,134,204,136,50,127,187,127,126,24,126,25,24,186,50,187,131,174,187,203,131,138,203,138,137,204,203,137,174,186,187,203,174,131,50,126,127,89,84,83,126,125,25,133,134,181,78,181,79,175,174,203,50,49,126,125,26,25,133,204,134,133,132,204,177,186,174,204,132,203,88,84,89,175,177,174,132,175,203,48,125,126,49,48,126,124,26,125,176,175,132,186,51,50,77,180,78,48,47,125,177,53,186,53,51,186,178,177,175,176,178,175,133,179,132,179,176,132,180,179,133,178,53,177,47,124,125,53,52,51,88,85,84,46,124,47,179,72,176,124,27,26,178,54,53,180,73,179,123,27,124,46,45,124,76,180,77,123,28,27,76,74,180,202,54,178,87,85,88,45,123,124,74,73,180,202,55,54,72,201,202,44,123,45,87,86,85,75,74,76,29,28,123,43,121,44,122,123,44,201,55,202,71,201,72,121,122,44,71,200,201,122,29,123,56,55,201,121,111,122,30,29,122,200,56,201,199,200,71,70,199,71,111,30,122,199,56,200,120,113,112,111,115,30,198,199,70,199,57,56,114,34,33,115,114,30,69,198,70,115,34,114,68,196,69,198,57,199,191,66,65,196,197,69,197,198,69,116,115,111,192,67,66,67,194,68,35,34,115,116,35,115,42,119,120,119,118,120,117,116,112,195,196,68,58,57,198,197,58,198,191,192,66,194,195,68,192,193,67,193,194,67,118,113,120,113,117,112,39,119,42,36,35,116,117,36,116,62,61,191,118,117,113,196,58,197,61,192,191,119,38,118,195,59,196,59,58,196,193,60,194,60,193,192,61,60,192,118,37,117,194,59,195,60,59,194,37,36,117,38,37,118,39,38,119,30,114,31,2,3,166,2,1,165,73,72,179,42,120,43,41,40,42,40,39,42,121,111,112,112,116,111,31,32,114,114,33,32,112,120,121,120,121,43,21,129,130,129,189,130,183,98,141,99,98,141,185,142,143,141,142,143,144,150,151,143,150,144,146,148,144,148,143,144,168,158,159,159,157,158,160,165,166,166,2,165,176,178,72,72,202,178,133,180,181,78,180,181,62,191,63,63,191,64,191,65,64],"edges":[39,38,38,37,37,36,36,35,35,34,34,33,33,32,32,31,31,30,30,29,29,28,28,27,27,26,26,25,25,24,24,23,23,22,22,21,21,20,20,19,19,18,18,17,17,16,16,15,15,14,14,13,13,12,12,11,11,10,10,9,9,8,8,7,7,6,6,5,5,4,4,3,3,2,2,1,1,0,0,110,110,109,109,108,108,107,107,106,106,105,105,104,104,103,103,102,102,101,101,100,100,99,99,98,98,97,97,96,96,95,95,94,94,93,93,92,92,91,91,90,90,89,89,88,88,87,87,86,86,85,85,84,84,83,83,82,82,81,81,80,80,79,79,78,78,77,77,76,76,75,75,74,74,73,73,72,72,71,71,70,70,69,69,68,68,67,67,66,66,65,65,64,64,63,63,62,62,61,61,60,60,59,59,58,58,57,57,56,56,55,55,54,54,53,53,52,52,51,51,50,50,49,49,48,48,47,47,46,46,45,45,44,44,43,43,42,42,41,41,40,40,39],"height":282,"name":"Rear TEntacle L Copy","bonePose":[19,0.46236775104099154,-0.8866882557005566,0.8866882557005566,0.46236775104099154,-71.71509983391432,-298.8305266965303,21,-0.14331989305506965,-0.9896764159333512,0.9896764159333512,-0.14331989305506965,-26.83768591787568,-384.8924887948263,15,-0.8085037469918761,-0.5884910289036668,0.5884910289036668,-0.8085037469918761,-44.30960508106348,-253.21801353016917],"userEdges":[30,111,111,112,112,113,32,114,114,115,115,116,116,117,117,118,118,119,119,120,120,121,121,122,122,123,123,124,124,125,125,126,126,127,127,128,128,129,129,130,130,19,132,133,133,134,134,136,136,137,137,138,138,139,135,140,140,136,139,140,98,141,141,142,142,143,143,144,144,109,156,157,157,158,158,159,159,160,160,161,161,162,162,156,0,163,163,156,163,164,164,165,165,166,166,167,167,168,168,169,169,170,170,171,171,172,172,173,174,175,175,176,177,178,178,72,176,179,179,180,180,181,181,182,79,97,182,183,183,184,185,150,150,151,151,152,152,153,153,154,154,155,155,173,186,187,187,188,188,189,189,190,64,191,191,192,192,193,193,194,194,195,195,196,196,197,197,198,198,199,199,200,200,201,201,202,202,178,131,203,203,132,203,204,204,134]}],"name":"Rear TEntacle L Copy"},{"display":[{"slotPose":[1,0,0,1,0,0],"vertices":[25.45,-299.63,35.56,-313.08,59.12,-325.94,70.05,-326,75.4,-325.36,86.52,-330.11,98.28,-340,99.1,-352.27,97.47,-361.63,92.74,-368.96,78.64,-378.68,68.27,-395.34,75.29,-414.9,97.17,-446.26,123.75,-475.42,136.83,-487.32,161.49,-503.53,184.17,-513.26,208.68,-516.21,227.93,-516.33,243.46,-508.14,249.38,-496.32,253.41,-483.55,256.53,-465.08,252.09,-441.66,246.8,-427.89,231.43,-410.57,218.36,-403.38,192.62,-400.53,206.6,-413.26,218.34,-430.08,219.36,-445.58,215.64,-459.46,203.28,-464.59,188.48,-455.49,165.4,-432.51,141.68,-410.24,128.52,-392.3,138.6,-372.61,145.35,-379.93,165.46,-398.38,184.08,-402.13,179.87,-366.71,198.93,-376.62,229.51,-387.56,253.67,-391.18,242.18,-358.09,219.57,-335.04,230.64,-334.53,234.3,-329.34,216.7,-314.22,201.59,-304.2,193.12,-293.39,187.65,-284.2,194.61,-282.5,211.31,-289.87,230.97,-303.9,241.19,-312.97,245.39,-323.27,246.91,-334.03,245.64,-346.27,243.39,-352.74,253.04,-351.21,265.22,-335.65,265.38,-309.27,264.32,-290.95,254.25,-272.25,239.63,-259.35,214.75,-246.56,191.39,-242,170.24,-238.7,140.53,-239.47,127.54,-244.44,128.92,-252.82,99.25,-232.03,76.55,-224.39,62.16,-224.3,57.68,-234.62,53.9,-256.88,34.87,-263.87,25.65,-273.3,25.52,-286.89,145.77,-279.72,166.53,-298.34,205.01,-324.97,124.28,-300.48,105.97,-311.16,110.45,-324.38,124.34,-330.47,150.39,-348.16,169.03,-360.03,76.47,-270.34,78.88,-307.37,113.69,-343.58,119.58,-360.91,114.95,-374.07,96.82,-393.64,111.3,-419.41,136.3,-450.05,153.98,-464.8,175.72,-480.3,202.04,-492.7,230.63,-488.8,239.75,-449.49,228.62,-425.42,219.68,-415.21,255.5,-333.6,253.41,-306.51,246.48,-286.73,220.37,-267.68,197.85,-261.33,165.96,-265.36,156.03,-320.3,186.11,-335.71,226.56,-362.18,204.06,-351.9,112.15,-283.55,62.19,-290.3,45.23,-296.67,81.97,-239.09,98.79,-254.98,90.97,-290.41,72.83,-301.92,55.86,-309.71,47.88,-280.05],"path":"Rear Tentacle R Copy","width":240,"weights":[1,13,1,1,13,1,2,13,0.99764,18,0.00236,2,13,0.98551,18,0.01449,2,13,0.96901,18,0.03099,2,13,0.85434,18,0.14566,2,13,0.43082,18,0.56918,2,13,0.08795,18,0.91205,2,13,0.00733,18,0.99267,1,18,1,1,18,1,2,18,0.92948,20,0.07052,2,18,0.62121,20,0.37879,2,18,0.00106,20,0.99894,1,20,1,1,20,1,1,20,1,1,20,1,1,20,1,1,20,1,1,20,1,1,20,1,1,20,1,1,20,1,1,20,1,1,20,1,1,20,1,1,20,1,1,20,1,1,20,1,1,20,1,1,20,1,1,20,1,1,20,1,1,20,1,1,20,1,2,18,0.09935,20,0.90065,3,13,0.00806,18,0.72186,20,0.27008,3,13,0.27975,18,0.71581,20,0.00444,2,13,0.54502,18,0.45498,2,13,0.78228,18,0.21772,2,13,0.80758,18,0.19242,2,13,0.93112,18,0.06888,2,13,0.99759,18,0.00241,1,13,1,1,13,1,1,13,1,1,13,1,1,13,1,1,13,1,1,13,1,1,13,1,1,13,1,1,13,1,1,13,1,1,13,1,1,13,1,1,13,1,1,13,1,1,13,1,1,13,1,1,13,1,1,13,1,1,13,1,1,13,1,1,13,1,1,13,1,1,13,1,1,13,1,1,13,1,1,13,1,1,13,1,1,13,1,1,13,1,1,13,1,1,13,1,1,13,1,1,13,1,1,13,1,1,13,1,1,13,1,1,13,1,1,13,1,1,13,1,1,13,1,1,13,1,1,13,1,2,13,0.81256,18,0.18744,2,13,0.65014,18,0.34986,2,13,0.74191,18,0.25809,2,13,0.89162,18,0.10838,1,13,1,2,13,0.99587,18,0.00413,2,13,0.13634,18,0.86366,3,13,0.00115,18,0.99884,20,0.00001,3,13,0.00041,18,0.99912,20,0.00047,1,18,1,1,20,1,1,20,1,1,20,1,1,20,1,1,20,1,1,20,1,1,20,1,1,20,1,1,20,1,1,13,1,1,13,1,1,13,1,1,13,1,1,13,1,1,13,1,1,13,1,1,13,1,1,13,1,1,13,1,1,13,1,1,13,1,1,13,1,1,13,1,1,13,1,1,13,1,2,13,0.99964,18,0.00036,1,13,1,1,13,1],"uvs":[0.00066,0.74032,0.0425,0.69435,0.14099,0.65067,0.18652,0.65067,0.20882,0.65296,0.25528,0.63687,0.30452,0.60315,0.30824,0.56101,0.30174,0.52882,0.28223,0.50353,0.22369,0.46981,0.18095,0.41234,0.21068,0.34527,0.30267,0.23798,0.41417,0.13836,0.46899,0.09774,0.57212,0.04257,0.6669,0.00962,0.76911,0,0.84927,0,0.91379,0.0285,0.93815,0.06922,0.95461,0.1132,0.96711,0.17672,0.94802,0.25708,0.92564,0.30432,0.86112,0.3635,0.80648,0.38793,0.69917,0.39716,0.75776,0.35373,0.80714,0.29617,0.81175,0.24296,0.79661,0.19518,0.74526,0.17727,0.68337,0.20822,0.58659,0.28671,0.48718,0.36272,0.43188,0.42408,0.47336,0.49194,0.50166,0.46697,0.60173,0.40453,0.66361,0.3915,0.64518,0.51312,0.72484,0.47946,0.85256,0.44254,0.95328,0.43059,0.90456,0.54407,0.80976,0.6228,0.85585,0.62478,0.87099,0.6427,0.79726,0.69428,0.73403,0.72839,0.69848,0.76531,0.67544,0.7968,0.7044,0.80278,0.77419,0.7778,0.85648,0.73002,0.89927,0.69907,0.91704,0.66378,0.92363,0.62686,0.91869,0.58474,0.90947,0.56248,0.94963,0.56791,0.99342,0.62492,1,0.71234,0.99505,0.77524,0.95264,0.83931,0.89141,0.88328,0.7874,0.92672,0.68996,0.94192,0.60175,0.95278,0.47798,0.94953,0.424,0.93215,0.42992,0.90337,0.30577,0.97418,0.21097,1,0.15107,1,0.13263,0.9644,0.11749,0.88785,0.03838,0.86341,0.0002,0.83084,0,0.78414,0.50083,0.81129,0.58783,0.74779,0.74883,0.65707,0.41183,0.73954,0.33583,0.70243,0.35483,0.65707,0.41283,0.63645,0.52183,0.57624,0.59983,0.53583,0.21183,0.84206,0.22283,0.71487,0.36883,0.59116,0.39383,0.53178,0.37483,0.48642,0.29983,0.41879,0.36083,0.33055,0.46583,0.2258,0.53983,0.17549,0.63083,0.12271,0.74083,0.08065,0.85983,0.09467,0.89683,0.22993,0.84983,0.3124,0.81229,0.34731,0.95626,0.63005,0.95001,0.72153,0.92063,0.78936,0.81136,0.85429,0.71736,0.87561,0.58458,0.86107,0.54463,0.6721,0.67036,0.61977,0.83956,0.52965,0.74556,0.56454,0.36085,0.79743,0.15287,0.7732,0.08237,0.75091,0.23395,0.94957,0.30445,0.89531,0.27277,0.77344,0.19752,0.73347,0.12702,0.70634,0.09295,0.80809],"type":"mesh","transform":{},"triangles":[108,66,65,62,106,63,106,58,64,58,107,64,107,65,64,63,106,64,103,24,23,107,108,65,58,57,107,44,46,45,62,60,106,60,59,106,22,102,23,102,103,23,56,108,107,21,102,22,59,58,106,102,32,103,44,114,46,57,56,107,108,67,66,61,60,62,103,25,24,109,67,108,103,104,25,104,26,25,20,102,21,56,55,108,55,109,108,31,104,103,19,102,20,32,31,103,31,30,104,109,68,67,33,32,102,19,18,102,18,101,102,104,105,26,48,47,49,47,50,49,115,47,114,43,114,44,101,33,102,105,27,26,30,105,104,43,115,114,84,50,47,55,54,109,54,110,109,110,68,109,29,27,105,30,29,105,115,84,47,29,28,27,84,51,50,115,113,84,110,69,68,17,101,18,101,100,33,43,42,115,100,34,33,42,113,115,17,100,101,83,52,51,54,53,110,40,42,41,42,90,113,112,83,113,111,69,110,53,111,110,16,100,17,111,70,69,83,53,52,100,99,34,99,35,34,83,111,53,90,89,113,89,112,113,39,90,42,40,39,42,82,111,83,16,15,100,15,99,100,99,98,35,38,89,90,39,38,90,111,71,70,73,71,111,112,85,83,85,82,83,82,73,111,98,36,35,15,14,99,89,88,112,88,85,112,14,98,99,98,97,36,38,94,89,94,88,89,94,93,88,73,72,71,97,37,36,37,95,38,13,97,98,95,94,38,14,13,98,88,87,85,87,86,85,116,120,73,96,95,37,97,96,37,93,87,88,86,116,85,7,93,94,95,8,94,8,7,94,86,121,116,6,87,93,9,8,95,96,9,95,121,120,116,7,6,93,121,91,120,12,96,97,13,12,97,6,5,87,120,119,74,92,121,86,10,9,96,119,75,74,91,119,120,12,11,96,11,10,96,4,92,5,92,122,121,117,91,121,122,117,121,91,78,119,4,3,92,77,75,119,78,77,119,77,76,75,123,122,92,3,123,92,117,124,91,124,78,91,2,123,3,123,117,122,123,118,117,118,124,117,124,79,78,1,123,2,1,118,123,80,79,124,118,81,124,81,80,124,1,0,118,0,81,118,74,120,73,47,114,46,51,83,84,83,113,84,116,85,73,85,73,82,5,87,92,92,86,87],"edges":[81,80,80,79,79,78,78,77,77,76,76,75,75,74,74,73,73,72,72,71,71,70,70,69,69,68,68,67,67,66,66,65,65,64,64,63,63,62,62,61,61,60,60,59,59,58,58,57,57,56,56,55,55,54,54,53,53,52,52,51,51,50,50,49,49,48,48,47,47,46,46,45,45,44,44,43,43,42,42,41,41,40,40,39,39,38,38,37,37,36,36,35,35,34,34,33,33,32,32,31,31,30,30,29,29,28,28,27,27,26,26,25,25,24,24,23,23,22,22,21,21,20,20,19,19,18,18,17,17,16,16,15,15,14,14,13,13,12,12,11,11,10,10,9,9,8,8,7,7,6,6,5,5,4,4,3,3,2,2,1,1,0,0,81],"height":291,"name":"Rear Tentacle R Copy","bonePose":[13,0.8933713883278376,-0.4493189986158967,0.4493189986158967,0.8933713883278376,54.393049200263306,-286.2161670818587,18,-0.33972302236859536,-0.940525527602918,0.940525527602918,-0.33972302236859536,126.23714131807424,-341.69244063882627,20,0.7763765217532661,-0.6302693840496305,0.6302693840496305,0.7763765217532661,102.830225076878,-406.4946494906673],"userEdges":[73,82,82,83,83,84,84,47,85,86,86,87,87,88,88,89,89,90,90,42,85,73,87,92,86,121,121,91]}],"name":"Rear Tentacle R Copy"},{"display":[{"path":"Layer 56","type":"image","name":"Layer 56","transform":{"y":1.84,"x":2.66}}],"name":"Layer 56"}]}]}]}