{"SubTexture":[{"frameY":-1,"y":318,"frameWidth":220,"frameX":-1,"frameHeight":16,"width":218,"height":14,"name":"shadow","x":118},{"width":92,"y":194,"height":124,"name":"hair back","x":406},{"width":79,"y":242,"height":74,"name":"head","x":118},{"width":46,"y":1,"height":92,"name":"Left Arm","x":462},{"width":291,"y":1,"height":239,"name":"Spear","x":1},{"width":166,"y":1,"height":191,"name":"TAil","x":294},{"width":57,"y":242,"height":129,"name":"Body","x":1},{"frameY":-1,"y":242,"frameWidth":58,"frameX":-1,"frameHeight":109,"width":56,"height":107,"name":"Right Arm","x":60},{"frameY":-1,"y":194,"frameWidth":112,"frameX":-1,"frameHeight":119,"width":110,"height":117,"name":"Shield","x":294}],"width":512,"height":512,"name":"MermaidWarrior","imagePath":"MermaidWarrior_tex.png"}