{"armature":[{"slot":[{"name":"shadow","parent":"Shadow","color":{}},{"z":1,"name":"hair back","parent":"Back Hair","color":{}},{"z":2,"name":"head","parent":"Head","color":{}},{"z":3,"name":"Left Arm","parent":"Spear Arm","color":{}},{"z":4,"name":"Spear","parent":"Spear","color":{}},{"z":5,"name":"TAil","parent":"Tail","color":{}},{"z":6,"name":"Body","parent":"Chest","color":{}},{"z":7,"name":"Right Arm","parent":"Shield Arm","color":{}},{"z":8,"name":"Shield","parent":"Shield","color":{}}],"type":"Armature","name":"MermaidWarrior","aabb":{"width":323.8357981146461,"y":-368.00144049975216,"height":365.00144049975216,"x":-189.83465900118455},"animation":[{"slot":[],"frame":[],"duration":30,"bone":[{"frame":[{"duration":30,"transform":{}},{"duration":0,"transform":{}}],"name":"root"},{"frame":[{"duration":5,"transform":{},"curve":[0.29,0,0.629,0.38]},{"duration":5,"transform":{"scX":0.86},"curve":[0.311,0.25,0.649,0.6]},{"duration":20,"transform":{"scX":1.13},"curve":[0.351,0.4,0.757,1]},{"duration":0,"transform":{}}],"name":"Shadow"},{"frame":[{"duration":5,"transform":{},"curve":[0.25,0,0.75,1]},{"duration":5,"transform":{"y":-33.78,"x":81.16},"curve":[0.25,0,0.75,1]},{"duration":19,"transform":{"y":37.5,"x":-156.91},"curve":[0.271,0,0.167,0.91]},{"duration":1,"transform":{"y":0.23,"x":-0.26},"curve":[0.314,0.66,0.647,1]},{"duration":0,"transform":{}}],"name":"Mid"},{"frame":[{"duration":5,"transform":{},"curve":[0.25,0,0.953,0.68]},{"duration":5,"transform":{"skX":12,"skY":12},"curve":[0.25,0,0.75,1]},{"duration":20,"transform":{"skX":-33.6,"skY":-33.6},"curve":[0.25,0,0.136,1]},{"duration":0,"transform":{}}],"name":"Tail"},{"frame":[{"duration":30,"transform":{}},{"duration":0,"transform":{}}],"name":"bone2"},{"frame":[{"duration":30,"transform":{}},{"duration":0,"transform":{}}],"name":"bone3"},{"frame":[{"duration":30,"transform":{}},{"duration":0,"transform":{}}],"name":"bone4"},{"frame":[{"duration":30,"transform":{}},{"duration":0,"transform":{}}],"name":"bone5"},{"frame":[{"duration":30,"transform":{}},{"duration":0,"transform":{}}],"name":"bone6"},{"frame":[{"duration":30,"transform":{}},{"duration":0,"transform":{}}],"name":"bone7"},{"frame":[{"duration":30,"transform":{}},{"duration":0,"transform":{}}],"name":"bone8"},{"frame":[{"duration":5,"transform":{}},{"duration":5,"transform":{},"curve":[0.25,0,0.75,1]},{"duration":20,"transform":{"skX":16.8,"skY":16.8},"curve":[0.25,0,0.136,1]},{"duration":0,"transform":{}}],"name":"bone9"},{"frame":[{"duration":30,"transform":{}},{"duration":0,"transform":{}}],"name":"bone10"},{"frame":[{"duration":30,"transform":{}},{"duration":0,"transform":{}}],"name":"bone11"},{"frame":[{"duration":30,"transform":{}},{"duration":0,"transform":{}}],"name":"bone12"},{"frame":[{"duration":30,"transform":{}},{"duration":0,"transform":{}}],"name":"bone13"},{"frame":[{"duration":30,"transform":{}},{"duration":0,"transform":{}}],"name":"Chest"},{"frame":[{"duration":30,"transform":{}},{"duration":0,"transform":{}}],"name":"Chest Top"},{"frame":[{"duration":5,"transform":{},"curve":[0.25,0,0.75,1]},{"duration":5,"transform":{"y":-1.41,"x":8.27},"curve":[0.25,0,0.75,1]},{"duration":20,"transform":{"y":-0.37,"skX":-12,"skY":-12,"x":2.18},"curve":[0.25,0,0.136,1]},{"duration":0,"transform":{}}],"name":"Shield Arm"},{"frame":[{"duration":5,"transform":{},"curve":[0.25,0,0.75,1]},{"duration":5,"transform":{"y":-15.13,"x":-21.26},"curve":[0.25,0,0.75,1]},{"duration":20,"transform":{"y":-26.14,"x":-13.43},"curve":[0.25,0,0.136,1]},{"duration":0,"transform":{}}],"name":"Shield"},{"frame":[{"duration":5,"transform":{},"curve":[0.25,0,0.75,1]},{"duration":5,"transform":{"y":-5.51,"skX":283.54,"skY":283.54,"x":-0.94},"curve":[0.25,0,0.75,1]},{"duration":20,"transform":{"y":2.11,"skX":405.94,"skY":405.94,"x":0.36},"curve":[0.25,0,0.136,1]},{"duration":0,"transform":{}}],"name":"Spear Arm"},{"frame":[{"duration":5,"transform":{},"curve":[0.25,0,0.75,1]},{"duration":5,"transform":{"skX":110.35,"skY":110.35},"curve":[0.25,0,0.75,1]},{"duration":20,"transform":{"skX":7.15,"skY":7.15},"curve":[0.25,0,0.136,1]},{"duration":0,"transform":{}}],"name":"Spear Arm2"},{"frame":[{"duration":5,"transform":{},"curve":[0.25,0,0.36,0.92]},{"duration":5,"transform":{"skX":-77.9,"skY":-77.9},"curve":[0.25,0,0.701,0.94]},{"duration":20,"transform":{"skX":-99.5,"skY":-99.5},"curve":[0.25,0,0.136,1]},{"duration":0,"transform":{}}],"name":"Spear"},{"frame":[{"duration":5,"transform":{}},{"duration":5,"transform":{},"curve":[0.25,0,0.75,1]},{"duration":20,"transform":{"skX":-8.4,"skY":-8.4},"curve":[0.25,0,0.136,1]},{"duration":0,"transform":{}}],"name":"Head"},{"frame":[{"duration":5,"transform":{},"curve":[0.25,0,0.75,1]},{"duration":5,"transform":{"skX":367.2,"skY":367.2},"curve":[0.25,0,0.75,1]},{"duration":20,"transform":{"skX":337.2,"skY":337.2},"curve":[0.25,0,0.136,1]},{"duration":0,"transform":{}}],"name":"Back Hair"},{"frame":[{"duration":30,"transform":{}},{"duration":0,"transform":{}}],"name":"bone"},{"frame":[{"duration":30,"transform":{}},{"duration":0,"transform":{}}],"name":"bone14"},{"frame":[{"duration":30,"transform":{}},{"duration":0,"transform":{}}],"name":"bone15"}],"ffd":[],"name":"Attack"},{"slot":[],"frame":[],"duration":15,"bone":[{"frame":[{"duration":15,"transform":{}},{"duration":0,"transform":{}}],"name":"root"},{"frame":[{"duration":5,"transform":{},"curve":[0.229,0,0.602,0.4]},{"duration":10,"transform":{"scX":1.1},"curve":[0.455,0.27,0.968,0.72]},{"duration":0,"transform":{}}],"name":"Shadow"},{"frame":[{"duration":5,"transform":{},"curve":[0.25,0,0.969,0.66]},{"duration":10,"transform":{"y":29.79,"x":34.66},"curve":[0.25,0,0,1]},{"duration":0,"transform":{}}],"name":"Mid"},{"frame":[{"duration":5,"transform":{},"curve":[0.25,0,0.969,0.66]},{"duration":10,"transform":{"skX":15.6,"skY":15.6},"curve":[0.25,0,0,1]},{"duration":0,"transform":{}}],"name":"Tail"},{"frame":[{"duration":15,"transform":{}},{"duration":0,"transform":{}}],"name":"bone2"},{"frame":[{"duration":15,"transform":{}},{"duration":0,"transform":{}}],"name":"bone3"},{"frame":[{"duration":15,"transform":{}},{"duration":0,"transform":{}}],"name":"bone4"},{"frame":[{"duration":15,"transform":{}},{"duration":0,"transform":{}}],"name":"bone5"},{"frame":[{"duration":15,"transform":{}},{"duration":0,"transform":{}}],"name":"bone6"},{"frame":[{"duration":15,"transform":{}},{"duration":0,"transform":{}}],"name":"bone7"},{"frame":[{"duration":5,"transform":{},"curve":[0.229,0,0.602,0.4]},{"duration":10,"transform":{"skX":-10.8,"skY":-10.8},"curve":[0.455,0.27,0.968,0.72]},{"duration":0,"transform":{}}],"name":"bone8"},{"frame":[{"duration":5,"transform":{},"curve":[0.229,0,0.602,0.4]},{"duration":10,"transform":{"skX":-8.4,"skY":-8.4},"curve":[0.455,0.27,0.968,0.72]},{"duration":0,"transform":{}}],"name":"bone9"},{"frame":[{"duration":15,"transform":{}},{"duration":0,"transform":{}}],"name":"bone10"},{"frame":[{"duration":15,"transform":{}},{"duration":0,"transform":{}}],"name":"bone11"},{"frame":[{"duration":15,"transform":{}},{"duration":0,"transform":{}}],"name":"bone12"},{"frame":[{"duration":15,"transform":{}},{"duration":0,"transform":{}}],"name":"bone13"},{"frame":[{"duration":15,"transform":{}},{"duration":0,"transform":{}}],"name":"Chest"},{"frame":[{"duration":5,"transform":{},"curve":[0.25,0,0.969,0.66]},{"duration":10,"transform":{"skX":2.4,"skY":2.4},"curve":[0.25,0,0,1]},{"duration":0,"transform":{}}],"name":"Chest Top"},{"frame":[{"duration":5,"transform":{},"curve":[0.229,0,0.602,0.4]},{"duration":10,"transform":{"skX":-24,"skY":-24},"curve":[0.455,0.27,0.968,0.72]},{"duration":0,"transform":{}}],"name":"Shield Arm"},{"frame":[{"duration":15,"transform":{}},{"duration":0,"transform":{}}],"name":"Shield"},{"frame":[{"duration":5,"transform":{},"curve":[0.229,0,0.602,0.4]},{"duration":10,"transform":{"y":-0.42,"skX":368.4,"skY":368.4,"x":1.94},"curve":[0.455,0.27,0.968,0.72]},{"duration":0,"transform":{}}],"name":"Spear Arm"},{"frame":[{"duration":15,"transform":{}},{"duration":0,"transform":{}}],"name":"Spear Arm2"},{"frame":[{"duration":15,"transform":{}},{"duration":0,"transform":{}}],"name":"Spear"},{"frame":[{"duration":15,"transform":{}},{"duration":0,"transform":{}}],"name":"Head"},{"frame":[{"duration":15,"transform":{}},{"duration":0,"transform":{}}],"name":"Back Hair"},{"frame":[{"duration":15,"transform":{}},{"duration":0,"transform":{}}],"name":"bone"},{"frame":[{"duration":15,"transform":{}},{"duration":0,"transform":{}}],"name":"bone14"},{"frame":[{"duration":15,"transform":{}},{"duration":0,"transform":{}}],"name":"bone15"}],"ffd":[{"slot":"head","frame":[{"offset":0,"duration":5,"vertices":[],"curve":[0.25,0,0.969,0.66]},{"offset":96,"duration":10,"vertices":[-4.09,-0.31,-6.92,-1.81,-4.4,-2.62,-3.81,-2.05,0,0,0,0,0,0,0,0,0,0,0,0,1.99,0.06,1.85,-0.19],"curve":[0.25,0,0,1]},{"tweenEasing":null,"offset":0,"duration":0,"vertices":[]}],"scale":1,"skin":"","offset":0,"name":"head"}],"name":"Damage"},{"slot":[],"frame":[],"duration":60,"bone":[{"frame":[{"duration":30,"transform":{},"curve":[0.25,0,0.75,1]},{"duration":30,"transform":{"y":-10.04},"curve":[0.25,0,0.487,0.91]},{"duration":0,"transform":{}}],"name":"Mid"},{"frame":[{"duration":30,"transform":{},"curve":[0.25,0,0.75,1]},{"duration":30,"transform":{"skX":354,"skY":354},"curve":[0.25,0,0.487,0.91]},{"duration":0,"transform":{}}],"name":"Back Hair"},{"frame":[{"duration":30,"transform":{},"curve":[0.25,0,0.75,1]},{"duration":30,"transform":{"skX":9.6,"skY":9.6},"curve":[0.25,0,0.487,0.91]},{"duration":0,"transform":{}}],"name":"Tail"},{"frame":[{"duration":30,"transform":{},"curve":[0.25,0,0.75,1]},{"duration":30,"transform":{"skX":19.2,"skY":19.2},"curve":[0.25,0,0.487,0.91]},{"duration":0,"transform":{}}],"name":"bone10"},{"frame":[{"duration":30,"transform":{},"curve":[0.25,0,0.75,1]},{"duration":30,"transform":{"skX":354,"skY":354},"curve":[0.25,0,0.487,0.91]},{"duration":0,"transform":{}}],"name":"Spear Arm"},{"frame":[{"duration":30,"transform":{},"curve":[0.25,0,0.75,1]},{"duration":30,"transform":{"skX":-372,"skY":-372},"curve":[0.25,0,0.487,0.91]},{"duration":0,"transform":{}}],"name":"Spear"},{"frame":[{"duration":30,"transform":{},"curve":[0.25,0,0.75,1]},{"duration":30,"transform":{"skX":-4.8,"skY":-4.8},"curve":[0.25,0,0.487,0.91]},{"duration":0,"transform":{}}],"name":"Shield Arm"},{"frame":[{"duration":30,"transform":{},"curve":[0,0,1,1]},{"duration":30,"transform":{"scX":0.86,"scY":0.92},"curve":[0,0,1,1]},{"duration":0,"transform":{}}],"name":"Shadow"},{"frame":[{"duration":60,"transform":{}}],"name":"root"},{"frame":[{"duration":60,"transform":{}}],"name":"Chest"},{"frame":[{"duration":60,"transform":{}}],"name":"Chest Top"},{"frame":[{"duration":60,"transform":{}}],"name":"bone2"},{"frame":[{"duration":60,"transform":{}}],"name":"Head"},{"frame":[{"duration":60,"transform":{}}],"name":"bone3"},{"frame":[{"duration":60,"transform":{}}],"name":"Shield"},{"frame":[{"duration":60,"transform":{}}],"name":"Spear Arm2"},{"frame":[{"duration":60,"transform":{}}],"name":"bone4"},{"frame":[{"duration":60,"transform":{}}],"name":"bone"},{"frame":[{"duration":60,"transform":{}}],"name":"bone5"},{"frame":[{"duration":60,"transform":{}}],"name":"bone15"},{"frame":[{"duration":60,"transform":{}}],"name":"bone14"},{"frame":[{"duration":60,"transform":{}}],"name":"bone6"},{"frame":[{"duration":60,"transform":{}}],"name":"bone7"},{"frame":[{"duration":60,"transform":{}}],"name":"bone8"},{"frame":[{"duration":60,"transform":{}}],"name":"bone9"},{"frame":[{"duration":60,"transform":{}}],"name":"bone13"},{"frame":[{"duration":60,"transform":{}}],"name":"bone12"},{"frame":[{"duration":60,"transform":{}}],"name":"bone11"}],"ffd":[],"name":"Idle"},{"slot":[],"frame":[],"duration":30,"bone":[{"frame":[{"duration":30,"transform":{}},{"duration":0,"transform":{}}],"name":"root"},{"frame":[{"duration":30,"transform":{}},{"duration":0,"transform":{}}],"name":"Shadow"},{"frame":[{"duration":10,"transform":{},"curve":[0.25,0,0.75,1]},{"duration":5,"transform":{"y":-70.48,"x":113.03},"curve":[0.804,0,1,0.45]},{"duration":15,"transform":{"y":-48.57,"x":80.49},"curve":[0.25,0,0.75,1]},{"duration":0,"transform":{}}],"name":"Mid"},{"frame":[{"duration":10,"transform":{},"curve":[0.25,0,0.75,1]},{"duration":20,"transform":{"skX":14.4,"skY":14.4},"curve":[0.804,0,1,0.45]},{"duration":0,"transform":{}}],"name":"Tail"},{"frame":[{"duration":10,"transform":{}},{"duration":20,"transform":{}},{"duration":0,"transform":{}}],"name":"bone2"},{"frame":[{"duration":10,"transform":{}},{"duration":20,"transform":{}},{"duration":0,"transform":{}}],"name":"bone3"},{"frame":[{"duration":10,"transform":{}},{"duration":20,"transform":{}},{"duration":0,"transform":{}}],"name":"bone4"},{"frame":[{"duration":10,"transform":{},"curve":[0.25,0,0.75,1]},{"duration":20,"transform":{"skX":12,"skY":12},"curve":[0.804,0,1,0.45]},{"duration":0,"transform":{}}],"name":"bone5"},{"frame":[{"duration":10,"transform":{},"curve":[0.25,0,0.75,1]},{"duration":5,"transform":{"skX":14.4,"skY":14.4},"curve":[0.804,0,1,0.45]},{"duration":15,"transform":{"skX":-4.8,"skY":-4.8},"curve":[0.25,0,0.75,1]},{"duration":0,"transform":{}}],"name":"bone6"},{"frame":[{"duration":10,"transform":{},"curve":[0.25,0,0.75,1]},{"duration":20,"transform":{"skX":7.2,"skY":7.2},"curve":[0.804,0,1,0.45]},{"duration":0,"transform":{}}],"name":"bone7"},{"frame":[{"duration":10,"transform":{}},{"duration":20,"transform":{}},{"duration":0,"transform":{}}],"name":"bone8"},{"frame":[{"duration":10,"transform":{},"curve":[0.25,0,0.75,1]},{"duration":20,"transform":{"skX":14.4,"skY":14.4},"curve":[0.804,0,1,0.45]},{"duration":0,"transform":{}}],"name":"bone9"},{"frame":[{"duration":10,"transform":{}},{"duration":20,"transform":{}},{"duration":0,"transform":{}}],"name":"bone10"},{"frame":[{"duration":10,"transform":{}},{"duration":20,"transform":{}},{"duration":0,"transform":{}}],"name":"bone11"},{"frame":[{"duration":10,"transform":{}},{"duration":20,"transform":{}},{"duration":0,"transform":{}}],"name":"bone12"},{"frame":[{"duration":10,"transform":{}},{"duration":20,"transform":{}},{"duration":0,"transform":{}}],"name":"bone13"},{"frame":[{"duration":10,"transform":{}},{"duration":5,"transform":{},"curve":[0.804,0,1,0.45]},{"duration":15,"transform":{"skX":3.6,"skY":3.6},"curve":[0.25,0,0.75,1]},{"duration":0,"transform":{}}],"name":"Chest"},{"frame":[{"duration":10,"transform":{}},{"duration":5,"transform":{},"curve":[0.804,0,1,0.45]},{"duration":15,"transform":{"skX":-10.8,"skY":-10.8},"curve":[0.25,0,0.75,1]},{"duration":0,"transform":{}}],"name":"Chest Top"},{"frame":[{"duration":10,"transform":{}},{"duration":5,"transform":{},"curve":[0.804,0,1,0.45]},{"duration":15,"transform":{"skX":-19.2,"skY":-19.2},"curve":[0.25,0,0.75,1]},{"duration":0,"transform":{}}],"name":"Shield Arm"},{"frame":[{"duration":10,"transform":{}},{"duration":20,"transform":{}},{"duration":0,"transform":{}}],"name":"Shield"},{"frame":[{"duration":10,"transform":{},"curve":[0.25,0,0.75,1]},{"duration":5,"transform":{"skX":90,"skY":90},"curve":[0.804,0,1,0.45]},{"duration":15,"transform":{"skX":360,"skY":360},"curve":[0.25,0,0.75,1]},{"duration":0,"transform":{}}],"name":"Spear Arm"},{"frame":[{"duration":10,"transform":{}},{"duration":20,"transform":{}},{"duration":0,"transform":{}}],"name":"Spear Arm2"},{"frame":[{"duration":2,"transform":{},"curve":[0.25,0,0.75,1]},{"duration":2,"transform":{"skX":-119.38,"skY":-119.38},"curve":[0.25,0,0.75,1]},{"duration":2,"transform":{"skX":-181.05,"skY":-181.05},"curve":[0,0,1,1]},{"duration":2,"transform":{"skX":-250.63,"skY":-250.63},"curve":[0.25,0,0.75,1]},{"duration":2,"transform":{"skX":-6.36,"skY":-6.36},"curve":[0.25,0,0.75,1]},{"duration":20,"transform":{"skX":-85.18,"skY":-85.18},"curve":[0.804,0,1,0.45]},{"duration":0,"transform":{}}],"name":"Spear"},{"frame":[{"duration":10,"transform":{}},{"duration":5,"transform":{},"curve":[0.804,0,1,0.45]},{"duration":15,"transform":{"skX":13.2,"skY":13.2},"curve":[0.25,0,0.75,1]},{"duration":0,"transform":{}}],"name":"Head"},{"frame":[{"duration":10,"transform":{}},{"duration":5,"transform":{},"curve":[0.804,0,1,0.45]},{"duration":15,"transform":{"skX":346.8,"skY":346.8},"curve":[0.25,0,0.75,1]},{"duration":0,"transform":{}}],"name":"Back Hair"},{"frame":[{"duration":10,"transform":{}},{"duration":20,"transform":{}},{"duration":0,"transform":{}}],"name":"bone"},{"frame":[{"duration":10,"transform":{}},{"duration":20,"transform":{}},{"duration":0,"transform":{}}],"name":"bone14"},{"frame":[{"duration":10,"transform":{}},{"duration":20,"transform":{}},{"duration":0,"transform":{}}],"name":"bone15"}],"ffd":[],"name":"Skill"}],"ik":[],"skin":[{"name":"","slot":[{"display":[{"path":"shadow","type":"image","name":"shadow","transform":{"y":3.14,"x":9.65}}],"name":"shadow"},{"display":[{"slotPose":[1,0,0,1,0,0],"triangles":[53,25,26,48,53,26,25,53,24,53,41,24,41,58,24,24,58,23,58,22,23,30,43,29,48,26,27,43,48,27,43,27,28,29,43,28,31,32,43,43,55,48,48,38,53,31,43,30,46,21,22,58,46,22,38,41,53,32,56,43,46,20,21,38,52,41,41,57,58,56,55,43,55,38,48,46,44,20,57,46,58,44,19,20,44,16,18,56,36,55,55,51,38,44,18,19,52,57,41,57,44,46,52,35,57,51,52,38,35,44,57,33,56,32,36,45,55,45,51,55,51,39,52,33,36,56,35,54,44,39,35,52,16,17,18,54,42,44,33,45,36,34,45,33,39,49,35,45,59,51,42,16,44,59,39,51,42,13,15,42,15,16,40,54,35,49,40,35,34,0,45,0,1,45,59,61,39,1,59,45,61,49,39,1,61,59,1,2,61,37,13,42,13,14,15,37,42,54,40,37,54,37,62,13,61,3,49,60,40,49,50,37,40,3,60,49,2,3,61,60,50,40,62,11,13,11,12,13,47,62,37,50,47,37,3,4,60,4,50,60,47,10,62,5,47,50,10,11,62,47,7,10,4,5,50,6,7,47,5,6,47,7,8,10,10,8,9],"vertices":[-31.23,-313.23,-31.02,-303.05,-36.33,-292.77,-41.63,-282.49,-50.53,-271.04,-59.43,-259.59,-61.03,-249.95,-62.62,-240.31,-59.87,-223.77,-52.23,-214.87,-51.38,-230.55,-46.51,-224.19,-43.54,-218.68,-32.52,-226.09,-32.3,-217.2,-23.29,-221.64,-14.28,-226.09,-14.29,-217.4,-5.7,-221.85,2.89,-226.3,7.03,-234.04,11.16,-241.78,15.29,-249.51,19.43,-257.26,19.43,-268.49,19.42,-279.73,19.42,-294.67,19.42,-309.62,19.43,-319.69,19.42,-329.75,13.49,-336.99,3.74,-336.99,-3.04,-331.25,-15.97,-323.72,-28.9,-316.2,-14.34,-260.92,-8.51,-309.31,-37.1,-244.33,0.81,-286.63,-17.71,-281.82,-32.66,-262.2,3.15,-268.03,-26.13,-243.94,8.09,-316.86,-9.95,-241.27,-16.89,-303.45,2.06,-249.24,-51.17,-247.15,9.77,-299.47,-28.53,-276.04,-45.4,-261.11,-9.97,-291.76,-7.61,-277.79,12,-282.84,-24.79,-254.78,-0.6,-303.53,-3.97,-316.96,-3,-259.11,8.7,-257.32,-21,-293.69,-39.75,-270.58,-29.37,-288.32,-43.7,-231.84],"path":"hair back","userEdges":[],"uvs":[0.44929,0.19171,0.4516,0.27377,0.39399,0.35669,0.33638,0.43961,0.2396,0.53193,0.14281,0.62425,0.12553,0.70204,0.10825,0.77984,0.1382,0.91319,0.22116,0.985,0.23038,0.85848,0.28338,0.90977,0.31564,0.95422,0.43547,0.89438,0.43777,0.96619,0.5357,0.93029,0.63364,0.89438,0.63364,0.96448,0.72697,0.92858,0.82029,0.89267,0.86522,0.83027,0.91015,0.76787,0.95507,0.70546,1,0.64306,1,0.55245,1,0.46184,1,0.3413,1,0.22077,1,0.13956,1,0.05835,0.93551,0,0.82951,0,0.75577,0.04638,0.6152,0.10708,0.47464,0.16777,0.63305,0.61355,0.69632,0.22325,0.38569,0.74735,0.79756,0.40615,0.59641,0.44497,0.43384,0.60324,0.82308,0.55614,0.50487,0.7505,0.87671,0.16237,0.6807,0.77193,0.60525,0.27057,0.81128,0.70769,0.23271,0.72459,0.89509,0.30261,0.4787,0.49162,0.29536,0.61202,0.68045,0.36482,0.70621,0.47747,0.91929,0.43675,0.51947,0.66303,0.7824,0.26992,0.74574,0.16157,0.75626,0.62817,0.88343,0.64251,0.56064,0.34922,0.35677,0.53571,0.4696,0.39254,0.31396,0.84814],"type":"mesh","transform":{},"edges":[7,8,8,9,9,10,10,11,11,12,12,13,13,14,14,15,15,16,16,17,17,18,18,19,19,20,20,21,21,22,22,23,23,24,24,25,25,26,26,27,27,28,28,29,29,30,30,31,31,32,32,33,33,34,34,0,0,1,1,2,2,3,3,4,4,5,5,6,6,7],"width":92,"weights":[2,18,0.9545,13,0.0455,1,18,1,1,18,1,1,18,1,1,18,1,1,18,1,1,18,1,2,18,0.99798,19,0.00202,2,18,0.98378,19,0.01622,1,18,1,2,18,0.81367,19,0.18633,2,18,0.42053,19,0.57947,2,18,0.34322,19,0.65678,3,18,0.08533,15,0.03161,19,0.88305,3,18,0.00161,15,0.05158,19,0.9468,3,18,0.00007,15,0.11246,19,0.88747,2,15,0.40052,19,0.59948,2,15,0.49818,19,0.50182,2,15,0.56278,19,0.43722,2,15,0.71593,19,0.28407,2,15,0.85304,19,0.14696,2,15,0.97299,19,0.02701,1,15,1,1,15,1,1,15,1,1,15,1,2,15,0.99999,13,0.00001,2,15,0.99989,13,0.00011,2,15,0.9996,13,0.0004,2,15,0.97533,13,0.02467,2,15,0.90703,13,0.09297,2,15,0.76704,13,0.23296,2,15,0.47346,13,0.52654,2,18,0.18022,13,0.81978,2,18,0.90912,13,0.09088,2,15,0.34377,19,0.65623,2,15,0.01006,13,0.98994,2,18,0.36608,19,0.63392,3,15,0.94606,19,0.02395,13,0.03,2,18,0.00527,19,0.99473,2,18,0.60191,19,0.39809,1,15,1,2,15,0.03296,19,0.96704,1,15,1,2,15,0.57871,19,0.42129,1,18,1,2,15,0.99352,19,0.00648,1,18,1,2,15,0.99999,13,0.00001,2,18,0.81304,19,0.18696,1,18,1,3,15,0.07991,19,0.55894,13,0.36115,3,15,0.52137,19,0.46215,13,0.01649,1,15,1,2,15,0.01129,19,0.98871,2,15,0.61742,13,0.38258,2,15,0.27174,13,0.72826,2,15,0.95575,19,0.04425,1,15,1,2,18,0.96036,19,0.03964,1,18,1,1,18,1,2,18,0.48603,19,0.51397],"height":124,"name":"hair back","bonePose":[18,-0.5022655331433725,0.864713440520155,-0.864713440520155,-0.5022655331433725,-12.708453263901635,-309.116060983579,13,0.046932110821226225,0.9988980813746036,-0.9988980813746036,0.046932110821226225,-9.488764029537167,-321.1304066267723,19,-0.29737487407778596,0.9547607995027972,-0.9547607995027972,-0.29737487407778596,-11.24694976622584,-302.08690687186106,15,-0.11580398789098711,0.993272085779392,-0.993272085779392,-0.11580398789098711,5.744519258192097,-316.7304884143747]}],"name":"hair back"},{"display":[{"uvs":[0.70712,0.85824,0.55161,0.92777,0.52503,0.84121,0.46921,0.84405,0.48516,0.87243,0.43199,0.88236,0.49712,1,0.39877,1,0.20339,0.94763,0.14092,0.80432,0.10636,0.68513,0.15953,0.49784,0.00269,0.45953,0.08643,0.4127,0.00801,0.19419,0,0.03811,0,0,0.07712,0.14311,0.19408,0.36162,0.26585,0.22824,0.37085,0.08209,0.45326,0,0.4732,0,0.46123,0.0977,0.4094,0.22399,0.37218,0.27507,0.46921,0.2552,0.54497,0.2552,0.63003,0.29493,0.69914,0.25236,0.76959,0.18284,0.91446,0.06649,1,0.01824,0.91978,0.18284,0.7975,0.28926,0.70712,0.36162,0.72706,0.38007,0.92376,0.26372,1,0.23392,1,0.27081,0.79085,0.42973,0.83073,0.5177,0.84667,0.61419,0.69383,0.66811,0.66592,0.67804,0.55807,0.82457,0.60991,0.75099,0.64295,0.69262,0.39872,0.61161,0.43153,0.5594,0.47406,0.5221,0.50808,0.49681,0.52995,0.49,0.53785,0.61648,0.53147,0.6635,0.49259,0.70761,0.44915,0.70242,0.46251,0.69885,0.48803,0.68588,0.51142,0.6674,0.53117,0.6395,0.53998,0.6314,0.4158,0.68051,0.38745,0.61349,0.40669,0.56105,0.44618,0.50322,0.48011,0.47889,0.51251,0.47295,0.53074,0.47511,0.55099,0.51241,0.55606,0.56213,0.53783,0.55619,0.52821,0.51727],"userEdges":[],"type":"mesh","vertices":[-4.48,5.5,-1.23,-7.41,5.16,-5.25,7.63,-8.9,5.2,-9.16,7.13,-12.96,-2.92,-14.06,1.74,-20.28,14.1,-30.3,25.55,-27.89,34.24,-24.78,42.81,-13.1,52.51,-21.31,51.31,-13.94,67.97,-9.2,77.59,-2.77,79.84,-1.08,67.71,-2.56,49.23,-4.87,53.73,5.59,57.4,18.71,58.36,27.56,57.41,28.82,52.2,23.73,47.18,14.85,45.92,10.23,42.49,17.24,38.9,22.03,32.52,25.64,31.76,31.9,32.54,39.44,32.56,53.76,31.36,61.31,25.42,48.93,24.92,36.48,24.92,27.55,22.88,27.99,20.44,45.59,18.59,51.73,16.41,50.09,16.92,29.82,9.82,28.43,3.35,25.16,7.4,13.1,8.14,10.9,4.58,-2.42,6.47,4.12,8.36,8.8,24.74,-3.04,26.27,1.35,26.46,5.7,26.35,8.97,25.71,10.66,17.85,5.54,15.37,3.05,14.6,-1.37,16.97,-3.88,16.55,-2.88,16.11,-0.69,16.09,1.61,16.81,4.09,16.87,5.01,19.85,-5.02,25.16,-3.83,27.35,-0.29,28.9,4.77,28.73,8,27.55,10.31,26.56,11.37,23.39,10.99,20.21,9.1,21.42,8.21,24.18,9.33],"transform":{},"height":74,"path":"head","width":79,"triangles":[31,33,32,37,39,38,31,30,33,30,34,33,41,43,42,40,43,41,29,35,34,30,29,34,70,43,40,69,70,40,36,69,40,44,47,0,47,46,0,70,44,43,68,69,35,29,28,35,35,69,36,28,68,35,46,45,0,45,1,0,53,61,70,61,47,44,70,61,44,27,68,28,54,46,47,61,54,47,67,68,27,26,67,27,55,45,46,54,55,46,55,3,2,26,66,67,59,55,54,60,54,61,68,52,69,72,71,69,55,2,45,69,71,70,71,53,70,45,2,1,52,72,69,25,66,26,49,60,53,71,49,53,60,61,53,50,49,71,50,71,72,49,59,60,59,54,60,51,72,52,68,67,52,67,51,52,51,50,72,58,55,59,56,3,55,48,58,59,49,48,59,66,51,67,25,65,66,48,62,58,5,7,6,66,50,51,21,23,22,62,57,58,57,56,55,58,57,55,65,50,66,3,5,4,62,5,56,62,56,57,56,5,3,20,24,23,20,23,21,65,49,50,25,18,65,64,48,49,62,9,5,18,64,65,64,49,65,18,11,64,48,63,62,9,8,5,8,7,5,63,48,64,63,9,62,19,25,24,20,19,24,10,9,63,11,63,64,11,10,63,19,18,25,16,15,17,17,14,18,14,13,18,13,11,18,13,12,11,15,14,17,40,37,39,36,40,37],"name":"head","edges":[15,14,14,13,13,12,12,11,11,10,10,9,9,8,8,7,7,6,6,5,5,4,4,3,3,2,2,1,1,0,0,44,44,43,43,42,42,41,41,40,40,39,39,38,38,37,37,36,36,35,35,34,34,33,33,32,32,31,31,30,30,29,29,28,28,27,27,26,26,25,25,24,24,23,23,22,22,21,21,20,20,19,19,18,18,17,17,16,16,15]}],"name":"head"},{"display":[{"slotPose":[1,0,0,1,0,0],"triangles":[17,32,18,32,19,18,14,35,15,35,16,15,31,32,17,35,17,16,13,34,14,34,35,14,19,21,20,29,21,19,33,34,13,8,33,13,35,34,17,34,31,17,12,8,13,32,28,19,28,29,19,11,8,12,27,28,32,31,27,32,29,22,21,8,5,33,33,30,31,33,31,34,9,8,11,28,22,29,27,22,28,10,9,11,27,1,22,1,23,22,30,27,31,26,1,27,30,26,27,1,0,23,8,6,5,3,26,30,5,30,33,5,4,30,4,3,30,2,1,3,0,24,23,3,1,26,7,6,8,0,25,24],"vertices":[-47.21,-212.99,-45.34,-236.58,-45.77,-250.31,-36.62,-250.88,-39.34,-263.61,-29.62,-264.05,-43.63,-270.05,-42.92,-284.77,-35.91,-282.78,-27.47,-296.5,-22.47,-299,-18.18,-292.5,-14.75,-287.07,-13.31,-284.06,-9.45,-273.63,-7.74,-267.62,-10.03,-264.47,-12.17,-257.89,-7.16,-252.32,-13.17,-242.45,-9.88,-239.44,-14.75,-235.44,-20.32,-228.57,-34.62,-209.56,-38.77,-206.99,-47.21,-209.56,-33.29,-248.98,-26.33,-246.72,-18.84,-241.6,-17.12,-238.98,-27.98,-261.36,-20.18,-254.17,-14.75,-247.64,-26.09,-263.81,-18.71,-264.41,-14.01,-264.47],"path":"Left Arm","userEdges":[],"uvs":[0.09469,0.93485,0.1351,0.67838,0.12578,0.52916,0.32473,0.52294,0.26567,0.38461,0.47706,0.37994,0.17241,0.31466,0.18795,0.15456,0.34028,0.17633,0.52369,0.02711,0.63249,0,0.72575,0.07063,0.80036,0.1297,0.83145,0.16234,0.91538,0.2758,0.95269,0.34109,0.90295,0.37528,0.85632,0.44678,0.96512,0.5074,0.83456,0.61465,0.90606,0.64729,0.80036,0.69237,0.67912,0.76542,0.36825,0.97215,0.2781,1,0.09469,0.97215,0.39723,0.54364,0.5484,0.56817,0.71151,0.62442,0.74864,0.65335,0.5126,0.40904,0.68234,0.48745,0.80036,0.55827,0.55371,0.38252,0.71416,0.37599,0.81627,0.37527],"type":"mesh","transform":{},"edges":[0,25,25,24,24,23,23,22,22,21,21,20,20,19,19,18,18,17,17,16,16,15,15,14,14,13,13,12,12,11,11,10,10,9,9,8,8,7,7,6,6,5,5,4,4,3,3,2,2,1,1,0],"width":46,"weights":[1,12,1,1,12,1,2,7,0.13179,12,0.86821,2,7,0.72319,12,0.27681,1,7,1,1,7,1,1,7,1,1,7,1,1,7,1,1,7,1,1,7,1,1,7,1,1,7,1,1,7,1,1,7,1,1,7,1,2,7,0.99938,12,0.00062,2,7,0.96823,12,0.03177,2,7,0.90193,12,0.09807,2,7,0.57609,12,0.42391,2,7,0.47454,12,0.52546,2,7,0.35132,12,0.64868,2,7,0.08516,12,0.91484,1,12,1,1,12,1,1,12,1,2,7,0.87495,12,0.12505,2,7,0.71578,12,0.28422,2,7,0.48433,12,0.51567,2,7,0.40773,12,0.59227,1,7,1,2,7,0.95497,12,0.04503,2,7,0.78148,12,0.21852,1,7,1,2,7,0.99987,12,0.00013,2,7,0.99911,12,0.00089],"height":92,"name":"Left Arm","bonePose":[12,-0.30003990624127563,0.9539266505673936,-0.9539266505673936,-0.30003990624127563,-32.12318079839082,-246.41748104065925,7,-0.30003990624127563,0.9539266505673936,-0.9539266505673936,-0.30003990624127563,-20.59864799966342,-283.05780368895284]}],"name":"Left Arm"},{"display":[{"uvs":[0.37308,0.3442,0.37202,0.3107,0.38737,0.30425,0.38631,0.28557,0.41013,0.23917,0.45405,0.21984,0.49533,0.21275,0.46146,0.17152,0.41965,0.14316,0.35509,0.15219,0.3879,0.13028,0.36144,0.10257,0.33392,0.07873,0.28735,0.05038,0.2249,0.02911,0.17093,0.03556,0.1995,0.06842,0.23761,0.09742,0.26036,0.13543,0.26724,0.16636,0.27518,0.17732,0.32651,0.19729,0.32175,0.2134,0.34186,0.22435,0.34133,0.24626,0.32704,0.25979,0.29688,0.25786,0.31487,0.23595,0.32175,0.22951,0.29846,0.19729,0.25136,0.18054,0.22702,0.18118,0.17728,0.13092,0.16405,0.10193,0.15875,0.06198,0.05291,0.0085,0,0,0.02275,0.08002,0.06297,0.16701,0.08149,0.18247,0.11007,0.17603,0.14605,0.19407,0.1831,0.23982,0.18733,0.27139,0.20797,0.30941,0.23231,0.34742,0.25295,0.32036,0.2646,0.31843,0.27412,0.32874,0.26883,0.35193,0.25772,0.37771,0.22438,0.37642,0.20321,0.33389,0.18151,0.2817,0.1614,0.28943,0.14711,0.2875,0.12383,0.27783,0.10054,0.25142,0.08043,0.21404,0.07355,0.19214,0.06403,0.22371,0.06561,0.26495,0.07567,0.29459,0.09419,0.34549,0.11377,0.38222,0.1397,0.42023,0.1831,0.43956,0.17728,0.41766,0.16457,0.38028,0.16246,0.35644,0.17622,0.36353,0.18416,0.38093,0.1868,0.40606,0.19527,0.46448,0.22067,0.51603,0.24766,0.54567,0.25877,0.4851,0.26036,0.4516,0.28312,0.42067,0.30587,0.40391,0.32281,0.40263,0.33974,0.38394,0.49569,0.53703,0.50416,0.55443,0.52109,0.56473,0.5465,0.58407,0.54279,0.60468,0.57454,0.63819,0.59677,0.64399,0.85224,0.89146,0.92814,0.96105,1,1,1,0.97394,0.91121,0.8805,0.70455,0.67854,0.62199,0.59735,0.61352,0.54645,0.59288,0.53807,0.5733,0.54,0.55108,0.51938,0.54579,0.49812,0.52991,0.49232,0.51668,0.48394],"userEdges":[],"type":"mesh","vertices":[85.59,6.35,90.96,12.31,88.51,16.35,91.61,19.58,93.39,32.54,86.53,44.27,78.39,53.27,92.27,54.52,105.96,51.93,119,38.24,115.03,48.38,125.18,48.53,134.98,47.78,149.73,44.3,166.94,36.57,178.01,25.32,166.6,24.62,153.64,26.4,142.74,23.66,136.47,19.27,133.02,18.74,118.49,24.64,117.09,20.79,110.91,22.53,107.68,18.41,108.8,13.27,115.84,8,115.17,15.37,114.62,17.84,124.75,19.41,137.84,13.71,143.19,9.05,162,9,169.39,11.86,176.69,18.21,208.53,8.3,221.66,-0.01,204.32,-10.45,182.02,-18.92,175.51,-18.31,170.11,-11.8,159.31,-8.4,144.03,-9.9,138.25,-14.9,127.82,-18.03,116.56,-20.47,116.09,-11.66,113.78,-9.14,110.07,-9.25,107.7,-14.5,106.24,-21.3,113.89,-27.28,125.13,-23.42,137.97,-17.88,141.28,-23.05,144.77,-25.36,151.45,-27.92,160.7,-27.41,170.92,-24.3,175.81,-21.56,173.1,-29.13,166.43,-36.41,159.65,-39.97,147.72,-45.86,137.72,-48.95,126.11,-51.1,113.45,-46.56,118.1,-43.62,126.66,-39.13,130.79,-35.15,126.63,-33.89,122.19,-35.6,117.75,-39.72,106.91,-48.86,93.35,-53.59,82.78,-54,89.57,-40.81,94.34,-34.37,93.99,-24.45,91.47,-17.13,87.88,-13.74,86.96,-7.15,28.67,-6.18,24.12,-7.8,18.75,-6.54,10.12,-5.35,7.79,-9.82,-4.44,-10.06,-10.29,-6.98,-105.26,-4.78,-132.88,-3.41,-154.9,2.84,-150.91,7.62,-116.77,8.22,-39.66,6.77,-8.79,6.28,0.9,14.05,6.79,11.74,10.87,7.73,19,7.38,23.43,10.29,27.87,8.4,32.11,7.47],"transform":{},"height":239,"path":"Spear","width":291,"triangles":[94,89,93,90,91,92,93,90,92,93,89,90,94,88,89,95,88,94,85,87,95,97,98,95,98,85,95,87,88,95,96,97,95,85,86,87,99,85,98,83,84,99,101,82,99,82,83,99,84,85,99,100,101,99,102,82,101,0,81,102,81,82,102,7,5,6,8,5,7,8,4,5,9,23,4,9,4,8,24,3,4,23,24,4,21,23,9,11,9,10,1,2,3,24,1,3,81,0,1,48,81,1,25,48,1,24,25,1,12,9,11,12,18,9,18,20,9,18,19,20,26,48,25,21,22,23,49,79,81,48,49,81,79,80,81,13,18,12,47,48,26,29,26,27,17,18,13,30,26,29,50,78,79,49,50,79,30,43,26,43,46,26,46,47,26,42,43,31,43,44,46,31,43,30,14,17,13,50,77,78,50,51,77,74,75,76,51,72,77,72,73,77,73,76,77,73,74,76,14,16,17,44,45,46,52,71,51,71,72,51,41,42,31,32,41,31,15,16,14,70,71,52,69,70,52,53,54,52,54,69,52,67,65,66,55,69,54,68,65,67,33,40,32,40,41,32,64,65,68,55,63,69,64,68,69,34,38,33,38,40,33,63,64,69,37,38,34,35,37,34,56,63,55,38,39,40,57,62,56,62,63,56,58,60,57,60,61,57,61,62,57,59,60,58,36,37,35,20,21,9,29,27,28],"name":"Spear","edges":[36,37,37,38,38,39,39,40,40,41,41,42,42,43,43,44,44,45,45,46,46,47,47,48,48,49,49,50,50,51,51,52,52,53,53,54,54,55,55,56,56,57,57,58,58,59,59,60,60,61,61,62,62,63,63,64,64,65,65,66,66,67,67,68,68,69,69,70,70,71,71,72,72,73,73,74,74,75,75,76,76,77,77,78,78,79,79,80,80,81,81,82,82,83,83,84,84,85,85,86,86,87,87,88,88,89,89,90,90,91,91,92,92,93,93,94,94,95,95,96,96,97,97,98,98,99,99,100,100,101,101,102,102,0,0,1,1,2,2,3,3,4,4,5,5,6,6,7,7,8,8,9,9,10,10,11,11,12,12,13,13,14,14,15,15,16,16,17,17,18,18,19,19,20,20,21,21,22,22,23,23,24,24,25,25,26,26,27,27,28,28,29,29,30,30,31,31,32,32,33,33,34,34,35,35,36]}],"name":"Spear"},{"display":[{"slotPose":[1,0,0,1,0,0],"triangles":[22,23,18,53,14,15,18,23,17,23,58,17,56,15,16,57,56,16,17,58,16,58,57,16,19,21,18,56,54,15,54,53,15,21,22,18,52,12,13,54,31,53,55,54,56,55,56,57,58,55,57,33,52,13,31,32,53,23,25,58,53,33,14,33,13,14,35,12,52,34,35,52,20,21,19,25,55,58,32,33,53,30,31,55,55,31,54,25,29,55,33,34,52,24,25,23,28,29,25,29,30,55,35,36,12,36,11,12,36,37,11,37,10,11,38,10,37,38,39,10,39,9,10,49,2,48,2,3,48,3,47,48,51,2,49,3,46,47,50,51,49,1,2,51,40,9,39,3,45,46,0,1,51,3,4,45,4,44,45,40,8,9,41,8,40,4,5,44,42,7,41,7,8,41,5,43,44,43,6,42,6,7,42,5,6,43,26,27,25,27,28,25],"vertices":[-13.12,-252.2,-24.76,-236.99,-26.13,-218.01,-23.73,-206.72,-32.8,-174.74,-39.47,-150.46,-38.44,-109.94,-23.23,-78.12,2.26,-68.72,20.9,-67,48.94,-67,78.53,-80,95.29,-94.88,104.7,-117.62,108.46,-128.06,121.97,-150.97,126.46,-176.11,126.46,-196.96,121.47,-221.25,106.59,-237.15,86.24,-243.99,98.04,-229.97,100.09,-214.41,100.26,-205.69,93.25,-211.85,93.25,-200.73,67.94,-228.78,63.15,-216.29,63.32,-197.83,67.77,-175.09,78.87,-161.57,88.96,-149.95,93.58,-136.44,95.8,-128.05,93.07,-117.63,85.03,-106.68,75.45,-97.96,60.57,-90.6,44.33,-86.16,28.76,-85.99,17.64,-87.7,9.09,-94.37,3.62,-104.8,0.71,-126,6.36,-140.2,21.41,-165.68,31.33,-183.46,37.31,-205.18,39.02,-223.3,35.43,-235.44,25.86,-251.52,6.2,-255.63,98.2,-117.8,104.7,-136.78,103.5,-157.64,96.49,-173.71,110.17,-161.06,109.32,-175.76,106.93,-190.13],"path":"TAil","userEdges":[],"uvs":[0.15919,0.03035,0.08914,0.11003,0.0809,0.2094,0.09532,0.26849,0.04073,0.43591,0.00055,0.56304,0.00673,0.77523,0.09841,0.94175,0.2519,0.99099,0.36418,1,0.53312,1,0.71133,0.9319,0.81228,0.85401,0.86894,0.73494,0.8916,0.68033,0.97298,0.56036,1,0.42875,1,0.31953,0.96989,0.19239,0.88027,0.10913,0.75769,0.07332,0.82877,0.14674,0.84113,0.22821,0.84216,0.27387,0.79992,0.24164,0.79992,0.29983,0.64747,0.153,0.61862,0.21836,0.61965,0.31505,0.64644,0.43412,0.71339,0.50485,0.77417,0.56573,0.80198,0.63646,0.81537,0.68033,0.79889,0.73494,0.75048,0.79224,0.69279,0.8379,0.60317,0.87639,0.50531,0.89967,0.41157,0.90057,0.34461,0.89161,0.29311,0.8567,0.26014,0.80208,0.24263,0.69107,0.27662,0.61676,0.36727,0.48336,0.42702,0.39025,0.46307,0.27655,0.47338,0.18165,0.45174,0.11809,0.39406,0.03393,0.27559,0.01244,0.8298,0.73404,0.86894,0.63467,0.86173,0.52544,0.8195,0.44128,0.9019,0.50753,0.89675,0.43054,0.88233,0.35534],"type":"mesh","transform":{},"edges":[5,6,6,7,7,8,8,9,9,10,10,11,11,12,12,13,13,14,14,15,15,16,16,17,17,18,18,19,19,20,20,21,21,22,22,23,23,24,24,25,25,26,26,27,27,28,28,29,29,30,30,31,31,32,32,33,33,34,34,35,35,36,36,37,37,38,38,39,39,40,40,41,41,42,42,43,43,44,44,45,45,46,46,47,47,48,48,49,49,50,50,51,51,0,0,1,1,2,2,3,3,4,4,5],"width":166,"weights":[1,3,1,1,3,1,2,6,0.00004,3,0.99996,2,6,0.04662,3,0.95338,3,6,0.87322,10,0.00015,3,0.12663,3,6,0.73887,10,0.26027,3,0.00087,2,10,0.19757,14,0.80243,2,14,0.15098,17,0.84902,2,17,0.53013,20,0.46987,1,20,1,3,20,0.00205,21,0.98736,22,0.01059,2,22,0.95422,23,0.04578,1,23,1,2,23,0.83476,24,0.16524,3,23,0.07674,24,0.92124,26,0.00202,2,24,0.25902,26,0.74098,1,26,1,1,26,1,2,26,0.9966,25,0.0034,2,26,0.98233,25,0.01767,1,26,1,2,26,0.96863,25,0.03137,2,26,0.73229,25,0.26771,3,27,0.02326,26,0.23618,25,0.74056,2,27,0.03778,25,0.96222,2,27,0.30125,25,0.69875,1,27,1,1,27,1,1,27,1,1,27,1,1,27,1,1,27,1,2,24,0.62275,27,0.37725,3,23,0.10809,24,0.86195,27,0.02996,2,22,0.00001,23,0.99999,2,22,0.00355,23,0.99645,2,22,0.65207,23,0.34793,2,21,0.01546,22,0.98454,3,20,0.02284,21,0.86681,22,0.11035,3,17,0.00732,20,0.84186,21,0.15081,2,17,0.27704,20,0.72296,3,14,0.01803,17,0.93849,20,0.04347,4,6,0.00215,10,0.01552,14,0.26928,17,0.71305,4,6,0.24231,10,0.36932,14,0.32351,17,0.06487,4,6,0.79699,10,0.15792,14,0.04273,17,0.00236,2,6,0.94706,3,0.05294,2,6,0.58512,3,0.41488,2,6,0.163,3,0.837,2,6,0.03149,3,0.96851,2,6,0.00529,3,0.99471,1,3,1,1,3,1,1,23,1,2,24,0.98784,26,0.01216,2,27,0.20007,25,0.79993,2,27,0.48922,25,0.51078,2,24,0.00087,26,0.99913,2,26,0.77547,25,0.22453,2,26,0.42605,25,0.57395],"height":191,"name":"TAil","bonePose":[3,-0.25831325206731176,0.9660612112109715,-0.9660612112109715,-0.25831325206731176,6.33,-226.05,6,-0.31415815719005674,0.9493706611597746,-0.9493706611597746,-0.31415815719005674,-3.306816789458278,-186.48658303222012,10,-0.12931481670523567,0.9916035892333648,-0.9916035892333648,-0.12931481670523567,-18.78853077578427,-139.7015968502664,14,0.22784107411061255,0.9736983336476048,-0.9736983336476048,0.22784107411061255,-19.819262724116083,-118.03294687730576,17,0.8054113464801033,0.5927162583910678,-0.5927162583910678,0.8054113464801033,-11.222753958478766,-96.70050592362394,20,0.9792581887670216,0.2026163856471933,-0.2026163856471933,0.9792581887670216,12.51742601411042,-79.1551972951308,21,0.9756112253136148,-0.21950566517078027,0.21950566517078027,0.9756112253136148,37.97849672251766,-75.7150114888862,22,0.8979507782130386,-0.4400958985341698,0.4400958985341698,0.8979507782130386,58.966340753654066,-81.56462711084735,23,0.46993380868915935,-0.8827016571021606,0.8827016571021606,0.46993380868915935,86.14657800630884,-97.04644557281745,24,0.2983745340122604,-0.9544488658136516,0.9544488658136516,0.2983745340122604,100.25160454694856,-128.34985475277497,26,0.1057434226634946,-0.9943934475666104,0.9943934475666104,0.1057434226634946,108.8551375131072,-152.08389192516137,25,-0.11302980104223632,-0.9935915982315632,0.9935915982315632,-0.11302980104223632,106.10189343718474,-156.2134980877873,27,-0.4377435633954525,-0.8990998680379456,0.8990998680379456,-0.4377435633954525,103.3447204392474,-145.5504545701304]}],"name":"TAil"},{"display":[{"slotPose":[1,0,0,1,0,0],"triangles":[24,21,20,29,28,31,28,32,31,30,29,31,17,16,18,45,20,19,18,16,19,16,46,19,44,24,20,46,45,19,53,52,33,54,53,28,15,46,16,23,22,21,24,23,21,28,53,32,53,33,32,45,44,20,52,34,33,27,54,28,44,25,24,26,55,27,55,54,27,45,47,44,47,41,44,42,25,44,41,42,44,14,13,15,13,46,15,47,45,46,42,43,25,43,26,25,10,47,46,13,12,46,43,55,26,3,2,34,1,35,34,2,1,34,52,3,34,12,10,46,42,55,43,42,54,55,48,40,47,47,40,41,42,51,54,51,53,54,1,36,35,4,51,41,11,10,12,41,51,42,50,3,52,51,52,53,1,37,36,51,50,52,0,38,37,1,0,37,10,9,48,9,49,48,49,40,48,10,48,47,40,39,41,39,4,41,5,4,39,6,39,49,49,39,40,4,50,51,8,6,49,4,3,50,7,6,8,9,8,49,6,5,39],"vertices":[-18.18,-188.8,-24.92,-223.24,-21.75,-239.08,-18.98,-241.86,-24.71,-259.87,-24.92,-272.15,-30.66,-280.47,-30.85,-288,-24.92,-292.74,-19.38,-295.32,-16,-301.46,-16.79,-305.61,-6.9,-312.35,2.01,-317,5.78,-317,6.96,-312.15,11.91,-313.73,17.26,-313.54,21.22,-310.17,20.83,-298.68,15.87,-285.02,16.86,-266.22,12.7,-258.69,9.54,-264.83,9.73,-272.94,5.38,-267,4.99,-262.25,7.95,-258.89,10.73,-256.91,21.42,-257.3,24.58,-257.5,24.98,-242.06,16.08,-234.13,9.94,-229.38,4,-225.82,-1.15,-216.12,-3.53,-208.19,-6.9,-198.69,-12.63,-188,-21.18,-273.94,-16.76,-274.87,-10.6,-272.07,-2.02,-264.96,1.47,-264.02,7.62,-279.97,2.67,-292.84,3.74,-306.63,-10.19,-292.03,-14.35,-291.09,-16.5,-291.63,-15.15,-245.94,-12.07,-249.68,-6.57,-245.8,-3.22,-250.36,-0.41,-254.78,1.2,-260],"path":"Body","userEdges":[],"uvs":[0.2347,0.99385,0.11659,0.72678,0.17217,0.60399,0.2208,0.5825,0.12007,0.44283,0.11659,0.34767,0.01586,0.2832,0.01238,0.22488,0.11659,0.18804,0.21386,0.16809,0.27291,0.1205,0.25901,0.08827,0.4327,0.03609,0.58901,0,0.65501,0,0.67586,0.03762,0.7627,0.02534,0.85649,0.02688,0.92596,0.05297,0.91901,0.14199,0.83217,0.2479,0.84954,0.39371,0.77659,0.45204,0.72101,0.40446,0.72449,0.34153,0.64807,0.38757,0.64112,0.42441,0.69322,0.4505,0.74185,0.46585,0.92943,0.46278,0.98501,0.46125,0.99196,0.58097,0.83565,0.64236,0.72796,0.6792,0.62375,0.70683,0.53343,0.78204,0.49175,0.84343,0.4327,0.91711,0.33196,1,0.18213,0.33381,0.25971,0.32654,0.36785,0.34835,0.5183,0.40341,0.57943,0.41068,0.68757,0.28706,0.60058,0.18734,0.61939,0.08035,0.3749,0.19358,0.30202,0.20085,0.26441,0.19669,0.28792,0.55091,0.34199,0.52182,0.43837,0.55195,0.49715,0.51663,0.54651,0.48235,0.57472,0.44184],"type":"mesh","transform":{},"edges":[7,6,6,5,5,4,4,3,3,2,2,1,1,0,0,38,38,37,37,36,36,35,35,34,34,33,33,32,32,31,31,30,30,29,29,28,28,27,27,26,26,25,25,24,24,23,23,22,22,21,21,20,20,19,19,18,18,17,17,16,16,15,15,14,14,13,13,12,12,11,11,10,10,9,9,8,8,7],"width":57,"weights":[1,4,1,1,4,1,1,4,1,1,4,1,2,4,0.77047,5,0.22953,2,4,0.08039,5,0.91961,2,4,0.00001,5,0.99999,1,5,1,1,5,1,1,5,1,1,5,1,1,5,1,1,5,1,1,5,1,1,5,1,1,5,1,1,5,1,1,5,1,1,5,1,1,5,1,1,5,1,2,4,0.00024,5,0.99976,1,5,1,2,4,0.00056,5,0.99944,2,4,0.03396,5,0.96604,2,4,0.30644,5,0.69356,2,4,0.65784,5,0.34216,2,4,0.87846,5,0.12154,2,4,0.95596,5,0.04404,2,4,0.9995,5,0.0005,1,4,1,1,4,1,1,4,1,1,4,1,1,4,1,1,4,1,1,4,1,1,4,1,1,4,1,2,4,0.03973,5,0.96027,2,4,0.00569,5,0.99431,2,4,0.00042,5,0.99958,2,4,0.44959,5,0.55041,2,4,0.51746,5,0.48254,2,4,0.01011,5,0.98989,1,5,1,1,5,1,1,5,1,1,5,1,1,5,1,1,4,1,1,4,1,1,4,1,2,4,0.99719,5,0.00281,2,4,0.93795,5,0.06205,2,4,0.75101,5,0.24899],"height":129,"name":"Body","bonePose":[4,-0.506033764121164,-0.8625136692072574,0.8625136692072574,-0.506033764121164,3.14,-237.65,5,0.16848937956500232,-0.9857034690888536,0.9857034690888536,0.16848937956500232,-11.999073301194231,-265.1731785878933]}],"name":"Body"},{"display":[{"path":"Right Arm","type":"image","name":"Right Arm","transform":{"y":-9.83,"skX":-54.57,"skY":-54.57,"x":-0.39}}],"name":"Right Arm"},{"display":[{"path":"Shield","type":"image","name":"Shield","transform":{"y":0.11,"skX":-61.02,"skY":-61.02,"x":35}}],"name":"Shield"}]}],"bone":[{"name":"root","transform":{}},{"transform":{"y":-14.14,"x":-0.21},"name":"Shadow","parent":"root"},{"transform":{"y":-242.56,"x":0.48},"name":"Mid","parent":"root"},{"length":35,"transform":{"y":16.51,"skX":104.97,"skY":104.97,"x":5.85},"parent":"Mid","name":"Tail"},{"length":29,"transform":{"y":4.91,"skX":-120.4,"skY":-120.4,"x":2.66},"parent":"Mid","name":"Chest"},{"length":40,"transform":{"y":0.87,"skX":40.1,"skY":40.1,"x":31.4},"parent":"Chest","name":"Chest Top"},{"length":49,"transform":{"y":-0.91,"skX":3.34,"skY":3.34,"x":40.71},"parent":"Tail","name":"bone2"},{"length":38,"transform":{"y":-11.49,"skX":-172.24,"skY":-172.24,"x":16.18},"parent":"Chest Top","name":"Spear Arm"},{"length":35,"transform":{"y":0.09,"skX":-46.57,"skY":-46.57,"x":42.22},"parent":"Chest Top","name":"Head"},{"length":43,"transform":{"y":24.07,"skX":134.87,"skY":134.87,"x":47.04},"parent":"Chest Top","name":"Shield Arm"},{"length":15,"transform":{"skX":-10.88,"skY":-10.88,"x":49.28},"parent":"bone2","name":"bone3"},{"length":76,"transform":{"y":0.15,"skX":6.45,"skY":6.45,"x":51.83},"parent":"Shield Arm","name":"Shield"},{"length":38,"transform":{"x":38.41},"parent":"Spear Arm","name":"Spear Arm2"},{"length":24,"transform":{"y":4.86,"skX":-145.82,"skY":-145.82,"x":14.3},"parent":"Head","name":"Back Hair"},{"length":16,"transform":{"y":-1.78,"skX":-20.6,"skY":-20.6,"x":21.62},"parent":"bone3","name":"bone4"},{"length":65,"transform":{"y":-15.01,"skX":9.34,"skY":9.34,"x":5.11},"parent":"Back Hair","name":"bone15"},{"length":107,"transform":{"y":-0.17,"skX":112.37,"skY":112.37,"x":41.24},"parent":"Spear Arm2","name":"Spear"},{"length":22,"transform":{"y":-3.51,"skX":-40.48,"skY":-40.48,"x":22.73},"parent":"bone4","name":"bone5"},{"length":73,"transform":{"y":3.78,"skX":32.84,"skY":32.84,"x":11.85},"parent":"Back Hair","name":"bone"},{"length":65,"transform":{"y":2.65,"skX":19.99,"skY":19.99,"x":18.94},"parent":"Back Hair","name":"bone14"},{"length":20,"transform":{"y":0.06,"skX":-24.66,"skY":-24.66,"x":29.52},"parent":"bone5","name":"bone6"},{"length":14,"transform":{"y":-1.79,"skX":-24.37,"skY":-24.37,"x":25.63},"parent":"bone6","name":"bone7"},{"length":19,"transform":{"y":-1.1,"skX":-13.43,"skY":-13.43,"x":21.76},"parent":"bone7","name":"bone8"},{"length":24,"transform":{"y":-1.94,"skX":-35.86,"skY":-35.86,"x":31.22},"parent":"bone8","name":"bone9"},{"length":17,"transform":{"y":-2.26,"skX":-10.67,"skY":-10.67,"x":34.26},"parent":"bone9","name":"bone10"},{"length":42,"transform":{"y":-2.73,"skX":-23.85,"skY":-23.85,"x":28.34},"parent":"bone10","name":"bone13"},{"length":55,"transform":{"y":1.13,"skX":-11.29,"skY":-11.29,"x":25.22},"parent":"bone10","name":"bone12"},{"length":58,"transform":{"y":-2.18,"skX":-43.32,"skY":-43.32,"x":17.34},"parent":"bone10","name":"bone11"}],"frameRate":30,"defaultActions":[{"gotoAndPlay":"Attack"}]}],"frameRate":30,"name":"MermaidWarrior","version":"5.0","isGlobal":0}