{"width":1024,"SubTexture":[{"frameX":-1,"frameHeight":25,"y":786,"frameY":-1,"frameWidth":422,"width":420,"height":23,"name":"Layer 13","x":194},{"width":218,"y":368,"height":416,"name":"Layer 12","x":588},{"width":293,"y":1,"height":365,"name":"Layer 11","x":588},{"width":585,"y":1,"height":422,"name":"Folder 2 Copy 6","x":1},{"frameX":-1,"frameHeight":86,"y":786,"frameY":-1,"frameWidth":77,"width":75,"height":84,"name":"Folder 2 Copy 3","x":616},{"width":191,"y":425,"height":407,"name":"Folder 2 Copy 2","x":1},{"width":197,"y":368,"height":448,"name":"Folder 2 Copy 5","x":808}],"height":1024,"name":"RunicStoneGolem","imagePath":"RunicStoneGolem_tex.png"}