{"frameRate":30,"armature":[{"type":"Armature","frameRate":30,"aabb":{"width":730.0567871961741,"y":-705.6412824756657,"height":705.6412824756657,"x":-443.5517585199497},"animation":[{"frame":[],"ffd":[],"bone":[{"frame":[{"duration":10,"transform":{}},{"duration":25,"transform":{}},{"duration":0,"transform":{}}],"name":"root"},{"frame":[{"duration":10,"curve":[0.592,0,1,0],"transform":{}},{"duration":5,"curve":[0.25,0,0,1],"transform":{"x":159.49}},{"duration":20,"curve":[0.654,0,1,0.64],"transform":{"y":-43.44,"x":-96.81}},{"duration":0,"transform":{}}],"name":"mid"},{"frame":[{"duration":10,"transform":{}},{"duration":25,"transform":{}},{"duration":0,"transform":{}}],"name":"chestUpper"},{"frame":[{"duration":10,"transform":{}},{"duration":5,"curve":[0.25,0,0,1],"transform":{}},{"duration":20,"curve":[0.654,0,1,0.64],"transform":{"skX":-6.54,"skY":-6.54}},{"duration":0,"transform":{}}],"name":"lowerregion"},{"frame":[{"duration":10,"transform":{}},{"duration":25,"transform":{}},{"duration":0,"transform":{}}],"name":"chestUpper2"},{"frame":[{"duration":10,"transform":{}},{"duration":25,"transform":{}},{"duration":0,"transform":{}}],"name":"head"},{"frame":[{"duration":10,"curve":[0.592,0,1,0],"transform":{}},{"duration":5,"curve":[0.25,0,0,1],"transform":{"y":-109.04,"x":225.62}},{"duration":20,"curve":[0.654,0,1,0.64],"transform":{"y":-214.1,"x":-107.97}},{"duration":0,"transform":{}}],"name":"leftArmA"},{"frame":[{"duration":10,"curve":[0.592,0,1,0],"transform":{"skX":0.76,"skY":0.76}},{"duration":25,"curve":[0.25,0,0,1],"transform":{"skX":89.39,"skY":89.39}},{"duration":0,"transform":{"skX":0.76,"skY":0.76}}],"name":"left Arm A"},{"frame":[{"duration":10,"curve":[0.592,0,1,0],"transform":{"skX":-1.25,"skY":-1.25}},{"duration":25,"curve":[0.25,0,0,1],"transform":{"skX":-43.19,"skY":-43.19}},{"duration":0,"transform":{"skX":-1.25,"skY":-1.25}}],"name":"chestUpper4"},{"frame":[{"duration":10,"curve":[0.592,0,1,0],"transform":{}},{"duration":5,"curve":[0.25,0,0,1],"transform":{"y":50.14,"x":189.2}},{"duration":20,"curve":[0.654,0,1,0.64],"transform":{"y":-17.19,"x":-151.8}},{"duration":0,"transform":{}}],"name":"legtArmBIK"},{"frame":[{"duration":10,"curve":[0.592,0,1,0],"transform":{"skX":1.59,"skY":1.59}},{"duration":25,"curve":[0.25,0,0,1],"transform":{"skX":-16.68,"skY":-16.68}},{"duration":0,"transform":{"skX":1.59,"skY":1.59}}],"name":"left Arm B"},{"frame":[{"duration":10,"curve":[0.592,0,1,0],"transform":{"skX":-2.34,"skY":-2.34}},{"duration":25,"curve":[0.25,0,0,1],"transform":{"skX":-9.93,"skY":-9.93}},{"duration":0,"transform":{"skX":-2.34,"skY":-2.34}}],"name":"chestUpper6"},{"frame":[{"duration":10,"curve":[0.592,0,1,0],"transform":{}},{"duration":5,"curve":[0.25,0,0,1],"transform":{"y":59.14,"x":145.15}},{"duration":20,"curve":[0.654,0,1,0.64],"transform":{"y":-16.88,"x":147.32}},{"duration":0,"transform":{}}],"name":"Right Arm B"},{"frame":[{"duration":10,"curve":[0.592,0,1,0],"transform":{"skX":-0.28,"skY":-0.28}},{"duration":25,"curve":[0.25,0,0,1],"transform":{"skX":4.27,"skY":4.27}},{"duration":0,"transform":{"skX":-0.28,"skY":-0.28}}],"name":"Right ARm B1"},{"frame":[{"duration":10,"curve":[0.592,0,1,0],"transform":{"skX":0.76,"skY":0.76}},{"duration":25,"curve":[0.25,0,0,1],"transform":{"skX":38.46,"skY":38.46}},{"duration":0,"transform":{"skX":0.76,"skY":0.76}}],"name":"chestUpper5"},{"frame":[{"duration":10,"curve":[0.592,0,1,0],"transform":{}},{"duration":5,"curve":[0.25,0,0,1],"transform":{"y":-146.64,"x":90.17}},{"duration":20,"curve":[0.654,0,1,0.64],"transform":{"y":-213.33,"x":-92.31}},{"duration":0,"transform":{}}],"name":"Right Arm IK"},{"frame":[{"duration":10,"curve":[0.592,0,1,0],"transform":{"skX":-2.02,"skY":-2.02}},{"duration":25,"curve":[0.25,0,0,1],"transform":{"skX":-99.4,"skY":-99.4}},{"duration":0,"transform":{"skX":-2.02,"skY":-2.02}}],"name":"chestUpper3"},{"frame":[{"duration":10,"curve":[0.592,0,1,0],"transform":{"skX":1.55,"skY":1.55}},{"duration":25,"curve":[0.25,0,0,1],"transform":{"skX":44.91,"skY":44.91}},{"duration":0,"transform":{"skX":1.55,"skY":1.55}}],"name":"chestUpper7"},{"frame":[{"duration":10,"curve":[0.592,0,1,0],"transform":{}},{"duration":5,"curve":[0.25,0,0,1],"transform":{"x":102.56}},{"duration":20,"curve":[0.654,0,1,0.64],"transform":{"scX":0.84,"x":-94.62}},{"duration":0,"transform":{}}],"name":"shadow"}],"duration":35,"slot":[],"name":"Attack A","ik":[]},{"frame":[],"ffd":[],"bone":[{"frame":[{"duration":10,"transform":{}},{"duration":20,"transform":{}},{"duration":10,"transform":{}},{"duration":0,"transform":{}}],"name":"root"},{"frame":[{"duration":10,"curve":[0.25,0,1,0.37],"transform":{}},{"duration":5,"curve":[0.25,0,0.75,1],"transform":{"y":-155.89,"x":-94.32}},{"duration":5,"curve":[0.25,0,0,1],"transform":{"y":-107.36,"x":-71.16}},{"duration":10,"transform":{"y":60.2,"x":-222.5},"tweenEasing":0},{"duration":10,"curve":[0.25,0,0.75,1],"transform":{"y":-155.89,"x":-94.32}},{"duration":0,"transform":{}}],"name":"mid"},{"frame":[{"duration":10,"transform":{}},{"duration":20,"transform":{}},{"duration":10,"transform":{}},{"duration":0,"transform":{}}],"name":"chestUpper"},{"frame":[{"duration":10,"transform":{}},{"duration":20,"transform":{}},{"duration":10,"transform":{}},{"duration":0,"transform":{}}],"name":"lowerregion"},{"frame":[{"duration":10,"transform":{}},{"duration":10,"curve":[0.25,0,0.75,1],"transform":{}},{"duration":10,"transform":{"skX":-31.11,"skY":-31.11},"tweenEasing":0},{"duration":10,"transform":{}},{"duration":0,"transform":{}}],"name":"chestUpper2"},{"frame":[{"duration":10,"transform":{}},{"duration":20,"transform":{}},{"duration":10,"transform":{}},{"duration":0,"transform":{}}],"name":"head"},{"frame":[{"duration":10,"curve":[0.25,0,1,0.37],"transform":{}},{"duration":5,"curve":[0.25,0,0.75,1],"transform":{"y":-175.01,"x":13.24}},{"duration":2,"curve":[0.25,0,0,1],"transform":{"y":-262.51,"x":19.85}},{"duration":3,"curve":[0.25,0,0,1],"transform":{"y":46.76,"x":-121.66}},{"duration":10,"transform":{"y":276.14,"x":-105.14},"tweenEasing":0},{"duration":10,"curve":[0.25,0,0.75,1],"transform":{"y":-175.01,"x":13.24}},{"duration":0,"transform":{}}],"name":"leftArmA"},{"frame":[{"duration":10,"curve":[0.25,0,1,0.37],"transform":{"skX":0.76,"skY":0.76}},{"duration":20,"transform":{"skX":-57.96,"skY":-57.96}},{"duration":10,"curve":[0.25,0,0.75,1],"transform":{"skX":-57.96,"skY":-57.96}},{"duration":0,"transform":{"skX":0.76,"skY":0.76}}],"name":"left Arm A"},{"frame":[{"duration":10,"curve":[0.25,0,1,0.37],"transform":{"skX":-1.25,"skY":-1.25}},{"duration":20,"transform":{"skX":97.76,"skY":97.76}},{"duration":10,"curve":[0.25,0,0.75,1],"transform":{"skX":97.76,"skY":97.76}},{"duration":0,"transform":{"skX":-1.25,"skY":-1.25}}],"name":"chestUpper4"},{"frame":[{"duration":10,"curve":[0.25,0,1,0.37],"transform":{}},{"duration":5,"curve":[0.25,0,0.75,1],"transform":{"y":35.3,"x":-26.47}},{"duration":5,"curve":[0.25,0,0,1],"transform":{"y":52.94,"x":-39.71}},{"duration":10,"transform":{"y":96.59,"x":-186.52},"tweenEasing":0},{"duration":10,"curve":[0.25,0,0.75,1],"transform":{"y":35.3,"x":-26.47}},{"duration":0,"transform":{}}],"name":"legtArmBIK"},{"frame":[{"duration":10,"curve":[0.25,0,1,0.37],"transform":{"skX":1.59,"skY":1.59}},{"duration":20,"transform":{"skX":-16.75,"skY":-16.75}},{"duration":10,"curve":[0.25,0,0.75,1],"transform":{"skX":-16.75,"skY":-16.75}},{"duration":0,"transform":{"skX":1.59,"skY":1.59}}],"name":"left Arm B"},{"frame":[{"duration":10,"curve":[0.25,0,1,0.37],"transform":{"skX":-2.34,"skY":-2.34}},{"duration":20,"transform":{"skX":-63.14,"skY":-63.14}},{"duration":10,"curve":[0.25,0,0.75,1],"transform":{"skX":-63.14,"skY":-63.14}},{"duration":0,"transform":{"skX":-2.34,"skY":-2.34}}],"name":"chestUpper6"},{"frame":[{"duration":10,"curve":[0.25,0,1,0.37],"transform":{}},{"duration":5,"curve":[0.25,0,0.75,1],"transform":{"y":55.89,"x":-62.5}},{"duration":5,"curve":[0.25,0,0,1],"transform":{"y":83.83,"x":-93.75}},{"duration":10,"transform":{"y":63,"x":-238.59},"tweenEasing":0},{"duration":10,"curve":[0.25,0,0.75,1],"transform":{"y":55.89,"x":-62.5}},{"duration":0,"transform":{}}],"name":"Right Arm B"},{"frame":[{"duration":10,"curve":[0.25,0,1,0.37],"transform":{"skX":-0.28,"skY":-0.28}},{"duration":20,"transform":{"skX":-10.77,"skY":-10.77}},{"duration":10,"curve":[0.25,0,0.75,1],"transform":{"skX":-10.77,"skY":-10.77}},{"duration":0,"transform":{"skX":-0.28,"skY":-0.28}}],"name":"Right ARm B1"},{"frame":[{"duration":10,"curve":[0.25,0,1,0.37],"transform":{"skX":0.76,"skY":0.76}},{"duration":20,"transform":{"skX":88.51,"skY":88.51}},{"duration":10,"curve":[0.25,0,0.75,1],"transform":{"skX":88.51,"skY":88.51}},{"duration":0,"transform":{"skX":0.76,"skY":0.76}}],"name":"chestUpper5"},{"frame":[{"duration":10,"curve":[0.25,0,1,0.37],"transform":{}},{"duration":5,"curve":[0.25,0,0.75,1],"transform":{"y":-174.27,"x":-76.47}},{"duration":5,"curve":[0.25,0,0,1],"transform":{"y":-261.41,"x":-114.71}},{"duration":10,"transform":{"y":-84.84,"x":-247.64},"tweenEasing":0},{"duration":10,"curve":[0.25,0,0.75,1],"transform":{"y":-174.27,"x":-76.47}},{"duration":0,"transform":{}}],"name":"Right Arm IK"},{"frame":[{"duration":10,"curve":[0.25,0,1,0.37],"transform":{"skX":-2.02,"skY":-2.02}},{"duration":20,"transform":{"skX":-19.3,"skY":-19.3}},{"duration":10,"curve":[0.25,0,0.75,1],"transform":{"skX":-19.3,"skY":-19.3}},{"duration":0,"transform":{"skX":-2.02,"skY":-2.02}}],"name":"chestUpper3"},{"frame":[{"duration":10,"curve":[0.25,0,1,0.37],"transform":{"skX":1.55,"skY":1.55}},{"duration":20,"transform":{"skX":19.65,"skY":19.65}},{"duration":10,"curve":[0.25,0,0.75,1],"transform":{"skX":19.65,"skY":19.65}},{"duration":0,"transform":{"skX":1.55,"skY":1.55}}],"name":"chestUpper7"},{"frame":[{"duration":10,"curve":[0.25,0,1,0.37],"transform":{}},{"duration":5,"curve":[0.263,0,0.623,0.45],"transform":{"scX":0.82,"x":-29.2}},{"duration":5,"curve":[0.314,0.27,0.657,0.64],"transform":{"scX":1.03,"x":-29.2}},{"duration":5,"curve":[0.359,0.43,0.718,0.865],"transform":{"scX":1.22,"x":-186.29}},{"duration":5,"curve":[0.379,0.6,0.724,1],"transform":{"scX":0.84,"x":-186.29}},{"duration":10,"curve":[0.25,0,0.75,1],"transform":{"scX":0.72}},{"duration":0,"transform":{}}],"name":"shadow"}],"duration":40,"slot":[],"name":"Attack B","ik":[]},{"frame":[],"ffd":[],"bone":[{"frame":[{"duration":10,"curve":[0.25,0,1,0.13],"transform":{}},{"duration":5,"curve":[0.25,0,0,1],"transform":{"y":-2.37,"x":1.19}},{"duration":10,"curve":[0.25,0,1,0],"transform":{}},{"duration":10,"curve":[0.25,0,0.75,1],"transform":{"y":-2.37,"x":1.19}},{"duration":0,"transform":{}}],"name":"root"},{"frame":[{"duration":10,"curve":[0.25,0,1,0.13],"transform":{}},{"duration":5,"curve":[0.25,0,0,1],"transform":{"y":26.35,"x":187.39}},{"duration":10,"curve":[0.25,0,1,0],"transform":{"y":26.35,"x":-271.16}},{"duration":10,"curve":[0.25,0,0.75,1],"transform":{"y":26.35,"x":187.39}},{"duration":0,"transform":{}}],"name":"mid"},{"frame":[{"duration":10,"transform":{}},{"duration":5,"transform":{}},{"duration":10,"transform":{}},{"duration":10,"transform":{}},{"duration":0,"transform":{}}],"name":"chestUpper"},{"frame":[{"duration":10,"transform":{}},{"duration":5,"transform":{}},{"duration":10,"transform":{}},{"duration":10,"transform":{}},{"duration":0,"transform":{}}],"name":"lowerregion"},{"frame":[{"duration":10,"transform":{}},{"duration":5,"transform":{}},{"duration":10,"transform":{}},{"duration":10,"transform":{}},{"duration":0,"transform":{}}],"name":"chestUpper2"},{"frame":[{"duration":10,"transform":{}},{"duration":5,"transform":{}},{"duration":10,"transform":{}},{"duration":10,"transform":{}},{"duration":0,"transform":{}}],"name":"head"},{"frame":[{"duration":10,"transform":{}},{"duration":1,"curve":[0.481,0,0.769,0.38],"transform":{}},{"duration":4,"curve":[0.107,0.29,0.107,1],"transform":{"y":153.6,"x":126.65}},{"duration":10,"curve":[0.25,0,1,0],"transform":{"y":117.99,"x":-103.99}},{"duration":10,"transform":{}},{"duration":0,"transform":{}}],"name":"leftArmA"},{"frame":[{"duration":10,"curve":[0.25,0,1,0.13],"transform":{"skX":0.76,"skY":0.76}},{"duration":5,"curve":[0.25,0,0,1],"transform":{"skX":42.86,"skY":42.86}},{"duration":10,"curve":[0.25,0,1,0],"transform":{"skX":-129.03,"skY":-129.03}},{"duration":10,"curve":[0.25,0,0.75,1],"transform":{"skX":42.86,"skY":42.86}},{"duration":0,"transform":{"skX":0.76,"skY":0.76}}],"name":"left Arm A"},{"frame":[{"duration":10,"curve":[0.25,0,1,0.13],"transform":{"skX":-1.25,"skY":-1.25}},{"duration":5,"curve":[0.25,0,0,1],"transform":{"skX":-64.1,"skY":-64.1}},{"duration":10,"curve":[0.25,0,1,0],"transform":{"skX":39.37,"skY":39.37}},{"duration":10,"curve":[0.25,0,0.75,1],"transform":{"skX":-64.1,"skY":-64.1}},{"duration":0,"transform":{"skX":-1.25,"skY":-1.25}}],"name":"chestUpper4"},{"frame":[{"duration":10,"transform":{}},{"duration":1,"curve":[0.481,0,0.769,0.38],"transform":{}},{"duration":4,"curve":[0.107,0.29,0.107,1],"transform":{"y":110.41,"x":123.67}},{"duration":10,"curve":[0.25,0,1,0],"transform":{"y":98.85,"x":-119.86}},{"duration":10,"transform":{}},{"duration":0,"transform":{}}],"name":"legtArmBIK"},{"frame":[{"duration":10,"curve":[0.25,0,1,0.13],"transform":{"skX":1.59,"skY":1.59}},{"duration":5,"curve":[0.25,0,0,1],"transform":{"skX":52.44,"skY":52.44}},{"duration":10,"curve":[0.25,0,1,0],"transform":{"skX":-79.2,"skY":-79.2}},{"duration":10,"curve":[0.25,0,0.75,1],"transform":{"skX":52.44,"skY":52.44}},{"duration":0,"transform":{"skX":1.59,"skY":1.59}}],"name":"left Arm B"},{"frame":[{"duration":10,"curve":[0.25,0,1,0.13],"transform":{"skX":-2.34,"skY":-2.34}},{"duration":5,"curve":[0.25,0,0,1],"transform":{"skX":-63.14,"skY":-63.14}},{"duration":10,"curve":[0.25,0,1,0],"transform":{"skX":12.2,"skY":12.2}},{"duration":10,"curve":[0.25,0,0.75,1],"transform":{"skX":-63.14,"skY":-63.14}},{"duration":0,"transform":{"skX":-2.34,"skY":-2.34}}],"name":"chestUpper6"},{"frame":[{"duration":10,"curve":[0.25,0,1,0.13],"transform":{}},{"duration":1,"curve":[0.481,0,0.769,0.38],"transform":{"y":-39.04,"x":220.58}},{"duration":4,"curve":[0.107,0.29,0.107,1],"transform":{"y":-78.61,"x":-70.55}},{"duration":10,"curve":[0.25,0,1,0],"transform":{"y":-53,"x":-339.98}},{"duration":10,"curve":[0.25,0,0.75,1],"transform":{"y":-39.04,"x":220.58}},{"duration":0,"transform":{}}],"name":"Right Arm B"},{"frame":[{"duration":10,"curve":[0.25,0,1,0.13],"transform":{"skX":-0.28,"skY":-0.28}},{"duration":5,"curve":[0.25,0,0,1],"transform":{"skX":-42.82,"skY":-42.82}},{"duration":10,"curve":[0.25,0,1,0],"transform":{"skX":-30.51,"skY":-30.51}},{"duration":10,"curve":[0.25,0,0.75,1],"transform":{"skX":-42.82,"skY":-42.82}},{"duration":0,"transform":{"skX":-0.28,"skY":-0.28}}],"name":"Right ARm B1"},{"frame":[{"duration":10,"curve":[0.25,0,1,0.13],"transform":{"skX":0.76,"skY":0.76}},{"duration":5,"curve":[0.25,0,0,1],"transform":{"skX":19.52,"skY":19.52}},{"duration":10,"curve":[0.25,0,1,0],"transform":{"skX":-65.13,"skY":-65.13}},{"duration":10,"curve":[0.25,0,0.75,1],"transform":{"skX":19.52,"skY":19.52}},{"duration":0,"transform":{"skX":0.76,"skY":0.76}}],"name":"chestUpper5"},{"frame":[{"duration":10,"curve":[0.25,0,1,0.13],"transform":{}},{"duration":5,"curve":[0.25,0,0,1],"transform":{"y":-59.54,"x":124.93}},{"duration":10,"curve":[0.25,0,1,0],"transform":{"y":-64.19,"x":-335.61}},{"duration":10,"curve":[0.25,0,0.75,1],"transform":{"y":-59.54,"x":124.93}},{"duration":0,"transform":{}}],"name":"Right Arm IK"},{"frame":[{"duration":10,"curve":[0.25,0,1,0.13],"transform":{"skX":-2.02,"skY":-2.02}},{"duration":5,"curve":[0.25,0,0,1],"transform":{"skX":-44.64,"skY":-44.64}},{"duration":10,"curve":[0.25,0,1,0],"transform":{"skX":-48.44,"skY":-48.44}},{"duration":10,"curve":[0.25,0,0.75,1],"transform":{"skX":-44.64,"skY":-44.64}},{"duration":0,"transform":{"skX":-2.02,"skY":-2.02}}],"name":"chestUpper3"},{"frame":[{"duration":10,"curve":[0.25,0,1,0.13],"transform":{"skX":1.55,"skY":1.55}},{"duration":5,"curve":[0.25,0,0,1],"transform":{"skX":-34.62,"skY":-34.62}},{"duration":10,"curve":[0.25,0,1,0],"transform":{"skX":-32.88,"skY":-32.88}},{"duration":10,"curve":[0.25,0,0.75,1],"transform":{"skX":-34.62,"skY":-34.62}},{"duration":0,"transform":{"skX":1.55,"skY":1.55}}],"name":"chestUpper7"},{"frame":[{"duration":10,"curve":[0.25,0,1,0.13],"transform":{}},{"duration":5,"curve":[0.25,0,0,1],"transform":{"x":118.05}},{"duration":10,"curve":[0.25,0,1,0],"transform":{"x":-244.92}},{"duration":10,"curve":[0.25,0,0.75,1],"transform":{"x":140.96}},{"duration":0,"transform":{}}],"name":"shadow"}],"duration":35,"slot":[],"name":"Attack C","ik":[]},{"frame":[],"ffd":[],"bone":[{"frame":[{"duration":10,"transform":{}},{"duration":5,"transform":{}},{"duration":25,"transform":{}},{"duration":10,"transform":{}},{"duration":0,"transform":{}}],"name":"root"},{"frame":[{"duration":10,"curve":[0.25,0,1,0.18],"transform":{}},{"duration":5,"curve":[0.25,0,0,1],"transform":{"y":-87.6,"x":-152.21}},{"duration":5,"curve":[0.25,0,0,1],"transform":{"y":55.02,"x":-302.9}},{"duration":5,"curve":[0.25,0,0,1],"transform":{"y":70.16,"x":-302.9}},{"duration":5,"curve":[0.25,0,0,1],"transform":{"y":60.07,"x":-302.9}},{"duration":5,"curve":[0.25,0,0,1],"transform":{"y":38.88,"x":-302.9}},{"duration":5,"curve":[0.25,0,1,0.46],"transform":{"y":64.1,"x":-302.9}},{"duration":10,"curve":[0.25,0,0.75,1],"transform":{"y":-87.6,"x":-152.21}},{"duration":0,"transform":{}}],"name":"mid"},{"frame":[{"duration":10,"transform":{}},{"duration":5,"transform":{}},{"duration":5,"curve":[0.25,0,0,1],"transform":{}},{"duration":15,"transform":{"skX":-37.26,"skY":-37.26}},{"duration":5,"curve":[0.25,0,0,1],"transform":{"skX":-37.26,"skY":-37.26}},{"duration":10,"transform":{}},{"duration":0,"transform":{}}],"name":"chestUpper"},{"frame":[{"duration":10,"transform":{}},{"duration":5,"transform":{}},{"duration":5,"curve":[0.25,0,0,1],"transform":{}},{"duration":20,"curve":[0.25,0,0,1],"transform":{"skX":-5,"skY":-5}},{"duration":10,"transform":{}},{"duration":0,"transform":{}}],"name":"lowerregion"},{"frame":[{"duration":10,"transform":{}},{"duration":5,"transform":{}},{"duration":5,"curve":[0.25,0,0,1],"transform":{}},{"duration":20,"curve":[0.25,0,0,1],"transform":{"y":22.69,"x":-8.99}},{"duration":10,"transform":{}},{"duration":0,"transform":{}}],"name":"chestUpper2"},{"frame":[{"duration":10,"transform":{}},{"duration":5,"transform":{}},{"duration":25,"transform":{}},{"duration":10,"transform":{}},{"duration":0,"transform":{}}],"name":"head"},{"frame":[{"duration":10,"curve":[0.25,0,1,0.18],"transform":{}},{"duration":5,"curve":[0.25,0,0,1],"transform":{"y":-227.48,"x":-31.89}},{"duration":2,"curve":[0.25,0,0,1],"transform":{"y":-47.21,"x":-279.76}},{"duration":1,"curve":[0.25,0,0.75,1],"transform":{"y":71.45,"x":-323.96}},{"duration":1,"curve":[0.25,0,0.75,1],"transform":{"y":130.78,"x":-328.06}},{"duration":1,"curve":[0.25,0,0.75,1],"transform":{"y":190.11,"x":-301.89}},{"duration":20,"curve":[0.25,0,0,1],"transform":{"y":249.44,"x":-221.24}},{"duration":10,"curve":[0.25,0,0.75,1],"transform":{"y":-227.48,"x":-31.89}},{"duration":0,"transform":{}}],"name":"leftArmA"},{"frame":[{"duration":10,"curve":[0.25,0,1,0.18],"transform":{"skX":0.76,"skY":0.76}},{"duration":5,"curve":[0.25,0,0,1],"transform":{"skX":-125.54,"skY":-125.54}},{"duration":25,"curve":[0.25,0,0,1],"transform":{"skX":54.64,"skY":54.64}},{"duration":10,"curve":[0.25,0,0.75,1],"transform":{"skX":-125.54,"skY":-125.54}},{"duration":0,"transform":{"skX":0.76,"skY":0.76}}],"name":"left Arm A"},{"frame":[{"duration":10,"curve":[0.25,0,1,0.18],"transform":{"skX":-1.25,"skY":-1.25}},{"duration":5,"curve":[0.25,0,0,1],"transform":{"skX":46.01,"skY":46.01}},{"duration":25,"curve":[0.25,0,0,1],"transform":{"skX":-20.93,"skY":-20.93}},{"duration":10,"curve":[0.25,0,0.75,1],"transform":{"skX":46.01,"skY":46.01}},{"duration":0,"transform":{"skX":-1.25,"skY":-1.25}}],"name":"chestUpper4"},{"frame":[{"duration":10,"curve":[0.25,0,1,0.18],"transform":{}},{"duration":5,"curve":[0.25,0,0,1],"transform":{"y":-241.3,"x":-108.43}},{"duration":5,"transform":{"y":-153.54,"x":-251.93}},{"duration":1,"curve":[0.25,0,0,1],"transform":{"y":-153.54,"x":-251.93}},{"duration":1,"transform":{"y":-91.18,"x":-358.08},"tweenEasing":0},{"duration":1,"transform":{"y":-28.82,"x":-382.5},"tweenEasing":0},{"duration":1,"transform":{"y":33.53,"x":-391.11},"tweenEasing":0},{"duration":1,"transform":{"y":95.89,"x":-371.97},"tweenEasing":0},{"duration":15,"curve":[0.25,0,0,1],"transform":{"y":158.24,"x":-314.49}},{"duration":10,"curve":[0.25,0,0.75,1],"transform":{"y":-241.3,"x":-108.43}},{"duration":0,"transform":{}}],"name":"legtArmBIK"},{"frame":[{"duration":10,"curve":[0.25,0,1,0.18],"transform":{"skX":1.59,"skY":1.59}},{"duration":5,"curve":[0.25,0,0,1],"transform":{"skX":-68.61,"skY":-68.61}},{"duration":5,"curve":[0.25,0,0,1],"transform":{"skX":111.31,"skY":111.31}},{"duration":20,"curve":[0.25,0,0,1],"transform":{"skX":111.31,"skY":111.31,"y":-41.58,"x":22.8}},{"duration":10,"curve":[0.25,0,0.75,1],"transform":{"skX":-68.61,"skY":-68.61}},{"duration":0,"transform":{"skX":1.59,"skY":1.59}}],"name":"left Arm B"},{"frame":[{"duration":10,"curve":[0.25,0,1,0.18],"transform":{"skX":-2.34,"skY":-2.34}},{"duration":5,"curve":[0.25,0,0,1],"transform":{"skX":-6.54,"skY":-6.54}},{"duration":25,"curve":[0.25,0,0,1],"transform":{"skX":-47.98,"skY":-47.98}},{"duration":10,"curve":[0.25,0,0.75,1],"transform":{"skX":-6.54,"skY":-6.54}},{"duration":0,"transform":{"skX":-2.34,"skY":-2.34}}],"name":"chestUpper6"},{"frame":[{"duration":10,"curve":[0.25,0,1,0.18],"transform":{}},{"duration":5,"curve":[0.25,0,0,1],"transform":{"y":-243.43,"x":-170.08}},{"duration":15,"transform":{"y":-112.97,"x":-292.24}},{"duration":1,"curve":[0.25,0,0,1],"transform":{"y":-112.97,"x":-292.24}},{"duration":1,"transform":{"y":-193.28,"x":-478.1},"tweenEasing":0},{"duration":1,"transform":{"y":-179.01,"x":-572.89},"tweenEasing":0},{"duration":2,"transform":{"y":-117.64,"x":-648.18},"tweenEasing":0},{"duration":5,"curve":[0.25,0,1,0.46],"transform":{"y":5.09,"x":-732.16}},{"duration":10,"curve":[0.25,0,0.75,1],"transform":{"y":-243.43,"x":-170.08}},{"duration":0,"transform":{}}],"name":"Right Arm B"},{"frame":[{"duration":10,"curve":[0.25,0,1,0.18],"transform":{"skX":-0.28,"skY":-0.28}},{"duration":5,"curve":[0.25,0,0,1],"transform":{"skX":-44.54,"skY":-44.54}},{"duration":20,"curve":[0.25,0,0,1],"transform":{"skX":-101.99,"skY":-101.99}},{"duration":5,"curve":[0.25,0,1,0.46],"transform":{"skX":-101.99,"skY":-101.99,"y":-92.81,"x":17.52}},{"duration":10,"curve":[0.25,0,0.75,1],"transform":{"skX":-44.54,"skY":-44.54}},{"duration":0,"transform":{"skX":-0.28,"skY":-0.28}}],"name":"Right ARm B1"},{"frame":[{"duration":10,"curve":[0.25,0,1,0.18],"transform":{"skX":0.76,"skY":0.76}},{"duration":5,"curve":[0.25,0,0,1],"transform":{"skX":88.51,"skY":88.51}},{"duration":25,"curve":[0.25,0,0,1],"transform":{"skX":54.19,"skY":54.19}},{"duration":10,"curve":[0.25,0,0.75,1],"transform":{"skX":88.51,"skY":88.51}},{"duration":0,"transform":{"skX":0.76,"skY":0.76}}],"name":"chestUpper5"},{"frame":[{"duration":10,"curve":[0.25,0,1,0.18],"transform":{}},{"duration":5,"curve":[0.25,0,0,1],"transform":{"y":-208.35,"x":-203.03}},{"duration":10,"transform":{"y":-69.59,"x":-319.26}},{"duration":1,"curve":[0.25,0,0,1],"transform":{"y":-69.59,"x":-319.26}},{"duration":1,"transform":{"y":-117.41,"x":-410.47},"tweenEasing":0},{"duration":1,"transform":{"y":-155.4,"x":-501.69},"tweenEasing":0},{"duration":2,"transform":{"y":-133.52,"x":-592.9},"tweenEasing":0},{"duration":5,"transform":{"y":106.85,"x":-775.33}},{"duration":5,"curve":[0.25,0,0,1],"transform":{"y":106.85,"x":-775.33}},{"duration":10,"curve":[0.25,0,0.75,1],"transform":{"y":-208.35,"x":-203.03}},{"duration":0,"transform":{}}],"name":"Right Arm IK"},{"frame":[{"duration":10,"curve":[0.25,0,1,0.18],"transform":{"skX":-2.02,"skY":-2.02}},{"duration":5,"curve":[0.25,0,0,1],"transform":{"skX":-29.91,"skY":-29.91}},{"duration":15,"curve":[0.25,0,0,1],"transform":{"skX":-69.27,"skY":-69.27}},{"duration":10,"curve":[0.25,0,0,1],"transform":{"skX":-69.27,"skY":-69.27,"y":-39.24,"x":-10.7}},{"duration":10,"curve":[0.25,0,0.75,1],"transform":{"skX":-29.91,"skY":-29.91}},{"duration":0,"transform":{"skX":-2.02,"skY":-2.02}}],"name":"chestUpper3"},{"frame":[{"duration":10,"curve":[0.25,0,1,0.18],"transform":{"skX":1.55,"skY":1.55}},{"duration":5,"curve":[0.25,0,0,1],"transform":{"skX":84.06,"skY":84.06}},{"duration":25,"curve":[0.25,0,0,1],"transform":{"skX":27.04,"skY":27.04}},{"duration":10,"curve":[0.25,0,0.75,1],"transform":{"skX":84.06,"skY":84.06}},{"duration":0,"transform":{"skX":1.55,"skY":1.55}}],"name":"chestUpper7"},{"frame":[{"duration":10,"curve":[0.25,0,1,0.18],"transform":{}},{"duration":5,"curve":[0.25,0,0,1],"transform":{"scX":0.9,"x":-124.83}},{"duration":5,"curve":[0.25,0,0,1],"transform":{"scX":0.9,"x":-330.19}},{"duration":15,"transform":{"scX":0.9,"x":-339.44}},{"duration":5,"curve":[0.25,0,1,0.46],"transform":{"scX":0.9,"x":-339.44}},{"duration":10,"curve":[0.25,0,0.75,1],"transform":{"scX":0.9,"x":-124.83}},{"duration":0,"transform":{}}],"name":"shadow"}],"duration":50,"slot":[],"name":"Attack D","ik":[]},{"frame":[],"ffd":[],"bone":[{"frame":[{"duration":40,"transform":{}},{"duration":0,"transform":{}}],"name":"root"},{"frame":[{"duration":10,"curve":[0.25,0,1,0.34],"transform":{}},{"duration":5,"curve":[0.25,0,0,1],"transform":{"y":-119.67}},{"duration":15,"curve":[0.25,0,1,0.39],"transform":{"y":21.89}},{"duration":10,"curve":[0.25,0,0.75,1],"transform":{"y":-119.67}},{"duration":0,"transform":{}}],"name":"mid"},{"frame":[{"duration":40,"transform":{}},{"duration":0,"transform":{}}],"name":"chestUpper"},{"frame":[{"duration":40,"transform":{}},{"duration":0,"transform":{}}],"name":"lowerregion"},{"frame":[{"duration":40,"transform":{}},{"duration":0,"transform":{}}],"name":"chestUpper2"},{"frame":[{"duration":40,"transform":{}},{"duration":0,"transform":{}}],"name":"head"},{"frame":[{"duration":10,"curve":[0.25,0,1,0.34],"transform":{}},{"duration":20,"transform":{"y":-267.57,"x":73.39}},{"duration":10,"curve":[0.25,0,0.75,1],"transform":{"y":-267.57,"x":73.39}},{"duration":0,"transform":{}}],"name":"leftArmA"},{"frame":[{"duration":40,"transform":{"skX":0.76,"skY":0.76}},{"duration":0,"transform":{"skX":0.76,"skY":0.76}}],"name":"left Arm A"},{"frame":[{"duration":40,"transform":{"skX":-1.25,"skY":-1.25}},{"duration":0,"transform":{"skX":-1.25,"skY":-1.25}}],"name":"chestUpper4"},{"frame":[{"duration":10,"curve":[0.25,0,1,0.34],"transform":{}},{"duration":20,"transform":{"y":23.71,"x":36.13}},{"duration":10,"curve":[0.25,0,0.75,1],"transform":{"y":23.71,"x":36.13}},{"duration":0,"transform":{}}],"name":"legtArmBIK"},{"frame":[{"duration":40,"transform":{"skX":1.59,"skY":1.59}},{"duration":0,"transform":{"skX":1.59,"skY":1.59}}],"name":"left Arm B"},{"frame":[{"duration":40,"transform":{"skX":-2.34,"skY":-2.34}},{"duration":0,"transform":{"skX":-2.34,"skY":-2.34}}],"name":"chestUpper6"},{"frame":[{"duration":10,"curve":[0.25,0,1,0.34],"transform":{}},{"duration":20,"transform":{"y":58.71,"x":-40.64}},{"duration":10,"curve":[0.25,0,0.75,1],"transform":{"y":58.71,"x":-40.64}},{"duration":0,"transform":{}}],"name":"Right Arm B"},{"frame":[{"duration":40,"transform":{"skX":-0.28,"skY":-0.28}},{"duration":0,"transform":{"skX":-0.28,"skY":-0.28}}],"name":"Right ARm B1"},{"frame":[{"duration":40,"transform":{"skX":0.76,"skY":0.76}},{"duration":0,"transform":{"skX":0.76,"skY":0.76}}],"name":"chestUpper5"},{"frame":[{"duration":10,"curve":[0.25,0,1,0.34],"transform":{}},{"duration":20,"transform":{"y":-298.06,"x":-79.03}},{"duration":10,"curve":[0.25,0,0.75,1],"transform":{"y":-298.06,"x":-79.03}},{"duration":0,"transform":{}}],"name":"Right Arm IK"},{"frame":[{"duration":40,"transform":{"skX":-2.02,"skY":-2.02}},{"duration":0,"transform":{"skX":-2.02,"skY":-2.02}}],"name":"chestUpper3"},{"frame":[{"duration":40,"transform":{"skX":1.55,"skY":1.55}},{"duration":0,"transform":{"skX":1.55,"skY":1.55}}],"name":"chestUpper7"},{"frame":[{"duration":10,"curve":[0.25,0,1,0.34],"transform":{}},{"duration":5,"curve":[0.25,0,0,1],"transform":{"scX":0.8}},{"duration":15,"curve":[0.25,0,1,0.39],"transform":{"scX":1.11}},{"duration":10,"curve":[0.25,0,0.75,1],"transform":{"scX":0.85}},{"duration":0,"transform":{}}],"name":"shadow"}],"duration":40,"slot":[],"name":"Attack E","ik":[]},{"frame":[],"ffd":[],"bone":[{"frame":[{"duration":30,"transform":{}},{"duration":0,"transform":{}}],"name":"root"},{"frame":[{"duration":10,"curve":[0.25,0,0,1],"transform":{}},{"duration":20,"curve":[0.25,0,0.75,1],"transform":{"y":49.97,"x":78.8}},{"duration":0,"transform":{}}],"name":"mid"},{"frame":[{"duration":30,"transform":{}},{"duration":0,"transform":{}}],"name":"chestUpper"},{"frame":[{"duration":10,"curve":[0.25,0,0,1],"transform":{}},{"duration":20,"curve":[0.25,0,0.75,1],"transform":{"skX":12.44,"skY":12.44}},{"duration":0,"transform":{}}],"name":"lowerregion"},{"frame":[{"duration":30,"transform":{}},{"duration":0,"transform":{}}],"name":"chestUpper2"},{"frame":[{"duration":30,"transform":{}},{"duration":0,"transform":{}}],"name":"head"},{"frame":[{"duration":30,"transform":{}},{"duration":0,"transform":{}}],"name":"leftArmA"},{"frame":[{"duration":30,"transform":{"skX":0.76,"skY":0.76}},{"duration":0,"transform":{"skX":0.76,"skY":0.76}}],"name":"left Arm A"},{"frame":[{"duration":30,"transform":{"skX":-1.25,"skY":-1.25}},{"duration":0,"transform":{"skX":-1.25,"skY":-1.25}}],"name":"chestUpper4"},{"frame":[{"duration":30,"transform":{}},{"duration":0,"transform":{}}],"name":"legtArmBIK"},{"frame":[{"duration":30,"transform":{"skX":1.59,"skY":1.59}},{"duration":0,"transform":{"skX":1.59,"skY":1.59}}],"name":"left Arm B"},{"frame":[{"duration":30,"transform":{"skX":-2.34,"skY":-2.34}},{"duration":0,"transform":{"skX":-2.34,"skY":-2.34}}],"name":"chestUpper6"},{"frame":[{"duration":30,"transform":{}},{"duration":0,"transform":{}}],"name":"Right Arm B"},{"frame":[{"duration":30,"transform":{"skX":-0.28,"skY":-0.28}},{"duration":0,"transform":{"skX":-0.28,"skY":-0.28}}],"name":"Right ARm B1"},{"frame":[{"duration":30,"transform":{"skX":0.76,"skY":0.76}},{"duration":0,"transform":{"skX":0.76,"skY":0.76}}],"name":"chestUpper5"},{"frame":[{"duration":30,"transform":{}},{"duration":0,"transform":{}}],"name":"Right Arm IK"},{"frame":[{"duration":30,"transform":{"skX":-2.02,"skY":-2.02}},{"duration":0,"transform":{"skX":-2.02,"skY":-2.02}}],"name":"chestUpper3"},{"frame":[{"duration":30,"transform":{"skX":1.55,"skY":1.55}},{"duration":0,"transform":{"skX":1.55,"skY":1.55}}],"name":"chestUpper7"},{"frame":[{"duration":10,"curve":[0.25,0,0,1],"transform":{}},{"duration":20,"curve":[0.25,0,0.75,1],"transform":{"scX":0.92}},{"duration":0,"transform":{}}],"name":"shadow"}],"duration":30,"slot":[],"name":"Damage","ik":[]},{"frame":[],"ffd":[],"bone":[{"frame":[{"duration":60,"transform":{}},{"duration":0,"transform":{}}],"name":"root"},{"frame":[{"duration":30,"curve":[0.25,0,0.435,0.98],"transform":{}},{"duration":30,"curve":[0.25,0,0.75,1],"transform":{"y":-40.83}},{"duration":0,"transform":{}}],"name":"mid"},{"frame":[{"duration":60,"transform":{}},{"duration":0,"transform":{}}],"name":"chestUpper"},{"frame":[{"duration":30,"curve":[0.25,0,0.435,0.98],"transform":{}},{"duration":30,"curve":[0.281,0.47,0.606,0.95],"transform":{"skX":-3.04,"skY":-3.04}},{"duration":0,"transform":{}}],"name":"lowerregion"},{"frame":[{"duration":60,"transform":{}},{"duration":0,"transform":{}}],"name":"chestUpper2"},{"frame":[{"duration":60,"transform":{}},{"duration":0,"transform":{}}],"name":"head"},{"frame":[{"duration":60,"transform":{}},{"duration":0,"transform":{}}],"name":"leftArmA"},{"frame":[{"duration":60,"transform":{"skX":0.76,"skY":0.76}},{"duration":0,"transform":{"skX":0.76,"skY":0.76}}],"name":"left Arm A"},{"frame":[{"duration":60,"transform":{"skX":-1.25,"skY":-1.25}},{"duration":0,"transform":{"skX":-1.25,"skY":-1.25}}],"name":"chestUpper4"},{"frame":[{"duration":60,"transform":{}},{"duration":0,"transform":{}}],"name":"legtArmBIK"},{"frame":[{"duration":60,"transform":{"skX":1.59,"skY":1.59}},{"duration":0,"transform":{"skX":1.59,"skY":1.59}}],"name":"left Arm B"},{"frame":[{"duration":60,"transform":{"skX":-2.34,"skY":-2.34}},{"duration":0,"transform":{"skX":-2.34,"skY":-2.34}}],"name":"chestUpper6"},{"frame":[{"duration":60,"transform":{}},{"duration":0,"transform":{}}],"name":"Right Arm B"},{"frame":[{"duration":60,"transform":{"skX":-0.28,"skY":-0.28}},{"duration":0,"transform":{"skX":-0.28,"skY":-0.28}}],"name":"Right ARm B1"},{"frame":[{"duration":60,"transform":{"skX":0.76,"skY":0.76}},{"duration":0,"transform":{"skX":0.76,"skY":0.76}}],"name":"chestUpper5"},{"frame":[{"duration":60,"transform":{}},{"duration":0,"transform":{}}],"name":"Right Arm IK"},{"frame":[{"duration":60,"transform":{"skX":-2.02,"skY":-2.02}},{"duration":0,"transform":{"skX":-2.02,"skY":-2.02}}],"name":"chestUpper3"},{"frame":[{"duration":60,"transform":{"skX":1.55,"skY":1.55}},{"duration":0,"transform":{"skX":1.55,"skY":1.55}}],"name":"chestUpper7"},{"frame":[{"duration":60,"transform":{}},{"duration":0,"transform":{}}],"name":"shadow"}],"duration":60,"slot":[],"name":"Idle","ik":[]}],"skin":[{"name":"","slot":[{"display":[{"slotPose":[1,0,0,1,0,0],"vertices":[65.75,-440.36,77.42,-453.04,89.1,-465.74,102.01,-470.47,120.83,-462.3,139.64,-454.12,133.25,-416.56,138.94,-408.63,141.87,-417.28,164.77,-418.92,187.67,-420.56,195.62,-422.28,190.95,-426.56,176.34,-427.14,161.62,-443.64,181.84,-449.41,175.2,-500.41,168.56,-551.42,161.92,-602.42,155.28,-653.43,157.84,-668.8,152.93,-710.27,158.29,-754.13,162.86,-765.64,178.49,-735.27,194.12,-704.89,190.18,-698.23,196.87,-691.3,208.11,-647.55,219.35,-603.8,227.46,-570.76,235.56,-537.71,243.67,-504.68,251.77,-471.64,262.54,-473.03,262.67,-453.12,255.65,-437.14,248.67,-439.08,251.36,-432.79,244.77,-424.12,249.81,-415.85,247.93,-398.24,240.98,-396.21,240.06,-383.59,244.22,-357.62,218.69,-351.14,215.23,-373.03,201.26,-352.03,187.28,-331.02,167.45,-317.66,155.16,-317.59,139.75,-340.86,124.32,-364.14,104.9,-390.25,89.26,-396.12,73.61,-401.99,65.84,-425.18,202.15,-536.74,184.27,-629,157.54,-368.13,224,-449.94,200.76,-474.72,188.91,-591.94,179.11,-371.93,197.33,-628.88,115.54,-426.88,221.31,-504.19,213.49,-554.79,192.99,-383.75,88.1,-431.55,169.87,-682.51,211.6,-416.66,143.99,-364.62,188.58,-543.35,194.97,-501.61,236.26,-480.51,201.64,-576.73,170.59,-641.28,188.14,-659.81,177.11,-593.21,229.44,-407.26,218.76,-465.25,149.43,-395.53,167.93,-708.2,101.41,-434.82],"path":"Folder 2 Copy 5","width":197,"weights":[1,13,1,1,13,1,1,13,1,1,13,1,1,13,1,1,13,1,2,13,0.96344,18,0.03656,2,13,0.80165,18,0.19835,2,13,0.65012,18,0.34988,2,13,0.28559,18,0.71441,2,13,0.04325,18,0.95675,2,13,0.00903,18,0.99097,2,13,0.00185,18,0.99815,1,18,1,1,18,1,1,18,1,1,18,1,1,18,1,1,18,1,1,18,1,1,18,1,1,18,1,1,18,1,1,18,1,1,18,1,1,18,1,1,18,1,1,18,1,1,18,1,1,18,1,1,18,1,1,18,1,1,18,1,1,18,1,1,18,1,1,18,1,1,18,1,1,18,1,1,18,1,1,18,1,1,18,1,1,18,1,1,18,1,1,18,1,1,18,1,1,18,1,1,18,1,1,18,1,2,13,0.04253,18,0.95747,2,13,0.15356,18,0.84644,2,13,0.20165,18,0.79835,2,13,0.56236,18,0.43764,1,13,1,1,13,1,1,13,1,1,13,1,1,13,1,1,18,1,1,18,1,1,18,1,1,18,1,1,18,1,1,18,1,1,18,1,1,18,1,1,13,1,1,18,1,1,18,1,1,18,1,1,13,1,1,18,1,1,18,1,1,13,1,1,18,1,1,18,1,1,18,1,1,18,1,1,18,1,1,18,1,1,18,1,1,18,1,1,18,1,2,13,0.61193,18,0.38807,1,18,1,1,13,1],"triangles":[32,75,33,37,36,35,33,37,35,33,35,34,60,37,33,81,60,75,42,41,40,80,42,40,75,60,33,37,39,38,31,66,32,39,80,40,60,39,37,30,67,31,66,75,32,43,46,44,28,64,29,71,80,39,60,71,39,46,45,44,80,46,43,80,43,42,57,66,31,66,61,75,61,81,75,67,57,31,27,78,28,11,71,60,29,76,30,68,46,80,71,68,80,76,67,30,57,74,66,74,61,66,81,15,60,15,12,60,12,11,60,61,15,81,62,76,29,64,62,29,11,68,71,76,73,67,73,57,67,68,47,46,10,68,11,58,62,64,68,63,47,78,64,28,58,79,62,73,16,74,70,78,27,78,58,64,74,16,61,73,74,57,62,79,76,79,17,76,17,73,76,77,58,78,24,83,25,16,15,61,63,48,47,10,9,68,26,70,27,23,22,24,18,79,58,17,16,73,15,13,12,9,82,68,83,26,25,63,59,48,82,63,68,83,70,26,70,20,78,59,51,48,51,49,48,19,77,78,20,19,78,77,18,58,14,13,15,51,50,49,82,59,63,18,17,79,21,83,24,22,21,24,83,21,70,19,18,77,72,51,59,21,20,70,8,82,9,8,7,82,82,72,59,65,6,5,7,53,82,53,52,82,52,72,82,52,51,72,4,65,5,6,53,7,84,65,4,65,53,6,54,53,65,3,84,4,3,2,84,84,69,65,69,54,65,69,55,54,2,1,84,1,69,84,56,55,69,1,0,69,0,56,69],"type":"mesh","transform":{},"userEdges":[],"uvs":[0,0.72466,0.05968,0.6965,0.11937,0.66834,0.18509,0.65797,0.28031,0.67649,0.37553,0.69502,0.34182,0.77876,0.37047,0.79655,0.38564,0.77728,0.50193,0.77394,0.61821,0.77061,0.65866,0.7669,0.63506,0.75727,0.56091,0.75579,0.48676,0.71873,0.58956,0.70614,0.55754,0.59219,0.52552,0.47825,0.4935,0.36431,0.46148,0.25037,0.47496,0.21609,0.45137,0.12346,0.48002,0.02563,0.50361,0,0.58198,0.06803,0.66034,0.13605,0.64012,0.15088,0.67382,0.16644,0.72944,0.26426,0.78505,0.36208,0.82512,0.43594,0.86518,0.50981,0.90524,0.58367,0.94531,0.65753,1,0.65457,1,0.69903,0.96384,0.7346,0.92845,0.73016,0.94194,0.74424,0.90823,0.7635,0.93351,0.78203,0.9234,0.82131,0.88801,0.82575,0.88295,0.85391,0.90317,0.91193,0.77341,0.92601,0.75656,0.8771,0.68493,0.92379,0.61331,0.97048,0.51219,1,0.44984,1,0.37231,0.94781,0.29479,0.89563,0.19704,0.83708,0.11784,0.82374,0.03863,0.81041,0,0.75853,0.69557,0.51152,0.60778,0.3053,0.46354,0.88721,0.80357,0.70557,0.68645,0.64991,0.63017,0.38809,0.57318,0.87904,0.67411,0.30575,0.25226,0.75547,0.79174,0.58445,0.75367,0.47137,0.64403,0.85286,0.1132,0.74464,0.53644,0.18567,0.73955,0.77968,0.39466,0.89485,0.62686,0.49655,0.65794,0.58981,0.86682,0.63752,0.69429,0.42223,0.53877,0.2777,0.62848,0.23661,0.57028,0.3851,0.8298,0.80091,0.77747,0.6713,0.42329,0.82594,0.52747,0.12829,0.1808,0.73756],"edges":[0,56,56,55,55,54,54,53,53,52,52,51,51,50,50,49,49,48,48,47,47,46,46,45,45,44,44,43,43,42,42,41,41,40,40,39,39,38,38,37,37,36,36,35,35,34,34,33,33,32,32,31,31,30,30,29,29,28,28,27,27,26,26,25,25,24,24,23,23,22,22,21,21,20,20,19,19,18,18,17,17,16,16,15,15,14,14,13,13,12,12,11,11,10,10,9,9,8,8,7,7,6,6,5,5,4,4,3,3,2,2,1,1,0],"height":448,"name":"Folder 2 Copy 5","bonePose":[13,0.6000014291326624,0.7999989281485087,-0.7999989281485087,0.6000014291326624,94.74185164138405,-434.2674876066121,18,0.8514524590239023,-0.5244317973027092,0.5244317973027092,0.8514524590239023,147.33797379292344,-365.88958156511103]}],"name":"Folder 2 Copy 5"},{"display":[{"slotPose":[1,0,0,1,0,0],"vertices":[-39.58,-362.27,-54.58,-375.01,-65.76,-385.19,-76.93,-395.38,-68.17,-408.68,-69.58,-423.4,-59.39,-435.43,-49.2,-447.45,-37.6,-452.62,-26,-457.78,-14.39,-462.94,-2.79,-468.11,12.07,-468.55,26.93,-469,36.48,-469,46.03,-469,55.58,-469,65.13,-469,76.31,-466.29,87.49,-463.59,97.61,-455.52,107.75,-447.46,107.75,-432.45,104.18,-397.36,88.62,-383.07,73.05,-368.78,55.51,-360.29,48.71,-361.42,35.42,-357.18,20.42,-343.6,9.1,-320.67,7.97,-315.01,22.97,-299.17,14.47,-285.02,5.99,-264.92,8.53,-242.57,-0.1,-229.72,-8.73,-216.87,-4.76,-204.7,-7.31,-184.33,-1.65,-173.45,2.88,-154.49,-5.6,-131.57,-12.4,-107.22,-18.06,-79.78,-24.57,-62.01,-41.27,-79.78,-48.15,-62.01,-62.87,-62,-63.44,-95.86,-64,-129.72,-60.33,-156.04,-56.65,-182.36,-65.14,-214.62,-57.5,-218.02,-63.94,-237.68,-70.38,-257.34,-76.82,-277,-83.25,-296.66,-83.26,-304.59,-74.39,-311.38,-65.53,-318.16,-62.7,-325.24,-48.83,-337.41,-40.06,-351.27,-4.51,-383.58,-40.83,-282.9,26.95,-407.31,-18.9,-326.96,-25.2,-251.52,-29.43,-415.6,-31.21,-144.92,-31.13,-199.63,-1.47,-433.54,-13.28,-276.37,41.19,-412.51,63.19,-410.98,84.17,-417.9,-41.04,-117.1,14.32,-374.35,-26.45,-367.86,0.26,-347.43,-58.32,-304.18,-51.74,-405.41,-36.7,-312.97,-45,-241.89,-47.35,-180.19,12.37,-422.78,-17.04,-420.2,-12.35,-156.51,-0.58,-302.62,57.34,-440.36,71.42,-440.35,52.84,-378.61,-55.68,-264.8,-6.54,-250.46,-40.36,-385.25,35.14,-436.85,-20.65,-224.11,-25.86,-173.1,-23.51,-394.51,-22.58,-292.25,72.22,-399.95,-14.61,-363.99,-21.41,-138.4,-48.79,-145.59,34.24,-376.45,-44.62,-423.63,9.53,-404.31],"path":"Folder 2 Copy 2","width":191,"weights":[3,9,0.10693,7,0.87533,8,0.01773,2,9,0.34912,7,0.65088,2,9,0.48572,7,0.51428,2,9,0.54863,7,0.45137,2,9,0.63178,7,0.36822,2,9,0.73607,7,0.26393,2,9,0.82004,7,0.17996,2,9,0.90065,7,0.09935,2,9,0.94825,7,0.05175,2,9,0.98326,7,0.01674,2,9,0.99807,7,0.00193,1,9,1,1,9,1,1,9,1,1,9,1,1,9,1,2,9,0.99984,7,0.00016,2,9,0.99875,7,0.00125,2,9,0.9953,7,0.0047,2,9,0.99052,7,0.00948,2,9,0.9821,7,0.0179,2,9,0.97358,7,0.02642,2,9,0.95557,7,0.04443,2,9,0.86887,7,0.13113,2,9,0.78743,7,0.21257,2,9,0.6527,7,0.3473,2,9,0.50497,7,0.49503,2,9,0.44125,7,0.55875,2,9,0.22657,7,0.77343,2,9,0.02536,7,0.97464,2,7,0.84128,8,0.15872,2,7,0.64069,8,0.35931,2,7,0.23322,8,0.76678,2,7,0.11012,8,0.88988,2,7,0.00376,8,0.99624,1,8,1,1,8,1,1,8,1,1,8,1,1,8,1,1,8,1,1,8,1,1,8,1,1,8,1,1,8,1,1,8,1,1,8,1,1,8,1,1,8,1,1,8,1,1,8,1,1,8,1,1,8,1,1,8,1,1,8,1,1,8,1,1,8,1,2,7,0.00909,8,0.99091,2,7,0.04723,8,0.95277,2,7,0.06243,8,0.93757,2,7,0.10477,8,0.89523,2,7,0.21263,8,0.78737,2,7,0.31179,8,0.68821,3,9,0.0003,7,0.61949,8,0.38021,3,9,0.02035,7,0.87884,8,0.1008,2,9,0.01935,7,0.98065,2,7,0.00573,8,0.99427,2,9,0.8855,7,0.1145,2,7,0.8565,8,0.1435,1,8,1,2,9,0.81431,7,0.18569,1,8,1,1,8,1,2,9,0.99988,7,0.00012,2,7,0.00061,8,0.99939,2,9,0.89008,7,0.10992,2,9,0.86888,7,0.13112,2,9,0.91252,7,0.08748,1,8,1,2,9,0.12281,7,0.87719,3,9,0.07897,7,0.91683,8,0.00421,2,9,0.00017,7,0.99983,2,7,0.11943,8,0.88057,2,9,0.62218,7,0.37782,2,7,0.3046,8,0.6954,1,8,1,1,8,1,2,9,0.99965,7,0.00035,2,9,0.93324,7,0.06676,1,8,1,2,7,0.28687,8,0.71313,2,9,0.98011,7,0.01989,2,9,0.97387,7,0.02613,2,9,0.57885,7,0.42115,1,8,1,1,8,1,2,9,0.36121,7,0.63879,2,9,0.99114,7,0.00886,1,8,1,1,8,1,2,9,0.48532,7,0.51468,1,8,1,2,9,0.81635,7,0.18365,3,9,0.01079,7,0.98834,8,0.00087,1,8,1,1,8,1,2,9,0.39474,7,0.60527,2,9,0.80719,7,0.19281,2,9,0.98277,7,0.01723],"triangles":[21,20,22,20,92,22,92,77,22,77,23,22,102,24,23,77,102,23,19,92,20,18,92,19,102,25,24,102,93,25,92,76,77,76,102,77,17,91,92,91,76,92,17,92,18,16,91,17,93,26,25,76,93,102,16,15,91,91,75,76,75,93,76,97,75,91,67,106,75,14,97,15,75,106,93,93,27,26,15,97,91,106,27,93,106,28,27,13,97,14,87,67,97,97,67,75,108,79,67,67,79,106,106,79,28,12,73,97,13,12,97,79,29,28,73,87,97,79,81,29,87,108,67,11,73,12,108,65,79,81,30,29,90,33,32,31,90,32,11,10,73,34,95,35,74,34,33,90,74,33,103,81,79,65,103,79,81,68,30,88,108,87,73,88,87,100,65,108,88,100,108,68,31,30,95,36,35,68,90,31,101,74,90,40,89,41,89,42,41,74,95,34,89,104,42,10,9,73,103,68,81,95,98,36,98,37,36,68,101,90,74,69,95,69,98,95,9,88,73,39,99,40,99,89,40,84,101,68,64,68,103,72,39,38,104,43,42,80,103,65,100,80,65,37,72,38,9,8,88,70,100,88,104,78,43,72,99,39,98,72,37,107,70,88,8,107,88,80,64,103,46,44,43,78,46,43,71,104,89,99,71,89,101,66,74,66,69,74,96,80,100,69,85,98,64,63,68,46,45,44,0,64,80,63,84,68,72,86,99,66,94,69,54,72,98,85,54,98,71,78,104,7,107,8,105,71,99,70,83,100,83,96,100,84,66,101,86,105,99,94,85,69,105,78,71,96,0,80,78,49,46,51,105,86,82,66,84,107,83,70,1,0,96,52,86,72,54,52,72,54,53,52,7,6,107,105,50,78,63,62,84,62,82,84,62,61,82,55,54,85,83,2,96,2,1,96,50,49,78,48,47,46,57,94,66,82,57,66,49,48,46,56,55,94,52,51,86,94,55,85,5,83,107,6,5,107,5,4,83,51,50,105,4,2,83,58,57,82,4,3,2,57,56,94,60,58,82,61,60,82,59,58,60],"type":"mesh","transform":{},"userEdges":[],"uvs":[0.22866,0.26224,0.15013,0.23095,0.09161,0.20592,0.03308,0.18089,0.07901,0.14821,0.07161,0.11205,0.12495,0.0825,0.17829,0.05295,0.23904,0.04026,0.29978,0.02757,0.36053,0.01488,0.42128,0.00219,0.49907,0.00109,0.57686,0,0.62686,0,0.67687,0,0.72688,0,0.77688,0,0.83541,0.00666,0.89394,0.01331,0.94697,0.03313,1,0.05295,1,0.0898,0.98135,0.17602,0.89986,0.21114,0.81837,0.24625,0.72651,0.26711,0.69095,0.26433,0.62131,0.27476,0.54278,0.30814,0.48351,0.36446,0.47758,0.37836,0.55611,0.4173,0.51166,0.45207,0.46721,0.50144,0.48055,0.55637,0.43538,0.58794,0.39021,0.61951,0.41096,0.64941,0.39762,0.69947,0.42726,0.72619,0.45096,0.77277,0.40651,0.8291,0.37095,0.88889,0.34132,0.95634,0.30724,1,0.21982,0.95634,0.18373,1,0.10668,1,0.10372,0.91681,0.10076,0.83363,0.12002,0.76896,0.13928,0.70429,0.09483,0.62503,0.13484,0.61668,0.10113,0.56838,0.06742,0.52007,0.03371,0.47177,0,0.42346,0,0.40399,0.0464,0.38731,0.09281,0.37062,0.10762,0.35324,0.18023,0.32334,0.22616,0.28927,0.41228,0.20988,0.22213,0.45727,0.57699,0.15157,0.33695,0.349,0.30395,0.53437,0.2818,0.13121,0.27247,0.79628,0.27293,0.66187,0.42823,0.08713,0.36634,0.47331,0.65152,0.1388,0.76677,0.14256,0.87655,0.12556,0.221,0.86464,0.51085,0.23258,0.2974,0.24852,0.4373,0.29872,0.13057,0.40498,0.16498,0.15624,0.24373,0.38338,0.20028,0.55802,0.18797,0.70963,0.50064,0.11355,0.34672,0.1199,0.37124,0.7678,0.43283,0.40881,0.73613,0.07039,0.80981,0.0704,0.71258,0.2221,0.14433,0.50176,0.40166,0.53699,0.2246,0.2058,0.61986,0.079,0.32777,0.60171,0.30045,0.72703,0.31277,0.18304,0.31765,0.43431,0.814,0.16967,0.35941,0.25802,0.32379,0.8123,0.18045,0.79463,0.61514,0.22742,0.20228,0.11149,0.4858,0.15895],"edges":[58,57,57,56,56,55,55,54,54,53,53,52,52,51,51,50,50,49,49,48,48,47,47,46,46,45,45,44,44,43,43,42,42,41,41,40,40,39,39,38,38,37,37,36,36,35,35,34,34,33,33,32,32,31,31,30,30,29,29,28,28,27,27,26,26,25,25,24,24,23,23,22,22,21,21,20,20,19,19,18,18,17,17,16,16,15,15,14,14,13,13,12,12,11,11,10,10,9,9,8,8,7,7,6,6,5,5,4,4,3,3,2,2,1,1,0,0,64,64,63,63,62,62,61,61,60,60,59,59,58],"height":407,"name":"Folder 2 Copy 2","bonePose":[9,0.14815463378093782,-0.9889642078908802,0.9889642078908802,0.14815463378093782,0.7271056142938725,-392.3030975900548,7,0.14815463378093782,-0.9889642078908802,0.9889642078908802,0.14815463378093782,-9.3,-325.37,8,-0.04902409360756103,0.9987975962355722,-0.9987975962355722,-0.04902409360756103,-17.97,-300.44]}],"name":"Folder 2 Copy 2"},{"display":[{"path":"Folder 2 Copy 3","type":"image","name":"Folder 2 Copy 3","transform":{"skX":109.78,"skY":109.78,"y":7.59,"x":23.28}}],"name":"Folder 2 Copy 3"},{"display":[{"slotPose":[1,0,0,1,0,0],"vertices":[-37.07,-430.11,-73.84,-420.36,-77.39,-403.53,-96.88,-392.01,-113.71,-412.39,-166.87,-407.53,-152.25,-426.13,-146.04,-448.29,-169.08,-439.43,-209.36,-720.02,-220.89,-720.02,-245.72,-437.21,-256.35,-439.43,-252.37,-404.88,-237.31,-403.1,-238.64,-393.36,-232.88,-388.05,-230.67,-378.74,-217.82,-369.88,-212.95,-353.93,-217.83,-345.07,-211.62,-320.26,-187.7,-319.38,-185.04,-337.54,-138.09,-298.01,-119.48,-298.01,-94.67,-332.21,-75.62,-330.44,-83.6,-349.04,-55.23,-372.96,-41.51,-368.98,-44.61,-381.82,-25.56,-383.15,-26,-429.22],"path":"Folder 2 Copy 6","width":585,"weights":[1,11,1,1,11,1,2,11,0.9916,17,0.0084,2,11,0.72282,17,0.27718,2,11,0.2791,17,0.7209,2,11,0.003,17,0.997,1,17,1,1,17,1,1,17,1,1,17,1,1,17,1,1,17,1,1,17,1,1,17,1,1,17,1,1,17,1,1,17,1,1,17,1,1,17,1,1,17,1,1,17,1,1,17,1,1,17,1,1,17,1,2,11,0.00334,17,0.99666,2,11,0.02542,17,0.97458,2,11,0.6886,17,0.3114,2,11,0.9853,17,0.0147,2,11,0.99295,17,0.00705,1,11,1,1,11,1,1,11,1,1,11,1,1,11,1],"triangles":[1,31,0,33,0,32,0,31,32,1,2,31,31,29,30,2,29,31,2,3,29,3,28,29,10,11,9,9,11,8,28,26,27,3,26,28,4,5,3,5,23,3,24,25,26,3,23,26,23,24,26,18,23,5,8,6,7,18,19,23,8,5,6,16,18,5,8,14,5,14,16,5,11,14,8,21,22,23,20,21,23,19,20,23,16,17,18,14,15,16,11,13,14,12,13,11],"type":"mesh","transform":{},"userEdges":[],"uvs":[0.38492,0.68695,0.32207,0.71004,0.31601,0.74994,0.28269,0.77723,0.25391,0.72894,0.16304,0.74049,0.18803,0.6964,0.19863,0.64391,0.15926,0.6649,0.09035,0,0.07066,0,0.02825,0.67015,0.01007,0.6649,0.01689,0.74679,0.04264,0.75098,0.04037,0.77408,0.05021,0.78668,0.054,0.80872,0.07596,0.82972,0.08429,0.86751,0.07596,0.8885,0.08656,0.94729,0.12745,0.94939,0.13199,0.90635,0.21226,1,0.24407,1,0.28648,0.91895,0.31904,0.92315,0.30541,0.87906,0.35387,0.82237,0.37735,0.83182,0.37205,0.80137,0.40461,0.79822,0.40385,0.68905],"edges":[12,13,13,14,14,15,15,16,16,17,17,18,18,19,19,20,20,21,21,22,22,23,23,24,24,25,25,26,26,27,27,28,28,29,29,30,30,31,31,32,32,33,33,0,0,1,1,2,2,3,3,4,4,5,5,6,6,7,7,8,8,9,9,10,10,11,11,12],"height":422,"name":"Folder 2 Copy 6","bonePose":[11,-0.7751650613333935,0.631758757507956,-0.631758757507956,-0.7751650613333935,-52.74450475166427,-396.6127245891299,17,-0.9068969898099272,-0.4213524058002908,0.4213524058002908,-0.9068969898099272,-106.7735095266018,-352.5791391908254]}],"name":"Folder 2 Copy 6"},{"display":[{"slotPose":[1,0,0,1,0,0],"vertices":[-29.78,-407.44,-56.16,-399.12,-53.12,-371.08,-71.78,-358.03,-86.14,-369.04,-110.95,-358.68,-135.75,-348.31,-132.67,-389.08,-156.24,-374.76,-171.87,-402.99,-187.51,-431.22,-203.14,-459.45,-218.78,-487.68,-234.42,-515.91,-250.05,-544.14,-265.68,-572.37,-281.32,-600.6,-304.92,-613.64,-304.32,-591.62,-303.74,-569.58,-293.27,-541.31,-282.8,-513.03,-272.34,-484.76,-261.87,-456.48,-251.41,-428.2,-240.95,-399.93,-230.48,-371.65,-220.02,-343.39,-240.6,-331.42,-210.7,-307.9,-198.28,-312.8,-200.69,-303.61,-191.79,-297.77,-187.77,-289.52,-170.21,-286.94,-160.78,-275.42,-165,-262.76,-143.45,-252.87,-127.51,-254.27,-126.83,-271.01,-102.65,-262.82,-78.49,-254.62,-63.29,-255.04,-53.34,-280.5,-43.38,-305.96,-27.58,-312.09,-37.03,-324,-27.3,-358.09,-16.76,-361.79,-5.31,-372.37,-6.16,-403.9,-205.3,-407.02,-266.41,-528.55,-86.53,-308.84,-226.43,-423.36,-198.3,-378.49,-136,-298.12,-249.28,-504.21,-222.41,-401.75,-103.24,-336.48,-188.12,-346.71,-168.02,-323.7,-228.78,-460.58,-100.68,-293.25,-73.17,-290.84,-66.87,-327.84,-257.83,-492.57,-273.75,-545.61,-133.31,-323.92,-94.8,-277.43,-156.26,-343.49,-217.36,-386.06,-51.22,-347.8,-111.95,-312.13,-239.51,-435.07,-174.17,-369.29,-27.81,-381.96,-153.67,-301.62,-210.22,-436.32,-64.54,-276.67,-246.93,-474.44,-287.09,-573.9,-82.9,-340.05,-203.08,-337.83,-60.06,-306.34,-187.47,-397.78,-145.21,-363.96],"path":"Layer 11","width":293,"weights":[1,12,1,1,12,1,2,12,0.98111,16,0.01889,2,12,0.65749,16,0.34251,2,12,0.38088,16,0.61912,2,12,0.13753,16,0.86247,2,12,0.00764,16,0.99236,1,16,1,1,16,1,1,16,1,1,16,1,1,16,1,1,16,1,1,16,1,1,16,1,1,16,1,1,16,1,1,16,1,1,16,1,1,16,1,1,16,1,1,16,1,1,16,1,1,16,1,1,16,1,1,16,1,1,16,1,1,16,1,1,16,1,1,16,1,1,16,1,1,16,1,1,16,1,1,16,1,1,16,1,1,16,1,1,16,1,1,16,1,1,16,1,1,16,1,1,16,1,2,12,0.01286,16,0.98714,2,12,0.03237,16,0.96763,2,12,0.22323,16,0.77677,2,12,0.905,16,0.095,1,12,1,1,12,1,1,12,1,1,12,1,1,12,1,1,12,1,1,16,1,1,16,1,1,16,1,1,16,1,1,16,1,1,16,1,1,16,1,1,16,1,2,12,0.09061,16,0.90939,1,16,1,1,16,1,1,16,1,1,16,1,2,12,0.08391,16,0.91609,2,12,0.72188,16,0.27812,1,16,1,1,16,1,2,12,0.00097,16,0.99903,2,12,0.00015,16,0.99985,1,16,1,1,16,1,2,12,0.96882,16,0.03118,1,16,1,1,16,1,1,16,1,1,12,1,1,16,1,1,16,1,2,12,0.10566,16,0.89434,1,16,1,1,16,1,2,12,0.36131,16,0.63869,1,16,1,2,12,0.58329,16,0.41671,1,16,1,2,12,0.00003,16,0.99997],"triangles":[0,76,50,50,76,49,76,48,49,76,47,48,0,1,76,1,2,76,72,46,47,76,2,47,2,72,47,46,44,45,72,65,46,84,44,46,65,84,46,79,42,43,84,43,44,84,64,43,2,3,72,3,65,72,64,79,43,3,82,65,79,41,42,65,53,84,53,64,84,69,41,79,64,69,79,82,53,65,4,82,3,59,53,82,53,63,64,63,69,64,4,5,82,5,59,82,69,40,41,59,73,53,73,63,53,63,39,69,39,40,69,68,73,59,5,6,59,73,56,63,56,39,63,6,68,59,68,56,73,77,56,68,6,70,68,8,86,7,56,35,39,35,37,39,37,38,39,77,35,56,61,77,68,70,61,68,86,70,6,75,70,8,34,35,77,35,36,37,8,70,86,75,60,70,9,75,8,61,34,77,32,34,61,60,61,70,85,75,9,85,55,75,32,33,34,10,85,9,30,32,61,60,30,61,83,30,60,51,85,10,55,60,75,27,83,55,30,31,32,55,83,60,11,78,10,78,51,10,51,55,85,51,71,55,26,27,55,78,54,51,12,62,11,83,29,30,71,26,55,27,29,83,58,71,51,62,78,11,54,58,51,27,28,29,74,54,78,62,74,78,13,57,12,80,62,12,57,80,12,58,25,71,25,26,71,54,25,58,57,66,80,23,74,62,74,24,54,24,25,54,80,23,62,52,57,13,14,52,13,23,24,74,15,67,14,52,21,57,66,22,80,22,23,80,67,52,14,21,66,57,16,81,15,21,22,66,81,67,15,67,20,52,20,21,52,81,20,67,18,81,16,19,20,81,17,18,16,18,19,81,86,6,7],"type":"mesh","transform":{},"userEdges":[],"uvs":[0.91973,0.58509,0.82895,0.60592,0.83673,0.68296,0.77188,0.71731,0.7239,0.68608,0.6383,0.71263,0.5527,0.73918,0.56697,0.62778,0.48526,0.66526,0.43452,0.58679,0.38378,0.50831,0.33304,0.42984,0.28229,0.35137,0.23155,0.2729,0.18081,0.19442,0.13007,0.11595,0.07933,0.03748,0,0,0,0.06038,0,0.12077,0.0331,0.19898,0.0662,0.27719,0.09929,0.3554,0.13239,0.43362,0.16549,0.51183,0.19859,0.59004,0.23169,0.66825,0.26479,0.74646,0.19345,0.7777,0.29332,0.84433,0.33612,0.83183,0.32704,0.85682,0.35687,0.87348,0.36984,0.89638,0.4295,0.90471,0.46062,0.93698,0.44506,0.97134,0.51769,1,0.57216,0.99737,0.57605,0.95156,0.65775,0.97578,0.73946,1,0.79134,1,0.82765,0.93101,0.86397,0.86203,0.91844,0.84641,0.88731,0.81309,0.92362,0.72044,0.95994,0.71107,1,0.68296,1,0.59655,0.32085,0.57326,0.12353,0.23591,0.71701,0.85094,0.25028,0.52693,0.34208,0.65191,0.54723,0.87662,0.17976,0.30384,0.26202,0.58642,0.66255,0.774,0.3739,0.7397,0.44037,0.8042,0.24566,0.42483,0.6673,0.89259,0.76094,0.90123,0.78584,0.80036,0.1495,0.33508,0.10009,0.18865,0.55882,0.80619,0.68593,0.93635,0.4823,0.75085,0.27779,0.62979,0.84107,0.74686,0.63058,0.84005,0.20671,0.49389,0.42358,0.67891,0.92409,0.65501,0.48729,0.86574,0.30675,0.49263,0.78906,0.94066,0.18501,0.38553,0.0572,0.11015,0.7323,0.76572,0.32206,0.76293,0.80709,0.85974,0.38084,0.59987,0.52191,0.69562],"edges":[17,18,18,19,19,20,20,21,21,22,22,23,23,24,24,25,25,26,26,27,27,28,28,29,29,30,30,31,31,32,32,33,33,34,34,35,35,36,36,37,37,38,38,39,39,40,40,41,41,42,42,43,43,44,44,45,45,46,46,47,47,48,48,49,49,50,50,0,0,1,1,2,2,3,3,4,4,5,5,6,6,7,7,8,8,9,9,10,10,11,11,12,12,13,13,14,14,15,15,16,16,17],"height":365,"name":"Layer 11","bonePose":[12,-0.5180270093731304,0.8553642601605065,-0.8553642601605065,-0.5180270093731304,-22.808025752676578,-381.39960771114704,16,-0.996931012244625,-0.07828509963528957,0.07828509963528957,-0.996931012244625,-64.45752124521522,-313.01419680196994]}],"name":"Layer 11"},{"display":[{"slotPose":[1,0,0,1,0,0],"vertices":[55.74,-418.11,78.49,-424.65,101.23,-431.19,117.58,-415.33,133.93,-399.47,113.32,-368.08,113.98,-354.35,120.84,-364.81,145.7,-358.1,170.54,-351.4,152.23,-367.75,153.54,-386.72,171.86,-381.81,184.28,-430.7,196.71,-479.59,209.14,-528.48,221.56,-577.36,232.45,-601.8,243.34,-626.24,265.11,-675.12,273.74,-677.74,273.74,-624.11,273.74,-570.48,273.74,-516.85,273.74,-463.23,267.41,-431.83,261.08,-400.44,254.76,-369.05,248.42,-337.66,231.74,-340.35,212.79,-306.01,203.3,-302.42,193.82,-270.7,170.28,-273.32,172.56,-294.24,141.66,-279.62,110.76,-264.99,89.51,-264.99,85.09,-301.04,80.68,-337.09,59.42,-358.02,55.75,-387.45,227.47,-420.52,241.59,-519.47,137.73,-325.92,255.28,-604.23,202.5,-359.15,243.18,-464.74,199.66,-410.47,258.13,-504.6,225.75,-510.31,77.69,-383.33,112.33,-304.55,228.53,-378.07,246.01,-547.83,218.55,-457.12,103.47,-378.92,101.45,-305.2,251.38,-437.24,153.65,-321.87,78.78,-399.82,184.2,-337.77,241.44,-385.62,247.98,-585.21,112.99,-394.43,262.24,-641.49,232,-544.78,185.51,-378.56,256.89,-540.78,205.34,-439.7,99.49,-330.2,209.75,-381.85,214.77,-344.59,218.65,-487.99],"path":"Layer 12","width":218,"weights":[1,14,1,1,14,1,1,14,1,1,14,1,1,14,1,2,14,0.97548,15,0.02452,2,14,0.77576,15,0.22424,2,14,0.55432,15,0.44568,2,14,0.20553,15,0.79447,2,14,0.00976,15,0.99024,1,15,1,1,15,1,1,15,1,1,15,1,1,15,1,1,15,1,1,15,1,1,15,1,1,15,1,1,15,1,1,15,1,1,15,1,1,15,1,1,15,1,1,15,1,1,15,1,1,15,1,1,15,1,1,15,1,1,15,1,1,15,1,1,15,1,1,15,1,1,15,1,1,15,1,2,14,0.00123,15,0.99877,2,14,0.13131,15,0.86869,2,14,0.22315,15,0.77685,2,14,0.7314,15,0.2686,1,14,1,1,14,1,1,14,1,1,15,1,1,15,1,2,14,0.04487,15,0.95513,1,15,1,1,15,1,1,15,1,1,15,1,1,15,1,1,15,1,1,14,1,2,14,0.098,15,0.902,1,15,1,1,15,1,1,15,1,2,14,0.99882,15,0.00118,2,14,0.5646,15,0.4354,1,15,1,1,15,1,1,14,1,2,14,0.00012,15,0.99988,1,15,1,1,15,1,1,14,1,1,15,1,1,15,1,1,15,1,1,15,1,1,15,1,1,14,1,1,15,1,1,15,1,1,15,1],"triangles":[65,18,21,18,45,21,45,63,22,54,68,22,63,54,22,21,45,22,49,47,24,58,25,24,47,58,24,65,21,20,19,65,20,43,49,23,68,43,23,22,68,23,49,24,23,58,42,26,62,27,26,18,65,19,58,26,25,73,47,49,29,28,27,50,73,49,42,62,26,16,54,63,54,43,68,43,50,49,53,29,27,17,63,45,18,17,45,66,43,54,62,53,27,16,66,54,47,55,58,55,42,58,17,16,63,53,72,29,42,53,62,42,71,53,66,15,43,15,50,43,73,55,47,55,69,42,48,71,42,46,72,53,71,46,53,16,15,66,72,30,29,73,14,55,69,48,42,15,73,50,61,31,30,61,30,72,15,14,73,14,69,55,46,61,72,13,48,69,67,46,71,48,67,71,14,13,69,34,32,31,61,34,31,12,67,48,67,9,46,9,61,46,13,12,48,59,34,61,34,33,32,12,9,67,9,59,61,8,59,9,59,35,34,10,9,12,11,10,12,44,52,35,8,44,59,44,35,59,6,44,8,7,6,8,52,36,35,6,70,44,70,52,44,3,64,4,57,37,36,64,56,5,57,36,52,70,57,52,38,37,57,60,64,3,2,60,3,1,60,2,5,56,6,56,39,6,39,70,6,60,56,64,51,39,56,51,40,39,70,38,57,60,51,56,39,38,70,41,40,51,1,0,60,41,51,60,0,41,60,5,64,4],"type":"mesh","transform":{},"userEdges":[],"uvs":[0,0.63193,0.10432,0.61621,0.20865,0.60049,0.28365,0.63861,0.35865,0.67673,0.26415,0.7522,0.26715,0.78521,0.29865,0.76006,0.41265,0.77617,0.52665,0.79228,0.44265,0.75298,0.44864,0.70739,0.53264,0.71918,0.58964,0.60167,0.64664,0.48415,0.70364,0.36663,0.76064,0.24912,0.81058,0.19037,0.86052,0.13161,0.9604,0.0141,1,0.00782,1,0.13673,1,0.26564,1,0.39456,1,0.52347,0.97097,0.59893,0.94195,0.67439,0.91292,0.74985,0.8839,0.82531,0.8074,0.81885,0.7204,0.90139,0.6769,0.91003,0.6334,0.98628,0.5254,0.97999,0.5359,0.92968,0.39415,0.96484,0.2524,1,0.1549,1,0.13465,0.91336,0.1144,0.82671,0.0169,0.7764,0,0.70566,0.78775,0.62614,0.85253,0.38827,0.37611,0.85353,0.91533,0.18453,0.67321,0.77366,0.85982,0.51984,0.66017,0.65029,0.92842,0.42402,0.77987,0.41029,0.10069,0.71556,0.2596,0.90492,0.79265,0.72817,0.87278,0.32009,0.74685,0.53814,0.21894,0.72614,0.20968,0.90337,0.89744,0.58594,0.44914,0.86329,0.10565,0.67591,0.58926,0.82505,0.85182,0.71001,0.8818,0.23023,0.26259,0.68886,0.94724,0.09496,0.80854,0.32744,0.5953,0.727,0.92273,0.33705,0.68621,0.58004,0.20073,0.84328,0.70647,0.71909,0.72954,0.80864,0.74726,0.46396],"edges":[0,41,41,40,40,39,39,38,38,37,37,36,36,35,35,34,34,33,33,32,32,31,31,30,30,29,29,28,28,27,27,26,26,25,25,24,24,23,23,22,22,21,21,20,20,19,19,18,18,17,17,16,16,15,15,14,14,13,13,12,12,11,11,10,10,9,9,8,8,7,7,6,6,5,5,4,4,3,3,2,2,1,1,0],"height":416,"name":"Layer 12","bonePose":[14,0.2596618757444915,0.9656995962952724,-0.9656995962952724,0.2596618757444915,84.84242370829591,-390.46069102665666,15,0.9717142274413224,-0.2361598191651451,0.2361598191651451,0.9717142274413224,106.09072876856186,-311.97600951449226]}],"name":"Layer 12"},{"display":[{"path":"Layer 13","type":"image","name":"Layer 13","transform":{"y":2.68,"x":32.26}}],"name":"Layer 13"}]}],"slot":[{"name":"Layer 13","parent":"shadow","color":{}},{"z":1,"name":"Layer 12","parent":"Right ARm B1","color":{}},{"z":2,"name":"Layer 11","parent":"left Arm B","color":{}},{"z":3,"name":"Folder 2 Copy 6","parent":"left Arm A","color":{}},{"z":4,"name":"Folder 2 Copy 3","parent":"head","color":{}},{"z":5,"name":"Folder 2 Copy 2","parent":"chestUpper","color":{}},{"z":6,"name":"Folder 2 Copy 5","parent":"chestUpper3","color":{}}],"defaultActions":[{"gotoAndPlay":"Attack A"}],"name":"RunicStoneGolem","bone":[{"transform":{},"name":"root"},{"transform":{"y":-15.18,"x":8.49},"name":"shadow","parent":"root"},{"transform":{"y":-391.16,"x":-190.76},"name":"leftArmA","parent":"root"},{"transform":{"y":-320.09,"x":-156.43},"name":"legtArmBIK","parent":"root"},{"transform":{"y":-330.51,"x":185.12},"name":"Right Arm B","parent":"root"},{"transform":{"y":-408.83,"x":215.13},"name":"Right Arm IK","parent":"root"},{"transform":{"y":-315.85,"x":-6.75},"name":"mid","parent":"root"},{"length":67,"transform":{"skX":-81.48,"skY":-81.48,"y":-9.52,"x":-2.55},"parent":"mid","name":"chestUpper"},{"length":210,"transform":{"skX":92.81,"skY":92.81,"y":15.41,"x":-11.22},"parent":"mid","name":"lowerregion"},{"length":67,"transform":{"x":67.68},"parent":"chestUpper","name":"chestUpper2"},{"length":42,"transform":{"skX":-28.3,"skY":-28.3,"y":-7.78,"x":73.89},"parent":"chestUpper2","name":"head"},{"length":69,"transform":{"skX":-137.7,"skY":-137.7,"y":-53.52,"x":-3.66},"parent":"chestUpper2","name":"left Arm A"},{"length":80,"transform":{"skX":-157.32,"skY":-157.32,"y":-21.66,"x":-14.27},"parent":"chestUpper2","name":"left Arm B"},{"length":84,"transform":{"skX":134.61,"skY":134.61,"y":86.76,"x":55.43},"parent":"chestUpper2","name":"chestUpper3"},{"length":81,"transform":{"skX":156.43,"skY":156.43,"y":83.46,"x":10.64},"parent":"chestUpper2","name":"Right ARm B1"},{"length":80,"transform":{"skX":-88.61,"skY":-88.61,"y":-0.14,"x":81.31},"parent":"Right ARm B1","name":"chestUpper5"},{"length":90,"transform":{"skX":63.29,"skY":63.29,"y":0.2,"x":80.07},"parent":"left Arm B","name":"chestUpper6"},{"length":91,"transform":{"skX":64.1,"skY":64.1,"x":69.7},"parent":"left Arm A","name":"chestUpper4"},{"length":77,"transform":{"skX":-84.76,"skY":-84.76,"y":-1.05,"x":86.26},"parent":"chestUpper3","name":"chestUpper7"}],"ik":[{"chain":1,"name":"leftArmA","bone":"chestUpper4","target":"leftArmA"},{"chain":1,"name":"legtArmBIK","bone":"chestUpper6","target":"legtArmBIK"},{"bendPositive":"false","chain":1,"name":"Right Arm IK","bone":"chestUpper7","target":"Right Arm IK"},{"bendPositive":"false","chain":1,"name":"Right Arm B","bone":"chestUpper5","target":"Right Arm B"}]}],"isGlobal":0,"name":"RunicStoneGolem","version":"5.0"}