{"frameRate":30,"armature":[{"defaultActions":[{"gotoAndPlay":"Attack A"}],"type":"Armature","frameRate":30,"aabb":{"width":581.63318681453,"y":-526.9604573474359,"height":526.9604573474359,"x":-227.5642543722222},"animation":[{"ik":[],"frame":[],"ffd":[],"bone":[{"frame":[{"duration":10,"transform":{}},{"duration":5,"transform":{}},{"duration":10,"transform":{}},{"duration":14,"transform":{}},{"duration":0,"transform":{}}],"name":"root"},{"frame":[{"duration":10,"curve":[0.25,0,1,0],"transform":{}},{"duration":5,"curve":[0.25,0,0,1],"transform":{"y":-85.86,"x":124.02}},{"duration":10,"curve":[0.25,0,0.75,1],"transform":{"y":39.99,"x":-179.58}},{"duration":14,"curve":[0.25,0,0.75,1],"transform":{"y":-85.86,"x":124.02}},{"duration":0,"transform":{}}],"name":"mid"},{"frame":[{"duration":10,"transform":{}},{"duration":5,"transform":{}},{"duration":10,"transform":{}},{"duration":14,"transform":{}},{"duration":0,"transform":{}}],"name":"upper Body"},{"frame":[{"duration":10,"curve":[0.25,0,1,0],"transform":{}},{"duration":5,"transform":{"skX":-10.33,"skY":-10.33}},{"duration":10,"transform":{"skX":-10.33,"skY":-10.33}},{"duration":14,"curve":[0.25,0,0.75,1],"transform":{"skX":-10.33,"skY":-10.33}},{"duration":0,"transform":{}}],"name":"bodyTop"},{"frame":[{"duration":10,"transform":{}},{"duration":5,"transform":{}},{"duration":10,"transform":{}},{"duration":14,"transform":{}},{"duration":0,"transform":{}}],"name":"head"},{"frame":[{"duration":10,"curve":[0.25,0,1,0],"transform":{}},{"duration":5,"curve":[0.25,0,0,1],"transform":{"skX":-23.93,"skY":-23.93}},{"duration":10,"curve":[0.25,0,0.75,1],"transform":{"skX":34.85,"skY":34.85}},{"duration":14,"curve":[0.25,0,0.75,1],"transform":{"skX":-23.93,"skY":-23.93}},{"duration":0,"transform":{}}],"name":"LeftWing"},{"frame":[{"duration":10,"curve":[0.25,0,1,0],"transform":{}},{"duration":5,"transform":{"y":-17.14,"x":-25.38}},{"duration":10,"transform":{"y":-17.14,"x":-25.38}},{"duration":14,"curve":[0.25,0,0.75,1],"transform":{"y":-17.14,"x":-25.38}},{"duration":0,"transform":{}}],"name":"bodyTop3"},{"frame":[{"duration":10,"curve":[0.25,0,1,0],"transform":{}},{"duration":5,"transform":{"y":4.43,"x":0.53}},{"duration":10,"transform":{"y":4.43,"x":0.53}},{"duration":14,"curve":[0.25,0,0.75,1],"transform":{"y":4.43,"x":0.53}},{"duration":0,"transform":{}}],"name":"bodyTop4"},{"frame":[{"duration":10,"transform":{}},{"duration":5,"transform":{}},{"duration":10,"transform":{}},{"duration":14,"transform":{}},{"duration":0,"transform":{}}],"name":"bodyTop5"},{"frame":[{"duration":10,"transform":{}},{"duration":5,"transform":{}},{"duration":10,"transform":{}},{"duration":14,"transform":{}},{"duration":0,"transform":{}}],"name":"bodyTop6"},{"frame":[{"duration":10,"transform":{}},{"duration":5,"transform":{}},{"duration":10,"transform":{}},{"duration":14,"transform":{}},{"duration":0,"transform":{}}],"name":"bodyTop7"},{"frame":[{"duration":10,"transform":{}},{"duration":5,"transform":{}},{"duration":10,"transform":{}},{"duration":14,"transform":{}},{"duration":0,"transform":{}}],"name":"bodyTop8"},{"frame":[{"duration":10,"transform":{}},{"duration":5,"transform":{}},{"duration":10,"transform":{}},{"duration":14,"transform":{}},{"duration":0,"transform":{}}],"name":"bodyTop9"},{"frame":[{"duration":10,"curve":[0.25,0,1,0],"transform":{}},{"duration":5,"curve":[0.25,0,0,1],"transform":{"skX":46.42,"skY":46.42}},{"duration":10,"curve":[0.25,0,0.75,1],"transform":{"skX":-3.14,"skY":-3.14}},{"duration":14,"curve":[0.25,0,0.75,1],"transform":{"skX":46.42,"skY":46.42}},{"duration":0,"transform":{}}],"name":"Right Wing"},{"frame":[{"duration":10,"curve":[0.25,0,1,0],"transform":{}},{"duration":5,"curve":[0.25,0,0,1],"transform":{"skX":-43.57,"skY":-43.57}},{"duration":10,"curve":[0.25,0,0.75,1],"transform":{"skX":-33.09,"skY":-33.09}},{"duration":14,"curve":[0.25,0,0.75,1],"transform":{"skX":-43.57,"skY":-43.57}},{"duration":0,"transform":{}}],"name":"bodyTop10"},{"frame":[{"duration":10,"curve":[0.25,0,1,0],"transform":{}},{"duration":5,"curve":[0.25,0,0,1],"transform":{"skX":27.91,"skY":27.91}},{"duration":10,"curve":[0.25,0,0.75,1],"transform":{"skX":19.12,"skY":19.12}},{"duration":14,"curve":[0.25,0,0.75,1],"transform":{"skX":27.91,"skY":27.91}},{"duration":0,"transform":{}}],"name":"bodyTop11"},{"frame":[{"duration":10,"transform":{}},{"duration":5,"transform":{}},{"duration":10,"transform":{}},{"duration":14,"transform":{}},{"duration":0,"transform":{}}],"name":"bodyTop12"},{"frame":[{"duration":10,"curve":[0.25,0,1,0],"transform":{}},{"duration":5,"curve":[0.25,0,0,1],"transform":{"skX":9.92,"skY":9.92}},{"duration":10,"curve":[0.25,0,0.75,1],"transform":{"skX":-13.74,"skY":-13.74}},{"duration":14,"curve":[0.25,0,0.75,1],"transform":{"skX":-0.38,"skY":-0.38}},{"duration":0,"transform":{}}],"name":"bodyTop13"},{"frame":[{"duration":10,"curve":[0.209,0,0.698,0],"transform":{}},{"duration":5,"curve":[0.591,0.21,1,0.53],"transform":{"skX":-8.56,"skY":-8.56}},{"duration":10,"curve":[0.25,0,0.75,1],"transform":{"skX":-4.5,"skY":-4.5}},{"duration":14,"transform":{"skX":-4.5,"skY":-4.5}},{"duration":0,"transform":{}}],"name":"bodyTop14"},{"frame":[{"duration":10,"curve":[0.25,0,1,0],"transform":{}},{"duration":5,"curve":[0.25,0,0,1],"transform":{"skX":9.87,"skY":9.87}},{"duration":10,"curve":[0.25,0,0.75,1],"transform":{"skX":-12.78,"skY":-12.78}},{"duration":14,"curve":[0.25,0,0.75,1],"transform":{"skX":3.78,"skY":3.78}},{"duration":0,"transform":{}}],"name":"bodyTop15"},{"frame":[{"duration":10,"transform":{}},{"duration":5,"transform":{}},{"duration":10,"transform":{}},{"duration":14,"transform":{}},{"duration":0,"transform":{}}],"name":"bodyTop16"},{"frame":[{"duration":10,"curve":[0.25,0,1,0],"transform":{}},{"duration":5,"curve":[0.25,0,0,1],"transform":{"skX":-25.78,"skY":-25.78}},{"duration":10,"curve":[0.25,0,0.75,1],"transform":{"skX":21.25,"skY":21.25}},{"duration":14,"curve":[0.25,0,0.75,1],"transform":{"skX":-25.78,"skY":-25.78}},{"duration":0,"transform":{}}],"name":"Left LEg"},{"frame":[{"duration":10,"transform":{}},{"duration":5,"transform":{}},{"duration":10,"transform":{}},{"duration":14,"transform":{}},{"duration":0,"transform":{}}],"name":"mid3"},{"frame":[{"duration":10,"transform":{}},{"duration":5,"transform":{}},{"duration":10,"transform":{}},{"duration":14,"transform":{}},{"duration":0,"transform":{}}],"name":"mid4"},{"frame":[{"duration":10,"curve":[0.25,0,1,0],"transform":{}},{"duration":5,"curve":[0.25,0,0,1],"transform":{"skX":-25.18,"skY":-25.18}},{"duration":10,"curve":[0.25,0,0.75,1],"transform":{"skX":26.9,"skY":26.9,"x":3.31}},{"duration":14,"curve":[0.25,0,0.75,1],"transform":{"skX":-25.18,"skY":-25.18}},{"duration":0,"transform":{}}],"name":"right Leg"},{"frame":[{"duration":10,"transform":{}},{"duration":5,"transform":{}},{"duration":10,"transform":{}},{"duration":14,"transform":{}},{"duration":0,"transform":{}}],"name":"mid5"},{"frame":[{"duration":10,"transform":{}},{"duration":5,"transform":{}},{"duration":10,"transform":{}},{"duration":14,"transform":{}},{"duration":0,"transform":{}}],"name":"mid6"},{"frame":[{"duration":10,"transform":{}},{"duration":5,"transform":{}},{"duration":10,"transform":{}},{"duration":14,"transform":{}},{"duration":0,"transform":{}}],"name":"mid7"},{"frame":[{"duration":10,"transform":{}},{"duration":5,"transform":{}},{"duration":10,"transform":{}},{"duration":14,"transform":{}},{"duration":0,"transform":{}}],"name":"mid8"},{"frame":[{"duration":10,"transform":{}},{"duration":5,"transform":{}},{"duration":10,"transform":{}},{"duration":14,"transform":{}},{"duration":0,"transform":{}}],"name":"mid9"},{"frame":[{"duration":10,"curve":[0.25,0,1,0],"transform":{}},{"duration":5,"curve":[0.25,0,0,1],"transform":{"skX":8.96,"skY":8.96}},{"duration":10,"curve":[0.25,0,0.75,1],"transform":{"skX":-48.61,"skY":-48.61}},{"duration":14,"curve":[0.25,0,0.75,1],"transform":{"skX":8.96,"skY":8.96}},{"duration":0,"transform":{}}],"name":"tail"},{"frame":[{"duration":10,"curve":[0.25,0,1,0],"transform":{}},{"duration":5,"transform":{"skX":25.4,"skY":25.4}},{"duration":10,"transform":{"skX":25.4,"skY":25.4}},{"duration":14,"curve":[0.25,0,0.75,1],"transform":{"skX":25.4,"skY":25.4}},{"duration":0,"transform":{}}],"name":"tail2"},{"frame":[{"duration":10,"transform":{}},{"duration":5,"transform":{}},{"duration":10,"transform":{}},{"duration":14,"transform":{}},{"duration":0,"transform":{}}],"name":"tail3"},{"frame":[{"duration":10,"curve":[0.25,0,1,0],"transform":{}},{"duration":5,"transform":{"skX":-13.91,"skY":-13.91}},{"duration":10,"transform":{"skX":-13.91,"skY":-13.91}},{"duration":14,"curve":[0.25,0,0.75,1],"transform":{"skX":-13.91,"skY":-13.91}},{"duration":0,"transform":{}}],"name":"tail4"},{"frame":[{"duration":10,"transform":{}},{"duration":5,"transform":{}},{"duration":10,"transform":{}},{"duration":14,"transform":{}},{"duration":0,"transform":{}}],"name":"tail5"},{"frame":[{"duration":10,"curve":[0.25,0,1,0],"transform":{}},{"duration":5,"curve":[0.25,0,0,1],"transform":{"scX":0.84,"x":64.7}},{"duration":10,"curve":[0.25,0,0.75,1],"transform":{"scX":1.06,"x":-208.73}},{"duration":14,"curve":[0.25,0,0.75,1],"transform":{"scX":0.84,"x":64.7}},{"duration":0,"transform":{}}],"name":"shadow"},{"frame":[{"duration":10,"transform":{}},{"duration":5,"transform":{}},{"duration":10,"transform":{}},{"duration":14,"transform":{}},{"duration":0,"transform":{}}],"name":"feather"}],"zOrder":{"frame":[{"zOrder":[5,-5],"duration":39,"tweenEasing":null}]},"duration":39,"slot":[],"name":"Attack A"},{"ik":[],"frame":[],"ffd":[],"bone":[{"frame":[{"duration":10,"transform":{}},{"duration":5,"transform":{}},{"duration":10,"transform":{}},{"duration":15,"transform":{}},{"duration":0,"transform":{}}],"name":"root"},{"frame":[{"duration":10,"curve":[0.25,0,1,0],"transform":{}},{"duration":5,"curve":[0.25,0,0,1],"transform":{"y":-85.86,"x":124.02}},{"duration":10,"curve":[0.25,0,0.75,1],"transform":{"y":65.59,"x":-326.32}},{"duration":15,"curve":[0.25,0,0.75,1],"transform":{"y":-85.86,"x":124.02}},{"duration":0,"transform":{}}],"name":"mid"},{"frame":[{"duration":10,"transform":{}},{"duration":5,"transform":{}},{"duration":10,"transform":{}},{"duration":15,"transform":{}},{"duration":0,"transform":{}}],"name":"upper Body"},{"frame":[{"duration":10,"curve":[0.25,0,1,0],"transform":{}},{"duration":5,"transform":{"skX":-10.33,"skY":-10.33}},{"duration":10,"transform":{"skX":-10.33,"skY":-10.33}},{"duration":15,"curve":[0.25,0,0.75,1],"transform":{"skX":-10.33,"skY":-10.33}},{"duration":0,"transform":{}}],"name":"bodyTop"},{"frame":[{"duration":10,"transform":{}},{"duration":5,"transform":{}},{"duration":10,"transform":{}},{"duration":15,"transform":{}},{"duration":0,"transform":{}}],"name":"head"},{"frame":[{"duration":10,"curve":[0.25,0,1,0],"transform":{}},{"duration":5,"curve":[0.25,0,0,1],"transform":{"skX":63.12,"skY":63.12}},{"duration":10,"curve":[0.25,0,0.75,1],"transform":{"skX":-20.01,"skY":-20.01}},{"duration":15,"curve":[0.25,0,0.75,1],"transform":{"skX":-23.93,"skY":-23.93}},{"duration":0,"transform":{}}],"name":"LeftWing"},{"frame":[{"duration":10,"curve":[0.25,0,1,0],"transform":{}},{"duration":5,"transform":{"y":-17.14,"x":-25.38}},{"duration":10,"transform":{"y":-17.14,"x":-25.38}},{"duration":15,"curve":[0.25,0,0.75,1],"transform":{"y":-17.14,"x":-25.38}},{"duration":0,"transform":{}}],"name":"bodyTop3"},{"frame":[{"duration":10,"curve":[0.25,0,1,0],"transform":{}},{"duration":5,"transform":{"y":4.43,"x":0.53}},{"duration":10,"transform":{"y":4.43,"x":0.53}},{"duration":15,"curve":[0.25,0,0.75,1],"transform":{"y":4.43,"x":0.53}},{"duration":0,"transform":{}}],"name":"bodyTop4"},{"frame":[{"duration":10,"transform":{}},{"duration":5,"transform":{}},{"duration":10,"transform":{}},{"duration":15,"transform":{}},{"duration":0,"transform":{}}],"name":"bodyTop5"},{"frame":[{"duration":10,"transform":{}},{"duration":5,"transform":{}},{"duration":10,"transform":{}},{"duration":15,"transform":{}},{"duration":0,"transform":{}}],"name":"bodyTop6"},{"frame":[{"duration":10,"transform":{}},{"duration":5,"transform":{}},{"duration":10,"transform":{}},{"duration":15,"transform":{}},{"duration":0,"transform":{}}],"name":"bodyTop7"},{"frame":[{"duration":10,"transform":{}},{"duration":5,"transform":{}},{"duration":10,"transform":{}},{"duration":15,"transform":{}},{"duration":0,"transform":{}}],"name":"bodyTop8"},{"frame":[{"duration":10,"transform":{}},{"duration":5,"transform":{}},{"duration":10,"transform":{}},{"duration":15,"transform":{}},{"duration":0,"transform":{}}],"name":"bodyTop9"},{"frame":[{"duration":10,"curve":[0.25,0,1,0],"transform":{}},{"duration":5,"curve":[0.25,0,0,1],"transform":{"skX":80.16,"skY":80.16,"y":8.45,"x":23.14}},{"duration":10,"curve":[0.25,0,0.75,1],"transform":{"skX":-66.41,"skY":-66.41,"y":-25.37,"x":-11.25}},{"duration":15,"curve":[0.25,0,0.75,1],"transform":{"skX":46.42,"skY":46.42}},{"duration":0,"transform":{}}],"name":"Right Wing"},{"frame":[{"duration":10,"curve":[0.25,0,1,0],"transform":{}},{"duration":5,"curve":[0.25,0,0,1],"transform":{"skX":-43.57,"skY":-43.57}},{"duration":10,"curve":[0.25,0,0.75,1],"transform":{"skX":-33.09,"skY":-33.09}},{"duration":15,"curve":[0.25,0,0.75,1],"transform":{"skX":-43.57,"skY":-43.57}},{"duration":0,"transform":{}}],"name":"bodyTop10"},{"frame":[{"duration":10,"curve":[0.25,0,1,0],"transform":{}},{"duration":5,"curve":[0.25,0,0,1],"transform":{"skX":27.91,"skY":27.91}},{"duration":10,"curve":[0.25,0,0.75,1],"transform":{"skX":19.12,"skY":19.12}},{"duration":15,"curve":[0.25,0,0.75,1],"transform":{"skX":27.91,"skY":27.91}},{"duration":0,"transform":{}}],"name":"bodyTop11"},{"frame":[{"duration":10,"transform":{}},{"duration":5,"transform":{}},{"duration":10,"transform":{}},{"duration":15,"transform":{}},{"duration":0,"transform":{}}],"name":"bodyTop12"},{"frame":[{"duration":10,"curve":[0.25,0,1,0],"transform":{}},{"duration":5,"curve":[0.25,0,0,1],"transform":{"skX":9.92,"skY":9.92}},{"duration":10,"curve":[0.25,0,0.75,1],"transform":{"skX":-13.74,"skY":-13.74}},{"duration":15,"curve":[0.25,0,0.75,1],"transform":{"skX":-0.38,"skY":-0.38}},{"duration":0,"transform":{}}],"name":"bodyTop13"},{"frame":[{"duration":10,"curve":[0.25,0,1,0],"transform":{}},{"duration":5,"curve":[0.25,0,0,1],"transform":{"skX":-8.56,"skY":-8.56}},{"duration":10,"curve":[0.25,0,0.75,1],"transform":{"skX":-4.5,"skY":-4.5}},{"duration":15,"transform":{"skX":-4.5,"skY":-4.5}},{"duration":0,"transform":{}}],"name":"bodyTop14"},{"frame":[{"duration":10,"curve":[0.25,0,1,0],"transform":{}},{"duration":5,"curve":[0.25,0,0,1],"transform":{"skX":9.87,"skY":9.87}},{"duration":10,"curve":[0.25,0,0.75,1],"transform":{"skX":-12.78,"skY":-12.78}},{"duration":15,"curve":[0.25,0,0.75,1],"transform":{"skX":3.78,"skY":3.78}},{"duration":0,"transform":{}}],"name":"bodyTop15"},{"frame":[{"duration":10,"transform":{}},{"duration":5,"transform":{}},{"duration":10,"transform":{}},{"duration":15,"transform":{}},{"duration":0,"transform":{}}],"name":"bodyTop16"},{"frame":[{"duration":10,"curve":[0.25,0,1,0],"transform":{}},{"duration":5,"curve":[0.25,0,0,1],"transform":{"skX":-25.78,"skY":-25.78}},{"duration":10,"curve":[0.25,0,0.75,1],"transform":{"skX":21.25,"skY":21.25}},{"duration":15,"curve":[0.25,0,0.75,1],"transform":{"skX":-25.78,"skY":-25.78}},{"duration":0,"transform":{}}],"name":"Left LEg"},{"frame":[{"duration":10,"transform":{}},{"duration":5,"transform":{}},{"duration":10,"transform":{}},{"duration":15,"transform":{}},{"duration":0,"transform":{}}],"name":"mid3"},{"frame":[{"duration":10,"transform":{}},{"duration":5,"transform":{}},{"duration":10,"transform":{}},{"duration":15,"transform":{}},{"duration":0,"transform":{}}],"name":"mid4"},{"frame":[{"duration":10,"curve":[0.25,0,1,0],"transform":{}},{"duration":5,"curve":[0.25,0,0,1],"transform":{"skX":-25.18,"skY":-25.18}},{"duration":10,"curve":[0.25,0,0.75,1],"transform":{"skX":26.9,"skY":26.9,"x":3.31}},{"duration":15,"curve":[0.25,0,0.75,1],"transform":{"skX":-25.18,"skY":-25.18}},{"duration":0,"transform":{}}],"name":"right Leg"},{"frame":[{"duration":10,"transform":{}},{"duration":5,"transform":{}},{"duration":10,"transform":{}},{"duration":15,"transform":{}},{"duration":0,"transform":{}}],"name":"mid5"},{"frame":[{"duration":10,"transform":{}},{"duration":5,"transform":{}},{"duration":10,"transform":{}},{"duration":15,"transform":{}},{"duration":0,"transform":{}}],"name":"mid6"},{"frame":[{"duration":10,"transform":{}},{"duration":5,"transform":{}},{"duration":10,"transform":{}},{"duration":15,"transform":{}},{"duration":0,"transform":{}}],"name":"mid7"},{"frame":[{"duration":10,"transform":{}},{"duration":5,"transform":{}},{"duration":10,"transform":{}},{"duration":15,"transform":{}},{"duration":0,"transform":{}}],"name":"mid8"},{"frame":[{"duration":10,"transform":{}},{"duration":5,"transform":{}},{"duration":10,"transform":{}},{"duration":15,"transform":{}},{"duration":0,"transform":{}}],"name":"mid9"},{"frame":[{"duration":10,"curve":[0.25,0,1,0],"transform":{}},{"duration":5,"curve":[0.25,0,0,1],"transform":{"skX":8.96,"skY":8.96}},{"duration":10,"curve":[0.25,0,0.75,1],"transform":{"skX":-48.61,"skY":-48.61}},{"duration":15,"curve":[0.25,0,0.75,1],"transform":{"skX":8.96,"skY":8.96}},{"duration":0,"transform":{}}],"name":"tail"},{"frame":[{"duration":10,"curve":[0.25,0,1,0],"transform":{}},{"duration":5,"transform":{"skX":25.4,"skY":25.4}},{"duration":10,"transform":{"skX":25.4,"skY":25.4}},{"duration":15,"curve":[0.25,0,0.75,1],"transform":{"skX":25.4,"skY":25.4}},{"duration":0,"transform":{}}],"name":"tail2"},{"frame":[{"duration":10,"transform":{}},{"duration":5,"transform":{}},{"duration":10,"transform":{}},{"duration":15,"transform":{}},{"duration":0,"transform":{}}],"name":"tail3"},{"frame":[{"duration":10,"curve":[0.25,0,1,0],"transform":{}},{"duration":5,"transform":{"skX":-13.91,"skY":-13.91}},{"duration":10,"transform":{"skX":-13.91,"skY":-13.91}},{"duration":15,"curve":[0.25,0,0.75,1],"transform":{"skX":-13.91,"skY":-13.91}},{"duration":0,"transform":{}}],"name":"tail4"},{"frame":[{"duration":10,"transform":{}},{"duration":5,"transform":{}},{"duration":10,"transform":{}},{"duration":15,"transform":{}},{"duration":0,"transform":{}}],"name":"tail5"},{"frame":[{"duration":10,"curve":[0.25,0,1,0],"transform":{}},{"duration":5,"curve":[0.25,0,0,1],"transform":{"scX":0.84,"x":64.7}},{"duration":10,"curve":[0.25,0,0.75,1],"transform":{"scX":1.28,"x":-340.06}},{"duration":15,"curve":[0.25,0,0.75,1],"transform":{"scX":0.84,"x":64.7}},{"duration":0,"transform":{}}],"name":"shadow"},{"frame":[{"duration":10,"transform":{}},{"duration":5,"transform":{}},{"duration":10,"transform":{}},{"duration":15,"transform":{}},{"duration":0,"transform":{}}],"name":"feather"}],"zOrder":{"frame":[{"zOrder":[5,-5],"duration":40,"tweenEasing":null}]},"duration":40,"slot":[],"name":"Attack B"},{"ik":[],"frame":[],"ffd":[],"bone":[{"frame":[{"duration":10,"transform":{}},{"duration":5,"transform":{}},{"duration":10,"transform":{}},{"duration":15,"transform":{}},{"duration":0,"transform":{}}],"name":"root"},{"frame":[{"duration":10,"curve":[0.25,0,1,0],"transform":{}},{"duration":5,"curve":[0.25,0,0,1],"transform":{"y":-85.86,"x":124.02}},{"duration":10,"curve":[0.25,0,0.75,1],"transform":{"y":-59.99,"x":-121.2}},{"duration":15,"curve":[0.25,0,0.75,1],"transform":{"y":-85.86,"x":124.02}},{"duration":0,"transform":{}}],"name":"mid"},{"frame":[{"duration":10,"transform":{}},{"duration":5,"transform":{}},{"duration":10,"transform":{}},{"duration":15,"transform":{}},{"duration":0,"transform":{}}],"name":"upper Body"},{"frame":[{"duration":10,"curve":[0.25,0,1,0],"transform":{}},{"duration":5,"transform":{"skX":-10.33,"skY":-10.33}},{"duration":10,"transform":{"skX":-10.33,"skY":-10.33}},{"duration":15,"curve":[0.25,0,0.75,1],"transform":{"skX":-10.33,"skY":-10.33}},{"duration":0,"transform":{}}],"name":"bodyTop"},{"frame":[{"duration":10,"transform":{}},{"duration":5,"transform":{}},{"duration":10,"transform":{}},{"duration":15,"transform":{}},{"duration":0,"transform":{}}],"name":"head"},{"frame":[{"duration":10,"curve":[0.25,0,1,0],"transform":{}},{"duration":5,"curve":[0.25,0,0,1],"transform":{"skX":-23.93,"skY":-23.93}},{"duration":10,"curve":[0.25,0,0.75,1],"transform":{"skX":71.05,"skY":71.05}},{"duration":15,"curve":[0.25,0,0.75,1],"transform":{"skX":-23.93,"skY":-23.93}},{"duration":0,"transform":{}}],"name":"LeftWing"},{"frame":[{"duration":10,"curve":[0.25,0,1,0],"transform":{}},{"duration":5,"transform":{"y":-17.14,"x":-25.38}},{"duration":10,"transform":{"y":-17.14,"x":-25.38}},{"duration":15,"curve":[0.25,0,0.75,1],"transform":{"y":-17.14,"x":-25.38}},{"duration":0,"transform":{}}],"name":"bodyTop3"},{"frame":[{"duration":10,"curve":[0.25,0,1,0],"transform":{}},{"duration":5,"transform":{"y":4.43,"x":0.53}},{"duration":10,"transform":{"y":4.43,"x":0.53}},{"duration":15,"curve":[0.25,0,0.75,1],"transform":{"y":4.43,"x":0.53}},{"duration":0,"transform":{}}],"name":"bodyTop4"},{"frame":[{"duration":10,"transform":{}},{"duration":5,"transform":{}},{"duration":10,"transform":{}},{"duration":15,"transform":{}},{"duration":0,"transform":{}}],"name":"bodyTop5"},{"frame":[{"duration":10,"transform":{}},{"duration":5,"transform":{}},{"duration":10,"transform":{}},{"duration":15,"transform":{}},{"duration":0,"transform":{}}],"name":"bodyTop6"},{"frame":[{"duration":10,"transform":{}},{"duration":5,"transform":{}},{"duration":10,"transform":{}},{"duration":15,"transform":{}},{"duration":0,"transform":{}}],"name":"bodyTop7"},{"frame":[{"duration":10,"transform":{}},{"duration":5,"transform":{}},{"duration":10,"transform":{}},{"duration":15,"transform":{}},{"duration":0,"transform":{}}],"name":"bodyTop8"},{"frame":[{"duration":10,"transform":{}},{"duration":5,"transform":{}},{"duration":10,"transform":{}},{"duration":15,"transform":{}},{"duration":0,"transform":{}}],"name":"bodyTop9"},{"frame":[{"duration":10,"curve":[0.25,0,1,0],"transform":{}},{"duration":5,"curve":[0.25,0,0,1],"transform":{"skX":74.3,"skY":74.3}},{"duration":10,"curve":[0.25,0,0.75,1],"transform":{"skX":-51.89,"skY":-51.89,"y":-25.37,"x":-11.25}},{"duration":15,"curve":[0.25,0,0.75,1],"transform":{"skX":46.42,"skY":46.42}},{"duration":0,"transform":{}}],"name":"Right Wing"},{"frame":[{"duration":10,"curve":[0.25,0,1,0],"transform":{}},{"duration":5,"curve":[0.25,0,0,1],"transform":{"skX":-43.57,"skY":-43.57}},{"duration":10,"curve":[0.25,0,0.75,1],"transform":{"skX":-33.09,"skY":-33.09}},{"duration":15,"curve":[0.25,0,0.75,1],"transform":{"skX":-43.57,"skY":-43.57}},{"duration":0,"transform":{}}],"name":"bodyTop10"},{"frame":[{"duration":10,"curve":[0.25,0,1,0],"transform":{}},{"duration":5,"curve":[0.25,0,0,1],"transform":{"skX":27.91,"skY":27.91}},{"duration":10,"curve":[0.25,0,0.75,1],"transform":{"skX":19.12,"skY":19.12}},{"duration":15,"curve":[0.25,0,0.75,1],"transform":{"skX":27.91,"skY":27.91}},{"duration":0,"transform":{}}],"name":"bodyTop11"},{"frame":[{"duration":10,"transform":{}},{"duration":5,"transform":{}},{"duration":10,"transform":{}},{"duration":15,"transform":{}},{"duration":0,"transform":{}}],"name":"bodyTop12"},{"frame":[{"duration":10,"curve":[0.25,0,1,0],"transform":{}},{"duration":5,"curve":[0.25,0,0,1],"transform":{"skX":9.92,"skY":9.92}},{"duration":10,"curve":[0.25,0,0.75,1],"transform":{"skX":-13.74,"skY":-13.74}},{"duration":15,"curve":[0.25,0,0.75,1],"transform":{"skX":-0.38,"skY":-0.38}},{"duration":0,"transform":{}}],"name":"bodyTop13"},{"frame":[{"duration":10,"curve":[0.25,0,1,0],"transform":{}},{"duration":5,"curve":[0.25,0,0,1],"transform":{"skX":-8.56,"skY":-8.56}},{"duration":10,"curve":[0.25,0,0.75,1],"transform":{"skX":-4.5,"skY":-4.5}},{"duration":15,"transform":{"skX":-4.5,"skY":-4.5}},{"duration":0,"transform":{}}],"name":"bodyTop14"},{"frame":[{"duration":10,"curve":[0.25,0,1,0],"transform":{}},{"duration":5,"curve":[0.25,0,0,1],"transform":{"skX":9.87,"skY":9.87}},{"duration":10,"curve":[0.25,0,0.75,1],"transform":{"skX":-12.78,"skY":-12.78}},{"duration":15,"curve":[0.25,0,0.75,1],"transform":{"skX":3.78,"skY":3.78}},{"duration":0,"transform":{}}],"name":"bodyTop15"},{"frame":[{"duration":10,"transform":{}},{"duration":5,"transform":{}},{"duration":10,"transform":{}},{"duration":15,"transform":{}},{"duration":0,"transform":{}}],"name":"bodyTop16"},{"frame":[{"duration":10,"curve":[0.25,0,1,0],"transform":{}},{"duration":5,"curve":[0.25,0,0,1],"transform":{"skX":-25.78,"skY":-25.78}},{"duration":10,"curve":[0.25,0,0.75,1],"transform":{"skX":21.25,"skY":21.25}},{"duration":15,"curve":[0.25,0,0.75,1],"transform":{"skX":-25.78,"skY":-25.78}},{"duration":0,"transform":{}}],"name":"Left LEg"},{"frame":[{"duration":10,"transform":{}},{"duration":5,"transform":{}},{"duration":10,"transform":{}},{"duration":15,"transform":{}},{"duration":0,"transform":{}}],"name":"mid3"},{"frame":[{"duration":10,"transform":{}},{"duration":5,"transform":{}},{"duration":10,"transform":{}},{"duration":15,"transform":{}},{"duration":0,"transform":{}}],"name":"mid4"},{"frame":[{"duration":10,"curve":[0.25,0,1,0],"transform":{}},{"duration":5,"curve":[0.25,0,0,1],"transform":{"skX":-25.18,"skY":-25.18}},{"duration":10,"curve":[0.25,0,0.75,1],"transform":{"skX":26.9,"skY":26.9,"x":3.31}},{"duration":15,"curve":[0.25,0,0.75,1],"transform":{"skX":-25.18,"skY":-25.18}},{"duration":0,"transform":{}}],"name":"right Leg"},{"frame":[{"duration":10,"transform":{}},{"duration":5,"transform":{}},{"duration":10,"transform":{}},{"duration":15,"transform":{}},{"duration":0,"transform":{}}],"name":"mid5"},{"frame":[{"duration":10,"transform":{}},{"duration":5,"transform":{}},{"duration":10,"transform":{}},{"duration":15,"transform":{}},{"duration":0,"transform":{}}],"name":"mid6"},{"frame":[{"duration":10,"transform":{}},{"duration":5,"transform":{}},{"duration":10,"transform":{}},{"duration":15,"transform":{}},{"duration":0,"transform":{}}],"name":"mid7"},{"frame":[{"duration":10,"transform":{}},{"duration":5,"transform":{}},{"duration":10,"transform":{}},{"duration":15,"transform":{}},{"duration":0,"transform":{}}],"name":"mid8"},{"frame":[{"duration":10,"transform":{}},{"duration":5,"transform":{}},{"duration":10,"transform":{}},{"duration":15,"transform":{}},{"duration":0,"transform":{}}],"name":"mid9"},{"frame":[{"duration":10,"curve":[0.25,0,1,0],"transform":{}},{"duration":5,"curve":[0.25,0,0,1],"transform":{"skX":8.96,"skY":8.96}},{"duration":10,"curve":[0.25,0,0.75,1],"transform":{"skX":-48.61,"skY":-48.61}},{"duration":15,"curve":[0.25,0,0.75,1],"transform":{"skX":8.96,"skY":8.96}},{"duration":0,"transform":{}}],"name":"tail"},{"frame":[{"duration":10,"curve":[0.25,0,1,0],"transform":{}},{"duration":5,"transform":{"skX":25.4,"skY":25.4}},{"duration":10,"transform":{"skX":25.4,"skY":25.4}},{"duration":15,"curve":[0.25,0,0.75,1],"transform":{"skX":25.4,"skY":25.4}},{"duration":0,"transform":{}}],"name":"tail2"},{"frame":[{"duration":10,"transform":{}},{"duration":5,"transform":{}},{"duration":10,"transform":{}},{"duration":15,"transform":{}},{"duration":0,"transform":{}}],"name":"tail3"},{"frame":[{"duration":10,"curve":[0.25,0,1,0],"transform":{}},{"duration":5,"transform":{"skX":-13.91,"skY":-13.91}},{"duration":10,"transform":{"skX":-13.91,"skY":-13.91}},{"duration":15,"curve":[0.25,0,0.75,1],"transform":{"skX":-13.91,"skY":-13.91}},{"duration":0,"transform":{}}],"name":"tail4"},{"frame":[{"duration":10,"transform":{}},{"duration":5,"transform":{}},{"duration":10,"transform":{}},{"duration":15,"transform":{}},{"duration":0,"transform":{}}],"name":"tail5"},{"frame":[{"duration":10,"curve":[0.25,0,1,0],"transform":{}},{"duration":5,"curve":[0.25,0,0,1],"transform":{"scX":0.84,"x":64.7}},{"duration":10,"curve":[0.25,0,0.75,1],"transform":{"scX":0.98,"x":-154.08}},{"duration":15,"curve":[0.25,0,0.75,1],"transform":{"scX":0.84,"x":64.7}},{"duration":0,"transform":{}}],"name":"shadow"},{"frame":[{"duration":10,"transform":{}},{"duration":5,"transform":{}},{"duration":10,"transform":{}},{"duration":15,"transform":{}},{"duration":0,"transform":{}}],"name":"feather"}],"zOrder":{"frame":[{"zOrder":[5,-5],"duration":40,"tweenEasing":null}]},"duration":40,"slot":[],"name":"Attack C"},{"ik":[],"frame":[],"ffd":[],"bone":[{"frame":[{"duration":30,"transform":{}},{"duration":0,"transform":{}}],"name":"root"},{"frame":[{"duration":10,"curve":[0.25,0,0,1],"transform":{}},{"duration":20,"curve":[0.25,0,0.75,1],"transform":{"y":23.74,"x":42.31}},{"duration":0,"transform":{}}],"name":"mid"},{"frame":[{"duration":30,"transform":{}},{"duration":0,"transform":{}}],"name":"upper Body"},{"frame":[{"duration":10,"curve":[0.25,0,0,1],"transform":{}},{"duration":20,"curve":[0.25,0,0.75,1],"transform":{"skX":-14.35,"skY":-14.35}},{"duration":0,"transform":{}}],"name":"bodyTop"},{"frame":[{"duration":30,"transform":{}},{"duration":0,"transform":{}}],"name":"head"},{"frame":[{"duration":10,"curve":[0.25,0,0,1],"transform":{}},{"duration":20,"curve":[0.25,0,0.75,1],"transform":{"skX":46.87,"skY":46.87}},{"duration":0,"transform":{}}],"name":"LeftWing"},{"frame":[{"duration":30,"transform":{}},{"duration":0,"transform":{}}],"name":"bodyTop3"},{"frame":[{"duration":30,"transform":{}},{"duration":0,"transform":{}}],"name":"bodyTop4"},{"frame":[{"duration":30,"transform":{}},{"duration":0,"transform":{}}],"name":"bodyTop5"},{"frame":[{"duration":30,"transform":{}},{"duration":0,"transform":{}}],"name":"bodyTop6"},{"frame":[{"duration":30,"transform":{}},{"duration":0,"transform":{}}],"name":"bodyTop7"},{"frame":[{"duration":30,"transform":{}},{"duration":0,"transform":{}}],"name":"bodyTop8"},{"frame":[{"duration":30,"transform":{}},{"duration":0,"transform":{}}],"name":"bodyTop9"},{"frame":[{"duration":10,"curve":[0.25,0,0,1],"transform":{}},{"duration":20,"curve":[0.25,0,0.75,1],"transform":{"skX":-47.91,"skY":-47.91}},{"duration":0,"transform":{}}],"name":"Right Wing"},{"frame":[{"duration":30,"transform":{}},{"duration":0,"transform":{}}],"name":"bodyTop10"},{"frame":[{"duration":30,"transform":{}},{"duration":0,"transform":{}}],"name":"bodyTop11"},{"frame":[{"duration":30,"transform":{}},{"duration":0,"transform":{}}],"name":"bodyTop12"},{"frame":[{"duration":30,"transform":{}},{"duration":0,"transform":{}}],"name":"bodyTop13"},{"frame":[{"duration":30,"transform":{}},{"duration":0,"transform":{}}],"name":"bodyTop14"},{"frame":[{"duration":30,"transform":{}},{"duration":0,"transform":{}}],"name":"bodyTop15"},{"frame":[{"duration":30,"transform":{}},{"duration":0,"transform":{}}],"name":"bodyTop16"},{"frame":[{"duration":30,"transform":{}},{"duration":0,"transform":{}}],"name":"Left LEg"},{"frame":[{"duration":30,"transform":{}},{"duration":0,"transform":{}}],"name":"mid3"},{"frame":[{"duration":30,"transform":{}},{"duration":0,"transform":{}}],"name":"mid4"},{"frame":[{"duration":30,"transform":{}},{"duration":0,"transform":{}}],"name":"right Leg"},{"frame":[{"duration":30,"transform":{}},{"duration":0,"transform":{}}],"name":"mid5"},{"frame":[{"duration":30,"transform":{}},{"duration":0,"transform":{}}],"name":"mid6"},{"frame":[{"duration":30,"transform":{}},{"duration":0,"transform":{}}],"name":"mid7"},{"frame":[{"duration":30,"transform":{}},{"duration":0,"transform":{}}],"name":"mid8"},{"frame":[{"duration":30,"transform":{}},{"duration":0,"transform":{}}],"name":"mid9"},{"frame":[{"duration":10,"curve":[0.25,0,0,1],"transform":{}},{"duration":20,"curve":[0.25,0,0.75,1],"transform":{"skX":12.59,"skY":12.59}},{"duration":0,"transform":{}}],"name":"tail"},{"frame":[{"duration":10,"curve":[0.25,0,0,1],"transform":{}},{"duration":20,"curve":[0.25,0,0.75,1],"transform":{"skX":-24.39,"skY":-24.39}},{"duration":0,"transform":{}}],"name":"tail2"},{"frame":[{"duration":10,"curve":[0.25,0,0,1],"transform":{}},{"duration":20,"curve":[0.25,0,0.75,1],"transform":{"skX":-6.32,"skY":-6.32}},{"duration":0,"transform":{}}],"name":"tail3"},{"frame":[{"duration":10,"curve":[0.25,0,0,1],"transform":{}},{"duration":20,"curve":[0.25,0,0.75,1],"transform":{"skX":19.38,"skY":19.38}},{"duration":0,"transform":{}}],"name":"tail4"},{"frame":[{"duration":30,"transform":{}},{"duration":0,"transform":{}}],"name":"tail5"},{"frame":[{"duration":10,"curve":[0.25,0,0,1],"transform":{}},{"duration":20,"curve":[0.25,0,0.75,1],"transform":{"scX":1.22}},{"duration":0,"transform":{}}],"name":"shadow"},{"frame":[{"duration":30,"transform":{}},{"duration":0,"transform":{}}],"name":"feather"}],"zOrder":{"frame":[{"zOrder":[5,-5],"duration":30,"tweenEasing":null}]},"duration":30,"slot":[],"name":"Damage"},{"ik":[],"frame":[],"ffd":[{"frame":[{"duration":60,"offset":0,"vertices":[],"tweenEasing":null}],"scale":1,"skin":"","slot":"Folder 53 Copy 3","offset":0,"name":"Folder 53 Copy 3"},{"frame":[{"curve":[0.25,0,0.75,1],"duration":15,"offset":0,"vertices":[]},{"curve":[0.25,0,0.75,1],"duration":15,"offset":98,"vertices":[-18.26,5.06,-18.48,4.4,-8.47,6.93,0,12.93,-1.51,4.53,0,0,0,0,0,0,0,0,0,0,0,0,0,0,0,0,0,0,0,0,0,0,0,0,0,0,0,0,0,0,0,0,0,0,0,0,0,0,0,0,0,0,0,0,0,0,0,0,0,0,0,0,0,0,0,0,0,0,0,0,0,0,0,0,0,0,0,0,0,0,0,0,0,0,0,0,0,0,0,0]},{"curve":[0.25,0,0.75,1],"duration":15,"offset":105,"vertices":[-7.95,-1.51,4.53,0,0,0,0,0,0,0,0,0,0,0,0,0,0,0,0,0,0,0,0,0,0,0,0,0,0,0,0,0,0,0,0,0,0,0,0,0,0,0,0,0,0,0,0,0,0,0,0,0,0,0,0,0,0,0,0,0,0,0,0,0,0,0,0,0,0,0,0,0,0,0,0,0,0,0,0,0,0,0,0]},{"curve":[0.25,0,0.75,1],"duration":15,"offset":98,"vertices":[-18.26,5.06,-18.48,4.4,-8.47,6.93,0,12.93,-1.51,4.53,0,0,0,0,0,0,0,0,0,0,0,0,0,0,0,0,0,0,0,0,0,0,0,0,0,0,0,0,0,0,0,0,0,0,0,0,0,0,0,0,0,0,0,0,0,0,0,0,0,0,0,0,0,0,0,0,0,0,0,0,0,0,0,0,0,0,0,0,0,0,0,0,0,0,0,0,0,0,0,0]},{"duration":0,"offset":0,"vertices":[],"tweenEasing":null}],"scale":1,"skin":"","slot":"Layer 295 Copy","offset":0,"name":"Layer 295 Copy"}],"bone":[{"frame":[{"duration":60,"transform":{}},{"duration":0,"transform":{}}],"name":"root"},{"frame":[{"duration":30,"curve":[0.25,0,0.75,1],"transform":{}},{"duration":30,"curve":[0.25,0,0.75,1],"transform":{"y":24.65}},{"duration":0,"transform":{}}],"name":"mid"},{"frame":[{"duration":60,"transform":{}},{"duration":0,"transform":{}}],"name":"upper Body"},{"frame":[{"duration":60,"transform":{}},{"duration":0,"transform":{}}],"name":"bodyTop"},{"frame":[{"duration":60,"transform":{}},{"duration":0,"transform":{}}],"name":"head"},{"frame":[{"duration":15,"curve":[0.25,0,0.75,1],"transform":{}},{"duration":15,"curve":[0.25,0,0.75,1],"transform":{"skX":81.91,"skY":81.91,"y":1.44,"x":-5.73}},{"duration":15,"curve":[0.25,0,0.75,1],"transform":{"skX":-32.67,"skY":-32.67,"y":2.24,"x":1.43}},{"duration":15,"curve":[0.25,0,0.75,1],"transform":{"skX":81.91,"skY":81.91,"y":-0.28,"x":-12.91}},{"duration":0,"transform":{}}],"name":"LeftWing"},{"frame":[{"duration":60,"transform":{}},{"duration":0,"transform":{}}],"name":"bodyTop3"},{"frame":[{"duration":60,"transform":{}},{"duration":0,"transform":{}}],"name":"bodyTop4"},{"frame":[{"duration":15,"curve":[0.25,0,0.75,1],"transform":{}},{"duration":15,"curve":[0.25,0,0.75,1],"transform":{"skX":-20.13,"skY":-20.13}},{"duration":30,"curve":[0.25,0,0.75,1],"transform":{"skX":-3.33,"skY":-3.33}},{"duration":0,"transform":{}}],"name":"bodyTop5"},{"frame":[{"duration":15,"curve":[0.25,0,0.75,1],"transform":{}},{"duration":15,"curve":[0.25,0,0.75,1],"transform":{"skX":-21.62,"skY":-21.62}},{"duration":30,"curve":[0.25,0,0.75,1],"transform":{"skX":-15,"skY":-15}},{"duration":0,"transform":{}}],"name":"bodyTop6"},{"frame":[{"duration":30,"curve":[0.25,0,0.75,1],"transform":{}},{"duration":30,"curve":[0.25,0,0.75,1],"transform":{"skX":-10.99,"skY":-10.99}},{"duration":0,"transform":{}}],"name":"bodyTop7"},{"frame":[{"duration":15,"curve":[0.25,0,0.75,1],"transform":{}},{"duration":15,"curve":[0.25,0,0.75,1],"transform":{"skX":-18.97,"skY":-18.97}},{"duration":30,"curve":[0.25,0,0.75,1],"transform":{"skX":-24.84,"skY":-24.84}},{"duration":0,"transform":{}}],"name":"bodyTop8"},{"frame":[{"duration":30,"curve":[0.25,0,0.75,1],"transform":{}},{"duration":30,"curve":[0.25,0,0.75,1],"transform":{"skX":28.14,"skY":28.14}},{"duration":0,"transform":{}}],"name":"bodyTop9"},{"frame":[{"duration":15,"curve":[0.25,0,0.75,1],"transform":{}},{"duration":15,"curve":[0.25,0,0.75,1],"transform":{"skX":-49.71,"skY":-49.71}},{"duration":15,"curve":[0.25,0,0.75,1],"transform":{"skX":14.66,"skY":14.66}},{"duration":15,"curve":[0.25,0,0.75,1],"transform":{"skX":-60.9,"skY":-60.9}},{"duration":0,"transform":{}}],"name":"Right Wing"},{"frame":[{"duration":60,"transform":{}},{"duration":0,"transform":{}}],"name":"bodyTop10"},{"frame":[{"duration":30,"curve":[0.25,0,0.75,1],"transform":{}},{"duration":30,"curve":[0.25,0,0.75,1],"transform":{"skX":-0.56,"skY":-0.56}},{"duration":0,"transform":{}}],"name":"bodyTop11"},{"frame":[{"duration":15,"curve":[0.25,0,0.75,1],"transform":{}},{"duration":15,"curve":[0.25,0,0.75,1],"transform":{"skX":-10.74,"skY":-10.74}},{"duration":30,"curve":[0.25,0,0.75,1],"transform":{"skX":6.67,"skY":6.67}},{"duration":0,"transform":{}}],"name":"bodyTop12"},{"frame":[{"duration":15,"curve":[0.25,0,0.75,1],"transform":{}},{"duration":15,"curve":[0.25,0,0.75,1],"transform":{"skX":25.39,"skY":25.39}},{"duration":30,"curve":[0.25,0,0.75,1],"transform":{"skX":14.72,"skY":14.72}},{"duration":0,"transform":{}}],"name":"bodyTop13"},{"frame":[{"duration":15,"curve":[0.25,0,0.75,1],"transform":{}},{"duration":15,"curve":[0.25,0,0.75,1],"transform":{"skX":19.46,"skY":19.46}},{"duration":30,"curve":[0.25,0,0.75,1],"transform":{"skX":28.15,"skY":28.15}},{"duration":0,"transform":{}}],"name":"bodyTop14"},{"frame":[{"duration":30,"curve":[0.25,0,0.75,1],"transform":{}},{"duration":30,"curve":[0.25,0,0.75,1],"transform":{"skX":24.21,"skY":24.21}},{"duration":0,"transform":{}}],"name":"bodyTop15"},{"frame":[{"duration":30,"curve":[0.25,0,0.75,1],"transform":{}},{"duration":30,"curve":[0.25,0,0.75,1],"transform":{"skX":6.17,"skY":6.17}},{"duration":0,"transform":{}}],"name":"bodyTop16"},{"frame":[{"duration":30,"curve":[0.25,0,0.75,1],"transform":{}},{"duration":30,"curve":[0.25,0,0.75,1],"transform":{"skX":-25.97,"skY":-25.97}},{"duration":0,"transform":{}}],"name":"Left LEg"},{"frame":[{"duration":60,"transform":{}},{"duration":0,"transform":{}}],"name":"mid3"},{"frame":[{"duration":60,"transform":{}},{"duration":0,"transform":{}}],"name":"mid4"},{"frame":[{"duration":30,"curve":[0.25,0,0.75,1],"transform":{}},{"duration":30,"curve":[0.25,0,0.75,1],"transform":{"skX":-17.11,"skY":-17.11}},{"duration":0,"transform":{}}],"name":"right Leg"},{"frame":[{"duration":60,"transform":{}},{"duration":0,"transform":{}}],"name":"mid5"},{"frame":[{"duration":60,"transform":{}},{"duration":0,"transform":{}}],"name":"mid6"},{"frame":[{"duration":30,"curve":[0.25,0,0.75,1],"transform":{}},{"duration":30,"curve":[0.25,0,0.75,1],"transform":{"skX":-15.71,"skY":-15.71}},{"duration":0,"transform":{}}],"name":"mid7"},{"frame":[{"duration":60,"transform":{}},{"duration":0,"transform":{}}],"name":"mid8"},{"frame":[{"duration":60,"transform":{}},{"duration":0,"transform":{}}],"name":"mid9"},{"frame":[{"duration":30,"curve":[0.25,0,0.75,1],"transform":{}},{"duration":30,"curve":[0.25,0,0.75,1],"transform":{"skX":-14.25,"skY":-14.25}},{"duration":0,"transform":{}}],"name":"tail"},{"frame":[{"duration":30,"curve":[0.25,0,0.75,1],"transform":{}},{"duration":30,"curve":[0.25,0,0.75,1],"transform":{"skX":-14.07,"skY":-14.07}},{"duration":0,"transform":{}}],"name":"tail2"},{"frame":[{"duration":30,"curve":[0.25,0,0.75,1],"transform":{}},{"duration":30,"curve":[0.25,0,0.75,1],"transform":{"skX":-9.45,"skY":-9.45}},{"duration":0,"transform":{}}],"name":"tail3"},{"frame":[{"duration":30,"curve":[0.25,0,0.75,1],"transform":{}},{"duration":30,"curve":[0.25,0,0.75,1],"transform":{"skX":9.67,"skY":9.67}},{"duration":0,"transform":{}}],"name":"tail4"},{"frame":[{"duration":60,"transform":{}},{"duration":0,"transform":{}}],"name":"tail5"},{"frame":[{"duration":30,"curve":[0.25,0,0.75,1],"transform":{}},{"duration":30,"curve":[0.25,0,0.75,1],"transform":{"scX":1.2}},{"duration":0,"transform":{}}],"name":"shadow"},{"frame":[{"duration":60,"transform":{}}],"name":"feather"}],"zOrder":{"frame":[{"zOrder":[5,-5],"duration":60,"tweenEasing":null}]},"duration":60,"slot":[],"name":"Idle"}],"ik":[],"slot":[{"name":"Folder 53 Copy 3","parent":"LeftWing","color":{}},{"z":1,"name":"Layer 116","parent":"shadow","color":{}},{"z":2,"name":"Folder 53 Copy 7","parent":"tail","color":{}},{"z":3,"name":"Folder 53 Copy 5","parent":"Left LEg","color":{}},{"z":4,"name":"Folder 53 Copy 6","parent":"right Leg","color":{}},{"z":5,"name":"Folder 53 Copy 4","parent":"Right Wing","color":{}},{"z":6,"name":"Layer 295 Copy","parent":"upper Body","color":{}}],"name":"ParrotKing","bone":[{"transform":{},"name":"root"},{"transform":{"y":-247.83,"x":-5.11},"name":"mid","parent":"root"},{"transform":{"y":-17.15,"x":6.5},"name":"shadow","parent":"root"},{"length":41,"transform":{"skX":130.22,"skY":130.22,"y":8.49,"x":-8.78},"parent":"mid","name":"Left LEg"},{"length":39,"transform":{"skX":-73.43,"skY":-73.43,"y":-0.31},"parent":"mid","name":"upper Body"},{"length":128,"transform":{"skX":82.42,"skY":82.42,"y":16.58,"x":5.78},"parent":"mid","name":"tail"},{"length":32,"transform":{"skX":90,"skY":90,"y":7.19,"x":16.85},"parent":"mid","name":"right Leg"},{"length":44,"transform":{"skX":-31.86,"skY":-31.86,"x":39.39},"parent":"upper Body","name":"bodyTop"},{"length":92,"transform":{"skX":-40.06,"skY":-40.06,"y":-20.33,"x":24.39},"parent":"tail","name":"tail2"},{"length":53,"transform":{"skX":38.82,"skY":38.82,"y":9.83,"x":35.2},"parent":"tail","name":"tail4"},{"length":22,"transform":{"skX":-131.44,"skY":-131.44,"x":41.85},"parent":"Left LEg","name":"mid3"},{"length":23,"transform":{"skX":-18.25,"skY":-18.25,"x":32.62},"parent":"right Leg","name":"mid5"},{"length":56,"transform":{"skX":-64.22,"skY":-64.22,"y":-9.48,"x":26.05},"parent":"bodyTop","name":"Right Wing"},{"length":61,"transform":{"skX":66.08,"skY":66.08,"y":47.33,"x":41.05},"parent":"bodyTop","name":"LeftWing"},{"length":75,"transform":{"skX":0.71,"skY":0.71,"x":53.79},"parent":"tail4","name":"tail5"},{"length":33,"transform":{"skX":-48.86,"skY":-48.86,"x":44.96},"parent":"bodyTop","name":"head"},{"length":32,"transform":{"skX":53.74,"skY":53.74,"x":23.06},"parent":"mid5","name":"mid6"},{"length":105,"transform":{"skX":14.36,"skY":14.36,"x":92.33},"parent":"tail2","name":"tail3"},{"length":18,"transform":{"skX":-135.77,"skY":-135.77,"y":-31.36,"x":28.68},"parent":"bodyTop","name":"feather"},{"length":40,"transform":{"skX":120.25,"skY":120.25,"y":-0.29,"x":22.17},"parent":"mid3","name":"mid4"},{"length":66,"transform":{"skX":60.27,"skY":60.27,"x":56.9},"parent":"Right Wing","name":"bodyTop10"},{"length":26,"transform":{"skX":-0.67,"skY":-0.67,"x":32.91},"parent":"mid6","name":"mid7"},{"length":49,"transform":{"skX":-49.1,"skY":-49.1,"x":61.2},"parent":"LeftWing","name":"bodyTop3"},{"length":9,"transform":{"skX":-32.1,"skY":-32.1,"x":26.11},"parent":"mid7","name":"mid8"},{"length":118,"transform":{"skX":46.18,"skY":46.18,"y":0.43,"x":48.71},"parent":"bodyTop3","name":"bodyTop4"},{"length":75,"transform":{"skX":-11.88,"skY":-11.88,"x":66.46},"parent":"bodyTop10","name":"bodyTop11"},{"length":107,"transform":{"skX":-5.93,"skY":-5.93,"y":-21.84,"x":37.26},"parent":"bodyTop11","name":"bodyTop12"},{"length":48,"transform":{"skX":-134.78,"skY":-134.78,"y":-34.56,"x":-63.57},"parent":"bodyTop11","name":"bodyTop15"},{"length":66,"transform":{"skX":-104.26,"skY":-104.26,"y":-45.26,"x":-32.51},"parent":"bodyTop11","name":"bodyTop13"},{"length":106,"transform":{"skX":105.47,"skY":105.47,"y":9.68,"x":-2.98},"parent":"bodyTop4","name":"bodyTop8"},{"length":7,"transform":{"skX":-26.87,"skY":-26.87,"x":9.8},"parent":"mid8","name":"mid9"},{"length":151,"transform":{"skX":69.72,"skY":69.72,"y":5.91,"x":-2.04},"parent":"bodyTop4","name":"bodyTop6"},{"length":169,"transform":{"skX":9.17,"skY":9.17,"y":25.44,"x":63.77},"parent":"bodyTop4","name":"bodyTop5"},{"length":92,"transform":{"skX":36.32,"skY":36.32,"x":151.53},"parent":"bodyTop6","name":"bodyTop7"},{"length":105,"transform":{"skX":36.61,"skY":36.61,"x":106.73},"parent":"bodyTop8","name":"bodyTop9"},{"length":80,"transform":{"skX":-30.33,"skY":-30.33,"x":48.25},"parent":"bodyTop15","name":"bodyTop16"},{"length":58,"transform":{"skX":-34.56,"skY":-34.56,"x":66.63},"parent":"bodyTop13","name":"bodyTop14"}],"skin":[{"name":"","slot":[{"display":[{"slotPose":[1,0,0,1,0,0],"vertices":[23.27,-320.28,26.03,-339.77,40.88,-357.92,65.93,-386.12,72.12,-403.54,71.98,-418.24,74.05,-425.86,89.53,-449.52,120.1,-475.97,154.82,-499.35,188.61,-516.13,178.43,-495.87,172.88,-487.09,205.57,-503.16,237.69,-518.78,275.27,-535.58,294.1,-547.03,307.52,-547.03,291.66,-525.13,256.56,-484.5,225.35,-463.59,234.25,-458.17,253.73,-449.66,285.21,-441.8,319.39,-438.58,358.51,-444.49,366.25,-447.07,366.26,-434.43,338.64,-420.63,297.14,-411.18,256.12,-412.21,277.53,-402.66,300.75,-384.33,314.82,-368.86,326.68,-349.64,299.72,-354.16,254.7,-367.18,241.02,-372.33,260.46,-337.04,268.98,-313.58,270.53,-295.01,270.02,-273.2,267.96,-259.4,252.73,-289.46,241.76,-306.35,224.22,-321.96,214.28,-329.7,214.72,-308.84,211.25,-289.36,200.28,-274.01,191.76,-295.94,189.83,-303.68,184.93,-280.62,167.52,-248.11,161.85,-268.49,154.89,-246.7,140.96,-224.63,123.09,-209.84,119.86,-209.7,121.79,-221.7,127.08,-245.83,128.75,-262.21,119.98,-238.99,114.31,-234.6,110.43,-250.98,103.6,-262.97,90.69,-281.68,79.73,-263.15,63.85,-252.05,58.7,-251,58.7,-275.35,54.87,-290.81,49.19,-299.64,41.71,-307.45,37.02,-299.45,34.64,-305.37,27.12,-295.28,23.27,-304.95,48.26,-319.77,65.79,-318.3,69.52,-332.29,82.09,-319.23,92.12,-312.15,100.36,-308.56,103.34,-313.9,96.07,-332.11,111.16,-321.43,127.81,-317.08,132.41,-319.2,131.12,-329.32,117.91,-350.43,125.73,-348.78,129.96,-350.3,127.44,-355.13,132.85,-353.29,138.56,-353.89,136.08,-360.84,124.21,-371.97,139.34,-370.17,141.27,-376.73,139.15,-391.6,159.08,-389.48,174.59,-390.3,181.3,-394.99,174.77,-404.37,162.85,-417.86,153.42,-424.94,179.91,-425.86,185.94,-431.29,178.06,-439.91,154.19,-451.28,144.85,-454.49,159.29,-469.01,169.77,-482.99,87.7,-289.33,82.18,-309.9,71.01,-274.75,77.33,-288.52,67.93,-304.72,117.2,-259.86,114.43,-280.59,102.44,-299.7,124.96,-289.18,119.45,-308.45,137.13,-243.01,143.76,-267.47,147.48,-284.81,145.37,-303.11,138.57,-317.21,157.35,-331.95,148.28,-341.82,169.82,-363.22,172.59,-281.74,176.15,-301.82,162.71,-297.29,159.87,-296.35,158.41,-317.04,175.01,-319.48,191.21,-339.25,182.45,-363.87,171.77,-334.39,203.95,-303.72,202.65,-330.77,198.92,-342.11,195.19,-359.61,206.7,-337.9,199.89,-347.3,222.57,-358.31,240.23,-340.17,250.28,-323.49,257.9,-307.61,262.19,-292.71,195.92,-377.34,189.75,-411.69,209.04,-368.6,242.24,-397.6,269.29,-388.53,295.06,-373.95,207.25,-396.63,213.56,-414.61,205.78,-436.07,221.5,-442.39,254.87,-432.52,283.06,-427.5,317.3,-426.49,343.06,-432.81,189.46,-470.85,213.4,-483.46,237.06,-501.1,267.72,-517.49,282.37,-528.58],"path":"Folder 53 Copy 3","uvs":[0,0.65909,0.00802,0.60242,0.05135,0.54969,0.12438,0.46768,0.14243,0.41705,0.14206,0.3743,0.14807,0.35218,0.19321,0.2834,0.28234,0.20652,0.38359,0.13858,0.48213,0.08983,0.45241,0.1487,0.43624,0.1742,0.53156,0.12751,0.6252,0.08214,0.73475,0.03329,0.78966,0,0.82878,0,0.78252,0.06367,0.68022,0.18179,0.5892,0.24254,0.61515,0.25829,0.67194,0.28304,0.76371,0.30592,0.86338,0.31529,0.9774,0.2981,1,0.2906,1,0.32735,0.91948,0.36748,0.79848,0.39491,0.67888,0.39191,0.74131,0.41966,0.80901,0.47295,0.85,0.51795,0.8846,0.57382,0.806,0.5607,0.67474,0.52282,0.63488,0.50782,0.69151,0.61042,0.71633,0.67863,0.72085,0.73263,0.71934,0.796,0.71332,0.83613,0.66895,0.74875,0.63698,0.69963,0.58583,0.65425,0.55687,0.63175,0.55814,0.6924,0.54799,0.74902,0.51602,0.79364,0.4912,0.72989,0.48556,0.70739,0.47128,0.7744,0.4205,0.8689,0.40396,0.80965,0.38365,0.87303,0.34303,0.93715,0.29091,0.98016,0.28151,0.98053,0.28715,0.94566,0.30257,0.87553,0.30746,0.82791,0.28189,0.89541,0.26534,0.90816,0.25406,0.86053,0.23412,0.82566,0.19651,0.77128,0.16457,0.82516,0.11828,0.85742,0.10325,0.86048,0.10328,0.78968,0.0921,0.74474,0.07557,0.71907,0.05377,0.69639,0.04007,0.71962,0.03315,0.70243,0.0112,0.73174,0,0.70364,0.07287,0.66054,0.12396,0.66482,0.13482,0.62417,0.17147,0.66214,0.20071,0.68273,0.22472,0.69316,0.23343,0.67765,0.21224,0.6247,0.25623,0.65572,0.30475,0.66839,0.31816,0.66224,0.3144,0.63282,0.27591,0.57144,0.29871,0.57626,0.31105,0.57183,0.30367,0.55779,0.3195,0.56313,0.33613,0.5614,0.32889,0.5412,0.29429,0.50884,0.33841,0.51406,0.34405,0.495,0.33788,0.45181,0.39595,0.45796,0.44118,0.4556,0.46076,0.44196,0.44171,0.41468,0.40697,0.37548,0.37947,0.35488,0.45672,0.35221,0.47429,0.33643,0.45133,0.31136,0.38173,0.27833,0.3545,0.26897,0.3966,0.22678,0.42718,0.18613,0.18781,0.74904,0.17175,0.68923,0.13916,0.79143,0.15758,0.7514,0.13018,0.7043,0.27376,0.83475,0.26574,0.77447,0.23078,0.7189,0.29643,0.74951,0.28038,0.69347,0.33186,0.88373,0.35122,0.81262,0.36208,0.76223,0.35594,0.70901,0.33611,0.66804,0.3909,0.62519,0.36445,0.59646,0.42726,0.5343,0.43529,0.77118,0.44568,0.71278,0.40648,0.72597,0.39822,0.72867,0.39396,0.66853,0.44238,0.66145,0.48961,0.604,0.4641,0.53241,0.43293,0.61812,0.52675,0.70728,0.52297,0.62863,0.51211,0.59567,0.50124,0.54481,0.53478,0.60791,0.51494,0.5806,0.58106,0.54857,0.63254,0.60132,0.66182,0.64982,0.68402,0.69597,0.69652,0.7393,0.50334,0.49324,0.4854,0.3934,0.5416,0.51867,0.63842,0.43437,0.7173,0.46075,0.79239,0.50313,0.53641,0.4372,0.55483,0.38493,0.53216,0.32253,0.57797,0.30417,0.67526,0.33289,0.75744,0.34749,0.85726,0.35041,0.93236,0.33204,0.48458,0.22142,0.55437,0.1848,0.62335,0.13352,0.71274,0.0859,0.75545,0.05363],"weights":[3,13,0.98297,29,0.00018,34,0.01686,1,13,1,1,13,1,2,13,0.52256,22,0.47744,3,13,0.07459,22,0.91705,24,0.00836,3,13,0.00273,22,0.82,24,0.17727,2,22,0.67545,24,0.32455,2,22,0.05831,24,0.94169,1,24,1,1,24,1,2,24,0.99904,32,0.00096,1,24,1,2,24,0.65213,32,0.34787,2,24,0.00628,32,0.99372,1,32,1,1,32,1,1,32,1,1,32,1,1,32,1,2,31,0.00118,32,0.99882,2,31,0.1628,32,0.8372,2,31,0.32547,32,0.67453,2,31,0.49531,32,0.50469,2,31,0.55864,32,0.44136,2,31,0.55829,32,0.44171,2,31,0.55519,32,0.44481,2,31,0.55506,32,0.44494,2,31,0.55514,32,0.44486,2,31,0.55673,32,0.44327,2,31,0.56306,32,0.43694,2,31,0.65174,32,0.34826,2,31,0.8127,32,0.1873,2,31,0.88011,32,0.11989,2,31,0.9008,32,0.0992,2,31,0.90806,32,0.09194,2,31,0.89748,32,0.10252,3,31,0.83651,32,0.13905,33,0.02444,3,31,0.77741,32,0.10645,33,0.11614,3,31,0.00243,32,0.00014,33,0.99743,1,33,1,1,33,1,1,33,1,1,33,1,1,33,1,2,34,0.00001,33,0.99999,4,29,0.00747,31,0.09824,34,0.02408,33,0.87021,4,29,0.03577,31,0.3833,34,0.10567,33,0.47526,4,29,0.0655,31,0.37087,34,0.3529,33,0.21074,4,29,0.05529,31,0.32966,34,0.43426,33,0.18079,4,29,0.05045,31,0.32278,34,0.44779,33,0.17898,4,29,0.06724,31,0.30765,34,0.47105,33,0.15406,4,29,0.085,31,0.27897,34,0.51689,33,0.11914,4,29,0.01687,31,0.07277,34,0.88132,33,0.02903,3,31,0.01229,34,0.97921,33,0.00849,3,31,0.01529,34,0.97681,33,0.0079,3,31,0.00029,34,0.99918,33,0.00053,1,34,1,1,34,1,1,34,1,1,34,1,1,34,1,3,13,0.0062,29,0.00196,34,0.99184,2,13,0.00107,34,0.99893,1,34,1,3,13,0.01851,29,0.00414,34,0.97734,3,13,0.08186,29,0.02515,34,0.89299,3,13,0.34981,29,0.09347,34,0.55671,3,13,0.51041,29,0.06444,34,0.42515,3,13,0.52978,29,0.05584,34,0.41438,3,13,0.53033,29,0.0554,34,0.41427,3,13,0.55175,29,0.06516,34,0.38309,3,13,0.64941,29,0.06852,34,0.28207,3,13,0.76353,29,0.0526,34,0.18387,3,13,0.89772,29,0.02245,34,0.07983,3,13,0.94197,29,0.00892,34,0.04911,3,13,0.94328,29,0.00877,34,0.04794,3,13,0.96816,29,0.00073,34,0.03111,3,13,0.96862,29,0.00116,34,0.03023,3,13,0.90139,29,0.02936,34,0.06925,3,13,0.75391,29,0.0965,34,0.14959,3,13,0.80812,29,0.10835,34,0.08353,3,13,0.58868,29,0.19955,34,0.21178,3,13,0.43414,29,0.2365,34,0.32936,3,13,0.32097,29,0.25337,34,0.42566,3,13,0.3003,29,0.32014,34,0.37956,3,13,0.45851,29,0.40225,34,0.13923,3,13,0.22025,29,0.46997,34,0.30977,3,13,0.0571,29,0.42028,34,0.52262,3,13,0.03135,29,0.45584,34,0.51281,3,13,0.0256,29,0.88313,34,0.09127,3,13,0.0818,29,0.90949,34,0.00871,3,13,0.00692,29,0.99213,34,0.00094,2,29,0.99059,31,0.00941,2,29,0.98767,31,0.01233,2,29,0.94097,31,0.05903,2,29,0.8522,31,0.1478,2,29,0.80168,31,0.19832,2,29,0.87374,31,0.12626,2,29,0.5634,31,0.4366,2,29,0.38196,31,0.61804,2,29,0.06688,31,0.93312,2,31,0.97453,32,0.02547,2,31,0.91182,32,0.08818,2,31,0.83896,32,0.16104,2,31,0.73868,32,0.26132,3,24,0.00338,31,0.57383,32,0.4228,3,24,0.02824,31,0.4849,32,0.48687,2,31,0.40815,32,0.59185,2,31,0.3404,32,0.6596,2,31,0.19951,32,0.80049,2,24,0.05222,32,0.94778,3,24,0.43912,31,0.01956,32,0.54132,2,24,0.46561,32,0.53439,2,24,0.63566,32,0.36434,3,13,0.40239,29,0.11143,34,0.48618,3,13,0.53961,29,0.17133,34,0.28906,3,13,0.52361,29,0.0685,34,0.40789,3,13,0.50306,29,0.09419,34,0.40275,3,13,0.65345,29,0.09723,34,0.24932,3,13,0.02754,29,0.00776,34,0.96471,3,13,0.0953,29,0.04905,34,0.85565,3,13,0.27081,29,0.18109,34,0.5481,3,13,0.04953,29,0.04605,34,0.90442,3,13,0.11628,29,0.27293,34,0.61079,1,34,1,3,31,0.00158,34,0.99723,33,0.00119,3,31,0.00911,34,0.98717,33,0.00372,3,31,0.01252,34,0.98431,33,0.00317,3,13,0.009,29,0.27614,34,0.71486,4,29,0.61289,31,0.19873,34,0.17949,33,0.00889,3,29,0.83126,31,0.16761,33,0.00112,4,29,0.1921,31,0.79954,34,0.00835,33,0.00001,4,29,0.01147,31,0.05472,34,0.91197,33,0.02185,4,29,0.08594,31,0.16244,34,0.69824,33,0.05338,4,29,0.0458,31,0.07011,34,0.86306,33,0.02104,4,29,0.03462,31,0.05528,34,0.89333,33,0.01677,4,29,0.30305,31,0.11022,34,0.57103,33,0.0157,4,29,0.23125,31,0.28195,34,0.43296,33,0.05384,4,29,0.13082,31,0.65879,34,0.13267,33,0.07772,4,29,0.05953,31,0.92917,34,0.00996,33,0.00134,4,29,0.35693,31,0.41223,34,0.20377,33,0.02707,4,29,0.06722,31,0.3449,34,0.40616,33,0.18172,4,29,0.07533,31,0.53047,34,0.17145,33,0.22275,4,29,0.07184,31,0.73541,34,0.09233,33,0.10042,4,29,0.02031,31,0.96359,34,0.01123,33,0.00487,4,29,0.04717,31,0.62283,34,0.09485,33,0.23514,4,29,0.05043,31,0.83792,34,0.05614,33,0.05551,3,31,0.96255,32,0.01312,33,0.02433,2,32,0.00129,33,0.99871,1,33,1,1,33,1,1,33,1,2,31,0.95177,32,0.04823,2,31,0.60918,32,0.39082,2,31,0.9715,32,0.0285,3,31,0.74512,32,0.25154,33,0.00334,3,31,0.82464,32,0.17406,33,0.0013,2,31,0.8838,32,0.1162,2,31,0.76965,32,0.23035,2,31,0.59106,32,0.40894,2,31,0.34642,32,0.65358,2,31,0.35608,32,0.64392,2,31,0.54638,32,0.45362,2,31,0.56331,32,0.43669,2,31,0.55877,32,0.44123,2,31,0.55612,32,0.44388,2,31,0.00241,32,0.99759,2,31,0.00835,32,0.99165,2,31,0.00007,32,0.99993,1,32,1,1,32,1],"triangles":[25,165,27,165,28,27,25,27,26,24,165,25,24,164,28,24,28,165,33,35,34,169,19,18,23,164,24,163,29,164,23,163,164,32,157,33,157,35,33,16,18,17,170,18,16,156,157,32,31,156,32,157,36,35,15,170,16,170,169,18,156,36,157,162,163,23,22,162,23,162,30,163,15,169,170,151,41,40,30,156,31,38,149,39,39,150,40,14,169,15,168,19,169,151,43,41,30,155,156,150,151,40,43,42,41,37,36,156,155,37,156,14,168,169,149,150,39,150,43,151,44,43,150,148,149,38,149,44,150,22,161,162,159,155,30,168,20,19,21,161,22,147,148,37,167,20,168,45,44,149,148,45,149,158,154,37,158,37,155,159,158,155,154,147,37,46,45,148,147,46,148,13,168,14,13,167,168,145,46,147,20,161,21,146,145,147,167,166,20,160,161,20,166,160,20,158,152,154,141,48,47,154,146,147,144,146,154,153,158,159,160,153,159,145,142,46,46,142,47,142,141,47,13,166,167,142,51,141,166,109,160,108,153,160,141,50,48,50,49,48,146,143,145,152,144,154,109,108,160,103,152,158,153,103,158,143,142,145,143,138,142,51,50,141,152,139,144,138,143,146,144,138,146,108,107,153,54,53,52,140,137,138,102,139,152,103,102,152,139,138,144,131,140,139,132,54,52,104,103,153,112,109,166,12,113,166,137,133,51,139,140,138,133,132,52,107,104,153,113,112,166,112,110,109,102,131,139,9,11,10,109,107,108,105,104,107,101,131,102,134,132,133,104,102,103,131,130,140,137,136,133,9,12,11,110,106,109,130,129,140,140,129,137,129,136,137,101,102,104,136,134,133,105,101,104,101,99,131,134,135,132,9,113,12,95,130,131,98,95,131,99,98,131,9,112,113,136,135,134,100,101,105,9,8,112,136,127,135,125,55,54,126,125,54,106,100,105,111,110,112,96,95,98,110,111,106,124,56,55,8,111,112,129,128,136,127,126,135,100,99,101,128,127,136,130,89,129,89,128,129,125,124,55,111,7,106,7,100,106,7,6,100,61,124,125,95,92,130,92,89,130,127,122,126,122,125,126,89,88,128,6,5,100,122,61,125,8,7,111,128,87,127,87,123,127,123,122,127,61,60,124,5,4,100,59,57,56,92,91,89,94,92,95,100,97,99,97,98,99,88,87,128,122,120,61,96,94,95,97,96,98,4,97,100,93,94,96,97,93,96,91,90,89,93,92,94,89,87,88,120,119,61,90,86,89,86,87,89,93,91,92,86,123,87,90,91,93,97,90,93,59,58,57,4,3,97,123,121,122,85,86,90,121,120,122,3,90,97,120,65,119,3,85,90,64,63,62,86,84,123,83,121,123,84,83,123,65,64,119,66,65,120,121,66,120,3,80,85,85,84,86,85,82,84,114,66,121,82,83,84,83,82,121,82,114,121,115,114,82,81,82,85,80,81,85,3,2,80,115,117,114,116,67,66,81,115,82,114,117,66,117,116,66,118,117,115,79,118,115,79,115,81,80,79,81,116,68,67,71,116,117,118,71,117,71,70,116,70,68,116,70,69,68,78,79,80,2,78,80,78,72,79,79,72,118,72,71,118,2,1,78,73,72,78,0,73,78,1,0,78,0,75,73,75,74,73,0,77,75,77,76,75,119,64,62,119,62,61,60,59,124,124,59,56,133,52,51,37,148,38,163,30,29,164,29,28,12,166,13,105,106,107,109,106,107,132,54,135,135,126,54,142,51,138,137,51,138,159,160,30,162,161,30,161,160,30],"type":"mesh","transform":{},"userEdges":[73,78,78,79,79,80,80,81,81,82,82,83,83,84,84,85,85,86,86,87,87,88,88,89,89,90,90,91,91,92,92,93,93,94,94,95,95,96,96,97,97,98,98,99,99,100,100,101,101,102,102,103,103,104,104,105,105,106,106,107,107,108,108,109,109,110,110,111,111,112,112,113,113,12,114,115,61,122,122,123,54,135,129,136,136,135,51,138,138,139,46,145,145,146,37,158,160,30],"width":343,"edges":[0,77,77,76,76,75,75,74,74,73,73,72,72,71,71,70,70,69,69,68,68,67,67,66,66,65,65,64,64,63,63,62,62,61,61,60,60,59,59,58,58,57,57,56,56,55,55,54,54,53,53,52,52,51,51,50,50,49,49,48,48,47,47,46,46,45,45,44,44,43,43,42,42,41,41,40,40,39,39,38,38,37,37,36,36,35,35,34,34,33,33,32,32,31,31,30,30,29,29,28,28,27,27,26,26,25,25,24,24,23,23,22,22,21,21,20,20,19,19,18,18,17,17,16,16,15,15,14,14,13,13,12,12,11,11,10,10,9,9,8,8,7,7,6,6,5,5,4,4,3,3,2,2,1,1,0],"height":344,"name":"Folder 53 Copy 3","bonePose":[13,0.7748341669786543,-0.6321645463662884,0.6321645463662884,0.7748341669786543,40.953102063809624,-337.97232859226665,29,0.4486951982834717,0.89368485442988,-0.89368485442988,0.4486951982834717,94.5227588319564,-416.15897369832464,34,-0.17278870476622754,0.9849589146280212,-0.9849589146280212,-0.17278870476622754,142.41199734475134,-320.77598918502355,22,0.02949178752785503,-0.9995650226315504,0.9995650226315504,0.02949178752785503,88.37295308290327,-376.6607988298835,24,0.7416247047263982,-0.670815024682276,0.670815024682276,0.7416247047263982,90.23931101311663,-425.33692961362937,32,0.83905059331145,-0.5440533998273549,0.5440533998273549,0.83905059331145,154.59825266143616,-449.24787124937853,31,0.8862844261453946,0.4631413563612393,-0.4631413563612393,0.8862844261453946,92.69091341134704,-419.5854649583445,33,0.43978242777634696,0.8981043459527084,-0.8981043459527084,0.43978242777634696,226.9895925051587,-349.4056552289259]}],"name":"Folder 53 Copy 3"},{"display":[{"slotPose":[1,0,0,1,0,0],"vertices":[-31.11,-354.5,-28.89,-366.54,-23.04,-381.72,-22.83,-387,-25.56,-387.01,-35.04,-374.84,-40.29,-361.52,-46.13,-346.79,-46.82,-335.75,-45.77,-328.07,-45.43,-322.04,-42.43,-315.53,-39.88,-312.38,-42.59,-308.23,-45.31,-302.83,-41.98,-300.67,-43.22,-295.35,-43.43,-289.47,-41.84,-283.38,-35.39,-289.96,-34.04,-292.17,-33.56,-284.67,-29.03,-279.74,-26.78,-282.51,-23.45,-277.16,-20.55,-279.5,-17.07,-276.59,-13.47,-278.7,-13.17,-277.68,-12.24,-274.58,-10.51,-272.57,-13.44,-271.19,-19.54,-268.1,-28.53,-267.05,-28.28,-253.52,-19.02,-245.11,-2.95,-236.25,11.54,-233.14,29.54,-234.93,25.09,-243.69,16.35,-256.18,21.48,-265.57,16.25,-265.87,19.88,-275.23,22.41,-275.7,23.19,-277.35,30.51,-279.96,40.98,-280.54,42.63,-292.32,64.33,-300.5,68.26,-304.7,61.92,-314.64,52.01,-324.63,40.04,-359.12,12.5,-350.15,13.23,-353.63,6.03,-352.04,8.49,-359.12,-8.5,-355.55,-2.52,-368.3,-1.86,-382.46,-3.87,-387.01,-8.04,-382.64,-13.88,-371.45,-18.7,-360.85,-19.92,-358.42,-26.88,-356.52,-7.52,-282.32,-2.91,-280.44,0.38,-284.26,6.28,-279.57,13.24,-288.08,15.45,-287.27,17,-291.7,20.68,-291.03,22.13,-291.03,26.01,-299.6,28.83,-294.85,33.65,-304.36,35.46,-298.06,42.76,-305.9,-12.84,-250.32,-11.98,-260.48,-5.18,-267.79,-3.03,-274.41,-2.51,-277.84,9.36,-256.69,7.38,-265.03,11.94,-277.07,-17.63,-294.21,-18.21,-306.92,-0.84,-319.48,8.5,-336.7,-35.3,-308.52],"path":"Layer 295 Copy","uvs":[0.14331,0.21107,0.16244,0.13289,0.21288,0.03432,0.21469,0,0.19115,0,0.10943,0.07894,0.06423,0.1655,0.0138,0.26114,0.00791,0.33283,0.01697,0.38267,0.01981,0.42183,0.04567,0.4641,0.06765,0.48455,0.04438,0.51148,0.02084,0.54655,0.04955,0.56057,0.03885,0.59511,0.03704,0.63329,0.05074,0.67284,0.10635,0.63018,0.11799,0.61576,0.12213,0.66451,0.16118,0.69646,0.18057,0.67853,0.20928,0.71321,0.23431,0.69803,0.26431,0.71693,0.29535,0.70329,0.29796,0.70987,0.30595,0.72998,0.32095,0.74303,0.2956,0.75199,0.24311,0.77205,0.16552,0.77887,0.16769,0.86678,0.24755,0.92136,0.38608,0.97888,0.511,0.99914,0.66617,0.98746,0.62776,0.93054,0.5525,0.8495,0.61184,0.79026,0.55158,0.78656,0.58287,0.72578,0.60471,0.72275,0.61143,0.71203,0.67454,0.69508,0.76475,0.69138,0.77898,0.61482,0.96604,0.56173,1,0.53446,0.94522,0.4699,0.85988,0.40503,0.75669,0.18105,0.52497,0.24027,0.52555,0.21673,0.46348,0.22706,0.48468,0.18109,0.35318,0.20446,0.38978,0.12149,0.39547,0.02952,0.37814,0,0.34219,0.02835,0.29176,0.10102,0.25032,0.16985,0.23972,0.18563,0.17972,0.1979,0.3469,0.67983,0.3867,0.692,0.41523,0.66724,0.4659,0.69767,0.52646,0.6425,0.54542,0.64771,0.5587,0.61899,0.59034,0.62332,0.60277,0.62332,0.6362,0.56762,0.66031,0.59848,0.70188,0.5367,0.71737,0.57758,0.78021,0.52665,0.30087,0.8875,0.30828,0.8216,0.36697,0.77416,0.38558,0.73117,0.39006,0.70884,0.49217,0.84618,0.47522,0.79203,0.51456,0.71385,0.26201,0.60256,0.25647,0.52007,0.40732,0.43888,0.48929,0.32735,0.10755,0.50961],"weights":[1,15,1,1,15,1,1,15,1,1,15,1,1,15,1,1,15,1,1,15,1,2,15,0.98914,18,0.01086,2,15,0.87947,18,0.12053,2,15,0.71686,18,0.28314,2,15,0.56557,18,0.43443,2,15,0.36491,18,0.63509,2,15,0.20452,18,0.79548,2,15,0.05251,18,0.94749,2,15,0.00922,18,0.99078,2,15,0.00299,18,0.99701,1,18,1,1,18,1,1,18,1,3,4,0.00932,7,0.01151,18,0.97917,3,4,0.02591,7,0.03391,18,0.94018,3,4,0.10335,7,0.10401,18,0.79264,3,4,0.135,7,0.12798,18,0.73702,3,4,0.16106,7,0.15126,18,0.68768,3,4,0.23885,7,0.18886,18,0.57229,3,4,0.28111,7,0.2067,18,0.5122,3,4,0.38055,7,0.2205,18,0.39894,3,4,0.51504,7,0.21078,18,0.27419,3,4,0.59572,7,0.18446,18,0.21981,3,4,0.76033,7,0.11454,18,0.12513,3,4,0.88303,7,0.05606,18,0.06091,3,4,0.9506,7,0.02155,18,0.02785,3,4,0.99514,7,0.00099,18,0.00387,1,4,1,1,4,1,1,4,1,1,4,1,1,4,1,1,4,1,1,4,1,1,4,1,1,4,1,2,4,0.99365,7,0.00635,2,4,0.76711,7,0.23289,2,4,0.65947,7,0.34053,2,4,0.59474,7,0.40526,2,4,0.32448,7,0.67552,2,4,0.21204,7,0.78796,2,4,0.10252,7,0.89748,2,4,0.0019,7,0.9981,2,4,0.00014,7,0.99986,1,7,1,2,7,0.99847,15,0.00153,2,7,0.93443,15,0.06557,2,7,0.57528,15,0.42472,2,7,0.52348,15,0.47652,2,7,0.34056,15,0.65944,2,7,0.2397,15,0.7603,2,7,0.03822,15,0.96178,1,15,1,1,15,1,1,15,1,1,15,1,1,15,1,1,15,1,1,15,1,1,15,1,3,4,0.56307,7,0.27831,18,0.15862,3,4,0.75347,7,0.18316,18,0.06337,3,4,0.61763,7,0.3483,18,0.03407,1,4,1,2,4,0.31894,7,0.68106,2,4,0.36829,7,0.63171,2,4,0.17746,7,0.82254,2,4,0.21412,7,0.78588,2,4,0.21361,7,0.78639,2,4,0.06987,7,0.93013,2,4,0.13051,7,0.86949,2,4,0.03825,7,0.96175,2,4,0.08196,7,0.91804,2,4,0.02417,7,0.97583,1,4,1,2,4,0.99811,18,0.00189,3,4,0.97956,7,0.00852,18,0.01192,3,4,0.92107,7,0.04655,18,0.03238,3,4,0.85389,7,0.10101,18,0.0451,1,4,1,1,4,1,2,4,0.92435,7,0.07565,3,4,0.11182,7,0.36667,18,0.52151,4,4,0.01021,7,0.42657,15,0.05135,18,0.51187,1,7,1,2,7,0.70132,15,0.29868,3,7,0.00076,15,0.07432,18,0.92492],"triangles":[51,49,50,51,80,49,80,48,49,52,80,51,53,54,52,54,92,52,78,80,52,92,78,52,78,79,80,79,77,48,46,47,48,77,46,48,80,79,48,92,91,78,77,75,46,91,76,78,75,45,46,39,37,38,76,75,77,74,72,75,75,72,45,74,75,76,73,74,76,91,73,76,42,40,41,40,37,39,86,37,40,72,88,43,72,43,45,43,44,45,73,72,74,88,42,43,86,36,37,91,69,71,88,87,42,87,86,42,71,88,72,42,86,40,71,72,73,91,71,73,90,69,91,70,88,71,90,89,69,70,87,88,55,56,54,56,92,54,69,70,71,70,84,87,81,36,86,87,83,86,83,82,86,82,81,86,56,58,92,58,91,92,58,56,57,85,84,70,84,83,87,69,68,70,68,85,70,65,66,58,62,63,59,62,59,60,67,68,69,89,67,69,9,90,91,0,9,91,58,66,91,66,0,91,63,64,58,63,58,59,81,35,36,61,62,60,67,29,85,29,30,85,67,85,68,85,30,84,30,83,84,9,11,12,12,93,90,9,12,90,28,29,67,30,31,83,31,82,83,8,9,0,64,65,58,89,27,67,27,28,67,89,25,27,31,32,82,9,10,11,32,34,82,82,34,81,34,35,81,23,25,89,25,26,27,33,34,32,20,23,89,20,89,90,93,20,90,5,1,2,7,8,0,23,24,25,20,21,23,4,2,3,4,5,2,93,15,20,6,0,1,21,22,23,5,6,1,6,7,0,16,19,20,15,16,20,13,15,93,17,18,19,16,17,19,12,13,93,13,14,15,79,77,78,76,77,78],"type":"mesh","transform":{},"userEdges":[28,67,67,68,68,69,69,70,70,71,71,72,72,73,73,74,75,76,74,75,76,77,77,78,78,79,79,80,80,52,67,89,89,90,90,91,91,92,92,54,90,93,93,12],"width":116,"edges":[8,9,9,10,10,11,11,12,12,13,13,14,14,15,15,16,16,17,17,18,18,19,19,20,20,21,21,22,22,23,23,24,24,25,25,26,26,27,27,28,28,29,29,30,30,31,31,32,32,33,33,34,34,35,35,36,36,37,37,38,38,39,39,40,40,41,41,42,42,43,43,44,44,45,45,46,46,47,47,48,48,49,49,50,50,51,51,52,52,53,53,54,54,55,55,56,56,57,57,58,58,59,59,60,60,61,61,62,62,63,63,64,64,65,65,66,66,0,0,1,1,2,2,3,3,4,4,5,5,6,6,7,7,8],"height":154,"name":"Layer 295 Copy","bonePose":[15,-0.89993861784989,-0.43601660989282254,0.43601660989282254,-0.89993861784989,-5.732664990389911,-329.2627847143694,18,-0.48389345497159575,0.8751269189298501,-0.8751269189298501,-0.48389345497159575,-31.689516944325995,-305.2892610551022,4,0.2851865517397396,-0.9584720291728898,0.9584720291728898,0.2851865517397396,-5.11,-248.14,7,-0.26370469891944515,-0.9646034583018064,0.9646034583018064,-0.26370469891944515,6.123498273028344,-285.89421322912017]}],"name":"Layer 295 Copy"},{"display":[{"path":"Layer 116","type":"image","name":"Layer 116","transform":{"y":-2.35,"x":21.27}}],"name":"Layer 116"},{"display":[{"slotPose":[1,0,0,1,0,0],"vertices":[-8.76,-187.79,-14.65,-211.55,-13.96,-226.25,-13.27,-240.95,-5.58,-259.18,4.39,-264,11.19,-261.36,16.78,-255.33,22.37,-249.3,30.8,-235.15,24.43,-223.86,31.4,-228.37,31.12,-207.55,37.52,-207.02,31.49,-195.25,34.13,-190.77,27.78,-177.32,26.59,-180.72,20.48,-169.65,20.65,-168.3,19.54,-167.52,19.05,-165.59,17.12,-161.99,23.23,-156.72,20.89,-152.21,25.28,-144.71,18.28,-136.3,16.75,-128.47,17.74,-122.41,26.19,-113.19,17.23,-113.76,8.27,-114.33,0.85,-123.93,0.36,-135.87,-5.22,-130.65,-8.25,-124.71,-6.98,-114.17,-13.29,-117.14,-19.61,-120.12,-24.42,-133.8,-22.29,-144.01,-21.18,-146.47,-24.01,-153.31,-23.68,-160.41,-20.7,-163.52,-9.05,-164.84,-5.85,-168.73,-0.6,-166.02,2.76,-173.61,5.3,-174.48,5.59,-177.31,9.94,-182.63,6.94,-181.63,5.1,-184.87,4.81,-185.81,1.65,-184.04,0.34,-185.15,-4.29,-181.18,2.04,-148.9,7.67,-155.54,13.82,-158.01,-7.37,-154.75,-15.19,-156.83,-4.9,-158.51,10.93,-204.03,18.82,-182.63,-4.78,-219.71,12.9,-231.98,3.8,-241.39,4.67,-211.45,22.3,-203.7,8.5,-137.68,-3.09,-245.04,-4.58,-199.47],"path":"Folder 53 Copy 6","uvs":[0.24959,0.49166,0.15753,0.33839,0.16828,0.24354,0.17904,0.1487,0.29927,0.03112,0.45494,0,0.56126,0.01701,0.64858,0.05594,0.73591,0.09487,0.86763,0.18613,0.76811,0.25898,0.87705,0.22986,0.87269,0.36418,0.97263,0.36762,0.87846,0.44353,0.91976,0.47251,0.82046,0.55927,0.80189,0.53731,0.70644,0.60873,0.709,0.61746,0.6917,0.62249,0.68401,0.63492,0.6539,0.6582,0.74936,0.69214,0.71284,0.72123,0.78146,0.76967,0.67192,0.82389,0.64821,0.87441,0.66359,0.91347,0.79555,0.97299,0.65558,0.96928,0.51561,0.96558,0.39965,0.90368,0.39197,0.82671,0.30484,0.8603,0.25744,0.89866,0.2773,0.96664,0.17864,0.94746,0.07999,0.92828,0.00481,0.84002,0.03812,0.77415,0.05542,0.75828,0.01122,0.71411,0.01634,0.66835,0.06312,0.64824,0.24505,0.63978,0.29502,0.61465,0.37702,0.6321,0.42955,0.58317,0.46927,0.57761,0.47375,0.55936,0.54166,0.52498,0.49489,0.53145,0.46606,0.51055,0.46158,0.50447,0.41225,0.51584,0.39175,0.5087,0.31936,0.53436,0.4182,0.74254,0.50638,0.69974,0.60228,0.68378,0.27125,0.70485,0.14905,0.69144,0.30993,0.68058,0.55707,0.38689,0.6805,0.52501,0.31176,0.28575,0.58793,0.20656,0.44577,0.1459,0.45933,0.33903,0.73497,0.38904,0.51927,0.81502,0.33818,0.12234,0.31489,0.41634],"weights":[3,6,0.06785,11,0.80161,16,0.13054,3,6,0.72706,11,0.26898,16,0.00396,2,6,0.96562,11,0.03438,1,6,1,1,6,1,1,6,1,1,6,1,1,6,1,1,6,1,2,6,0.99998,11,0.00002,2,6,0.91362,11,0.08638,2,6,0.86521,11,0.13479,2,6,0.26452,11,0.73548,2,6,0.16131,11,0.83869,3,6,0.03406,11,0.92316,16,0.04278,3,6,0.00506,11,0.85453,16,0.14042,2,11,0.34225,16,0.65775,2,11,0.31019,16,0.68981,2,16,0.99815,21,0.00185,2,16,0.99535,21,0.00465,2,16,0.99057,21,0.00943,2,16,0.97237,21,0.02763,2,16,0.89191,21,0.10809,2,16,0.71294,21,0.28706,2,16,0.59536,21,0.40464,2,16,0.41407,21,0.58593,3,16,0.2151,21,0.78072,23,0.00418,3,16,0.068,21,0.92648,23,0.00552,3,16,0.01626,21,0.98191,23,0.00184,1,21,1,3,16,0.0008,21,0.99905,23,0.00015,3,16,0.0029,21,0.99496,23,0.00214,3,16,0.02096,21,0.96474,23,0.01431,4,16,0.04006,21,0.83775,23,0.10557,30,0.01662,4,16,0.0017,21,0.35838,23,0.39623,30,0.24369,3,21,0.03699,23,0.12571,30,0.83731,3,21,0.00001,23,0.00004,30,0.99995,1,30,1,2,23,0.01441,30,0.98559,3,21,0.05152,23,0.9181,30,0.03038,2,21,0.75965,23,0.24035,2,21,0.90604,23,0.09396,2,21,0.99965,23,0.00035,2,16,0.00195,21,0.99805,2,16,0.01117,21,0.98883,2,16,0.30934,21,0.69066,2,16,0.57597,21,0.42403,2,16,0.88967,21,0.11033,1,16,1,2,11,0.00006,16,0.99994,2,11,0.00618,16,0.99382,2,11,0.24192,16,0.75808,2,11,0.43444,16,0.56556,3,6,0.00294,11,0.5755,16,0.42156,3,6,0.00555,11,0.64395,16,0.3505,3,6,0.01426,11,0.74644,16,0.23929,3,6,0.01914,11,0.7718,16,0.20906,3,6,0.02488,11,0.80991,16,0.16521,3,16,0.13471,21,0.86011,23,0.00518,2,16,0.62894,21,0.37106,2,16,0.79001,21,0.20999,2,16,0.00662,21,0.99338,2,16,0.0137,21,0.9863,2,16,0.12137,21,0.87863,3,6,0.02191,11,0.97577,16,0.00232,2,11,0.00449,16,0.99551,3,6,0.92143,11,0.07856,16,0.00001,1,6,1,1,6,1,3,6,0.8154,11,0.18358,16,0.00103,2,6,0.15293,11,0.84707,3,16,0.13107,21,0.84859,23,0.02034,1,6,1,3,6,0.2698,11,0.68012,16,0.05009],"triangles":[10,12,11,17,16,15,12,14,13,70,14,12,14,17,15,65,17,14,70,65,14,10,70,12,67,10,9,8,67,9,64,65,70,64,70,10,69,64,10,28,30,29,24,26,25,64,51,65,68,67,8,67,69,10,64,54,51,71,26,24,60,24,23,22,60,23,59,71,24,65,51,18,51,49,18,7,68,8,50,49,51,60,59,24,49,20,18,20,19,18,58,71,59,49,21,20,28,31,30,49,22,21,71,27,26,32,31,28,32,28,27,47,60,22,49,47,22,6,68,7,71,32,27,4,72,5,33,32,71,73,54,64,5,72,6,72,68,6,66,69,67,47,59,60,48,47,49,68,66,67,54,53,51,69,73,64,53,52,51,2,66,68,73,56,54,58,33,71,47,63,59,63,58,59,72,3,68,3,2,68,56,55,54,73,0,56,66,1,69,1,73,69,61,33,58,63,61,58,61,41,33,41,34,33,0,57,56,46,45,47,45,63,47,35,37,36,41,40,34,4,3,72,40,39,34,2,1,66,1,0,73,62,41,61,62,61,63,45,62,63,39,35,34,38,37,35,39,38,35,44,62,45,42,41,62,44,43,62,43,42,62,65,18,17],"type":"mesh","transform":{},"userEdges":[],"width":64,"edges":[39,38,38,37,37,36,36,35,35,34,34,33,33,32,32,31,31,30,30,29,29,28,28,27,27,26,26,25,25,24,24,23,23,22,22,21,21,20,20,19,19,18,18,17,17,16,16,15,15,14,14,13,13,12,12,11,11,10,10,9,9,8,8,7,7,6,6,5,5,4,4,3,3,2,2,1,1,0,0,57,57,56,56,55,55,54,54,53,53,52,52,51,51,50,50,49,49,48,48,47,47,46,46,45,45,44,44,43,43,42,42,41,41,40,40,39],"height":155,"name":"Folder 53 Copy 6","bonePose":[6,6.123233995736766e-17,1,-1,6.123233995736766e-17,11.740000000000002,-240.64,11,0.3131638064837496,0.949699126201877,-0.949699126201877,0.3131638064837496,11.740000000000004,-208.02,16,-0.5805608569041804,0.8142168577416484,-0.8142168577416484,-0.5805608569041804,18.96155737751527,-186.11993814978473,21,-0.5710001680557428,0.8209499424936416,-0.8209499424936416,-0.5710001680557428,-0.1447004232013036,-159.3240613615071,23,-0.047455126176331075,0.9988733708531772,-0.9988733708531772,-0.047455126176331075,-15.053514811136749,-137.8890583629981,30,0.4091269028954459,0.9124774941483108,-0.9124774941483108,0.4091269028954459,-15.518575047664791,-128.10009932863696]}],"name":"Folder 53 Copy 6"},{"display":[{"slotPose":[1,0,0,1,0,0],"vertices":[-55.73,-202.13,-54.95,-216.17,-48.41,-237.07,-41.23,-246.43,-31.24,-253.19,-21.46,-260.57,-10.54,-264.31,-2.96,-265.05,1.27,-249.44,-2.64,-234.57,-11.49,-213.99,-9.2,-212.73,-13.04,-205.48,-8.26,-201.74,-11.69,-195.6,-7.11,-189.78,-5.45,-180.31,-25,-170.02,-24.69,-180,-28.65,-177.92,-27.29,-165.01,-40.81,-169.29,-51.32,-178.86,-50.69,-189.47,-45.39,-189.98,-47.78,-195.81,-39.46,-198.93,-34.15,-199.34,-26.47,-207,-34.92,-201.59,-42.88,-199.25,-53.36,-198.6,-15.44,-218.92,-25.02,-187.55,-27.04,-196.37,-32.2,-198.12,-38.87,-192.15,-41.54,-189.91,-26.44,-196.71,-19.3,-197.95],"path":"Folder 53 Copy 5","uvs":[0,0.63612,0.01366,0.49847,0.1286,0.29353,0.2545,0.20177,0.42965,0.13549,0.60116,0.0631,0.79274,0.0264,0.92593,0.01926,1,0.1722,0.9314,0.318,0.77632,0.51988,0.81646,0.53212,0.74895,0.60327,0.83288,0.63997,0.77267,0.70013,0.85295,0.75723,0.88214,0.85001,0.53912,0.95095,0.5446,0.85307,0.47527,0.87346,0.49898,1,0.26179,0.95809,0.07751,0.86429,0.08846,0.76029,0.18151,0.75519,0.13955,0.69809,0.28551,0.6675,0.37856,0.66343,0.51328,0.58836,0.36507,0.64142,0.22535,0.66428,0.04163,0.67075,0.70694,0.4715,0.53888,0.77908,0.50343,0.69266,0.4129,0.67537,0.29597,0.73397,0.2492,0.75589,0.51399,0.68928,0.63921,0.67706],"weights":[2,3,0.47334,10,0.52666,2,3,0.92593,10,0.07407,1,3,1,1,3,1,1,3,1,1,3,1,1,3,1,1,3,1,1,3,1,2,3,0.94965,19,0.05035,3,3,0.21123,10,0.00186,19,0.78692,3,3,0.14146,10,0.00867,19,0.84987,3,3,0.00682,10,0.58243,19,0.41075,2,10,0.60947,19,0.39053,2,10,0.27497,19,0.72503,2,10,0.10227,19,0.89773,2,10,0.05237,19,0.94763,1,19,1,2,10,0.00269,19,0.99731,2,10,0.00003,19,0.99997,1,19,1,1,19,1,1,19,1,1,19,1,1,19,1,1,19,1,2,10,0.00642,19,0.99358,2,10,0.04707,19,0.95293,2,10,0.947,19,0.053,1,10,1,2,3,0.11377,10,0.88623,2,3,0.40824,10,0.59176,2,3,0.45706,19,0.54294,2,10,0.00268,19,0.99732,2,10,0.01441,19,0.98559,2,10,0.05423,19,0.94577,2,10,0.00085,19,0.99915,1,19,1,2,10,0.01273,19,0.98727,2,10,0.07543,19,0.92457],"triangles":[5,9,8,6,5,8,7,6,8,4,32,9,5,4,9,33,18,15,15,18,16,18,17,16,4,3,32,14,33,15,10,12,11,12,14,13,12,39,14,39,33,14,32,12,10,3,2,32,32,28,12,28,39,12,2,28,32,2,1,28,38,33,39,28,38,39,38,34,33,1,29,28,35,36,34,28,35,38,34,36,33,19,18,33,36,19,33,36,37,19,35,34,38,19,21,20,37,21,19,22,21,37,1,30,29,27,36,35,26,36,27,1,0,30,25,24,37,24,22,37,23,22,24,0,31,30,27,35,28,26,25,36,25,37,36,32,10,9],"type":"mesh","transform":{},"userEdges":[28,32,32,9,18,33,33,34,34,35,35,36,36,37,37,24,38,39,39,14],"width":57,"edges":[0,31,31,30,30,29,29,28,28,27,27,26,26,25,25,24,24,23,23,22,22,21,21,20,20,19,19,18,18,17,17,16,16,15,15,14,14,13,13,12,12,11,11,10,10,9,9,8,8,7,7,6,6,5,5,4,4,3,3,2,2,1,1,0],"height":102,"name":"Folder 53 Copy 5","bonePose":[3,-0.6457242635052719,0.7635706748694413,-0.7635706748694413,-0.6457242635052719,-13.89,-239.34,10,0.9997733122812662,-0.021291407894873993,0.021291407894873993,0.9997733122812662,-40.91356042769563,-207.3845672567139,19,-0.4852675035765309,0.874365741536459,-0.874365741536459,-0.4852675035765309,-18.75476060270947,-208.14653203030483]}],"name":"Folder 53 Copy 5"},{"display":[{"slotPose":[1,0,0,1,0,0],"vertices":[-82.74,-119.62,-82.11,-133.27,-73.45,-147.36,-62.36,-162.9,-48.04,-176.78,-33.38,-188.88,-25.94,-196.43,-22.28,-206.3,-17.4,-224.18,-12.91,-231.46,-6.89,-239.44,2.45,-243.83,11.68,-243.73,20.56,-242.7,28.67,-235.36,37.25,-224.72,47.25,-218.14,65.38,-211.74,92.73,-200.32,110.22,-192.72,128.07,-182.48,140.52,-172.32,146.74,-156.51,131.9,-161.98,111.16,-169.47,74.09,-180.55,90.56,-169.02,106.17,-154.24,120.29,-140.21,133.66,-122.46,142.1,-106.9,148.22,-93.02,152.91,-81.65,155.1,-71.15,154.99,-59.52,151.32,-50.99,146.94,-51.93,135.67,-69.42,119.53,-90.3,100.7,-112.82,82.82,-127.52,70.44,-140.78,70.08,-126.09,66.2,-106.62,57.76,-92.03,44.23,-76.56,27.13,-63.4,-5.3,-62.49,2.3,-71.61,11.93,-82.4,20.09,-96.88,23.56,-103.21,8.05,-90.1,-10.11,-80.7,-42.03,-69.74,-41.73,-74.63,-37.95,-80.35,-33.62,-83.36,-31.82,-83.71,-35.13,-86.16,-37.02,-103.96,-36.16,-116.67,-49.32,-106.76,-60.82,-93.51,-65.56,-82.55,-66.32,-63.63,-76.93,-72.29,-80,-88.42,-76.86,-110.28,-73.28,-121.5,-59.87,-139.09,-70.63,-132.82,-22.53,-125.85,-72.48,-94.09,-66.9,-106.33,-60.78,-120.55,-47.73,-133.69,-34.13,-141.33,-27.03,-144.84,-44.4,-149.97,-33.23,-156.27,-62.67,-146.83,-48.9,-156.36,-36.93,-164.11,-24.69,-173.64,-11.58,-166.16,-8.97,-153.2,-16.8,-94.56,-9.15,-109.32,-2.76,-146.76,-25.8,-103.03,-21.57,-116.98,-28.05,-80.21,-4.83,-93.79,9.21,-111.26,10.02,-140.06,8.62,-166.63,28.38,-120.03,23.1,-146.33,12.21,-182.41,21.89,-75.97,36.52,-90.05,45.43,-106.11,53.02,-124.37,53.57,-140.98,41.14,-164.75,48,-167.71,20.17,-198.3,5.54,-217,-7.77,-197.75,-6.34,-175.43,9.72,-192.36,34.8,-207.75,149.55,-67.44,135.26,-92.86,110.62,-122.89,84.53,-146.1,62.65,-169.08,43.84,-184.05,44.59,-197.35,64.05,-185.25,124.05,-173.36,107.44,-182.28,89.95,-188.1,68.5,-196.8,47.82,-208.79,30.22,-220.23,16.15,-228.71],"path":"Folder 53 Copy 7","uvs":[0,0.64999,0.00264,0.58033,0.03902,0.50841,0.08566,0.42912,0.14582,0.35833,0.20738,0.2966,0.23863,0.25809,0.25402,0.20769,0.27454,0.11651,0.2934,0.0793,0.31868,0.03858,0.3579,0.0162,0.39671,0.01672,0.43399,0.02193,0.46806,0.0594,0.50413,0.11367,0.54613,0.14724,0.62234,0.17987,0.73725,0.23812,0.81075,0.27689,0.88578,0.32914,0.93806,0.38092,0.96421,0.46158,0.90185,0.43374,0.81471,0.39549,0.65893,0.33902,0.72814,0.39783,0.79379,0.47321,0.85314,0.54477,0.90929,0.63532,0.94479,0.71477,0.9705,0.78554,0.99021,0.84357,0.99943,0.89708,0.999,0.95641,0.98357,1,0.96514,0.99518,0.91779,0.90593,0.84996,0.79942,0.77084,0.68455,0.69568,0.6096,0.64361,0.54194,0.64211,0.61688,0.62583,0.71622,0.59037,0.79065,0.53349,0.8696,0.46168,0.93676,0.3254,0.94144,0.35732,0.89486,0.39779,0.83983,0.43207,0.76593,0.44664,0.73367,0.3815,0.80054,0.30519,0.84851,0.17105,0.90445,0.17234,0.87947,0.18819,0.85033,0.20641,0.83498,0.21396,0.83315,0.20003,0.82066,0.1921,0.72985,0.19574,0.66506,0.14043,0.71554,0.09213,0.78318,0.0722,0.83913,0.06899,0.93566,0.02442,0.89143,0.01156,0.8092,0.02473,0.69763,0.03973,0.64039,0.09609,0.55062,0.05088,0.58262,0.25299,0.61815,0.04312,0.78024,0.06656,0.71779,0.09228,0.64524,0.14711,0.5782,0.20421,0.53917,0.23408,0.52126,0.1611,0.49509,0.20799,0.46294,0.08433,0.51116,0.14219,0.46248,0.19248,0.42299,0.24391,0.37432,0.29899,0.4125,0.30996,0.47862,0.27706,0.77778,0.3092,0.70247,0.33605,0.51145,0.23925,0.73462,0.25702,0.66344,0.22979,0.85101,0.32735,0.78168,0.38634,0.6926,0.38975,0.54566,0.38386,0.41008,0.46689,0.64779,0.44471,0.51366,0.39895,0.32958,0.43962,0.8726,0.50109,0.80076,0.53853,0.71882,0.57042,0.62566,0.57273,0.54091,0.52051,0.41969,0.54932,0.40451,0.43238,0.24849,0.37091,0.15308,0.31499,0.25129,0.321,0.36522,0.38848,0.27879,0.49385,0.20022,0.97613,0.91599,0.91604,0.78635,0.81251,0.63314,0.70284,0.51478,0.61087,0.39748,0.53183,0.32116,0.53496,0.2533,0.61677,0.31503,0.86887,0.37564,0.79908,0.33018,0.72559,0.30044,0.63547,0.2561,0.54858,0.19493,0.47463,0.13656,0.41547,0.09335],"weights":[2,9,0.00004,14,0.99996,2,9,0.00213,14,0.99787,2,9,0.06105,14,0.93895,2,9,0.34524,14,0.65476,2,9,0.80947,14,0.19053,2,9,0.99172,14,0.00828,2,5,0.02516,9,0.97484,2,5,0.23442,9,0.76558,2,5,0.78956,9,0.21044,2,5,0.92085,9,0.07915,2,5,0.98904,9,0.01096,2,5,0.94816,8,0.05184,2,5,0.81108,8,0.18892,2,5,0.64369,8,0.35631,2,5,0.39941,8,0.60059,2,5,0.06267,8,0.93733,2,5,0.00003,8,0.99997,1,8,1,1,8,1,1,8,1,1,8,1,1,8,1,1,8,1,1,8,1,1,8,1,1,8,1,2,8,0.99848,17,0.00152,2,8,0.30871,17,0.69129,1,17,1,1,17,1,1,17,1,1,17,1,1,17,1,1,17,1,1,17,1,1,17,1,1,17,1,1,17,1,1,17,1,1,17,1,3,5,0.01435,8,0.19213,17,0.79353,3,5,0.22436,8,0.68571,17,0.08993,3,5,0.55575,8,0.44033,17,0.00392,2,5,0.76271,8,0.23729,2,5,0.87546,8,0.12454,2,5,0.96467,8,0.03533,2,5,0.99745,8,0.00255,1,5,1,1,5,1,2,5,0.99871,8,0.00129,2,5,0.98475,8,0.01525,2,5,0.98221,8,0.01779,2,5,0.87956,14,0.12044,2,5,0.70131,14,0.29869,2,5,0.61646,14,0.38354,2,5,0.61646,14,0.38354,2,5,0.61572,14,0.38428,2,5,0.61233,14,0.38767,2,5,0.60805,14,0.39195,2,5,0.59087,14,0.40913,2,5,0.46036,14,0.53964,3,5,0.19476,9,0.00024,14,0.80501,2,5,0.00626,14,0.99374,1,14,1,1,14,1,1,14,1,1,14,1,1,14,1,1,14,1,1,14,1,2,9,0.03586,14,0.96414,2,9,0.01173,14,0.98827,3,5,0.33412,9,0.04913,14,0.61674,1,14,1,1,14,1,1,14,1,2,9,0.00138,14,0.99862,2,5,0.01852,14,0.98148,3,5,0.07751,9,0.42097,14,0.50152,2,9,0.23696,14,0.76304,2,9,0.90972,14,0.09028,2,9,0.10171,14,0.89829,2,9,0.39372,14,0.60628,2,9,0.86936,14,0.13064,2,9,0.9984,14,0.0016,2,5,0.23215,9,0.76785,3,5,0.45759,9,0.51038,14,0.03203,2,5,0.65097,14,0.34903,3,5,0.69654,9,0.00667,14,0.29679,3,5,0.69838,9,0.24786,14,0.05376,3,5,0.52449,9,0.00016,14,0.47535,3,5,0.44034,9,0.0156,14,0.54406,2,5,0.62097,14,0.37903,2,5,0.77056,14,0.22944,3,5,0.95181,9,0.00146,14,0.04672,3,5,0.97552,9,0.01541,14,0.00907,2,5,0.99199,9,0.00801,2,5,0.92942,8,0.07058,2,5,0.89998,8,0.10002,2,5,0.92337,8,0.07663,2,5,0.99673,8,0.00327,2,5,0.95687,8,0.04313,2,5,0.86169,8,0.13831,2,5,0.67269,8,0.32731,3,5,0.4747,8,0.52408,17,0.00122,2,5,0.41,8,0.59,2,5,0.23569,8,0.76431,2,5,0.45806,8,0.54194,2,5,0.92467,8,0.07533,2,5,0.05369,9,0.94631,2,5,0.33998,9,0.66002,2,5,0.92361,8,0.07639,1,8,1,1,17,1,1,17,1,1,17,1,3,5,0.02057,8,0.77672,17,0.20271,2,5,0.03057,8,0.96943,2,5,0.08815,8,0.91185,1,8,1,1,8,1,1,8,1,1,8,1,1,8,1,1,8,1,1,8,1,2,5,0.08394,8,0.91606,2,5,0.60894,8,0.39106],"triangles":[32,113,33,36,35,34,113,36,34,33,113,34,31,114,32,114,37,32,37,113,32,37,36,113,21,23,22,30,114,31,38,37,114,38,114,30,29,38,30,121,23,21,20,121,21,115,38,29,28,115,29,115,39,38,121,24,23,122,121,20,19,122,20,122,24,121,27,115,28,27,116,115,116,40,115,40,39,115,123,122,19,18,123,19,26,116,27,117,116,26,124,123,18,17,124,18,25,117,26,124,25,123,117,41,116,41,40,116,124,120,25,120,117,25,103,43,42,41,104,42,104,103,42,119,120,124,17,125,124,125,119,124,106,117,120,118,106,120,102,44,43,103,102,43,16,125,17,119,118,120,106,105,104,102,101,44,101,45,44,97,102,103,105,98,104,97,103,104,98,97,104,112,119,125,112,125,16,15,112,16,126,112,15,119,107,118,51,101,102,97,51,102,100,46,45,112,107,119,101,100,45,14,126,15,51,50,101,50,100,101,98,95,97,126,107,112,50,49,100,94,51,97,108,107,126,127,108,126,14,127,126,13,127,14,95,94,97,111,99,107,100,48,46,48,47,46,96,95,98,12,127,13,96,89,95,108,111,107,49,48,100,88,94,95,108,109,111,10,108,127,11,10,127,12,11,127,10,9,108,86,89,96,94,93,52,111,110,99,110,96,99,88,93,94,109,110,111,110,85,96,85,86,96,93,53,52,8,7,109,8,109,108,9,8,108,72,91,88,109,6,110,6,84,110,88,87,93,86,78,89,78,72,89,87,53,93,84,85,110,90,87,88,7,6,109,85,80,86,80,78,86,91,90,88,87,92,53,6,5,84,84,80,85,78,77,72,90,58,87,58,92,87,59,58,90,83,80,84,61,90,91,61,91,72,77,61,72,76,61,77,56,55,92,55,54,92,60,59,90,61,60,90,5,4,84,4,83,84,80,77,78,58,57,92,57,56,92,80,79,77,83,82,80,82,79,80,79,76,77,76,75,61,75,62,61,4,82,83,4,3,82,70,76,79,82,81,79,81,70,79,70,75,76,3,81,82,75,74,62,74,63,62,64,66,65,3,2,81,81,71,70,73,64,63,74,73,63,69,74,75,69,68,74,2,71,81,73,67,64,67,66,64,68,73,74,2,1,71,68,67,73,1,0,71,75,69,70,92,54,53,94,52,51,122,123,24,123,25,24,95,88,89,72,88,89,105,98,99,99,96,98,117,41,106,106,104,41,118,106,107,107,99,105,107,105,106],"type":"mesh","transform":{},"userEdges":[61,72,70,79,79,80,58,87,87,88,88,89,51,97,97,98,98,99,41,106,106,107,112,119,119,120,120,25],"width":238,"edges":[0,71,71,70,70,69,69,68,68,67,67,66,66,65,65,64,64,63,63,62,62,61,61,60,60,59,59,58,58,57,57,56,56,55,55,54,54,53,53,52,52,51,51,50,50,49,49,48,48,47,47,46,46,45,45,44,44,43,43,42,42,41,41,40,40,39,39,38,38,37,37,36,36,35,35,34,34,33,33,32,32,31,31,30,30,29,29,28,28,27,27,26,26,25,25,24,24,23,23,22,22,21,21,20,20,19,19,18,18,17,17,16,16,15,15,14,14,13,13,12,12,11,11,10,10,9,9,8,8,7,7,6,6,5,5,4,4,3,3,2,2,1,1,0],"height":196,"name":"Folder 53 Copy 7","bonePose":[9,-0.5186240399903341,0.8550024006656965,-0.8550024006656965,-0.5186240399903341,-4.43085650925537,-195.06091099693185,14,-0.5291790009741906,0.8485102149815037,-0.8485102149815037,-0.5291790009741906,-32.327643620335444,-149.07033186512405,5,0.13191038271114253,0.9912616460516364,-0.9912616460516364,0.13191038271114253,0.6699999999999999,-231.25,8,0.7389259125032588,0.6737866842192908,-0.6737866842192908,0.7389259125032588,24.039643498554533,-209.7548665333181,17,0.5487310327483086,0.8359989555609354,-0.8359989555609354,0.5487310327483086,92.2646729999804,-147.544141979351]}],"name":"Folder 53 Copy 7"},{"display":[{"slotPose":[1,0,0,1,0,0],"vertices":[-0.83,-318.36,-38.32,-324.36,-60.72,-339.1,-74.36,-380.05,-81.28,-400.44,-127.29,-457.63,-130.93,-449.8,-127.48,-431.78,-172.52,-480.76,-186.17,-489,-199.1,-489,-180.53,-446.91,-157.42,-411.05,-145.22,-398.31,-165.6,-404.86,-162.15,-395.94,-156.33,-385.39,-143.05,-374.84,-182.83,-370.28,-212.68,-357.91,-188.11,-347.9,-152.62,-346.08,-205.04,-325.69,-213.73,-319.14,-213.73,-305.4,-173.19,-306.67,-193.76,-281.56,-194.84,-254.26,-167.54,-282.83,-176.1,-257.17,-180.28,-224.42,-167.18,-211.86,-148.43,-243.53,-138.42,-271.73,-137.7,-242.61,-133.32,-215.13,-116.76,-191.66,-100.19,-179,-87.09,-179,-100.02,-203.3,-102.93,-215.13,-86,-192.92,-68.71,-179.01,-72.35,-218.77,-72.17,-251.16,-52.88,-233.87,-41.95,-230.6,-48.51,-255.89,-25.76,-246.98,-23.94,-276.46,-12.3,-266.63,-10.66,-289.38,0.28,-303.01,0.27,-311.75],"path":"Folder 53 Copy 4","uvs":[0.99484,0.55047,0.81964,0.5311,0.71503,0.48355,0.65125,0.35145,0.61893,0.2857,0.40392,0.10119,0.38691,0.12644,0.40307,0.18456,0.19254,0.02659,0.12876,0,0.06838,0,0.15512,0.13579,0.26313,0.25144,0.32011,0.29254,0.22486,0.2714,0.24102,0.30017,0.26824,0.33422,0.33032,0.36828,0.14438,0.38296,0.0049,0.42289,0.11972,0.45518,0.28556,0.46105,0.04062,0.5268,0,0.54794,0,0.59226,0.18945,0.58815,0.09335,0.66917,0.08825,0.75724,0.21582,0.66505,0.17585,0.74783,0.15629,0.85351,0.21752,0.89402,0.30512,0.79186,0.35189,0.70086,0.35529,0.7948,0.37571,0.88345,0.4531,0.95918,0.53051,1,0.59174,1,0.53136,0.92164,0.51775,0.88348,0.59684,0.9551,0.67764,1,0.66063,0.87174,0.66148,0.76723,0.75163,0.82301,0.80266,0.83358,0.77204,0.75197,0.87835,0.78074,0.88685,0.68563,0.94128,0.71733,0.94894,0.64394,1,0.59997,1,0.57179],"weights":[1,12,1,2,12,0.98362,20,0.01638,2,12,0.13481,20,0.86519,2,20,0.88039,25,0.11961,2,20,0.04763,25,0.95237,1,25,1,1,25,1,2,25,0.64623,26,0.35377,1,26,1,1,26,1,1,26,1,1,26,1,2,26,0.9969,28,0.0031,3,20,0.00058,26,0.93365,28,0.06577,3,20,0.00001,26,0.92132,28,0.07867,2,26,0.914,28,0.086,3,20,0.00148,26,0.86854,28,0.12998,4,20,0.01886,25,0.00975,26,0.59264,28,0.37876,2,26,0.40807,28,0.59193,2,26,0.41377,28,0.58623,2,26,0.40784,28,0.59216,3,20,0.00157,26,0.26376,28,0.73468,2,26,0.00335,28,0.99665,2,26,0.00039,28,0.99961,1,28,1,3,26,0.01242,28,0.87628,36,0.11129,2,28,0.20959,36,0.79041,2,28,0.09644,36,0.90356,3,26,0.00007,28,0.32409,36,0.67584,1,36,1,1,36,1,1,36,1,3,36,0.99856,27,0.00082,35,0.00062,4,28,0.35779,36,0.3636,27,0.14931,35,0.12929,4,28,0.08752,36,0.04432,27,0.08947,35,0.77869,4,28,0.0114,36,0.00726,27,0.00172,35,0.97962,2,36,0.00019,35,0.99981,1,35,1,1,35,1,2,36,0.00011,35,0.99989,3,28,0.00094,36,0.00101,35,0.99805,1,35,1,1,35,1,1,35,1,3,12,0.1556,27,0.26481,35,0.57959,3,12,0.3308,27,0.30817,35,0.36103,3,12,0.33107,27,0.3067,35,0.36223,3,12,0.44378,27,0.31291,35,0.2433,3,12,0.61684,27,0.24507,35,0.1381,3,12,0.8052,27,0.13703,35,0.05777,3,12,0.87515,27,0.08909,35,0.03577,3,12,0.93851,27,0.04466,35,0.01683,3,12,0.99722,27,0.00198,35,0.0008,1,12,1],"triangles":[0,1,53,1,51,53,51,52,53,49,50,51,1,49,51,47,48,49,1,47,49,44,47,1,47,45,46,2,44,1,5,7,4,33,44,2,43,41,42,44,45,47,17,21,3,3,21,2,21,33,2,44,40,43,34,40,44,33,34,44,4,17,3,7,13,4,13,17,4,21,25,33,5,6,7,34,35,40,36,37,39,40,36,39,35,36,40,25,28,33,12,13,7,13,16,17,29,32,33,28,29,33,30,31,32,15,16,13,29,30,32,18,20,21,25,26,28,9,10,11,9,11,8,22,24,25,19,20,18,23,24,22,26,27,28,39,37,38,40,41,43,11,12,7,8,11,7,14,15,13,18,21,17,22,25,21],"type":"mesh","transform":{},"userEdges":[],"width":214,"edges":[23,24,24,25,25,26,26,27,27,28,28,29,29,30,30,31,31,32,32,33,33,34,34,35,35,36,36,37,37,38,38,39,39,40,40,41,41,42,42,43,43,44,44,45,45,46,46,47,47,48,48,49,49,50,50,51,51,52,52,53,53,0,0,1,1,2,2,3,3,4,4,5,5,6,6,7,7,8,8,9,9,10,10,11,11,12,12,13,13,14,14,15,15,16,16,17,17,18,18,19,19,20,20,21,21,22,22,23],"height":310,"name":"Folder 53 Copy 4","bonePose":[12,-0.983286698687304,-0.18206391236217895,0.18206391236217895,-0.983286698687304,-9.890449918524329,-308.52221277212584,20,-0.3295258656237705,-0.9441465478859228,0.9441465478859228,-0.3295258656237705,-65.83946307383192,-318.8816493855338,25,-0.5168321909896171,-0.8560867282915161,0.8560867282915161,-0.5168321909896171,-87.73975210318771,-381.62962895803224,26,-0.6025117348681136,-0.7981100233340114,0.7981100233340114,-0.6025117348681136,-125.69385368534756,-402.23980540296094,28,-0.7024015541897553,0.7117809049643131,-0.7117809049643131,-0.7024015541897553,-109.68402289658928,-330.406424457085,36,-0.17467937053253613,0.9846253691177966,-0.9846253691177966,-0.17467937053253613,-156.48503845225267,-282.9804627593128,27,-0.24361501178602213,0.969872015284747,-0.969872015284747,-0.24361501178602213,-84.47108705173255,-309.3464751199394,35,0.2794938763707932,0.9601474746471128,-0.9601474746471128,0.2794938763707932,-96.22551137040811,-262.55015038245034]}],"name":"Folder 53 Copy 4"}]}]}],"isGlobal":0,"name":"ParrotKing","version":"5.0"}