{"width":512,"SubTexture":[{"width":343,"y":1,"height":344,"name":"Folder 53 Copy 3","x":1},{"frameX":-1,"frameHeight":39,"y":857,"frameY":-1,"frameWidth":365,"width":363,"height":37,"name":"Layer 116","x":119},{"width":238,"y":659,"height":196,"name":"Folder 53 Copy 7","x":1},{"width":57,"y":504,"height":102,"name":"Folder 53 Copy 5","x":217},{"width":64,"y":347,"height":155,"name":"Folder 53 Copy 6","x":217},{"width":214,"y":347,"height":310,"name":"Folder 53 Copy 4","x":1},{"width":116,"y":857,"height":154,"name":"Layer 295 Copy","x":1}],"height":1024,"name":"ParrotKing","imagePath":"ParrotKing_tex.png"}