{"imagePath":"SlimeDefender_tex.png","width":256,"SubTexture":[{"y":81,"frameX":-1,"frameHeight":30,"frameY":-1,"width":75,"frameWidth":77,"height":28,"name":"Shadow","x":1},{"width":73,"y":1,"height":50,"name":"Slime","x":63},{"width":60,"y":1,"height":78,"name":"Shield","x":1},{"width":15,"y":93,"height":20,"name":"ChainD","x":96},{"width":15,"y":93,"height":20,"name":"ChainC","x":113},{"width":15,"y":75,"height":20,"name":"ChainB","x":130},{"width":15,"y":53,"height":20,"name":"ChainA","x":116},{"y":53,"frameX":-1,"frameHeight":20,"frameY":-1,"width":21,"frameWidth":23,"height":18,"name":"BallShade","x":90},{"y":53,"frameX":-1,"frameHeight":26,"frameY":-1,"width":25,"frameWidth":27,"height":24,"name":"Ball","x":63},{"y":111,"frameX":-1,"frameHeight":18,"frameY":-1,"width":18,"frameWidth":20,"height":16,"name":"Hand","x":1},{"y":79,"frameX":-1,"frameHeight":31,"frameY":-1,"width":16,"frameWidth":18,"height":29,"name":"Handle","x":78},{"width":18,"y":73,"height":18,"name":"Fingers","x":96},{"y":75,"frameX":-1,"frameHeight":11,"frameY":-1,"width":9,"frameWidth":11,"height":9,"name":"Thumb","x":116}],"height":128,"name":"SlimeDefender"}