{"frameRate":30,"isGlobal":0,"name":"SlimeDefender","version":"5.0","armature":[{"aabb":{"width":138.09186432450687,"y":-85.9857630732144,"height":100.99576307321439,"x":-79.7125},"type":"Armature","name":"SlimeDefender","slot":[{"color":{},"name":"Shadow","parent":"R_Shadow"},{"z":1,"color":{},"name":"Slime","parent":"root"},{"z":2,"color":{},"name":"Shield","parent":"root"},{"z":3,"color":{},"name":"WeaponPath","parent":"root","displayIndex":-1},{"z":4,"color":{},"name":"ChainD","parent":"bone4"},{"z":5,"color":{},"name":"ChainC","parent":"bone3"},{"z":6,"color":{},"name":"ChainB","parent":"bone2"},{"z":7,"color":{},"name":"ChainA","parent":"bone"},{"z":8,"color":{},"name":"BallShade","parent":"bone6"},{"z":9,"color":{},"name":"Ball","parent":"bone5"},{"z":10,"color":{},"name":"Hand","parent":"R_Weapon"},{"z":11,"color":{},"name":"Handle","parent":"R_Handle"},{"z":12,"color":{},"name":"Fingers","parent":"root"},{"z":13,"color":{},"name":"Thumb","parent":"R_Thumb"}],"animation":[{"slot":[],"duration":35,"frame":[],"name":"Attack","bone":[{"frame":[{"duration":9,"curve":[0,0,1,1],"transform":{"scY":1.15,"scX":1.15,"x":-8.34}},{"duration":8,"tweenEasing":null,"transform":{"scY":1.15,"scX":1.15,"x":-16.7}},{"duration":2,"curve":[0,0,1,1],"transform":{"scY":1.15,"scX":1.15,"x":-16.7}},{"duration":5,"curve":[0,0,1,1],"transform":{"scY":1.15,"y":-0.04,"scX":1.15,"x":-11.44}},{"duration":11,"tweenEasing":null,"transform":{"scY":1.15,"scX":1.15,"x":-8.34}}],"name":"ShieldPerspective"},{"frame":[{"duration":3,"curve":[0.381,0.015,0.7084999999999999,0.49],"transform":{"y":1.51,"skX":-13.76,"skY":-13.76,"x":-17.67}},{"duration":3,"curve":[0.361,0.415,0.6905,0.815],"transform":{"y":-2.93,"skX":8.2,"skY":8.2,"x":-17.4}},{"duration":5,"curve":[0.413,0.015,0.7284999999999999,0.735],"transform":{"y":1.37,"skX":-13.76,"skY":-13.76,"x":-16.05}},{"duration":6,"curve":[0,0,1,1],"transform":{"y":0.49,"skX":4.04,"skY":4.04,"x":-5.75}},{"duration":1,"curve":[0,0,1,1],"transform":{"y":0.49,"skX":7.61,"skY":7.61,"x":-5.75}},{"duration":2,"curve":[0,0,1,1],"transform":{"y":11.21,"skX":12.81,"skY":12.81,"x":-4.83}},{"duration":3,"curve":[0,0,1,1],"transform":{"y":-4.68,"skX":-12.72,"skY":-12.72,"x":-4.65}},{"duration":4,"curve":[0,0,1,1],"transform":{"y":-0.73,"skX":-5.56,"skY":-5.56,"x":8.55}},{"duration":2,"curve":[0,0,1,1],"transform":{"y":-0.55,"skX":10.29,"skY":10.29,"x":6.44}},{"duration":6,"curve":[0,0,1,1],"transform":{"y":-0.11,"skX":18.03,"skY":18.03,"x":1.24}},{"duration":0,"tweenEasing":null,"transform":{"y":1.1,"skX":-5.81,"skY":-5.81,"x":-12.94}}],"name":"SlimeTransform"},{"frame":[{"duration":2,"curve":[0.325,0,0.674,0.5],"transform":{"skX":7.98,"skY":7.98}},{"duration":1,"curve":[0.378,0.5,0.73,1],"transform":{"y":-0.47,"skX":0.64,"skY":0.64,"x":3.33}},{"duration":4,"curve":[0.317,0.3,0.75,1],"transform":{"y":-6.5,"skX":15.14,"skY":15.14,"x":7.43}},{"duration":4,"curve":[0.361,0.13,0.936,0.82],"transform":{"y":-11.39,"skX":64.01,"skY":64.01,"x":32.05}},{"duration":1,"curve":[0.359,0.62,0.695,1],"transform":{"y":14.14,"skX":-266.81,"skY":-266.81,"x":40.48}},{"duration":3,"curve":[0,0,1,1],"transform":{"y":17.05,"skX":80.55,"skY":80.55,"x":36.69}},{"duration":2,"tweenEasing":null,"transform":{"y":17.05,"skX":79.06,"skY":79.06,"x":40.12}},{"duration":1,"curve":[0,0,1,1],"transform":{"y":17.05,"skX":79.06,"skY":79.06,"x":40.12}},{"duration":2,"curve":[0,0,1,1],"transform":{"y":22.75,"skX":-271.96,"skY":-271.96,"x":40.12}},{"duration":2,"curve":[0,0,1,1],"transform":{"y":-6.82,"skX":75.6,"skY":75.6,"x":40.12}},{"duration":2,"curve":[0,0,1,1],"transform":{"y":-21.8,"skX":49.26,"skY":49.26,"x":36.41}},{"duration":3,"curve":[0,0,1,1],"transform":{"y":-26.11,"skX":32.78,"skY":32.78,"x":33.01}},{"duration":2,"curve":[0,0,1,1],"transform":{"y":4.11,"skX":-9.52,"skY":-9.52,"x":20.68}},{"duration":3,"curve":[0,0,1,1],"transform":{"y":1.02,"skX":0.33,"skY":0.33,"x":21.84}},{"duration":3,"curve":[0.355,0.38,0.694,0.76],"transform":{"y":3.4,"skX":8.09,"skY":8.09,"x":23.01}},{"duration":0,"tweenEasing":null,"transform":{"y":0.85,"skX":8.01,"skY":8.01,"x":5.76}}],"name":"R_Shield"},{"frame":[{"duration":9,"curve":[0,0,1,1],"transform":{}},{"duration":8,"tweenEasing":null,"transform":{"y":0.27,"x":-18.68}},{"duration":2,"curve":[0,0,1,1],"transform":{"y":0.27,"x":-18.68}},{"duration":5,"curve":[0,0,1,1],"transform":{"y":0.13,"x":-9.83}},{"duration":11,"tweenEasing":null,"transform":{}}],"name":"ShieldR"},{"frame":[{"duration":9,"curve":[0,0,1,1],"transform":{}},{"duration":21,"tweenEasing":null,"transform":{"y":-0.04,"x":2.78}},{"duration":5,"curve":[0,0,1,1],"transform":{"y":-0.04,"x":2.78}},{"duration":0,"tweenEasing":null,"transform":{}}],"name":"ShieldL"},{"frame":[{"duration":6,"curve":[0.258,0,0.619,0.45],"transform":{}},{"duration":3,"curve":[0.363,0.44,0.755,1],"transform":{"y":-8.93,"skX":27.22,"skY":27.22,"x":1.96}},{"duration":4,"curve":[0.284,0,0.625,0.38],"transform":{"y":-9.39,"skX":-88.6,"skY":-88.6,"x":-4.17}},{"duration":2,"curve":[0.315,0.27,0.652,0.62],"transform":{"y":-10.63,"skX":-54.95,"skY":-54.95,"x":-3.36}},{"duration":2,"curve":[0.327,0.31,0.663,0.66],"transform":{"y":-10,"skX":-34.36,"skY":-34.36,"x":-0.21}},{"duration":4,"curve":[0.363,0.445,0.7255,0.89],"transform":{"y":-9.27,"skX":27.74,"skY":27.74,"x":1.56}},{"duration":2,"curve":[0.1855,0.315,0.855,1],"transform":{"y":-4.67,"skX":47.8,"skY":47.8,"x":8.89}},{"duration":4,"curve":[0,0,1,1],"transform":{"y":2.91,"skX":49.08,"skY":49.08,"x":12.59}},{"duration":4,"curve":[0,0,1,1],"transform":{"y":4.64,"skX":58.33,"skY":58.33,"x":15.89}},{"duration":2,"curve":[0,0,1,1],"transform":{"y":2.32,"skX":-6.91,"skY":-6.91,"x":6.4}},{"duration":2,"curve":[0,0,1,1],"transform":{"y":1.39,"skX":-23.55,"skY":-23.55,"x":3.84}},{"duration":0,"tweenEasing":null,"transform":{"y":0.7,"skX":-11.77,"skY":-11.77,"x":1.92}}],"name":"R_Weapon"},{"frame":[{"duration":3,"curve":[0,0,1,1],"transform":{"skX":57.91,"skY":57.91}},{"duration":3,"curve":[0,0,1,1],"transform":{"skX":94.42,"skY":94.42}},{"duration":1,"curve":[0,0,1,1],"transform":{"skX":117.81,"skY":117.81}},{"duration":1,"curve":[0,0,1,1],"transform":{"skX":146,"skY":146}},{"duration":4,"curve":[0,0,1,1],"transform":{"skX":133.54,"skY":133.54}},{"duration":2,"curve":[0,0,1,1],"transform":{"skX":372.85,"skY":372.85}},{"duration":1,"curve":[0,0,1,1],"transform":{"skX":305.32,"skY":305.32}},{"duration":1,"curve":[0,0,1,1],"transform":{"skX":302.66,"skY":302.66}},{"duration":1,"curve":[0,0,1,1],"transform":{"skX":285.6,"skY":285.6}},{"duration":1,"curve":[0,0,1,1],"transform":{"skX":268.16,"skY":268.16}},{"duration":1,"curve":[0,0,1,1],"transform":{"skX":275.8,"skY":275.8}},{"duration":2,"curve":[0,0,1,1],"transform":{"skX":288.64,"skY":288.64}},{"duration":1,"curve":[0,0,1,1],"transform":{"skX":364.6,"skY":364.6}},{"duration":1,"curve":[0,0,1,1],"transform":{"skX":373.37,"skY":373.37}},{"duration":1,"curve":[0,0,1,1],"transform":{"skX":19.41,"skY":19.41}},{"duration":1,"curve":[0,0,1,1],"transform":{"skX":40.63,"skY":40.63}},{"duration":1,"curve":[0,0,1,1],"transform":{"skX":34.49,"skY":34.49}},{"duration":1,"curve":[0,0,1,1],"transform":{"skX":29.24,"skY":29.24}},{"duration":1,"curve":[0,0,1,1],"transform":{"skX":42.45,"skY":42.45}},{"duration":1,"curve":[0,0,1,1],"transform":{"skX":59.06,"skY":59.06}},{"duration":2,"curve":[0,0,1,1],"transform":{"skX":74.4,"skY":74.4}},{"duration":2,"curve":[0,0,1,1],"transform":{"skX":95.18,"skY":95.18}},{"duration":2,"curve":[0,0,1,1],"transform":{"skX":94.34,"skY":94.34}},{"duration":0,"tweenEasing":null,"transform":{"skX":88.57,"skY":88.57}}],"name":"bone"},{"frame":[{"duration":3,"curve":[0,0,1,1],"transform":{"scY":0.964,"skX":111.13,"skY":111.13,"scX":0.964}},{"duration":3,"curve":[0,0,1,1],"transform":{"scY":0.964,"skX":98.9,"skY":98.9,"scX":0.964}},{"duration":1,"curve":[0,0,1,1],"transform":{"scY":0.964,"skX":73.83,"skY":73.83,"scX":0.964}},{"duration":1,"curve":[0,0,1,1],"transform":{"scY":0.964,"skX":23.87,"skY":23.87,"scX":0.964}},{"duration":4,"curve":[0,0,1,1],"transform":{"scY":0.964,"skX":51.5,"skY":51.5,"scX":0.964}},{"duration":2,"curve":[0,0,1,1],"transform":{"scY":0.964,"skX":103.23,"skY":103.23,"scX":0.964}},{"duration":1,"curve":[0,0,1,1],"transform":{"scY":0.964,"skX":22.46,"skY":22.46,"scX":0.964}},{"duration":1,"curve":[0,0,1,1],"transform":{"scY":0.964,"skX":12.14,"skY":12.14,"scX":0.964}},{"duration":1,"curve":[0,0,1,1],"transform":{"scY":0.964,"skX":-1.01,"skY":-1.01,"scX":0.964}},{"duration":1,"curve":[0,0,1,1],"transform":{"scY":0.964,"skX":-8.4,"skY":-8.4,"scX":0.964}},{"duration":1,"curve":[0,0,1,1],"transform":{"scY":0.964,"skX":-23.25,"skY":-23.25,"scX":0.964}},{"duration":2,"curve":[0,0,1,1],"transform":{"scY":0.964,"skX":11.48,"skY":11.48,"scX":0.964}},{"duration":1,"curve":[0,0,1,1],"transform":{"scY":0.964,"skX":1.07,"skY":1.07,"scX":0.964}},{"duration":1,"curve":[0,0,1,1],"transform":{"scY":0.964,"skX":11.07,"skY":11.07,"scX":0.964}},{"duration":1,"curve":[0,0,1,1],"transform":{"scY":0.964,"skX":33.24,"skY":33.24,"scX":0.964}},{"duration":1,"curve":[0,0,1,1],"transform":{"scY":0.964,"skX":7.35,"skY":7.35,"scX":0.964}},{"duration":1,"curve":[0,0,1,1],"transform":{"scY":0.964,"skX":14.11,"skY":14.11,"scX":0.964}},{"duration":1,"curve":[0,0,1,1],"transform":{"scY":0.964,"skX":19.79,"skY":19.79,"scX":0.964}},{"duration":1,"curve":[0,0,1,1],"transform":{"scY":0.964,"skX":-7.07,"skY":-7.07,"scX":0.964}},{"duration":1,"curve":[0,0,1,1],"transform":{"scY":0.964,"skX":47.03,"skY":47.03,"scX":0.964}},{"duration":2,"curve":[0,0,1,1],"transform":{"scY":0.964,"skX":48.32,"skY":48.32,"scX":0.964}},{"duration":2,"curve":[0,0,1,1],"transform":{"scY":0.964,"skX":42.57,"skY":42.57,"scX":0.964}},{"duration":2,"curve":[0,0,1,1],"transform":{"scY":0.964,"skX":49.62,"skY":49.62,"scX":0.964}},{"duration":0,"tweenEasing":null,"transform":{"scY":0.964,"skX":64.43,"skY":64.43,"scX":0.964}}],"name":"bone2"},{"frame":[{"duration":3,"curve":[0,0,1,1],"transform":{"scY":0.926,"skX":5.39,"skY":5.39,"scX":0.946}},{"duration":3,"curve":[0,0,1,1],"transform":{"scY":0.926,"skX":-34.93,"skY":-34.93,"scX":0.946}},{"duration":1,"curve":[0,0,1,1],"transform":{"scY":0.926,"skX":-65.13,"skY":-65.13,"scX":0.946}},{"duration":1,"curve":[0,0,1,1],"transform":{"scY":0.926,"skX":48.12,"skY":48.12,"scX":0.946}},{"duration":4,"curve":[0,0,1,1],"transform":{"scY":0.926,"skX":28.29,"skY":28.29,"scX":0.946}},{"duration":2,"curve":[0,0,1,1],"transform":{"scY":0.926,"skX":26.52,"skY":26.52,"scX":0.946}},{"duration":1,"curve":[0,0,1,1],"transform":{"scY":0.926,"skX":57.56,"skY":57.56,"scX":0.946}},{"duration":1,"curve":[0,0,1,1],"transform":{"scY":0.926,"skX":18.63,"skY":18.63,"scX":0.946}},{"duration":1,"curve":[0,0,1,1],"transform":{"scY":0.926,"skX":-4.45,"skY":-4.45,"scX":0.946}},{"duration":1,"curve":[0,0,1,1],"transform":{"scY":0.926,"skX":-15.1,"skY":-15.1,"scX":0.946}},{"duration":1,"curve":[0,0,1,1],"transform":{"scY":0.926,"skX":-19.07,"skY":-19.07,"scX":0.946}},{"duration":2,"curve":[0,0,1,1],"transform":{"scY":0.926,"skX":7.16,"skY":7.16,"scX":0.946}},{"duration":1,"curve":[0,0,1,1],"transform":{"scY":0.926,"skX":1.75,"skY":1.75,"scX":0.946}},{"duration":1,"curve":[0,0,1,1],"transform":{"scY":0.926,"skX":3.77,"skY":3.77,"scX":0.946}},{"duration":1,"curve":[0,0,1,1],"transform":{"scY":0.926,"skX":1.21,"skY":1.21,"scX":0.946}},{"duration":1,"curve":[0,0,1,1],"transform":{"scY":0.926,"skX":-3.59,"skY":-3.59,"scX":0.946}},{"duration":1,"curve":[0,0,1,1],"transform":{"scY":0.926,"skX":-14.05,"skY":-14.05,"scX":0.946}},{"duration":1,"curve":[0,0,1,1],"transform":{"scY":0.926,"skX":-34.82,"skY":-34.82,"scX":0.946}},{"duration":1,"curve":[0,0,1,1],"transform":{"scY":0.926,"skX":-13.68,"skY":-13.68,"scX":0.946}},{"duration":1,"curve":[0,0,1,1],"transform":{"scY":0.926,"skX":-66.59,"skY":-66.59,"scX":0.946}},{"duration":2,"curve":[0,0,1,1],"transform":{"scY":0.926,"skX":-44.87,"skY":-44.87,"scX":0.946}},{"duration":2,"curve":[0,0,1,1],"transform":{"scY":0.926,"skX":-2.73,"skY":-2.73,"scX":0.946}},{"duration":2,"curve":[0,0,1,1],"transform":{"scY":0.926,"skX":5.02,"skY":5.02,"scX":0.946}},{"duration":0,"tweenEasing":null,"transform":{"scY":0.926,"skX":16.33,"skY":16.33,"scX":0.946}}],"name":"bone3"},{"frame":[{"duration":3,"curve":[0,0,1,1],"transform":{"scY":0.926,"skX":-73.42,"skY":-73.42,"scX":0.946}},{"duration":3,"curve":[0,0,1,1],"transform":{"scY":0.926,"skX":-58.18,"skY":-58.18,"scX":0.946}},{"duration":1,"curve":[0,0,1,1],"transform":{"scY":0.926,"skX":-37.38,"skY":-37.38,"scX":0.946}},{"duration":1,"curve":[0,0,1,1],"transform":{"scY":0.926,"skX":-54.08,"skY":-54.08,"scX":0.946}},{"duration":4,"curve":[0,0,1,1],"transform":{"scY":0.926,"skX":16.45,"skY":16.45,"scX":0.946}},{"duration":2,"curve":[0,0,1,1],"transform":{"scY":0.926,"skX":12.14,"skY":12.14,"scX":0.946}},{"duration":1,"curve":[0,0,1,1],"transform":{"scY":0.926,"skX":57.76,"skY":57.76,"scX":0.946}},{"duration":1,"curve":[0,0,1,1],"transform":{"scY":0.926,"skX":77.92,"skY":77.92,"scX":0.946}},{"duration":1,"curve":[0,0,1,1],"transform":{"scY":0.926,"skX":7.43,"skY":7.43,"scX":0.946}},{"duration":1,"curve":[0,0,1,1],"transform":{"scY":0.926,"skX":1.94,"skY":1.94,"scX":0.946}},{"duration":1,"curve":[0,0,1,1],"transform":{"scY":0.926,"skX":-8.59,"skY":-8.59,"scX":0.946}},{"duration":2,"curve":[0,0,1,1],"transform":{"scY":0.926,"skX":8.53,"skY":8.53,"scX":0.946}},{"duration":1,"curve":[0,0,1,1],"transform":{"scY":0.926,"skX":0.23,"skY":0.23,"scX":0.946}},{"duration":1,"curve":[0,0,1,1],"transform":{"scY":0.926,"skX":5.4,"skY":5.4,"scX":0.946}},{"duration":1,"curve":[0,0,1,1],"transform":{"scY":0.926,"skX":11.39,"skY":11.39,"scX":0.946}},{"duration":1,"curve":[0,0,1,1],"transform":{"scY":0.926,"skX":-9.81,"skY":-9.81,"scX":0.946}},{"duration":1,"curve":[0,0,1,1],"transform":{"scY":0.926,"skX":-18.28,"skY":-18.28,"scX":0.946}},{"duration":1,"curve":[0,0,1,1],"transform":{"scY":0.926,"skX":21.52,"skY":21.52,"scX":0.946}},{"duration":1,"curve":[0,0,1,1],"transform":{"scY":0.926,"skX":-0.73,"skY":-0.73,"scX":0.946}},{"duration":1,"curve":[0,0,1,1],"transform":{"scY":0.926,"skX":16.51,"skY":16.51,"scX":0.946}},{"duration":2,"curve":[0,0,1,1],"transform":{"scY":0.926,"skX":5.79,"skY":5.79,"scX":0.946}},{"duration":2,"curve":[0,0,1,1],"transform":{"scY":0.926,"skX":-5.65,"skY":-5.65,"scX":0.946}},{"duration":2,"curve":[0,0,1,1],"transform":{"scY":0.926,"skX":21.22,"skY":21.22,"scX":0.946}},{"duration":0,"tweenEasing":null,"transform":{"scY":0.926,"skX":-25.66,"skY":-25.66,"scX":0.946}}],"name":"bone4"},{"frame":[{"duration":3,"curve":[0,0,1,1],"transform":{"skX":-42.61,"skY":-42.61}},{"duration":3,"curve":[0,0,1,1],"transform":{"skX":-62.8,"skY":-62.8}},{"duration":1,"curve":[0,0,1,1],"transform":{"skX":-68.55,"skY":-68.55}},{"duration":1,"curve":[0,0,1,1],"transform":{"skX":-76.29,"skY":-76.29}},{"duration":4,"curve":[0,0,1,1],"transform":{"skX":-55.69,"skY":-55.69}},{"duration":2,"curve":[0,0,1,1],"transform":{"skX":21.27,"skY":21.27}},{"duration":1,"curve":[0,0,1,1],"transform":{"skX":27.89,"skY":27.89}},{"duration":1,"curve":[0,0,1,1],"transform":{"skX":27.69,"skY":27.69}},{"duration":1,"curve":[0,0,1,1],"transform":{"skX":40.02,"skY":40.02}},{"duration":1,"curve":[0,0,1,1],"transform":{"skX":-14.73,"skY":-14.73}},{"duration":1,"curve":[0,0,1,1],"transform":{"skX":-26.6,"skY":-26.6}},{"duration":2,"curve":[0,0,1,1],"transform":{"skX":-60.28,"skY":-60.28}},{"duration":1,"curve":[0,0,1,1],"transform":{"skX":3.41,"skY":3.41}},{"duration":1,"curve":[0,0,1,1],"transform":{"skX":1.41,"skY":1.41}},{"duration":1,"curve":[0,0,1,1],"transform":{"skX":-58.53,"skY":-58.53}},{"duration":1,"curve":[0,0,1,1],"transform":{"skX":-42.22,"skY":-42.22}},{"duration":1,"curve":[0,0,1,1],"transform":{"skX":-18.55,"skY":-18.55}},{"duration":1,"curve":[0,0,1,1],"transform":{"skX":-59.68,"skY":-59.68}},{"duration":1,"curve":[0,0,1,1],"transform":{"skX":-25.59,"skY":-25.59}},{"duration":1,"curve":[0,0,1,1],"transform":{"skX":-46.53,"skY":-46.53}},{"duration":2,"curve":[0,0,1,1],"transform":{"skX":-55.78,"skY":-55.78}},{"duration":2,"curve":[0,0,1,1],"transform":{"skX":-57.74,"skY":-57.74}},{"duration":2,"curve":[0,0,1,1],"transform":{"skX":-80.25,"skY":-80.25}},{"duration":0,"tweenEasing":null,"transform":{"skX":-80.46,"skY":-80.46}}],"name":"bone5"},{"frame":[{"duration":6,"tweenEasing":null,"transform":{"y":70.44,"x":38.03}},{"duration":3,"curve":[0,0,1,1],"transform":{"y":70.44,"x":38.03}},{"duration":2,"curve":[0,0,1,1],"transform":{"y":92.29,"x":31.59}},{"duration":3,"curve":[0,0,1,1],"transform":{"y":76.42,"x":36.52}},{"duration":2,"curve":[0,0,1,1],"transform":{"y":11.34,"x":36.42}},{"duration":2,"curve":[0,0,1,1],"transform":{"y":28.9,"x":-52.9}},{"duration":1,"curve":[0,0,1,1],"transform":{"y":85.78,"x":-65.57}},{"duration":1,"curve":[0,0,1,1],"transform":{"y":12.19,"x":-28.76}},{"duration":2,"curve":[0,0,1,1],"transform":{"y":-6.74,"x":77.09}},{"duration":2,"curve":[0,0,1,1],"transform":{"y":71.43,"x":119.99}},{"duration":1,"curve":[0,0,1,1],"transform":{"y":58.75,"x":105.28}},{"duration":1,"curve":[0,0,1,1],"transform":{"y":70,"x":91.99}},{"duration":1,"curve":[0,0,1,1],"transform":{"y":57.54,"x":90.19}},{"duration":1,"curve":[0,0,1,1],"transform":{"y":72.25,"x":91.8}},{"duration":7,"curve":[0,0,1,1],"transform":{"y":67.47,"x":93.4}},{"duration":0,"tweenEasing":null,"transform":{"y":69.78,"x":50.34}}],"name":"TestIK"},{"frame":[{"duration":6,"tweenEasing":null,"transform":{"y":59.5,"x":48.65}},{"duration":3,"curve":[0,0,1,1],"transform":{"y":59.5,"x":48.65}},{"duration":2,"curve":[0,0,1,1],"transform":{"y":97.36,"x":24.58}},{"duration":3,"curve":[0,0,1,1],"transform":{"y":81.12,"x":40.2}},{"duration":2,"curve":[0,0,1,1],"transform":{"y":4.52,"x":34.98}},{"duration":1,"curve":[0,0,1,1],"transform":{"y":20.58,"x":-53.6}},{"duration":1,"curve":[0,0,1,1],"transform":{"y":46.4,"x":-72.58}},{"duration":1,"curve":[0,0,1,1],"transform":{"y":68.71,"x":-50.79}},{"duration":2,"curve":[0,0,1,1],"transform":{"y":-0.27,"x":-17.27}},{"duration":2,"curve":[0,0,1,1],"transform":{"y":12.77,"x":84.26}},{"duration":2,"curve":[0,0,1,1],"transform":{"y":90.73,"x":76.16}},{"duration":1,"curve":[0,0,1,1],"transform":{"y":72.56,"x":91.98}},{"duration":2,"curve":[0,0,1,1],"transform":{"y":82.87,"x":83}},{"duration":7,"curve":[0,0,1,1],"transform":{"y":71.08,"x":93.26}},{"duration":0,"tweenEasing":null,"transform":{"y":62.07,"x":58.56}}],"name":"End_Chain"},{"frame":[{"duration":4,"tweenEasing":null,"transform":{}},{"duration":14,"tweenEasing":null,"transform":{}},{"duration":2,"curve":[0,0,1,1],"transform":{}},{"duration":2,"curve":[0,0,1,1],"transform":{"y":-1.12,"skX":7.14,"skY":7.14,"x":-2.14}},{"duration":3,"curve":[0,0,1,1],"transform":{"y":-2.88,"skX":10.7,"skY":10.7,"x":-9.55}},{"duration":5,"curve":[0,0,1,1],"transform":{"y":-2.85,"skX":10.7,"skY":10.7,"x":-9.4}},{"duration":3,"curve":[0,0,1,1],"transform":{"y":-2.85,"skX":10.7,"skY":10.7,"x":-9.4}},{"duration":2,"tweenEasing":null,"transform":{}},{"duration":0,"tweenEasing":null,"transform":{}}],"name":"R_Handle"},{"frame":[{"duration":5,"curve":[0,0,1,1],"transform":{}},{"duration":10,"curve":[0,0,1,1],"transform":{}},{"duration":6,"tweenEasing":null,"transform":{"x":5.98}},{"duration":4,"curve":[0,0,1,1],"transform":{"x":5.98}},{"duration":3,"tweenEasing":null,"transform":{"x":10.87}},{"duration":7,"curve":[0,0,1,1],"transform":{"x":10.87}},{"duration":0,"tweenEasing":null,"transform":{"x":2.42}}],"name":"R_Slime"},{"frame":[{"duration":21,"curve":[0,0,1,1],"transform":{}},{"duration":2,"curve":[0,0,1,1],"transform":{}},{"duration":7,"tweenEasing":null,"transform":{"skX":17.96,"skY":17.96}},{"duration":3,"curve":[0,0,1,1],"transform":{"skX":17.96,"skY":17.96}},{"duration":2,"tweenEasing":null,"transform":{}}],"name":"R_Fingers"},{"frame":[{"duration":21,"curve":[0,0,1,1],"transform":{}},{"duration":2,"curve":[0,0,1,1],"transform":{}},{"duration":7,"tweenEasing":null,"transform":{"x":3.29}},{"duration":3,"curve":[0,0,1,1],"transform":{"x":3.29}},{"duration":2,"tweenEasing":null,"transform":{}}],"name":"FingersTransform"},{"frame":[{"duration":6,"tweenEasing":null,"transform":{"x":-3.04}},{"duration":9,"curve":[0,0,1,1],"transform":{"x":-3.04}},{"duration":6,"tweenEasing":null,"transform":{"x":1.77}},{"duration":4,"curve":[0,0,1,1],"transform":{"x":1.77}},{"duration":3,"tweenEasing":null,"transform":{"x":6.93}},{"duration":7,"curve":[0,0,1,1],"transform":{"x":6.93}},{"duration":0,"tweenEasing":null,"transform":{"x":-0.82}}],"name":"R_Shadow"},{"frame":[{"duration":35,"tweenEasing":null,"transform":{}}],"name":"root"},{"frame":[{"duration":35,"tweenEasing":null,"transform":{}}],"name":"R_Thumb"},{"frame":[{"duration":35,"tweenEasing":null,"transform":{}}],"name":"ShieldOrigin"},{"frame":[{"duration":35,"tweenEasing":null,"transform":{}}],"name":"bone6"}],"ffd":[]},{"slot":[],"duration":18,"frame":[],"name":"Dead","bone":[{"frame":[{"duration":3,"curve":[0,0,1,1],"transform":{"scY":1.15,"scX":1.15,"x":-8.34}},{"duration":4,"curve":[0.266,0,0.618,0.42],"transform":{"scY":1.15,"scX":1.15,"x":-8.34}},{"duration":4,"curve":[0.332,0.33,0.666,0.66],"transform":{"scY":1.15,"scX":1.15,"x":-10.26}},{"duration":7,"curve":[0.331,0.32,0.664,0.66],"transform":{"scY":1.15,"scX":1.15,"x":-10.62}},{"duration":0,"tweenEasing":null,"transform":{"scY":1.15,"scX":1.15,"x":-15.5}}],"name":"ShieldPerspective"},{"frame":[{"duration":10,"tweenEasing":null,"transform":{"y":1.51,"skX":-13.76,"skY":-13.76,"x":-17.67}},{"duration":3,"curve":[0,0,1,1],"transform":{"y":1.51,"skX":-13.76,"skY":-13.76,"x":-17.67}},{"duration":2,"curve":[0,0,1,1],"transform":{"y":1.51,"skX":-22.63,"skY":-22.63,"x":-17.67}},{"duration":3,"curve":[0,0,1,1],"transform":{"y":4.17,"skX":-27.39,"skY":-27.39,"x":-6.55}},{"duration":0,"tweenEasing":null,"transform":{"y":7.43,"skX":-35.23,"skY":-35.23,"x":3.2}}],"name":"SlimeTransform"},{"frame":[{"duration":4,"curve":[0.214,0.07,0.873,0.91],"transform":{"skX":7.98,"skY":7.98}},{"duration":3,"curve":[0.25,0,0.75,1],"transform":{"y":9.47,"skX":4.92,"skY":4.92,"x":-0.61}},{"duration":2,"curve":[0.25,0,0.75,1],"transform":{"y":5.31,"skX":14.94,"skY":14.94,"x":7.76}},{"duration":3,"curve":[0,0,1,1],"transform":{"y":13.71,"skX":20.73,"skY":20.73,"x":13.87}},{"duration":3,"curve":[0,0,1,1],"transform":{"y":18.48,"skX":34.17,"skY":34.17,"x":23.7}},{"duration":3,"curve":[0.542,0,0.75,1],"transform":{"y":20.91,"skX":41.18,"skY":41.18,"x":27.78}},{"duration":0,"tweenEasing":null,"transform":{"y":23.66,"skX":47.05,"skY":47.05,"x":31.4}}],"name":"R_Shield"},{"frame":[{"duration":3,"tweenEasing":null,"transform":{}},{"duration":4,"curve":[0.266,0,0.618,0.42],"transform":{}},{"duration":4,"curve":[0.332,0.33,0.666,0.66],"transform":{"y":0.04,"x":-2.53}},{"duration":7,"curve":[0.331,0.32,0.664,0.66],"transform":{"y":0.04,"x":-3.01}},{"duration":0,"tweenEasing":null,"transform":{"y":0.17,"x":-11.85}}],"name":"ShieldR"},{"frame":[{"duration":3,"tweenEasing":null,"transform":{}},{"duration":4,"curve":[0.266,0,0.618,0.42],"transform":{}},{"duration":4,"curve":[0.332,0.33,0.666,0.66],"transform":{"y":-0.02,"x":1.4}},{"duration":7,"curve":[0.331,0.32,0.664,0.66],"transform":{"y":-0.02,"x":1.66}},{"duration":0,"tweenEasing":null,"transform":{"y":-0.07,"x":5.24}}],"name":"ShieldL"},{"frame":[{"duration":4,"curve":[0.25,0,0.75,1],"transform":{}},{"duration":3,"curve":[0,0,1,1],"transform":{"y":9.04,"skX":6.94,"skY":6.94}},{"duration":11,"tweenEasing":null,"transform":{"y":9.04,"skX":17.23,"skY":17.23,"x":0.48}}],"name":"R_Weapon"},{"frame":[{"duration":2,"curve":[0,0,1,1],"transform":{"skX":59.82,"skY":59.82}},{"duration":2,"curve":[0,0,1,1],"transform":{"skX":45.24,"skY":45.24}},{"duration":4,"curve":[0,0,1,1],"transform":{"skX":31.2,"skY":31.2}},{"duration":2,"curve":[0,0,1,1],"transform":{"skX":370.9,"skY":370.9}},{"duration":1,"curve":[0,0,1,1],"transform":{"skX":365.11,"skY":365.11}},{"duration":7,"tweenEasing":null,"transform":{"skX":358.49,"skY":358.49}}],"name":"bone"},{"frame":[{"duration":2,"curve":[0,0,1,1],"transform":{"scY":0.964,"skX":129.13,"skY":129.13,"scX":0.964}},{"duration":2,"curve":[0,0,1,1],"transform":{"scY":0.964,"skX":135.94,"skY":135.94,"scX":0.964}},{"duration":4,"curve":[0,0,1,1],"transform":{"scY":0.964,"skX":141.13,"skY":141.13,"scX":0.964}},{"duration":2,"curve":[0,0,1,1],"transform":{"scY":0.964,"skX":140.79,"skY":140.79,"scX":0.964}},{"duration":1,"curve":[0,0,1,1],"transform":{"scY":0.964,"skX":120.84,"skY":120.84,"scX":0.964}},{"duration":7,"tweenEasing":null,"transform":{"scY":0.964,"skX":108.01,"skY":108.01,"scX":0.964}}],"name":"bone2"},{"frame":[{"duration":2,"curve":[0,0,1,1],"transform":{"scY":0.926,"skX":-20.18,"skY":-20.18,"scX":0.946}},{"duration":2,"curve":[0,0,1,1],"transform":{"scY":0.926,"skX":-9.28,"skY":-9.28,"scX":0.946}},{"duration":4,"curve":[0,0,1,1],"transform":{"scY":0.926,"skX":4.32,"skY":4.32,"scX":0.946}},{"duration":2,"curve":[0,0,1,1],"transform":{"scY":0.926,"skX":25.51,"skY":25.51,"scX":0.946}},{"duration":1,"curve":[0,0,1,1],"transform":{"scY":0.926,"skX":68.84,"skY":68.84,"scX":0.946}},{"duration":7,"tweenEasing":null,"transform":{"scY":0.926,"skX":91.82,"skY":91.82,"scX":0.946}}],"name":"bone3"},{"frame":[{"duration":2,"curve":[0,0,1,1],"transform":{"scY":0.926,"skX":-35.75,"skY":-35.75,"scX":0.946}},{"duration":2,"curve":[0,0,1,1],"transform":{"scY":0.926,"skX":-39.57,"skY":-39.57,"scX":0.946}},{"duration":4,"curve":[0,0,1,1],"transform":{"scY":0.926,"skX":-44.41,"skY":-44.41,"scX":0.946}},{"duration":2,"curve":[0,0,1,1],"transform":{"scY":0.926,"skX":-92.33,"skY":-92.33,"scX":0.946}},{"duration":1,"curve":[0,0,1,1],"transform":{"scY":0.926,"skX":-113.32,"skY":-113.32,"scX":0.946}},{"duration":7,"tweenEasing":null,"transform":{"scY":0.926,"skX":-111.95,"skY":-111.95,"scX":0.946}}],"name":"bone4"},{"frame":[{"duration":2,"curve":[0,0,1,1],"transform":{"skX":-80.14,"skY":-80.14}},{"duration":2,"curve":[0,0,1,1],"transform":{"skX":-82.47,"skY":-82.47}},{"duration":4,"curve":[0,0,1,1],"transform":{"skX":-85.95,"skY":-85.95}},{"duration":2,"curve":[0,0,1,1],"transform":{"skX":-72.54,"skY":-72.54}},{"duration":1,"curve":[0,0,1,1],"transform":{"skX":-79.6,"skY":-79.6}},{"duration":7,"tweenEasing":null,"transform":{"skX":-91.97,"skY":-91.97}}],"name":"bone5"},{"frame":[{"duration":18,"tweenEasing":null,"transform":{"y":70.44,"x":38.03}}],"name":"TestIK"},{"frame":[{"duration":18,"tweenEasing":null,"transform":{"y":59.5,"x":48.65}}],"name":"End_Chain"},{"frame":[{"duration":4,"curve":[0,0,1,1],"transform":{}},{"duration":5,"curve":[0,0,1,1],"transform":{"y":-0.31,"skX":-2.28,"skY":-2.28,"x":-7.08}},{"duration":2,"curve":[0,0,1,1],"transform":{"y":-6.07,"skX":15.8,"skY":15.8,"x":-6.95}},{"duration":7,"tweenEasing":null,"transform":{"y":-8.1,"skX":24.84,"skY":24.84,"x":-5.02}}],"name":"R_Handle"},{"frame":[{"duration":15,"tweenEasing":null,"transform":{"x":-3.04}},{"duration":3,"curve":[0,0,1,1],"transform":{"x":-3.04}},{"duration":0,"tweenEasing":null,"transform":{"x":-0.92}}],"name":"R_Shadow"},{"frame":[{"duration":4,"curve":[0,0,1,1],"transform":{}},{"duration":3,"curve":[0,0,1,1],"transform":{}},{"duration":11,"tweenEasing":null,"transform":{"skX":15.62,"skY":15.62}}],"name":"R_Fingers"},{"frame":[{"duration":4,"curve":[0,0,1,1],"transform":{}},{"duration":5,"curve":[0,0,1,1],"transform":{}},{"duration":9,"tweenEasing":null,"transform":{"x":-5.43}}],"name":"FingersTransform"},{"frame":[{"duration":15,"curve":[0,0,1,1],"transform":{}},{"duration":3,"curve":[0,0,1,1],"transform":{}},{"duration":0,"tweenEasing":null,"transform":{"x":1.53}}],"name":"R_Slime"},{"frame":[{"duration":18,"tweenEasing":null,"transform":{}}],"name":"root"},{"frame":[{"duration":18,"tweenEasing":null,"transform":{}}],"name":"R_Thumb"},{"frame":[{"duration":18,"tweenEasing":null,"transform":{}}],"name":"ShieldOrigin"},{"frame":[{"duration":18,"tweenEasing":null,"transform":{}}],"name":"bone6"}],"ffd":[]},{"slot":[],"playTimes":0,"duration":40,"frame":[],"name":"Idle","bone":[{"frame":[{"duration":8,"curve":[0,0,1,1],"transform":{"scY":1.15,"scX":1.15,"x":-8.34}},{"duration":22,"curve":[0,0,1,1],"transform":{"scY":1.15,"y":-3.3,"scX":1.15,"x":-11.63}},{"duration":10,"curve":[0,0,1,1],"transform":{"scY":1.15,"y":-1.03,"scX":1.15,"x":-3.52}},{"duration":0,"tweenEasing":null,"transform":{"scY":1.15,"scX":1.15,"x":-8.34}}],"name":"ShieldPerspective"},{"frame":[{"duration":4,"curve":[0.413,0.015,0.7284999999999999,0.735],"transform":{"y":1.51,"skX":-13.76,"skY":-13.76,"x":-17.67}},{"duration":5,"curve":[0.3225,0.225,0.7324999999999999,1],"transform":{"y":-0.76,"skX":-12.82,"skY":-12.82,"x":-13.51}},{"duration":4,"curve":[0.3075,0.055,0.7235,0.735],"transform":{"y":-5.54,"skX":-10.2,"skY":-10.2,"x":-9.56}},{"duration":7,"curve":[0.3235,0.115,0.735,0.8049999999999999],"transform":{"y":-6.08,"skX":-6.94,"skY":-6.94,"x":-5.47}},{"duration":10,"curve":[0.3245,0.24,0.656,0.755],"transform":{"y":-0.73,"skX":-3.8,"skY":-3.8,"x":2.12}},{"duration":10,"curve":[0.3135,0.255,0.749,1],"transform":{"y":0.46,"skX":3.55,"skY":3.55,"x":-8.4}},{"duration":0,"tweenEasing":null,"transform":{"y":1.51,"skX":-13.76,"skY":-13.76,"x":-17.67}}],"name":"SlimeTransform"},{"frame":[{"duration":12,"curve":[0.214,0.07,0.873,0.91],"transform":{"skX":7.98,"skY":7.98}},{"duration":6,"curve":[0.187,0.03,0.7315,0.755],"transform":{"y":-5.07,"skX":22.13,"skY":22.13,"x":10.6}},{"duration":8,"curve":[0.297,0.205,0.867,0.955],"transform":{"y":-4.03,"skX":18.75,"skY":18.75,"x":13.35}},{"duration":4,"curve":[0.197,0.04,0.727,0.74],"transform":{"y":3.27,"skX":-1.75,"skY":-1.75,"x":15.73}},{"duration":10,"curve":[0.2735,0.16999999999999998,0.87,0.96],"transform":{"y":2.53,"skX":-10.28,"skY":-10.28,"x":12.16}},{"duration":0,"tweenEasing":null,"transform":{"skX":7.98,"skY":7.98}}],"name":"R_Shield"},{"frame":[{"duration":8,"curve":[0,0,1,1],"transform":{}},{"duration":17,"curve":[0,0,1,1],"transform":{"y":0.09,"x":-6.56}},{"duration":5,"curve":[0,0,1,1],"transform":{}},{"duration":10,"curve":[0,0,1,1],"transform":{"y":-0.02,"x":1.28}},{"duration":0,"tweenEasing":null,"transform":{}}],"name":"ShieldR"},{"frame":[{"duration":8,"curve":[0,0,1,1],"transform":{}},{"duration":17,"curve":[0,0,1,1],"transform":{"y":-0.03,"x":1.85}},{"duration":5,"curve":[0,0,1,1],"transform":{}},{"duration":10,"curve":[0,0,1,1],"transform":{"y":-0.03,"x":1.79}},{"duration":0,"tweenEasing":null,"transform":{}}],"name":"ShieldL"},{"frame":[{"duration":8,"curve":[0.25,0,0.75,1],"transform":{}},{"duration":11,"curve":[0.25,0,0.75,1],"transform":{"y":-3.54,"skX":6.36,"skY":6.36,"x":0.26}},{"duration":12,"curve":[0,0,1,1],"transform":{"y":-4.73,"skX":-9.22,"skY":-9.22,"x":3.61}},{"duration":9,"curve":[0,0,1,1],"transform":{"y":-0.18,"skX":-26.53,"skY":-26.53,"x":1.33}},{"duration":0,"tweenEasing":null,"transform":{}}],"name":"R_Weapon"},{"frame":[{"duration":5,"curve":[0,0,1,1],"transform":{"skX":59.82,"skY":59.82}},{"duration":5,"curve":[0,0,1,1],"transform":{"skX":58.44,"skY":58.44}},{"duration":5,"curve":[0,0,1,1],"transform":{"skX":47.55,"skY":47.55}},{"duration":5,"curve":[0,0,1,1],"transform":{"skX":43.66,"skY":43.66}},{"duration":5,"curve":[0,0,1,1],"transform":{"skX":44.99,"skY":44.99}},{"duration":5,"curve":[0,0,1,1],"transform":{"skX":56.59,"skY":56.59}},{"duration":5,"curve":[0,0,1,1],"transform":{"skX":64.85,"skY":64.85}},{"duration":5,"curve":[0,0,1,1],"transform":{"skX":63.09,"skY":63.09}},{"duration":0,"tweenEasing":null,"transform":{"skX":59.82,"skY":59.82}}],"name":"bone"},{"frame":[{"duration":5,"curve":[0,0,1,1],"transform":{"scY":0.964,"skX":129.13,"skY":129.13,"scX":0.964}},{"duration":5,"curve":[0,0,1,1],"transform":{"scY":0.964,"skX":124.24,"skY":124.24,"scX":0.964}},{"duration":5,"curve":[0,0,1,1],"transform":{"scY":0.964,"skX":125.54,"skY":125.54,"scX":0.964}},{"duration":5,"curve":[0,0,1,1],"transform":{"scY":0.964,"skX":127.18,"skY":127.18,"scX":0.964}},{"duration":5,"curve":[0,0,1,1],"transform":{"scY":0.964,"skX":124.59,"skY":124.59,"scX":0.964}},{"duration":5,"curve":[0,0,1,1],"transform":{"scY":0.964,"skX":119.75,"skY":119.75,"scX":0.964}},{"duration":5,"curve":[0,0,1,1],"transform":{"scY":0.964,"skX":115.13,"skY":115.13,"scX":0.964}},{"duration":5,"curve":[0,0,1,1],"transform":{"scY":0.964,"skX":123.67,"skY":123.67,"scX":0.964}},{"duration":0,"tweenEasing":null,"transform":{"scY":0.964,"skX":129.13,"skY":129.13,"scX":0.964}}],"name":"bone2"},{"frame":[{"duration":5,"curve":[0,0,1,1],"transform":{"scY":0.926,"skX":-20.18,"skY":-20.18,"scX":0.946}},{"duration":5,"curve":[0,0,1,1],"transform":{"scY":0.926,"skX":-18.33,"skY":-18.33,"scX":0.946}},{"duration":5,"curve":[0,0,1,1],"transform":{"scY":0.926,"skX":-9.95,"skY":-9.95,"scX":0.946}},{"duration":5,"curve":[0,0,1,1],"transform":{"scY":0.926,"skX":-1.45,"skY":-1.45,"scX":0.946}},{"duration":5,"curve":[0,0,1,1],"transform":{"scY":0.926,"skX":8.71,"skY":8.71,"scX":0.946}},{"duration":5,"curve":[0,0,1,1],"transform":{"scY":0.926,"skX":9.35,"skY":9.35,"scX":0.946}},{"duration":5,"curve":[0,0,1,1],"transform":{"scY":0.926,"skX":11.49,"skY":11.49,"scX":0.946}},{"duration":5,"curve":[0,0,1,1],"transform":{"scY":0.926,"skX":-5.33,"skY":-5.33,"scX":0.946}},{"duration":0,"tweenEasing":null,"transform":{"scY":0.926,"skX":-20.18,"skY":-20.18,"scX":0.946}}],"name":"bone3"},{"frame":[{"duration":5,"curve":[0,0,1,1],"transform":{"scY":0.926,"skX":-35.75,"skY":-35.75,"scX":0.946}},{"duration":5,"curve":[0,0,1,1],"transform":{"scY":0.926,"skX":-27.16,"skY":-27.16,"scX":0.946}},{"duration":5,"curve":[0,0,1,1],"transform":{"scY":0.926,"skX":-13.01,"skY":-13.01,"scX":0.946}},{"duration":5,"curve":[0,0,1,1],"transform":{"scY":0.926,"skX":3.02,"skY":3.02,"scX":0.946}},{"duration":5,"curve":[0,0,1,1],"transform":{"scY":0.926,"skX":12.06,"skY":12.06,"scX":0.946}},{"duration":5,"curve":[0,0,1,1],"transform":{"scY":0.926,"skX":7.77,"skY":7.77,"scX":0.946}},{"duration":5,"curve":[0,0,1,1],"transform":{"scY":0.926,"skX":0.64,"skY":0.64,"scX":0.946}},{"duration":5,"curve":[0,0,1,1],"transform":{"scY":0.926,"skX":-17.61,"skY":-17.61,"scX":0.946}},{"duration":0,"tweenEasing":null,"transform":{"scY":0.926,"skX":-35.75,"skY":-35.75,"scX":0.946}}],"name":"bone4"},{"frame":[{"duration":5,"curve":[0,0,1,1],"transform":{"skX":-80.14,"skY":-80.14}},{"duration":5,"curve":[0,0,1,1],"transform":{"skX":-81.29,"skY":-81.29}},{"duration":5,"curve":[0,0,1,1],"transform":{"skX":-86.24,"skY":-86.24}},{"duration":5,"curve":[0,0,1,1],"transform":{"skX":-92.18,"skY":-92.18}},{"duration":5,"curve":[0,0,1,1],"transform":{"skX":-93.37,"skY":-93.37}},{"duration":5,"curve":[0,0,1,1],"transform":{"skX":-97.89,"skY":-97.89}},{"duration":5,"curve":[0,0,1,1],"transform":{"skX":-95.99,"skY":-95.99}},{"duration":5,"curve":[0,0,1,1],"transform":{"skX":-87.2,"skY":-87.2}},{"duration":0,"tweenEasing":null,"transform":{"skX":-80.14,"skY":-80.14}}],"name":"bone5"},{"frame":[{"duration":10,"curve":[0,0,1,1],"transform":{"y":70.44,"x":38.03}},{"duration":9,"curve":[0,0,1,1],"transform":{"y":74.44,"x":45.12}},{"duration":6,"curve":[0,0,1,1],"transform":{"y":79.52,"x":46.35}},{"duration":15,"curve":[0,0,1,1],"transform":{"y":74.44,"x":45.12}},{"duration":0,"tweenEasing":null,"transform":{"y":70.44,"x":38.03}}],"name":"TestIK"},{"frame":[{"duration":40,"tweenEasing":null,"transform":{"y":59.5,"x":48.65}}],"name":"End_Chain"},{"frame":[{"duration":6,"curve":[0,0,1,1],"transform":{}},{"duration":10,"curve":[0.246,0,0.636,0.55],"transform":{"skX":0.71,"skY":0.71}},{"duration":7,"curve":[0.381,0.54,0.743,1],"transform":{"skX":4.17,"skY":4.17}},{"duration":17,"curve":[0.243,0,0.657,0.63],"transform":{"skX":-2.14,"skY":-2.14}},{"duration":0,"tweenEasing":null,"transform":{}}],"name":"R_Handle"},{"frame":[{"duration":40,"tweenEasing":null,"transform":{"x":-3.04}}],"name":"R_Shadow"},{"frame":[{"duration":40,"tweenEasing":null,"transform":{}}],"name":"root"},{"frame":[{"duration":40,"tweenEasing":null,"transform":{}}],"name":"R_Slime"},{"frame":[{"duration":40,"tweenEasing":null,"transform":{}}],"name":"R_Thumb"},{"frame":[{"duration":40,"tweenEasing":null,"transform":{}}],"name":"R_Fingers"},{"frame":[{"duration":40,"tweenEasing":null,"transform":{}}],"name":"ShieldOrigin"},{"frame":[{"duration":40,"tweenEasing":null,"transform":{}}],"name":"FingersTransform"},{"frame":[{"duration":40,"tweenEasing":null,"transform":{}}],"name":"bone6"}],"ffd":[]}],"skin":[{"name":"","slot":[{"display":[{"uvs":[0.27696,0.19894,0.29901,0.28785,0.12701,0.34885,0.08254,0.46225,0.08035,0.93585,0.89368,0.93385,0.8917,0.49724,0.82034,0.33985,0.64568,0.28385,0.66001,0.19676,0.61768,0.06085,0.32568,0.05985,0.40701,0.55785,0.53368,0.55885,0.31751,0.37176,0.61663,0.37552,0.35923,0.4585,0.57842,0.45997],"bonePose":[17,0,-1,1,0,44.96546328917719,-34.496176100441076,18,0,-1,1,0,44.96546328917719,-44.49617610044107],"vertices":[42.15,-47.04,42.48,-45.26,39.9,-44.04,39.23,-41.77,39.2,-32.3,51.4,-32.34,51.37,-41.08,50.3,-44.22,47.68,-45.34,47.89,-47.09,47.26,-49.8,42.88,-49.82,44.1,-39.86,46,-39.84,42.76,-43.58,47.24,-43.51,43.38,-41.85,46.67,-41.82],"slotPose":[1,0,0,1,0,0],"edges":[4,5,5,6,6,7,7,8,8,9,9,10,10,11,11,0,0,1,1,2,2,3,3,4],"path":"ChainB","userEdges":[12,13,13,5,12,4,12,3,13,6,1,14,8,15,14,15,12,16,16,14,13,17,17,15,16,17,16,3,17,6,15,7,14,2,14,3,15,6,0,9,8,1],"type":"mesh","transform":{},"triangles":[17,13,6,7,15,6,15,17,6,6,13,5,13,4,5,12,4,13,8,15,7,10,11,9,11,0,9,1,8,9,0,1,9,1,15,8,1,14,15,16,17,15,14,16,15,16,12,17,17,12,13,16,3,12,3,4,12,14,3,16,2,14,1,2,3,14],"weights":[2,17,0.088,18,0.912,2,17,0.36,18,0.64,2,17,0.648,18,0.352,2,17,0.872,18,0.128,1,17,1,1,17,1,2,17,0.872,18,0.128,2,17,0.648,18,0.352,2,17,0.36,18,0.64,2,17,0.088,18,0.912,1,18,1,1,18,1,1,17,1,1,17,1,2,17,0.624,18,0.376,2,17,0.624,18,0.376,2,17,0.8,18,0.2,2,17,0.8,18,0.2],"width":15,"height":20,"name":"ChainB"}],"name":"ChainB"},{"display":[{"path":"Handle","type":"image","name":"Handle","transform":{"y":-0.85,"skX":-107.15,"skY":-107.15,"x":9.07}}],"name":"Handle"},{"display":[{"uvs":[0.3475,0.98064,0.29416,0.94871,0.2436,0.91193,0.1678,0.85359,0.09066,0.77598,0.0164,0.67355,0.00976,0.55304,0.00693,0.44816,0.01045,0.33473,0.01261,0.24599,0.05449,0.20693,0.14401,0.16795,0.23779,0.11951,0.32445,0.07452,0.3863,0.03649,0.43503,0.00734,0.49853,0.00821,0.54133,0.04506,0.59249,0.07796,0.66895,0.1225,0.77596,0.1779,0.92,0.23845,0.98523,0.27911,0.97936,0.37856,0.9701,0.4808,0.95973,0.58455,0.9313,0.68526,0.79466,0.7957,0.66026,0.88229,0.54079,0.93513,0.48445,0.95674,0.42656,0.97895,0.3527,0.85308,0.4322,0.06808,0.49043,0.06954,0.43173,0.85577,0.35809,0.91037,0.41882,0.91522,0.41745,0.11306,0.50028,0.11474,0.37649,0.10529,0.53116,0.10939,0.30867,0.86434,0.38158,0.46184,0.46609,0.46831,0.39939,0.24041,0.48526,0.24748,0.40871,0.17276,0.4932,0.17765,0.39376,0.312,0.48149,0.31692,0.36041,0.69968,0.44967,0.7054,0.36804,0.61725,0.45554,0.62227,0.35418,0.77524,0.44347,0.78007,0.37524,0.54005,0.46017,0.54467,0.38777,0.389,0.47641,0.39209,0.50064,0.8755,0.2969,0.15606,0.6125,0.17078,0.23397,0.80689,0.59423,0.82843,0.09714,0.25125,0.90064,0.28867,0.16033,0.73973,0.09925,0.65894,0.09199,0.54947,0.08945,0.45431,0.09225,0.3534,0.72667,0.75097,0.82048,0.67319,0.86719,0.57663,0.88356,0.48416,0.89369,0.38841,0.7358,0.23168,0.20421,0.20274,0.29894,0.78979,0.25752,0.72028,0.24076,0.63699,0.23266,0.5448,0.23536,0.45807,0.23884,0.37106,0.24059,0.28063,0.30423,0.22204,0.35295,0.16443,0.55158,0.17429,0.50939,0.80122,0.57471,0.72597,0.62126,0.64539,0.65608,0.56005,0.67485,0.47624,0.68282,0.39027,0.67957,0.30357,0.59444,0.2406],"bonePose":[14,0.9981347984218668,0.061048539534856845,-0.061048539534856845,0.9981347984218668,-51.39814612251979,-32.95925372264199,10,0.9981347984218668,0.061048539534856845,-0.061048539534856845,0.9981347984218668,-51.39814612251979,-32.95925372264199,15,-0.04675776950317622,0.9989062573590616,-0.9989062573590616,-0.04675776950317622,-75.1209411761089,-34.12967879303672,13,-0.04675776950317622,0.9989062573590616,-0.9989062573590616,-0.04675776950317622,-22.85274211802567,-31.68422030338941],"vertices":[-56.07,7.3,-59.27,4.81,-62.31,1.94,-66.85,-2.61,-71.48,-8.66,-75.94,-16.65,-76.34,-26.05,-76.51,-34.23,-76.29,-43.08,-76.16,-50.01,-73.65,-53.05,-68.28,-56.08,-62.66,-59.87,-57.45,-63.38,-53.74,-66.34,-50.82,-68.61,-47.01,-68.55,-44.44,-65.67,-41.37,-63.1,-36.78,-59.63,-30.37,-55.31,-21.72,-50.59,-17.81,-47.42,-18.16,-39.66,-18.72,-31.69,-19.34,-23.59,-21.05,-15.74,-29.24,-7.12,-37.3,-0.37,-44.48,3.75,-47.86,5.44,-51.33,7.17,-55.76,-2.65,-50.99,-63.87,-47.49,-63.76,-51.02,-2.44,-55.44,1.82,-51.8,2.2,-51.88,-60.37,-46.9,-60.24,-54.33,-60.97,-45.06,-60.65,-58.4,-1.77,-54.03,-33.16,-48.95,-32.66,-52.95,-50.44,-47.81,-49.88,-52.4,-55.71,-47.33,-55.33,-53.3,-44.85,-48.03,-44.47,-55.29,-14.61,-49.94,-14.17,-54.84,-21.04,-49.59,-20.65,-55.67,-8.72,-50.31,-8.34,-54.4,-27.06,-49.31,-26.7,-53.65,-38.85,-48.34,-38.6,-46.89,-0.9,-59.1,-57.01,-40.17,-55.87,-62.88,-6.25,-41.27,-4.57,-71.09,-49.59,-22.88,-46.67,-67.3,-11.49,-70.97,-17.79,-71.4,-26.33,-71.56,-33.75,-71.39,-41.62,-33.32,-10.61,-27.69,-16.68,-24.89,-24.21,-23.91,-31.42,-23.3,-38.89,-32.77,-51.12,-64.67,-53.37,-58.98,-7.59,-61.47,-13.01,-62.47,-19.5,-62.96,-26.69,-62.8,-33.46,-62.59,-40.25,-62.48,-47.3,-58.67,-51.87,-55.75,-56.36,-43.82,-55.59,-46.35,-6.69,-42.44,-12.56,-39.65,-18.85,-37.56,-25.5,-36.43,-32.04,-35.95,-38.75,-36.15,-45.5,-41.25,-50.42],"slotPose":[1,0,0,1,0,0],"edges":[7,6,6,5,5,4,4,3,3,2,2,1,1,0,0,31,31,30,30,29,29,28,28,27,27,26,26,25,25,24,24,23,23,22,22,21,21,20,20,19,19,18,18,17,17,16,16,15,15,14,14,13,13,12,12,11,11,10,10,9,9,8,8,7],"path":"Shield","userEdges":[33,15,16,34,0,36,36,32,31,37,37,35,36,37,38,33,34,39,38,39,38,40,33,40,39,41,41,34,41,18,40,13,36,1,37,30,32,42,43,44,45,46,38,47,47,45,39,48,48,46,47,48,49,45,50,46,49,50,51,52,53,51,54,52,53,54,32,55,55,51,35,56,56,52,55,56,32,35,43,57,57,53,44,58,58,54,57,58,43,59,59,49,44,60,60,50,59,60,37,61,61,29,61,35,42,36,42,2,62,40,63,41,42,64,61,65,62,12,63,19,9,66,66,10,22,67,67,21,4,68,64,68,5,69,68,69,6,70,69,70,7,71,70,71,8,72,71,72,72,66,27,73,65,73,26,74,73,74,25,75,74,75,24,76,75,76,23,77,76,77,77,67,20,78,63,78,78,67,11,79,66,79,62,79,28,65,64,3,55,80,80,64,51,81,81,68,80,81,53,82,82,69,81,82,57,83,83,70,82,83,43,84,84,71,83,84,59,85,85,72,84,85,49,86,86,66,85,86,45,87,87,79,86,87,47,88,88,62,87,88,88,40,48,89,89,63,41,89,80,42,80,32,56,90,90,65,35,90,90,61,52,91,91,73,90,91,54,92,92,74,91,92,58,93,93,75,92,93,44,94,94,76,93,94,60,95,95,77,94,95,50,96,96,67,95,96,46,97,97,78,96,97,97,89],"type":"mesh","transform":{},"triangles":[76,75,25,21,67,22,22,67,23,67,77,23,76,25,24,23,77,24,77,76,24,75,74,26,74,27,26,75,26,25,20,67,21,95,76,77,96,95,77,96,77,67,78,96,67,20,78,67,95,94,76,73,27,74,94,75,76,93,74,75,94,93,75,92,73,74,93,92,74,73,28,27,65,28,73,19,78,20,19,63,78,97,96,78,63,97,78,92,91,73,91,65,73,60,44,94,96,50,95,50,60,95,60,94,95,97,50,96,44,93,94,18,63,19,58,92,93,44,58,93,65,29,28,61,29,65,91,90,65,18,41,63,41,89,63,89,97,63,54,91,92,58,54,92,54,52,91,46,50,97,89,46,97,90,61,65,17,41,18,48,46,89,52,90,91,52,56,90,17,34,41,41,39,89,39,48,89,61,30,29,16,34,17,34,39,41,15,33,34,37,30,61,39,38,48,38,47,48,15,34,16,48,47,46,35,61,90,56,35,90,33,38,39,33,39,34,35,37,61,59,60,50,49,59,50,47,45,46,49,50,46,45,49,46,37,31,30,43,57,44,59,43,44,51,52,54,53,51,54,44,57,58,53,54,58,57,53,58,59,44,60,51,55,52,14,33,15,52,55,56,55,35,56,55,32,35,40,88,38,36,0,37,38,88,47,37,0,31,36,37,35,32,36,35,40,38,33,14,40,33,88,45,47,87,86,49,85,59,49,13,40,14,87,49,45,88,87,45,85,84,59,86,85,49,59,84,43,84,57,43,36,1,0,84,83,57,57,83,53,80,32,55,32,42,36,62,88,40,13,62,40,83,82,53,82,51,53,51,81,55,81,80,55,82,81,51,80,42,32,42,1,36,62,87,88,42,2,1,64,42,80,12,62,13,64,2,42,81,64,80,62,79,87,79,86,87,12,79,62,69,68,82,83,70,82,11,79,12,64,3,2,86,72,85,68,64,81,82,68,81,84,71,83,71,70,83,70,69,82,79,66,86,66,72,86,71,84,85,72,71,85,68,3,64,4,3,68,11,66,79,10,66,11,69,4,68,69,5,4,6,5,69,6,69,70,6,70,71,7,6,71,7,71,72,8,7,72,10,9,66,8,72,66,9,8,66],"weights":[3,14,0.02323,10,0.94477,15,0.032,3,14,0.02035,10,0.82765,15,0.152,3,14,0.01709,10,0.69491,15,0.288,3,14,0.01117,10,0.48448,15,0.50435,3,14,0.00544,10,0.24245,15,0.75211,2,10,0.016,15,0.984,1,15,1,1,15,1,1,15,1,1,15,1,3,14,0.00307,10,0.12493,15,0.872,3,14,0.00806,10,0.32794,15,0.664,3,14,0.01286,10,0.52314,15,0.464,3,14,0.01786,10,0.72614,15,0.256,3,14,0.02131,10,0.86669,15,0.112,3,14,0.02342,10,0.95258,15,0.024,3,14,0.02342,10,0.95258,13,0.024,3,14,0.0217,10,0.8823,13,0.096,3,14,0.0192,10,0.7808,13,0.2,3,14,0.01555,10,0.63245,13,0.352,3,14,0.01018,10,0.41382,13,0.576,3,14,0.00288,10,0.11712,13,0.88,1,13,1,1,13,1,1,13,1,1,13,1,1,13,1,3,14,0.00595,10,0.24205,13,0.752,3,14,0.01229,10,0.49971,13,0.488,3,14,0.01805,10,0.73395,13,0.248,3,14,0.02074,10,0.84326,13,0.136,3,14,0.02323,10,0.94477,13,0.032,3,14,0.2624,10,0.5376,15,0.2,2,14,0.08,10,0.92,2,14,0.08,10,0.92,3,14,0.2624,10,0.5376,13,0.2,2,14,0.08,10,0.92,2,14,0.08,10,0.92,3,14,0.25692,10,0.67222,15,0.07086,3,14,0.25692,10,0.67222,13,0.07086,3,14,0.16064,10,0.66706,15,0.17229,3,14,0.16064,10,0.66707,13,0.17229,3,14,0.0672,10,0.7728,15,0.16,2,14,0.96,15,0.04,2,14,0.968,13,0.032,3,14,0.72602,10,0.1068,15,0.16718,3,14,0.72602,10,0.1068,13,0.16718,3,14,0.48286,10,0.39708,15,0.12006,3,14,0.47921,10,0.40074,13,0.12005,3,14,0.86733,10,0.02867,15,0.104,3,14,0.85546,10,0.03992,13,0.10462,3,14,0.64973,10,0.21427,15,0.136,3,14,0.64973,10,0.21427,13,0.136,3,14,0.8087,10,0.1273,15,0.064,3,14,0.8087,10,0.1273,13,0.064,3,14,0.45894,10,0.34906,15,0.192,3,14,0.45894,10,0.34906,13,0.192,3,14,0.91379,10,0.03021,15,0.056,3,14,0.91379,10,0.03021,13,0.056,3,14,0.92915,10,0.02285,15,0.048,3,14,0.93696,10,0.02304,13,0.04,3,14,0.06656,10,0.76544,13,0.168,3,14,0.1344,10,0.57267,15,0.29293,3,14,0.13952,10,0.62626,13,0.23422,3,14,0.04736,10,0.54464,15,0.408,3,14,0.0512,10,0.5888,13,0.36,3,14,0.0096,10,0.1104,15,0.88,3,14,0.00832,10,0.09568,13,0.896,3,14,0.02688,10,0.30912,15,0.664,3,14,0.0096,10,0.1104,15,0.88,3,14,0.0096,10,0.1104,15,0.88,3,14,0.0096,10,0.1104,15,0.88,3,14,0.0096,10,0.1104,15,0.88,3,14,0.0288,10,0.3312,13,0.64,3,14,0.01472,10,0.16928,13,0.816,3,14,0.01024,10,0.11776,13,0.872,3,14,0.0096,10,0.1104,13,0.88,3,14,0.00832,10,0.09568,13,0.896,3,14,0.03712,10,0.42688,13,0.536,3,14,0.03328,10,0.38272,15,0.584,3,14,0.30899,10,0.23501,15,0.456,3,14,0.40909,10,0.13491,15,0.456,3,14,0.47002,10,0.07398,15,0.456,3,14,0.52659,10,0.01741,15,0.456,2,14,0.544,15,0.456,3,14,0.53094,10,0.01306,15,0.456,3,14,0.39096,10,0.24657,15,0.36246,3,14,0.45825,10,0.19956,15,0.34219,3,14,0.30854,10,0.42276,15,0.26869,3,14,0.30854,10,0.42276,13,0.26869,3,14,0.30899,10,0.23501,13,0.456,3,14,0.40909,10,0.13491,13,0.456,3,14,0.47002,10,0.07398,13,0.456,3,14,0.52659,10,0.01741,13,0.456,2,14,0.544,13,0.456,3,14,0.53094,10,0.01306,13,0.456,3,14,0.38529,10,0.24619,13,0.36852,3,14,0.45308,10,0.19893,13,0.34799],"width":60,"height":78,"name":"Shield"}],"name":"Shield"},{"display":[{"path":"Thumb","type":"image","name":"Thumb","transform":{"y":0.78,"skX":-3.99,"skY":-3.99,"x":2.76}}],"name":"Thumb"},{"display":[{"path":"Hand","type":"image","name":"Hand","transform":{"y":-1.76,"skX":-107.15,"skY":-107.15,"x":1.78}}],"name":"Hand"},{"display":[{"uvs":[0.27696,0.19894,0.29901,0.28785,0.12701,0.34885,0.08254,0.46225,0.08035,0.93585,0.89368,0.93385,0.8917,0.49724,0.82034,0.33985,0.64568,0.28385,0.66001,0.19676,0.61768,0.06085,0.32568,0.05985,0.40701,0.55785,0.53368,0.55885,0.31751,0.37176,0.61663,0.37552,0.35923,0.4585,0.57842,0.45997],"bonePose":[18,0,-1,1,0,44.96546328917719,-44.49617610044107,19,0,-1,1,0,44.96546328917719,-54.49617610044107],"vertices":[42.07,-57.04,42.4,-55.26,39.82,-54.04,39.15,-51.77,39.12,-42.3,51.32,-42.34,51.29,-51.08,50.22,-54.22,47.6,-55.34,47.81,-57.09,47.18,-59.8,42.8,-59.82,44.02,-49.86,45.92,-49.84,42.68,-53.58,47.16,-53.51,43.3,-51.85,46.59,-51.82],"slotPose":[1,0,0,1,0,0],"edges":[4,5,5,6,6,7,7,8,8,9,9,10,10,11,11,0,0,1,1,2,2,3,3,4],"path":"ChainC","userEdges":[12,13,13,5,12,4,12,3,13,6,1,14,8,15,14,15,12,16,16,14,13,17,17,15,16,17,16,3,17,6,15,7,14,2,14,3,15,6,0,9,8,1],"type":"mesh","transform":{},"triangles":[17,13,6,7,15,6,15,17,6,6,13,5,13,4,5,12,4,13,8,15,7,10,11,9,11,0,9,1,8,9,0,1,9,1,15,8,1,14,15,16,17,15,14,16,15,16,12,17,17,12,13,16,3,12,3,4,12,14,3,16,2,14,1,2,3,14],"weights":[2,18,0.08,19,0.92,2,18,0.368,19,0.632,2,18,0.648,19,0.352,2,18,0.872,19,0.128,1,18,1,1,18,1,2,18,0.872,19,0.128,2,18,0.648,19,0.352,2,18,0.368,19,0.632,2,18,0.08,19,0.92,1,19,1,1,19,1,1,18,1,1,18,1,2,18,0.624,19,0.376,2,18,0.624,19,0.376,2,18,0.792,19,0.208,2,18,0.792,19,0.208],"width":15,"height":20,"name":"ChainC"}],"name":"ChainC"},{"display":[{"path":"BallShade","type":"image","name":"BallShade","transform":{"y":0.96,"x":1.73}}],"name":"BallShade"},{"display":[{"uvs":[0.49619,0.99696,0.30577,0.97569,0.14911,0.88745,0.04137,0.78343,0.00395,0.65489,0.01592,0.46952,0.07714,0.27508,0.18755,0.13458,0.29336,0.05442,0.40958,0.01824,0.54567,0.01672,0.67939,0.04824,0.80462,0.13504,0.88797,0.23076,0.96586,0.37912,0.99055,0.56674,0.97584,0.72791,0.92388,0.85339,0.81837,0.94115,0.66496,0.98751,0.26626,0.18924,0.31498,0.30612,0.4131,0.27059,0.54513,0.27869,0.69366,0.31779,0.78482,0.38744,0.81047,0.27324,0.6905,0.17368,0.54638,0.12107,0.41467,0.13118,0.14592,0.34516,0.08513,0.53689,0.08494,0.67531,0.24807,0.42004,0.20047,0.61195,0.18988,0.77351,0.81256,0.5078,0.81458,0.69507,0.80096,0.82631,0.66641,0.8688,0.50935,0.86422,0.32264,0.83482,0.89797,0.44754,0.90378,0.62965,0.88238,0.74615,0.38115,0.4808,0.34203,0.69253,0.53735,0.51373,0.68394,0.52924,0.67404,0.72872,0.52229,0.72529],"bonePose":[5,0.996389883808376,0.08489522627527898,-0.08489522627527898,0.996389883808376,-3.5,-2.07,11,0.049895690160708064,-0.9987544343347804,0.9987544343347804,0.049895690160708064,-1.5334201104911238,-29.391681198970524],"vertices":[-5,11,-18.89,9.94,-30.33,5.53,-38.2,0.32,-40.93,-6.1,-40.06,-15.37,-35.59,-25.09,-27.53,-32.11,-19.8,-36.12,-11.32,-37.93,-1.38,-38,8.38,-36.43,17.52,-32.08,23.6,-27.31,29.29,-19.89,31.09,-10.5,30.01,-2.45,26.23,3.82,18.52,8.22,7.32,10.53,-21.78,-29.38,-18.23,-23.54,-11.06,-25.31,-1.43,-24.9,9.42,-22.95,16.07,-19.47,17.95,-25.18,9.19,-30.16,-1.33,-32.79,-10.95,-32.28,-30.57,-21.58,-35.01,-12,-35.02,-5.08,-23.11,-17.84,-26.59,-8.24,-27.36,-0.17,18.1,-13.45,18.24,-4.09,17.25,2.47,7.42,4.59,-4.04,4.37,-17.66,2.9,24.33,-16.47,24.75,-7.36,23.19,-1.54,-13.4,-14.8,-16.25,-4.22,-1.99,-13.16,8.71,-12.38,7.98,-2.41,-3.1,-2.58],"slotPose":[1,0,0,1,0,0],"edges":[4,3,3,2,2,1,1,0,0,19,19,18,18,17,17,16,16,15,15,14,14,13,13,12,12,11,11,10,10,9,9,8,8,7,7,6,6,5,5,4],"path":"Slime","userEdges":[20,21,21,22,22,23,23,24,24,25,25,26,11,27,27,24,26,27,10,28,28,23,27,28,9,29,29,22,28,29,29,20,20,30,30,31,31,32,21,33,33,34,34,35,35,2,25,36,36,37,37,38,19,39,38,39,0,40,39,40,1,41,40,41,41,35,35,32,26,42,42,43,43,44,44,38,22,45,33,45,41,46,46,45,34,46,23,47,45,47,24,48,47,48,48,36,39,49,49,48,37,49,40,50,50,47,49,50,50,46,30,6,7,20,20,8,12,26,26,13,42,14,43,15,31,5,32,4,44,16,38,18,34,31,33,30,36,42,37,43,44,17,32,3],"type":"mesh","transform":{},"triangles":[14,42,15,42,43,15,43,16,15,44,17,16,43,44,16,13,42,14,13,26,42,26,25,42,36,43,42,44,38,17,38,18,17,37,44,43,36,37,43,25,36,42,12,26,13,37,38,44,27,26,12,36,48,37,48,49,37,37,49,38,38,39,18,39,19,18,24,25,26,25,48,36,49,39,38,27,24,26,11,27,12,24,48,25,47,50,49,47,49,48,47,48,24,23,47,24,11,28,27,23,24,27,28,23,27,49,50,39,10,28,11,40,0,19,50,40,39,40,19,39,45,46,50,9,29,10,10,29,28,28,29,23,29,22,23,45,50,47,23,22,47,22,45,47,41,0,40,50,46,40,46,41,40,41,1,0,9,8,29,8,20,29,20,21,29,29,21,22,21,45,22,21,33,45,34,46,45,33,34,45,35,41,46,34,35,46,2,1,41,35,2,41,20,33,21,7,20,8,30,33,20,7,30,20,31,34,33,30,31,33,6,30,7,31,32,34,34,32,35,32,2,35,32,3,2,5,31,30,6,5,30,4,3,32,4,32,31,5,4,31],"weights":[1,5,1,1,5,1,2,11,0.04,5,0.96,2,11,0.08,5,0.92,2,11,0.152,5,0.848,2,11,0.288,5,0.712,2,11,0.552,5,0.448,2,11,0.776,5,0.224,2,11,0.928,5,0.072,2,11,0.992,5,0.008,1,11,1,2,11,0.992,5,0.008,2,11,0.928,5,0.072,2,11,0.776,5,0.224,2,11,0.552,5,0.448,2,11,0.288,5,0.712,2,11,0.152,5,0.848,2,11,0.08,5,0.92,2,11,0.04,5,0.96,1,5,1,2,11,0.768,5,0.232,2,11,0.648,5,0.352,2,11,0.688,5,0.312,2,11,0.688,5,0.312,2,11,0.688,5,0.312,2,11,0.648,5,0.352,2,11,0.768,5,0.232,2,11,0.872,5,0.128,2,11,0.896,5,0.104,2,11,0.872,5,0.128,2,11,0.552,5,0.448,2,11,0.272,5,0.728,2,11,0.192,5,0.808,2,11,0.488,5,0.512,2,11,0.248,5,0.752,2,11,0.12,5,0.88,2,11,0.488,5,0.512,2,11,0.248,5,0.752,2,11,0.12,5,0.88,2,11,0.024,5,0.976,2,11,0.024,5,0.976,2,11,0.024,5,0.976,2,11,0.552,5,0.448,2,11,0.272,5,0.728,2,11,0.192,5,0.808,2,11,0.344,5,0.656,2,11,0.192,5,0.808,2,11,0.32,5,0.68,2,11,0.344,5,0.656,2,11,0.192,5,0.808,2,11,0.168,5,0.832],"width":73,"height":50,"name":"Slime"}],"name":"Slime"},{"display":[{"uvs":[0.83252,0.65167,0.75052,0.83167,0.64052,0.93766,0.45052,0.90566,0.26853,0.75967,0.15253,0.56567,0.13053,0.37967,0.20453,0.20168,0.34253,0.07368,0.54652,0.05368,0.71652,0.08768,0.86652,0.20968,0.90251,0.30568,0.89851,0.45567,0.31097,0.42323,0.35136,0.30689,0.45452,0.23368,0.58008,0.26212,0.35741,0.53745,0.4644,0.38789,0.53652,0.71567,0.71785,0.35212,0.6458,0.51788],"bonePose":[9,-0.7945206155172557,-0.6072371789655843,0.6072371789655843,-0.7945206155172557,49.50987785378373,-12.973815393320686,12,-0.7945206155172557,-0.6072371789655843,0.6072371789655843,-0.7945206155172557,43.34814354610086,-17.657940746203963],"vertices":[51.23,-12.01,49.75,-8.78,47.78,-6.87,44.36,-7.45,41.08,-10.08,38.99,-13.57,38.6,-16.92,39.93,-20.12,42.41,-22.43,46.09,-22.79,49.15,-22.17,51.85,-19.97,52.49,-18.24,52.42,-15.55,41.85,-16.14,42.57,-18.22,44.44,-19.54,46.69,-19.03,42.69,-14.07,44.61,-16.77,45.91,-10.86,49.17,-17.41,47.87,-14.42],"slotPose":[1,0,0,1,0,0],"edges":[6,5,5,4,4,3,3,2,2,1,1,0,0,13,13,12,12,11,11,10,10,9,9,8,8,7,7,6],"path":"Fingers","userEdges":[6,14,15,7,14,15,15,16,16,8,16,17,17,10,16,9,14,18,18,4,14,5,19,15,18,19,19,17,18,20,20,3,20,1,2,20,17,21,0,22,22,19,20,22,22,21,21,13,21,12,11,21],"type":"mesh","transform":{},"triangles":[22,0,13,21,13,12,21,12,11,10,21,11,21,22,13,17,21,10,20,1,0,22,20,0,20,2,1,19,22,21,17,19,21,9,17,10,20,3,2,18,20,22,19,18,22,16,17,9,16,19,17,8,16,9,4,3,20,18,4,20,15,14,19,14,18,19,16,15,19,8,15,16,5,4,18,14,5,18,6,14,15,7,6,15,7,15,8,6,5,14],"weights":[1,9,1,1,9,1,2,9,0.912,12,0.088,2,9,0.784,12,0.216,2,9,0.416,12,0.584,2,9,0.208,12,0.792,1,12,1,1,12,1,1,12,1,2,9,0.208,12,0.792,2,9,0.416,12,0.584,2,9,0.784,12,0.216,2,9,0.912,12,0.088,1,9,1,2,9,0.208,12,0.792,2,9,0.096,12,0.904,2,9,0.208,12,0.792,2,9,0.08,12,0.92,2,9,0.08,12,0.92,2,9,0.048,12,0.952,2,9,0.512,12,0.488,2,9,0.512,12,0.488,2,9,0.456,12,0.544],"width":18,"height":18,"name":"Fingers"}],"name":"Fingers"},{"display":[{"path":"Ball","type":"image","name":"Ball","transform":{"y":-0.02,"skX":90,"skY":90,"x":8.49}}],"name":"Ball"},{"display":[{"uvs":[0.27696,0.19894,0.29901,0.28785,0.12701,0.34885,0.08254,0.46225,0.08035,0.93585,0.89368,0.93385,0.8917,0.49724,0.82034,0.33985,0.64568,0.28385,0.66001,0.19676,0.61768,0.06085,0.32568,0.05985,0.40701,0.55785,0.53368,0.55885,0.31751,0.37176,0.61663,0.37552,0.35923,0.4585,0.57842,0.45997],"bonePose":[19,0,-1,1,0,44.96546328917719,-54.49617610044107,20,0,-1,1,0,44.96546328917719,-64.49617610044108],"vertices":[42.07,-67,42.4,-65.22,39.82,-64,39.15,-61.73,39.12,-52.26,51.32,-52.3,51.29,-61.04,50.22,-64.18,47.6,-65.3,47.81,-67.05,47.18,-69.76,42.8,-69.78,44.02,-59.82,45.92,-59.8,42.68,-63.54,47.16,-63.47,43.3,-61.81,46.59,-61.78],"slotPose":[1,0,0,1,0,0],"edges":[4,5,5,6,6,7,7,8,8,9,9,10,10,11,11,0,0,1,1,2,2,3,3,4],"path":"ChainD","userEdges":[12,13,13,5,12,4,12,3,13,6,1,14,8,15,14,15,12,16,16,14,13,17,17,15,16,17,16,3,17,6,15,7,14,2,14,3,15,6,0,9,8,1],"type":"mesh","transform":{},"triangles":[17,13,6,7,15,6,15,17,6,6,13,5,13,4,5,12,4,13,8,15,7,10,11,9,11,0,9,1,8,9,0,1,9,1,15,8,1,14,15,16,17,15,14,16,15,16,12,17,17,12,13,16,3,12,3,4,12,14,3,16,2,14,1,2,3,14],"weights":[2,19,0.088,20,0.912,2,19,0.36,20,0.64,2,19,0.648,20,0.352,2,19,0.88,20,0.12,1,19,1,1,19,1,2,19,0.88,20,0.12,2,19,0.648,20,0.352,2,19,0.36,20,0.64,2,19,0.088,20,0.912,1,20,1,1,20,1,1,19,1,1,19,1,2,19,0.624,20,0.376,2,19,0.624,20,0.376,2,19,0.792,20,0.208,2,19,0.792,20,0.208],"width":15,"height":20,"name":"ChainD"}],"name":"ChainD"},{"display":[{"uvs":[0.27696,0.19894,0.29901,0.28785,0.12701,0.34885,0.08254,0.46225,0.08035,0.93585,0.89368,0.93385,0.8917,0.49724,0.82034,0.33985,0.64568,0.28385,0.66001,0.19676,0.61768,0.06085,0.32568,0.05985,0.40701,0.55785,0.53368,0.55885,0.31751,0.37176,0.61663,0.37552,0.35923,0.4585,0.57842,0.45997],"bonePose":[16,0,-1,1,0,44.96546328917719,-24.49617610044108,17,0,-1,1,0,44.96546328917719,-34.496176100441076],"vertices":[42.08,-37.01,42.41,-35.24,39.83,-34.02,39.17,-31.75,39.13,-22.28,51.33,-22.32,51.3,-31.05,50.23,-34.2,47.61,-35.32,47.83,-37.06,47.19,-39.78,42.81,-39.8,44.03,-29.84,45.93,-29.82,42.69,-33.56,47.18,-33.48,43.32,-31.82,46.6,-31.79],"slotPose":[1,0,0,1,0,0],"edges":[4,5,5,6,6,7,7,8,8,9,9,10,10,11,11,0,0,1,1,2,2,3,3,4],"path":"ChainA","userEdges":[12,13,13,5,12,4,12,3,13,6,1,14,8,15,14,15,12,16,16,14,13,17,17,15,16,17,16,3,17,6,15,7,14,2,14,3,15,6,0,9,8,1],"type":"mesh","transform":{},"triangles":[17,13,6,7,15,6,15,17,6,6,13,5,13,4,5,12,4,13,8,15,7,10,11,9,11,0,9,1,8,9,0,1,9,1,15,8,1,14,15,16,17,15,14,16,15,16,12,17,17,12,13,16,3,12,3,4,12,14,3,16,2,14,1,2,3,14],"weights":[2,16,0.08,17,0.92,2,16,0.368,17,0.632,2,16,0.648,17,0.352,2,16,0.872,17,0.128,1,16,1,1,16,1,2,16,0.872,17,0.128,2,16,0.648,17,0.352,2,16,0.368,17,0.632,2,16,0.08,17,0.92,1,17,1,1,17,1,1,16,1,1,16,1,2,16,0.624,17,0.376,2,16,0.624,17,0.376,2,16,0.792,17,0.208,2,16,0.792,17,0.208],"width":15,"height":20,"name":"ChainA"}],"name":"ChainA"},{"display":[{"path":"Shadow","type":"image","name":"Shadow","transform":{"y":0.01,"x":0.39}}],"name":"Shadow"}]}],"ik":[{"name":"TestIK","bone":"bone5","target":"TestIK"}],"bone":[{"name":"root","transform":{}},{"transform":{"y":-87.07,"skX":-90,"skY":-90,"x":44.88},"name":"End_Chain","parent":"root"},{"transform":{"y":-16.21,"skX":107.15,"skY":107.15,"x":41.77},"name":"R_Weapon","parent":"root"},{"transform":{"y":-32.82,"skX":92.68,"skY":92.68,"x":-47.14},"name":"R_Shield","parent":"root"},{"transform":{"x":-3.96},"name":"R_Shadow","parent":"root"},{"transform":{"y":-2.07,"skX":4.87,"skY":4.87,"x":-3.5},"name":"R_Slime","parent":"root"},{"transform":{"y":-92.17,"x":44.75},"name":"TestIK","parent":"root"},{"transform":{"y":-0.1,"x":-6.52},"name":"R_Handle","parent":"R_Weapon"},{"length":4,"transform":{"y":7.4,"skX":-103.16,"skY":-103.16,"x":-0.07},"parent":"R_Weapon","name":"R_Thumb"},{"length":9,"transform":{"y":-8.35,"skX":110.24,"skY":110.24,"x":0.81},"parent":"R_Weapon","name":"R_Fingers"},{"transform":{"y":4.26,"skX":-89.18,"skY":-89.18,"x":0.06},"name":"ShieldOrigin","parent":"R_Shield"},{"transform":{"y":-27.39,"skX":-92.01,"skY":-92.01,"x":-0.36},"name":"SlimeTransform","parent":"R_Slime"},{"transform":{"y":-0.02,"x":7.74},"name":"FingersTransform","parent":"R_Fingers"},{"transform":{"y":-0.47,"skX":89.18,"skY":89.18,"x":28.57},"name":"ShieldR","parent":"ShieldOrigin"},{"transform":{},"name":"ShieldPerspective","parent":"ShieldOrigin"},{"transform":{"y":0.28,"skX":89.18,"skY":89.18,"x":-23.75},"name":"ShieldL","parent":"ShieldOrigin"},{"length":10,"transform":{"y":-0.51,"skX":162.85,"skY":162.85,"x":-2.34},"parent":"R_Handle","inheritScale":0,"name":"bone"},{"length":10,"transform":{"x":10},"parent":"bone","inheritScale":0,"name":"bone2"},{"length":10,"transform":{"x":10},"parent":"bone2","inheritScale":0,"name":"bone3"},{"length":10,"transform":{"x":10},"parent":"bone3","name":"bone4"},{"length":10,"transform":{"x":10},"parent":"bone4","name":"bone5"},{"inheritRotation":0,"transform":{"skX":0.17,"skY":0.17,"x":10.18},"name":"bone6","parent":"bone5"}],"frameRate":30,"defaultActions":[{"gotoAndPlay":"Attack"}]}]}