{"width":1024,"SubTexture":[{"frameX":-1,"frameHeight":53,"y":731,"frameY":-1,"frameWidth":627,"width":625,"height":51,"name":"Layer 35","x":233},{"width":215,"y":281,"height":246,"name":"Folder 11 Copy 11","x":233},{"width":215,"y":250,"height":247,"name":"Folder 11 Copy 10","x":465},{"width":215,"y":1,"height":247,"name":"Folder 11 Copy 9","x":682},{"width":215,"y":1,"height":247,"name":"Folder 11 Copy 8","x":465},{"frameX":-1,"frameHeight":163,"y":841,"frameY":-1,"frameWidth":236,"width":234,"height":161,"name":"Folder 11 Copy 4","x":1},{"frameX":-1,"frameHeight":177,"y":766,"frameY":-1,"frameWidth":87,"width":85,"height":175,"name":"Folder 11 Copy 3","x":860},{"frameX":-1,"frameHeight":202,"y":529,"frameY":-1,"frameWidth":167,"width":165,"height":200,"name":"Folder 11 Copy 2","x":233},{"width":230,"y":1,"height":278,"name":"Folder 11 Copy 7","x":1},{"width":64,"y":943,"height":38,"name":"Layer 1 Copy 2","x":860},{"frameX":-1,"frameHeight":237,"y":529,"frameY":-1,"frameWidth":120,"width":118,"height":235,"name":"Layer 36","x":860},{"width":57,"y":943,"height":38,"name":"Layer 1 Copy 3","x":926},{"width":230,"y":561,"height":278,"name":"Folder 11 Copy 6","x":1},{"width":230,"y":1,"height":278,"name":"Folder 11 Copy 5","x":233},{"width":230,"y":281,"height":278,"name":"Folder 11 Copy","x":1}],"height":1024,"name":"Insectqueen","imagePath":"Insectqueen_tex.png"}