{"frameRate":30,"armature":[{"ik":[{"target":"LLEG1","bendPositive":"false","name":"LLEG1","bone":"Mid4","chain":1},{"target":"RLEG3IK","name":"RLEG3IK","bone":"Mid9","chain":1},{"target":"RLEG1IK","name":"RLEG1IK","bone":"Mid7","chain":1},{"target":"LLEG3IK","bendPositive":"false","name":"LLEG3IK","bone":"Mid3","chain":1},{"target":"RLEG2IK","name":"RLEG2IK","bone":"Mid8","chain":1},{"target":"LLEG2IK","bendPositive":"false","name":"LLEG2IK","bone":"Mid5","chain":1},{"target":"LLEGIK4","bendPositive":"false","name":"LLEGIK4","bone":"Mid6","chain":1},{"target":"RLEG4IK","name":"RLEG4IK","bone":"Mid11","chain":1},{"target":"ArmRightIK","bendPositive":"false","name":"ArmRightIK","bone":"uppertop3","chain":1},{"bendPositive":"false","name":"LwingIK","bone":"Wing Left","target":"LwingIK"},{"target":"ArmLeftIK","name":"ArmLeftIK","bone":"uppertop4","chain":1},{"bendPositive":"false","name":"RwingIK","bone":"Wing Right","target":"RwingIK"}],"type":"Armature","frameRate":30,"aabb":{"width":627,"y":-425.5598750139554,"height":425.5598750139554,"x":-267.53},"animation":[{"ik":[],"frame":[],"ffd":[],"bone":[{"frame":[{"duration":10,"transform":{}},{"duration":30,"transform":{}},{"duration":0,"transform":{}}],"name":"root"},{"frame":[{"duration":10,"curve":[0.25,0,1,0],"transform":{}},{"duration":5,"curve":[0.25,0,0.32,0.82],"transform":{"y":38,"x":-3.59}},{"duration":25,"curve":[0.25,0,0.75,1],"transform":{"y":-31.56,"x":-41.32}},{"duration":0,"transform":{}}],"name":"Mid"},{"frame":[{"duration":10,"transform":{}},{"duration":30,"transform":{}},{"duration":0,"transform":{}}],"name":"body"},{"frame":[{"duration":10,"transform":{}},{"duration":30,"transform":{}},{"duration":0,"transform":{}}],"name":"uppertop"},{"frame":[{"duration":10,"curve":[0.25,0,1,0],"transform":{}},{"duration":5,"curve":[0.25,0,0.32,0.82],"transform":{"y":48.47,"x":-7.3}},{"duration":25,"curve":[0.25,0,0.75,1],"transform":{"y":-12.36,"x":-35.27}},{"duration":0,"transform":{}}],"name":"ArmRightIK"},{"frame":[{"duration":10,"curve":[0.25,0,1,0],"transform":{"skX":0.15,"skY":0.15}},{"duration":30,"curve":[0.25,0,0.32,0.82],"transform":{"skX":9.85,"skY":9.85}},{"duration":0,"transform":{"skX":0.15,"skY":0.15}}],"name":"Arm Right"},{"frame":[{"duration":10,"curve":[0.25,0,1,0],"transform":{"skX":-0.2,"skY":-0.2}},{"duration":30,"curve":[0.25,0,0.32,0.82],"transform":{"skX":8.73,"skY":8.73}},{"duration":0,"transform":{"skX":-0.2,"skY":-0.2}}],"name":"uppertop3"},{"frame":[{"duration":10,"curve":[0.25,0,1,0],"transform":{}},{"duration":5,"curve":[0.25,0,0.32,0.82],"transform":{"y":51.59,"x":2.44}},{"duration":25,"curve":[0.25,0,0.75,1],"transform":{"y":2.05,"x":-28.18}},{"duration":0,"transform":{}}],"name":"ArmLeftIK"},{"frame":[{"duration":10,"curve":[0.25,0,1,0],"transform":{"skX":0.19,"skY":0.19}},{"duration":30,"curve":[0.25,0,0.32,0.82],"transform":{"skX":-19.67,"skY":-19.67}},{"duration":0,"transform":{"skX":0.19,"skY":0.19}}],"name":"Arm Left"},{"frame":[{"duration":10,"curve":[0.25,0,1,0],"transform":{"skX":-0.21,"skY":-0.21}},{"duration":30,"curve":[0.25,0,0.32,0.82],"transform":{"skX":3.11,"skY":3.11}},{"duration":0,"transform":{"skX":-0.21,"skY":-0.21}}],"name":"uppertop4"},{"frame":[{"duration":10,"transform":{}},{"duration":5,"curve":[0.25,0,0.32,0.82],"transform":{}},{"duration":25,"curve":[0.25,0,0.75,1],"transform":{"y":32.04,"x":-65.06}},{"duration":0,"transform":{}}],"name":"RwingIK"},{"frame":[{"duration":10,"curve":[0.25,0,1,0],"transform":{"skX":0.3,"skY":0.3}},{"duration":30,"curve":[0.25,0,0.32,0.82],"transform":{"skX":-9.17,"skY":-9.17}},{"duration":0,"transform":{"skX":0.3,"skY":0.3}}],"name":"Wing Right"},{"frame":[{"duration":10,"transform":{}},{"duration":5,"curve":[0.25,0,0.32,0.82],"transform":{}},{"duration":25,"curve":[0.25,0,0.75,1],"transform":{"y":14.85}},{"duration":0,"transform":{}}],"name":"LwingIK"},{"frame":[{"duration":10,"curve":[0.25,0,1,0],"transform":{"skX":-0.16,"skY":-0.16}},{"duration":30,"curve":[0.25,0,0.32,0.82],"transform":{"skX":17.26,"skY":17.26}},{"duration":0,"transform":{"skX":-0.16,"skY":-0.16}}],"name":"Wing Left"},{"frame":[{"duration":10,"transform":{}},{"duration":30,"transform":{}},{"duration":0,"transform":{}}],"name":"LLEG1"},{"frame":[{"duration":10,"curve":[0.25,0,1,0],"transform":{"skX":-1.56,"skY":-1.56}},{"duration":30,"curve":[0.25,0,0.32,0.82],"transform":{"skX":25.11,"skY":25.11}},{"duration":0,"transform":{"skX":-1.56,"skY":-1.56}}],"name":"Leg Left 1"},{"frame":[{"duration":10,"curve":[0.25,0,1,0],"transform":{"skX":1.17,"skY":1.17}},{"duration":30,"curve":[0.25,0,0.32,0.82],"transform":{"skX":-16.59,"skY":-16.59}},{"duration":0,"transform":{"skX":1.17,"skY":1.17}}],"name":"Mid4"},{"frame":[{"duration":10,"transform":{}},{"duration":30,"transform":{}},{"duration":0,"transform":{}}],"name":"LLEG2IK"},{"frame":[{"duration":10,"curve":[0.25,0,1,0],"transform":{"skX":0.08,"skY":0.08}},{"duration":30,"curve":[0.25,0,0.32,0.82],"transform":{"skX":23.11,"skY":23.11}},{"duration":0,"transform":{"skX":0.08,"skY":0.08}}],"name":"legt left 2"},{"frame":[{"duration":10,"curve":[0.25,0,1,0],"transform":{"skX":-0.04,"skY":-0.04}},{"duration":30,"curve":[0.25,0,0.32,0.82],"transform":{"skX":-14.61,"skY":-14.61}},{"duration":0,"transform":{"skX":-0.04,"skY":-0.04}}],"name":"Mid5"},{"frame":[{"duration":10,"transform":{}},{"duration":30,"transform":{}},{"duration":0,"transform":{}}],"name":"LLEG3IK"},{"frame":[{"duration":10,"curve":[0.25,0,1,0],"transform":{"skX":0.24,"skY":0.24}},{"duration":30,"curve":[0.25,0,0.32,0.82],"transform":{"skX":21.29,"skY":21.29}},{"duration":0,"transform":{"skX":0.24,"skY":0.24}}],"name":"leg left 3"},{"frame":[{"duration":10,"curve":[0.25,0,1,0],"transform":{"skX":-0.21,"skY":-0.21}},{"duration":30,"curve":[0.25,0,0.32,0.82],"transform":{"skX":-13,"skY":-13}},{"duration":0,"transform":{"skX":-0.21,"skY":-0.21}}],"name":"Mid3"},{"frame":[{"duration":10,"transform":{}},{"duration":30,"transform":{}},{"duration":0,"transform":{}}],"name":"LLEGIK4"},{"frame":[{"duration":10,"curve":[0.25,0,1,0],"transform":{"skX":0.29,"skY":0.29}},{"duration":30,"curve":[0.25,0,0.32,0.82],"transform":{"skX":21.16,"skY":21.16}},{"duration":0,"transform":{"skX":0.29,"skY":0.29}}],"name":"leg left 4"},{"frame":[{"duration":10,"curve":[0.25,0,1,0],"transform":{"skX":-0.06,"skY":-0.06}},{"duration":30,"curve":[0.25,0,0.32,0.82],"transform":{"skX":-12.94,"skY":-12.94}},{"duration":0,"transform":{"skX":-0.06,"skY":-0.06}}],"name":"Mid6"},{"frame":[{"duration":10,"transform":{}},{"duration":30,"transform":{}},{"duration":0,"transform":{}}],"name":"RLEG1IK"},{"frame":[{"duration":10,"curve":[0.25,0,1,0],"transform":{"skX":0.01,"skY":0.01}},{"duration":30,"curve":[0.25,0,0.32,0.82],"transform":{"skX":-15.97,"skY":-15.97}},{"duration":0,"transform":{"skX":0.01,"skY":0.01}}],"name":"Leg Right1"},{"frame":[{"duration":10,"curve":[0.25,0,1,0],"transform":{"skX":-0.02,"skY":-0.02}},{"duration":30,"curve":[0.25,0,0.32,0.82],"transform":{"skX":8.17,"skY":8.17}},{"duration":0,"transform":{"skX":-0.02,"skY":-0.02}}],"name":"Mid7"},{"frame":[{"duration":10,"transform":{}},{"duration":30,"transform":{}},{"duration":0,"transform":{}}],"name":"RLEG2IK"},{"frame":[{"duration":10,"curve":[0.25,0,1,0],"transform":{"skX":-0.2,"skY":-0.2}},{"duration":30,"curve":[0.25,0,0.32,0.82],"transform":{"skX":-17.36,"skY":-17.36}},{"duration":0,"transform":{"skX":-0.2,"skY":-0.2}}],"name":"rleg 2"},{"frame":[{"duration":10,"curve":[0.25,0,1,0],"transform":{}},{"duration":30,"curve":[0.25,0,0.32,0.82],"transform":{"skX":8.71,"skY":8.71}},{"duration":0,"transform":{}}],"name":"Mid8"},{"frame":[{"duration":10,"transform":{}},{"duration":30,"transform":{}},{"duration":0,"transform":{}}],"name":"RLEG3IK"},{"frame":[{"duration":10,"curve":[0.25,0,1,0],"transform":{"skX":-0.08,"skY":-0.08}},{"duration":30,"curve":[0.25,0,0.32,0.82],"transform":{"skX":-17.18,"skY":-17.18}},{"duration":0,"transform":{"skX":-0.08,"skY":-0.08}}],"name":"Mid2"},{"frame":[{"duration":10,"curve":[0.25,0,1,0],"transform":{"skX":0.19,"skY":0.19}},{"duration":30,"curve":[0.25,0,0.32,0.82],"transform":{"skX":8.62,"skY":8.62}},{"duration":0,"transform":{"skX":0.19,"skY":0.19}}],"name":"Mid9"},{"frame":[{"duration":10,"transform":{}},{"duration":30,"transform":{}},{"duration":0,"transform":{}}],"name":"RLEG4IK"},{"frame":[{"duration":10,"curve":[0.25,0,1,0],"transform":{"skX":-0.82,"skY":-0.82}},{"duration":30,"curve":[0.25,0,0.32,0.82],"transform":{"skX":-19.35,"skY":-19.35}},{"duration":0,"transform":{"skX":-0.82,"skY":-0.82}}],"name":"Mid10"},{"frame":[{"duration":10,"curve":[0.25,0,1,0],"transform":{"skX":0.87,"skY":0.87}},{"duration":30,"curve":[0.25,0,0.32,0.82],"transform":{"skX":10.47,"skY":10.47}},{"duration":0,"transform":{"skX":0.87,"skY":0.87}}],"name":"Mid11"},{"frame":[{"duration":10,"curve":[0.125,0,1,0.5],"transform":{}},{"duration":5,"curve":[0.1835,0,0.8445,0.685],"transform":{"scX":1.1}},{"duration":25,"curve":[0.199,0.21,0.361,0.84],"transform":{"scX":0.95}},{"duration":0,"transform":{}}],"name":"shadow"}],"duration":40,"slot":[],"name":"Attack A"},{"ik":[],"frame":[],"ffd":[],"bone":[{"frame":[{"duration":30,"transform":{}},{"duration":0,"transform":{}}],"name":"root"},{"frame":[{"duration":10,"curve":[0.25,0,1,0],"transform":{}},{"duration":5,"curve":[0.25,0,0,1],"transform":{"y":-63.8,"x":26.8}},{"duration":5,"curve":[0.25,0,0.75,1],"transform":{"y":-28.01,"x":-71.48}},{"duration":10,"curve":[0.25,0,1,0.31],"transform":{"y":-63.8,"x":26.8}},{"duration":0,"transform":{}}],"name":"Mid"},{"frame":[{"duration":30,"transform":{}},{"duration":0,"transform":{}}],"name":"body"},{"frame":[{"duration":30,"transform":{}},{"duration":0,"transform":{}}],"name":"uppertop"},{"frame":[{"duration":10,"curve":[0.25,0,1,0],"transform":{}},{"duration":5,"curve":[0.25,0,0,1],"transform":{"y":-25.52,"x":-8.29}},{"duration":5,"curve":[0.25,0,0.75,1],"transform":{"y":-17.86,"x":-69.88}},{"duration":10,"curve":[0.25,0,1,0.31],"transform":{"y":-54.67,"x":22.33}},{"duration":0,"transform":{}}],"name":"ArmRightIK"},{"frame":[{"duration":30,"transform":{"skX":0.15,"skY":0.15}},{"duration":0,"transform":{"skX":0.15,"skY":0.15}}],"name":"Arm Right"},{"frame":[{"duration":30,"transform":{"skX":-0.2,"skY":-0.2}},{"duration":0,"transform":{"skX":-0.2,"skY":-0.2}}],"name":"uppertop3"},{"frame":[{"duration":10,"curve":[0.25,0,1,0],"transform":{}},{"duration":5,"curve":[0.25,0,0,1],"transform":{"y":-79.11,"x":22.33}},{"duration":5,"curve":[0.25,0,0.75,1],"transform":{"y":-34.24,"x":-82.64}},{"duration":10,"curve":[0.25,0,1,0.31],"transform":{"y":-79.11,"x":22.33}},{"duration":0,"transform":{}}],"name":"ArmLeftIK"},{"frame":[{"duration":30,"transform":{"skX":0.19,"skY":0.19}},{"duration":0,"transform":{"skX":0.19,"skY":0.19}}],"name":"Arm Left"},{"frame":[{"duration":30,"transform":{"skX":-0.21,"skY":-0.21}},{"duration":0,"transform":{"skX":-0.21,"skY":-0.21}}],"name":"uppertop4"},{"frame":[{"duration":30,"transform":{}},{"duration":0,"transform":{}}],"name":"RwingIK"},{"frame":[{"duration":30,"transform":{"skX":0.3,"skY":0.3}},{"duration":0,"transform":{"skX":0.3,"skY":0.3}}],"name":"Wing Right"},{"frame":[{"duration":10,"curve":[0.225,0,0.6,0],"transform":{}},{"duration":20,"curve":[0.471,0.08,1,0.31],"transform":{"y":-83.78,"x":1.34}},{"duration":0,"transform":{}}],"name":"LwingIK"},{"frame":[{"duration":30,"transform":{"skX":-0.16,"skY":-0.16}},{"duration":0,"transform":{"skX":-0.16,"skY":-0.16}}],"name":"Wing Left"},{"frame":[{"duration":10,"curve":[0.25,0,1,0],"transform":{}},{"duration":5,"curve":[0.25,0,0,1],"transform":{"y":-216.92,"x":-47.21}},{"duration":5,"curve":[0.25,0,0.75,1],"transform":{"y":-122.98,"x":-192.79}},{"duration":10,"curve":[0.25,0,1,0.31],"transform":{"y":-216.92,"x":-47.21}},{"duration":0,"transform":{}}],"name":"LLEG1"},{"frame":[{"duration":30,"transform":{"skX":-1.56,"skY":-1.56}},{"duration":0,"transform":{"skX":-1.56,"skY":-1.56}}],"name":"Leg Left 1"},{"frame":[{"duration":30,"transform":{"skX":1.17,"skY":1.17}},{"duration":0,"transform":{"skX":1.17,"skY":1.17}}],"name":"Mid4"},{"frame":[{"duration":30,"transform":{}},{"duration":0,"transform":{}}],"name":"LLEG2IK"},{"frame":[{"duration":30,"transform":{"skX":0.08,"skY":0.08}},{"duration":0,"transform":{"skX":0.08,"skY":0.08}}],"name":"legt left 2"},{"frame":[{"duration":30,"transform":{"skX":-0.04,"skY":-0.04}},{"duration":0,"transform":{"skX":-0.04,"skY":-0.04}}],"name":"Mid5"},{"frame":[{"duration":30,"transform":{}},{"duration":0,"transform":{}}],"name":"LLEG3IK"},{"frame":[{"duration":30,"transform":{"skX":0.24,"skY":0.24}},{"duration":0,"transform":{"skX":0.24,"skY":0.24}}],"name":"leg left 3"},{"frame":[{"duration":30,"transform":{"skX":-0.21,"skY":-0.21}},{"duration":0,"transform":{"skX":-0.21,"skY":-0.21}}],"name":"Mid3"},{"frame":[{"duration":30,"transform":{}},{"duration":0,"transform":{}}],"name":"LLEGIK4"},{"frame":[{"duration":30,"transform":{"skX":0.29,"skY":0.29}},{"duration":0,"transform":{"skX":0.29,"skY":0.29}}],"name":"leg left 4"},{"frame":[{"duration":30,"transform":{"skX":-0.06,"skY":-0.06}},{"duration":0,"transform":{"skX":-0.06,"skY":-0.06}}],"name":"Mid6"},{"frame":[{"duration":10,"curve":[0.25,0,1,0],"transform":{}},{"duration":5,"curve":[0.25,0,0,1],"transform":{"y":-115.48,"x":-414.06}},{"duration":5,"curve":[0.25,0,0.75,1],"transform":{"y":-155.23,"x":-634.74}},{"duration":10,"curve":[0.25,0,1,0.31],"transform":{"y":-115.48,"x":-414.06}},{"duration":0,"transform":{}}],"name":"RLEG1IK"},{"frame":[{"duration":30,"transform":{"skX":0.01,"skY":0.01}},{"duration":0,"transform":{"skX":0.01,"skY":0.01}}],"name":"Leg Right1"},{"frame":[{"duration":30,"transform":{"skX":-0.02,"skY":-0.02}},{"duration":0,"transform":{"skX":-0.02,"skY":-0.02}}],"name":"Mid7"},{"frame":[{"duration":30,"transform":{}},{"duration":0,"transform":{}}],"name":"RLEG2IK"},{"frame":[{"duration":30,"transform":{"skX":-0.2,"skY":-0.2}},{"duration":0,"transform":{"skX":-0.2,"skY":-0.2}}],"name":"rleg 2"},{"frame":[{"duration":30,"transform":{}},{"duration":0,"transform":{}}],"name":"Mid8"},{"frame":[{"duration":30,"transform":{}},{"duration":0,"transform":{}}],"name":"RLEG3IK"},{"frame":[{"duration":30,"transform":{"skX":-0.08,"skY":-0.08}},{"duration":0,"transform":{"skX":-0.08,"skY":-0.08}}],"name":"Mid2"},{"frame":[{"duration":30,"transform":{"skX":0.19,"skY":0.19}},{"duration":0,"transform":{"skX":0.19,"skY":0.19}}],"name":"Mid9"},{"frame":[{"duration":30,"transform":{}},{"duration":0,"transform":{}}],"name":"RLEG4IK"},{"frame":[{"duration":30,"transform":{"skX":-0.82,"skY":-0.82}},{"duration":0,"transform":{"skX":-0.82,"skY":-0.82}}],"name":"Mid10"},{"frame":[{"duration":30,"transform":{"skX":0.87,"skY":0.87}},{"duration":0,"transform":{"skX":0.87,"skY":0.87}}],"name":"Mid11"},{"frame":[{"duration":30,"transform":{}},{"duration":0,"transform":{}}],"name":"shadow"}],"duration":30,"slot":[],"name":"Attack B"},{"ik":[],"frame":[],"ffd":[],"bone":[{"frame":[{"duration":30,"transform":{}},{"duration":0,"transform":{}}],"name":"root"},{"frame":[{"duration":10,"curve":[0.25,0,0,1],"transform":{}},{"duration":20,"curve":[0.25,0,0.75,1],"transform":{"y":17.63,"x":50.14}},{"duration":0,"transform":{}}],"name":"Mid"},{"frame":[{"duration":30,"transform":{}},{"duration":0,"transform":{}}],"name":"body"},{"frame":[{"duration":30,"transform":{}},{"duration":0,"transform":{}}],"name":"uppertop"},{"frame":[{"duration":10,"curve":[0.25,0,0,1],"transform":{}},{"duration":20,"curve":[0.25,0,0.75,1],"transform":{"y":20.94,"x":49.59}},{"duration":0,"transform":{}}],"name":"ArmRightIK"},{"frame":[{"duration":30,"transform":{"skX":0.15,"skY":0.15}},{"duration":0,"transform":{"skX":0.15,"skY":0.15}}],"name":"Arm Right"},{"frame":[{"duration":30,"transform":{"skX":-0.2,"skY":-0.2}},{"duration":0,"transform":{"skX":-0.2,"skY":-0.2}}],"name":"uppertop3"},{"frame":[{"duration":10,"curve":[0.25,0,0,1],"transform":{}},{"duration":20,"curve":[0.25,0,0.75,1],"transform":{"y":-6.06,"x":52.9}},{"duration":0,"transform":{}}],"name":"ArmLeftIK"},{"frame":[{"duration":30,"transform":{"skX":0.19,"skY":0.19}},{"duration":0,"transform":{"skX":0.19,"skY":0.19}}],"name":"Arm Left"},{"frame":[{"duration":30,"transform":{"skX":-0.21,"skY":-0.21}},{"duration":0,"transform":{"skX":-0.21,"skY":-0.21}}],"name":"uppertop4"},{"frame":[{"duration":30,"transform":{"skX":0.3,"skY":0.3}},{"duration":0,"transform":{"skX":0.3,"skY":0.3}}],"name":"Wing Right"},{"frame":[{"duration":10,"curve":[0.25,0,0,1],"transform":{}},{"duration":20,"curve":[0.25,0,0.75,1],"transform":{"y":-37.43,"x":48.26}},{"duration":0,"transform":{}}],"name":"LwingIK"},{"frame":[{"duration":30,"transform":{"skX":-0.16,"skY":-0.16}},{"duration":0,"transform":{"skX":-0.16,"skY":-0.16}}],"name":"Wing Left"},{"frame":[{"duration":30,"transform":{}},{"duration":0,"transform":{}}],"name":"LLEG1"},{"frame":[{"duration":30,"transform":{"skX":-1.56,"skY":-1.56}},{"duration":0,"transform":{"skX":-1.56,"skY":-1.56}}],"name":"Leg Left 1"},{"frame":[{"duration":30,"transform":{"skX":1.17,"skY":1.17}},{"duration":0,"transform":{"skX":1.17,"skY":1.17}}],"name":"Mid4"},{"frame":[{"duration":30,"transform":{}},{"duration":0,"transform":{}}],"name":"LLEG2IK"},{"frame":[{"duration":30,"transform":{"skX":0.08,"skY":0.08}},{"duration":0,"transform":{"skX":0.08,"skY":0.08}}],"name":"legt left 2"},{"frame":[{"duration":30,"transform":{"skX":-0.04,"skY":-0.04}},{"duration":0,"transform":{"skX":-0.04,"skY":-0.04}}],"name":"Mid5"},{"frame":[{"duration":30,"transform":{}},{"duration":0,"transform":{}}],"name":"LLEG3IK"},{"frame":[{"duration":30,"transform":{"skX":0.24,"skY":0.24}},{"duration":0,"transform":{"skX":0.24,"skY":0.24}}],"name":"leg left 3"},{"frame":[{"duration":30,"transform":{"skX":-0.21,"skY":-0.21}},{"duration":0,"transform":{"skX":-0.21,"skY":-0.21}}],"name":"Mid3"},{"frame":[{"duration":30,"transform":{}},{"duration":0,"transform":{}}],"name":"LLEGIK4"},{"frame":[{"duration":30,"transform":{"skX":0.29,"skY":0.29}},{"duration":0,"transform":{"skX":0.29,"skY":0.29}}],"name":"leg left 4"},{"frame":[{"duration":30,"transform":{"skX":-0.06,"skY":-0.06}},{"duration":0,"transform":{"skX":-0.06,"skY":-0.06}}],"name":"Mid6"},{"frame":[{"duration":30,"transform":{}},{"duration":0,"transform":{}}],"name":"RLEG1IK"},{"frame":[{"duration":30,"transform":{"skX":0.01,"skY":0.01}},{"duration":0,"transform":{"skX":0.01,"skY":0.01}}],"name":"Leg Right1"},{"frame":[{"duration":30,"transform":{"skX":-0.02,"skY":-0.02}},{"duration":0,"transform":{"skX":-0.02,"skY":-0.02}}],"name":"Mid7"},{"frame":[{"duration":30,"transform":{}},{"duration":0,"transform":{}}],"name":"RLEG2IK"},{"frame":[{"duration":30,"transform":{"skX":-0.2,"skY":-0.2}},{"duration":0,"transform":{"skX":-0.2,"skY":-0.2}}],"name":"rleg 2"},{"frame":[{"duration":30,"transform":{}},{"duration":0,"transform":{}}],"name":"Mid8"},{"frame":[{"duration":30,"transform":{}},{"duration":0,"transform":{}}],"name":"RLEG3IK"},{"frame":[{"duration":30,"transform":{"skX":-0.08,"skY":-0.08}},{"duration":0,"transform":{"skX":-0.08,"skY":-0.08}}],"name":"Mid2"},{"frame":[{"duration":30,"transform":{"skX":0.19,"skY":0.19}},{"duration":0,"transform":{"skX":0.19,"skY":0.19}}],"name":"Mid9"},{"frame":[{"duration":30,"transform":{}},{"duration":0,"transform":{}}],"name":"RLEG4IK"},{"frame":[{"duration":30,"transform":{"skX":-0.82,"skY":-0.82}},{"duration":0,"transform":{"skX":-0.82,"skY":-0.82}}],"name":"Mid10"},{"frame":[{"duration":30,"transform":{"skX":0.87,"skY":0.87}},{"duration":0,"transform":{"skX":0.87,"skY":0.87}}],"name":"Mid11"},{"frame":[{"duration":30,"transform":{}},{"duration":0,"transform":{}}],"name":"shadow"},{"frame":[{"duration":10,"curve":[0.25,0,0,1],"transform":{}},{"duration":20,"curve":[0.25,0,0.75,1],"transform":{"y":4.51,"x":-14.43}},{"duration":0,"transform":{}}],"name":"RwingIK"}],"duration":30,"slot":[],"name":"Damage"},{"ik":[],"frame":[],"ffd":[],"bone":[{"frame":[{"duration":60,"transform":{}},{"duration":0,"transform":{}}],"name":"root"},{"frame":[{"duration":30,"curve":[0.25,0,0.75,1],"transform":{}},{"duration":30,"curve":[0.25,0,0.75,1],"transform":{"y":-12.43}},{"duration":0,"transform":{}}],"name":"Mid"},{"frame":[{"duration":60,"transform":{}},{"duration":0,"transform":{}}],"name":"body"},{"frame":[{"duration":60,"transform":{}},{"duration":0,"transform":{}}],"name":"uppertop"},{"frame":[{"duration":60,"transform":{}},{"duration":0,"transform":{}}],"name":"ArmRightIK"},{"frame":[{"duration":60,"transform":{"skX":0.15,"skY":0.15}},{"duration":0,"transform":{"skX":0.15,"skY":0.15}}],"name":"Arm Right"},{"frame":[{"duration":60,"transform":{"skX":-0.2,"skY":-0.2}},{"duration":0,"transform":{"skX":-0.2,"skY":-0.2}}],"name":"uppertop3"},{"frame":[{"duration":60,"transform":{}},{"duration":0,"transform":{}}],"name":"ArmLeftIK"},{"frame":[{"duration":60,"transform":{"skX":0.19,"skY":0.19}},{"duration":0,"transform":{"skX":0.19,"skY":0.19}}],"name":"Arm Left"},{"frame":[{"duration":60,"transform":{"skX":-0.21,"skY":-0.21}},{"duration":0,"transform":{"skX":-0.21,"skY":-0.21}}],"name":"uppertop4"},{"frame":[{"duration":60,"transform":{}},{"duration":0,"transform":{}}],"name":"RwingIK"},{"frame":[{"duration":60,"transform":{"skX":0.3,"skY":0.3}},{"duration":0,"transform":{"skX":0.3,"skY":0.3}}],"name":"Wing Right"},{"frame":[{"duration":60,"transform":{}},{"duration":0,"transform":{}}],"name":"LwingIK"},{"frame":[{"duration":60,"transform":{"skX":-0.16,"skY":-0.16}},{"duration":0,"transform":{"skX":-0.16,"skY":-0.16}}],"name":"Wing Left"},{"frame":[{"duration":60,"transform":{}},{"duration":0,"transform":{}}],"name":"LLEG1"},{"frame":[{"duration":60,"transform":{"skX":-1.56,"skY":-1.56}},{"duration":0,"transform":{"skX":-1.56,"skY":-1.56}}],"name":"Leg Left 1"},{"frame":[{"duration":60,"transform":{"skX":1.17,"skY":1.17}},{"duration":0,"transform":{"skX":1.17,"skY":1.17}}],"name":"Mid4"},{"frame":[{"duration":60,"transform":{}},{"duration":0,"transform":{}}],"name":"LLEG2IK"},{"frame":[{"duration":60,"transform":{"skX":0.08,"skY":0.08}},{"duration":0,"transform":{"skX":0.08,"skY":0.08}}],"name":"legt left 2"},{"frame":[{"duration":60,"transform":{"skX":-0.04,"skY":-0.04}},{"duration":0,"transform":{"skX":-0.04,"skY":-0.04}}],"name":"Mid5"},{"frame":[{"duration":60,"transform":{}},{"duration":0,"transform":{}}],"name":"LLEG3IK"},{"frame":[{"duration":60,"transform":{"skX":0.24,"skY":0.24}},{"duration":0,"transform":{"skX":0.24,"skY":0.24}}],"name":"leg left 3"},{"frame":[{"duration":60,"transform":{"skX":-0.21,"skY":-0.21}},{"duration":0,"transform":{"skX":-0.21,"skY":-0.21}}],"name":"Mid3"},{"frame":[{"duration":60,"transform":{}},{"duration":0,"transform":{}}],"name":"LLEGIK4"},{"frame":[{"duration":60,"transform":{"skX":0.29,"skY":0.29}},{"duration":0,"transform":{"skX":0.29,"skY":0.29}}],"name":"leg left 4"},{"frame":[{"duration":60,"transform":{"skX":-0.06,"skY":-0.06}},{"duration":0,"transform":{"skX":-0.06,"skY":-0.06}}],"name":"Mid6"},{"frame":[{"duration":60,"transform":{}},{"duration":0,"transform":{}}],"name":"RLEG1IK"},{"frame":[{"duration":60,"transform":{"skX":0.01,"skY":0.01}},{"duration":0,"transform":{"skX":0.01,"skY":0.01}}],"name":"Leg Right1"},{"frame":[{"duration":60,"transform":{"skX":-0.02,"skY":-0.02}},{"duration":0,"transform":{"skX":-0.02,"skY":-0.02}}],"name":"Mid7"},{"frame":[{"duration":60,"transform":{}},{"duration":0,"transform":{}}],"name":"RLEG2IK"},{"frame":[{"duration":60,"transform":{"skX":-0.2,"skY":-0.2}},{"duration":0,"transform":{"skX":-0.2,"skY":-0.2}}],"name":"rleg 2"},{"frame":[{"duration":60,"transform":{}},{"duration":0,"transform":{}}],"name":"Mid8"},{"frame":[{"duration":60,"transform":{}},{"duration":0,"transform":{}}],"name":"RLEG3IK"},{"frame":[{"duration":60,"transform":{"skX":-0.08,"skY":-0.08}},{"duration":0,"transform":{"skX":-0.08,"skY":-0.08}}],"name":"Mid2"},{"frame":[{"duration":60,"transform":{"skX":0.19,"skY":0.19}},{"duration":0,"transform":{"skX":0.19,"skY":0.19}}],"name":"Mid9"},{"frame":[{"duration":60,"transform":{}},{"duration":0,"transform":{}}],"name":"RLEG4IK"},{"frame":[{"duration":60,"transform":{"skX":-0.82,"skY":-0.82}},{"duration":0,"transform":{"skX":-0.82,"skY":-0.82}}],"name":"Mid10"},{"frame":[{"duration":60,"transform":{"skX":0.87,"skY":0.87}},{"duration":0,"transform":{"skX":0.87,"skY":0.87}}],"name":"Mid11"},{"frame":[{"duration":30,"curve":[0.25,0,0.75,1],"transform":{}},{"duration":30,"curve":[0.25,0,0.75,1],"transform":{"scX":0.92}},{"duration":0,"transform":{}}],"name":"shadow"}],"duration":60,"slot":[],"name":"Idle"}],"defaultActions":[{"gotoAndPlay":"Attack A"}],"skin":[{"name":"","slot":[{"display":[{"slotPose":[1,0,0,1,0,0],"vertices":[-137.53,-35.99,-137.53,-58.59,-137.53,-81.18,-137.53,-103.78,-137.53,-126.37,-117.59,-139.18,-119.82,-146.66,-114.91,-159.77,-109.76,-176.01,-104.63,-192.25,-93,-204.76,-93.75,-176.6,-77.65,-196.9,-68.3,-210.24,-58.96,-223.57,-49.6,-236.91,-40.25,-250.24,-19.7,-258.29,-0.03,-281.99,4.74,-281.99,4.89,-264.63,5.04,-247.27,20.54,-225.81,8.62,-222.83,13.53,-210.92,21.88,-203.02,32.31,-196.01,46.62,-191.99,59.73,-192.15,77.48,-170.99,65.1,-156.09,40.21,-151.91,40.21,-159.06,29.48,-170.08,17.11,-169.04,-0.32,-181.26,-11.94,-205.1,-29.08,-193.63,-27.44,-206.59,-33.7,-203.16,-32.54,-173.94,-50.45,-160.75,-71.16,-143.17,-82.93,-129.01,-94.7,-114.85,-106.4,-96.82,-118.1,-78.8,-125.25,-50.94,-127.63,-36,-121.08,-108.07,-59.72,-182.64,-14.27,-231.73,-101.96,-146.68,-77.28,-164.12,-37.47,-219.26,-50.04,-199.97,-86.27,-142.18,53.09,-173.36,-4.84,-260.26,-113.21,-122,-27.83,-233.22,-61.59,-200.78,8.24,-201.63,-41.14,-231.57,18.05,-186.81,-97.32,-160.89,1.53,-219.91,-72.68,-181.25,-66.23,-166.4],"path":"Folder 11 Copy 11","weights":[1,30,1,1,30,1,1,30,1,1,30,1,1,30,1,1,30,1,1,30,1,1,30,1,1,30,1,1,30,1,1,30,1,1,30,1,2,22,0.0188,30,0.9812,2,22,0.10054,30,0.89946,2,22,0.33654,30,0.66346,2,22,0.75513,30,0.24487,2,22,0.99997,30,0.00003,2,22,0.86645,30,0.13355,2,22,0.70903,30,0.29097,2,22,0.70807,30,0.29193,2,22,0.7364,30,0.2636,2,22,0.82246,30,0.17754,2,22,0.98949,30,0.01051,2,22,0.99458,30,0.00542,1,22,1,1,22,1,1,22,1,1,22,1,1,22,1,1,22,1,1,22,1,1,22,1,1,22,1,1,22,1,1,22,1,2,22,0.99652,30,0.00348,2,22,0.5216,30,0.4784,1,30,1,1,30,1,2,22,0.00777,30,0.99223,1,30,1,1,30,1,1,30,1,1,30,1,1,30,1,1,30,1,1,30,1,1,30,1,1,30,1,1,30,1,2,22,0.00333,30,0.99667,2,22,0.57749,30,0.42251,1,30,1,1,30,1,2,22,0.29993,30,0.70007,2,22,0.04329,30,0.95671,1,30,1,1,22,1,2,22,0.76283,30,0.23717,1,30,1,2,22,0.9731,30,0.0269,2,22,0.05442,30,0.94558,2,22,0.99404,30,0.00596,2,22,0.73678,30,0.26322,1,22,1,1,30,1,1,22,1,2,22,0.00221,30,0.99779,1,30,1],"triangles":[57,30,29,28,57,29,57,32,30,32,31,30,27,57,28,27,33,57,33,32,57,26,33,27,64,33,26,64,34,33,25,64,26,64,35,34,21,23,22,62,64,25,24,62,25,62,35,64,51,66,21,21,66,23,23,66,24,66,62,24,58,21,20,19,18,20,66,36,62,36,35,62,58,51,21,18,58,20,17,51,58,17,58,18,51,36,66,51,38,36,60,54,38,17,60,51,60,38,51,38,37,36,16,60,17,63,54,60,16,63,60,54,39,38,55,50,40,16,15,63,54,55,39,50,41,40,63,14,54,14,55,54,15,14,63,13,61,14,50,68,41,68,42,41,14,61,55,61,50,55,53,42,68,12,67,61,61,67,50,67,68,50,13,12,61,67,53,68,53,56,42,11,53,67,56,43,42,12,11,67,65,56,53,11,65,53,52,59,44,65,52,56,56,52,43,52,44,43,5,59,52,8,65,11,9,8,11,59,45,44,59,49,45,7,52,65,8,7,65,7,6,52,6,5,52,49,46,45,1,47,46,49,3,46,3,2,46,5,4,59,4,49,59,2,1,46,4,3,49,0,48,47,1,0,47,39,55,40,9,11,10],"type":"mesh","transform":{},"userEdges":[],"uvs":[0,1,0,0.90815,0,0.81631,0,0.72446,0,0.63261,0.09275,0.58052,0.08235,0.55016,0.10522,0.49686,0.12913,0.43084,0.15304,0.36482,0.2071,0.31394,0.20363,0.42842,0.2785,0.34589,0.32199,0.29168,0.36548,0.23747,0.40896,0.18326,0.45245,0.12905,0.54809,0.09634,0.63956,0,0.66174,0,0.66243,0.07058,0.66313,0.14116,0.7352,0.22838,0.67976,0.2405,0.70263,0.28895,0.74144,0.32105,0.78995,0.34952,0.85648,0.36587,0.91747,0.36527,1,0.45128,0.94241,0.51184,0.82668,0.5288,0.82668,0.49973,0.77678,0.45491,0.71926,0.45915,0.63818,0.40948,0.58412,0.31257,0.50443,0.35921,0.51205,0.30652,0.48294,0.32045,0.48831,0.43927,0.40502,0.49285,0.30869,0.56432,0.25394,0.62186,0.1992,0.6794,0.14479,0.75269,0.09039,0.82598,0.05713,0.93924,0.04604,1,0.0765,0.70697,0.3619,0.4039,0.57331,0.20432,0.16547,0.55004,0.28024,0.47916,0.4654,0.25498,0.40695,0.33343,0.2384,0.5683,0.8866,0.44159,0.61716,0.08835,0.11313,0.65038,0.51024,0.19824,0.3532,0.33013,0.67798,0.32668,0.44836,0.20494,0.72362,0.3869,0.18706,0.49226,0.64677,0.25236,0.30164,0.4095,0.33164,0.46988],"width":215,"edges":[0,48,48,47,47,46,46,45,45,44,44,43,43,42,42,41,41,40,40,39,39,38,38,37,37,36,36,35,35,34,34,33,33,32,32,31,31,30,30,29,29,28,28,27,27,26,26,25,25,24,24,23,23,22,22,21,21,20,20,19,19,18,18,17,17,16,16,15,15,14,14,13,13,12,12,11,11,10,10,9,9,8,8,7,7,6,6,5,5,4,4,3,3,2,2,1,1,0],"height":246,"name":"Folder 11 Copy 11","bonePose":[30,-0.5349423232047159,0.84488857895248,-0.84488857895248,-0.5349423232047159,-15.062358363604844,-229.52902533305655,22,-0.7258547563546037,-0.6878480011437111,0.6878480011437111,-0.7258547563546037,53.61,-164.48000000000002]}],"name":"Folder 11 Copy 11"},{"display":[{"slotPose":[1,0,0,1,0,0],"vertices":[-191.38,-31.02,-182.9,-51.96,-174.44,-72.9,-165.96,-93.83,-157.48,-114.77,-142.24,-126.99,-126.99,-139.2,-111.75,-151.42,-96.5,-163.65,-98.07,-180.82,-99.64,-198.01,-94.07,-201.88,-94.8,-190.5,-79.55,-198.49,-66.49,-186.86,-64.06,-177.67,-48.1,-162.18,-39.38,-164.12,-29.7,-160.97,-22.44,-146.69,-10.83,-147.66,0.79,-148.63,10.48,-162.66,10.48,-170.89,-3.81,-187.1,-11.55,-186.38,-21.23,-188.56,-31.88,-191.95,-41.31,-198.48,-48.57,-208.65,-53.42,-216.87,-44.77,-224.87,-59.53,-238.67,-61.35,-258.34,-63.16,-278,-76.95,-267.97,-83.97,-256.12,-103.57,-249.83,-115.79,-235.44,-128.02,-221.04,-134.67,-210.27,-141.34,-199.5,-151.02,-186.08,-160.7,-172.64,-159.36,-185.47,-158.04,-198.29,-165.89,-190.19,-173.76,-182.08,-179.33,-160.31,-187.81,-143.37,-184.18,-135.13,-193.13,-127.15,-199.93,-123.52,-204.54,-105.13,-204.54,-87.95,-204.54,-74.38,-204.54,-60.83,-202.59,-45.93,-200.65,-31.02,-130.17,-170.23,-156.39,-148.67,-188.29,-109.49,-79.02,-226.99,-103.59,-214.71,-116.81,-190.42,-117.71,-165.86,-146.96,-134.21,-8.38,-168.98,-171.46,-135.12,-190.38,-88.36,-139.82,-155.13,-137.82,-177.61,-96.66,-230.82,-64.48,-212.76,-176.72,-119.25,-48.56,-184.23,-117.52,-209.84,-191.35,-72.41,-76.09,-242.17,-23.67,-176.79,-132.45,-188.95,-179.16,-96.76,-145.99,-168.4,-90.57,-214.62,-164.62,-161.2,-125.31,-156.35,-158.55,-129.82,-109.82,-178.17,-66.51,-227.49,-173.49,-106.82,-55.58,-194.78],"path":"Folder 11 Copy 9","weights":[1,26,1,1,26,1,1,26,1,1,26,1,1,26,1,1,26,1,1,26,1,1,26,1,1,26,1,1,26,1,2,21,0.01003,26,0.98997,2,21,0.09678,26,0.90322,2,21,0.16053,26,0.83947,2,21,0.49027,26,0.50973,2,21,0.92791,26,0.07209,2,21,0.98043,26,0.01957,1,21,1,1,21,1,1,21,1,1,21,1,1,21,1,1,21,1,1,21,1,1,21,1,1,21,1,1,21,1,1,21,1,1,21,1,1,21,1,1,21,1,1,21,1,1,21,1,1,21,1,1,21,1,1,21,1,2,21,0.96058,26,0.03942,2,21,0.63246,26,0.36754,2,21,0.00617,26,0.99383,1,26,1,1,26,1,1,26,1,1,26,1,1,26,1,1,26,1,1,26,1,1,26,1,1,26,1,1,26,1,1,26,1,1,26,1,1,26,1,1,26,1,1,26,1,1,26,1,1,26,1,1,26,1,1,26,1,1,26,1,1,26,1,1,26,1,1,26,1,1,26,1,2,21,0.55719,26,0.44281,1,26,1,1,26,1,1,26,1,1,26,1,1,21,1,1,26,1,1,26,1,1,26,1,1,26,1,1,26,1,2,21,0.92938,26,0.07062,1,26,1,2,21,0.99611,26,0.00389,1,26,1,1,26,1,2,21,0.99273,26,0.00727,1,21,1,1,26,1,1,26,1,1,26,1,2,21,0.08398,26,0.91602,1,26,1,1,26,1,1,26,1,1,26,1,1,21,1,1,26,1,2,21,0.97266,26,0.02734],"triangles":[67,21,22,67,22,23,24,67,23,25,67,24,67,20,21,18,19,20,18,20,67,79,18,67,25,79,67,26,79,25,27,79,26,17,18,79,27,75,79,75,17,79,28,75,27,90,75,28,75,16,17,75,15,16,29,90,28,88,30,31,32,88,31,30,73,29,73,90,29,90,14,75,14,15,75,88,73,30,33,78,32,73,13,90,13,14,90,34,35,33,78,88,32,36,78,33,35,36,33,62,83,73,83,13,73,88,62,73,78,62,88,83,11,13,72,62,78,36,72,78,37,72,36,72,83,62,11,12,13,63,11,83,72,63,83,9,87,8,37,38,72,63,10,11,10,64,9,64,87,9,87,65,8,65,7,8,38,63,72,63,76,10,76,64,10,39,76,38,38,76,63,65,85,7,64,59,87,59,65,87,80,59,64,85,6,7,40,80,76,76,80,64,59,85,65,39,40,76,40,41,80,80,71,59,70,6,85,59,70,85,70,66,6,66,5,6,71,82,59,82,70,59,42,71,80,41,42,80,60,66,70,42,82,71,82,60,70,66,86,5,86,4,5,60,86,66,84,60,82,43,84,82,42,43,82,46,44,45,86,74,4,89,3,4,68,86,60,84,68,60,48,68,84,47,43,44,68,74,86,74,89,4,46,47,44,47,48,84,47,84,43,48,49,68,81,2,3,89,81,3,77,1,2,81,69,2,49,50,68,50,74,68,74,61,89,61,81,89,69,77,2,50,51,74,51,61,74,57,0,1,61,69,81,53,69,61,77,56,1,56,57,1,51,52,61,57,58,0,55,77,69,54,55,69,53,54,69,52,53,61,55,56,77],"type":"mesh","transform":{},"userEdges":[],"uvs":[0.06124,1,0.10064,0.91524,0.14004,0.83047,0.17943,0.74571,0.21883,0.66094,0.28974,0.61147,0.36065,0.56199,0.43156,0.51251,0.50247,0.46303,0.49516,0.39347,0.48784,0.32391,0.51373,0.30823,0.51035,0.35428,0.58126,0.32195,0.64204,0.36898,0.6533,0.40621,0.72759,0.46891,0.76811,0.46107,0.81313,0.47381,0.8469,0.53162,0.90093,0.5277,0.95495,0.52378,1,0.46695,1,0.43364,0.93357,0.368,0.89755,0.37094,0.85253,0.36212,0.803,0.3484,0.7591,0.32195,0.72534,0.2808,0.70282,0.24749,0.74302,0.2151,0.67436,0.15925,0.66592,0.07963,0.65748,0,0.59332,0.04061,0.56068,0.08861,0.46951,0.11409,0.41267,0.17238,0.35582,0.23068,0.32487,0.27428,0.29392,0.31788,0.24889,0.37225,0.20387,0.42663,0.21006,0.3747,0.21625,0.32277,0.17967,0.3556,0.14309,0.38842,0.1172,0.4766,0.07781,0.54518,0.09469,0.57849,0.05304,0.61082,0.02139,0.62552,0,0.69998,0,0.76954,0,0.82445,0,0.87936,0.00907,0.93968,0.01815,1,0.34584,0.43638,0.22391,0.5237,0.07558,0.68234,0.58373,0.20657,0.46945,0.2563,0.40802,0.35462,0.40382,0.45408,0.2678,0.58221,0.91229,0.44138,0.15381,0.57855,0.06585,0.76789,0.301,0.49751,0.31029,0.4065,0.50167,0.19104,0.65136,0.26413,0.12939,0.64279,0.7254,0.37963,0.40467,0.276,0.06136,0.83245,0.59734,0.14507,0.84114,0.40976,0.33528,0.3606,0.11804,0.73384,0.2723,0.44383,0.52999,0.25665,0.18567,0.47297,0.36847,0.49259,0.21391,0.6,0.44052,0.40424,0.64192,0.20451,0.14441,0.69313,0.69277,0.33696],"width":215,"edges":[53,54,54,55,55,56,56,57,57,58,58,0,0,1,1,2,2,3,3,4,4,5,5,6,6,7,7,8,8,9,9,10,10,11,11,12,12,13,13,14,14,15,15,16,16,17,17,18,18,19,19,20,20,21,21,22,22,23,23,24,24,25,25,26,26,27,27,28,28,29,29,30,30,31,31,32,32,33,33,34,34,35,35,36,36,37,37,38,38,39,39,40,40,41,41,42,42,43,43,44,44,45,45,46,46,47,47,48,48,49,49,50,50,51,51,52,52,53],"height":247,"name":"Folder 11 Copy 9","bonePose":[26,-0.5063348073531322,0.8623369775573042,-0.8623369775573042,-0.5063348073531322,-81.23700605555854,-241.007647856919,21,-0.6657514442835017,-0.7461735819730094,0.7461735819730094,-0.6657514442835017,-19.76,-172.63]}],"name":"Folder 11 Copy 9"},{"display":[{"path":"Folder 11 Copy 2","type":"image","name":"Folder 11 Copy 2","transform":{"skX":24.58,"skY":24.58,"y":-11.93,"x":96.51}}],"name":"Folder 11 Copy 2"},{"display":[{"slotPose":[1,0,0,1,0,0],"vertices":[106.48,-179.04,111.97,-198.39,123.63,-207.52,135.29,-216.66,148.21,-231.24,161.12,-245.84,168.37,-261.37,175.63,-276.9,177.42,-293.85,179.23,-310.8,185.2,-310.78,194.66,-304.86,200.39,-291.04,214.74,-266.08,224.79,-251.64,235.27,-244.6,246.61,-245.4,250.92,-240.64,250.33,-249.91,259.66,-247.17,280.83,-231.26,289.84,-213.51,285.72,-209.61,300.1,-195.35,308.79,-173.09,317.48,-150.82,323.92,-129.68,330.35,-108.55,333.26,-89.08,336.19,-69.6,336.14,-53.12,336.1,-36.64,336.09,-32.36,326.22,-32.39,318.26,-55.64,308.22,-77.29,298.19,-98.96,282.17,-118.97,266.16,-139,252.75,-149.85,239.34,-160.7,225.92,-171.55,212.51,-182.41,223.28,-202.57,212.99,-209.6,215.28,-215.57,213.44,-221.76,195.96,-231.27,179.74,-215.67,163.52,-200.06,152.97,-183.2,149.61,-159.51,135.6,-157.7,115.83,-160.84,106.45,-171.58,258.84,-203.73,287.81,-156.39,273.01,-177.51,195.44,-260.46,240.15,-190.67,303.2,-126.74,233.89,-217.08,123.55,-181.03,159.91,-219.56,260.89,-171.28,318.25,-82.01,261.64,-224.92,140.38,-193.8,185.46,-246.09,204.96,-246.23,314.74,-109.2,288.08,-183.61,303.89,-142.62,268.13,-158.8,273.27,-189.23,175.09,-236.63,285.21,-140.41,246.31,-174.64,127.79,-197.48,149.47,-212.26,249.06,-215.38,221.27,-232.81,293.62,-171.43],"path":"Folder 11 Copy 7","weights":[1,23,1,1,23,1,1,23,1,1,23,1,1,23,1,1,23,1,2,23,0.99314,32,0.00686,2,23,0.6774,32,0.3226,2,23,0.46503,32,0.53497,2,23,0.43185,32,0.56815,2,23,0.42962,32,0.57038,2,23,0.41564,32,0.58436,2,23,0.34748,32,0.65252,2,23,0.00726,32,0.99274,1,32,1,1,32,1,1,32,1,1,32,1,1,32,1,1,32,1,1,32,1,1,32,1,1,32,1,1,32,1,1,32,1,1,32,1,1,32,1,1,32,1,1,32,1,1,32,1,1,32,1,1,32,1,1,32,1,1,32,1,1,32,1,1,32,1,1,32,1,1,32,1,1,32,1,1,32,1,1,32,1,1,32,1,1,32,1,1,32,1,1,32,1,1,32,1,1,32,1,2,23,0.26699,32,0.73301,2,23,0.95026,32,0.04974,1,23,1,1,23,1,1,23,1,1,23,1,1,23,1,1,23,1,1,32,1,1,32,1,1,32,1,2,23,0.06951,32,0.93049,1,32,1,1,32,1,1,32,1,1,23,1,1,23,1,1,32,1,1,32,1,1,32,1,1,23,1,2,23,0.76125,32,0.23875,1,32,1,1,32,1,1,32,1,1,32,1,1,32,1,1,32,1,2,23,0.98374,32,0.01626,1,32,1,1,32,1,1,23,1,1,23,1,1,32,1,1,32,1,1,32,1],"triangles":[33,32,31,33,31,30,34,33,30,28,65,29,34,30,29,65,34,29,26,70,27,27,70,28,70,65,28,65,35,34,70,36,65,60,70,26,25,72,26,72,60,26,56,72,24,24,72,25,36,35,65,82,56,24,60,36,70,37,36,60,23,71,24,71,82,24,76,60,72,56,76,72,76,37,60,22,71,23,22,74,71,57,56,82,71,57,82,57,73,56,20,22,21,20,66,22,38,37,76,74,57,71,73,76,56,55,74,22,66,55,22,73,38,76,19,66,20,39,38,73,64,73,57,77,64,74,55,77,74,64,57,74,59,77,55,80,55,66,19,17,66,64,39,73,17,80,66,40,39,64,77,40,64,18,17,19,80,59,55,61,59,80,15,61,17,61,80,17,16,15,17,61,43,59,81,61,15,59,41,77,41,40,77,42,41,59,43,42,59,81,46,61,14,81,15,46,45,61,45,43,61,45,44,43,69,81,14,13,69,14,47,46,81,69,47,81,58,69,13,12,58,13,7,58,12,58,68,69,68,47,69,11,8,12,8,7,12,68,75,47,75,48,47,6,68,58,7,6,58,10,8,11,9,8,10,5,75,68,6,5,68,75,63,48,63,49,48,5,63,75,4,63,5,63,79,49,67,50,49,79,67,49,4,79,63,4,3,79,67,62,50,52,51,50,62,52,50,3,67,79,3,78,67,62,53,52,2,78,3,78,62,67,54,53,62,2,1,78,1,62,78,1,0,62,0,54,62],"type":"mesh","transform":{},"userEdges":[],"uvs":[0,0.47468,0.02362,0.40502,0.07422,0.37205,0.12483,0.33907,0.1808,0.28646,0.23678,0.23385,0.26813,0.1779,0.29948,0.12196,0.30709,0.06098,0.3147,0,0.34068,0,0.38188,0.02118,0.40696,0.07083,0.46965,0.16049,0.51354,0.21236,0.55922,0.23756,0.60848,0.23459,0.62729,0.25163,0.6246,0.21829,0.66516,0.22806,0.75741,0.28512,0.79682,0.34885,0.77891,0.36293,0.8416,0.41406,0.87967,0.49409,0.91773,0.57411,0.94595,0.65007,0.97416,0.72602,0.98708,0.79604,1,0.86607,1,0.92535,1,0.98463,1,1,0.95714,1,0.92221,0.91646,0.87832,0.83865,0.83444,0.76085,0.76458,0.68897,0.69472,0.61709,0.63627,0.57819,0.57783,0.53929,0.51939,0.50038,0.46095,0.46148,0.50753,0.38886,0.46274,0.36367,0.47259,0.34218,0.46453,0.31995,0.3884,0.28586,0.3181,0.34218,0.24779,0.3985,0.20211,0.45926,0.18778,0.54447,0.12687,0.55114,0.04089,0.54003,0,0.5015,0.66216,0.38433,0.78865,0.55435,0.72405,0.4785,0.3858,0.18091,0.58103,0.43151,0.85592,0.66086,0.5535,0.33658,0.07418,0.46731,0.23183,0.32839,0.67141,0.50107,0.92187,0.82159,0.67408,0.30811,0.14721,0.42125,0.34259,0.23271,0.42736,0.23197,0.90632,0.72381,0.7895,0.45644,0.85874,0.60373,0.70305,0.54586,0.72504,0.43635,0.29764,0.26682,0.77756,0.61182,0.60802,0.48913,0.09247,0.40813,0.18648,0.35474,0.61946,0.34253,0.49847,0.2801,0.81371,0.5002],"width":230,"edges":[0,54,54,53,53,52,52,51,51,50,50,49,49,48,48,47,47,46,46,45,45,44,44,43,43,42,42,41,41,40,40,39,39,38,38,37,37,36,36,35,35,34,34,33,33,32,32,31,31,30,30,29,29,28,28,27,27,26,26,25,25,24,24,23,23,22,22,21,21,20,20,19,19,18,18,17,17,16,16,15,15,14,14,13,13,12,12,11,11,10,10,9,9,8,8,7,7,6,6,5,5,4,4,3,3,2,2,1,1,0],"height":278,"name":"Folder 11 Copy 7","bonePose":[23,0.5760043811049941,-0.8174466055638452,0.8174466055638452,0.5760043811049941,131.76,-177.9,32,0.5330239565223784,0.8461001487845452,-0.8461001487845452,0.5330239565223784,189.3719581981215,-259.6610094884958]}],"name":"Folder 11 Copy 7"},{"display":[{"slotPose":[1,0,0,1,0,0],"vertices":[8.47,-146.42,12.17,-167.12,32.87,-181.33,46.78,-195.86,60.68,-210.38,70.73,-229.38,80.77,-248.39,80.46,-280,86.95,-280,101.47,-272.49,99.93,-264.45,112.91,-235.72,132.68,-217.17,147.2,-217.17,151.53,-208.84,154.62,-223.98,171.3,-215.63,182.43,-201.57,193.56,-187.51,186.75,-177,204.67,-157.53,216.26,-129.57,227.85,-101.61,233.16,-75.03,238.47,-48.45,238.47,-19.11,238.47,-1.99,227.23,-1.99,220.74,-22.29,214.25,-42.59,199.26,-66.84,184.28,-91.11,170.53,-102.84,156.78,-114.58,141.02,-127.57,125.26,-140.55,109.5,-149.81,124.95,-173.61,116.92,-177.31,118.47,-190.29,97.14,-199.56,86.64,-188.75,73.82,-175.15,61,-161.56,48.94,-127.26,26.39,-122.01,8.48,-133.74,161.6,-149.11,219.96,-64.88,153.63,-177.4,185.12,-136.43,87.62,-216.56,194.92,-106.75,60.29,-185.5,28.34,-148.49,210.78,-90.83,169.74,-185.95,141.34,-153.66,138.1,-197.37,176.54,-119.6,46.33,-166.66,176.92,-163.89,90.4,-238.85,106.56,-216.32,195.51,-129.98,42.2,-145.19,76.7,-200.76],"path":"Folder 11 Copy","weights":[1,17,1,1,17,1,1,17,1,1,17,1,1,17,1,1,17,1,2,17,0.90567,28,0.09433,2,17,0.94011,28,0.05989,2,17,0.93733,28,0.06267,2,17,0.90939,28,0.09061,2,17,0.87448,28,0.12552,2,17,0.1705,28,0.8295,2,17,0.00002,28,0.99998,2,17,0.00005,28,0.99995,2,17,0.00006,28,0.99994,2,17,0.00008,28,0.99992,2,17,0.00007,28,0.99993,2,17,0.00006,28,0.99994,2,17,0.00005,28,0.99995,2,17,0.00004,28,0.99996,2,17,0.00001,28,0.99999,1,28,1,1,28,1,1,28,1,1,28,1,1,28,1,1,28,1,1,28,1,1,28,1,1,28,1,1,28,1,1,28,1,1,28,1,1,28,1,1,28,1,1,28,1,1,28,1,1,28,1,1,28,1,1,28,1,2,17,0.43745,28,0.56255,2,17,0.94114,28,0.05886,1,17,1,1,17,1,1,17,1,1,17,1,1,17,1,2,17,0.00001,28,0.99999,1,28,1,2,17,0.00004,28,0.99996,2,17,0.00001,28,0.99999,1,17,1,1,28,1,1,17,1,1,17,1,1,28,1,2,17,0.00005,28,0.99995,1,28,1,2,17,0.00006,28,0.99994,1,28,1,1,17,1,2,17,0.00002,28,0.99998,2,17,0.82604,28,0.17396,1,28,1,1,28,1,1,17,1,2,17,0.99719,28,0.00281],"triangles":[22,55,23,27,26,25,28,27,25,28,25,24,29,28,24,23,48,24,48,29,24,55,48,23,21,52,22,52,55,22,20,64,21,64,52,21,30,29,48,55,30,48,50,64,20,31,30,55,52,31,55,19,61,20,61,50,20,64,59,52,50,59,64,32,31,52,59,32,52,56,19,18,17,56,18,61,47,50,56,61,19,47,59,50,16,56,17,14,56,16,33,32,59,47,33,59,56,49,61,49,47,61,34,33,47,14,49,56,15,14,16,14,58,49,49,57,47,57,34,47,37,57,49,58,37,49,57,35,34,13,58,14,12,58,13,39,37,58,37,35,57,37,36,35,12,39,58,39,38,37,63,39,12,11,63,12,63,40,39,10,62,11,62,63,11,62,51,63,6,62,10,51,40,63,8,10,9,8,6,10,7,6,8,66,41,40,51,66,40,5,51,62,6,5,62,4,66,51,5,4,51,66,42,41,53,42,66,65,44,43,4,53,66,53,43,42,3,53,4,2,60,53,60,65,43,53,60,43,3,2,53,54,65,60,65,45,44,2,54,60,1,54,2,54,45,65,46,45,54,1,0,54,0,46,54],"type":"mesh","transform":{},"userEdges":[],"uvs":[0,0.48051,0.01606,0.40604,0.10607,0.35491,0.16652,0.30267,0.22698,0.25043,0.27064,0.18207,0.31431,0.11371,0.31296,0,0.34118,0,0.40432,0.02701,0.3976,0.05591,0.45403,0.15928,0.54001,0.22597,0.60316,0.22597,0.62196,0.25598,0.6354,0.20152,0.70795,0.23153,0.75631,0.2821,0.80468,0.33268,0.77512,0.37047,0.85304,0.44049,0.90342,0.54109,0.9538,0.64168,0.9769,0.73727,1,0.83286,1,0.93845,1,1,0.95112,1,0.9229,0.92699,0.89469,0.85398,0.82953,0.76672,0.76437,0.67947,0.70459,0.63723,0.6448,0.59499,0.57629,0.54831,0.50777,0.50163,0.43925,0.46828,0.50642,0.3827,0.47149,0.36936,0.47821,0.32267,0.38551,0.28933,0.33983,0.32823,0.28408,0.37714,0.22832,0.42604,0.17593,0.54942,0.07786,0.56832,0,0.52608,0.66578,0.47079,0.91952,0.77377,0.63111,0.36903,0.76801,0.51641,0.34412,0.22819,0.81063,0.62316,0.22529,0.3399,0.08633,0.47305,0.87962,0.68042,0.70113,0.3383,0.57767,0.45443,0.56359,0.29721,0.73073,0.57697,0.16457,0.40768,0.73237,0.41764,0.3562,0.14801,0.42646,0.22904,0.81317,0.53963,0.1466,0.4849,0.29664,0.28504],"width":230,"edges":[0,46,46,45,45,44,44,43,43,42,42,41,41,40,40,39,39,38,38,37,37,36,36,35,35,34,34,33,33,32,32,31,31,30,30,29,29,28,28,27,27,26,26,25,25,24,24,23,23,22,22,21,21,20,20,19,19,18,18,17,17,16,16,15,15,14,14,13,13,12,12,11,11,10,10,9,9,8,8,7,7,6,6,5,5,4,4,3,3,2,2,1,1,0],"height":278,"name":"Folder 11 Copy","bonePose":[17,0.688481166919709,-0.725254219427144,0.725254219427144,0.688481166919709,20.99,-143.8,28,0.522052051767294,0.8529136270722603,-0.8529136270722603,0.522052051767294,96.70915873782958,-223.5634590525973]}],"name":"Folder 11 Copy"},{"display":[{"slotPose":[1,0,0,1,0,0],"vertices":[-25.03,-287.26,-34.57,-278.17,-44.11,-269.09,-53.73,-272.34,-63.35,-275.59,-63.2,-279.54,-68.9,-284.73,-74.61,-289.93,-80.53,-289.92,-80.52,-282.67,-80.51,-275.41,-73.33,-269.55,-66.14,-263.69,-58.95,-257.83,-51.77,-251.97,-46.67,-251.97,-36.42,-254.92,-28.18,-262.21,-19.94,-269.5,-16.52,-279,-16.52,-285.04,-19.92,-288.3,-36.7,-266.5,-48.24,-260.79,-55.51,-267.3,-72.44,-282.08,-66.38,-270.5,-29.21,-272.11,-24.39,-280.32,-38.74,-262.68,-69.88,-275.45,-57.34,-270.62,-36.14,-271.47,-24.92,-275.81,-46.79,-256.69,-55.62,-263.09,-30.02,-268.34,-49.32,-265.87],"path":"Layer 1 Copy 2","weights":[1,35,1,1,35,1,2,35,0.81617,38,0.18383,2,35,0.10446,38,0.89554,2,35,0.00006,38,0.99994,1,38,1,1,38,1,1,38,1,1,38,1,1,38,1,1,38,1,1,38,1,1,38,1,1,38,1,2,35,0.10132,38,0.89868,2,35,0.70805,38,0.29195,1,35,1,1,35,1,1,35,1,1,35,1,1,35,1,1,35,1,1,35,1,2,35,0.47736,38,0.52264,2,35,0.05492,38,0.94508,1,38,1,1,38,1,1,35,1,1,35,1,1,35,1,1,38,1,2,35,0.03084,38,0.96916,2,35,0.99959,38,0.00041,1,35,1,1,35,1,2,35,0.00902,38,0.99098,1,35,1,2,35,0.38459,38,0.61541],"triangles":[21,28,20,33,18,19,20,28,19,28,33,19,0,28,21,36,17,18,33,27,18,27,36,18,1,33,28,1,28,0,1,27,33,36,22,17,22,29,17,29,16,17,1,32,27,27,32,36,32,22,36,2,32,1,29,34,16,2,22,32,34,15,16,2,29,22,2,23,29,23,34,29,3,37,2,37,23,2,34,14,15,23,14,34,3,24,37,13,14,23,35,13,23,37,35,23,24,35,37,4,31,3,31,24,3,12,35,24,31,12,24,12,13,35,4,26,31,26,12,31,30,26,4,30,4,5,6,30,5,25,30,6,11,12,26,30,11,26,7,25,6,25,10,30,10,11,30,7,9,25,9,10,25,8,9,7],"type":"mesh","transform":{},"userEdges":[],"uvs":[0.86715,0.07199,0.71793,0.3108,0.56871,0.54961,0.41848,0.46374,0.26824,0.37787,0.27058,0.27392,0.18152,0.13696,0.09246,0,0,0,0,0.19091,0,0.38182,0.11218,0.53636,0.22435,0.69091,0.33653,0.84545,0.4487,1,0.52839,1,0.68854,0.9226,0.81745,0.73115,0.94635,0.53971,1,0.28971,1,0.1305,0.94713,0.04498,0.68452,0.61804,0.50397,0.76797,0.39043,0.59627,0.12625,0.20674,0.22066,0.51167,0.80156,0.47049,0.87713,0.25466,0.65246,0.71826,0.16612,0.38117,0.36203,0.50885,0.69318,0.48722,0.86866,0.37311,0.52651,0.87575,0.38864,0.70712,0.78887,0.56947,0.48724,0.63401],"width":64,"edges":[8,9,9,10,10,11,11,12,12,13,13,14,14,15,15,16,16,17,17,18,18,19,19,20,20,21,21,0,0,1,1,2,2,3,3,4,4,5,5,6,6,7,7,8],"height":38,"name":"Layer 1 Copy 2","bonePose":[35,-0.7565386975761149,0.6539489269582417,-0.6539489269582417,-0.7565386975761149,-22.240336331886393,-278.9657319619387,38,-0.8235325976284276,-0.5672689491267563,0.5672689491267563,-0.8235325976284276,-47.9626520494743,-256.7314684453585]}],"name":"Layer 1 Copy 2"},{"display":[{"path":"Layer 35","type":"image","name":"Layer 35","transform":{"y":-2.64,"x":9.98}}],"name":"Layer 35"},{"display":[{"path":"Layer 36","type":"image","name":"Layer 36","transform":{"skX":75.63,"skY":75.63,"y":-6.46,"x":53.84}}],"name":"Layer 36"},{"display":[{"path":"Folder 11 Copy 4","type":"image","name":"Folder 11 Copy 4","transform":{"skX":75.63,"skY":75.63,"y":82.59,"x":-35.86}}],"name":"Folder 11 Copy 4"},{"display":[{"slotPose":[1,0,0,1,0,0],"vertices":[-227.2,-25,-222.79,-37.98,-218.39,-50.96,-213.98,-63.95,-209.57,-76.93,-199.79,-91.11,-190,-105.31,-180.22,-119.5,-170.44,-133.68,-160.6,-140.08,-150.77,-146.48,-140.93,-152.87,-131.09,-159.27,-129.8,-171.64,-128.51,-184,-128.94,-192.6,-125.07,-196.68,-124.64,-185.71,-111.74,-193.45,-97.98,-177.33,-96.69,-170.67,-80.35,-158.19,-74.11,-160.14,-62.93,-157.34,-57.55,-151.32,-56.05,-141.64,-45.3,-143.26,-34.55,-144.87,-21.52,-156.91,-21.53,-167.02,-30.73,-174.54,-39.93,-182.07,-48.96,-180.77,-61.85,-182.49,-71.11,-188.94,-84.01,-202.7,-86.79,-210.44,-74.12,-217.97,-91.53,-231.94,-92.5,-251.97,-93.47,-271.99,-99.71,-271.99,-108.85,-260.78,-117.98,-249.57,-137.12,-242.9,-148.19,-227.21,-159.26,-211.51,-170.22,-193.67,-180.87,-181.19,-191.51,-168.73,-192.37,-190.01,-206.34,-173.03,-214.3,-154,-222.26,-134.98,-217.53,-130.46,-225.9,-121.65,-236.53,-110.68,-236.53,-90.9,-236.54,-67.04,-236.53,-50.37,-236.53,-33.71,-154.28,-177.58,-199.68,-141.03,-114.76,-219.69,-133.04,-212.7,-172.82,-160.2,-216.38,-108.52,-198.76,-123.79,-145.71,-195.35,-210.21,-101.05,-186.59,-145.48,-104.23,-238.25,-42.91,-160.23,-97.86,-205.94,-147.48,-165.47,-172.26,-175.03,-222.29,-77.39,-80.88,-177.17,-121.44,-232.66,-165.62,-150.24,-101.59,-256.77,-99.05,-221.24,-199.7,-156.44,-221.93,-94.2,-187.15,-132.67,-34.97,-169.41,-146.54,-211.64,-86.37,-190.38,-130.9,-227.06,-51.53,-166.93,-141.42,-176.3,-160.34,-190.63,-203.02,-105.96,-210.21,-121.9,-108.16,-205.24,-100.43,-194.46,-183.96,-164.5],"path":"Folder 11 Copy 8","weights":[1,24,1,1,24,1,1,24,1,1,24,1,1,24,1,1,24,1,1,24,1,1,24,1,1,24,1,1,24,1,1,24,1,1,24,1,1,24,1,1,24,1,1,24,1,2,15,0.01088,24,0.98912,2,15,0.09617,24,0.90383,2,15,0.20462,24,0.79538,2,15,0.57013,24,0.42987,2,15,0.98601,24,0.01399,2,15,0.99753,24,0.00247,1,15,1,1,15,1,1,15,1,1,15,1,1,15,1,1,15,1,1,15,1,1,15,1,1,15,1,1,15,1,1,15,1,1,15,1,1,15,1,1,15,1,1,15,1,1,15,1,1,15,1,1,15,1,2,15,0.99613,24,0.00387,1,15,1,2,15,0.99964,24,0.00036,2,15,0.95303,24,0.04697,2,15,0.67548,24,0.32452,2,15,0.11168,24,0.88832,1,24,1,1,24,1,1,24,1,1,24,1,1,24,1,1,24,1,1,24,1,1,24,1,1,24,1,1,24,1,1,24,1,1,24,1,1,24,1,1,24,1,1,24,1,1,24,1,1,24,1,1,24,1,2,15,0.39444,24,0.60556,1,24,1,1,24,1,1,24,1,1,24,1,1,24,1,1,24,1,1,24,1,2,15,0.93772,24,0.06228,1,15,1,2,15,0.99436,24,0.00564,1,24,1,1,24,1,1,24,1,1,15,1,2,15,0.28273,24,0.71727,1,24,1,2,15,0.97497,24,0.02503,1,15,1,1,24,1,1,24,1,1,24,1,1,15,1,1,24,1,2,15,0.99853,24,0.00147,2,15,0.02104,24,0.97896,1,15,1,1,24,1,1,24,1,1,24,1,1,24,1,2,15,0.73589,24,0.26411,2,15,0.90556,24,0.09444,1,24,1],"triangles":[85,72,28,72,27,28,85,28,29,30,85,29,31,85,30,72,26,27,89,72,85,31,32,85,32,89,85,24,26,72,89,24,72,24,25,26,23,24,89,33,89,32,33,23,89,22,23,33,77,22,33,34,77,33,77,21,22,87,77,34,35,87,34,38,36,37,38,81,36,87,19,77,19,20,77,20,21,77,80,39,40,95,87,35,73,95,35,36,73,35,39,71,38,95,19,87,81,73,36,80,71,39,41,80,40,71,81,38,63,94,81,42,80,41,95,18,19,81,94,73,94,95,73,43,71,80,71,63,81,78,63,71,42,43,80,94,18,95,43,78,71,16,18,94,63,16,94,64,16,63,16,17,18,78,88,63,88,64,63,44,78,43,44,88,78,64,68,15,64,15,16,86,68,64,68,90,14,68,14,15,74,12,13,90,74,13,14,90,13,45,86,64,74,11,12,45,64,88,44,45,88,68,61,90,61,74,90,74,10,11,91,61,68,79,10,74,45,46,86,86,46,68,46,91,68,61,65,74,65,79,74,75,65,61,79,9,10,47,91,46,91,75,61,47,75,91,79,8,9,48,75,47,70,8,79,65,70,79,75,96,65,84,7,8,70,84,8,48,96,75,96,70,65,82,70,96,49,96,48,84,67,7,67,6,7,62,84,70,49,82,96,51,49,50,67,92,6,82,62,70,62,67,84,92,5,6,51,82,49,51,52,82,92,69,5,54,93,62,82,52,62,62,93,67,93,92,67,93,66,92,83,4,5,69,83,5,52,53,62,53,54,62,66,69,92,83,76,4,76,3,4,55,66,93,54,55,93,66,83,69,58,2,3,76,58,3,58,59,2,56,83,66,55,56,66,59,1,2,56,57,83,57,76,83,60,0,1,59,60,1,57,58,76],"type":"mesh","transform":{},"userEdges":[],"uvs":[0.04342,1,0.06392,0.94744,0.08442,0.89488,0.10492,0.84232,0.12542,0.78975,0.17091,0.73231,0.21641,0.67486,0.26191,0.61741,0.30741,0.55996,0.35316,0.53406,0.39891,0.50817,0.44466,0.48227,0.49041,0.45638,0.49641,0.40632,0.50241,0.35627,0.50041,0.32146,0.51841,0.30492,0.52041,0.34931,0.58041,0.31797,0.64441,0.38326,0.65041,0.41024,0.72641,0.46073,0.75541,0.45289,0.80741,0.46421,0.83241,0.48858,0.83941,0.52775,0.88941,0.52122,0.93941,0.51469,1,0.46595,1,0.42504,0.95721,0.39457,0.91441,0.36411,0.87241,0.36933,0.81241,0.36237,0.76941,0.33625,0.70941,0.28055,0.69641,0.24921,0.75541,0.21874,0.67441,0.16217,0.66991,0.08108,0.66541,0,0.63641,0,0.59391,0.04539,0.55141,0.09079,0.46241,0.11777,0.41091,0.18132,0.35941,0.24486,0.30841,0.3171,0.25891,0.36759,0.20941,0.41808,0.20541,0.3319,0.14041,0.40067,0.10342,0.4777,0.06642,0.55474,0.08842,0.57301,0.04942,0.6087,0,0.6531,0,0.73318,0,0.8298,0,0.89725,0,0.96471,0.38255,0.38223,0.17142,0.53021,0.56638,0.21177,0.48138,0.24007,0.29636,0.45263,0.09377,0.66184,0.17566,0.60002,0.42243,0.31033,0.12244,0.69206,0.23227,0.51219,0.61539,0.1366,0.90053,0.4525,0.64499,0.26743,0.41421,0.43128,0.29896,0.39254,0.06626,0.7879,0.72392,0.3839,0.53533,0.15925,0.32987,0.49296,0.62764,0.06166,0.63943,0.2055,0.17131,0.46783,0.06794,0.71978,0.22968,0.56406,0.93748,0.41537,0.41855,0.24431,0.69838,0.33043,0.4913,0.18196,0.86044,0.42539,0.44241,0.38743,0.35436,0.32942,0.15584,0.67221,0.12242,0.60767,0.59705,0.27027,0.633,0.3139,0.24454,0.43518],"width":215,"edges":[56,57,57,58,58,59,59,60,60,0,0,1,1,2,2,3,3,4,4,5,5,6,6,7,7,8,8,9,9,10,10,11,11,12,12,13,13,14,14,15,15,16,16,17,17,18,18,19,19,20,20,21,21,22,22,23,23,24,24,25,25,26,26,27,27,28,28,29,29,30,30,31,31,32,32,33,33,34,34,35,35,36,36,37,37,38,38,39,39,40,40,41,41,42,42,43,43,44,44,45,45,46,46,47,47,48,48,49,49,50,50,51,51,52,52,53,53,54,54,55,55,56],"height":247,"name":"Folder 11 Copy 8","bonePose":[24,-0.5253231485179108,0.8509028085693624,-0.8509028085693624,-0.5253231485179108,-114.72117933225856,-225.9731963407341,15,-0.6641872029746296,-0.7475662909767522,0.7475662909767522,-0.6641872029746296,-62.56,-167.55]}],"name":"Folder 11 Copy 8"},{"display":[{"path":"Folder 11 Copy 3","type":"image","name":"Folder 11 Copy 3","transform":{"skX":143.39,"skY":143.39,"y":7.69,"x":52.99}}],"name":"Folder 11 Copy 3"},{"display":[{"slotPose":[1,0,0,1,0,0],"vertices":[-168.39,-36,-160.36,-58.63,-152.33,-81.26,-142.32,-95.74,-132.3,-110.21,-122.3,-124.67,-112.29,-139.15,-101.58,-146.99,-90.86,-154.83,-69.45,-170.5,-70.36,-187.49,-71.28,-204.46,-64.9,-209.69,-64.46,-196.78,-51.41,-205.19,-37.06,-191.27,-37,-185.45,-17.13,-168.91,-11.33,-172.26,-3.5,-169.5,0.56,-166.01,5.05,-153.11,26.51,-156.44,39.48,-173.26,25.07,-190.09,11.15,-192.11,-0.02,-194.59,-13.5,-200.67,-23.36,-211.84,-28,-223,-17.39,-230.49,-33.63,-244.13,-33.94,-263.57,-34.25,-282.99,-39.9,-283,-48.82,-270.44,-57.73,-257.88,-77.3,-251.36,-90.02,-233.22,-102.74,-215.07,-117.68,-194.19,-133.49,-175.92,-131.3,-199.27,-138.26,-194.48,-148.49,-171.05,-158.72,-147.61,-155.09,-140.51,-169.32,-128.25,-175.53,-113.75,-175.53,-98.02,-175.52,-82.29,-175.53,-54.94,-171.77,-36,-88.83,-192.39,-138.34,-142.75,-81.01,-214.71,-159.97,-109.32,-50.36,-228.8,-116.62,-158.89,-108.33,-181.87,-66.29,-232.55,17.97,-171.84,-147.51,-124.51,-129.42,-135.02,-148.04,-106.22,-89.37,-174.9,-19.91,-189.29,-158.95,-98.1,-141.77,-156.11,-103.51,-161.95,-48.45,-249.51,-98.01,-195.53,-37.35,-217.39,-164.54,-75.04,-117.81,-171.18,-127.12,-154.17,-60.02,-244.02],"path":"Folder 11 Copy 10","weights":[1,29,1,1,29,1,1,29,1,1,29,1,1,29,1,1,29,1,1,29,1,1,29,1,1,29,1,1,29,1,1,29,1,1,29,1,2,18,0.04034,29,0.95966,2,18,0.09458,29,0.90542,2,18,0.44337,29,0.55663,2,18,0.96542,29,0.03458,2,18,0.98646,29,0.01354,1,18,1,1,18,1,1,18,1,1,18,1,1,18,1,1,18,1,1,18,1,1,18,1,1,18,1,1,18,1,1,18,1,1,18,1,1,18,1,1,18,1,2,18,0.9897,29,0.0103,2,18,0.92054,29,0.07946,2,18,0.96982,29,0.03018,2,18,0.96795,29,0.03205,2,18,0.87215,29,0.12785,2,18,0.46868,29,0.53132,2,18,0.012,29,0.988,1,29,1,1,29,1,1,29,1,1,29,1,1,29,1,1,29,1,1,29,1,1,29,1,1,29,1,1,29,1,1,29,1,1,29,1,1,29,1,1,29,1,1,29,1,1,29,1,1,29,1,1,29,1,1,29,1,2,18,0.53895,29,0.46105,1,29,1,1,29,1,1,29,1,1,18,1,1,29,1,1,29,1,1,29,1,1,29,1,2,18,0.99957,29,0.00043,1,29,1,1,29,1,1,29,1,2,18,0.67849,29,0.32151,1,29,1,2,18,0.9502,29,0.0498,1,29,1,1,29,1,1,29,1,2,18,0.14607,29,0.85393],"triangles":[61,22,23,24,61,23,25,61,24,61,21,22,25,19,61,19,20,61,20,21,61,26,19,25,18,19,26,66,18,26,27,66,26,66,17,18,66,16,17,28,66,27,28,15,66,31,29,30,15,16,66,29,72,28,72,15,28,72,14,15,33,34,32,70,31,32,31,57,29,57,72,29,70,57,31,34,35,32,35,70,32,35,36,70,57,14,72,76,60,57,12,14,57,60,12,57,76,57,70,36,76,70,12,13,14,37,76,36,60,55,12,37,60,76,55,11,12,10,65,9,37,38,60,38,55,60,53,10,11,65,8,9,53,65,10,55,53,11,71,53,55,38,39,55,39,71,55,65,69,8,59,65,53,71,59,53,59,69,65,69,7,8,59,74,69,39,40,71,40,59,71,69,58,7,58,6,7,74,58,69,58,75,6,40,74,59,40,41,74,63,5,6,75,63,6,43,41,42,41,75,74,74,75,58,41,68,75,54,63,75,63,62,5,62,4,5,68,54,75,44,68,41,54,62,63,43,44,41,64,3,4,62,64,4,45,46,68,68,46,54,46,62,54,73,1,2,67,2,3,44,45,68,56,64,62,64,67,3,46,47,62,47,56,62,56,67,64,50,73,67,67,73,2,51,0,1,73,51,1,47,48,56,49,50,67,56,49,67,51,52,0,48,49,56,50,51,73],"type":"mesh","transform":{},"userEdges":[],"uvs":[0.0332,1,0.07056,0.90838,0.10792,0.81675,0.15447,0.75816,0.20102,0.69957,0.24757,0.64099,0.29413,0.5824,0.34394,0.55065,0.39375,0.51891,0.49338,0.45542,0.48911,0.38668,0.48485,0.31794,0.51452,0.29681,0.51654,0.34905,0.57724,0.315,0.64401,0.37136,0.64432,0.39493,0.73672,0.46185,0.7637,0.44835,0.80011,0.4595,0.819,0.47359,0.83991,0.52584,0.93972,0.51233,1,0.44424,0.93297,0.37614,0.86823,0.36792,0.8163,0.35794,0.75358,0.33329,0.70772,0.28808,0.68614,0.24288,0.7355,0.21253,0.65996,0.15735,0.65853,0.07867,0.6571,0,0.6308,0,0.58932,0.05082,0.54785,0.10165,0.4568,0.12807,0.39766,0.20154,0.33851,0.27501,0.26905,0.35954,0.19554,0.43351,0.20565,0.33899,0.17328,0.35837,0.12574,0.45325,0.07819,0.54813,0.09505,0.57689,0.02886,0.62652,0,0.68522,0,0.74892,0,0.81261,0,0.92336,0.01751,1,0.40321,0.36683,0.17296,0.5678,0.43959,0.2765,0.07239,0.70317,0.58214,0.21941,0.27396,0.50249,0.31251,0.40945,0.50802,0.20422,0.89997,0.45002,0.13034,0.64168,0.21446,0.59912,0.12788,0.71571,0.40071,0.43765,0.72376,0.3794,0.07711,0.7486,0.15699,0.51376,0.33495,0.49007,0.59102,0.13555,0.36052,0.35413,0.64265,0.26563,0.05112,0.84194,0.26843,0.4527,0.22513,0.52161,0.53716,0.15778],"width":215,"edges":[48,49,49,50,50,51,51,52,52,0,0,1,1,2,2,3,3,4,4,5,5,6,6,7,7,8,8,9,9,10,10,11,11,12,12,13,13,14,14,15,15,16,16,17,17,18,18,19,19,20,20,21,21,22,22,23,23,24,24,25,25,26,26,27,27,28,28,29,29,30,30,31,31,32,32,33,33,34,34,35,35,36,36,37,37,38,38,39,39,40,40,41,41,42,42,43,43,44,44,45,45,46,46,47,47,48],"height":247,"name":"Folder 11 Copy 10","bonePose":[29,-0.5211585966218442,0.8534598509403649,-0.8534598509403649,-0.5211585966218442,-51.62054431479205,-238.1693960752246,18,-0.6794413042615166,-0.7337298645028764,0.7337298645028764,-0.6794413042615166,14.900000000000002,-166.79000000000002]}],"name":"Folder 11 Copy 10"},{"display":[{"slotPose":[1,0,0,1,0,0],"vertices":[54.48,-156.56,60.03,-177.72,72.42,-184.95,84.8,-192.17,100.28,-207.91,110.34,-224.68,120.4,-241.45,125.04,-257.96,127.88,-287,134.85,-287.01,143.88,-277.31,150.06,-262.87,163.93,-239.58,179.95,-225.61,192.73,-224.29,197.59,-217.39,199.2,-226.94,214.9,-221,230.48,-202.77,236.66,-190.57,233.42,-184.4,246.58,-168.87,253.86,-154.39,261.13,-139.91,265.92,-123.44,270.7,-106.97,276.07,-88,281.43,-69.04,284.48,-44.79,284.48,-13.48,284.48,-9.01,273.06,-9.01,266.3,-39.35,253.43,-58.94,240.56,-78.52,224.39,-97.48,208.22,-116.45,196.28,-126.03,184.33,-135.62,172.39,-145.22,160.44,-154.81,171.18,-177.74,160.79,-183.05,164.32,-190.99,163.88,-197.01,145.8,-208.19,133.44,-197.08,121.08,-185.99,112.04,-174.23,103,-162.47,95.95,-135.42,75.95,-132.77,54.47,-147.18,207.15,-183.8,239.37,-152.08,237.51,-119.81,218.3,-148.47,188.27,-160.1,135.94,-239.1,251.35,-88.53,75.54,-157.74,181.78,-193.23,123.9,-214.93,252.02,-121.46,96.95,-181.26,225.16,-163.87,206.23,-145.55,222.32,-129.98,157.89,-221.91,189.33,-182.09,197.97,-195.52,262.24,-81.64,213.64,-200.86,241.13,-101.17,89.49,-153.92,213.09,-164.37,269.55,-58.73],"path":"Folder 11 Copy 5","weights":[1,20,1,1,20,1,1,20,1,1,20,1,1,20,1,1,20,1,1,20,1,1,20,1,1,20,1,1,20,1,1,20,1,2,20,0.99372,31,0.00628,2,20,0.3767,31,0.6233,2,20,0.01015,31,0.98985,1,31,1,1,31,1,1,31,1,1,31,1,1,31,1,1,31,1,1,31,1,1,31,1,1,31,1,1,31,1,1,31,1,1,31,1,1,31,1,1,31,1,1,31,1,1,31,1,1,31,1,1,31,1,1,31,1,1,31,1,1,31,1,1,31,1,1,31,1,1,31,1,1,31,1,1,31,1,1,31,1,1,31,1,2,20,0.00001,31,0.99999,1,31,1,1,31,1,2,20,0.22744,31,0.77256,2,20,0.90418,31,0.09582,2,20,0.99878,31,0.00122,1,20,1,1,20,1,1,20,1,1,20,1,1,20,1,1,31,1,1,31,1,1,31,1,1,31,1,1,31,1,1,20,1,1,31,1,1,20,1,1,31,1,1,20,1,1,31,1,1,20,1,1,31,1,1,31,1,1,31,1,2,20,0.01896,31,0.98104,1,31,1,1,31,1,1,31,1,1,31,1,1,31,1,1,20,1,1,31,1,1,31,1],"triangles":[32,31,29,27,76,28,76,32,28,32,29,28,29,31,30,26,71,27,71,76,27,59,71,25,25,71,26,33,32,76,71,33,76,73,59,25,63,73,25,24,63,25,23,63,24,34,33,71,59,34,71,22,54,23,54,63,23,55,73,63,54,55,63,21,54,22,67,55,54,73,34,59,35,34,73,65,54,21,20,65,21,56,67,54,55,35,73,65,56,54,36,35,55,67,36,55,18,20,19,53,75,65,53,65,20,18,72,20,72,53,20,17,72,18,56,66,67,75,56,65,37,36,67,66,37,67,15,72,17,75,66,56,70,53,72,15,70,72,16,15,17,57,66,75,53,69,75,69,57,75,38,37,66,70,69,53,57,38,66,61,69,70,13,61,15,61,70,15,14,13,15,39,38,57,13,44,61,41,57,69,61,41,69,40,39,57,41,40,57,68,44,13,43,41,61,44,43,61,12,68,13,43,42,41,68,45,44,58,68,12,11,58,12,58,45,68,58,62,45,10,7,11,7,58,11,62,46,45,9,8,10,8,7,10,6,5,62,7,6,58,6,62,58,62,47,46,4,47,62,5,4,62,64,48,47,4,64,47,74,50,49,64,49,48,3,64,4,64,74,49,60,74,64,74,51,50,3,2,64,2,60,64,60,51,74,2,1,60,1,0,60,0,52,60,60,52,51],"type":"mesh","transform":{},"userEdges":[],"uvs":[0,0.46918,0.02417,0.39308,0.07802,0.3671,0.13186,0.34111,0.19916,0.2845,0.24291,0.22418,0.28666,0.16385,0.30685,0.10446,0.31919,0,0.34948,0,0.38874,0.03485,0.41561,0.08681,0.47591,0.17059,0.54557,0.22082,0.60118,0.22558,0.62227,0.25043,0.6293,0.21606,0.69754,0.23745,0.76528,0.30301,0.79213,0.3469,0.77807,0.36911,0.83526,0.42497,0.8669,0.47705,0.89854,0.52914,0.91934,0.58838,0.94013,0.64763,0.96346,0.71584,0.98679,0.78405,1,0.8713,1,0.98393,1,1,0.95036,1,0.92096,0.89087,0.86502,0.82041,0.80909,0.74996,0.73878,0.68175,0.66848,0.61354,0.61655,0.57904,0.56462,0.54453,0.51269,0.51003,0.46076,0.47553,0.50742,0.39304,0.46229,0.37394,0.47763,0.34538,0.47571,0.3237,0.3971,0.28352,0.34335,0.32344,0.28959,0.36336,0.25029,0.40566,0.21098,0.44796,0.1803,0.54526,0.09338,0.55478,0,0.50296,0.66384,0.37123,0.8039,0.48535,0.79582,0.60142,0.71232,0.49835,0.58179,0.4565,0.35422,0.17229,0.85597,0.71396,0.09159,0.46494,0.55353,0.3373,0.30188,0.25927,0.8589,0.5955,0.18468,0.38038,0.74212,0.44294,0.65984,0.50884,0.72978,0.56486,0.44966,0.23415,0.58632,0.37738,0.62393,0.32908,0.90334,0.73874,0.69205,0.30989,0.81159,0.66849,0.15226,0.47872,0.68965,0.44116,0.93514,0.82116],"width":230,"edges":[0,52,52,51,51,50,50,49,49,48,48,47,47,46,46,45,45,44,44,43,43,42,42,41,41,40,40,39,39,38,38,37,37,36,36,35,35,34,34,33,33,32,32,31,31,30,30,29,29,28,28,27,27,26,26,25,25,24,24,23,23,22,22,21,21,20,20,19,19,18,18,17,17,16,16,15,15,14,14,13,13,12,12,11,11,10,10,9,9,8,8,7,7,6,6,5,5,4,4,3,3,2,2,1,1,0],"height":278,"name":"Folder 11 Copy 5","bonePose":[20,0.6257873471312387,-0.7799937154685584,0.7799937154685584,0.6257873471312387,75.92,-151.27,31,0.5375939747589334,0.8432038414896432,-0.8432038414896432,0.5375939747589334,140.64665630387,-230.76407313580484]}],"name":"Folder 11 Copy 5"},{"display":[{"slotPose":[1,0,0,1,0,0],"vertices":[-7.46,-282.66,-5.23,-278.96,-3.01,-275.26,1.44,-267.85,5.89,-260.44,10.35,-253.03,13.79,-253.04,21.13,-254.91,28.45,-256.78,35.77,-258.66,43.1,-260.53,47.72,-266.07,49.49,-270.03,49.47,-276.28,49.47,-282.52,48.56,-286.81,47.65,-291.1,42.44,-287.66,37.24,-284.23,34.08,-277.38,33.89,-271.39,26.3,-270.61,18.71,-269.84,15.46,-276.11,12.21,-282.39,9.57,-289.63,6.33,-291.03,-1.06,-290.51,-6.71,-287.39,-7.54,-284.7,0.86,-284.51,16.81,-260.74,28.19,-263.86,40.83,-277.11,6.93,-273.63,9.99,-266.53,36.26,-263.74,1.95,-279.71,29.25,-267.21,44.79,-285.95,21.81,-258.6,42.93,-270.78,20.79,-264.47,14.95,-256.8,42.65,-280.58,4.98,-286.28,7.06,-280.44,11.27,-271.43,38.01,-267.83,5.32,-270.95,12.56,-262.43,9.15,-277.28,7.02,-265.63,37.95,-272.9],"path":"Layer 1 Copy 3","weights":[1,33,1,1,33,1,1,33,1,1,33,1,1,33,1,1,33,1,2,33,0.98417,37,0.01583,2,33,0.29933,37,0.70067,2,33,0.00877,37,0.99123,1,37,1,1,37,1,1,37,1,1,37,1,1,37,1,1,37,1,1,37,1,1,37,1,1,37,1,1,37,1,1,37,1,1,37,1,2,33,0.00304,37,0.99696,2,33,0.33741,37,0.66259,2,33,0.89847,37,0.10153,2,33,0.99609,37,0.00391,1,33,1,1,33,1,1,33,1,1,33,1,1,33,1,1,33,1,2,33,0.05099,37,0.94901,1,37,1,1,37,1,2,33,0.99824,37,0.00176,2,33,0.99273,37,0.00727,1,37,1,1,33,1,1,37,1,1,37,1,2,33,0.10959,37,0.89041,1,37,1,2,33,0.01792,37,0.98208,2,33,0.91091,37,0.08909,1,37,1,1,33,1,2,33,0.99962,37,0.00038,2,33,0.92498,37,0.07502,1,37,1,1,33,1,2,33,0.83171,37,0.16829,2,33,0.99024,37,0.00976,1,33,1,1,37,1],"triangles":[33,41,13,44,33,13,15,39,14,39,44,14,44,13,14,13,41,12,41,11,12,41,10,11,39,15,16,17,39,16,48,36,10,17,18,44,48,10,41,17,44,39,36,9,10,33,53,41,53,48,41,18,33,44,18,19,33,19,53,33,19,20,53,53,20,48,20,36,48,20,38,36,32,9,36,38,32,36,32,8,9,21,38,20,21,32,38,32,40,8,40,7,8,21,42,32,42,40,32,22,42,21,31,43,40,40,43,7,43,6,7,31,40,42,22,31,42,35,50,22,47,35,22,23,47,22,50,31,22,50,43,31,24,51,23,51,47,23,5,6,43,50,5,43,4,5,50,51,34,47,25,45,24,45,46,24,46,51,24,35,52,50,52,4,50,49,35,47,34,49,47,49,52,35,26,45,25,46,34,51,30,37,45,45,37,46,49,3,52,3,4,52,46,37,34,37,49,34,37,2,49,27,45,26,2,3,49,27,30,45,30,1,37,1,2,37,27,28,30,0,1,30,29,0,30,28,29,30],"type":"mesh","transform":{},"userEdges":[],"uvs":[0.00121,0.21936,0.04015,0.31694,0.07909,0.41452,0.15697,0.60968,0.23485,0.80484,0.31272,1,0.37325,1,0.50187,0.95101,0.63048,0.90202,0.7591,0.85303,0.88772,0.80404,0.96882,0.65878,1,0.55436,1,0.39004,1,0.22571,0.98421,0.11285,0.96841,0,0.87702,0.09016,0.78563,0.18031,0.72994,0.36008,0.72631,0.51805,0.59316,0.53802,0.46,0.55799,0.40311,0.39276,0.34621,0.22752,0.30021,0.03687,0.24332,0,0.11379,0.01326,0.01453,0.09497,0,0.16579,0.14734,0.17138,0.42649,0.7975,0.6261,0.71582,0.84838,0.3677,0.25341,0.45791,0.30688,0.6449,0.76772,0.71942,0.16623,0.2976,0.64497,0.62777,0.91801,0.13534,0.51402,0.85391,0.88502,0.53448,0.49642,0.69963,0.3936,0.90122,0.88032,0.2765,0.21972,0.12461,0.256,0.27863,0.3296,0.51605,0.79857,0.6117,0.22509,0.52829,0.35188,0.75279,0.29245,0.36177,0.25481,0.66818,0.79768,0.47839],"width":57,"edges":[29,0,0,1,1,2,2,3,3,4,4,5,5,6,6,7,7,8,8,9,9,10,10,11,11,12,12,13,13,14,14,15,15,16,16,17,17,18,18,19,19,20,20,21,21,22,22,23,23,24,24,25,25,26,26,27,27,28,28,29],"height":38,"name":"Layer 1 Copy 3","bonePose":[33,0.47608472676740266,0.8793994160441587,-0.8793994160441587,0.47608472676740266,0.21081123450583483,-283.9859384270236,37,0.9773051109044184,-0.2118365412295573,0.2118365412295573,0.9773051109044184,13.072104395279665,-260.4392605672356]}],"name":"Layer 1 Copy 3"},{"display":[{"slotPose":[1,0,0,1,0,0],"vertices":[86.47,-166.79,92.16,-186.69,110.39,-199.34,121.04,-209.01,131.71,-218.67,141.57,-234.85,151.43,-251.04,157.38,-265.17,158.03,-282.09,158.68,-299,162.78,-299,174.3,-291.58,178.21,-276.7,192.53,-253.08,209.28,-238.95,223.41,-235.04,230.1,-227.42,230.48,-240.25,243.59,-231.5,254.48,-220.9,265.36,-210.3,270.38,-201.93,263.49,-198.58,277.63,-182.58,288.93,-160.16,300.23,-137.74,307.03,-108.72,313.81,-79.71,315.14,-61.11,316.47,-42.5,316.47,-20.99,307.48,-20.99,296.69,-49.02,282.37,-73.11,268.06,-97.19,257.87,-108.31,247.69,-119.42,237.51,-130.54,227.32,-141.64,211.05,-156.16,194.77,-170.67,203.12,-190.92,194.2,-196.13,197.18,-202.08,197.17,-205.8,174.67,-219.94,164.28,-207.75,153.89,-195.57,143.5,-183.39,133.11,-171.2,132.73,-163.21,127.15,-144.05,108.55,-148.89,89.95,-153.72,86.47,-164.88,228.6,-181.46,272.8,-132.76,290.33,-99.4,252.9,-159.47,241.02,-199.97,107.29,-168.73,152.92,-221.37,275.95,-153.13,167.86,-247.87,216.27,-210.2,127.28,-190.71,287.67,-115.22,237.1,-160.6,252.32,-144.49,197.98,-225.59,250.15,-180.45,299.66,-72.43,265.68,-121.77,215.14,-178.32,248.72,-213.56,181.99,-240.51,141.86,-201.94,264.03,-174.84,179.48,-254.85,162.12,-231.9,222.38,-198.04,285.09,-85.54,223.84,-163.64,285.12,-139.8,299.18,-89.16,114.04,-183.34,233.66,-213.42],"path":"Folder 11 Copy 6","weights":[1,16,1,1,16,1,1,16,1,1,16,1,1,16,1,1,16,1,1,16,1,1,16,1,1,16,1,1,16,1,1,16,1,2,16,0.99889,25,0.00111,2,16,0.95094,25,0.04906,2,16,0.23579,25,0.76421,1,25,1,1,25,1,1,25,1,1,25,1,1,25,1,1,25,1,1,25,1,1,25,1,1,25,1,1,25,1,1,25,1,1,25,1,1,25,1,1,25,1,1,25,1,1,25,1,1,25,1,1,25,1,1,25,1,1,25,1,1,25,1,1,25,1,1,25,1,1,25,1,1,25,1,1,25,1,1,25,1,1,25,1,1,25,1,1,25,1,1,25,1,2,16,0.29129,25,0.70871,2,16,0.93663,25,0.06337,1,16,1,1,16,1,1,16,1,1,16,1,1,16,1,1,16,1,1,16,1,1,16,1,1,25,1,1,25,1,1,25,1,1,25,1,1,25,1,1,16,1,1,16,1,1,25,1,1,16,1,1,25,1,1,16,1,1,25,1,1,25,1,1,25,1,1,25,1,1,25,1,1,25,1,1,25,1,1,25,1,1,25,1,2,16,0.03412,25,0.96588,1,16,1,1,25,1,2,16,0.61478,25,0.38522,1,16,1,1,25,1,1,25,1,1,25,1,1,25,1,1,25,1,1,16,1,1,25,1],"triangles":[26,84,27,27,71,28,28,32,29,31,30,29,32,31,29,25,66,26,71,32,28,84,71,27,57,84,26,66,57,26,33,32,71,81,33,71,81,71,84,24,83,25,83,66,25,57,81,84,83,56,66,23,77,24,77,62,24,62,83,24,66,34,57,34,81,57,56,72,66,72,34,66,62,56,83,34,33,81,72,35,34,77,58,62,68,56,62,22,77,23,58,68,62,70,77,22,68,72,56,20,22,21,68,36,72,36,35,72,74,22,20,19,74,20,70,58,77,59,70,22,74,59,22,37,36,68,67,68,58,70,67,58,18,74,19,67,38,68,38,37,68,18,86,74,59,55,70,55,67,70,16,86,18,86,59,74,55,82,67,80,55,59,17,16,18,86,80,59,82,38,67,82,39,38,16,64,86,64,80,86,73,82,55,80,73,55,15,64,16,14,69,64,14,64,15,41,73,80,73,39,82,64,41,80,40,39,73,43,41,64,44,43,64,69,44,64,41,40,73,75,69,14,13,75,14,43,42,41,12,78,13,75,45,69,69,45,44,78,75,13,12,7,78,79,45,75,63,79,75,78,63,75,11,8,12,7,63,78,8,7,12,61,46,45,79,61,45,10,8,11,9,8,10,6,79,63,7,6,63,6,5,79,76,47,46,61,76,46,5,61,79,4,76,61,76,48,47,5,4,61,76,65,48,65,49,48,4,3,76,3,65,76,52,51,50,60,52,50,60,50,49,85,60,49,65,85,49,3,2,65,2,85,65,2,1,85,1,60,85,60,53,52,54,53,60,1,0,60,0,54,60],"type":"mesh","transform":{},"userEdges":[],"uvs":[0,0.47557,0.02473,0.40398,0.10398,0.35848,0.15032,0.32371,0.19667,0.28894,0.23953,0.23073,0.28239,0.17252,0.30827,0.12167,0.3111,0.06084,0.31393,0,0.33172,0,0.38186,0.02666,0.39884,0.08019,0.46111,0.16516,0.53389,0.21601,0.59535,0.23006,0.62447,0.25749,0.62608,0.21132,0.68311,0.24277,0.73042,0.28091,0.77773,0.31905,0.79956,0.34915,0.76964,0.3612,0.8311,0.41874,0.88025,0.49939,0.9294,0.58004,0.95891,0.68442,0.98843,0.78879,0.99421,0.8557,1,0.9226,1,1,0.96093,1,0.91403,0.89919,0.85176,0.81254,0.78949,0.7259,0.74521,0.68592,0.70094,0.64594,0.65666,0.60597,0.61239,0.56599,0.54163,0.5138,0.47087,0.46162,0.50716,0.38875,0.46834,0.37002,0.48128,0.34861,0.48128,0.33523,0.38343,0.28438,0.33826,0.32821,0.2931,0.37203,0.24793,0.41586,0.20277,0.45969,0.20115,0.48846,0.17689,0.55738,0.09602,0.53998,0.01515,0.52258,0,0.48244,0.61791,0.4228,0.81011,0.59798,0.88632,0.71797,0.72357,0.5019,0.67193,0.35621,0.0905,0.4686,0.28888,0.27922,0.82381,0.52473,0.35385,0.18389,0.56429,0.31939,0.17739,0.38951,0.87479,0.66107,0.65488,0.49782,0.72109,0.55579,0.48477,0.26406,0.71162,0.42643,0.92688,0.81499,0.77919,0.63749,0.55942,0.43409,0.70542,0.30733,0.41525,0.21038,0.24079,0.34911,0.77195,0.4466,0.40434,0.15878,0.32892,0.24136,0.59091,0.36313,0.86358,0.76782,0.59723,0.48689,0.86368,0.57265,0.92483,0.75479,0.11987,0.41605,0.63995,0.30783],"width":230,"edges":[0,54,54,53,53,52,52,51,51,50,50,49,49,48,48,47,47,46,46,45,45,44,44,43,43,42,42,41,41,40,40,39,39,38,38,37,37,36,36,35,35,34,34,33,33,32,32,31,31,30,30,29,29,28,28,27,27,26,26,25,25,24,24,23,23,22,22,21,21,20,20,19,19,18,18,17,17,16,16,15,15,14,14,13,13,12,12,11,11,10,10,9,9,8,8,7,7,6,6,5,5,4,4,3,3,2,2,1,1,0],"height":278,"name":"Folder 11 Copy 6","bonePose":[16,0.5945421515397131,-0.8040644439611347,0.8040644439611347,0.5945421515397131,108.25,-157.68,25,0.5475632234925504,0.8367643134589615,-0.8367643134589615,0.5475632234925504,170.1238404925957,-240.50096571941685]}],"name":"Folder 11 Copy 6"}]}],"slot":[{"name":"Layer 35","parent":"shadow","color":{}},{"z":1,"name":"Folder 11 Copy 11","parent":"root","color":{}},{"z":2,"name":"Folder 11 Copy 10","parent":"root","color":{}},{"z":3,"name":"Folder 11 Copy 9","parent":"root","color":{}},{"z":4,"name":"Folder 11 Copy 8","parent":"Leg Left 1","color":{}},{"z":5,"name":"Folder 11 Copy 4","parent":"body","color":{}},{"z":6,"name":"Folder 11 Copy 3","parent":"Wing Left","color":{}},{"z":7,"name":"Folder 11 Copy 2","parent":"Wing Right","color":{}},{"z":8,"name":"Folder 11 Copy 7","parent":"root","color":{}},{"z":9,"name":"Layer 1 Copy 2","parent":"Arm Left","color":{}},{"z":10,"name":"Layer 36","parent":"body","color":{}},{"z":11,"name":"Layer 1 Copy 3","parent":"Arm Right","color":{}},{"z":12,"name":"Folder 11 Copy 6","parent":"root","color":{}},{"z":13,"name":"Folder 11 Copy 5","parent":"root","color":{}},{"z":14,"name":"Folder 11 Copy","parent":"root","color":{}}],"name":"Insectqueen","bone":[{"transform":{},"name":"root"},{"transform":{"y":-223.34,"x":-18.77},"name":"Mid","parent":"root"},{"transform":{"y":-323.98,"x":-93.1},"name":"LwingIK","parent":"root"},{"transform":{"y":-16.8,"x":277.98},"name":"RLEG2IK","parent":"root"},{"transform":{"y":-270.33,"x":-67.66},"name":"ArmLeftIK","parent":"root"},{"transform":{"y":-23.86,"x":35.99},"name":"shadow","parent":"root"},{"transform":{"y":-347.98,"x":153.17},"name":"RwingIK","parent":"root"},{"transform":{"y":-266.1,"x":39.17},"name":"ArmRightIK","parent":"root"},{"transform":{"y":-38.52,"x":327.71},"name":"RLEG4IK","parent":"root"},{"transform":{"y":-4.5,"x":230.83},"name":"RLEG1IK","parent":"root"},{"transform":{"y":-36.81,"x":-230.45},"name":"LLEG1","parent":"root"},{"transform":{"y":-41.61,"x":-198.4},"name":"LLEG2IK","parent":"root"},{"transform":{"y":-45.16,"x":-169.46},"name":"LLEG3IK","parent":"root"},{"transform":{"y":-47.71,"x":-131.12},"name":"LLEGIK4","parent":"root"},{"transform":{"y":-26.46,"x":309.51},"name":"RLEG3IK","parent":"root"},{"length":78,"transform":{"skX":-131.62,"skY":-131.62,"y":55.79,"x":-43.79},"parent":"Mid","name":"Leg Left 1"},{"length":103,"transform":{"skX":-53.52,"skY":-53.52,"y":65.66,"x":127.02},"parent":"Mid","name":"Mid2"},{"length":109,"transform":{"skX":-46.49,"skY":-46.49,"y":79.54,"x":39.76},"parent":"Mid","name":"Leg Right1"},{"length":97,"transform":{"skX":-132.8,"skY":-132.8,"y":56.55,"x":33.67},"parent":"Mid","name":"leg left 3"},{"length":27,"transform":{"skX":-75.63,"skY":-75.63,"y":-4.4,"x":-5.87},"parent":"Mid","name":"body"},{"length":103,"transform":{"skX":-51.26,"skY":-51.26,"y":72.07,"x":94.69},"parent":"Mid","name":"rleg 2"},{"length":92,"transform":{"skX":-131.74,"skY":-131.74,"y":50.71,"x":-0.99},"parent":"Mid","name":"legt left 2"},{"length":95,"transform":{"skX":-136.54,"skY":-136.54,"y":58.86,"x":72.38},"parent":"Mid","name":"leg left 4"},{"length":100,"transform":{"skX":-54.83,"skY":-54.83,"y":45.44,"x":150.53},"parent":"Mid","name":"Mid10"},{"length":219,"transform":{"skX":-106.69,"skY":-106.69,"y":-0.19,"x":78.32},"parent":"Leg Left 1","name":"Mid4"},{"length":255,"transform":{"skX":110.32,"skY":110.32,"y":0.51,"x":103.38},"parent":"Mid2","name":"Mid9"},{"length":231,"transform":{"skX":-107.84,"skY":-107.84,"y":-0.35,"x":91.95},"parent":"legt left 2","name":"Mid5"},{"length":23,"transform":{"skX":-8.5,"skY":-8.5,"y":-0.11,"x":27.65},"parent":"body","name":"uppertop"},{"length":256,"transform":{"skX":105.02,"skY":105.02,"x":109.98},"parent":"Leg Right1","name":"Mid7"},{"length":226,"transform":{"skX":-105.79,"skY":-105.79,"y":-0.31,"x":97.57},"parent":"leg left 3","name":"Mid3"},{"length":216,"transform":{"skX":-101.12,"skY":-101.12,"y":-0.02,"x":94.59},"parent":"leg left 4","name":"Mid6"},{"length":254,"transform":{"skX":108.74,"skY":108.74,"y":0.74,"x":102.51},"parent":"rleg 2","name":"Mid8"},{"length":262,"transform":{"skX":112.62,"skY":112.62,"x":100.02},"parent":"Mid10","name":"Mid11"},{"length":27,"transform":{"skX":145.7,"skY":145.7,"y":14.99,"x":31.13},"parent":"uppertop","name":"Arm Right"},{"length":84,"transform":{"skX":-59.26,"skY":-59.26,"y":-9.12,"x":18.33},"parent":"uppertop","name":"Wing Left"},{"length":34,"transform":{"skX":-136.71,"skY":-136.71,"y":-6.83,"x":23.84},"parent":"uppertop","name":"Arm Left"},{"length":179,"transform":{"skX":59.55,"skY":59.55,"y":5.02,"x":20.07},"parent":"uppertop","name":"Wing Right"},{"length":26,"transform":{"skX":-73.8,"skY":-73.8,"y":-0.1,"x":26.83},"parent":"Arm Right","name":"uppertop3"},{"length":23,"transform":{"skX":75.4,"skY":75.4,"x":34},"parent":"Arm Left","name":"uppertop4"}]}],"isGlobal":0,"name":"Insectqueen","version":"5.0"}