{"width":256,"imagePath":"SlimeAttacker_tex.png","height":128,"name":"SlimeAttacker","SubTexture":[{"frameY":-1,"y":64,"frameWidth":59,"frameX":-1,"frameHeight":20,"width":57,"height":18,"name":"Shadow","x":1},{"width":131,"y":1,"height":61,"name":"Cape","x":1},{"width":56,"y":61,"height":58,"name":"ShoulderL","x":134},{"width":37,"y":1,"height":27,"name":"ShoulderR","x":218},{"width":82,"y":1,"height":58,"name":"Slime","x":134},{"width":17,"y":84,"height":19,"name":"Grip","x":1},{"width":26,"y":64,"height":35,"name":"HiltA","x":60},{"width":21,"y":30,"height":25,"name":"HiltB","x":218},{"width":60,"y":61,"height":50,"name":"Blade","x":192}]}