{"SubTexture":[{"frameX":-1,"y":993,"frameY":-1,"frameWidth":302,"width":300,"frameHeight":24,"height":22,"name":"Layer 2","x":712},{"width":117,"y":1,"height":125,"name":"Head Flame","x":851},{"width":262,"y":753,"height":158,"name":"Tail","x":1},{"width":74,"y":913,"height":94,"name":"left Leg","x":177},{"width":104,"y":128,"height":138,"name":"right foot","x":851},{"frameX":-1,"y":913,"frameY":-1,"frameWidth":176,"width":174,"frameHeight":101,"height":99,"name":"Left Leg Top","x":1},{"width":381,"y":1,"height":421,"name":"Right Wing","x":1},{"width":337,"y":424,"height":327,"name":"left Wing","x":1},{"frameX":-1,"y":911,"frameY":-1,"frameWidth":96,"width":94,"frameHeight":57,"height":55,"name":"Left Shoulder Wing","x":818},{"frameX":-1,"y":753,"frameY":-1,"frameWidth":176,"width":174,"frameHeight":221,"height":219,"name":"Left ARm","x":265},{"frameX":-1,"y":898,"frameY":-1,"frameWidth":192,"width":190,"frameHeight":79,"height":77,"name":"Right Shoulder Wing","x":441},{"width":120,"y":753,"height":156,"name":"chest","x":729},{"frameX":-1,"y":268,"frameY":-1,"frameWidth":71,"width":69,"frameHeight":95,"height":93,"name":"Right Leg Top","x":851},{"frameX":-1,"y":753,"frameY":-1,"frameWidth":142,"width":140,"frameHeight":144,"height":142,"name":"Head Bottom","x":587},{"frameX":-1,"y":753,"frameY":-1,"frameWidth":146,"width":144,"frameHeight":145,"height":143,"name":"Head Top","x":441},{"frameX":-1,"y":363,"frameY":-1,"frameWidth":82,"width":80,"frameHeight":59,"height":57,"name":"Right Shoulder","x":914},{"width":104,"y":911,"height":80,"name":"Right Claw","x":712},{"frameX":-1,"y":897,"frameY":-1,"frameWidth":79,"width":77,"frameHeight":114,"height":112,"name":"Left Claw","x":633}],"width":1024,"height":1024,"name":"DragonEmperorZalaras","imagePath":"Zalaras_tex.png"}