{"width":512,"SubTexture":[{"frameX":-1,"frameHeight":30,"y":444,"frameY":-1,"frameWidth":328,"width":326,"height":28,"name":"Ellipse 1","x":1},{"frameX":-1,"frameHeight":30,"y":414,"frameY":-1,"frameWidth":334,"width":332,"height":28,"name":"Ellipse 2","x":1},{"frameX":-1,"frameHeight":49,"y":353,"frameY":-1,"frameWidth":39,"width":37,"height":47,"name":"Layer 137","x":455},{"frameX":-1,"frameHeight":30,"y":228,"frameY":-1,"frameWidth":30,"width":28,"height":28,"name":"Layer 7 copy","x":466},{"frameX":-1,"frameHeight":46,"y":291,"frameY":-1,"frameWidth":35,"width":33,"height":44,"name":"Layer 138","x":463},{"frameX":-1,"frameHeight":42,"y":399,"frameY":-1,"frameWidth":63,"width":61,"height":40,"name":"Layer 139","x":335},{"frameX":-1,"frameHeight":113,"y":286,"frameY":-1,"frameWidth":138,"width":136,"height":111,"name":"Layer 140","x":264},{"frameX":-1,"frameHeight":37,"y":402,"frameY":-1,"frameWidth":45,"width":43,"height":35,"name":"Layer 141","x":455},{"frameX":-1,"frameHeight":73,"y":444,"frameY":-1,"frameWidth":130,"width":128,"height":71,"name":"Layer 142","x":329},{"width":213,"y":1,"height":157,"name":"Folder 4 copy 5","x":264},{"frameX":-1,"frameHeight":39,"y":399,"frameY":-1,"frameWidth":57,"width":55,"height":37,"name":"Layer 143","x":398},{"frameX":-1,"frameHeight":63,"y":228,"frameY":-1,"frameWidth":64,"width":62,"height":61,"name":"Layer 144","x":402},{"frameX":-1,"frameHeight":46,"y":353,"frameY":-1,"frameWidth":39,"width":37,"height":44,"name":"Layer 145","x":402},{"width":156,"y":474,"height":45,"name":"Layer 146","x":1},{"width":100,"y":160,"height":66,"name":"Layer 147","x":402},{"width":136,"y":160,"height":124,"name":"Layer 148","x":264},{"width":59,"y":291,"height":60,"name":"Layer 149","x":402},{"width":261,"y":1,"height":209,"name":"Layer 150","x":1},{"width":261,"y":212,"height":200,"name":"Layer 151","x":1}],"height":1024,"name":"QueenShaccad","imagePath":"QueenShaccad_tex.png"}