{"width":1024,"SubTexture":[{"frameX":-1,"frameHeight":62,"y":557,"frameY":-1,"frameWidth":743,"width":741,"height":60,"name":"Ellipse 1","x":1},{"width":107,"y":179,"height":124,"name":"Folder 7 Copy 8","x":832},{"width":274,"y":320,"height":235,"name":"Folder 7 Copy 7","x":519},{"width":179,"y":619,"height":158,"name":"Folder 7 Copy 12","x":183},{"width":180,"y":735,"height":158,"name":"Folder 7 Copy 11","x":1},{"width":179,"y":619,"height":158,"name":"Folder 7 Copy 10","x":364},{"width":516,"y":1,"height":415,"name":"Folder 7 Copy 3","x":1},{"width":190,"y":557,"height":176,"name":"Folder 7 Copy 9","x":744},{"width":189,"y":320,"height":176,"name":"Folder 7 Copy 5","x":795},{"width":189,"y":1,"height":176,"name":"Folder 7 Copy 6","x":832},{"width":75,"y":498,"height":150,"name":"Folder 7 Copy 4","x":936},{"width":311,"y":1,"height":317,"name":"Folder 7 Copy 2","x":519}],"height":1024,"name":"Karkinos","imagePath":"Karkinos_tex.png"}