{"frameRate":30,"isGlobal":0,"name":"Ilnoct","version":"5.0","armature":[{"animation":[{"ik":[],"frame":[],"ffd":[],"duration":30,"slot":[],"name":"Damage","bone":[{"frame":[{"duration":30,"transform":{}},{"duration":0,"transform":{}}],"name":"root"},{"frame":[{"duration":10,"curve":[0.25,0,0,1],"transform":{}},{"duration":20,"curve":[0.25,0,0.75,1],"transform":{"y":49.44,"x":38.92}},{"duration":0,"transform":{}}],"name":"Mid"},{"frame":[{"duration":30,"transform":{}},{"duration":0,"transform":{}}],"name":"mid body"},{"frame":[{"duration":30,"transform":{}},{"duration":0,"transform":{}}],"name":"upper body"},{"frame":[{"duration":30,"transform":{}},{"duration":0,"transform":{}}],"name":"neck"},{"frame":[{"duration":30,"transform":{}},{"duration":0,"transform":{}}],"name":"head"},{"frame":[{"duration":10,"curve":[0.25,0,0,1],"transform":{}},{"duration":20,"curve":[0.25,0,0.75,1],"transform":{"y":7.36,"x":24.2}},{"duration":0,"transform":{}}],"name":"arm right IK"},{"frame":[{"duration":30,"transform":{"skX":-1.79,"skY":-1.79}},{"duration":0,"transform":{"skX":-1.79,"skY":-1.79}}],"name":"arm left"},{"frame":[{"duration":30,"transform":{"skX":3,"skY":3}},{"duration":0,"transform":{"skX":3,"skY":3}}],"name":"upper body3"},{"frame":[{"duration":10,"curve":[0.25,0,0,1],"transform":{}},{"duration":20,"curve":[0.25,0,0.75,1],"transform":{"y":66.28,"x":-44.18}},{"duration":0,"transform":{}}],"name":"Chain Left Ik"},{"frame":[{"duration":30,"transform":{"skX":0.53,"skY":0.53}},{"duration":0,"transform":{"skX":0.53,"skY":0.53}}],"name":"left chain"},{"frame":[{"duration":30,"transform":{}},{"duration":0,"transform":{}}],"name":"Arm Right IK"},{"frame":[{"duration":30,"transform":{"skX":0.23,"skY":0.23}},{"duration":0,"transform":{"skX":0.23,"skY":0.23}}],"name":"arm right"},{"frame":[{"duration":30,"transform":{"skX":-0.4,"skY":-0.4}},{"duration":0,"transform":{"skX":-0.4,"skY":-0.4}}],"name":"upper body4"},{"frame":[{"duration":10,"curve":[0.25,0,0,1],"transform":{}},{"duration":20,"curve":[0.25,0,0.75,1],"transform":{"y":-4.21,"x":-55.76}},{"duration":0,"transform":{}}],"name":"chain Right IK"},{"frame":[{"duration":30,"transform":{"skX":0.27,"skY":0.27}},{"duration":0,"transform":{"skX":0.27,"skY":0.27}}],"name":"chain right"},{"frame":[{"duration":30,"transform":{}},{"duration":0,"transform":{}}],"name":"TailIK"},{"frame":[{"duration":30,"transform":{"skX":2.9,"skY":2.9}},{"duration":0,"transform":{"skX":2.9,"skY":2.9}}],"name":"Tail"},{"frame":[{"duration":30,"transform":{"skX":-4.85,"skY":-4.85}},{"duration":0,"transform":{"skX":-4.85,"skY":-4.85}}],"name":"Mid3"},{"frame":[{"duration":30,"transform":{}},{"duration":0,"transform":{}}],"name":"shadow"},{"frame":[{"duration":30,"transform":{}},{"duration":0,"transform":{}}],"name":"Wing Right IK"},{"frame":[{"duration":30,"transform":{"skX":-0.02,"skY":-0.02}},{"duration":0,"transform":{"skX":-0.02,"skY":-0.02}}],"name":"Wing Right"},{"frame":[{"duration":30,"transform":{}},{"duration":0,"transform":{}}],"name":"upper body5"},{"frame":[{"duration":30,"transform":{}},{"duration":0,"transform":{}}],"name":"Wing Left IK"},{"frame":[{"duration":30,"transform":{}},{"duration":0,"transform":{}}],"name":"wing left"},{"frame":[{"duration":30,"transform":{}},{"duration":0,"transform":{}}],"name":"upper body6"}]},{"ik":[],"frame":[],"ffd":[],"duration":40,"slot":[],"name":"Fist Smash","bone":[{"frame":[{"duration":40,"transform":{}},{"duration":0,"transform":{}}],"name":"root"},{"frame":[{"duration":10,"curve":[0.25,0,1,0.54],"transform":{}},{"duration":5,"curve":[0.25,0,0,1.01],"transform":{"y":-146.74,"x":185.64}},{"duration":16,"curve":[0.25,0,0.75,1],"transform":{"y":96.55,"x":-233.99}},{"duration":9,"curve":[0.25,0,0.75,1],"transform":{"y":-19.22,"x":111.95}},{"duration":0,"transform":{}}],"name":"Mid"},{"frame":[{"duration":40,"transform":{}},{"duration":0,"transform":{}}],"name":"mid body"},{"frame":[{"duration":40,"transform":{}},{"duration":0,"transform":{}}],"name":"upper body"},{"frame":[{"duration":40,"transform":{}},{"duration":0,"transform":{}}],"name":"neck"},{"frame":[{"duration":40,"transform":{}},{"duration":0,"transform":{}}],"name":"head"},{"frame":[{"duration":10,"curve":[0.25,0,1,0.54],"transform":{}},{"duration":5,"curve":[0.25,0,0,1.01],"transform":{"y":-412.83,"x":259.9}},{"duration":16,"curve":[0.25,0,0.75,1],"transform":{"y":85.98,"x":-186.41}},{"duration":9,"curve":[0.25,0,0.75,1],"transform":{"y":-47.5,"x":105.06}},{"duration":0,"transform":{}}],"name":"arm right IK"},{"frame":[{"duration":40,"transform":{"skX":-1.79,"skY":-1.79}},{"duration":0,"transform":{"skX":-1.79,"skY":-1.79}}],"name":"arm left"},{"frame":[{"duration":40,"transform":{"skX":3,"skY":3}},{"duration":0,"transform":{"skX":3,"skY":3}}],"name":"upper body3"},{"frame":[{"duration":40,"transform":{}},{"duration":0,"transform":{}}],"name":"Chain Left Ik"},{"frame":[{"duration":40,"transform":{"skX":0.53,"skY":0.53}},{"duration":0,"transform":{"skX":0.53,"skY":0.53}}],"name":"left chain"},{"frame":[{"duration":10,"curve":[0.25,0,1,0.54],"transform":{}},{"duration":5,"curve":[0.25,0,0,1.01],"transform":{"y":-411.06,"x":-132.6}},{"duration":16,"curve":[0.25,0,0.75,1],"transform":{"y":143.72,"x":-559.06}},{"duration":9,"curve":[0.25,0,0.75,1],"transform":{"y":11.6,"x":-48.31}},{"duration":0,"transform":{}}],"name":"Arm Right IK"},{"frame":[{"duration":40,"transform":{"skX":0.23,"skY":0.23}},{"duration":0,"transform":{"skX":0.23,"skY":0.23}}],"name":"arm right"},{"frame":[{"duration":40,"transform":{"skX":-0.4,"skY":-0.4}},{"duration":0,"transform":{"skX":-0.4,"skY":-0.4}}],"name":"upper body4"},{"frame":[{"duration":40,"transform":{}},{"duration":0,"transform":{}}],"name":"chain Right IK"},{"frame":[{"duration":40,"transform":{"skX":0.27,"skY":0.27}},{"duration":0,"transform":{"skX":0.27,"skY":0.27}}],"name":"chain right"},{"frame":[{"duration":40,"transform":{}},{"duration":0,"transform":{}}],"name":"TailIK"},{"frame":[{"duration":40,"transform":{"skX":2.9,"skY":2.9}},{"duration":0,"transform":{"skX":2.9,"skY":2.9}}],"name":"Tail"},{"frame":[{"duration":40,"transform":{"skX":-4.85,"skY":-4.85}},{"duration":0,"transform":{"skX":-4.85,"skY":-4.85}}],"name":"Mid3"},{"frame":[{"duration":10,"curve":[0.25,0,1,0.54],"transform":{}},{"duration":5,"curve":[0.25,0,0,1.01],"transform":{"scX":0.78}},{"duration":16,"curve":[0.25,0,0.75,1],"transform":{"scX":1.2}},{"duration":9,"curve":[0.25,0,0.75,1],"transform":{"scX":0.85}},{"duration":0,"transform":{}}],"name":"shadow"},{"frame":[{"duration":10,"curve":[0.25,0,1,0.54],"transform":{}},{"duration":30,"curve":[0.25,0,0,1.01],"transform":{"y":-240.45,"x":171.22}},{"duration":0,"transform":{}}],"name":"Wing Right IK"},{"frame":[{"duration":40,"transform":{"skX":-0.02,"skY":-0.02}},{"duration":0,"transform":{"skX":-0.02,"skY":-0.02}}],"name":"Wing Right"},{"frame":[{"duration":40,"transform":{}},{"duration":0,"transform":{}}],"name":"upper body5"},{"frame":[{"duration":10,"curve":[0.25,0,1,0.54],"transform":{}},{"duration":30,"curve":[0.25,0,0,1.01],"transform":{"y":94.21,"x":259.68}},{"duration":0,"transform":{}}],"name":"Wing Left IK"},{"frame":[{"duration":40,"transform":{}},{"duration":0,"transform":{}}],"name":"wing left"},{"frame":[{"duration":40,"transform":{}},{"duration":0,"transform":{}}],"name":"upper body6"}]},{"ik":[],"frame":[],"ffd":[],"duration":60,"slot":[],"name":"Idle","bone":[{"frame":[{"duration":30,"curve":[0.25,0,0.75,1],"transform":{}},{"duration":30,"curve":[0.25,0,0.434,0.99],"transform":{"y":21.91}},{"duration":0,"transform":{}}],"name":"Mid"},{"frame":[{"duration":30,"curve":[0.25,0,0.75,1],"transform":{}},{"duration":30,"curve":[0.25,0,0.434,0.99],"transform":{"y":-21.52}},{"duration":0,"transform":{}}],"name":"Arm Right IK"},{"frame":[{"duration":30,"curve":[0.25,0,0.75,1],"transform":{}},{"duration":30,"curve":[0.25,0,0.434,0.99],"transform":{"x":19.8}},{"duration":0,"transform":{}}],"name":"TailIK"},{"frame":[{"duration":30,"curve":[0.25,0,0.75,1],"transform":{}},{"duration":30,"curve":[0.25,0,0.434,0.99],"transform":{"skX":3.74,"skY":3.74}},{"duration":0,"transform":{}}],"name":"head"},{"frame":[{"duration":30,"curve":[0.25,0,0.75,1],"transform":{}},{"duration":30,"curve":[0.25,0,0.75,1],"transform":{"y":16.46,"x":97.11}},{"duration":0,"transform":{}}],"name":"Wing Left IK"},{"frame":[{"duration":30,"curve":[0.25,0,0.75,1],"transform":{}},{"duration":30,"curve":[0.25,0,0.75,1],"transform":{"y":33.26,"x":19.52}},{"duration":0,"transform":{}}],"name":"arm right IK"},{"frame":[{"duration":30,"curve":[0.25,0,0.75,1],"transform":{}},{"duration":30,"curve":[0.25,0,0.75,1],"transform":{"y":29.64,"x":17.35}},{"duration":0,"transform":{}}],"name":"Chain Left Ik"},{"frame":[{"duration":30,"curve":[0.25,0,0.75,1],"transform":{}},{"duration":30,"curve":[0.25,0,0.75,1],"transform":{"y":85.18,"x":-51.48}},{"duration":0,"transform":{}}],"name":"Wing Right IK"},{"frame":[{"duration":60,"transform":{}},{"duration":0,"transform":{}}],"name":"root"},{"frame":[{"duration":60,"transform":{}},{"duration":0,"transform":{}}],"name":"mid body"},{"frame":[{"duration":60,"transform":{}},{"duration":0,"transform":{}}],"name":"upper body"},{"frame":[{"duration":60,"transform":{}},{"duration":0,"transform":{}}],"name":"neck"},{"frame":[{"duration":60,"transform":{"skX":-1.79,"skY":-1.79}},{"duration":0,"transform":{"skX":-1.79,"skY":-1.79}}],"name":"arm left"},{"frame":[{"duration":60,"transform":{"skX":3,"skY":3}},{"duration":0,"transform":{"skX":3,"skY":3}}],"name":"upper body3"},{"frame":[{"duration":60,"transform":{"skX":0.53,"skY":0.53}},{"duration":0,"transform":{"skX":0.53,"skY":0.53}}],"name":"left chain"},{"frame":[{"duration":60,"transform":{"skX":0.23,"skY":0.23}},{"duration":0,"transform":{"skX":0.23,"skY":0.23}}],"name":"arm right"},{"frame":[{"duration":60,"transform":{"skX":-0.4,"skY":-0.4}},{"duration":0,"transform":{"skX":-0.4,"skY":-0.4}}],"name":"upper body4"},{"frame":[{"duration":60,"transform":{}},{"duration":0,"transform":{}}],"name":"chain Right IK"},{"frame":[{"duration":60,"transform":{"skX":0.27,"skY":0.27}},{"duration":0,"transform":{"skX":0.27,"skY":0.27}}],"name":"chain right"},{"frame":[{"duration":60,"transform":{"skX":2.9,"skY":2.9}},{"duration":0,"transform":{"skX":2.9,"skY":2.9}}],"name":"Tail"},{"frame":[{"duration":60,"transform":{"skX":-4.85,"skY":-4.85}},{"duration":0,"transform":{"skX":-4.85,"skY":-4.85}}],"name":"Mid3"},{"frame":[{"duration":60,"transform":{}},{"duration":0,"transform":{}}],"name":"shadow"},{"frame":[{"duration":60,"transform":{"skX":-0.02,"skY":-0.02}},{"duration":0,"transform":{"skX":-0.02,"skY":-0.02}}],"name":"Wing Right"},{"frame":[{"duration":60,"transform":{}},{"duration":0,"transform":{}}],"name":"upper body5"},{"frame":[{"duration":60,"transform":{"skX":-0.44,"skY":-0.44}},{"duration":0,"transform":{"skX":-0.44,"skY":-0.44}}],"name":"wing left"},{"frame":[{"duration":60,"transform":{"skX":0.65,"skY":0.65}},{"duration":0,"transform":{"skX":0.65,"skY":0.65}}],"name":"upper body6"}]},{"ik":[],"frame":[],"ffd":[],"duration":45,"slot":[],"name":"Left Hand Skill","bone":[{"frame":[{"duration":15,"transform":{}},{"duration":5,"transform":{}},{"duration":5,"transform":{}},{"duration":20,"transform":{}},{"duration":0,"transform":{}}],"name":"root"},{"frame":[{"duration":15,"curve":[0.896,0,1,0.78],"transform":{}},{"duration":5,"curve":[0.25,0,0,1],"transform":{"y":-142.56,"x":54.65}},{"duration":5,"curve":[0.25,0,0.75,1],"transform":{"y":-109.5,"x":-2.71}},{"duration":20,"curve":[0.25,0,0.75,1],"transform":{"y":-109.5,"x":-26.25}},{"duration":0,"transform":{}}],"name":"Mid"},{"frame":[{"duration":15,"transform":{}},{"duration":5,"transform":{}},{"duration":5,"transform":{}},{"duration":20,"transform":{}},{"duration":0,"transform":{}}],"name":"mid body"},{"frame":[{"duration":15,"transform":{}},{"duration":5,"transform":{}},{"duration":5,"transform":{}},{"duration":20,"transform":{}},{"duration":0,"transform":{}}],"name":"upper body"},{"frame":[{"duration":15,"transform":{}},{"duration":5,"transform":{}},{"duration":5,"transform":{}},{"duration":20,"transform":{}},{"duration":0,"transform":{}}],"name":"neck"},{"frame":[{"duration":15,"transform":{}},{"duration":5,"transform":{}},{"duration":5,"transform":{}},{"duration":20,"transform":{}},{"duration":0,"transform":{}}],"name":"head"},{"frame":[{"duration":15,"curve":[0.896,0,1,0.78],"transform":{}},{"duration":5,"curve":[0.25,0,0,1],"transform":{"y":-349.27,"x":45.14}},{"duration":5,"transform":{"y":-118.58,"x":46.39}},{"duration":20,"curve":[0.25,0,0.75,1],"transform":{"y":-118.58,"x":46.39}},{"duration":0,"transform":{}}],"name":"arm right IK"},{"frame":[{"duration":15,"curve":[0.896,0,1,0.78],"transform":{"skX":-1.79,"skY":-1.79}},{"duration":5,"curve":[0.25,0,0,1],"transform":{"skX":54.69,"skY":54.69}},{"duration":5,"transform":{"skX":-47.52,"skY":-47.52}},{"duration":20,"curve":[0.25,0,0.75,1],"transform":{"skX":-47.52,"skY":-47.52}},{"duration":0,"transform":{"skX":-1.79,"skY":-1.79}}],"name":"arm left"},{"frame":[{"duration":15,"curve":[0.896,0,1,0.78],"transform":{"skX":3,"skY":3}},{"duration":5,"curve":[0.25,0,0,1],"transform":{"skX":49.01,"skY":49.01}},{"duration":5,"transform":{"skX":67.37,"skY":67.37}},{"duration":20,"curve":[0.25,0,0.75,1],"transform":{"skX":67.37,"skY":67.37}},{"duration":0,"transform":{"skX":3,"skY":3}}],"name":"upper body3"},{"frame":[{"duration":15,"transform":{}},{"duration":5,"transform":{}},{"duration":5,"transform":{}},{"duration":20,"transform":{}},{"duration":0,"transform":{}}],"name":"Chain Left Ik"},{"frame":[{"duration":15,"curve":[0.896,0,1,0.78],"transform":{"skX":0.53,"skY":0.53}},{"duration":5,"curve":[0.25,0,0,1],"transform":{"skX":-99.34,"skY":-99.34}},{"duration":5,"transform":{"skX":3.51,"skY":3.51}},{"duration":20,"curve":[0.25,0,0.75,1],"transform":{"skX":3.51,"skY":3.51}},{"duration":0,"transform":{"skX":0.53,"skY":0.53}}],"name":"left chain"},{"frame":[{"duration":15,"curve":[0.896,0,1,0.78],"transform":{}},{"duration":5,"transform":{"y":-143.75,"x":8.32}},{"duration":5,"transform":{"y":-143.75,"x":8.32}},{"duration":20,"curve":[0.25,0,0.75,1],"transform":{"y":-143.75,"x":8.32}},{"duration":0,"transform":{}}],"name":"Arm Right IK"},{"frame":[{"duration":15,"curve":[0.896,0,1,0.78],"transform":{"skX":0.23,"skY":0.23}},{"duration":5,"curve":[0.25,0,0,1],"transform":{"skX":-4.6,"skY":-4.6}},{"duration":5,"transform":{"skX":-13.68,"skY":-13.68}},{"duration":20,"curve":[0.25,0,0.75,1],"transform":{"skX":-13.68,"skY":-13.68}},{"duration":0,"transform":{"skX":0.23,"skY":0.23}}],"name":"arm right"},{"frame":[{"duration":15,"curve":[0.896,0,1,0.78],"transform":{"skX":-0.4,"skY":-0.4}},{"duration":5,"curve":[0.25,0,0,1],"transform":{"skX":28.66,"skY":28.66}},{"duration":5,"transform":{"skX":11.59,"skY":11.59}},{"duration":20,"curve":[0.25,0,0.75,1],"transform":{"skX":11.59,"skY":11.59}},{"duration":0,"transform":{"skX":-0.4,"skY":-0.4}}],"name":"upper body4"},{"frame":[{"duration":15,"transform":{}},{"duration":5,"transform":{}},{"duration":5,"transform":{}},{"duration":20,"transform":{}},{"duration":0,"transform":{}}],"name":"chain Right IK"},{"frame":[{"duration":15,"curve":[0.896,0,1,0.78],"transform":{"skX":0.27,"skY":0.27}},{"duration":5,"curve":[0.25,0,0,1],"transform":{"skX":-22.13,"skY":-22.13}},{"duration":5,"transform":{"skX":3.53,"skY":3.53}},{"duration":20,"curve":[0.25,0,0.75,1],"transform":{"skX":3.53,"skY":3.53}},{"duration":0,"transform":{"skX":0.27,"skY":0.27}}],"name":"chain right"},{"frame":[{"duration":15,"transform":{}},{"duration":5,"transform":{}},{"duration":5,"transform":{}},{"duration":20,"transform":{}},{"duration":0,"transform":{}}],"name":"TailIK"},{"frame":[{"duration":15,"curve":[0.896,0,1,0.78],"transform":{"skX":2.9,"skY":2.9}},{"duration":5,"curve":[0.25,0,0,1],"transform":{"skX":7.99,"skY":7.99}},{"duration":5,"transform":{"skX":2.42,"skY":2.42}},{"duration":20,"curve":[0.25,0,0.75,1],"transform":{"skX":2.42,"skY":2.42}},{"duration":0,"transform":{"skX":2.9,"skY":2.9}}],"name":"Tail"},{"frame":[{"duration":15,"curve":[0.896,0,1,0.78],"transform":{"skX":-4.85,"skY":-4.85}},{"duration":5,"transform":{"skX":-12.88,"skY":-12.88}},{"duration":5,"transform":{"skX":-12.88,"skY":-12.88}},{"duration":20,"curve":[0.25,0,0.75,1],"transform":{"skX":-12.88,"skY":-12.88}},{"duration":0,"transform":{"skX":-4.85,"skY":-4.85}}],"name":"Mid3"},{"frame":[{"duration":15,"transform":{}},{"duration":5,"transform":{}},{"duration":5,"transform":{}},{"duration":20,"transform":{}},{"duration":0,"transform":{}}],"name":"shadow"},{"frame":[{"duration":15,"transform":{}},{"duration":5,"transform":{}},{"duration":5,"transform":{}},{"duration":20,"transform":{}},{"duration":0,"transform":{}}],"name":"Wing Right IK"},{"frame":[{"duration":15,"curve":[0.896,0,1,0.78],"transform":{"skX":-0.02,"skY":-0.02}},{"duration":5,"curve":[0.25,0,0,1],"transform":{"skX":0.15,"skY":0.15}},{"duration":5,"transform":{"skX":7.05,"skY":7.05}},{"duration":20,"curve":[0.25,0,0.75,1],"transform":{"skX":7.05,"skY":7.05}},{"duration":0,"transform":{"skX":-0.02,"skY":-0.02}}],"name":"Wing Right"},{"frame":[{"duration":15,"curve":[0.896,0,1,0.78],"transform":{}},{"duration":5,"curve":[0.25,0,0,1],"transform":{"skX":40.77,"skY":40.77}},{"duration":5,"transform":{"skX":19.05,"skY":19.05}},{"duration":20,"curve":[0.25,0,0.75,1],"transform":{"skX":19.05,"skY":19.05}},{"duration":0,"transform":{}}],"name":"upper body5"},{"frame":[{"duration":15,"curve":[0.896,0,1,0.78],"transform":{}},{"duration":5,"transform":{"x":65.34}},{"duration":5,"transform":{"x":65.34}},{"duration":20,"curve":[0.25,0,0.75,1],"transform":{"x":65.34}},{"duration":0,"transform":{}}],"name":"Wing Left IK"},{"frame":[{"duration":15,"transform":{}},{"duration":5,"transform":{}},{"duration":5,"transform":{}},{"duration":20,"transform":{}},{"duration":0,"transform":{}}],"name":"wing left"},{"frame":[{"duration":15,"transform":{}},{"duration":5,"transform":{}},{"duration":5,"transform":{}},{"duration":20,"transform":{}},{"duration":0,"transform":{}}],"name":"upper body6"}]},{"ik":[],"frame":[],"ffd":[],"duration":75,"slot":[],"name":"Right Hand Skill","bone":[{"frame":[{"duration":20,"transform":{}},{"duration":5,"transform":{}},{"duration":30,"transform":{}},{"duration":10,"transform":{}},{"duration":10,"transform":{}},{"duration":0,"transform":{}}],"name":"root"},{"frame":[{"duration":20,"curve":[0.866,0.11,1,0.64],"transform":{}},{"duration":5,"curve":[0.25,0,0,1],"transform":{"y":63.67,"x":-16.98}},{"duration":5,"curve":[0.25,0,0.75,1],"transform":{"y":63.67,"x":-166.97}},{"duration":5,"curve":[0.25,0,0.75,1],"transform":{"y":50.62,"x":-166.97}},{"duration":5,"curve":[0.25,0,0.75,1],"transform":{"y":68.03,"x":-166.97}},{"duration":5,"curve":[0.25,0,0.75,1],"transform":{"y":47.35,"x":-166.97}},{"duration":5,"curve":[0.25,0,0.75,1],"transform":{"y":63.67,"x":-166.97}},{"duration":5,"curve":[0.25,0,0.75,1],"transform":{"y":43,"x":-166.97}},{"duration":10,"curve":[0.731,0,0.75,1],"transform":{"y":83.26,"x":-166.97}},{"duration":10,"curve":[0.25,0,0.75,1],"transform":{"y":53.88,"x":37.57}},{"duration":0,"transform":{}}],"name":"Mid"},{"frame":[{"duration":20,"transform":{}},{"duration":5,"transform":{}},{"duration":30,"transform":{}},{"duration":10,"transform":{}},{"duration":10,"transform":{}},{"duration":0,"transform":{}}],"name":"mid body"},{"frame":[{"duration":20,"transform":{}},{"duration":5,"transform":{}},{"duration":30,"transform":{}},{"duration":10,"transform":{}},{"duration":10,"transform":{}},{"duration":0,"transform":{}}],"name":"upper body"},{"frame":[{"duration":20,"transform":{}},{"duration":5,"transform":{}},{"duration":30,"transform":{}},{"duration":10,"transform":{}},{"duration":10,"transform":{}},{"duration":0,"transform":{}}],"name":"neck"},{"frame":[{"duration":20,"transform":{}},{"duration":5,"transform":{}},{"duration":30,"transform":{}},{"duration":10,"transform":{}},{"duration":10,"transform":{}},{"duration":0,"transform":{}}],"name":"head"},{"frame":[{"duration":20,"curve":[0.25,0,0.75,1],"transform":{}},{"duration":5,"curve":[0.25,0,0,1],"transform":{"y":1.42,"x":-31.13}},{"duration":30,"transform":{"y":-46.69,"x":-219.33}},{"duration":10,"transform":{"y":-46.69,"x":-219.33}},{"duration":10,"curve":[0.25,0,0.75,1],"transform":{"y":-46.69,"x":-219.33}},{"duration":0,"transform":{}}],"name":"arm right IK"},{"frame":[{"duration":20,"transform":{"skX":-1.79,"skY":-1.79},"tweenEasing":0},{"duration":5,"curve":[0.25,0,0,1],"transform":{"skX":-7.15,"skY":-7.15}},{"duration":30,"curve":[0.25,0,0.75,1],"transform":{"skX":36.35,"skY":36.35}},{"duration":10,"curve":[0.731,0,0.75,1],"transform":{"skX":41.89,"skY":41.89}},{"duration":10,"curve":[0.25,0,0.75,1],"transform":{"skX":48.19,"skY":48.19}},{"duration":0,"transform":{"skX":-1.79,"skY":-1.79}}],"name":"arm left"},{"frame":[{"duration":20,"transform":{"skX":3,"skY":3},"tweenEasing":0},{"duration":5,"curve":[0.25,0,0,1],"transform":{"skX":55.23,"skY":55.23}},{"duration":30,"curve":[0.25,0,0.75,1],"transform":{"skX":10.64,"skY":10.64}},{"duration":10,"curve":[0.731,0,0.75,1],"transform":{"skX":12.79,"skY":12.79}},{"duration":10,"curve":[0.25,0,0.75,1],"transform":{"skX":-10.05,"skY":-10.05}},{"duration":0,"transform":{"skX":3,"skY":3}}],"name":"upper body3"},{"frame":[{"duration":20,"transform":{}},{"duration":5,"transform":{}},{"duration":30,"transform":{}},{"duration":10,"transform":{}},{"duration":10,"transform":{}},{"duration":0,"transform":{}}],"name":"Chain Left Ik"},{"frame":[{"duration":20,"transform":{"skX":0.53,"skY":0.53},"tweenEasing":0},{"duration":5,"curve":[0.25,0,0,1],"transform":{"skX":-154.14,"skY":-154.14}},{"duration":30,"curve":[0.25,0,0.75,1],"transform":{"skX":-122.99,"skY":-122.99}},{"duration":10,"curve":[0.731,0,0.75,1],"transform":{"skX":-133.15,"skY":-133.15}},{"duration":10,"curve":[0.25,0,0.75,1],"transform":{"skX":-43,"skY":-43}},{"duration":0,"transform":{"skX":0.53,"skY":0.53}}],"name":"left chain"},{"frame":[{"duration":20,"curve":[0.25,0,1,0.68],"transform":{}},{"duration":5,"curve":[0.25,0,0,1],"transform":{"y":-94.8,"x":25.47}},{"duration":30,"transform":{"y":12.74,"x":-556.09}},{"duration":10,"curve":[0.731,0,0.75,1],"transform":{"y":12.74,"x":-556.09}},{"duration":10,"curve":[0.25,0,0.75,1],"transform":{"y":90.5,"x":-18.5}},{"duration":0,"transform":{}}],"name":"Arm Right IK"},{"frame":[{"duration":20,"transform":{"skX":0.23,"skY":0.23},"tweenEasing":0},{"duration":5,"curve":[0.25,0,0,1],"transform":{"y":-12.12,"x":-31.73,"skX":-56.79,"skY":-56.79}},{"duration":30,"curve":[0.25,0,0.75,1],"transform":{"y":-15.15,"x":-39.66,"skX":114.48,"skY":114.48}},{"duration":10,"curve":[0.731,0,0.75,1],"transform":{"y":-15.15,"x":-39.66,"skX":117.64,"skY":117.64}},{"duration":10,"curve":[0.25,0,0.75,1],"transform":{"y":-15.15,"x":-39.66,"skX":-6.31,"skY":-6.31}},{"duration":0,"transform":{"skX":0.23,"skY":0.23}}],"name":"arm right"},{"frame":[{"duration":20,"transform":{"skX":-0.4,"skY":-0.4},"tweenEasing":0},{"duration":5,"curve":[0.25,0,0,1],"transform":{"skX":13.72,"skY":13.72}},{"duration":30,"curve":[0.25,0,0.75,1],"transform":{"skX":15.74,"skY":15.74}},{"duration":10,"curve":[0.731,0,0.75,1],"transform":{"skX":19.76,"skY":19.76}},{"duration":10,"curve":[0.25,0,0.75,1],"transform":{"skX":35.47,"skY":35.47}},{"duration":0,"transform":{"skX":-0.4,"skY":-0.4}}],"name":"upper body4"},{"frame":[{"duration":20,"transform":{}},{"duration":5,"transform":{}},{"duration":30,"transform":{}},{"duration":10,"transform":{}},{"duration":10,"transform":{}},{"duration":0,"transform":{}}],"name":"chain Right IK"},{"frame":[{"duration":20,"transform":{"skX":0.27,"skY":0.27},"tweenEasing":0},{"duration":5,"curve":[0.25,0,0,1],"transform":{"skX":46.18,"skY":46.18}},{"duration":30,"curve":[0.25,0,0.75,1],"transform":{"skX":150.99,"skY":150.99}},{"duration":10,"curve":[0.731,0,0.75,1],"transform":{"skX":143.85,"skY":143.85}},{"duration":10,"curve":[0.25,0,0.75,1],"transform":{"skX":315.55,"skY":315.55}},{"duration":0,"transform":{"skX":0.27,"skY":0.27}}],"name":"chain right"},{"frame":[{"duration":20,"transform":{}},{"duration":5,"transform":{}},{"duration":30,"transform":{}},{"duration":10,"transform":{}},{"duration":10,"transform":{}},{"duration":0,"transform":{}}],"name":"TailIK"},{"frame":[{"duration":20,"transform":{"skX":2.9,"skY":2.9},"tweenEasing":0},{"duration":5,"curve":[0.25,0,0,1],"transform":{"skX":-35,"skY":-35}},{"duration":30,"curve":[0.25,0,0.75,1],"transform":{"skX":-71.8,"skY":-71.8}},{"duration":10,"curve":[0.731,0,0.75,1],"transform":{"skX":-79.11,"skY":-79.11}},{"duration":10,"curve":[0.25,0,0.75,1],"transform":{"skX":-13.02,"skY":-13.02}},{"duration":0,"transform":{"skX":2.9,"skY":2.9}}],"name":"Tail"},{"frame":[{"duration":20,"transform":{"skX":-4.85,"skY":-4.85},"tweenEasing":0},{"duration":5,"curve":[0.25,0,0,1],"transform":{"skX":61.39,"skY":61.39}},{"duration":30,"curve":[0.25,0,0.75,1],"transform":{"skX":67.67,"skY":67.67}},{"duration":10,"curve":[0.731,0,0.75,1],"transform":{"skX":77.58,"skY":77.58}},{"duration":10,"curve":[0.25,0,0.75,1],"transform":{"skX":40.02,"skY":40.02}},{"duration":0,"transform":{"skX":-4.85,"skY":-4.85}}],"name":"Mid3"},{"frame":[{"duration":20,"transform":{}},{"duration":5,"transform":{}},{"duration":30,"transform":{}},{"duration":10,"transform":{}},{"duration":10,"transform":{}},{"duration":0,"transform":{}}],"name":"shadow"},{"frame":[{"duration":20,"transform":{}},{"duration":5,"transform":{}},{"duration":30,"transform":{}},{"duration":10,"transform":{}},{"duration":10,"transform":{}},{"duration":0,"transform":{}}],"name":"Wing Right IK"},{"frame":[{"duration":20,"transform":{"skX":-0.02,"skY":-0.02},"tweenEasing":0},{"duration":5,"curve":[0.25,0,0,1],"transform":{"skX":8.42,"skY":8.42}},{"duration":30,"curve":[0.25,0,0.75,1],"transform":{"skX":35.8,"skY":35.8}},{"duration":10,"curve":[0.731,0,0.75,1],"transform":{"skX":34.09,"skY":34.09}},{"duration":10,"curve":[0.25,0,0.75,1],"transform":{"skX":-8.66,"skY":-8.66}},{"duration":0,"transform":{"skX":-0.02,"skY":-0.02}}],"name":"Wing Right"},{"frame":[{"duration":20,"transform":{},"tweenEasing":0},{"duration":5,"curve":[0.25,0,0,1],"transform":{"skX":-30.02,"skY":-30.02}},{"duration":30,"transform":{"skX":-66.72,"skY":-66.72}},{"duration":10,"curve":[0.731,0,0.75,1],"transform":{"skX":-66.72,"skY":-66.72}},{"duration":10,"curve":[0.25,0,0.75,1],"transform":{"skX":-2.35,"skY":-2.35}},{"duration":0,"transform":{}}],"name":"upper body5"},{"frame":[{"duration":20,"transform":{}},{"duration":5,"transform":{}},{"duration":30,"transform":{}},{"duration":10,"transform":{}},{"duration":10,"transform":{}},{"duration":0,"transform":{}}],"name":"Wing Left IK"},{"frame":[{"duration":20,"transform":{}},{"duration":5,"transform":{}},{"duration":30,"transform":{}},{"duration":10,"transform":{}},{"duration":10,"transform":{}},{"duration":0,"transform":{}}],"name":"wing left"},{"frame":[{"duration":20,"transform":{}},{"duration":5,"transform":{}},{"duration":30,"transform":{}},{"duration":10,"transform":{}},{"duration":10,"transform":{}},{"duration":0,"transform":{}}],"name":"upper body6"}]},{"ik":[],"frame":[],"ffd":[],"duration":35,"slot":[],"name":"Violent Pull","bone":[{"frame":[{"duration":10,"curve":[0.25,0,1,0.38],"transform":{}},{"duration":5,"curve":[0.351,0.4,0.039,1],"transform":{"y":-69.55,"x":102.69}},{"duration":5,"curve":[0.25,0,0.433,0.75],"transform":{"y":-22.44,"x":-332.78}},{"duration":15,"curve":[0.351,0.4,1,0.74],"transform":{"y":-69.55,"x":102.69}},{"duration":0,"transform":{}}],"name":"Mid"},{"frame":[{"duration":10,"curve":[0.25,0,1,0.38],"transform":{}},{"duration":5,"curve":[0.351,0.4,0.039,1],"transform":{"y":-166.87,"x":127.02}},{"duration":5,"curve":[0.25,0,0.433,0.75],"transform":{"y":-33.59,"x":-679.58}},{"duration":15,"curve":[0.351,0.4,1,0.74],"transform":{"y":-166.87,"x":127.02}},{"duration":0,"transform":{}}],"name":"Arm Right IK"},{"frame":[{"duration":35,"transform":{}},{"duration":0,"transform":{}}],"name":"TailIK"},{"frame":[{"duration":35,"transform":{}},{"duration":0,"transform":{}}],"name":"head"},{"frame":[{"duration":10,"curve":[0.25,0,1,0.38],"transform":{}},{"duration":10,"transform":{"x":116.05}},{"duration":15,"curve":[0.25,0,1,0.74],"transform":{"x":116.05}},{"duration":0,"transform":{}}],"name":"Wing Left IK"},{"frame":[{"duration":35,"transform":{}},{"duration":0,"transform":{}}],"name":"arm right IK"},{"frame":[{"duration":35,"transform":{}},{"duration":0,"transform":{}}],"name":"Chain Left Ik"},{"frame":[{"duration":35,"transform":{}},{"duration":0,"transform":{}}],"name":"Wing Right IK"},{"frame":[{"duration":35,"transform":{}},{"duration":0,"transform":{}}],"name":"root"},{"frame":[{"duration":35,"transform":{}},{"duration":0,"transform":{}}],"name":"mid body"},{"frame":[{"duration":35,"transform":{}},{"duration":0,"transform":{}}],"name":"upper body"},{"frame":[{"duration":35,"transform":{}},{"duration":0,"transform":{}}],"name":"neck"},{"frame":[{"duration":35,"transform":{"skX":-1.79,"skY":-1.79}},{"duration":0,"transform":{"skX":-1.79,"skY":-1.79}}],"name":"arm left"},{"frame":[{"duration":35,"transform":{"skX":3,"skY":3}},{"duration":0,"transform":{"skX":3,"skY":3}}],"name":"upper body3"},{"frame":[{"duration":35,"transform":{"skX":0.53,"skY":0.53}},{"duration":0,"transform":{"skX":0.53,"skY":0.53}}],"name":"left chain"},{"frame":[{"duration":35,"transform":{"skX":0.23,"skY":0.23}},{"duration":0,"transform":{"skX":0.23,"skY":0.23}}],"name":"arm right"},{"frame":[{"duration":35,"transform":{"skX":-0.4,"skY":-0.4}},{"duration":0,"transform":{"skX":-0.4,"skY":-0.4}}],"name":"upper body4"},{"frame":[{"duration":35,"transform":{}},{"duration":0,"transform":{}}],"name":"chain Right IK"},{"frame":[{"duration":35,"transform":{"skX":0.27,"skY":0.27}},{"duration":0,"transform":{"skX":0.27,"skY":0.27}}],"name":"chain right"},{"frame":[{"duration":35,"transform":{"skX":2.9,"skY":2.9}},{"duration":0,"transform":{"skX":2.9,"skY":2.9}}],"name":"Tail"},{"frame":[{"duration":35,"transform":{"skX":-4.85,"skY":-4.85}},{"duration":0,"transform":{"skX":-4.85,"skY":-4.85}}],"name":"Mid3"},{"frame":[{"duration":10,"curve":[0.232,0,0.597,0.34],"transform":{}},{"duration":5,"curve":[0.324,0.27,0.664,0.61],"transform":{"scX":0.82}},{"duration":5,"curve":[0.344,0.29,0.684,0.62],"transform":{"scX":1.1}},{"duration":15,"curve":[0.562,0.25,1,0.59],"transform":{"scX":0.85}},{"duration":0,"transform":{}}],"name":"shadow"},{"frame":[{"duration":35,"transform":{"skX":-0.02,"skY":-0.02}},{"duration":0,"transform":{"skX":-0.02,"skY":-0.02}}],"name":"Wing Right"},{"frame":[{"duration":35,"transform":{}},{"duration":0,"transform":{}}],"name":"upper body5"},{"frame":[{"duration":35,"transform":{"skX":-0.44,"skY":-0.44}},{"duration":0,"transform":{"skX":-0.44,"skY":-0.44}}],"name":"wing left"},{"frame":[{"duration":35,"transform":{"skX":0.65,"skY":0.65}},{"duration":0,"transform":{"skX":0.65,"skY":0.65}}],"name":"upper body6"}]}],"aabb":{"width":774.8813766010013,"y":-773.163215003241,"height":773.163215003241,"x":-344.01379931531096},"type":"Armature","frameRate":30,"skin":[{"name":"","slot":[{"display":[{"path":"chain left","type":"image","name":"chain left","transform":{"y":-0.28,"x":22.17,"skX":-86.88,"skY":-86.88}}],"name":"chain left"},{"display":[{"path":"chain right","type":"image","name":"chain right","transform":{"y":1.78,"x":32.84,"skX":-90.25,"skY":-90.25}}],"name":"chain right"},{"display":[{"edges":[36,37,37,38,38,39,39,40,40,41,41,42,42,43,43,44,44,45,45,46,46,47,47,0,0,1,1,2,2,3,3,4,4,5,5,6,6,7,7,8,8,9,9,10,10,11,11,12,12,13,13,14,14,15,15,16,16,17,17,18,18,19,19,20,20,21,21,22,22,23,23,24,24,25,25,26,26,27,27,28,28,29,29,30,30,31,31,32,32,33,33,34,34,35,35,36],"vertices":[-146.49,-315.08,-129.54,-316.94,-115.38,-327.32,-118.87,-339.97,-115.98,-346.61,-87.54,-350.17,-84.01,-361.74,-71.29,-367.38,-70.93,-381.08,-58.93,-389.9,-50.47,-406.63,-32.7,-408.88,-18.6,-430.88,-15.16,-446.67,-15.16,-456.82,-17.76,-472.33,-36.65,-492.92,-61.74,-495.74,-79.23,-493.48,-91.07,-485.31,-100.94,-469.23,-110.81,-466.7,-107.31,-435.43,-102.4,-434.32,-103.51,-427.17,-112.61,-417.3,-121.86,-427.27,-134.62,-416.97,-153.95,-408.77,-157.31,-399.31,-170.31,-392.33,-183.06,-378.55,-182.85,-366.77,-179.41,-358.72,-189.31,-348.16,-200.96,-342.21,-205.8,-337.63,-200.63,-324.68,-210.18,-312.91,-211.23,-307.08,-202.78,-301.28,-194.29,-287.78,-187.59,-290,-180.55,-297.35,-173.44,-290.64,-160.15,-284.85,-160.97,-294.73,-154.19,-305.56,-166.61,-337.26,-140.92,-373.94,-80.34,-411.97,-60.34,-408.59],"triangles":[17,51,14,15,17,14,14,51,13,51,12,13,17,20,51,51,10,12,16,17,15,10,11,12,20,23,50,18,19,17,19,20,17,20,50,51,51,9,10,51,50,9,50,8,9,8,6,7,25,6,8,50,25,8,23,24,50,49,4,6,25,49,6,4,5,6,24,25,50,22,23,20,21,22,20,27,49,25,3,1,2,49,3,4,0,1,3,48,0,3,49,48,3,27,29,49,26,27,25,28,29,27,33,48,49,48,47,0,48,43,47,30,32,49,32,33,49,29,30,49,43,46,47,31,32,30,46,44,45,43,44,46,37,43,48,34,37,48,33,34,48,37,40,43,40,42,43,35,37,34,40,41,42,37,38,40,35,36,37,38,39,40],"path":"arm left","weights":[1,19,1,1,19,1,1,19,1,1,19,1,1,19,1,2,17,0.00367,19,0.99633,2,17,0.08349,19,0.91651,2,17,0.30414,19,0.69586,2,17,0.68283,19,0.31717,2,17,0.98339,19,0.01661,1,17,1,1,17,1,1,17,1,1,17,1,1,17,1,1,17,1,1,17,1,1,17,1,1,17,1,1,17,1,1,17,1,1,17,1,2,17,0.98539,19,0.01461,2,17,0.97059,19,0.02941,2,17,0.88227,19,0.11773,2,17,0.46207,19,0.53793,2,17,0.28106,19,0.71894,2,17,0.15491,19,0.84509,2,17,0.03497,19,0.96503,2,17,0.0139,19,0.9861,2,17,0.00051,19,0.99949,1,19,1,1,19,1,1,19,1,1,19,1,1,19,1,1,19,1,1,19,1,1,19,1,1,19,1,1,19,1,1,19,1,1,19,1,1,19,1,1,19,1,1,19,1,1,19,1,1,19,1,1,19,1,2,17,0.00057,19,0.99943,2,17,0.99494,19,0.00506,1,17,1],"name":"arm left","type":"mesh","uvs":[0.34636,0.84344,0.43723,0.82214,0.50459,0.76574,0.47326,0.7131,0.48266,0.68176,0.63463,0.64416,0.64089,0.59152,0.70199,0.56144,0.69259,0.5063,0.75683,0.4712,0.80383,0.39726,0.90253,0.38723,0.98086,0.28947,1,0.21929,1,0.17417,0.98556,0.10523,0.88059,0.01374,0.74116,0.00121,0.64403,0.01123,0.57823,0.04758,0.52339,0.11902,0.46856,0.1303,0.48736,0.26942,0.51399,0.27443,0.48423,0.30326,0.44349,0.35966,0.38083,0.32456,0.31503,0.38222,0.21476,0.43736,0.20536,0.48248,0.14113,0.52384,0.08473,0.59403,0.09726,0.64542,0.1239,0.678,0.08003,0.7319,0.02206,0.76699,0,0.7908,0.04086,0.84344,0,0.90235,0,0.92867,0.05183,0.94747,0.11136,1,0.14583,0.98507,0.17716,0.94747,0.2226,0.97128,0.30093,0.98632,0.28683,0.94371,0.31346,0.89107,0.21476,0.76198,0.31973,0.5815,0.63776,0.37344,0.74899,0.38848],"userEdges":[33,48,48,0,29,49,49,3,24,50,50,51,51,10],"bonePose":[19,-0.7438451298070251,0.668352020167793,-0.668352020167793,-0.7438451298070251,-89.41775796491481,-388.3593891716482,17,-0.6157989997698152,0.7879032884069562,-0.7879032884069562,-0.6157989997698152,-37.37658449436772,-454.9450960749201],"width":180,"slotPose":[1,0,0,1,0,0],"height":225,"transform":{}}],"name":"arm left"},{"display":[{"edges":[0,1,1,2,2,3,3,4,4,5,5,6,6,7,7,8,8,9,9,10,10,11,11,12,12,13,13,14,14,15,15,16,16,17,17,18,18,19,19,20,20,21,21,22,22,23,23,24,24,25,25,26,26,27,27,28,28,29,29,30,30,31,31,32,32,33,33,34,34,35,35,36,36,37,37,38,38,39,39,0],"vertices":[-7.14,-525.93,4.34,-511.78,7.48,-500.87,10.97,-488.8,24.67,-481.73,41.92,-461.4,65.34,-410.56,87.88,-443.72,109.54,-444.61,129.43,-433.12,163.02,-461.84,194.4,-458.75,240.36,-445.05,272.19,-418.53,286.77,-429.58,284.56,-479.52,302.24,-477.75,331.85,-462.72,366.33,-438.41,399.04,-404.82,414.95,-369.02,429.85,-395.09,429.84,-460.07,429.85,-544.05,417.16,-613.89,403.02,-672.67,362.35,-727.92,417.6,-697.42,408.76,-717.75,347.32,-765.49,276.16,-793.34,222.24,-799.01,147.98,-799.01,83.89,-774.78,101.57,-754,109.09,-704.06,97.59,-653.23,65.78,-606.37,17.6,-560.84,-7.14,-539.19,65.78,-528.59,117.93,-577.21,168.75,-575.88,132.96,-628.04,154.17,-668.7,165.22,-706.27,163.89,-750.47,225.33,-761.07,298.7,-752.67,394.62,-505.6,406.11,-433.99,360.58,-533,333.62,-586.93,292.51,-641.74,257.16,-684.61,201.91,-730.13,178.48,-659.41,199.25,-604.61,222.24,-588.26,288.09,-559.08,299.15,-528.14,260.69,-504.72,219.14,-540.96,185.99,-558.2,142.24,-530.79,170.09,-508.25,220.48,-490.13,126.77,-476.43,111.74,-514.88,81.25,-495.44,84.34,-472.45,60.03,-492.34,69.31,-467.59],"triangles":[29,26,28,52,51,24,49,50,22,24,51,23,51,49,23,49,22,23,19,20,21,50,19,21,22,50,21,49,18,50,25,52,24,53,52,25,17,18,49,18,19,50,26,53,25,51,17,49,16,17,51,60,16,51,48,54,26,54,53,26,52,60,51,29,48,26,59,60,52,30,48,29,53,59,52,58,59,53,61,15,60,47,54,48,60,15,16,59,61,60,30,47,48,62,61,59,54,58,53,57,58,54,12,14,15,58,62,59,61,12,15,47,55,54,12,13,14,66,12,61,31,47,30,56,57,54,62,66,61,55,56,54,66,11,12,45,56,55,62,65,66,63,62,58,31,46,47,46,55,47,32,46,31,57,63,58,63,65,62,65,11,66,65,10,11,56,43,57,42,63,57,46,45,55,43,42,57,45,44,56,64,65,63,42,64,63,67,10,65,44,43,56,46,35,45,41,64,42,43,41,42,64,67,65,68,67,64,32,34,46,34,35,46,35,44,45,67,9,10,36,43,44,35,36,44,67,8,9,33,34,32,41,68,64,37,41,43,36,37,43,40,68,41,68,69,67,70,8,67,69,70,67,37,40,41,70,7,8,40,69,68,38,40,37,69,72,70,72,5,7,5,6,7,70,72,7,71,72,69,40,71,69,71,5,72,38,1,40,2,71,40,1,2,40,2,4,71,4,5,71,39,1,38,2,3,4,39,0,1,28,26,27],"path":"right wing","weights":[1,15,1,1,15,1,1,15,1,2,15,0.99977,23,0.00023,2,15,0.99826,23,0.00174,2,15,0.99316,23,0.00684,2,15,0.99159,23,0.00841,2,15,0.97498,23,0.02502,2,15,0.94365,23,0.05635,2,15,0.92394,23,0.07606,2,15,0.84456,23,0.15544,2,15,0.73853,23,0.26147,2,15,0.6264,23,0.3736,2,15,0.60312,23,0.39688,2,15,0.60113,23,0.39887,2,15,0.52482,23,0.47518,2,15,0.43864,23,0.56136,2,15,0.35733,23,0.64267,2,15,0.31149,23,0.68851,2,15,0.29434,23,0.70566,2,15,0.29148,23,0.70852,2,15,0.29228,23,0.70772,2,15,0.29569,23,0.70431,2,15,0.266,23,0.734,2,15,0.19802,23,0.80198,2,15,0.12464,23,0.87536,2,15,0.02219,23,0.97781,2,15,0.00001,23,0.99999,2,15,0.00002,23,0.99998,2,15,0.00147,23,0.99853,1,23,1,1,23,1,1,23,1,1,15,1,1,15,1,2,15,0.83527,23,0.16473,2,15,0.87435,23,0.12565,2,15,0.96303,23,0.03697,1,15,1,1,15,1,2,15,0.98482,23,0.01518,2,15,0.90037,23,0.09963,2,15,0.75798,23,0.24202,2,15,0.82308,23,0.17692,2,15,0.66849,23,0.33151,2,15,0.44818,23,0.55182,2,15,0.09979,23,0.90021,2,15,0.00438,23,0.99562,2,15,0.00536,23,0.99464,2,15,0.29595,23,0.70405,2,15,0.29729,23,0.70271,2,15,0.30996,23,0.69004,2,15,0.28201,23,0.71799,2,15,0.23716,23,0.76284,2,15,0.18206,23,0.81794,2,15,0.12123,23,0.87877,2,15,0.56355,23,0.43645,2,15,0.60771,23,0.39229,2,15,0.55624,23,0.44376,2,15,0.41449,23,0.58551,2,15,0.42658,23,0.57342,2,15,0.55419,23,0.44581,2,15,0.63466,23,0.36534,2,15,0.72031,23,0.27969,2,15,0.86319,23,0.13681,2,15,0.80199,23,0.19801,2,15,0.66989,23,0.33011,2,15,0.9149,23,0.0851,2,15,0.93047,23,0.06953,2,15,0.9727,23,0.0273,2,15,0.97192,23,0.02808,2,15,0.98848,23,0.01152,2,15,0.98406,23,0.01594],"name":"right wing","type":"mesh","uvs":[0,0.62064,0.02628,0.65278,0.03348,0.67757,0.04145,0.70502,0.0728,0.72109,0.11225,0.7673,0.16586,0.88282,0.21744,0.80748,0.267,0.80547,0.31251,0.83159,0.38938,0.76629,0.4612,0.77333,0.56639,0.80447,0.63921,0.86474,0.66247,0.81753,0.66753,0.72611,0.70799,0.73013,0.77575,0.76429,0.85465,0.81954,0.92949,0.89588,0.96591,0.97725,1,0.91798,1,0.77031,1,0.57945,0.97096,0.42073,0.9386,0.28713,0.84554,0.16156,0.97197,0.23087,0.95175,0.18466,0.81115,0.07617,0.64831,0.01289,0.52492,0,0.355,0,0.20834,0.05508,0.24879,0.10229,0.26599,0.2158,0.23969,0.33133,0.16687,0.43781,0.05662,0.54128,0,0.5905,0.16687,0.61461,0.28622,0.50411,0.40253,0.50712,0.32061,0.38859,0.36916,0.29617,0.39444,0.21078,0.39141,0.11033,0.532,0.08622,0.6999,0.1053,0.91938,0.66684,0.94568,0.82958,0.8415,0.60456,0.7798,0.48201,0.68574,0.35744,0.60482,0.26,0.47839,0.15654,0.42478,0.31726,0.47232,0.44183,0.52492,0.47899,0.67562,0.54529,0.70091,0.61561,0.61291,0.66885,0.51784,0.58648,0.44198,0.5473,0.34185,0.60959,0.40557,0.66082,0.52087,0.702,0.30645,0.73314,0.27206,0.64575,0.20227,0.68995,0.20935,0.74219,0.15372,0.69698,0.17496,0.75324],"userEdges":[2,40,40,41,41,42,42,43,43,44,44,45,45,46,46,47,47,48,48,26],"bonePose":[15,0.4078524455726449,-0.9130478534230356,0.9130478534230356,0.4078524455726449,18.40858539936933,-548.1374241922438,23,0.9999049456400824,0.013787664214945428,-0.013787664214945428,0.9999049456400824,116.55011937751486,-767.8441291614288],"width":437,"slotPose":[1,0,0,1,0,0],"height":440,"transform":{}}],"name":"right wing"},{"display":[{"edges":[39,38,38,37,37,36,36,35,35,34,34,33,33,32,32,31,31,30,30,29,29,28,28,27,27,26,26,25,25,24,24,23,23,22,22,21,21,20,20,19,19,18,18,17,17,16,16,15,15,14,14,13,13,12,12,11,11,10,10,9,9,8,8,7,7,6,6,5,5,4,4,3,3,2,2,1,1,0,0,55,55,54,54,53,53,52,52,51,51,50,50,49,49,48,48,47,47,46,46,45,45,44,44,43,43,42,42,41,41,40,40,39],"vertices":[-84.55,-519.73,-82.39,-528.4,-67.21,-548.72,-52.57,-562.55,-34.14,-555.23,-17.89,-563.63,-10.84,-608.62,2.89,-651.53,27.83,-698.14,50.05,-723.07,37.58,-664.27,30.53,-609.8,24.3,-594.08,47.06,-603.57,68.74,-596.52,92.04,-571.04,101.85,-537.71,98.28,-496.52,77.68,-450.24,40.81,-418.81,37.29,-401.46,39.74,-397.4,51.12,-411.76,68.19,-385.47,83.09,-350.52,95.01,-301.73,51.38,-326.39,36.75,-340.22,37.56,-331.81,29.43,-325.31,24.56,-345.1,1.79,-352.14,2.88,-343.2,-9.32,-320.98,-17.45,-333.72,-28.29,-313.39,-43.47,-286.29,-54.03,-276,-61.9,-329.8,-85.16,-323.03,-77.33,-347.96,-61.62,-367.74,-64.06,-386.17,-48.62,-382.11,-36.42,-386.98,-34.52,-398.64,-40.48,-415.17,-58.37,-416.26,-70.29,-424.39,-80.59,-442.28,-79.51,-459.62,-85.15,-472.35,-85.16,-488.35,-81.4,-492.69,-71.91,-500.01,-68.12,-505.42,-34.79,-423.03,3.42,-430.62,-16.63,-365.18,-7.42,-377.37,-3.09,-370.05,14.25,-384.42,22.12,-379,32.69,-384.95],"triangles":[24,26,25,15,12,16,5,17,16,12,5,16,57,18,17,5,57,17,8,10,9,14,12,15,23,27,24,27,26,24,13,12,14,63,27,23,57,19,18,5,4,57,21,63,23,22,21,23,4,55,57,62,30,63,63,30,27,7,11,10,57,20,19,8,7,10,20,63,21,29,28,27,30,29,27,61,63,20,57,61,20,62,31,30,7,6,11,61,62,63,6,12,11,60,31,62,55,56,57,61,60,62,6,5,12,55,54,56,57,59,61,54,50,56,45,59,57,59,60,61,60,58,31,56,45,57,31,34,32,34,33,32,58,34,31,45,44,59,59,58,60,44,58,59,46,45,56,41,38,34,41,34,58,43,41,58,44,43,58,38,35,34,49,48,56,50,49,56,2,55,4,38,36,35,51,50,54,1,55,2,48,47,56,3,2,4,47,46,56,53,51,54,40,38,41,42,41,43,52,51,53,1,0,55,40,39,38,38,37,36],"path":"Torso","weights":[2,12,0.08399,14,0.91601,2,12,0.05699,14,0.94301,2,12,0.00044,14,0.99956,1,14,1,2,12,0.03798,14,0.96202,2,12,0.24768,14,0.75232,2,12,0.21369,14,0.78631,2,12,0.07227,14,0.92773,2,12,0.00298,14,0.99702,1,14,1,2,12,0.02933,14,0.97067,2,12,0.21125,14,0.78875,2,12,0.37499,14,0.62501,2,12,0.57734,14,0.42266,2,12,0.65455,14,0.34545,2,12,0.7704,14,0.2296,2,12,0.86924,14,0.13076,3,11,0.00418,12,0.9535,14,0.04232,3,11,0.10654,12,0.89283,14,0.00063,2,11,0.72764,12,0.27236,2,11,0.98148,12,0.01852,2,11,0.99683,12,0.00317,1,11,1,1,11,1,1,11,1,1,11,1,1,11,1,1,11,1,1,11,1,1,11,1,1,11,1,1,11,1,1,11,1,1,11,1,1,11,1,1,11,1,1,11,1,1,11,1,1,11,1,1,11,1,1,11,1,1,11,1,1,11,1,2,11,0.9961,12,0.0039,2,11,0.96391,12,0.03609,2,11,0.85813,12,0.14187,3,11,0.50576,12,0.49181,14,0.00243,3,11,0.27188,12,0.71606,14,0.01206,3,11,0.19906,12,0.77779,14,0.02315,3,11,0.11833,12,0.82665,14,0.05502,3,11,0.05826,12,0.82458,14,0.11716,3,11,0.02448,12,0.78281,14,0.1927,3,11,0.00943,12,0.72013,14,0.27045,3,11,0.00707,12,0.69391,14,0.29902,3,11,0.0025,12,0.56462,14,0.43289,3,11,0.00049,12,0.38997,14,0.60954,3,11,0.46324,12,0.53454,14,0.00222,2,11,0.73122,12,0.26878,2,11,0.99947,12,0.00053,2,11,0.99749,12,0.00251,2,11,0.99978,12,0.00022,1,11,1,1,11,1,1,11,1],"name":"Torso","type":"mesh","uvs":[0.00318,0.46435,0.01478,0.44529,0.09158,0.39288,0.18288,0.3625,0.27273,0.38633,0.35969,0.36786,0.39737,0.26899,0.47077,0.17466,0.6041,0.07222,0.72293,0.01742,0.65627,0.14667,0.61859,0.26638,0.58526,0.30093,0.70699,0.28008,0.82293,0.29557,0.94756,0.35155,1,0.42481,0.98089,0.51535,0.87075,0.61705,0.67366,0.68614,0.65482,0.72426,0.66786,0.73319,0.72148,0.70639,0.82003,0.7594,0.89973,0.83623,0.9606,0.93153,0.73018,0.88924,0.65192,0.85887,0.65627,0.87733,0.61279,0.89163,0.58671,0.84815,0.46498,0.83266,0.47077,0.85232,0.41135,0.9089,0.36208,0.87316,0.30411,0.91783,0.22296,0.97739,0.16644,1,0.12441,0.88175,0,0.89664,0.04181,0.84185,0.12586,0.79837,0.11282,0.75787,0.19542,0.7668,0.25774,0.75191,0.27078,0.73047,0.2389,0.69414,0.14325,0.69176,0.07949,0.67389,0.02442,0.63458,0.03022,0.59646,0,0.56847,0,0.53333,0.02007,0.5238,0.07079,0.50771,0.09108,0.4958,0.26933,0.67688,0.47367,0.66019,0.36643,0.80401,0.4157,0.77721,0.43889,0.79329,0.53164,0.76173,0.57367,0.77364,0.63018,0.76054],"userEdges":[46,56,56,57,57,19,43,58,58,59,59,60,60,61,61,62,62,63,63,21],"bonePose":[12,-0.35673799931962524,-0.9342044743210296,0.9342044743210296,-0.35673799931962524,7.28108621271536,-433.334289819305,14,-0.8108595808323735,-0.5852407540255101,0.5852407540255101,-0.8108595808323735,-26.230881443370237,-521.0934581370225,11,0.1074788046979938,-0.994207376024082,0.994207376024082,0.1074788046979938,0.2199999999999989,-367.18],"width":187,"slotPose":[1,0,0,1,0,0],"height":455,"transform":{}}],"name":"Torso"},{"display":[{"path":"head","type":"image","name":"head","transform":{"y":39.64,"x":-49.66,"skX":-152.61,"skY":-152.61}}],"name":"head"},{"display":[{"path":"torso horn","type":"image","name":"torso horn","transform":{"y":-12.13,"x":220.29,"skX":83.83,"skY":83.83}}],"name":"torso horn"},{"display":[{"path":"shadow","type":"image","name":"shadow","transform":{"y":-0.16,"x":-30.28}}],"name":"shadow"},{"display":[{"edges":[22,21,21,20,20,19,19,18,18,17,17,16,16,15,15,14,14,13,13,12,12,11,11,10,10,9,9,8,8,7,7,6,6,5,5,4,4,3,3,2,2,1,1,0,0,37,37,36,36,35,35,34,34,33,33,32,32,31,31,30,30,29,29,28,28,27,27,26,26,25,25,24,24,23,23,22],"vertices":[-16.15,-523.02,-19.16,-506.25,-23.62,-481.39,-50.1,-436.46,-79.9,-398.14,-113.96,-419.43,-130.52,-448.76,-139.98,-433.62,-168.83,-381.12,-191.54,-408.08,-192.01,-424.63,-210.46,-410.44,-241.68,-382.06,-260.59,-347.54,-267.22,-311.12,-265.33,-296.01,-285.19,-305.44,-306,-354.63,-315.46,-405.24,-316.88,-460.11,-314.51,-505.52,-307.9,-535.32,-331.16,-502.68,-331.15,-521.6,-316.88,-558.96,-285.19,-607.69,-256.81,-639.85,-209.98,-675.32,-171.67,-696.01,-152.28,-696.01,-156.06,-685.73,-156.06,-654.04,-147.07,-617.14,-127.2,-590.66,-90.31,-562.27,-60.99,-549.97,-28.82,-540.52,-16.15,-536.26,-272.89,-572.68,-217.55,-620.45,-197.21,-630.86,-180.18,-584.03,-174.51,-573.15,-179.24,-548.56,-151.8,-551.4,-126.73,-532.95,-88.42,-517.82,-32.13,-508.83,-282.83,-362.2,-275.26,-431.25,-257.28,-486.12,-225.59,-565.59,-189.17,-456.32,-172.14,-494.64,-156.53,-519.23,-164.57,-431.25,-152.75,-464.84,-132.88,-500.31,-126.26,-468.15,-100.72,-495.58,-83.69,-439.3,-63.35,-475.24,-55.78,-497.94],"triangles":[61,3,2,47,2,1,47,1,0,36,47,0,36,0,37,47,62,2,62,61,2,35,47,36,61,60,3,60,4,3,59,61,62,46,59,62,34,46,35,59,60,61,34,45,46,58,6,60,59,58,60,60,5,4,6,5,60,45,59,46,45,57,59,33,45,34,33,44,45,57,58,59,55,8,7,42,44,33,54,57,45,56,6,58,57,56,58,44,54,45,32,41,33,41,42,33,56,7,6,53,56,57,54,53,57,56,55,7,9,8,55,43,54,44,31,40,32,40,41,32,30,28,31,42,43,44,52,55,56,53,52,56,28,27,31,28,30,29,43,53,54,27,40,31,52,10,55,10,9,55,51,50,43,43,50,53,40,39,41,50,52,53,51,43,42,41,51,42,39,51,41,11,10,52,50,11,52,50,49,11,27,39,40,26,39,27,38,50,51,38,51,39,49,12,11,26,25,39,25,38,39,38,21,50,48,13,12,49,48,12,18,48,49,16,14,13,19,49,50,20,19,50,21,20,50,17,16,48,48,16,13,14,16,15,24,21,38,25,24,38,18,17,48,19,18,49,24,23,21,22,23,21,62,46,47,46,35,47],"path":"left wing","weights":[1,18,1,1,18,1,2,18,0.99878,22,0.00122,2,18,0.98056,22,0.01944,2,18,0.96576,22,0.03424,2,18,0.93285,22,0.06715,2,18,0.79482,22,0.20518,2,18,0.66322,22,0.33678,2,18,0.56526,22,0.43474,2,18,0.54255,22,0.45745,2,18,0.48217,22,0.51783,2,18,0.32925,22,0.67075,2,18,0.19492,22,0.80508,2,18,0.1385,22,0.8615,2,18,0.12004,22,0.87996,2,18,0.11861,22,0.88139,2,18,0.11987,22,0.88013,2,18,0.1362,22,0.8638,2,18,0.15226,22,0.84774,2,18,0.14116,22,0.85884,2,18,0.09512,22,0.90488,2,18,0.02838,22,0.97162,1,22,1,2,18,0.00151,22,0.99849,2,18,0.00687,22,0.99313,1,22,1,1,22,1,1,22,1,1,22,1,2,18,0.00001,22,0.99999,2,18,0.00071,22,0.99929,2,18,0.89184,22,0.10816,2,18,0.92309,22,0.07691,2,18,0.91799,22,0.08201,2,18,0.98345,22,0.01655,1,18,1,1,18,1,1,18,1,2,18,0.02092,22,0.97908,2,18,0.05585,22,0.94415,2,18,0.19476,22,0.80524,2,18,0.59268,22,0.40732,2,18,0.64332,22,0.35668,2,18,0.5941,22,0.4059,2,18,0.78582,22,0.21418,2,18,0.88209,22,0.11791,2,18,0.96928,22,0.03072,2,18,0.99987,22,0.00013,2,18,0.1418,22,0.8582,2,18,0.18485,22,0.81515,2,18,0.20757,22,0.79243,2,18,0.21407,22,0.78593,2,18,0.50223,22,0.49777,2,18,0.61596,22,0.38404,2,18,0.72315,22,0.27685,2,18,0.58847,22,0.41153,2,18,0.68822,22,0.31178,2,18,0.82055,22,0.17945,2,18,0.82359,22,0.17641,2,18,0.92783,22,0.07217,2,18,0.95704,22,0.04296,2,18,0.98191,22,0.01809,2,18,0.9928,22,0.0072],"name":"left wing","type":"mesh","uvs":[1,0.43248,0.99046,0.47438,0.9763,0.53654,0.89221,0.64888,0.79761,0.74466,0.6895,0.69145,0.64745,0.62405,0.60691,0.65597,0.51531,0.78723,0.44324,0.71983,0.44174,0.67844,0.38317,0.71392,0.28407,0.78487,0.22401,0.87119,0.20298,0.96224,0.20899,1,0.14592,0.97643,0.07985,0.85345,0.04982,0.72692,0.04532,0.58975,0.05282,0.47623,0.07385,0.40174,0,0.48333,0,0.43603,0.04532,0.34261,0.14592,0.22081,0.23602,0.1404,0.38468,0.05172,0.5063,0,0.56787,0,0.55586,0.0257,0.55586,0.10493,0.58439,0.19716,0.64745,0.26338,0.76458,0.33433,0.85767,0.36508,0.95978,0.38873,1,0.39937,0.18496,0.30832,0.36065,0.18889,0.42522,0.16287,0.47928,0.27994,0.49816,0.30762,0.48298,0.36902,0.56999,0.36188,0.65149,0.40908,0.77173,0.44614,0.94927,0.46796,0.15343,0.83453,0.17746,0.66189,0.23464,0.52479,0.33544,0.32624,0.45092,0.59931,0.50745,0.50492,0.55639,0.44309,0.52884,0.66189,0.5698,0.57986,0.63393,0.49177,0.65856,0.57421,0.73522,0.50314,0.7862,0.64212,0.85062,0.55217,0.8746,0.49538],"userEdges":[21,38,38,39,39,40,40,41,41,42,42,43,43,44,44,45,45,46,46,47,47,1],"bonePose":[18,-0.6954112803096729,-0.7186119615049986,0.7186119615049986,-0.6954112803096729,-40.48914590457506,-522.4673921071767,22,-0.8109617122625034,0.5850992234179336,-0.5850992234179336,-0.8109617122625034,-175.6332556008718,-664.4066682586188],"width":315,"slotPose":[1,0,0,1,0,0],"height":400,"transform":{}}],"name":"left wing"},{"display":[{"edges":[2,1,1,0,0,61,61,60,60,59,59,58,58,57,57,56,56,55,55,54,54,53,53,52,52,51,51,50,50,49,49,48,48,47,47,46,46,45,45,44,44,43,43,42,42,41,41,40,40,39,39,38,38,37,37,36,36,35,35,34,34,33,33,32,32,31,31,30,30,29,29,28,28,27,27,26,26,25,25,24,24,23,23,22,22,21,21,20,20,19,19,18,18,17,17,16,16,15,15,14,14,13,13,12,12,11,11,10,10,9,9,8,8,7,7,6,6,5,5,4,4,3,3,2],"vertices":[25.77,-459.77,10.43,-479.02,7.85,-504.97,16.85,-557.98,35.82,-594.25,58.7,-619,77.12,-619,95.8,-617.68,124.26,-599.55,146.58,-577.23,143.24,-562.72,148.53,-559.1,147.7,-554.63,184.25,-547.38,147.14,-533.43,146.3,-527.85,161.37,-530.91,156.62,-519.76,185.08,-523.94,184.24,-518.36,192.34,-517.52,199.31,-524.78,209.35,-515.85,205.45,-507.48,214.37,-504.42,211.31,-489.91,216.32,-484.88,214.37,-479.86,221.9,-479.86,241.16,-465.63,228.32,-452.8,226.37,-444.99,234.74,-443.04,231.68,-432.15,238.37,-431.04,237.53,-424.62,251.85,-423.22,251.85,-405.65,247.3,-386.12,243.95,-375.51,247.02,-365.19,242.28,-355.15,235.02,-343.43,227.77,-340.92,214.38,-328,189.82,-337.29,193.46,-343.16,185.64,-343.15,183.41,-352.63,175.87,-357.1,178.67,-367.15,175.04,-378.86,180.89,-380.54,170.02,-393.09,176.43,-407.05,144.07,-418.75,106.4,-434.94,106.68,-451.4,98.03,-451.68,96.08,-456.43,61.21,-441.91,42.79,-460.89,114.78,-465.91,139.33,-497.44,50.05,-505.81,67.07,-516.69,213.27,-421.83,211.59,-386.95],"triangles":[67,38,37,35,67,37,36,35,37,66,67,35,67,39,38,39,41,40,67,41,39,43,42,41,67,43,41,28,30,29,33,35,34,67,46,43,33,66,35,31,33,32,28,27,30,31,66,33,27,31,30,46,44,43,48,46,67,27,66,31,50,48,67,55,54,27,54,66,27,52,50,67,54,67,66,63,55,27,23,25,24,25,27,26,25,63,27,46,45,44,54,52,67,19,63,25,23,19,25,20,23,22,21,20,22,20,19,23,54,53,52,63,62,55,17,63,19,48,47,46,50,49,48,51,50,52,62,57,55,15,17,16,57,56,55,15,63,17,12,10,14,10,12,11,65,15,14,10,65,14,65,63,15,8,10,9,8,65,10,65,62,63,4,65,6,6,65,7,65,59,62,7,65,8,59,57,62,65,64,59,59,58,57,4,3,65,5,4,6,61,60,59,64,61,59,3,64,65,3,2,64,1,61,64,1,0,61,2,1,64,17,19,18,12,14,13],"path":"arm right","weights":[2,16,0.99773,21,0.00227,1,16,1,1,16,1,1,16,1,1,16,1,1,16,1,1,16,1,1,16,1,1,16,1,1,16,1,1,16,1,1,16,1,1,16,1,1,16,1,1,16,1,1,16,1,2,16,0.99995,21,0.00005,2,16,0.9983,21,0.0017,2,16,0.37493,21,0.62507,2,16,0.30351,21,0.69649,2,16,0.09347,21,0.90653,2,16,0.03489,21,0.96511,2,16,0.01733,21,0.98267,2,16,0.00903,21,0.99097,1,21,1,1,21,1,1,21,1,1,21,1,1,21,1,1,21,1,1,21,1,1,21,1,1,21,1,1,21,1,1,21,1,1,21,1,1,21,1,1,21,1,1,21,1,1,21,1,1,21,1,1,21,1,1,21,1,1,21,1,1,21,1,1,21,1,1,21,1,1,21,1,1,21,1,1,21,1,1,21,1,1,21,1,1,21,1,2,16,0.00065,21,0.99935,2,16,0.01096,21,0.98904,2,16,0.16489,21,0.83511,2,16,0.46465,21,0.53535,2,16,0.62281,21,0.37719,2,16,0.73826,21,0.26174,2,16,0.7934,21,0.2066,2,16,0.96181,21,0.03819,2,16,0.98783,21,0.01217,2,16,0.68078,21,0.31922,2,16,0.88087,21,0.11913,2,16,0.99842,21,0.00158,2,16,0.99848,21,0.00152,1,21,1,1,21,1],"name":"arm right","type":"mesh","uvs":[0.07346,0.54718,0.01057,0.48102,0,0.39186,0.03687,0.20969,0.11462,0.08505,0.20838,0,0.28385,0,0.36046,0.00452,0.47709,0.06684,0.56857,0.14354,0.55485,0.19339,0.57657,0.20586,0.57314,0.2212,0.72293,0.24612,0.57085,0.29406,0.56742,0.31324,0.62917,0.30269,0.60973,0.34104,0.72636,0.32666,0.72293,0.34584,0.75609,0.34871,0.78468,0.32378,0.82584,0.35446,0.80983,0.38323,0.84642,0.39377,0.83385,0.44363,0.85443,0.46089,0.84642,0.47815,0.8773,0.47815,0.95619,0.52704,0.9036,0.57114,0.89559,0.59799,0.92989,0.6047,0.91732,0.64209,0.94476,0.64593,0.94133,0.66798,1,0.68236,1,0.73318,0.98135,0.80029,0.96763,0.83672,0.98021,0.8722,0.96077,0.90671,0.93104,0.94698,0.90131,0.95561,0.84642,1,0.7458,0.96807,0.76067,0.94794,0.72865,0.94794,0.7195,0.91534,0.68863,0.9,0.70006,0.86548,0.6852,0.82522,0.70921,0.81946,0.66462,0.77632,0.69092,0.72838,0.55828,0.68811,0.40391,0.63251,0.40506,0.57594,0.36961,0.57498,0.3616,0.55868,0.21867,0.60854,0.14321,0.54334,0.43822,0.52608,0.53884,0.41774,0.17294,0.38898,0.24269,0.35159,0.84185,0.67757,0.83499,0.79741],"userEdges":[57,62,62,63,63,17,61,64,64,65,65,14,54,66,66,35,52,67,67,38],"bonePose":[16,0.9431066543775756,0.33249035845981545,-0.33249035845981545,0.9431066543775756,36.03319610430018,-548.487848934003,21,0.39394190959095154,0.9191353392552344,-0.9191353392552344,0.39394190959095154,166.12532800914292,-502.624128888056],"width":244,"slotPose":[1,0,0,1,0,0],"height":291,"transform":{}}],"name":"arm right"},{"display":[{"edges":[73,74,74,75,75,76,76,77,77,78,78,79,79,80,80,81,81,82,82,83,83,84,84,85,85,86,86,87,87,88,88,89,89,90,90,91,91,92,92,93,93,0,0,1,1,2,2,3,3,4,4,5,5,6,6,7,7,8,8,9,9,10,10,11,11,12,12,13,13,14,14,15,15,16,16,17,17,18,18,19,19,20,20,21,21,22,22,23,23,24,24,25,25,26,26,27,27,28,28,29,29,30,30,31,31,32,32,33,33,34,34,35,35,36,36,37,37,38,38,39,39,40,40,41,41,42,42,43,43,44,44,45,45,46,46,47,47,48,48,49,49,50,50,51,51,52,52,53,53,54,54,55,55,56,56,57,57,58,58,59,59,60,60,61,61,62,62,63,63,64,64,65,65,66,66,67,67,68,68,69,69,70,70,71,71,72,72,73],"vertices":[-110.63,-28.42,-101.74,-46.72,-92.85,-65.03,-78.46,-84.07,-64.08,-103.12,-48.46,-118.07,-30.88,-122,-20.66,-139.01,-10.4,-156.02,0.25,-164.59,8.74,-158.78,32.5,-167.18,43.03,-176.33,53.35,-185.67,73.41,-204.34,80.74,-208.96,95.96,-219.5,115.02,-236.19,121.69,-250.52,108.03,-252.11,127.73,-262.29,148.4,-264.2,163.35,-282.96,173.97,-292.19,184.6,-301.41,195.22,-310.63,205.84,-319.86,205.84,-330.99,188.41,-326.53,170.98,-322.08,159.53,-315.39,148.08,-308.72,132.49,-301.87,108.97,-291.54,118.51,-301.72,138.86,-311.27,147.13,-322.07,155.39,-332.89,167.96,-343.07,180.51,-353.24,160.8,-355.15,145.85,-347.52,157.94,-364.05,170.34,-388.54,170.02,-399.01,153.17,-393.95,140.13,-388.78,127.09,-383.6,114.06,-378.44,101.02,-373.27,99.11,-379.95,81.3,-376.93,63.49,-373.9,53,-385.35,36.54,-386.86,20.08,-388.37,3.63,-389.88,-12.83,-391.38,-26.82,-381.52,-40.82,-371.67,-54.01,-361.81,-67.2,-351.95,-71.66,-338.6,-80.24,-328.11,-91.36,-326.2,-91.67,-319.84,-97.71,-320.48,-103.14,-339.23,-116.48,-323.34,-117.07,-311.92,-127.54,-302.74,-116.04,-296.11,-121.69,-290.79,-133.93,-298.14,-133.94,-288.62,-129.9,-270.92,-120.44,-260.28,-110.86,-249.87,-124.24,-230.55,-111.77,-221.51,-99.3,-212.7,-76.36,-208.47,-92.06,-203.38,-107.94,-197.36,-95.34,-188.42,-82.9,-179.91,-96.3,-172.51,-109.61,-164.8,-100.89,-147.5,-108.44,-133.79,-115.98,-120.07,-120.99,-94.8,-126.01,-69.53,-122.62,-45.63,-22.6,-250.08,-59.12,-148.28,61.58,-267.74,-16.55,-340.21,36.25,-315.04,-74.62,-283.49,-31.86,-189.96,22.16,-222.91,81.64,-320.54,-30.84,-303.88,13.36,-271.93,-68.69,-232.31,23.91,-365.71,64.63,-218.24,-19.52,-211.89,118.83,-339.65,-0.36,-302.61,-43.25,-256.17,46.1,-349.18,17.96,-334.55,43.84,-253.64,57.59,-286.77,0.65,-181.21,-79.15,-246.82,-66.32,-318.47,85.03,-356.08,-48.87,-337.4,-1.38,-365.31,7.4,-242.14,-102.73,-284.63,-74.68,-135.24,-92.5,-114.12,-46.87,-170.73,82.63,-265.29,-47.54,-282.4,-43.32,-224.47,-21.88,-277.89,16.74,-187.72,30.18,-286.05,61.27,-325.54,86.2,-296.35,76.79,-240.83,99.9,-317.64,-52.16,-202.64,48.61,-227.67,10.83,-208.26,-62.66,-260.09,35.75,-202.47,-12.94,-321.17,-99.43,-267.11,-58.03,-183.63,-35.08,-324.28,-104.43,-91.31,130.15,-361.62,-13.57,-227.35,-31.94,-354.59,93.03,-341.94,71.75,-344.53,23.36,-255.37,102.7,-273.52,-95.15,-304.95,-50.57,-308.25,-7.82,-284.26,14.99,-299.08,-36.1,-142.38,2.2,-345.39,-3.11,-258.42,58.85,-305.05,-92.1,-234.08,-20.85,-163.35,-76.45,-310.5,43.31,-269.92],"triangles":[28,25,26,28,26,27,29,24,28,28,24,25,30,23,24,29,30,24,40,38,39,31,22,23,30,31,23,44,45,43,45,42,43,40,41,38,41,37,38,45,46,42,32,21,22,31,32,22,46,147,42,147,41,42,32,20,21,41,36,37,47,147,46,41,109,36,109,35,36,33,20,32,147,109,41,109,34,35,136,34,109,33,153,20,47,48,147,49,109,147,48,49,147,153,19,20,49,150,109,19,17,18,119,150,49,136,33,34,150,136,109,19,16,17,136,134,33,134,153,33,135,16,19,153,127,19,127,135,19,150,102,136,134,127,153,102,134,136,50,51,49,51,119,49,135,15,16,135,107,15,115,127,134,119,151,150,151,102,150,151,133,102,115,96,127,96,135,127,51,52,119,102,161,134,161,115,134,52,151,119,133,161,102,107,14,15,52,112,151,96,114,135,114,138,135,138,107,135,107,13,14,112,133,151,115,165,96,98,161,133,141,13,107,138,141,107,53,112,52,106,112,53,54,106,53,165,114,96,112,98,133,132,115,161,98,132,161,132,165,115,113,98,112,141,12,13,152,101,114,114,101,138,101,141,138,165,152,114,141,131,12,106,113,112,157,132,98,131,11,12,132,104,165,104,152,165,122,101,152,101,139,141,55,106,54,113,157,98,139,131,141,131,10,11,159,113,106,157,104,132,142,110,113,110,157,113,9,10,131,116,9,131,56,121,55,121,159,106,55,121,106,104,160,152,160,122,152,156,104,157,122,139,101,122,148,139,110,156,157,159,142,113,139,116,131,156,160,104,108,116,139,148,108,139,97,142,159,57,121,56,160,94,122,94,148,122,156,130,160,108,100,116,121,97,159,116,163,9,57,58,121,163,8,9,100,163,116,149,97,121,103,156,110,142,103,110,58,149,121,130,94,160,103,130,156,163,7,8,163,158,7,97,145,142,145,103,142,94,129,148,129,108,148,59,149,58,130,111,94,100,126,163,158,6,7,126,158,163,149,145,97,103,128,130,120,145,149,111,129,94,137,100,108,129,137,108,128,111,130,158,5,6,126,95,158,59,60,149,144,126,100,145,155,103,155,128,103,95,5,158,137,144,100,60,120,149,105,129,111,120,155,145,118,155,120,140,105,111,128,140,111,95,124,5,124,4,5,60,61,120,155,99,128,105,137,129,144,95,126,144,85,95,105,81,137,164,99,155,62,118,120,99,140,128,61,62,120,117,105,140,124,125,4,81,144,137,118,164,155,86,124,95,85,86,95,86,88,124,125,3,4,81,85,144,125,146,3,62,63,118,99,143,140,143,117,140,82,85,81,162,81,105,63,164,118,82,84,85,164,154,99,89,125,124,146,2,3,117,162,105,88,89,124,162,80,81,63,65,164,154,123,99,123,143,99,65,154,164,146,92,2,64,65,63,77,162,117,143,77,117,92,1,2,87,88,86,92,93,1,90,146,125,89,90,125,90,91,146,79,80,162,66,154,65,93,0,1,91,92,146,83,84,82,71,123,154,77,79,162,66,69,154,69,71,154,78,79,77,67,68,66,68,69,66,75,76,123,123,76,143,76,77,143,72,75,123,71,72,123,70,71,69,74,75,72,73,74,72],"path":"flame tail","weights":[1,13,1,1,13,1,1,13,1,1,13,1,1,13,1,1,13,1,1,13,1,1,13,1,2,10,0.01347,13,0.98653,2,10,0.13794,13,0.86206,2,10,0.23412,13,0.76588,2,10,0.47385,13,0.52615,2,10,0.61417,13,0.38583,2,10,0.74725,13,0.25275,2,10,0.91833,13,0.08167,2,10,0.94693,13,0.05307,2,10,0.9814,13,0.0186,2,10,0.99751,13,0.00249,2,10,0.99931,13,0.00069,2,10,0.99918,13,0.00082,1,10,1,1,10,1,1,10,1,1,10,1,1,10,1,1,10,1,1,10,1,1,10,1,1,10,1,1,10,1,1,10,1,1,10,1,1,10,1,1,10,1,1,10,1,1,10,1,1,10,1,1,10,1,1,10,1,1,10,1,1,10,1,1,10,1,1,10,1,1,10,1,1,10,1,1,10,1,1,10,1,1,10,1,1,10,1,1,10,1,1,10,1,1,10,1,1,10,1,1,10,1,1,10,1,1,10,1,1,10,1,1,10,1,1,10,1,1,10,1,1,10,1,1,10,1,1,10,1,2,10,0.9997,13,0.0003,2,10,0.99904,13,0.00096,2,10,0.9981,13,0.0019,2,10,0.99815,13,0.00185,1,10,1,2,10,0.99831,13,0.00169,2,10,0.99445,13,0.00555,2,10,0.99092,13,0.00908,2,10,0.98419,13,0.01581,2,10,0.97451,13,0.02549,2,10,0.97385,13,0.02615,2,10,0.97257,13,0.02743,2,10,0.95943,13,0.04057,2,10,0.93634,13,0.06366,2,10,0.87949,13,0.12051,2,10,0.81718,13,0.18282,2,10,0.79071,13,0.20929,2,10,0.72558,13,0.27442,2,10,0.45822,13,0.54178,2,10,0.22558,13,0.77442,2,10,0.19144,13,0.80856,2,10,0.18468,13,0.81532,2,10,0.09843,13,0.90157,2,10,0.02167,13,0.97833,2,10,0.00569,13,0.99431,2,10,0.00101,13,0.99899,1,13,1,1,13,1,1,13,1,1,13,1,1,13,1,2,10,0.99447,13,0.00553,2,10,0.00156,13,0.99844,2,10,0.99923,13,0.00077,1,10,1,1,10,1,2,10,0.97611,13,0.02389,2,10,0.0591,13,0.9409,2,10,0.94141,13,0.05859,1,10,1,1,10,1,1,10,1,2,10,0.7606,13,0.2394,1,10,1,2,10,0.93538,13,0.06462,2,10,0.93485,13,0.06515,1,10,1,1,10,1,2,10,0.96206,13,0.03794,1,10,1,1,10,1,2,10,0.99496,13,0.00504,1,10,1,2,10,0.23177,13,0.76823,2,10,0.85942,13,0.14058,2,10,0.99953,13,0.00047,1,10,1,1,10,1,1,10,1,2,10,0.99989,13,0.00011,2,10,0.97106,13,0.02894,1,13,1,1,13,1,2,10,0.01613,13,0.98387,2,10,0.99922,13,0.00078,2,10,0.991,13,0.009,2,10,0.77757,13,0.22243,2,10,0.99977,13,0.00023,2,10,0.51431,13,0.48569,1,10,1,1,10,1,1,10,1,2,10,0.98671,13,0.01329,1,10,1,2,10,0.35574,13,0.64426,2,10,0.94956,13,0.05044,2,10,0.8356,13,0.1644,2,10,0.93591,13,0.06409,2,10,0.78848,13,0.21152,1,10,1,2,10,0.93576,13,0.06424,2,10,0.11096,13,0.88904,1,10,1,1,13,1,1,10,1,2,10,0.99835,13,0.00165,1,10,1,1,10,1,1,10,1,2,10,0.99939,13,0.00061,1,10,1,2,10,0.9923,13,0.0077,2,10,0.99922,13,0.00078,1,10,1,1,10,1,1,13,1,1,10,1,1,10,1,1,10,1,2,10,0.79658,13,0.20342,1,13,1,2,10,0.99699,13,0.00301,2,10,0.9998,13,0.0002],"name":"flame tail","type":"mesh","uvs":[0.11286,1,0.13437,0.94976,0.15589,0.89952,0.1933,0.8461,0.23071,0.79268,0.2728,0.74978,0.3233,0.73548,0.34902,0.68837,0.37475,0.64126,0.4028,0.61686,0.42806,0.63116,0.49446,0.6076,0.52346,0.58405,0.55245,0.56049,0.61044,0.51338,0.63195,0.5016,0.67673,0.47443,0.73285,0.43068,0.75249,0.39282,0.71227,0.38862,0.77026,0.3617,0.83105,0.35665,0.87501,0.30701,0.90626,0.28262,0.93751,0.25822,0.96875,0.23382,1,0.20943,1,0.17998,0.94873,0.19176,0.89746,0.20354,0.86379,0.2212,0.83012,0.23887,0.78423,0.25699,0.71508,0.2843,0.74313,0.25738,0.80299,0.23214,0.82731,0.20354,0.85163,0.17493,0.88857,0.14801,0.92552,0.12109,0.86753,0.11604,0.82357,0.13624,0.85911,0.09249,0.89559,0.02771,0.89465,0,0.84508,0.01341,0.80673,0.02708,0.76839,0.04075,0.73004,0.05442,0.69169,0.06809,0.68608,0.05043,0.63371,0.05842,0.58133,0.06641,0.55046,0.03612,0.50206,0.03213,0.45366,0.02813,0.40526,0.02414,0.35686,0.02014,0.31571,0.04622,0.27455,0.0723,0.23574,0.09838,0.19692,0.12446,0.18383,0.15979,0.15858,0.18755,0.12584,0.1926,0.12491,0.20943,0.10713,0.20774,0.09123,0.15811,0.05195,0.20017,0.05008,0.23046,0.01922,0.25485,0.05289,0.27252,0.03605,0.28682,0,0.26747,0,0.29271,0.01173,0.33982,0.03933,0.36843,0.06692,0.39703,0.02764,0.45003,0.06458,0.474,0.10152,0.49798,0.16886,0.51144,0.1235,0.53079,0.07814,0.55014,0.11696,0.57159,0.15577,0.59304,0.11883,0.6166,0.08188,0.64016,0.11181,0.6839,0.09311,0.72176,0.0744,0.75962,0.06598,0.82734,0.05756,0.89506,0.07346,0.95731,0.32804,0.39399,0.234,0.67251,0.57567,0.34726,0.34591,0.15553,0.5012,0.22214,0.17459,0.30586,0.30338,0.55635,0.45943,0.46537,0.63468,0.2076,0.30389,0.25165,0.43385,0.33616,0.19055,0.44378,0.46489,0.08809,0.5844,0.47705,0.33697,0.49506,0.74408,0.15703,0.39354,0.255,0.2668,0.37807,0.53019,0.1318,0.44741,0.17051,0.52344,0.38448,0.56396,0.29692,0.40001,0.57328,0.16008,0.40454,0.19951,0.21304,0.64468,0.11356,0.25084,0.16296,0.39055,0.08912,0.41633,0.41498,0.09178,0.30309,0.19168,0.71038,0.14469,0.77006,0.26424,0.61049,0.63759,0.35372,0.25456,0.30852,0.26577,0.46307,0.3302,0.3204,0.44528,0.55544,0.48333,0.29883,0.57478,0.19435,0.64808,0.27157,0.62029,0.41817,0.68841,0.21526,0.24079,0.52475,0.53721,0.45253,0.42609,0.50364,0.2093,0.36815,0.49964,0.51748,0.35651,0.20591,0.10102,0.35007,0.22784,0.5781,0.29141,0.19766,0.11541,0.83284,0.77737,0.09894,0.35465,0.45412,0.30066,0.11747,0.6682,0.15095,0.60564,0.14412,0.46327,0.37996,0.69665,0.33198,0.11451,0.24894,0.2458,0.24007,0.37154,0.30356,0.43866,0.26434,0.30299,0.68294,0.40104,0.14183,0.38542,0.3719,0.56764,0.24855,0.12185,0.43974,0.34246,0.62422,0.16965,0.23415,0.52193,0.34149],"userEdges":[],"bonePose":[13,-0.4196105131155108,0.9077042565081084,-0.9077042565081084,-0.4196105131155108,-15.547721144206598,-200.14629786873635,10,-0.20671650321370705,0.9784008827158208,-0.9784008827158208,-0.20671650321370705,13.989999999999998,-339.95],"width":340,"slotPose":[1,0,0,1,0,0],"height":378,"transform":{}}],"name":"flame tail"}]}],"ik":[{"target":"TailIK","name":"TailIK","bone":"Mid3","chain":1},{"target":"Wing Right IK","name":"Wing Right IK","bone":"upper body5","chain":1},{"target":"Arm Right IK","name":"Arm Right IK","bone":"upper body4","chain":1},{"target":"arm right IK","name":"arm right IK","bone":"upper body3","chain":1},{"target":"Wing Left IK","bendPositive":"false","name":"Wing Left IK","bone":"upper body6","chain":1},{"bendPositive":"false","name":"Chain Left Ik","bone":"left chain","target":"Chain Left Ik"},{"bendPositive":"false","name":"chain Right IK","bone":"chain right","target":"chain Right IK"}],"slot":[{"color":{},"name":"shadow","parent":"shadow"},{"z":1,"color":{},"name":"left wing","parent":"wing left"},{"z":2,"color":{},"name":"right wing","parent":"Wing Right"},{"z":3,"color":{},"name":"flame tail","parent":"Tail"},{"z":4,"color":{},"name":"chain left","parent":"left chain"},{"z":5,"color":{},"name":"arm left","parent":"arm left"},{"z":6,"color":{},"name":"Torso","parent":"mid body"},{"z":7,"color":{},"name":"head","parent":"head"},{"z":8,"color":{},"name":"torso horn","parent":"mid body"},{"z":9,"color":{},"name":"chain right","parent":"chain right"},{"z":10,"color":{},"name":"arm right","parent":"arm right"}],"defaultActions":[{"gotoAndPlay":"Damage"}],"name":"Ilnoct","bone":[{"transform":{},"name":"root"},{"transform":{"y":-391.11,"x":213.9},"name":"Arm Right IK","parent":"root"},{"transform":{"y":-317.7,"x":-92.32},"name":"Chain Left Ik","parent":"root"},{"transform":{"y":-358.32,"x":-8.46},"name":"Mid","parent":"root"},{"transform":{"y":-23.64,"x":-97.68},"name":"TailIK","parent":"root"},{"transform":{"y":-329.5,"x":-153.81},"name":"arm right IK","parent":"root"},{"transform":{"y":-764.93,"x":334.68},"name":"Wing Right IK","parent":"root"},{"transform":{"y":-577.71,"x":-296.33},"name":"Wing Left IK","parent":"root"},{"transform":{"y":-240.95,"x":231.59},"name":"chain Right IK","parent":"root"},{"transform":{"y":-8.84,"x":7.64},"name":"shadow","parent":"root"},{"length":142,"transform":{"y":18.37,"x":22.45,"skX":101.93,"skY":101.93},"parent":"Mid","name":"Tail"},{"length":65,"transform":{"y":-8.86,"x":8.68,"skX":-83.83,"skY":-83.83},"parent":"Mid","name":"mid body"},{"length":93,"transform":{"y":-0.09,"x":66.53,"skX":-27.07,"skY":-27.07},"parent":"mid body","name":"upper body"},{"length":193,"transform":{"x":142.89,"skX":12.88,"skY":12.88},"parent":"Tail","name":"Mid3"},{"length":52,"transform":{"x":93.94,"skX":-33.28,"skY":-33.28},"parent":"upper body","name":"neck"},{"length":240,"transform":{"y":51.35,"x":103.28,"skX":44.97,"skY":44.97},"parent":"upper body","name":"Wing Right"},{"length":137,"transform":{"y":67.94,"x":97.32,"skX":130.32,"skY":130.32},"parent":"upper body","name":"arm right"},{"length":84,"transform":{"y":-34.01,"x":36.12,"skX":-121.09,"skY":-121.09},"parent":"upper body","name":"arm left"},{"length":195,"transform":{"y":-12.83,"x":100.31,"skX":-23.16,"skY":-23.16},"parent":"upper body","name":"wing left"},{"length":87,"transform":{"x":84.51,"skX":10.05,"skY":10.05},"parent":"arm left","name":"upper body3"},{"length":54,"transform":{"x":52.75,"skX":-63.21,"skY":-63.21},"parent":"neck","name":"head"},{"length":120,"transform":{"x":137.94,"skX":47.38,"skY":47.38},"parent":"arm right","name":"upper body4"},{"length":147,"transform":{"y":1.59,"x":195.98,"skX":-81.75,"skY":-81.75},"parent":"wing left","name":"upper body6"},{"length":218,"transform":{"x":240.63,"skX":66.72,"skY":66.72},"parent":"Wing Right","name":"upper body5"},{"length":48,"transform":{"y":-11.58,"x":18.12,"skX":-51.18,"skY":-51.18},"parent":"upper body3","name":"left chain"},{"length":99,"transform":{"y":-20.61,"x":120.28,"skX":23.45,"skY":23.45},"parent":"upper body4","name":"chain right"}]}]}