{"width":2048,"imagePath":"Ilnoct_tex.png","height":1024,"name":"Ilnoct","SubTexture":[{"frameX":-1,"frameHeight":18,"y":978,"frameY":-1,"frameWidth":403,"width":401,"height":16,"name":"shadow","x":1},{"width":315,"y":443,"height":400,"name":"left wing","x":343},{"width":437,"y":1,"height":440,"name":"right wing","x":1},{"width":340,"y":443,"height":378,"name":"flame tail","x":1},{"frameX":-1,"frameHeight":61,"y":963,"frameY":-1,"frameWidth":23,"width":21,"height":59,"name":"chain left","x":1029},{"width":180,"y":736,"height":225,"name":"arm left","x":1029},{"width":187,"y":443,"height":455,"name":"Torso","x":660},{"frameX":-1,"frameHeight":242,"y":736,"frameY":-1,"frameWidth":180,"width":178,"height":240,"name":"head","x":849},{"frameX":-1,"frameHeight":287,"y":736,"frameY":-1,"frameWidth":70,"width":68,"height":285,"name":"torso horn","x":1211},{"frameX":-1,"frameHeight":145,"y":845,"frameY":-1,"frameWidth":31,"width":29,"height":143,"name":"chain right","x":404},{"width":244,"y":443,"height":291,"name":"arm right","x":849}]}