{"frameRate":30,"armature":[{"type":"Armature","frameRate":30,"aabb":{"width":734.9931843678191,"y":-484.9900434344858,"height":544.6175071659352,"x":-426.8536552957794},"animation":[{"frame":[],"ffd":[],"bone":[{"frame":[{"duration":10,"transform":{}},{"duration":20,"transform":{}},{"duration":0,"transform":{}}],"name":"root"},{"frame":[{"duration":10,"transform":{}},{"duration":20,"transform":{}},{"duration":0,"transform":{}}],"name":"duesaRoot"},{"frame":[{"duration":10,"transform":{}},{"duration":20,"transform":{}},{"duration":0,"transform":{}}],"name":"skel root"},{"frame":[{"duration":10,"curve":[0.25,0,1,0.12],"transform":{}},{"duration":5,"curve":[0.25,0,0,1],"transform":{"y":-40.74}},{"duration":15,"curve":[0.25,0,0.75,1],"transform":{"y":-40.74,"x":-22.57}},{"duration":0,"transform":{}}],"name":"dmid"},{"frame":[{"duration":10,"transform":{}},{"duration":20,"transform":{}},{"duration":0,"transform":{}}],"name":"bodyd"},{"frame":[{"duration":10,"transform":{}},{"duration":20,"transform":{}},{"duration":0,"transform":{}}],"name":"chestmid"},{"frame":[{"duration":10,"transform":{}},{"duration":20,"transform":{}},{"duration":0,"transform":{}}],"name":"neck"},{"frame":[{"duration":10,"transform":{}},{"duration":20,"transform":{}},{"duration":0,"transform":{}}],"name":"head"},{"frame":[{"duration":10,"curve":[0.25,0,1,0.1],"transform":{}},{"duration":5,"transform":{"y":-122.76,"x":164.99}},{"duration":15,"curve":[0.25,0,0,1],"transform":{"y":-122.76,"x":164.99}},{"duration":0,"transform":{}}],"name":"right Arm IK"},{"frame":[{"duration":10,"curve":[0.25,0,1,0.12],"transform":{"skX":-3.14,"skY":-3.14}},{"duration":20,"curve":[0.25,0,0,1],"transform":{"skX":113.7,"skY":113.7}},{"duration":0,"transform":{"skX":-3.14,"skY":-3.14}}],"name":"right arm"},{"frame":[{"duration":10,"transform":{"skX":4.64,"skY":4.64}},{"duration":20,"transform":{"skX":4.64,"skY":4.64}},{"duration":0,"transform":{"skX":4.64,"skY":4.64}}],"name":"right hand"},{"frame":[{"duration":10,"transform":{}},{"duration":20,"transform":{}},{"duration":0,"transform":{}}],"name":"leftArmIK"},{"frame":[{"duration":10,"curve":[0.25,0,1,0.12],"transform":{"skX":1.24,"skY":1.24}},{"duration":20,"curve":[0.25,0,0,1],"transform":{"skX":-12.04,"skY":-12.04}},{"duration":0,"transform":{"skX":1.24,"skY":1.24}}],"name":"left arm"},{"frame":[{"duration":10,"transform":{"skX":-2.27,"skY":-2.27}},{"duration":20,"transform":{"skX":-2.27,"skY":-2.27}},{"duration":0,"transform":{"skX":-2.27,"skY":-2.27}}],"name":"left hand"},{"frame":[{"duration":10,"curve":[0.25,0,1,0.12],"transform":{}},{"duration":20,"curve":[0.25,0,0,1],"transform":{"skX":-13.04,"skY":-13.04}},{"duration":0,"transform":{}}],"name":"weights right"},{"frame":[{"duration":10,"curve":[0.25,0,1,0.12],"transform":{}},{"duration":20,"curve":[0.25,0,0,1],"transform":{"skX":-14.85,"skY":-14.85}},{"duration":0,"transform":{}}],"name":"weights left"},{"frame":[{"duration":10,"curve":[0.25,0,1,0.12],"transform":{}},{"duration":20,"curve":[0.25,0,0,1],"transform":{"scX":0.84}},{"duration":0,"transform":{}}],"name":"duesashadow"},{"frame":[{"duration":10,"transform":{"y":5.24}},{"duration":20,"transform":{"y":5.24}},{"duration":0,"transform":{"y":5.24}}],"name":"leftlegIK"},{"frame":[{"duration":10,"curve":[0.25,0,1,0.12],"transform":{"skX":2.12,"skY":2.12}},{"duration":20,"curve":[0.25,0,0,1],"transform":{"skX":-3.83,"skY":-3.83}},{"duration":0,"transform":{"skX":2.12,"skY":2.12}}],"name":"right leg"},{"frame":[{"duration":10,"curve":[0.25,0,1,0.12],"transform":{"skX":-4.26,"skY":-4.26}},{"duration":20,"curve":[0.25,0,0,1],"transform":{}},{"duration":0,"transform":{"skX":-4.26,"skY":-4.26}}],"name":"right leg2"},{"frame":[{"duration":10,"transform":{}},{"duration":20,"transform":{}},{"duration":0,"transform":{}}],"name":"rightLegIK"},{"frame":[{"duration":10,"curve":[0.25,0,1,0.12],"transform":{"skX":0.08,"skY":0.08}},{"duration":20,"curve":[0.25,0,0,1],"transform":{"skX":0.62,"skY":0.62}},{"duration":0,"transform":{"skX":0.08,"skY":0.08}}],"name":"left leg"},{"frame":[{"duration":10,"transform":{}},{"duration":20,"transform":{}},{"duration":0,"transform":{}}],"name":"left leg2"},{"frame":[{"duration":10,"transform":{}},{"duration":20,"transform":{}},{"duration":0,"transform":{}}],"name":"hair"},{"frame":[{"duration":10,"curve":[0.25,0,1,0.12],"transform":{}},{"duration":5,"curve":[0.25,0,0,1],"transform":{"y":16.6}},{"duration":15,"curve":[0.25,0,0.75,1],"transform":{"y":8.14,"x":-34.48}},{"duration":0,"transform":{}}],"name":"mid"},{"frame":[{"duration":10,"transform":{}},{"duration":20,"transform":{}},{"duration":0,"transform":{}}],"name":"chestSkel"},{"frame":[{"duration":10,"transform":{}},{"duration":20,"transform":{}},{"duration":0,"transform":{}}],"name":"skelNecl"},{"frame":[{"duration":10,"transform":{}},{"duration":20,"transform":{}},{"duration":0,"transform":{}}],"name":"skelHead"},{"frame":[{"duration":10,"curve":[0.25,0,1,0.12],"transform":{}},{"duration":5,"curve":[0.25,0,0,1],"transform":{"skX":23.76,"skY":23.76}},{"duration":15,"curve":[0.25,0,0.75,1],"transform":{"skX":-12.41,"skY":-12.41}},{"duration":0,"transform":{}}],"name":"jaw"},{"frame":[{"duration":10,"transform":{}},{"duration":5,"curve":[0.25,0,0,1],"transform":{}},{"duration":15,"curve":[0.25,0,0.75,1],"transform":{"y":5.64,"x":64.86}},{"duration":0,"transform":{}}],"name":"Right Arm IK Skel"},{"frame":[{"duration":10,"transform":{"skX":0.06,"skY":0.06}},{"duration":20,"transform":{"skX":0.06,"skY":0.06}},{"duration":0,"transform":{"skX":0.06,"skY":0.06}}],"name":"right arm A"},{"frame":[{"duration":10,"transform":{"skX":-0.19,"skY":-0.19}},{"duration":20,"transform":{"skX":-0.19,"skY":-0.19}},{"duration":0,"transform":{"skX":-0.19,"skY":-0.19}}],"name":"right Arm B"},{"frame":[{"duration":10,"curve":[0.25,0,1,0.12],"transform":{}},{"duration":5,"curve":[0.25,0,0,1],"transform":{"y":-454.01,"x":80.51}},{"duration":15,"curve":[0.25,0,0.75,1],"transform":{"y":75.21,"x":-91.51}},{"duration":0,"transform":{}}],"name":"leftArmIKSkel"},{"frame":[{"duration":10,"transform":{"skX":0.02,"skY":0.02}},{"duration":20,"transform":{"skX":0.02,"skY":0.02}},{"duration":0,"transform":{"skX":0.02,"skY":0.02}}],"name":"left Arm A"},{"frame":[{"duration":10,"transform":{"skX":0.02,"skY":0.02}},{"duration":20,"transform":{"skX":0.02,"skY":0.02}},{"duration":0,"transform":{"skX":0.02,"skY":0.02}}],"name":"left Arm B"}],"duration":30,"slot":[],"name":"Attack A","ik":[]},{"frame":[],"ffd":[],"bone":[{"frame":[{"duration":15,"transform":{}},{"duration":5,"transform":{}},{"duration":15,"transform":{}},{"duration":0,"transform":{}}],"name":"root"},{"frame":[{"duration":15,"transform":{}},{"duration":5,"transform":{}},{"duration":15,"transform":{}},{"duration":0,"transform":{}}],"name":"duesaRoot"},{"frame":[{"duration":15,"transform":{}},{"duration":5,"transform":{}},{"duration":15,"transform":{}},{"duration":0,"transform":{}}],"name":"skel root"},{"frame":[{"duration":10,"curve":[0.25,0,1,0],"transform":{}},{"duration":5,"curve":[0.25,0,0,1],"transform":{"y":-20.61}},{"duration":5,"curve":[0.25,0,0.75,1],"transform":{"y":-9.36,"x":-29.01}},{"duration":15,"curve":[0.25,0,0.75,1],"transform":{"y":-9.36,"x":-45.72}},{"duration":0,"transform":{}}],"name":"dmid"},{"frame":[{"duration":15,"transform":{}},{"duration":5,"transform":{}},{"duration":15,"transform":{}},{"duration":0,"transform":{}}],"name":"bodyd"},{"frame":[{"duration":15,"transform":{}},{"duration":5,"transform":{}},{"duration":15,"transform":{}},{"duration":0,"transform":{}}],"name":"chestmid"},{"frame":[{"duration":15,"transform":{}},{"duration":5,"transform":{}},{"duration":15,"transform":{}},{"duration":0,"transform":{}}],"name":"neck"},{"frame":[{"duration":15,"transform":{}},{"duration":5,"transform":{}},{"duration":15,"transform":{}},{"duration":0,"transform":{}}],"name":"head"},{"frame":[{"duration":10,"curve":[0.25,0,1,0],"transform":{}},{"duration":5,"curve":[0.25,0,0,1],"transform":{"y":-36.15,"x":-20.27}},{"duration":5,"transform":{"y":-33.78,"x":-210.9}},{"duration":15,"curve":[0.25,0,0.75,1],"transform":{"y":-33.78,"x":-210.9}},{"duration":0,"transform":{}}],"name":"right Arm IK"},{"frame":[{"duration":15,"curve":[0.25,0,1,0],"transform":{"skX":-3.14,"skY":-3.14}},{"duration":5,"transform":{"skX":101.52,"skY":101.52}},{"duration":15,"curve":[0.25,0,0.75,1],"transform":{"skX":101.52,"skY":101.52}},{"duration":0,"transform":{"skX":-3.14,"skY":-3.14}}],"name":"right arm"},{"frame":[{"duration":15,"transform":{"skX":4.64,"skY":4.64}},{"duration":5,"transform":{"skX":4.64,"skY":4.64}},{"duration":15,"transform":{"skX":4.64,"skY":4.64}},{"duration":0,"transform":{"skX":4.64,"skY":4.64}}],"name":"right hand"},{"frame":[{"duration":10,"curve":[0.25,0,1,0],"transform":{}},{"duration":5,"curve":[0.25,0,0,1],"transform":{"y":-36.89,"x":10.3}},{"duration":5,"transform":{"y":-49.92,"x":-78.5}},{"duration":15,"curve":[0.25,0,0.75,1],"transform":{"y":-49.92,"x":-78.5}},{"duration":0,"transform":{}}],"name":"leftArmIK"},{"frame":[{"duration":15,"curve":[0.25,0,1,0],"transform":{"skX":1.24,"skY":1.24}},{"duration":5,"transform":{"skX":45.81,"skY":45.81}},{"duration":15,"curve":[0.25,0,0.75,1],"transform":{"skX":45.81,"skY":45.81}},{"duration":0,"transform":{"skX":1.24,"skY":1.24}}],"name":"left arm"},{"frame":[{"duration":15,"transform":{"skX":-2.27,"skY":-2.27}},{"duration":5,"transform":{"skX":-2.27,"skY":-2.27}},{"duration":15,"transform":{"skX":-2.27,"skY":-2.27}},{"duration":0,"transform":{"skX":-2.27,"skY":-2.27}}],"name":"left hand"},{"frame":[{"duration":10,"curve":[0.25,0,1,0],"transform":{}},{"duration":5,"curve":[0.25,0,0,1],"transform":{"skX":-18.81,"skY":-18.81}},{"duration":5,"curve":[0.25,0,0.75,1],"transform":{"skX":-58.98,"skY":-58.98}},{"duration":15,"curve":[0.25,0,0.75,1],"transform":{"skX":-66.58,"skY":-66.58}},{"duration":0,"transform":{}}],"name":"weights right"},{"frame":[{"duration":10,"curve":[0.25,0,1,0],"transform":{}},{"duration":5,"curve":[0.25,0,0,1],"transform":{"skX":21.45,"skY":21.45}},{"duration":5,"curve":[0.25,0,0.75,1],"transform":{"skX":43.45,"skY":43.45}},{"duration":15,"curve":[0.25,0,0.75,1],"transform":{"skX":43.97,"skY":43.97}},{"duration":0,"transform":{}}],"name":"weights left"},{"frame":[{"duration":15,"transform":{}},{"duration":5,"transform":{}},{"duration":15,"transform":{}},{"duration":0,"transform":{}}],"name":"duesashadow"},{"frame":[{"duration":10,"curve":[0.25,0,1,0],"transform":{"y":4.59}},{"duration":5,"transform":{"y":4.59,"x":-5.49}},{"duration":5,"transform":{"y":4.59,"x":-5.49}},{"duration":15,"curve":[0.25,0,0.75,1],"transform":{"y":4.59,"x":-5.49}},{"duration":0,"transform":{"y":4.59}}],"name":"leftlegIK"},{"frame":[{"duration":15,"curve":[0.25,0,1,0],"transform":{"skX":2.12,"skY":2.12}},{"duration":5,"transform":{"skX":-9.28,"skY":-9.28}},{"duration":15,"curve":[0.25,0,0.75,1],"transform":{"skX":-9.28,"skY":-9.28}},{"duration":0,"transform":{"skX":2.12,"skY":2.12}}],"name":"right leg"},{"frame":[{"duration":15,"curve":[0.25,0,1,0],"transform":{"skX":-4.26,"skY":-4.26}},{"duration":5,"transform":{}},{"duration":15,"curve":[0.25,0,0.75,1],"transform":{}},{"duration":0,"transform":{"skX":-4.26,"skY":-4.26}}],"name":"right leg2"},{"frame":[{"duration":10,"curve":[0.25,0,1,0],"transform":{}},{"duration":5,"curve":[0.25,0,0,1],"transform":{"x":9.98}},{"duration":5,"transform":{"x":-7.19}},{"duration":15,"curve":[0.25,0,0.75,1],"transform":{"x":-7.19}},{"duration":0,"transform":{}}],"name":"rightLegIK"},{"frame":[{"duration":15,"curve":[0.25,0,1,0],"transform":{"skX":0.08,"skY":0.08}},{"duration":5,"transform":{"skX":-8.55,"skY":-8.55}},{"duration":15,"curve":[0.25,0,0.75,1],"transform":{"skX":-8.55,"skY":-8.55}},{"duration":0,"transform":{"skX":0.08,"skY":0.08}}],"name":"left leg"},{"frame":[{"duration":15,"transform":{}},{"duration":5,"transform":{}},{"duration":15,"transform":{}},{"duration":0,"transform":{}}],"name":"left leg2"},{"frame":[{"duration":15,"transform":{}},{"duration":5,"transform":{}},{"duration":15,"transform":{}},{"duration":0,"transform":{}}],"name":"hair"},{"frame":[{"duration":10,"curve":[0.209,0,0.698,0],"transform":{}},{"duration":2,"curve":[0.389,0.27,0.731,0.6],"transform":{"x":-15.96}},{"duration":1,"curve":[0.388,0.31,0.724,0.64],"transform":{"x":-44.49}},{"duration":2,"curve":[0.64,0.29,1,0.62],"transform":{"x":-80.68}},{"duration":5,"curve":[0.25,0,0.75,1],"transform":{"x":-89.87}},{"duration":15,"curve":[0.25,0,0.75,1],"transform":{"x":-104.83}},{"duration":0,"transform":{}}],"name":"mid"},{"frame":[{"duration":15,"transform":{}},{"duration":5,"transform":{}},{"duration":15,"transform":{}},{"duration":0,"transform":{}}],"name":"chestSkel"},{"frame":[{"duration":15,"transform":{}},{"duration":5,"transform":{}},{"duration":15,"transform":{}},{"duration":0,"transform":{}}],"name":"skelNecl"},{"frame":[{"duration":15,"transform":{}},{"duration":5,"transform":{}},{"duration":15,"transform":{}},{"duration":0,"transform":{}}],"name":"skelHead"},{"frame":[{"duration":10,"curve":[0.25,0,1,0],"transform":{}},{"duration":5,"curve":[0.25,0,0,1],"transform":{"skX":20.67,"skY":20.67}},{"duration":5,"curve":[0.25,0,0.75,1],"transform":{"skX":-20.39,"skY":-20.39}},{"duration":15,"curve":[0.25,0,0.75,1],"transform":{"skX":20.67,"skY":20.67}},{"duration":0,"transform":{}}],"name":"jaw"},{"frame":[{"duration":10,"curve":[0.25,0,1,0],"transform":{}},{"duration":5,"curve":[0.25,0,0,1],"transform":{"y":-13.43,"x":119.04}},{"duration":5,"curve":[0.25,0,0.75,1],"transform":{"y":-51.35,"x":-416}},{"duration":15,"curve":[0.25,0,0.75,1],"transform":{"y":-51.35,"x":-393.7}},{"duration":0,"transform":{}}],"name":"Right Arm IK Skel"},{"frame":[{"duration":10,"curve":[0.209,0,0.698,0],"transform":{"skX":0.06,"skY":0.06}},{"duration":5,"curve":[0,0.28,0,1],"transform":{"skX":-44.95,"skY":-44.95,"y":-8.83,"x":-6.11}},{"duration":5,"transform":{"skX":-35.79,"skY":-35.79,"y":-49.73,"x":-34.42}},{"duration":15,"curve":[0.25,0,0.75,1],"transform":{"skX":-35.79,"skY":-35.79,"y":-49.73,"x":-34.42}},{"duration":0,"transform":{"skX":0.06,"skY":0.06}}],"name":"right arm A"},{"frame":[{"duration":15,"curve":[0.25,0,1,0],"transform":{"skX":-0.19,"skY":-0.19}},{"duration":5,"transform":{"skX":24.46,"skY":24.46}},{"duration":15,"curve":[0.25,0,0.75,1],"transform":{"skX":24.46,"skY":24.46}},{"duration":0,"transform":{"skX":-0.19,"skY":-0.19}}],"name":"right Arm B"},{"frame":[{"duration":10,"curve":[0.25,0,1,0],"transform":{}},{"duration":5,"curve":[0.25,0,0,1],"transform":{"y":34.01,"x":155.73}},{"duration":5,"curve":[0.25,0,0.75,1],"transform":{"y":-4.01,"x":-188.75}},{"duration":15,"curve":[0.25,0,0.75,1],"transform":{"y":-4.01,"x":-170.57}},{"duration":0,"transform":{}}],"name":"leftArmIKSkel"},{"frame":[{"duration":15,"curve":[0.25,0,1,0],"transform":{"skX":0.02,"skY":0.02}},{"duration":5,"transform":{"skX":-68.87,"skY":-68.87}},{"duration":15,"curve":[0.25,0,0.75,1],"transform":{"skX":-68.87,"skY":-68.87}},{"duration":0,"transform":{"skX":0.02,"skY":0.02}}],"name":"left Arm A"},{"frame":[{"duration":15,"curve":[0.25,0,1,0],"transform":{"skX":0.02,"skY":0.02}},{"duration":5,"transform":{"skX":49.6,"skY":49.6}},{"duration":15,"curve":[0.25,0,0.75,1],"transform":{"skX":49.6,"skY":49.6}},{"duration":0,"transform":{"skX":0.02,"skY":0.02}}],"name":"left Arm B"}],"duration":35,"slot":[],"name":"Attack B","ik":[{"frame":[{"bendPositive":true,"duration":35,"weight":1,"tweenEasing":null}],"offset":0,"name":"right Arm IK","scale":1}]},{"frame":[],"ffd":[],"bone":[{"frame":[{"duration":20,"transform":{}},{"duration":10,"transform":{}},{"duration":20,"transform":{}},{"duration":10,"transform":{}},{"duration":0,"transform":{}}],"name":"root"},{"frame":[{"duration":20,"transform":{}},{"duration":10,"transform":{}},{"duration":20,"transform":{}},{"duration":10,"transform":{}},{"duration":0,"transform":{}}],"name":"duesaRoot"},{"frame":[{"duration":20,"transform":{}},{"duration":10,"transform":{}},{"duration":20,"transform":{}},{"duration":10,"transform":{}},{"duration":0,"transform":{}}],"name":"skel root"},{"frame":[{"duration":10,"curve":[0.25,0,1,0],"transform":{}},{"duration":5,"curve":[0.25,0,0,1],"transform":{"y":-29.89,"x":17.58}},{"duration":5,"curve":[0.25,0,1,0],"transform":{"y":-21.28,"x":17.58}},{"duration":5,"curve":[0.25,0,0,1],"transform":{"y":-29.89,"x":17.58}},{"duration":5,"curve":[0.25,0,0.75,1],"transform":{"y":-15.9,"x":17.58}},{"duration":5,"curve":[0.25,0,0,1],"transform":{"y":-29.89,"x":17.58}},{"duration":15,"curve":[0.25,0,0.75,1],"transform":{"y":-16.44,"x":17.58}},{"duration":10,"curve":[0.538,0.16,1,0.46],"transform":{"y":-29.89,"x":17.58}},{"duration":0,"transform":{}}],"name":"dmid"},{"frame":[{"duration":20,"transform":{}},{"duration":10,"transform":{}},{"duration":20,"transform":{}},{"duration":10,"transform":{}},{"duration":0,"transform":{}}],"name":"bodyd"},{"frame":[{"duration":20,"transform":{}},{"duration":10,"transform":{}},{"duration":20,"transform":{}},{"duration":10,"transform":{}},{"duration":0,"transform":{}}],"name":"chestmid"},{"frame":[{"duration":20,"transform":{}},{"duration":10,"transform":{}},{"duration":20,"transform":{}},{"duration":10,"transform":{}},{"duration":0,"transform":{}}],"name":"neck"},{"frame":[{"duration":20,"transform":{}},{"duration":10,"transform":{}},{"duration":20,"transform":{}},{"duration":10,"transform":{}},{"duration":0,"transform":{}}],"name":"head"},{"frame":[{"duration":15,"transform":{}},{"duration":35,"transform":{}},{"duration":10,"transform":{}},{"duration":0,"transform":{}}],"name":"right Arm IK"},{"frame":[{"duration":20,"transform":{"skX":-3.14,"skY":-3.14}},{"duration":10,"transform":{"skX":-3.14,"skY":-3.14}},{"duration":20,"transform":{"skX":-3.14,"skY":-3.14}},{"duration":10,"transform":{"skX":-3.14,"skY":-3.14}},{"duration":0,"transform":{"skX":-3.14,"skY":-3.14}}],"name":"right arm"},{"frame":[{"duration":20,"transform":{"skX":4.64,"skY":4.64}},{"duration":10,"transform":{"skX":4.64,"skY":4.64}},{"duration":20,"transform":{"skX":4.64,"skY":4.64}},{"duration":10,"transform":{"skX":4.64,"skY":4.64}},{"duration":0,"transform":{"skX":4.64,"skY":4.64}}],"name":"right hand"},{"frame":[{"duration":10,"curve":[0.25,0,1,0],"transform":{}},{"duration":5,"transform":{"y":-72.08,"x":-97.86}},{"duration":20,"curve":[0.25,0,1,0],"transform":{"y":-72.08,"x":-97.86}},{"duration":5,"transform":{"y":-89.95,"x":-147.35}},{"duration":10,"curve":[0.093,0.33,0.147,1],"transform":{"y":-89.95,"x":-147.35}},{"duration":10,"transform":{}},{"duration":0,"transform":{}}],"name":"leftArmIK"},{"frame":[{"duration":20,"transform":{"skX":1.24,"skY":1.24}},{"duration":10,"transform":{"skX":1.24,"skY":1.24}},{"duration":20,"transform":{"skX":1.24,"skY":1.24}},{"duration":10,"transform":{"skX":1.24,"skY":1.24}},{"duration":0,"transform":{"skX":1.24,"skY":1.24}}],"name":"left arm"},{"frame":[{"duration":20,"transform":{"skX":-2.27,"skY":-2.27}},{"duration":10,"transform":{"skX":-2.27,"skY":-2.27}},{"duration":20,"transform":{"skX":-2.27,"skY":-2.27}},{"duration":10,"transform":{"skX":-2.27,"skY":-2.27}},{"duration":0,"transform":{"skX":-2.27,"skY":-2.27}}],"name":"left hand"},{"frame":[{"duration":10,"curve":[0.25,0,1,0],"transform":{}},{"duration":50,"curve":[0.25,0,0,1],"transform":{"skX":-22.4,"skY":-22.4}},{"duration":0,"transform":{}}],"name":"weights right"},{"frame":[{"duration":10,"curve":[0.25,0,1,0],"transform":{}},{"duration":50,"curve":[0.25,0,0,1],"transform":{"skX":343.38,"skY":343.38}},{"duration":0,"transform":{}}],"name":"weights left"},{"frame":[{"duration":20,"transform":{}},{"duration":10,"transform":{}},{"duration":20,"transform":{}},{"duration":10,"transform":{}},{"duration":0,"transform":{}}],"name":"duesashadow"},{"frame":[{"duration":20,"curve":[0.25,0,1,0],"transform":{"y":14.65}},{"duration":10,"transform":{}},{"duration":20,"transform":{}},{"duration":10,"curve":[0.25,0,0.75,1],"transform":{}},{"duration":0,"transform":{"y":14.65}}],"name":"leftlegIK"},{"frame":[{"duration":20,"transform":{"skX":2.12,"skY":2.12}},{"duration":10,"transform":{"skX":2.12,"skY":2.12}},{"duration":20,"transform":{"skX":2.12,"skY":2.12}},{"duration":10,"transform":{"skX":2.12,"skY":2.12}},{"duration":0,"transform":{"skX":2.12,"skY":2.12}}],"name":"right leg"},{"frame":[{"duration":20,"transform":{"skX":-4.26,"skY":-4.26}},{"duration":10,"transform":{"skX":-4.26,"skY":-4.26}},{"duration":20,"transform":{"skX":-4.26,"skY":-4.26}},{"duration":10,"transform":{"skX":-4.26,"skY":-4.26}},{"duration":0,"transform":{"skX":-4.26,"skY":-4.26}}],"name":"right leg2"},{"frame":[{"duration":20,"transform":{}},{"duration":10,"transform":{}},{"duration":20,"transform":{}},{"duration":10,"transform":{}},{"duration":0,"transform":{}}],"name":"rightLegIK"},{"frame":[{"duration":20,"transform":{"skX":0.08,"skY":0.08}},{"duration":10,"transform":{"skX":0.08,"skY":0.08}},{"duration":20,"transform":{"skX":0.08,"skY":0.08}},{"duration":10,"transform":{"skX":0.08,"skY":0.08}},{"duration":0,"transform":{"skX":0.08,"skY":0.08}}],"name":"left leg"},{"frame":[{"duration":20,"transform":{}},{"duration":10,"transform":{}},{"duration":20,"transform":{}},{"duration":10,"transform":{}},{"duration":0,"transform":{}}],"name":"left leg2"},{"frame":[{"duration":20,"transform":{}},{"duration":10,"transform":{}},{"duration":20,"transform":{}},{"duration":10,"transform":{}},{"duration":0,"transform":{}}],"name":"hair"},{"frame":[{"duration":10,"curve":[0.25,0,1,0],"transform":{}},{"duration":5,"curve":[0.25,0,0,1],"transform":{"y":19.98}},{"duration":5,"curve":[0.25,0,1,0],"transform":{"y":19.98,"x":-69.6}},{"duration":5,"curve":[0.25,0,0,1],"transform":{"y":19.98}},{"duration":5,"curve":[0.25,0,0.75,1],"transform":{"y":19.98,"x":-70.2}},{"duration":5,"curve":[0.25,0,0,1],"transform":{"y":19.98}},{"duration":15,"curve":[0.25,0,0.75,1],"transform":{"y":19.98,"x":-157.18}},{"duration":10,"curve":[0.25,0,0.75,1],"transform":{"y":19.98}},{"duration":0,"transform":{}}],"name":"mid"},{"frame":[{"duration":20,"transform":{}},{"duration":10,"transform":{}},{"duration":20,"transform":{}},{"duration":10,"transform":{}},{"duration":0,"transform":{}}],"name":"chestSkel"},{"frame":[{"duration":20,"transform":{}},{"duration":10,"transform":{}},{"duration":20,"transform":{}},{"duration":10,"transform":{}},{"duration":0,"transform":{}}],"name":"skelNecl"},{"frame":[{"duration":20,"transform":{}},{"duration":10,"transform":{}},{"duration":20,"transform":{}},{"duration":10,"transform":{}},{"duration":0,"transform":{}}],"name":"skelHead"},{"frame":[{"duration":10,"curve":[0.25,0,1,0],"transform":{}},{"duration":5,"curve":[0.25,0,0,1],"transform":{"skX":24.02,"skY":24.02}},{"duration":5,"curve":[0.25,0,1,0],"transform":{"skX":-1.04,"skY":-1.04}},{"duration":5,"curve":[0.25,0,0,1],"transform":{"skX":24.02,"skY":24.02}},{"duration":5,"curve":[0.25,0,0.75,1],"transform":{"skX":-15.45,"skY":-15.45}},{"duration":5,"curve":[0.25,0,0,1],"transform":{"skX":24.02,"skY":24.02}},{"duration":15,"curve":[0.25,0,0.75,1],"transform":{"skX":-15.42,"skY":-15.42}},{"duration":10,"curve":[0.25,0,0.75,1],"transform":{"skX":24.02,"skY":24.02}},{"duration":0,"transform":{}}],"name":"jaw"},{"frame":[{"duration":10,"curve":[0.25,0,1,0],"transform":{}},{"duration":10,"transform":{"y":-19.81,"x":31.63}},{"duration":5,"curve":[0.25,0,0,1],"transform":{"y":-19.81,"x":31.63}},{"duration":5,"curve":[0.25,0,0.75,1],"transform":{"y":-58.81,"x":-366.17}},{"duration":5,"curve":[0.25,0,0,1],"transform":{"y":-19.81,"x":31.63}},{"duration":15,"curve":[0.25,0,0.75,1],"transform":{"y":-46.27,"x":-483.66}},{"duration":10,"curve":[0.25,0,0.75,1],"transform":{"y":-19.81,"x":31.63}},{"duration":0,"transform":{}}],"name":"Right Arm IK Skel"},{"frame":[{"duration":20,"curve":[0.25,0,1,0],"transform":{"skX":0.06,"skY":0.06}},{"duration":5,"curve":[0.25,0,0,1],"transform":{"skX":-8.5,"skY":-8.5}},{"duration":5,"curve":[0.25,0,0.75,1],"transform":{"skX":-8.5,"skY":-8.5,"y":-38.7,"x":-69.48}},{"duration":5,"curve":[0.25,0,0,1],"transform":{"skX":-8.5,"skY":-8.5}},{"duration":15,"curve":[0.25,0,0.75,1],"transform":{"skX":-8.5,"skY":-8.5,"y":-45.18,"x":-43.36}},{"duration":10,"curve":[0.25,0,0.75,1],"transform":{"skX":-8.5,"skY":-8.5}},{"duration":0,"transform":{"skX":0.06,"skY":0.06}}],"name":"right arm A"},{"frame":[{"duration":20,"curve":[0.25,0,1,0],"transform":{"skX":-0.19,"skY":-0.19}},{"duration":10,"transform":{"skX":12.66,"skY":12.66}},{"duration":20,"transform":{"skX":12.66,"skY":12.66}},{"duration":10,"curve":[0.25,0,0.75,1],"transform":{"skX":12.66,"skY":12.66}},{"duration":0,"transform":{"skX":-0.19,"skY":-0.19}}],"name":"right Arm B"},{"frame":[{"duration":10,"curve":[0.25,0,1,0],"transform":{}},{"duration":5,"curve":[0.25,0,0,1],"transform":{"skX":8.08,"skY":8.08,"y":63.57,"x":129.58}},{"duration":5,"curve":[0.25,0,1,0],"transform":{"skX":8.08,"skY":8.08,"y":23.55,"x":-158.68}},{"duration":5,"curve":[0.25,0,0,1],"transform":{"skX":8.08,"skY":8.08,"y":63.57,"x":129.58}},{"duration":5,"curve":[0.25,0,0.75,1],"transform":{"skX":8.08,"skY":8.08,"y":66.69,"x":159.22}},{"duration":5,"curve":[0.25,0,0,1],"transform":{"skX":8.08,"skY":8.08,"y":63.57,"x":129.58}},{"duration":15,"curve":[0.25,0,0.75,1],"transform":{"skX":8.08,"skY":8.08,"y":16.7,"x":-253.2}},{"duration":10,"curve":[0.25,0,0.75,1],"transform":{"skX":8.08,"skY":8.08,"y":63.57,"x":129.58}},{"duration":0,"transform":{}}],"name":"leftArmIKSkel"},{"frame":[{"duration":20,"curve":[0.25,0,1,0],"transform":{"skX":0.02,"skY":0.02}},{"duration":10,"transform":{"skX":-54.18,"skY":-54.18}},{"duration":20,"transform":{"skX":-54.18,"skY":-54.18}},{"duration":10,"curve":[0.25,0,0.75,1],"transform":{"skX":-54.18,"skY":-54.18}},{"duration":0,"transform":{"skX":0.02,"skY":0.02}}],"name":"left Arm A"},{"frame":[{"duration":20,"curve":[0.25,0,1,0],"transform":{"skX":0.02,"skY":0.02}},{"duration":10,"transform":{"skX":38.5,"skY":38.5}},{"duration":20,"transform":{"skX":38.5,"skY":38.5}},{"duration":10,"curve":[0.25,0,0.75,1],"transform":{"skX":38.5,"skY":38.5}},{"duration":0,"transform":{"skX":0.02,"skY":0.02}}],"name":"left Arm B"}],"duration":60,"slot":[],"name":"Attack C","ik":[]},{"frame":[],"ffd":[],"bone":[{"frame":[{"duration":45,"transform":{}},{"duration":10,"transform":{}},{"duration":0,"transform":{}}],"name":"root"},{"frame":[{"duration":45,"transform":{}},{"duration":10,"transform":{}},{"duration":0,"transform":{}}],"name":"duesaRoot"},{"frame":[{"duration":45,"transform":{}},{"duration":10,"transform":{}},{"duration":0,"transform":{}}],"name":"skel root"},{"frame":[{"duration":10,"curve":[0.25,0,1,0],"transform":{}},{"duration":5,"curve":[0.25,0,0,1],"transform":{"y":18.87}},{"duration":15,"curve":[0.25,0,0,1],"transform":{"y":18.87,"x":-14.3}},{"duration":15,"curve":[0.25,0,0.75,1],"transform":{"y":25.04,"x":-14.3}},{"duration":10,"curve":[0.25,0,0.75,1],"transform":{"y":18.87,"x":-14.3}},{"duration":0,"transform":{}}],"name":"dmid"},{"frame":[{"duration":45,"transform":{}},{"duration":10,"transform":{}},{"duration":0,"transform":{}}],"name":"bodyd"},{"frame":[{"duration":45,"transform":{}},{"duration":10,"transform":{}},{"duration":0,"transform":{}}],"name":"chestmid"},{"frame":[{"duration":45,"transform":{}},{"duration":10,"transform":{}},{"duration":0,"transform":{}}],"name":"neck"},{"frame":[{"duration":45,"transform":{}},{"duration":10,"transform":{}},{"duration":0,"transform":{}}],"name":"head"},{"frame":[{"duration":10,"curve":[0.25,0,1,0],"transform":{}},{"duration":35,"transform":{"y":-10.4,"x":31.18}},{"duration":10,"curve":[0.25,0,0.75,1],"transform":{"y":-10.4,"x":31.18}},{"duration":0,"transform":{}}],"name":"right Arm IK"},{"frame":[{"duration":45,"curve":[0.25,0,1,0],"transform":{"skX":-3.14,"skY":-3.14}},{"duration":10,"curve":[0.25,0,0.75,1],"transform":{"skX":-40.25,"skY":-40.25}},{"duration":0,"transform":{"skX":-3.14,"skY":-3.14}}],"name":"right arm"},{"frame":[{"duration":45,"transform":{"skX":4.64,"skY":4.64}},{"duration":10,"transform":{"skX":4.64,"skY":4.64}},{"duration":0,"transform":{"skX":4.64,"skY":4.64}}],"name":"right hand"},{"frame":[{"duration":10,"curve":[0.25,0,1,0],"transform":{}},{"duration":5,"curve":[0.25,0,0,1],"transform":{"y":1.49,"x":-13.37}},{"duration":30,"transform":{"y":-33.98,"x":-160.37}},{"duration":10,"curve":[0.25,0,0.75,1],"transform":{"y":-33.98,"x":-160.37}},{"duration":0,"transform":{}}],"name":"leftArmIK"},{"frame":[{"duration":45,"curve":[0.25,0,1,0],"transform":{"skX":1.24,"skY":1.24}},{"duration":10,"curve":[0.25,0,0.75,1],"transform":{"skX":54.43,"skY":54.43}},{"duration":0,"transform":{"skX":1.24,"skY":1.24}}],"name":"left arm"},{"frame":[{"duration":45,"transform":{"skX":-2.27,"skY":-2.27}},{"duration":10,"transform":{"skX":-2.27,"skY":-2.27}},{"duration":0,"transform":{"skX":-2.27,"skY":-2.27}}],"name":"left hand"},{"frame":[{"duration":15,"transform":{}},{"duration":30,"transform":{}},{"duration":10,"transform":{}},{"duration":0,"transform":{}}],"name":"weights right"},{"frame":[{"duration":15,"transform":{}},{"duration":30,"transform":{}},{"duration":10,"transform":{}},{"duration":0,"transform":{}}],"name":"weights left"},{"frame":[{"duration":45,"transform":{}},{"duration":10,"transform":{}},{"duration":0,"transform":{}}],"name":"duesashadow"},{"frame":[{"duration":45,"transform":{"y":14.65}},{"duration":10,"transform":{"y":14.65}},{"duration":0,"transform":{"y":14.65}}],"name":"leftlegIK"},{"frame":[{"duration":45,"curve":[0.25,0,1,0],"transform":{"skX":-1.44,"skY":-1.44}},{"duration":10,"curve":[0.25,0,0.75,1],"transform":{"skX":13.34,"skY":13.34}},{"duration":0,"transform":{"skX":-1.44,"skY":-1.44}}],"name":"right leg"},{"frame":[{"duration":45,"curve":[0.25,0,1,0],"transform":{}},{"duration":10,"curve":[0.25,0,0.75,1],"transform":{"skX":-36.32,"skY":-36.32}},{"duration":0,"transform":{}}],"name":"right leg2"},{"frame":[{"duration":10,"curve":[0.25,0,1,0],"transform":{}},{"duration":35,"transform":{"y":53.96,"x":0.38}},{"duration":10,"curve":[0.25,0,0.75,1],"transform":{"y":53.96,"x":0.38}},{"duration":0,"transform":{}}],"name":"rightLegIK"},{"frame":[{"duration":45,"curve":[0.25,0,1,0],"transform":{"skX":0.08,"skY":0.08}},{"duration":10,"curve":[0.25,0,0.75,1],"transform":{"skX":-4.48,"skY":-4.48}},{"duration":0,"transform":{"skX":0.08,"skY":0.08}}],"name":"left leg"},{"frame":[{"duration":45,"transform":{}},{"duration":10,"transform":{}},{"duration":0,"transform":{}}],"name":"left leg2"},{"frame":[{"duration":45,"transform":{}},{"duration":10,"transform":{}},{"duration":0,"transform":{}}],"name":"hair"},{"frame":[{"duration":10,"curve":[0.25,0,1,0],"transform":{}},{"duration":5,"curve":[0.25,0,0,1],"transform":{"y":-31.99,"x":-139.58}},{"duration":5,"curve":[0.25,0,0,1],"transform":{"y":-46.42,"x":-203.87}},{"duration":5,"curve":[0.25,0,0.75,1],"transform":{"y":-26.55,"x":-203.87}},{"duration":5,"curve":[0.25,0,0.75,1],"transform":{"y":-41.6,"x":-203.87}},{"duration":5,"curve":[0.25,0,0.75,1],"transform":{"y":-29.56,"x":-203.87}},{"duration":5,"curve":[0.25,0,0.75,1],"transform":{"y":-40.4,"x":-203.87}},{"duration":5,"curve":[0.25,0,0.75,1],"transform":{"y":-14.51,"x":-203.87}},{"duration":10,"curve":[0.25,0,0.75,1],"transform":{"y":-48.83,"x":-203.87}},{"duration":0,"transform":{}}],"name":"mid"},{"frame":[{"duration":45,"transform":{}},{"duration":10,"transform":{}},{"duration":0,"transform":{}}],"name":"chestSkel"},{"frame":[{"duration":45,"transform":{}},{"duration":10,"transform":{}},{"duration":0,"transform":{}}],"name":"skelNecl"},{"frame":[{"duration":45,"transform":{}},{"duration":10,"transform":{}},{"duration":0,"transform":{}}],"name":"skelHead"},{"frame":[{"duration":10,"curve":[0.25,0,1,0],"transform":{}},{"duration":5,"curve":[0.25,0,0,1],"transform":{"skX":19.91,"skY":19.91}},{"duration":30,"transform":{"skX":-20.46,"skY":-20.46}},{"duration":10,"curve":[0.25,0,0.75,1],"transform":{"skX":-20.46,"skY":-20.46}},{"duration":0,"transform":{}}],"name":"jaw"},{"frame":[{"duration":10,"curve":[0.25,0,1,0],"transform":{}},{"duration":35,"transform":{"y":5.09}},{"duration":10,"curve":[0.25,0,0.75,1],"transform":{"y":5.09}},{"duration":0,"transform":{}}],"name":"Right Arm IK Skel"},{"frame":[{"duration":45,"curve":[0.25,0,1,0],"transform":{"skX":0.06,"skY":0.06}},{"duration":10,"curve":[0.25,0,0.75,1],"transform":{"skX":-52.97,"skY":-52.97}},{"duration":0,"transform":{"skX":0.06,"skY":0.06}}],"name":"right arm A"},{"frame":[{"duration":45,"curve":[0.25,0,1,0],"transform":{"skX":-0.19,"skY":-0.19}},{"duration":10,"curve":[0.25,0,0.75,1],"transform":{"skX":19.26,"skY":19.26}},{"duration":0,"transform":{"skX":-0.19,"skY":-0.19}}],"name":"right Arm B"},{"frame":[{"duration":10,"curve":[0.25,0,1,0],"transform":{}},{"duration":35,"transform":{"y":71.97,"x":97.42}},{"duration":10,"curve":[0.25,0,0.75,1],"transform":{"y":71.97,"x":97.42}},{"duration":0,"transform":{}}],"name":"leftArmIKSkel"},{"frame":[{"duration":45,"curve":[0.25,0,1,0],"transform":{"skX":0.02,"skY":0.02}},{"duration":10,"curve":[0.25,0,0.75,1],"transform":{"skX":-103.49,"skY":-103.49}},{"duration":0,"transform":{"skX":0.02,"skY":0.02}}],"name":"left Arm A"},{"frame":[{"duration":45,"curve":[0.25,0,1,0],"transform":{"skX":0.02,"skY":0.02}},{"duration":10,"curve":[0.25,0,0.75,1],"transform":{"skX":46.22,"skY":46.22}},{"duration":0,"transform":{"skX":0.02,"skY":0.02}}],"name":"left Arm B"}],"duration":55,"slot":[],"name":"Attack D","ik":[]},{"frame":[],"ffd":[],"bone":[{"frame":[{"duration":30,"transform":{}},{"duration":0,"transform":{}}],"name":"root"},{"frame":[{"duration":30,"transform":{}},{"duration":0,"transform":{}}],"name":"duesaRoot"},{"frame":[{"duration":30,"transform":{}},{"duration":0,"transform":{}}],"name":"skel root"},{"frame":[{"duration":10,"curve":[0.25,0,0,1],"transform":{}},{"duration":20,"curve":[0.25,0,0.75,1],"transform":{"y":-11.12,"x":18.54}},{"duration":0,"transform":{}}],"name":"dmid"},{"frame":[{"duration":30,"transform":{}},{"duration":0,"transform":{}}],"name":"bodyd"},{"frame":[{"duration":30,"transform":{}},{"duration":0,"transform":{}}],"name":"chestmid"},{"frame":[{"duration":30,"transform":{}},{"duration":0,"transform":{}}],"name":"neck"},{"frame":[{"duration":30,"transform":{}},{"duration":0,"transform":{}}],"name":"head"},{"frame":[{"duration":10,"curve":[0.25,0,0,1],"transform":{}},{"duration":20,"curve":[0.25,0,0.75,1],"transform":{"y":-25.14,"x":38.07}},{"duration":0,"transform":{}}],"name":"right Arm IK"},{"frame":[{"duration":30,"transform":{"skX":-3.14,"skY":-3.14}},{"duration":0,"transform":{"skX":-3.14,"skY":-3.14}}],"name":"right arm"},{"frame":[{"duration":30,"transform":{"skX":4.64,"skY":4.64}},{"duration":0,"transform":{"skX":4.64,"skY":4.64}}],"name":"right hand"},{"frame":[{"duration":10,"curve":[0.25,0,0,1],"transform":{}},{"duration":20,"curve":[0.25,0,0.75,1],"transform":{"y":-11.52,"x":24.96}},{"duration":0,"transform":{}}],"name":"leftArmIK"},{"frame":[{"duration":30,"transform":{"skX":1.24,"skY":1.24}},{"duration":0,"transform":{"skX":1.24,"skY":1.24}}],"name":"left arm"},{"frame":[{"duration":30,"transform":{"skX":-2.27,"skY":-2.27}},{"duration":0,"transform":{"skX":-2.27,"skY":-2.27}}],"name":"left hand"},{"frame":[{"duration":30,"transform":{}},{"duration":0,"transform":{}}],"name":"weights right"},{"frame":[{"duration":30,"transform":{}},{"duration":0,"transform":{}}],"name":"weights left"},{"frame":[{"duration":30,"transform":{}},{"duration":0,"transform":{}}],"name":"duesashadow"},{"frame":[{"duration":10,"curve":[0.25,0,0,1],"transform":{"y":16.37}},{"duration":20,"curve":[0.25,0,0.75,1],"transform":{"y":16.37,"x":3.09}},{"duration":0,"transform":{"y":16.37}}],"name":"leftlegIK"},{"frame":[{"duration":30,"transform":{"skX":2.12,"skY":2.12}},{"duration":0,"transform":{"skX":2.12,"skY":2.12}}],"name":"right leg"},{"frame":[{"duration":30,"transform":{"skX":-4.26,"skY":-4.26}},{"duration":0,"transform":{"skX":-4.26,"skY":-4.26}}],"name":"right leg2"},{"frame":[{"duration":10,"curve":[0.25,0,0,1],"transform":{}},{"duration":20,"curve":[0.25,0,0.75,1],"transform":{"x":16.69}},{"duration":0,"transform":{}}],"name":"rightLegIK"},{"frame":[{"duration":30,"transform":{"skX":0.08,"skY":0.08}},{"duration":0,"transform":{"skX":0.08,"skY":0.08}}],"name":"left leg"},{"frame":[{"duration":30,"transform":{}},{"duration":0,"transform":{}}],"name":"left leg2"},{"frame":[{"duration":30,"transform":{}},{"duration":0,"transform":{}}],"name":"hair"},{"frame":[{"duration":10,"curve":[0.25,0,0,1],"transform":{}},{"duration":20,"curve":[0.25,0,0.75,1],"transform":{"x":29.11}},{"duration":0,"transform":{}}],"name":"mid"},{"frame":[{"duration":30,"transform":{}},{"duration":0,"transform":{}}],"name":"chestSkel"},{"frame":[{"duration":30,"transform":{}},{"duration":0,"transform":{}}],"name":"skelNecl"},{"frame":[{"duration":30,"transform":{}},{"duration":0,"transform":{}}],"name":"skelHead"},{"frame":[{"duration":10,"curve":[0.25,0,0,1],"transform":{}},{"duration":20,"curve":[0.25,0,0.75,1],"transform":{"skX":-19.09,"skY":-19.09}},{"duration":0,"transform":{}}],"name":"jaw"},{"frame":[{"duration":10,"curve":[0.25,0,0,1],"transform":{}},{"duration":20,"curve":[0.25,0,0.75,1],"transform":{"y":29.27,"x":77.11}},{"duration":0,"transform":{}}],"name":"Right Arm IK Skel"},{"frame":[{"duration":30,"transform":{"skX":0.06,"skY":0.06}},{"duration":0,"transform":{"skX":0.06,"skY":0.06}}],"name":"right arm A"},{"frame":[{"duration":30,"transform":{"skX":-0.19,"skY":-0.19}},{"duration":0,"transform":{"skX":-0.19,"skY":-0.19}}],"name":"right Arm B"},{"frame":[{"duration":10,"curve":[0.25,0,0,1],"transform":{}},{"duration":20,"curve":[0.25,0,0.75,1],"transform":{"y":35.7,"x":92.11}},{"duration":0,"transform":{}}],"name":"leftArmIKSkel"},{"frame":[{"duration":30,"transform":{"skX":0.02,"skY":0.02}},{"duration":0,"transform":{"skX":0.02,"skY":0.02}}],"name":"left Arm A"},{"frame":[{"duration":30,"transform":{"skX":0.02,"skY":0.02}},{"duration":0,"transform":{"skX":0.02,"skY":0.02}}],"name":"left Arm B"}],"duration":30,"slot":[],"name":"Damage","ik":[]},{"frame":[],"ffd":[],"bone":[{"frame":[{"duration":60,"transform":{}},{"duration":0,"transform":{}}],"name":"root"},{"frame":[{"duration":60,"transform":{}},{"duration":0,"transform":{}}],"name":"duesaRoot"},{"frame":[{"duration":60,"transform":{}},{"duration":0,"transform":{}}],"name":"skel root"},{"frame":[{"duration":30,"curve":[0.25,0,0.031,1],"transform":{}},{"duration":30,"curve":[0.25,0,0.75,1],"transform":{"y":-26.35}},{"duration":0,"transform":{}}],"name":"dmid"},{"frame":[{"duration":60,"transform":{}},{"duration":0,"transform":{}}],"name":"bodyd"},{"frame":[{"duration":60,"transform":{}},{"duration":0,"transform":{}}],"name":"chestmid"},{"frame":[{"duration":60,"transform":{}},{"duration":0,"transform":{}}],"name":"neck"},{"frame":[{"duration":60,"transform":{}},{"duration":0,"transform":{}}],"name":"head"},{"frame":[{"duration":60,"transform":{}},{"duration":0,"transform":{}}],"name":"right Arm IK"},{"frame":[{"duration":60,"transform":{"skX":-3.14,"skY":-3.14}},{"duration":0,"transform":{"skX":-3.14,"skY":-3.14}}],"name":"right arm"},{"frame":[{"duration":60,"transform":{"skX":4.64,"skY":4.64}},{"duration":0,"transform":{"skX":4.64,"skY":4.64}}],"name":"right hand"},{"frame":[{"duration":60,"transform":{}},{"duration":0,"transform":{}}],"name":"leftArmIK"},{"frame":[{"duration":60,"transform":{"skX":1.24,"skY":1.24}},{"duration":0,"transform":{"skX":1.24,"skY":1.24}}],"name":"left arm"},{"frame":[{"duration":60,"transform":{"skX":-2.27,"skY":-2.27}},{"duration":0,"transform":{"skX":-2.27,"skY":-2.27}}],"name":"left hand"},{"frame":[{"duration":30,"curve":[0.25,0,0.031,1],"transform":{}},{"duration":30,"curve":[0.25,0,0.75,1],"transform":{"skX":-11.57,"skY":-11.57}},{"duration":0,"transform":{}}],"name":"weights right"},{"frame":[{"duration":30,"curve":[0.25,0,0.031,1],"transform":{}},{"duration":30,"curve":[0.25,0,0.75,1],"transform":{"skX":-6.03,"skY":-6.03}},{"duration":0,"transform":{}}],"name":"weights left"},{"frame":[{"duration":60,"transform":{}},{"duration":0,"transform":{}}],"name":"duesashadow"},{"frame":[{"duration":60,"transform":{"y":3.57}},{"duration":0,"transform":{"y":3.57}}],"name":"leftlegIK"},{"frame":[{"duration":60,"transform":{"skX":2.12,"skY":2.12}},{"duration":0,"transform":{"skX":2.12,"skY":2.12}}],"name":"right leg"},{"frame":[{"duration":60,"transform":{"skX":-4.26,"skY":-4.26}},{"duration":0,"transform":{"skX":-4.26,"skY":-4.26}}],"name":"right leg2"},{"frame":[{"duration":60,"transform":{}},{"duration":0,"transform":{}}],"name":"rightLegIK"},{"frame":[{"duration":60,"transform":{"skX":0.08,"skY":0.08}},{"duration":0,"transform":{"skX":0.08,"skY":0.08}}],"name":"left leg"},{"frame":[{"duration":60,"transform":{}},{"duration":0,"transform":{}}],"name":"left leg2"},{"frame":[{"duration":30,"curve":[0.25,0,0.031,1],"transform":{}},{"duration":30,"curve":[0.25,0,0.75,1],"transform":{"skX":-7.29,"skY":-7.29}},{"duration":0,"transform":{}}],"name":"hair"},{"frame":[{"duration":30,"curve":[0.25,0,0.031,1],"transform":{}},{"duration":30,"curve":[0.25,0,0.75,1],"transform":{"x":-24.85}},{"duration":0,"transform":{}}],"name":"mid"},{"frame":[{"duration":60,"transform":{}},{"duration":0,"transform":{}}],"name":"chestSkel"},{"frame":[{"duration":60,"transform":{}},{"duration":0,"transform":{}}],"name":"skelNecl"},{"frame":[{"duration":60,"transform":{}},{"duration":0,"transform":{}}],"name":"skelHead"},{"frame":[{"duration":30,"curve":[0.25,0,0.031,1],"transform":{}},{"duration":30,"curve":[0.25,0,0.75,1],"transform":{"skX":8.28,"skY":8.28}},{"duration":0,"transform":{}}],"name":"jaw"},{"frame":[{"duration":30,"curve":[0.25,0,0.031,1],"transform":{}},{"duration":30,"curve":[0.25,0,0.75,1],"transform":{"y":-27.11,"x":7.53}},{"duration":0,"transform":{}}],"name":"Right Arm IK Skel"},{"frame":[{"duration":60,"transform":{"skX":0.06,"skY":0.06}},{"duration":0,"transform":{"skX":0.06,"skY":0.06}}],"name":"right arm A"},{"frame":[{"duration":60,"transform":{"skX":-0.19,"skY":-0.19}},{"duration":0,"transform":{"skX":-0.19,"skY":-0.19}}],"name":"right Arm B"},{"frame":[{"duration":30,"curve":[0.25,0,0.031,1],"transform":{}},{"duration":30,"curve":[0.25,0,0.75,1],"transform":{"y":-48.94,"x":-38.4}},{"duration":0,"transform":{}}],"name":"leftArmIKSkel"},{"frame":[{"duration":60,"transform":{"skX":0.02,"skY":0.02}},{"duration":0,"transform":{"skX":0.02,"skY":0.02}}],"name":"left Arm A"},{"frame":[{"duration":60,"transform":{"skX":0.02,"skY":0.02}},{"duration":0,"transform":{"skX":0.02,"skY":0.02}}],"name":"left Arm B"}],"duration":60,"slot":[],"name":"Idle","ik":[]}],"skin":[{"name":"","slot":[{"display":[{"slotPose":[1,0,0,1,0,0],"vertices":[-176.05,-230.47,-174.71,-238.62,-170.26,-244.75,-166.44,-246.97,-162.61,-249.2,-157.32,-249.71,-153.96,-245.71,-150.61,-241.73,-144.6,-240.68,-138.59,-239.63,-143.21,-236.56,-147.83,-233.49,-144.68,-230.94,-141.53,-228.37,-145.52,-227.19,-149.51,-226.01,-151.27,-226.94,-151.36,-224.92,-148.67,-221.39,-145.14,-222.53,-141.62,-223.66,-139.01,-218.96,-135.31,-216.77,-131.62,-214.59,-128.72,-210.64,-125.82,-206.7,-125.24,-203.5,-125.48,-194.09,-123.04,-189.56,-123.72,-186.7,-122.04,-184.18,-123.39,-180.06,-120.53,-176.12,-118.38,-173.68,-119.27,-170.01,-124.1,-170.01,-128.93,-170,-132.45,-173.9,-135.99,-177.8,-137.58,-173.6,-142.04,-171.91,-142.62,-177.63,-147.33,-179.39,-147.74,-183.17,-145.73,-184.44,-151.53,-185.19,-157.49,-188.63,-159.12,-193.88,-160.76,-199.13,-160.35,-204.67,-159.93,-210.22,-159.68,-212.24,-161.9,-216.08,-164.13,-219.92,-166.36,-223.77,-168.58,-227.61,-173.79,-228.2,-158.23,-235.37,-154.83,-202.71,-145.71,-202.17,-134.34,-200.27,-136.23,-189.01,-140.11,-209.7,-166.88,-239.11,-149.91,-212.75,-142.33,-193.74,-157.61,-222.84,-149.61,-192.82,-128.95,-182.95,-162.63,-231.08,-129.01,-192.76,-134.18,-210.04,-160.28,-241.69,-153.98,-214.52,-139.34,-203.18,-149.88,-209.19,-144.99,-213.96,-170.41,-234.27,-154.59,-196.55,-128.97,-202.56,-154.22,-230.89,-133.69,-183.46,-139.44,-184.34,-136.25,-195.8,-126.39,-175.51,-160.91,-227.94,-156.44,-208.93,-145.74,-189.19,-145.85,-194.49,-162.01,-236.81,-150.08,-199.66,-144,-207.64,-152.43,-233.68,-160.62,-220.97,-159.43,-223.53,-156.62,-224.97,-153.85,-223.79,-156.19,-217.04,-152.55,-220.89],"path":"Layer 33 Copy 8","width":58,"weights":[1,25,1,1,25,1,1,25,1,1,25,1,1,25,1,1,25,1,1,25,1,1,25,1,1,25,1,1,25,1,1,25,1,1,25,1,1,25,1,1,25,1,1,25,1,1,25,1,2,25,0.99964,33,0.00036,2,25,0.98678,33,0.01322,2,25,0.6382,33,0.3618,2,25,0.2374,33,0.7626,2,25,0.13721,33,0.86279,2,25,0.04085,33,0.95915,2,25,0.00202,33,0.99798,1,33,1,1,33,1,1,33,1,1,33,1,1,33,1,1,33,1,1,33,1,1,33,1,1,33,1,1,33,1,1,33,1,1,33,1,1,33,1,1,33,1,1,33,1,1,33,1,1,33,1,1,33,1,1,33,1,1,33,1,1,33,1,1,33,1,1,33,1,2,25,0.00018,33,0.99982,2,25,0.0081,33,0.9919,2,25,0.04137,33,0.95863,2,25,0.13909,33,0.86091,2,25,0.4119,33,0.5881,2,25,0.60324,33,0.39676,2,25,0.9253,33,0.0747,2,25,0.99785,33,0.00215,1,25,1,1,25,1,1,25,1,1,25,1,2,25,0.06088,33,0.93912,2,25,0.00027,33,0.99973,1,33,1,1,33,1,1,33,1,1,25,1,2,25,0.03881,33,0.96119,1,33,1,1,25,1,2,25,0.00003,33,0.99997,1,33,1,1,25,1,1,33,1,1,33,1,1,25,1,2,25,0.5843,33,0.4157,1,33,1,2,25,0.03741,33,0.96259,2,25,0.01098,33,0.98902,1,25,1,2,25,0.01034,33,0.98966,1,33,1,1,25,1,1,33,1,1,33,1,1,33,1,1,33,1,1,25,1,2,25,0.27817,33,0.72183,1,33,1,1,33,1,1,25,1,2,25,0.00697,33,0.99303,1,33,1,1,25,1,2,25,0.99859,33,0.00141,1,25,1,1,25,1,2,25,0.99772,33,0.00228,2,25,0.9146,33,0.0854,2,25,0.97285,33,0.02715],"triangles":[35,34,33,32,35,33,84,35,32,31,84,32,79,27,26,29,68,30,68,31,30,27,70,28,68,84,31,84,36,35,28,70,29,70,68,29,79,60,70,79,70,27,25,79,26,24,79,25,68,37,84,37,36,84,71,60,79,61,81,70,60,83,70,38,37,68,81,38,68,70,81,68,71,79,24,23,71,24,83,61,70,71,74,60,22,71,23,22,62,71,62,74,71,61,82,81,82,38,81,74,83,60,82,41,38,83,65,61,21,62,22,76,62,21,41,39,38,74,65,83,87,82,61,65,87,61,59,65,74,91,74,62,41,40,39,59,88,65,44,41,82,87,44,82,8,10,9,20,19,21,19,76,21,91,59,74,76,91,62,18,76,19,44,42,41,12,14,13,88,87,65,43,42,44,90,88,59,76,75,91,8,11,10,18,64,76,64,75,76,7,11,8,75,59,91,67,87,88,12,11,14,11,15,14,16,15,11,87,45,44,75,90,59,75,58,90,98,64,18,7,92,11,67,45,87,90,67,88,92,80,16,98,73,64,92,16,11,78,67,90,46,45,67,17,98,18,86,58,75,64,73,75,73,86,75,57,92,7,78,46,67,58,78,90,6,72,7,72,57,7,97,73,98,96,98,17,47,46,78,96,17,16,95,96,16,80,95,16,57,80,92,96,66,98,66,97,98,85,95,80,51,86,73,95,66,96,5,72,6,86,49,58,48,78,58,49,48,58,97,51,73,57,85,80,48,47,78,69,85,57,72,89,57,4,72,5,50,49,86,51,50,86,52,51,97,66,93,97,93,52,97,85,94,95,94,66,95,94,93,66,89,69,57,4,3,72,53,52,93,85,54,94,54,93,94,63,89,72,3,63,72,54,53,93,69,55,85,55,54,85,77,69,89,63,77,89,77,55,69,2,63,3,1,77,63,2,1,63,77,56,55,0,56,77,1,0,77],"type":"mesh","transform":{},"userEdges":[54,93,93,94,94,66,66,95,95,96,96,16,51,97,97,98,98,18],"uvs":[0.00551,0.24427,0.02868,0.14242,0.10544,0.06577,0.17134,0.03795,0.23723,0.01012,0.32847,0.00382,0.38641,0.0537,0.44434,0.10357,0.54789,0.1167,0.65144,0.12982,0.57178,0.16815,0.49213,0.20647,0.54644,0.2385,0.60075,0.27052,0.53196,0.28522,0.46316,0.29992,0.43275,0.28837,0.4313,0.31357,0.47765,0.35767,0.53847,0.3435,0.5993,0.32932,0.6442,0.38812,0.70792,0.41542,0.77164,0.44272,0.82161,0.49207,0.87158,0.54142,0.88171,0.58132,0.87737,0.69892,0.91937,0.75562,0.90778,0.79132,0.93675,0.82282,0.91358,0.87427,0.96282,0.92362,1,0.95407,0.98454,1,0.90126,1,0.81799,1,0.75716,0.95131,0.69633,0.90262,0.66882,0.95512,0.59206,0.97612,0.58192,0.90472,0.50082,0.88267,0.49358,0.83542,0.52834,0.81967,0.4284,0.81022,0.32558,0.76717,0.29734,0.70155,0.2691,0.63592,0.27634,0.56662,0.28358,0.49732,0.28792,0.47212,0.24954,0.42408,0.21116,0.37605,0.17279,0.32801,0.13441,0.27997,0.04461,0.27262,0.31281,0.18308,0.37141,0.59111,0.52875,0.59803,0.72468,0.62164,0.69215,0.76242,0.62521,0.50382,0.16372,0.13629,0.45632,0.46569,0.58704,0.70326,0.32364,0.33966,0.46154,0.71485,0.81752,0.83825,0.23707,0.23654,0.81671,0.71552,0.72746,0.49955,0.27748,0.10396,0.38606,0.44358,0.63862,0.58525,0.45674,0.51013,0.54118,0.4506,0.10279,0.19682,0.37562,0.66811,0.81738,0.59309,0.3819,0.23895,0.73592,0.83188,0.63676,0.82082,0.69181,0.67765,0.8617,0.9312,0.26676,0.27589,0.34368,0.51348,0.52805,0.76021,0.52632,0.69381,0.24776,0.16496,0.45336,0.62928,0.5581,0.52956,0.41279,0.20408,0.27157,0.363,0.29206,0.3311,0.34061,0.31295,0.3884,0.3278,0.34803,0.41213,0.41079,0.36403],"edges":[0,56,56,55,55,54,54,53,53,52,52,51,51,50,50,49,49,48,48,47,47,46,46,45,45,44,44,43,43,42,42,41,41,40,40,39,39,38,38,37,37,36,36,35,35,34,34,33,33,32,32,31,31,30,30,29,29,28,28,27,27,26,26,25,25,24,24,23,23,22,22,21,21,20,20,19,19,18,18,17,17,16,16,15,15,14,14,13,13,12,12,11,11,10,10,9,9,8,8,7,7,6,6,5,5,4,4,3,3,2,2,1,1,0],"height":80,"name":"Layer 33 Copy 8","bonePose":[25,0.4170740918407707,0.9088724893598644,-0.9088724893598644,0.4170740918407707,-162.82040833509598,-240.5459302098825,33,0.5222009053255057,0.8528224988104046,-0.8528224988104046,0.5222009053255057,-149.8005732699491,-214.8110065675561]}],"name":"Layer 33 Copy 8"},{"display":[{"path":"Layer 33 Copy 7","type":"image","name":"Layer 33 Copy 7","transform":{"skX":110.85,"skY":110.85,"y":1.13,"x":-0.76}}],"name":"Layer 33 Copy 7"},{"display":[{"path":"Layer 18","type":"image","name":"Layer 18","transform":{"skX":92.3,"skY":92.3,"y":-2,"x":108.83}}],"name":"Layer 18"},{"display":[{"path":"Layer 33 Copy 14","type":"image","name":"Layer 33 Copy 14","transform":{"skX":-72.71,"skY":-72.71,"y":10.36,"x":113.16}}],"name":"Layer 33 Copy 14"},{"display":[{"path":"Layer 19 Copy 7","type":"image","name":"Layer 19 Copy 7","transform":{"skX":179.77,"skY":179.77,"y":41.08,"x":171.04}}],"name":"Layer 19 Copy 7"},{"display":[{"path":"Layer 19 Copy 4","type":"image","name":"Layer 19 Copy 4","transform":{"skX":-93.85,"skY":-93.85,"y":0.26,"x":71.07}}],"name":"Layer 19 Copy 4"},{"display":[{"path":"Layer 33 Copy 15","type":"image","name":"Layer 33 Copy 15","transform":{"y":1.43,"x":-0.94}}],"name":"Layer 33 Copy 15"},{"display":[{"slotPose":[1,0,0,1,0,0],"vertices":[-226.88,-152.02,-222.67,-156.41,-220.35,-155.55,-216.48,-158.3,-217.43,-160.97,-213.98,-160.8,-212.95,-169.22,-210.2,-172.83,-212.6,-173.78,-208.6,-174.47,-204.61,-175.16,-204,-180.74,-199.75,-182.21,-195.49,-183.67,-195.06,-190.12,-193.51,-191.75,-195.4,-194.42,-191.37,-198.88,-187.32,-203.34,-183.28,-207.79,-179.24,-212.25,-176.83,-213.54,-176.39,-221.89,-175.38,-228.16,-177.61,-233.41,-181.65,-233.93,-188.31,-231.86,-194.97,-229.79,-192.14,-222.57,-195.1,-218.9,-198.07,-215.22,-201.04,-211.55,-204,-207.87,-207.7,-212.6,-211.39,-217.33,-214.24,-215.35,-216.34,-210.75,-218.45,-206.15,-224.12,-203.91,-229.71,-198.5,-233.37,-191.28,-233.38,-185.43,-231.85,-180.39,-230.32,-175.36,-232.13,-169,-229.46,-167.11,-230.4,-164.79,-229.72,-163.49,-230.33,-161.17,-229.46,-159.45,-230.15,-152.02,-225.19,-186.05,-208.59,-199.29,-215.49,-191.58,-222.54,-169.03,-202.58,-192.52,-187.83,-215.62,-182.33,-224.93,-215.97,-180.24,-222.59,-197.23,-209.87,-186.36,-195.22,-203.99,-219.93,-175.62,-211.41,-205.48,-201.16,-199.63,-192.13,-212.14,-226.26,-178.31,-220.9,-184.85,-215.3,-199.95,-180.98,-216,-225.21,-162.75,-208.11,-190.11,-227.56,-191.74,-189.12,-224.95,-221.17,-191.91],"path":"Layer 33 Copy 10","width":58,"weights":[1,32,1,1,32,1,1,32,1,1,32,1,1,32,1,1,32,1,1,32,1,1,32,1,1,32,1,1,32,1,1,32,1,1,32,1,2,22,0.00746,32,0.99254,2,22,0.0267,32,0.9733,2,22,0.17145,32,0.82855,2,22,0.23723,32,0.76277,2,22,0.43282,32,0.56718,2,22,0.91886,32,0.08114,2,22,0.99905,32,0.00095,1,22,1,1,22,1,1,22,1,1,22,1,1,22,1,1,22,1,1,22,1,1,22,1,1,22,1,1,22,1,1,22,1,1,22,1,2,22,0.99999,32,0.00001,2,22,0.90915,32,0.09085,2,22,0.73552,32,0.26448,2,22,0.71605,32,0.28395,2,22,0.69594,32,0.30406,2,22,0.56855,32,0.43145,2,22,0.29914,32,0.70086,2,22,0.09417,32,0.90583,2,22,0.01739,32,0.98261,2,22,0.00026,32,0.99974,1,32,1,1,32,1,1,32,1,1,32,1,1,32,1,1,32,1,1,32,1,1,32,1,1,32,1,1,32,1,1,32,1,2,22,0.13202,32,0.86798,2,22,0.00402,32,0.99598,1,32,1,2,22,0.05645,32,0.94355,1,22,1,1,22,1,1,32,1,2,22,0.03898,32,0.96102,1,32,1,2,22,0.99288,32,0.00712,1,32,1,2,22,0.49249,32,0.50751,2,22,0.76072,32,0.23928,1,22,1,1,32,1,1,32,1,2,22,0.14126,32,0.85874,1,22,1,1,32,1,1,32,1,2,22,0.00254,32,0.99746,1,22,1,2,22,0.00679,32,0.99321],"triangles":[25,57,24,69,21,22,57,22,23,24,57,23,57,69,22,69,20,21,25,26,57,57,56,69,73,56,57,26,73,57,73,28,56,65,18,19,56,65,19,28,29,56,61,17,18,65,61,18,27,73,26,29,65,56,27,28,73,31,61,65,29,30,65,61,16,17,61,64,16,30,31,65,16,14,15,31,32,61,12,13,14,55,12,14,55,14,16,64,55,16,32,64,61,55,71,12,71,11,12,71,60,11,52,55,64,32,52,64,63,52,32,52,71,55,58,9,11,60,58,11,33,63,32,11,9,10,36,63,33,35,36,33,34,35,33,63,68,52,53,71,52,68,53,52,58,8,9,53,60,71,67,58,60,53,67,60,8,6,7,4,5,6,37,68,63,36,37,63,54,4,6,62,6,8,58,62,8,62,54,6,59,74,53,59,53,68,74,67,53,37,38,68,38,59,68,54,70,4,67,62,58,2,3,4,1,2,4,70,1,4,67,66,62,74,51,67,51,66,67,66,54,62,59,72,74,72,51,74,38,39,59,39,72,59,66,43,54,43,45,54,70,46,54,46,44,54,47,70,54,44,47,54,45,70,54,70,49,1,49,0,1,43,44,45,42,66,51,45,47,70,47,46,70,49,50,0,72,41,51,41,42,51,47,48,70,48,49,70,47,45,46,40,41,72,42,43,66,39,40,72,19,56,20,69,56,20],"type":"mesh","transform":{},"userEdges":[32,64,64,16,28,56,56,20],"uvs":[0.112,1,0.18465,0.94641,0.22469,0.9569,0.29141,0.92334,0.2751,0.89083,0.33441,0.89292,0.3522,0.79014,0.39965,0.74609,0.35813,0.73456,0.42708,0.72617,0.49603,0.71778,0.50641,0.64961,0.5798,0.63178,0.6532,0.61395,0.66061,0.53529,0.6873,0.51536,0.65468,0.48285,0.72438,0.42847,0.79408,0.3741,0.86378,0.31972,0.93348,0.26534,0.97499,0.24961,0.98241,0.14788,1,0.07132,0.96165,0.00734,0.89196,0.00105,0.77705,0.02622,0.66213,0.05139,0.71106,0.13949,0.65991,0.18432,0.60875,0.22916,0.5576,0.27399,0.50644,0.31883,0.44269,0.26115,0.37893,0.20346,0.33,0.22759,0.29367,0.28369,0.25734,0.3398,0.15948,0.36707,0.0631,0.43314,0,0.52124,0,0.59256,0.02636,0.65391,0.05272,0.71527,0.02159,0.79287,0.06755,0.81595,0.05124,0.84426,0.0631,0.86,0.05272,0.88831,0.06755,0.90929,0.05569,1,0.14112,0.5849,0.42726,0.42341,0.30836,0.51753,0.18683,0.79256,0.53099,0.50594,0.78535,0.22439,0.88023,0.11086,0.30012,0.65576,0.18591,0.44856,0.40528,0.5811,0.65774,0.36618,0.23182,0.71214,0.37866,0.348,0.5555,0.41926,0.71118,0.26672,0.12265,0.67941,0.21517,0.59959,0.31151,0.41544,0.90331,0.2196,0.1408,0.86917,0.43566,0.53552,0.10023,0.51555,0.76317,0.11047,0.21051,0.5135],"edges":[40,41,41,42,42,43,43,44,44,45,45,46,46,47,47,48,48,49,49,50,50,0,0,1,1,2,2,3,3,4,4,5,5,6,6,7,7,8,8,9,9,10,10,11,11,12,12,13,13,14,14,15,15,16,16,17,17,18,18,19,19,20,20,21,21,22,22,23,23,24,24,25,25,26,26,27,27,28,28,29,29,30,30,31,31,32,32,33,33,34,34,35,35,36,36,37,37,38,38,39,39,40],"height":82,"name":"Layer 33 Copy 10","bonePose":[32,-0.6025117348681134,0.7981100233340114,-0.7981100233340114,-0.6025117348681134,-203.30099893084028,-199.76104782661457,22,-0.5687054199298407,0.8225412727288666,-0.8225412727288666,-0.5687054199298407,-185.33742572668655,-225.63697559237804]}],"name":"Layer 33 Copy 10"},{"display":[{"path":"Layer 19 Copy 3","type":"image","name":"Layer 19 Copy 3","transform":{"skX":122.45,"skY":122.45,"y":-15.68,"x":108.35}}],"name":"Layer 19 Copy 3"},{"display":[{"slotPose":[1,0,0,1,0,0],"vertices":[-182.08,-22,-178.92,-29.68,-175.76,-37.36,-174.28,-48.07,-172.79,-58.78,-170.41,-67.93,-168.02,-77.09,-166.7,-92.32,-165.38,-107.53,-167.32,-125.34,-168.9,-140.13,-170.48,-154.92,-174.15,-162.46,-177.83,-170,-182.86,-170.01,-186.98,-170.01,-191.12,-170.01,-194.92,-165.76,-198.72,-161.5,-199.38,-150.92,-197.96,-140.28,-196.53,-129.64,-193.57,-114.8,-193.17,-98.03,-194.21,-75.06,-194.86,-61.13,-195.49,-47.19,-194.21,-33.26,-191.05,-28.04,-187.88,-22.81,-184.98,-22.4,-174.16,-110,-192.56,-145.85,-185.57,-62.79,-185.7,-124.38,-180.74,-109.39,-178.64,-139.75,-177.78,-78.54,-187.27,-94.67,-186.18,-149.97,-178.81,-51.95,-171.64,-86.41,-173.68,-139.96,-189.94,-51.24,-183.17,-78.98,-188.88,-76.73,-183.33,-41.32,-190.31,-126.56,-177.64,-97.27,-169.32,-101.28,-178.42,-120.16,-171.97,-122.82,-182.1,-135.63,-185.43,-106.82,-187.16,-38.9,-174.45,-75,-180.3,-154.65,-190.35,-154.69,-181.72,-62.76,-189.24,-110.88,-182.01,-94.31,-190.69,-65.39,-190.84,-81.97,-196.67,-149,-189.02,-140.3,-175.37,-126.54],"path":"Layer 33 Copy 6","width":34,"weights":[1,21,1,1,21,1,1,21,1,1,21,1,1,21,1,2,12,0.00233,21,0.99767,2,12,0.08374,21,0.91626,2,12,0.66323,21,0.33677,2,12,0.98306,21,0.01694,1,12,1,1,12,1,1,12,1,1,12,1,1,12,1,1,12,1,1,12,1,1,12,1,1,12,1,1,12,1,1,12,1,1,12,1,1,12,1,1,12,1,1,12,1,1,21,1,1,21,1,1,21,1,1,21,1,1,21,1,1,21,1,1,21,1,2,12,0.9972,21,0.0028,1,12,1,1,21,1,1,12,1,1,12,1,1,12,1,2,12,0.03831,21,0.96169,1,12,1,1,12,1,1,21,1,2,12,0.37456,21,0.62544,1,12,1,1,21,1,2,12,0.00095,21,0.99905,1,21,1,1,21,1,1,12,1,2,12,0.91591,21,0.08409,2,12,0.9233,21,0.0767,1,12,1,1,12,1,1,12,1,1,12,1,1,21,1,2,12,0.0262,21,0.9738,1,12,1,1,12,1,1,21,1,1,12,1,2,12,0.94293,21,0.05707,1,21,1,2,12,0.02301,21,0.97699,1,12,1,1,12,1,1,12,1],"triangles":[42,65,10,11,42,10,10,65,9,55,5,6,41,6,7,31,49,8,9,51,8,51,31,8,49,7,8,50,31,51,49,48,7,48,41,7,56,42,11,65,51,9,41,37,6,37,55,6,52,65,42,56,36,42,40,3,4,31,48,49,35,48,31,36,52,42,48,60,41,12,56,11,58,4,5,55,58,5,46,2,3,60,37,41,60,44,37,56,39,36,65,50,51,50,35,31,58,40,4,44,58,55,40,46,3,35,53,48,37,44,55,13,14,12,14,56,12,34,50,65,52,34,65,44,45,58,45,33,58,46,1,2,45,61,33,62,44,60,38,62,60,14,15,56,15,57,56,43,46,40,58,33,40,33,43,40,46,54,1,59,35,50,53,60,48,64,52,36,39,64,36,53,38,60,30,0,1,34,59,50,28,30,1,54,28,1,17,57,15,22,59,34,47,34,52,57,39,56,28,29,30,59,53,35,23,38,53,64,47,52,43,54,46,27,28,54,32,64,39,62,45,44,43,26,54,16,17,15,25,43,33,21,47,64,24,61,45,47,22,34,59,23,53,61,25,33,57,32,39,17,18,57,20,21,64,23,62,38,26,27,54,63,32,57,21,22,47,62,24,45,22,23,59,25,26,43,32,20,64,19,63,57,18,19,57,23,24,62,24,25,61,63,20,32,19,20,63],"type":"mesh","transform":{},"userEdges":[],"uvs":[0.50876,1,0.60172,0.94812,0.69467,0.89623,0.7383,0.82389,0.78194,0.75154,0.85213,0.68966,0.92232,0.62777,0.96116,0.52492,1,0.42207,0.94309,0.30179,0.89666,0.20185,0.85023,0.10192,0.7421,0.05096,0.63397,0,0.486,0,0.36458,0,0.24317,0,0.13125,0.02873,0.01932,0.05747,0,0.12894,0.04191,0.20085,0.08382,0.27276,0.17109,0.37299,0.18247,0.4863,0.15212,0.6415,0.13314,0.73564,0.11417,0.82977,0.15212,0.92391,0.24507,0.95921,0.33803,0.99451,0.42339,0.99725,0.74166,0.40544,0.20062,0.16322,0.40611,0.72436,0.40229,0.30829,0.54832,0.40951,0.61008,0.20441,0.63533,0.61801,0.35626,0.50903,0.38823,0.13536,0.60515,0.79761,0.81585,0.56485,0.75563,0.20299,0.2779,0.80241,0.47668,0.61503,0.30875,0.6302,0.47203,0.8695,0.26698,0.29351,0.63937,0.49144,0.88433,0.46438,0.61653,0.33684,0.80637,0.31876,0.50824,0.23227,0.41031,0.42693,0.35919,0.8858,0.73334,0.64188,0.56146,0.10378,0.26582,0.10346,0.51922,0.7246,0.29818,0.3995,0.51083,0.51148,0.25559,0.7068,0.25098,0.59475,0.07973,0.14194,0.30479,0.20073,0.70609,0.29368],"edges":[19,20,20,21,21,22,22,23,23,24,24,25,25,26,26,27,27,28,28,29,29,30,30,0,0,1,1,2,2,3,3,4,4,5,5,6,6,7,7,8,8,9,9,10,10,11,11,12,12,13,13,14,14,15,15,16,16,17,17,18,18,19],"height":148,"name":"Layer 33 Copy 6","bonePose":[21,0.04117812426033476,0.9991518213376788,-0.9991518213376788,0.04117812426033476,-185.7969506733741,-88.27547088451581,12,0.04117812426033476,0.9991518213376788,-0.9991518213376788,0.04117812426033476,-188.49,-153.62]}],"name":"Layer 33 Copy 6"},{"display":[{"path":"Layer 33 Copy 11","type":"image","name":"Layer 33 Copy 11","transform":{"skX":63.92,"skY":63.92,"y":-21.94,"x":-4.58}}],"name":"Layer 33 Copy 11"},{"display":[{"path":"Layer 19 Copy 2","type":"image","name":"Layer 19 Copy 2","transform":{"skX":-71.22,"skY":-71.22,"y":2.83,"x":94.93}}],"name":"Layer 19 Copy 2"},{"display":[{"path":"Layer 33 Copy 12","type":"image","name":"Layer 33 Copy 12","transform":{"skX":110.85,"skY":110.85,"y":-17.72,"x":21.4}}],"name":"Layer 33 Copy 12"},{"display":[{"path":"Layer 33 Copy 13","type":"image","name":"Layer 33 Copy 13","transform":{"skX":-122.83,"skY":-122.83,"y":-2.57,"x":86.15}}],"name":"Layer 33 Copy 13"},{"display":[{"path":"Layer 19 Copy 5","type":"image","name":"Layer 19 Copy 5","transform":{"skX":-108.06,"skY":-108.06,"y":19.35,"x":44.31}}],"name":"Layer 19 Copy 5"},{"display":[{"path":"Layer 33 Copy 3","type":"image","name":"Layer 33 Copy 3","transform":{"skX":-64.28,"skY":-64.28,"y":4.69,"x":43.68}}],"name":"Layer 33 Copy 3"},{"display":[{"slotPose":[1,0,0,1,0,0],"vertices":[-209.61,-20,-204.96,-23.07,-200.33,-26.13,-195.54,-38.67,-190.76,-51.21,-187.34,-58.05,-183.92,-64.89,-178.37,-74.39,-172.82,-83.89,-172.98,-102.89,-169.86,-110.85,-166.75,-118.81,-163.62,-126.76,-160.51,-134.71,-157.44,-148.09,-154.38,-161.46,-154.37,-176.97,-160.66,-187.15,-164.77,-187.58,-168.88,-188.01,-173.28,-186.75,-177.69,-185.48,-183.92,-179.1,-187.57,-161.16,-191.22,-143.23,-193.8,-132.05,-196.38,-120.88,-195.47,-113.43,-197.48,-104.12,-199.5,-94.81,-201.51,-85.5,-203.52,-76.18,-208.16,-61.9,-212.8,-47.61,-216.36,-36.8,-216.36,-24.63,-213.1,-20.01,-172.86,-155.95,-183.68,-94.5,-185.43,-121.8,-191.47,-80.04,-173.23,-131.21,-180.75,-152.83,-199.77,-56.23,-161.94,-167.38,-206.11,-42.39,-164.94,-144.98,-177.13,-120.33,-180.97,-85.21,-191.11,-100.91,-167.83,-171.49,-182.57,-138.43,-194.16,-61.21,-175.32,-172.14,-181.88,-104.28,-197.68,-73.7,-167.67,-137.14,-179.68,-167.78,-185.43,-76.71,-175.7,-139.35,-167.05,-155.39,-186.7,-108.38,-191.44,-120.14,-195.03,-92.57,-185.52,-143.52,-201.34,-37.33,-178.24,-98.51,-211.32,-30.64,-161.05,-152.01,-188.9,-92.18,-203.79,-54.81,-180.55,-124.84,-170.25,-144.01],"path":"Layer 33 Copy 4","width":62,"weights":[1,19,1,1,19,1,1,19,1,1,19,1,1,19,1,1,19,1,1,19,1,2,13,0.01443,19,0.98557,2,13,0.17601,19,0.82399,2,13,0.93804,19,0.06196,2,13,0.99986,19,0.00014,1,13,1,1,13,1,1,13,1,1,13,1,1,13,1,1,13,1,1,13,1,1,13,1,1,13,1,1,13,1,1,13,1,1,13,1,1,13,1,1,13,1,1,13,1,1,13,1,1,13,1,2,13,0.89411,19,0.10589,2,13,0.21189,19,0.78811,1,19,1,1,19,1,1,19,1,1,19,1,1,19,1,1,19,1,1,19,1,1,13,1,2,13,0.54624,19,0.45376,1,13,1,1,19,1,1,13,1,1,13,1,1,19,1,1,13,1,1,19,1,1,13,1,1,13,1,2,13,0.11501,19,0.88499,2,13,0.95204,19,0.04796,1,13,1,1,13,1,1,19,1,1,13,1,2,13,0.98929,19,0.01071,1,19,1,1,13,1,1,13,1,2,13,0.00338,19,0.99662,1,13,1,1,13,1,1,13,1,1,13,1,2,13,0.08573,19,0.91427,1,13,1,1,19,1,2,13,0.81441,19,0.18559,1,19,1,1,13,1,2,13,0.00712,19,0.99288,1,19,1,1,13,1,1,13,1],"triangles":[46,13,14,17,50,16,50,44,16,60,68,15,44,60,15,68,14,15,16,44,15,18,50,17,46,56,13,68,46,14,9,66,8,19,50,18,56,12,13,19,20,50,60,46,68,50,37,60,56,41,12,50,60,44,20,53,50,72,56,46,60,72,46,41,11,12,57,37,50,53,57,50,37,72,60,41,47,11,21,53,20,47,10,11,72,59,56,59,41,56,66,48,8,54,9,10,47,54,10,37,42,72,42,59,72,23,42,57,38,48,66,61,54,47,42,64,59,21,22,53,71,47,41,59,51,41,57,42,37,48,7,8,54,66,9,51,71,41,48,58,7,39,61,47,64,51,59,22,57,53,71,39,47,51,25,71,54,38,66,58,6,7,38,69,48,22,23,57,25,39,71,62,61,39,49,38,54,24,64,42,23,24,42,40,58,48,69,40,48,61,49,54,64,24,51,24,25,51,62,27,61,25,62,39,49,69,38,58,55,6,55,52,6,52,5,6,40,55,58,63,40,69,28,49,61,27,28,61,52,4,5,25,26,62,49,63,69,52,43,4,63,30,40,70,45,43,65,2,3,45,3,4,43,45,4,26,27,62,29,63,49,28,29,49,30,55,40,30,31,55,45,65,3,55,32,52,32,43,52,29,30,63,31,32,55,65,67,2,32,70,43,67,1,2,33,45,70,45,67,65,34,67,45,32,33,70,67,0,1,67,35,0,33,34,45,35,36,0,34,35,67],"type":"mesh","transform":{},"userEdges":[],"uvs":[0.10908,1,0.18385,0.98178,0.25863,0.96355,0.33585,0.88891,0.41308,0.81427,0.46824,0.77355,0.5234,0.73284,0.61289,0.67629,0.70237,0.61975,0.69992,0.50665,0.75018,0.4593,0.80043,0.41195,0.85069,0.3646,0.90095,0.31725,0.95047,0.23764,1,0.15802,1,0.06573,0.8985,0.00511,0.8323,0.00256,0.76611,0,0.69501,0.00753,0.62392,0.01506,0.5234,0.05306,0.46456,0.15983,0.40573,0.26659,0.36405,0.33309,0.32237,0.39959,0.33708,0.44392,0.3046,0.49934,0.27211,0.55475,0.23963,0.61017,0.20715,0.66559,0.13237,0.75063,0.0576,0.83568,0,0.90006,0,0.97244,0.05269,1,0.70182,0.19082,0.52724,0.55659,0.49895,0.39409,0.40162,0.64261,0.69581,0.33813,0.57463,0.20939,0.26765,0.78439,0.87788,0.12281,0.1653,0.86681,0.82946,0.25613,0.63282,0.40288,0.57102,0.61189,0.40742,0.51844,0.78295,0.09833,0.54514,0.29509,0.35813,0.75476,0.6621,0.09448,0.55622,0.49838,0.30134,0.68042,0.78546,0.30281,0.59173,0.12044,0.49905,0.6625,0.65598,0.28964,0.79548,0.19416,0.4785,0.47398,0.4021,0.40397,0.34405,0.56806,0.49759,0.2648,0.24238,0.89691,0.61493,0.53269,0.08125,0.93666,0.89237,0.21433,0.44298,0.57037,0.20295,0.79288,0.57779,0.376,0.74384,0.26195],"edges":[34,35,35,36,36,0,0,1,1,2,2,3,3,4,4,5,5,6,6,7,7,8,8,9,9,10,10,11,11,12,12,13,13,14,14,15,15,16,16,17,17,18,18,19,19,20,20,21,21,22,22,23,23,24,24,25,25,26,26,27,27,28,28,29,29,30,30,31,31,32,32,33,33,34],"height":168,"name":"Layer 33 Copy 4","bonePose":[19,-0.2910361668282718,0.9567120515588304,-0.9567120515588304,-0.2910361668282718,-189.00447643762948,-95.6629531706774,13,-0.2910361668282718,0.9567120515588304,-0.9567120515588304,-0.2910361668282718,-166.26000000000002,-170.43]}],"name":"Layer 33 Copy 4"},{"display":[{"path":"Layer 33 Copy 5","type":"image","name":"Layer 33 Copy 5","transform":{"skX":88.16,"skY":88.16,"y":3.85,"x":16.7}}],"name":"Layer 33 Copy 5"},{"display":[{"path":"Layer 33 Copy 2","type":"image","name":"Layer 33 Copy 2","transform":{"skX":110.85,"skY":110.85,"y":16.1,"x":20.29}}],"name":"Layer 33 Copy 2"},{"display":[{"path":"Layer 33 Copy 9","type":"image","name":"Layer 33 Copy 9","transform":{"skX":63.92,"skY":63.92,"y":29.63,"x":36.8}}],"name":"Layer 33 Copy 9"},{"display":[{"path":"Layer 20","type":"image","name":"Layer 20","transform":{"skX":-179.38,"skY":-179.38,"y":11.1,"x":189.38}}],"name":"Layer 20"}]}],"slot":[{"name":"Layer 19 Copy 4","parent":"left Arm A","color":{}},{"z":1,"name":"Layer 19 Copy 7","parent":"left Arm B","color":{}},{"z":2,"name":"Layer 18","parent":"chestSkel","color":{}},{"z":3,"name":"Layer 19 Copy 2","parent":"right arm A","color":{}},{"z":4,"name":"Layer 20","parent":"right Arm B","color":{}},{"z":5,"name":"Layer 19 Copy 5","parent":"jaw","color":{}},{"z":6,"name":"Layer 19 Copy 3","parent":"skelHead","color":{}},{"z":7,"name":"Layer 33 Copy 15","parent":"duesashadow","color":{}},{"z":8,"name":"Layer 33 Copy 14","parent":"weights right","color":{}},{"z":9,"name":"Layer 33 Copy 13","parent":"weights left","color":{}},{"z":10,"name":"Layer 33 Copy 12","parent":"head","color":{}},{"z":11,"name":"Layer 33 Copy 3","parent":"hair","color":{}},{"z":12,"name":"Layer 33 Copy 9","parent":"chestmid","color":{}},{"z":13,"name":"Layer 33 Copy 6","parent":"left leg","color":{}},{"z":14,"name":"Layer 33 Copy 4","parent":"right leg","color":{}},{"z":15,"name":"Layer 33 Copy 11","parent":"chestmid","color":{}},{"z":16,"name":"Layer 33 Copy 10","parent":"left arm","color":{}},{"z":17,"name":"Layer 33 Copy 5","parent":"bodyd","color":{}},{"z":18,"name":"Layer 33 Copy 2","parent":"head","color":{}},{"z":19,"name":"Layer 33 Copy 8","parent":"right arm","color":{}},{"z":20,"name":"Layer 33 Copy 7","parent":"head","color":{}}],"defaultActions":[{"gotoAndPlay":"Attack A"}],"name":"Duesa","bone":[{"transform":{},"name":"root"},{"transform":{"y":-42.73,"x":-82.99},"name":"Right Arm IK Skel","parent":"root"},{"transform":{"y":-6.29,"x":-185.68},"name":"duesaRoot","parent":"root"},{"transform":{"y":-8.6,"x":54.04},"name":"skel root","parent":"root"},{"transform":{"y":-70.29,"x":-371.5},"name":"leftArmIKSkel","parent":"root"},{"transform":{"y":-176.42,"x":-125.83},"name":"right Arm IK","parent":"root"},{"transform":{"y":-22.7,"x":-183.27},"name":"rightLegIK","parent":"root"},{"transform":{"y":-170.18,"x":-225.64},"name":"leftArmIK","parent":"root"},{"transform":{"y":-21,"x":-211.71},"name":"leftlegIK","parent":"root"},{"transform":{"y":-15.69,"x":22.69},"name":"mid","parent":"skel root"},{"transform":{"y":-171.59,"x":1.82},"name":"dmid","parent":"duesaRoot"},{"transform":{"y":-1.51,"x":11.24},"name":"duesashadow","parent":"duesaRoot"},{"length":65,"transform":{"skX":87.64,"skY":87.64,"y":24.26,"x":-4.63},"parent":"dmid","name":"left leg"},{"length":78,"transform":{"skX":106.92,"skY":106.92,"y":7.45,"x":17.6},"parent":"dmid","name":"right leg"},{"length":34,"transform":{"skX":-88.16,"skY":-88.16,"y":-6.56,"x":0.1},"parent":"dmid","name":"bodyd"},{"length":141,"transform":{"skX":-92.3,"skY":-92.3,"y":-16.55,"x":4.26},"parent":"mid","name":"chestSkel"},{"length":136,"transform":{"skX":-17.77,"skY":-17.77,"x":141.54},"parent":"chestSkel","name":"skelNecl"},{"length":23,"transform":{"skX":24.24,"skY":24.24,"y":-0.01,"x":34.56},"parent":"bodyd","name":"chestmid"},{"length":133,"transform":{"skX":-173.85,"skY":-173.85,"y":-103.6,"x":169.84},"parent":"chestSkel","name":"left Arm A"},{"length":78,"transform":{"x":78.15},"parent":"right leg","name":"right leg2"},{"length":224,"transform":{"skX":163.52,"skY":163.52,"y":129.48,"x":214.93},"parent":"chestSkel","name":"right arm A"},{"length":65,"transform":{"x":65.4},"parent":"left leg","name":"left leg2"},{"length":31,"transform":{"skX":-171.42,"skY":-171.42,"y":-5.33,"x":4.8},"parent":"chestmid","name":"left arm"},{"length":163,"transform":{"skX":-12.38,"skY":-12.38,"y":-0.16,"x":136.02},"parent":"skelNecl","name":"skelHead"},{"length":356,"transform":{"skX":108.15,"skY":108.15,"y":0.15,"x":225.26},"parent":"right arm A","name":"right Arm B"},{"length":24,"transform":{"skX":129.27,"skY":129.27,"y":8.34,"x":28.09},"parent":"chestmid","name":"right arm"},{"length":122,"transform":{"skX":-173.24,"skY":-173.24,"y":11.23,"x":-13.08},"parent":"chestmid","name":"weights left"},{"length":327,"transform":{"skX":86.37,"skY":86.37,"y":5.38,"x":138.32},"parent":"left Arm A","name":"left Arm B"},{"length":124,"transform":{"skX":136.63,"skY":136.63,"y":11.29,"x":16.83},"parent":"chestmid","name":"weights right"},{"length":6,"transform":{"skX":-34.21,"skY":-34.21,"y":0.2,"x":23.12},"parent":"chestmid","name":"neck"},{"length":34,"transform":{"skX":-12.72,"skY":-12.72,"x":6.22},"parent":"neck","name":"head"},{"length":112,"transform":{"skX":-129.5,"skY":-129.5,"y":-11.45,"x":56.04},"parent":"skelHead","name":"jaw"},{"length":36,"transform":{"skX":2.39,"skY":2.39,"y":0.06,"x":31.5},"parent":"left arm","name":"left hand"},{"length":44,"transform":{"skX":-6.83,"skY":-6.83,"y":-1.1,"x":28.82},"parent":"right arm","name":"right hand"},{"length":65,"transform":{"skX":175.14,"skY":175.14,"y":-4.54,"x":17.33},"parent":"head","name":"hair"}],"ik":[{"bendPositive":"false","chain":1,"name":"rightLegIK","bone":"left leg2","target":"rightLegIK"},{"bendPositive":"false","chain":1,"name":"leftlegIK","bone":"right leg2","target":"leftlegIK"},{"chain":1,"name":"leftArmIKSkel","bone":"left Arm B","target":"leftArmIKSkel"},{"chain":1,"name":"Right Arm IK Skel","bone":"right Arm B","target":"Right Arm IK Skel"},{"chain":1,"name":"leftArmIK","bone":"left hand","target":"leftArmIK"},{"bendPositive":"false","chain":1,"name":"right Arm IK","bone":"right hand","target":"right Arm IK"}]}],"isGlobal":0,"name":"Duesa","version":"5.0"}