{"width":1024,"SubTexture":[{"frameX":-1,"frameHeight":191,"y":622,"frameY":-1,"frameWidth":94,"width":92,"height":189,"name":"Layer 19 Copy 4","x":906},{"frameX":-1,"frameHeight":223,"y":1,"frameY":-1,"frameWidth":423,"width":421,"height":221,"name":"Layer 19 Copy 7","x":351},{"frameX":-1,"frameHeight":397,"y":1,"frameY":-1,"frameWidth":350,"width":348,"height":395,"name":"Layer 18","x":1},{"frameX":-1,"frameHeight":252,"y":185,"frameY":-1,"frameWidth":158,"width":156,"height":250,"name":"Layer 19 Copy 2","x":774},{"frameX":-1,"frameHeight":231,"y":398,"frameY":-1,"frameWidth":418,"width":416,"height":229,"name":"Layer 20","x":1},{"frameX":-1,"frameHeight":198,"y":437,"frameY":-1,"frameWidth":132,"width":130,"height":196,"name":"Layer 19 Copy 5","x":774},{"frameX":-1,"frameHeight":184,"y":1,"frameY":-1,"frameWidth":247,"width":245,"height":182,"name":"Layer 19 Copy 3","x":774},{"frameX":-1,"frameHeight":9,"y":382,"frameY":-1,"frameWidth":180,"width":178,"height":7,"name":"Layer 33 Copy 15","x":415},{"frameX":-1,"frameHeight":234,"y":185,"frameY":-1,"frameWidth":78,"width":76,"height":232,"name":"Layer 33 Copy 14","x":932},{"frameX":-1,"frameHeight":185,"y":437,"frameY":-1,"frameWidth":111,"width":109,"height":183,"name":"Layer 33 Copy 13","x":906},{"frameX":-1,"frameHeight":15,"y":419,"frameY":-1,"frameWidth":24,"width":22,"height":13,"name":"Layer 33 Copy 12","x":932},{"frameX":-1,"frameHeight":122,"y":224,"frameY":-1,"frameWidth":81,"width":79,"height":120,"name":"Layer 33 Copy 3","x":415},{"frameX":-1,"frameHeight":36,"y":346,"frameY":-1,"frameWidth":63,"width":61,"height":34,"name":"Layer 33 Copy 9","x":415},{"width":34,"y":629,"height":148,"name":"Layer 33 Copy 6","x":1},{"width":62,"y":224,"height":168,"name":"Layer 33 Copy 4","x":351},{"frameX":-1,"frameHeight":19,"y":346,"frameY":-1,"frameWidth":56,"width":54,"height":17,"name":"Layer 33 Copy 11","x":478},{"width":58,"y":915,"height":82,"name":"Layer 33 Copy 10","x":1},{"frameX":-1,"frameHeight":102,"y":813,"frameY":-1,"frameWidth":58,"width":56,"height":100,"name":"Layer 33 Copy 5","x":1},{"frameX":-1,"frameHeight":65,"y":895,"frameY":-1,"frameWidth":66,"width":64,"height":63,"name":"Layer 33 Copy 2","x":61},{"width":58,"y":813,"height":80,"name":"Layer 33 Copy 8","x":59},{"frameX":-1,"frameHeight":57,"y":622,"frameY":-1,"frameWidth":19,"width":17,"height":55,"name":"Layer 33 Copy 7","x":1000}],"height":1024,"name":"Duesa","imagePath":"Duesa_tex.png"}