{"imagePath":"cPlant_tex.png","width":1024,"SubTexture":[{"y":959,"frameX":-1,"frameHeight":11,"frameY":-1,"width":238,"frameWidth":240,"height":9,"name":"Shadow","x":1},{"width":166,"y":669,"height":242,"name":"Body C","x":1},{"y":462,"frameX":-1,"frameHeight":207,"frameY":-1,"width":172,"frameWidth":174,"height":205,"name":"Head C Back","x":208},{"width":166,"y":191,"height":203,"name":"Head C Top","x":343},{"y":669,"frameX":-1,"frameHeight":209,"frameY":-1,"width":172,"frameWidth":174,"height":207,"name":"Head C Bottom","x":169},{"width":160,"y":669,"height":174,"name":"Head B Body","x":343},{"width":228,"y":1,"height":123,"name":"Head B Top","x":437},{"y":845,"frameX":-1,"frameHeight":123,"frameY":-1,"width":211,"frameWidth":213,"height":121,"name":"Head B Bottom","x":343},{"width":222,"y":258,"height":202,"name":"Head A Body","x":1},{"y":1,"frameX":-1,"frameHeight":257,"frameY":-1,"width":205,"frameWidth":207,"height":255,"name":"Head A Leaf","x":1},{"y":462,"frameX":-1,"frameHeight":207,"frameY":-1,"width":205,"frameWidth":207,"height":205,"name":"Head B Back","x":1},{"width":84,"y":878,"height":79,"name":"Head A Top","x":169},{"y":1,"frameX":-1,"frameHeight":190,"frameY":-1,"width":227,"frameWidth":229,"height":188,"name":"head A Bottom","x":208}],"height":1024,"name":"CarnivorousPlant"}