{"frameRate":30,"isGlobal":0,"name":"CarnivorousPlant","version":"5.0","armature":[{"animation":[{"duration":60,"slot":[],"playTimes":0,"frame":[],"name":"Idle","bone":[{"frame":[{"duration":60,"tweenEasing":null,"transform":{}}],"name":"root"},{"frame":[{"duration":60,"tweenEasing":null,"transform":{}}],"name":"mid"},{"frame":[{"duration":30,"tweenEasing":0,"transform":{}},{"duration":30,"tweenEasing":0,"transform":{"skX":-6.6544,"skY":-6.6544}},{"duration":0,"tweenEasing":null,"transform":{}}],"name":"BodyA1"},{"frame":[{"duration":30,"tweenEasing":0,"transform":{}},{"duration":30,"tweenEasing":0,"transform":{"skX":30.7195,"skY":30.7195}},{"duration":0,"tweenEasing":null,"transform":{}}],"name":"BodyB1"},{"frame":[{"duration":60,"tweenEasing":null,"transform":{}}],"name":"Right Leg"},{"frame":[{"duration":60,"tweenEasing":null,"transform":{}}],"name":"Left LEg"},{"frame":[{"duration":30,"tweenEasing":0,"transform":{}},{"duration":30,"tweenEasing":0,"transform":{"skX":5.6589,"skY":5.6589}},{"duration":0,"tweenEasing":null,"transform":{}}],"name":"BodyC1"},{"frame":[{"duration":60,"tweenEasing":null,"transform":{}}],"name":"Left2"},{"frame":[{"duration":60,"tweenEasing":null,"transform":{}}],"name":"Right 2"},{"frame":[{"duration":60,"tweenEasing":null,"transform":{}}],"name":"bone2"},{"frame":[{"duration":60,"tweenEasing":null,"transform":{}}],"name":"bone19"},{"frame":[{"duration":60,"tweenEasing":null,"transform":{}}],"name":"bone8"},{"frame":[{"duration":60,"tweenEasing":null,"transform":{}}],"name":"bone3"},{"frame":[{"duration":60,"tweenEasing":null,"transform":{}}],"name":"bone20"},{"frame":[{"duration":60,"tweenEasing":null,"transform":{}}],"name":"bone9"},{"frame":[{"duration":60,"tweenEasing":null,"transform":{}}],"name":"Right 3"},{"frame":[{"duration":60,"tweenEasing":null,"transform":{}}],"name":"bone21"},{"frame":[{"duration":60,"tweenEasing":null,"transform":{}}],"name":"bone4"},{"frame":[{"duration":60,"tweenEasing":null,"transform":{}}],"name":"bone10"},{"frame":[{"duration":60,"tweenEasing":null,"transform":{}}],"name":"Right 4"},{"frame":[{"duration":60,"tweenEasing":null,"transform":{}}],"name":"bone11"},{"frame":[{"duration":60,"tweenEasing":null,"transform":{}}],"name":"bone5"},{"frame":[{"duration":60,"tweenEasing":null,"transform":{}}],"name":"bone22"},{"frame":[{"duration":60,"tweenEasing":null,"transform":{}}],"name":"bone6"},{"frame":[{"duration":60,"tweenEasing":null,"transform":{}}],"name":"bone12"},{"frame":[{"duration":60,"tweenEasing":null,"transform":{}}],"name":"bone23"},{"frame":[{"duration":60,"tweenEasing":null,"transform":{}}],"name":"bone13"},{"frame":[{"duration":60,"tweenEasing":null,"transform":{}}],"name":"bone7"},{"frame":[{"duration":60,"tweenEasing":null,"transform":{}}],"name":"bone24"},{"frame":[{"duration":30,"tweenEasing":0,"transform":{}},{"duration":30,"tweenEasing":0,"transform":{"skX":-25.2466,"skY":-25.2466}},{"duration":0,"tweenEasing":null,"transform":{}}],"name":"bone14"},{"frame":[{"duration":60,"tweenEasing":null,"transform":{}}],"name":"head A Back"},{"frame":[{"duration":25,"tweenEasing":0,"transform":{}},{"duration":35,"tweenEasing":0,"transform":{"skX":-16.3998,"skY":-16.3998}},{"duration":0,"tweenEasing":null,"transform":{}}],"name":"bone25"},{"frame":[{"duration":30,"tweenEasing":0,"transform":{}},{"duration":30,"tweenEasing":0,"transform":{"y":-6.3674,"skX":6.0961,"skY":6.0961,"x":-0.6669}},{"duration":0,"tweenEasing":null,"transform":{}}],"name":"Head A Leaf"},{"frame":[{"duration":30,"tweenEasing":0,"transform":{}},{"duration":30,"tweenEasing":0,"transform":{"y":2.0319,"skX":4.8032,"skY":4.8032,"x":0.7036}},{"duration":0,"tweenEasing":null,"transform":{}}],"name":"Head A Top"},{"frame":[{"duration":60,"tweenEasing":null,"transform":{}}],"name":"bone15"},{"frame":[{"duration":30,"tweenEasing":0,"transform":{}},{"duration":30,"tweenEasing":0,"transform":{"skX":-7.6548,"skY":-7.6548}},{"duration":0,"tweenEasing":null,"transform":{}}],"name":"Head A bottom"},{"frame":[{"duration":60,"tweenEasing":null,"transform":{}}],"name":"bone26"},{"frame":[{"duration":60,"tweenEasing":null,"transform":{}}],"name":"Head C Back"},{"frame":[{"duration":60,"tweenEasing":null,"transform":{}}],"name":"bone16"},{"frame":[{"duration":15,"tweenEasing":0,"transform":{}},{"duration":15,"tweenEasing":0,"transform":{"y":-0.0687,"skX":-25.4831,"skY":-25.4831,"x":-6.3894}},{"duration":15,"tweenEasing":0,"transform":{}},{"duration":15,"tweenEasing":0,"transform":{"y":-0.0687,"skX":-25.4831,"skY":-25.4831,"x":-6.3894}},{"duration":0,"tweenEasing":null,"transform":{}}],"name":"Head C bottomn"},{"frame":[{"duration":15,"tweenEasing":0,"transform":{}},{"duration":15,"tweenEasing":0,"transform":{"skX":14.6743,"skY":14.6743}},{"duration":15,"tweenEasing":0,"transform":{}},{"duration":15,"tweenEasing":0,"transform":{"skX":14.6743,"skY":14.6743}},{"duration":0,"tweenEasing":null,"transform":{}}],"name":"Head C Top"},{"frame":[{"duration":60,"tweenEasing":null,"transform":{}}],"name":"bone17"},{"frame":[{"duration":60,"tweenEasing":null,"transform":{}}],"name":"bone18"},{"frame":[{"duration":60,"tweenEasing":null,"transform":{}}],"name":"Head B Back"},{"frame":[{"duration":10,"tweenEasing":0,"transform":{}},{"duration":10,"tweenEasing":0,"transform":{"y":-0.4929,"x":-2.8155}},{"duration":10,"tweenEasing":0,"transform":{}},{"duration":10,"tweenEasing":0,"transform":{"y":-0.4929,"x":-2.8155}},{"duration":10,"tweenEasing":0,"transform":{}},{"duration":10,"tweenEasing":0,"transform":{"y":-0.4929,"x":-2.8155}},{"duration":0,"tweenEasing":null,"transform":{}}],"name":"Head B Top"},{"frame":[{"duration":10,"tweenEasing":0,"transform":{}},{"duration":10,"tweenEasing":0,"transform":{"y":0.696,"x":3.9757}},{"duration":10,"tweenEasing":0,"transform":{}},{"duration":10,"tweenEasing":0,"transform":{"y":0.696,"x":3.9757}},{"duration":10,"tweenEasing":0,"transform":{}},{"duration":10,"tweenEasing":0,"transform":{"y":0.696,"x":3.9757}},{"duration":0,"tweenEasing":null,"transform":{}}],"name":"Head B Bottomn"}],"ffd":[]},{"duration":30,"slot":[{"frame":[{"duration":5,"tweenEasing":0},{"duration":25,"tweenEasing":0},{"duration":0,"tweenEasing":null}],"name":"Shadow"},{"frame":[{"duration":5,"tweenEasing":0},{"duration":25,"tweenEasing":0},{"duration":0,"tweenEasing":null}],"name":"Body C"},{"frame":[{"duration":5,"tweenEasing":0},{"duration":25,"tweenEasing":0},{"duration":0,"tweenEasing":null}],"name":"Head C Back"},{"frame":[{"duration":5,"tweenEasing":0},{"duration":25,"tweenEasing":0},{"duration":0,"tweenEasing":null}],"name":"Head C Top"},{"frame":[{"duration":5,"tweenEasing":0},{"duration":25,"tweenEasing":0},{"duration":0,"tweenEasing":null}],"name":"Head C Bottom"},{"frame":[{"duration":5,"tweenEasing":0},{"duration":25,"tweenEasing":0},{"duration":0,"tweenEasing":null}],"name":"Head B Body"},{"frame":[{"duration":5,"tweenEasing":0},{"duration":25,"tweenEasing":0},{"duration":0,"tweenEasing":null}],"name":"Head B Top"},{"frame":[{"duration":5,"tweenEasing":0},{"duration":25,"tweenEasing":0},{"duration":0,"tweenEasing":null}],"name":"Head B Bottom"},{"frame":[{"duration":5,"tweenEasing":0},{"duration":25,"tweenEasing":0},{"duration":0,"tweenEasing":null}],"name":"Head A Body"},{"frame":[{"duration":5,"tweenEasing":0},{"duration":25,"tweenEasing":0},{"duration":0,"tweenEasing":null}],"name":"Head A Leaf"},{"frame":[{"duration":5,"tweenEasing":0},{"duration":25,"tweenEasing":0},{"duration":0,"tweenEasing":null}],"name":"Head B Back"},{"frame":[{"duration":5,"tweenEasing":0},{"duration":25,"tweenEasing":0},{"duration":0,"tweenEasing":null}],"name":"Head A Top"},{"frame":[{"duration":5,"tweenEasing":0},{"duration":25,"tweenEasing":0},{"duration":0,"tweenEasing":null}],"name":"head A Bottom"}],"frame":[],"name":"Attack","bone":[{"frame":[{"duration":5,"tweenEasing":0,"transform":{}},{"duration":25,"tweenEasing":0,"transform":{}},{"duration":0,"tweenEasing":null,"transform":{}}],"name":"root"},{"frame":[{"duration":5,"tweenEasing":0,"transform":{}},{"duration":25,"tweenEasing":0,"transform":{}},{"duration":0,"tweenEasing":null,"transform":{}}],"name":"mid"},{"frame":[{"duration":5,"tweenEasing":0,"transform":{}},{"duration":25,"tweenEasing":0,"transform":{"skX":-35.5453,"skY":-35.5453}},{"duration":0,"tweenEasing":null,"transform":{}}],"name":"BodyA1"},{"frame":[{"duration":5,"tweenEasing":0,"transform":{}},{"duration":25,"tweenEasing":0,"transform":{"skX":31.5389,"skY":31.5389}},{"duration":0,"tweenEasing":null,"transform":{}}],"name":"BodyB1"},{"frame":[{"duration":5,"tweenEasing":0,"transform":{}},{"duration":25,"tweenEasing":0,"transform":{}},{"duration":0,"tweenEasing":null,"transform":{}}],"name":"Right Leg"},{"frame":[{"duration":5,"tweenEasing":0,"transform":{}},{"duration":25,"tweenEasing":0,"transform":{}},{"duration":0,"tweenEasing":null,"transform":{}}],"name":"Left LEg"},{"frame":[{"duration":5,"tweenEasing":0,"transform":{}},{"duration":25,"tweenEasing":0,"transform":{"skX":-25.1471,"skY":-25.1471}},{"duration":0,"tweenEasing":null,"transform":{}}],"name":"BodyC1"},{"frame":[{"duration":5,"tweenEasing":0,"transform":{}},{"duration":25,"tweenEasing":0,"transform":{}},{"duration":0,"tweenEasing":null,"transform":{}}],"name":"Left2"},{"frame":[{"duration":5,"tweenEasing":0,"transform":{}},{"duration":25,"tweenEasing":0,"transform":{}},{"duration":0,"tweenEasing":null,"transform":{}}],"name":"Right 2"},{"frame":[{"duration":5,"tweenEasing":0,"transform":{}},{"duration":25,"tweenEasing":0,"transform":{"skX":-40.6347,"skY":-40.6347}},{"duration":0,"tweenEasing":null,"transform":{}}],"name":"bone2"},{"frame":[{"duration":5,"tweenEasing":0,"transform":{}},{"duration":25,"tweenEasing":0,"transform":{}},{"duration":0,"tweenEasing":null,"transform":{}}],"name":"bone19"},{"frame":[{"duration":5,"tweenEasing":0,"transform":{}},{"duration":25,"tweenEasing":0,"transform":{}},{"duration":0,"tweenEasing":null,"transform":{}}],"name":"bone8"},{"frame":[{"duration":5,"tweenEasing":0,"transform":{}},{"duration":25,"tweenEasing":0,"transform":{}},{"duration":0,"tweenEasing":null,"transform":{}}],"name":"bone3"},{"frame":[{"duration":5,"tweenEasing":0,"transform":{}},{"duration":25,"tweenEasing":0,"transform":{}},{"duration":0,"tweenEasing":null,"transform":{}}],"name":"bone20"},{"frame":[{"duration":5,"tweenEasing":0,"transform":{}},{"duration":25,"tweenEasing":0,"transform":{}},{"duration":0,"tweenEasing":null,"transform":{}}],"name":"bone9"},{"frame":[{"duration":5,"tweenEasing":0,"transform":{}},{"duration":25,"tweenEasing":0,"transform":{}},{"duration":0,"tweenEasing":null,"transform":{}}],"name":"Right 3"},{"frame":[{"duration":5,"tweenEasing":0,"transform":{}},{"duration":25,"tweenEasing":0,"transform":{}},{"duration":0,"tweenEasing":null,"transform":{}}],"name":"bone21"},{"frame":[{"duration":5,"tweenEasing":0,"transform":{}},{"duration":25,"tweenEasing":0,"transform":{}},{"duration":0,"tweenEasing":null,"transform":{}}],"name":"bone4"},{"frame":[{"duration":5,"tweenEasing":0,"transform":{}},{"duration":25,"tweenEasing":0,"transform":{}},{"duration":0,"tweenEasing":null,"transform":{}}],"name":"bone10"},{"frame":[{"duration":5,"tweenEasing":0,"transform":{}},{"duration":25,"tweenEasing":0,"transform":{}},{"duration":0,"tweenEasing":null,"transform":{}}],"name":"Right 4"},{"frame":[{"duration":5,"tweenEasing":0,"transform":{}},{"duration":25,"tweenEasing":0,"transform":{}},{"duration":0,"tweenEasing":null,"transform":{}}],"name":"bone11"},{"frame":[{"duration":5,"tweenEasing":0,"transform":{}},{"duration":25,"tweenEasing":0,"transform":{}},{"duration":0,"tweenEasing":null,"transform":{}}],"name":"bone5"},{"frame":[{"duration":5,"tweenEasing":0,"transform":{}},{"duration":25,"tweenEasing":0,"transform":{}},{"duration":0,"tweenEasing":null,"transform":{}}],"name":"bone22"},{"frame":[{"duration":5,"tweenEasing":0,"transform":{}},{"duration":25,"tweenEasing":0,"transform":{"skX":59.8261,"skY":59.8261}},{"duration":0,"tweenEasing":null,"transform":{}}],"name":"bone6"},{"frame":[{"duration":5,"tweenEasing":0,"transform":{}},{"duration":25,"tweenEasing":0,"transform":{}},{"duration":0,"tweenEasing":null,"transform":{}}],"name":"bone12"},{"frame":[{"duration":5,"tweenEasing":0,"transform":{}},{"duration":25,"tweenEasing":0,"transform":{}},{"duration":0,"tweenEasing":null,"transform":{}}],"name":"bone23"},{"frame":[{"duration":5,"tweenEasing":0,"transform":{}},{"duration":25,"tweenEasing":0,"transform":{}},{"duration":0,"tweenEasing":null,"transform":{}}],"name":"bone13"},{"frame":[{"duration":5,"tweenEasing":0,"transform":{}},{"duration":25,"tweenEasing":0,"transform":{"skX":8.8867,"skY":8.8867}},{"duration":0,"tweenEasing":null,"transform":{}}],"name":"bone7"},{"frame":[{"duration":5,"tweenEasing":0,"transform":{}},{"duration":25,"tweenEasing":0,"transform":{"skX":0.1795,"skY":0.1795}},{"duration":0,"tweenEasing":null,"transform":{}}],"name":"bone24"},{"frame":[{"duration":5,"tweenEasing":0,"transform":{}},{"duration":25,"tweenEasing":0,"transform":{}},{"duration":0,"tweenEasing":null,"transform":{}}],"name":"bone14"},{"frame":[{"duration":5,"tweenEasing":0,"transform":{}},{"duration":25,"tweenEasing":0,"transform":{}},{"duration":0,"tweenEasing":null,"transform":{}}],"name":"head A Back"},{"frame":[{"duration":5,"tweenEasing":0,"transform":{}},{"duration":25,"tweenEasing":0,"transform":{"skX":-3.28,"skY":-3.28}},{"duration":0,"tweenEasing":null,"transform":{}}],"name":"bone25"},{"frame":[{"duration":5,"tweenEasing":0,"transform":{}},{"duration":25,"tweenEasing":0,"transform":{}},{"duration":0,"tweenEasing":null,"transform":{}}],"name":"Head A Leaf"},{"frame":[{"duration":5,"tweenEasing":0,"transform":{"y":17.3234,"x":-6.9176}},{"duration":25,"tweenEasing":0,"transform":{"y":0.3386,"skX":27.0182,"skY":27.0182,"x":0.1173}},{"duration":0,"tweenEasing":null,"transform":{"y":17.3234,"x":-6.9176}}],"name":"Head A Top"},{"frame":[{"duration":5,"tweenEasing":0,"transform":{}},{"duration":25,"tweenEasing":0,"transform":{}},{"duration":0,"tweenEasing":null,"transform":{}}],"name":"bone15"},{"frame":[{"duration":5,"tweenEasing":0,"transform":{"y":13.3189,"skX":-36.9451,"skY":-36.9451,"x":-10.9956}},{"duration":25,"tweenEasing":0,"transform":{"y":-1.9546,"skX":12.4107,"skY":12.4107,"x":-4.1468}},{"duration":0,"tweenEasing":null,"transform":{"y":13.3189,"skX":-36.9451,"skY":-36.9451,"x":-10.9956}}],"name":"Head A bottom"},{"frame":[{"duration":5,"tweenEasing":0,"transform":{}},{"duration":25,"tweenEasing":0,"transform":{"y":27.203,"x":14.204}},{"duration":0,"tweenEasing":null,"transform":{}}],"name":"bone26"},{"frame":[{"duration":5,"tweenEasing":0,"transform":{}},{"duration":25,"tweenEasing":0,"transform":{}},{"duration":0,"tweenEasing":null,"transform":{}}],"name":"Head C Back"},{"frame":[{"duration":5,"tweenEasing":0,"transform":{}},{"duration":25,"tweenEasing":0,"transform":{}},{"duration":0,"tweenEasing":null,"transform":{}}],"name":"bone16"},{"frame":[{"duration":5,"tweenEasing":0,"transform":{"y":6.1786,"skX":-41.532,"skY":-41.532,"x":-7.3524}},{"duration":25,"tweenEasing":0,"transform":{"y":3.9958,"skX":8.7123,"skY":8.7123,"x":-1.2749}},{"duration":0,"tweenEasing":null,"transform":{"y":6.1786,"skX":-41.532,"skY":-41.532,"x":-7.3524}}],"name":"Head C bottomn"},{"frame":[{"duration":5,"tweenEasing":0,"transform":{}},{"duration":25,"tweenEasing":0,"transform":{"skX":21.6863,"skY":21.6863}},{"duration":0,"tweenEasing":null,"transform":{}}],"name":"Head C Top"},{"frame":[{"duration":5,"tweenEasing":0,"transform":{}},{"duration":25,"tweenEasing":0,"transform":{"y":-22.3661,"skX":-22.0332,"skY":-22.0332,"x":12.7942}},{"duration":0,"tweenEasing":null,"transform":{}}],"name":"bone17"},{"frame":[{"duration":5,"tweenEasing":0,"transform":{}},{"duration":25,"tweenEasing":0,"transform":{}},{"duration":0,"tweenEasing":null,"transform":{}}],"name":"bone18"},{"frame":[{"duration":5,"tweenEasing":0,"transform":{"y":-4.7095,"x":-9.9049}},{"duration":25,"tweenEasing":0,"transform":{"y":-4.7095,"x":-9.9049}},{"duration":0,"tweenEasing":null,"transform":{"y":-4.7095,"x":-9.9049}}],"name":"Head B Back"},{"frame":[{"duration":5,"tweenEasing":0,"transform":{"y":-4.5829,"x":-26.1778}},{"duration":25,"tweenEasing":0,"transform":{"y":-2.4446,"x":-1.8954}},{"duration":0,"tweenEasing":null,"transform":{"y":-4.5829,"x":-26.1778}}],"name":"Head B Top"},{"frame":[{"duration":5,"tweenEasing":0,"transform":{"y":-1.8311,"skX":17.546,"skY":17.546,"x":-5.7482}},{"duration":25,"tweenEasing":0,"transform":{"y":0.348,"skX":-4.959,"skY":-4.959,"x":1.9879}},{"duration":0,"tweenEasing":null,"transform":{"y":-1.8311,"skX":17.546,"skY":17.546,"x":-5.7482}}],"name":"Head B Bottomn"}],"ffd":[{"frame":[{"duration":5,"tweenEasing":0,"offset":0,"vertices":[]},{"duration":25,"tweenEasing":0,"offset":64,"vertices":[1.87,4.5,4.69,7.12,-0.74,0.12,2.5,-3.51,0,0,0,0,0,0,0,0,-0.17,4.44,5.58,7.89,0,0,0,0,0,0,0,0,0,0,0,0,0,0,0,0,0,0,1.57,2.42,19.41,8.15,0,0,11.02,11.59,0,0,0,0,0,0,0,0,0,0,0,0,0,0,0,0,0,0,0,0,0,0,0,0,0,0,0,0,0,0,0,0,0,0,0,0,0,0,0,0,0,0,0,0,0,0]},{"duration":0,"tweenEasing":null,"offset":0,"vertices":[]}],"scale":1,"skin":"","offset":0,"name":"Head C Top","slot":"Head C Top"},{"frame":[{"duration":5,"tweenEasing":0,"offset":0,"vertices":[]},{"duration":25,"tweenEasing":0,"offset":26,"vertices":[0.1,4.84,-2.4,9.89,-0.42,1.46,0,0,0,0,0,0,0,0,-0.92,4.47,0,0,0,0,0,0]},{"duration":0,"tweenEasing":null,"offset":0,"vertices":[]}],"scale":1,"skin":"","offset":0,"name":"Head B Top","slot":"Head B Top"},{"frame":[{"duration":5,"tweenEasing":0,"offset":0,"vertices":[]},{"duration":25,"tweenEasing":null,"offset":10,"vertices":[3.8,3.69,0.35,-1.56,7.37,-3.31,0,0,0,0,0,0,0,0,0,0,0,0,0,0,0,0,0,0,0,0,0,0,0,0,0,0,0,0,0,0,0,0,0,0,0,0,0,0,0,0,0,0]}],"scale":1,"skin":"","offset":0,"name":"Head A Top","slot":"Head A Top"}]},{"duration":30,"slot":[{"frame":[{"duration":5,"tweenEasing":0},{"duration":25,"tweenEasing":0},{"duration":0,"tweenEasing":null}],"name":"Shadow"},{"frame":[{"duration":5,"tweenEasing":0},{"duration":25,"tweenEasing":0},{"duration":0,"tweenEasing":null}],"name":"Body C"},{"frame":[{"duration":5,"tweenEasing":0},{"duration":25,"tweenEasing":0},{"duration":0,"tweenEasing":null}],"name":"Head C Back"},{"frame":[{"duration":5,"tweenEasing":0},{"duration":25,"tweenEasing":0},{"duration":0,"tweenEasing":null}],"name":"Head C Top"},{"frame":[{"duration":5,"tweenEasing":0},{"duration":25,"tweenEasing":0},{"duration":0,"tweenEasing":null}],"name":"Head C Bottom"},{"frame":[{"duration":5,"tweenEasing":0},{"duration":25,"tweenEasing":0},{"duration":0,"tweenEasing":null}],"name":"Head B Body"},{"frame":[{"duration":5,"tweenEasing":0},{"duration":25,"tweenEasing":0},{"duration":0,"tweenEasing":null}],"name":"Head B Top"},{"frame":[{"duration":5,"tweenEasing":0},{"duration":25,"tweenEasing":0},{"duration":0,"tweenEasing":null}],"name":"Head B Bottom"},{"frame":[{"duration":5,"tweenEasing":0},{"duration":25,"tweenEasing":0},{"duration":0,"tweenEasing":null}],"name":"Head A Body"},{"frame":[{"duration":5,"tweenEasing":0},{"duration":25,"tweenEasing":0},{"duration":0,"tweenEasing":null}],"name":"Head A Leaf"},{"frame":[{"duration":5,"tweenEasing":0},{"duration":25,"tweenEasing":0},{"duration":0,"tweenEasing":null}],"name":"Head B Back"},{"frame":[{"duration":5,"tweenEasing":0},{"duration":25,"tweenEasing":0},{"duration":0,"tweenEasing":null}],"name":"Head A Top"},{"frame":[{"duration":5,"tweenEasing":0},{"duration":25,"tweenEasing":0},{"duration":0,"tweenEasing":null}],"name":"head A Bottom"}],"frame":[],"name":"Damage","bone":[{"frame":[{"duration":5,"tweenEasing":0,"transform":{}},{"duration":25,"tweenEasing":0,"transform":{}},{"duration":0,"tweenEasing":null,"transform":{}}],"name":"root"},{"frame":[{"duration":5,"tweenEasing":0,"transform":{}},{"duration":25,"tweenEasing":0,"transform":{}},{"duration":0,"tweenEasing":null,"transform":{}}],"name":"mid"},{"frame":[{"duration":5,"tweenEasing":0,"transform":{}},{"duration":25,"tweenEasing":0,"transform":{"skX":-35.5453,"skY":-35.5453}},{"duration":0,"tweenEasing":null,"transform":{}}],"name":"BodyA1"},{"frame":[{"duration":5,"tweenEasing":0,"transform":{}},{"duration":25,"tweenEasing":0,"transform":{"skX":-9.293,"skY":-9.293}},{"duration":0,"tweenEasing":null,"transform":{}}],"name":"BodyB1"},{"frame":[{"duration":5,"tweenEasing":0,"transform":{}},{"duration":25,"tweenEasing":0,"transform":{}},{"duration":0,"tweenEasing":null,"transform":{}}],"name":"Right Leg"},{"frame":[{"duration":5,"tweenEasing":0,"transform":{}},{"duration":25,"tweenEasing":0,"transform":{}},{"duration":0,"tweenEasing":null,"transform":{}}],"name":"Left LEg"},{"frame":[{"duration":5,"tweenEasing":0,"transform":{}},{"duration":25,"tweenEasing":0,"transform":{"skX":-25.1471,"skY":-25.1471}},{"duration":0,"tweenEasing":null,"transform":{}}],"name":"BodyC1"},{"frame":[{"duration":5,"tweenEasing":0,"transform":{}},{"duration":25,"tweenEasing":0,"transform":{}},{"duration":0,"tweenEasing":null,"transform":{}}],"name":"Left2"},{"frame":[{"duration":5,"tweenEasing":0,"transform":{}},{"duration":25,"tweenEasing":0,"transform":{}},{"duration":0,"tweenEasing":null,"transform":{}}],"name":"Right 2"},{"frame":[{"duration":5,"tweenEasing":0,"transform":{}},{"duration":25,"tweenEasing":0,"transform":{"skX":-10.6788,"skY":-10.6788}},{"duration":0,"tweenEasing":null,"transform":{}}],"name":"bone2"},{"frame":[{"duration":5,"tweenEasing":0,"transform":{}},{"duration":25,"tweenEasing":0,"transform":{"y":13.2114,"skX":58.2355,"skY":58.2355,"x":3.4149}},{"duration":0,"tweenEasing":null,"transform":{}}],"name":"bone19"},{"frame":[{"duration":5,"tweenEasing":0,"transform":{}},{"duration":25,"tweenEasing":0,"transform":{}},{"duration":0,"tweenEasing":null,"transform":{}}],"name":"bone8"},{"frame":[{"duration":5,"tweenEasing":0,"transform":{}},{"duration":25,"tweenEasing":0,"transform":{}},{"duration":0,"tweenEasing":null,"transform":{}}],"name":"bone3"},{"frame":[{"duration":5,"tweenEasing":0,"transform":{}},{"duration":25,"tweenEasing":0,"transform":{}},{"duration":0,"tweenEasing":null,"transform":{}}],"name":"bone20"},{"frame":[{"duration":5,"tweenEasing":0,"transform":{}},{"duration":25,"tweenEasing":0,"transform":{}},{"duration":0,"tweenEasing":null,"transform":{}}],"name":"bone9"},{"frame":[{"duration":5,"tweenEasing":0,"transform":{}},{"duration":25,"tweenEasing":0,"transform":{}},{"duration":0,"tweenEasing":null,"transform":{}}],"name":"Right 3"},{"frame":[{"duration":5,"tweenEasing":0,"transform":{}},{"duration":25,"tweenEasing":0,"transform":{}},{"duration":0,"tweenEasing":null,"transform":{}}],"name":"bone21"},{"frame":[{"duration":5,"tweenEasing":0,"transform":{}},{"duration":25,"tweenEasing":0,"transform":{}},{"duration":0,"tweenEasing":null,"transform":{}}],"name":"bone4"},{"frame":[{"duration":5,"tweenEasing":0,"transform":{}},{"duration":25,"tweenEasing":0,"transform":{}},{"duration":0,"tweenEasing":null,"transform":{}}],"name":"bone10"},{"frame":[{"duration":5,"tweenEasing":0,"transform":{}},{"duration":25,"tweenEasing":0,"transform":{}},{"duration":0,"tweenEasing":null,"transform":{}}],"name":"Right 4"},{"frame":[{"duration":5,"tweenEasing":0,"transform":{}},{"duration":25,"tweenEasing":0,"transform":{}},{"duration":0,"tweenEasing":null,"transform":{}}],"name":"bone11"},{"frame":[{"duration":5,"tweenEasing":0,"transform":{}},{"duration":25,"tweenEasing":0,"transform":{}},{"duration":0,"tweenEasing":null,"transform":{}}],"name":"bone5"},{"frame":[{"duration":5,"tweenEasing":0,"transform":{}},{"duration":25,"tweenEasing":0,"transform":{}},{"duration":0,"tweenEasing":null,"transform":{}}],"name":"bone22"},{"frame":[{"duration":5,"tweenEasing":0,"transform":{}},{"duration":25,"tweenEasing":0,"transform":{"skX":59.8261,"skY":59.8261}},{"duration":0,"tweenEasing":null,"transform":{}}],"name":"bone6"},{"frame":[{"duration":5,"tweenEasing":0,"transform":{}},{"duration":25,"tweenEasing":0,"transform":{}},{"duration":0,"tweenEasing":null,"transform":{}}],"name":"bone12"},{"frame":[{"duration":5,"tweenEasing":0,"transform":{}},{"duration":25,"tweenEasing":0,"transform":{}},{"duration":0,"tweenEasing":null,"transform":{}}],"name":"bone23"},{"frame":[{"duration":5,"tweenEasing":0,"transform":{}},{"duration":25,"tweenEasing":0,"transform":{}},{"duration":0,"tweenEasing":null,"transform":{}}],"name":"bone13"},{"frame":[{"duration":5,"tweenEasing":0,"transform":{}},{"duration":25,"tweenEasing":0,"transform":{"skX":-16.5761,"skY":-16.5761}},{"duration":0,"tweenEasing":null,"transform":{}}],"name":"bone7"},{"frame":[{"duration":5,"tweenEasing":0,"transform":{}},{"duration":25,"tweenEasing":0,"transform":{"skX":0.1795,"skY":0.1795}},{"duration":0,"tweenEasing":null,"transform":{}}],"name":"bone24"},{"frame":[{"duration":5,"tweenEasing":0,"transform":{}},{"duration":25,"tweenEasing":0,"transform":{}},{"duration":0,"tweenEasing":null,"transform":{}}],"name":"bone14"},{"frame":[{"duration":5,"tweenEasing":0,"transform":{}},{"duration":25,"tweenEasing":0,"transform":{}},{"duration":0,"tweenEasing":null,"transform":{}}],"name":"head A Back"},{"frame":[{"duration":5,"tweenEasing":0,"transform":{}},{"duration":25,"tweenEasing":0,"transform":{"y":16.8395,"skX":-3.28,"skY":-3.28,"x":34.6622}},{"duration":0,"tweenEasing":null,"transform":{}}],"name":"bone25"},{"frame":[{"duration":5,"tweenEasing":0,"transform":{}},{"duration":25,"tweenEasing":0,"transform":{}},{"duration":0,"tweenEasing":null,"transform":{}}],"name":"Head A Leaf"},{"frame":[{"duration":5,"tweenEasing":0,"transform":{"y":17.3234,"skX":-38.5472,"skY":-38.5472,"x":-6.9176}},{"duration":25,"tweenEasing":0,"transform":{"y":0.3386,"skX":27.0182,"skY":27.0182,"x":0.1173}},{"duration":0,"tweenEasing":null,"transform":{"y":17.3234,"skX":-38.5472,"skY":-38.5472,"x":-6.9176}}],"name":"Head A Top"},{"frame":[{"duration":5,"tweenEasing":0,"transform":{}},{"duration":25,"tweenEasing":0,"transform":{}},{"duration":0,"tweenEasing":null,"transform":{}}],"name":"bone15"},{"frame":[{"duration":5,"tweenEasing":0,"transform":{"y":13.3189,"skX":-36.9451,"skY":-36.9451,"x":-10.9956}},{"duration":25,"tweenEasing":0,"transform":{"y":-1.9546,"skX":-12.8732,"skY":-12.8732,"x":-4.1468}},{"duration":0,"tweenEasing":null,"transform":{"y":13.3189,"skX":-36.9451,"skY":-36.9451,"x":-10.9956}}],"name":"Head A bottom"},{"frame":[{"duration":5,"tweenEasing":0,"transform":{}},{"duration":25,"tweenEasing":0,"transform":{"y":27.203,"x":14.204}},{"duration":0,"tweenEasing":null,"transform":{}}],"name":"bone26"},{"frame":[{"duration":5,"tweenEasing":0,"transform":{}},{"duration":25,"tweenEasing":0,"transform":{}},{"duration":0,"tweenEasing":null,"transform":{}}],"name":"Head C Back"},{"frame":[{"duration":5,"tweenEasing":0,"transform":{}},{"duration":25,"tweenEasing":0,"transform":{}},{"duration":0,"tweenEasing":null,"transform":{}}],"name":"bone16"},{"frame":[{"duration":5,"tweenEasing":0,"transform":{"y":4.7877,"skX":-9.983,"skY":-9.983,"x":-1.0366}},{"duration":25,"tweenEasing":0,"transform":{"y":4.8113,"skX":-41.2402,"skY":-41.2402,"x":-9.6858}},{"duration":0,"tweenEasing":null,"transform":{"y":4.7877,"skX":-9.983,"skY":-9.983,"x":-1.0366}}],"name":"Head C bottomn"},{"frame":[{"duration":5,"tweenEasing":0,"transform":{}},{"duration":25,"tweenEasing":0,"transform":{"skX":21.6863,"skY":21.6863}},{"duration":0,"tweenEasing":null,"transform":{}}],"name":"Head C Top"},{"frame":[{"duration":5,"tweenEasing":0,"transform":{}},{"duration":25,"tweenEasing":0,"transform":{"y":-22.3661,"skX":-22.0332,"skY":-22.0332,"x":12.7942}},{"duration":0,"tweenEasing":null,"transform":{}}],"name":"bone17"},{"frame":[{"duration":5,"tweenEasing":0,"transform":{}},{"duration":25,"tweenEasing":0,"transform":{}},{"duration":0,"tweenEasing":null,"transform":{}}],"name":"bone18"},{"frame":[{"duration":5,"tweenEasing":0,"transform":{"y":-4.7095,"x":-9.9049}},{"duration":25,"tweenEasing":0,"transform":{"y":-4.7095,"skX":22.3818,"skY":22.3818,"x":-9.9049}},{"duration":0,"tweenEasing":null,"transform":{"y":-4.7095,"x":-9.9049}}],"name":"Head B Back"},{"frame":[{"duration":5,"tweenEasing":0,"transform":{"y":0.6937,"x":-3.6629}},{"duration":25,"tweenEasing":0,"transform":{"y":-7.1936,"skX":-0.8683,"skY":-0.8683,"x":-15.7863}},{"duration":0,"tweenEasing":null,"transform":{"y":0.6937,"x":-3.6629}}],"name":"Head B Top"},{"frame":[{"duration":5,"tweenEasing":0,"transform":{"y":-1.8311,"skX":17.546,"skY":17.546,"x":-5.7482}},{"duration":25,"tweenEasing":0,"transform":{"y":-2.0997,"skX":22.9751,"skY":22.9751,"x":-5.1718}},{"duration":0,"tweenEasing":null,"transform":{"y":-1.8311,"skX":17.546,"skY":17.546,"x":-5.7482}}],"name":"Head B Bottomn"}],"ffd":[{"frame":[{"duration":5,"tweenEasing":0,"offset":0,"vertices":[]},{"duration":25,"tweenEasing":0,"offset":66,"vertices":[-6.57,6.32,0,0,0,0,0,0,0,0,0,0,0,0,0,0,8.15,3.64,0,0,-0.81,-0.29,0,0,0,0,0,0,0,0,0,0,0,0,0,0,-4.81,1.4,-3.83,-3.4,-4.23,-3.12,7.11,6.71,0,0,0,0,0,0,0,0,0,0,0,0,0,0,0,0,0,0,0,0,0,0,0,0,-0.55,2.04,-1.26,-0.62,0,0,0,0,0,0,0,0,0,0,0,0,0,0,0,0,0,0]},{"duration":0,"tweenEasing":null,"offset":0,"vertices":[]}],"scale":1,"skin":"","offset":0,"name":"Head C Top","slot":"Head C Top"},{"frame":[{"duration":5,"tweenEasing":0,"offset":0,"vertices":[]},{"duration":25,"tweenEasing":0,"offset":10,"vertices":[-1.28,1.06,10.85,-0.46,-2.55,8.75,0,0,5.78,2.4,0,0,0,0,0.5,3.83,0,0,0,0,0,0,0,0,0,0,0,0,0,0,0,0,0,0,0,0,0,0,0,0,0,0,0,0,0,0,0,0]},{"duration":0,"tweenEasing":null,"offset":0,"vertices":[]}],"scale":1,"skin":"","offset":0,"name":"Head A Top","slot":"Head A Top"}]},{"duration":120,"slot":[],"playTimes":0,"frame":[],"name":"IdleWeak","bone":[{"frame":[{"duration":120,"tweenEasing":null,"transform":{}}],"name":"root"},{"frame":[{"duration":120,"tweenEasing":null,"transform":{}}],"name":"mid"},{"frame":[{"duration":50,"tweenEasing":0,"transform":{}},{"duration":70,"tweenEasing":0,"transform":{"skX":-6.6544,"skY":-6.6544}},{"duration":0,"tweenEasing":null,"transform":{}}],"name":"BodyA1"},{"frame":[{"duration":50,"tweenEasing":0,"transform":{}},{"duration":70,"tweenEasing":0,"transform":{"skX":30.7195,"skY":30.7195}},{"duration":0,"tweenEasing":null,"transform":{}}],"name":"BodyB1"},{"frame":[{"duration":120,"tweenEasing":null,"transform":{}}],"name":"Right Leg"},{"frame":[{"duration":120,"tweenEasing":null,"transform":{}}],"name":"Left LEg"},{"frame":[{"duration":50,"tweenEasing":0,"transform":{}},{"duration":70,"tweenEasing":0,"transform":{"skX":5.6589,"skY":5.6589}},{"duration":0,"tweenEasing":null,"transform":{}}],"name":"BodyC1"},{"frame":[{"duration":120,"tweenEasing":null,"transform":{}}],"name":"Left2"},{"frame":[{"duration":120,"tweenEasing":null,"transform":{}}],"name":"Right 2"},{"frame":[{"duration":120,"tweenEasing":null,"transform":{}}],"name":"bone2"},{"frame":[{"duration":120,"tweenEasing":null,"transform":{}}],"name":"bone19"},{"frame":[{"duration":120,"tweenEasing":null,"transform":{}}],"name":"bone8"},{"frame":[{"duration":120,"tweenEasing":null,"transform":{}}],"name":"bone3"},{"frame":[{"duration":120,"tweenEasing":null,"transform":{}}],"name":"bone20"},{"frame":[{"duration":120,"tweenEasing":null,"transform":{}}],"name":"bone9"},{"frame":[{"duration":120,"tweenEasing":null,"transform":{}}],"name":"Right 3"},{"frame":[{"duration":120,"tweenEasing":null,"transform":{}}],"name":"bone21"},{"frame":[{"duration":120,"tweenEasing":null,"transform":{}}],"name":"bone4"},{"frame":[{"duration":120,"tweenEasing":null,"transform":{}}],"name":"bone10"},{"frame":[{"duration":120,"tweenEasing":null,"transform":{}}],"name":"Right 4"},{"frame":[{"duration":120,"tweenEasing":null,"transform":{}}],"name":"bone11"},{"frame":[{"duration":120,"tweenEasing":null,"transform":{}}],"name":"bone5"},{"frame":[{"duration":120,"tweenEasing":null,"transform":{}}],"name":"bone22"},{"frame":[{"duration":120,"tweenEasing":null,"transform":{}}],"name":"bone6"},{"frame":[{"duration":120,"tweenEasing":null,"transform":{}}],"name":"bone12"},{"frame":[{"duration":120,"tweenEasing":null,"transform":{}}],"name":"bone23"},{"frame":[{"duration":120,"tweenEasing":null,"transform":{}}],"name":"bone13"},{"frame":[{"duration":120,"tweenEasing":null,"transform":{}}],"name":"bone7"},{"frame":[{"duration":120,"tweenEasing":null,"transform":{}}],"name":"bone24"},{"frame":[{"duration":50,"tweenEasing":0,"transform":{}},{"duration":70,"tweenEasing":0,"transform":{"skX":-25.2466,"skY":-25.2466}},{"duration":0,"tweenEasing":null,"transform":{}}],"name":"bone14"},{"frame":[{"duration":120,"tweenEasing":null,"transform":{}}],"name":"head A Back"},{"frame":[{"duration":39,"tweenEasing":0,"transform":{}},{"duration":81,"tweenEasing":0,"transform":{"skX":-16.3998,"skY":-16.3998}},{"duration":0,"tweenEasing":null,"transform":{}}],"name":"bone25"},{"frame":[{"duration":50,"tweenEasing":0,"transform":{}},{"duration":70,"tweenEasing":0,"transform":{"y":-6.3674,"skX":6.0961,"skY":6.0961,"x":-0.6669}},{"duration":0,"tweenEasing":null,"transform":{}}],"name":"Head A Leaf"},{"frame":[{"duration":50,"tweenEasing":0,"transform":{}},{"duration":70,"tweenEasing":0,"transform":{"y":2.0319,"skX":4.8032,"skY":4.8032,"x":0.7036}},{"duration":0,"tweenEasing":null,"transform":{}}],"name":"Head A Top"},{"frame":[{"duration":120,"tweenEasing":null,"transform":{}}],"name":"bone15"},{"frame":[{"duration":50,"tweenEasing":0,"transform":{}},{"duration":70,"tweenEasing":0,"transform":{"skX":-7.6548,"skY":-7.6548}},{"duration":0,"tweenEasing":null,"transform":{}}],"name":"Head A bottom"},{"frame":[{"duration":120,"tweenEasing":null,"transform":{}}],"name":"bone26"},{"frame":[{"duration":120,"tweenEasing":null,"transform":{}}],"name":"Head C Back"},{"frame":[{"duration":120,"tweenEasing":null,"transform":{}}],"name":"bone16"},{"frame":[{"duration":22,"tweenEasing":0,"transform":{}},{"duration":28,"tweenEasing":0,"transform":{"y":-0.0687,"skX":-25.4831,"skY":-25.4831,"x":-6.3894}},{"duration":30,"tweenEasing":0,"transform":{}},{"duration":40,"tweenEasing":0,"transform":{"y":-0.0687,"skX":-25.4831,"skY":-25.4831,"x":-6.3894}},{"duration":0,"tweenEasing":null,"transform":{}}],"name":"Head C bottomn"},{"frame":[{"duration":22,"tweenEasing":0,"transform":{}},{"duration":28,"tweenEasing":0,"transform":{"skX":14.6743,"skY":14.6743}},{"duration":30,"tweenEasing":0,"transform":{}},{"duration":40,"tweenEasing":0,"transform":{"skX":14.6743,"skY":14.6743}},{"duration":0,"tweenEasing":null,"transform":{}}],"name":"Head C Top"},{"frame":[{"duration":120,"tweenEasing":null,"transform":{}}],"name":"bone17"},{"frame":[{"duration":120,"tweenEasing":null,"transform":{}}],"name":"bone18"},{"frame":[{"duration":120,"tweenEasing":null,"transform":{}}],"name":"Head B Back"},{"frame":[{"duration":10,"tweenEasing":0,"transform":{}},{"duration":20,"tweenEasing":0,"transform":{"y":-0.4929,"x":-2.8155}},{"duration":20,"tweenEasing":0,"transform":{}},{"duration":10,"tweenEasing":0,"transform":{"y":-0.4929,"x":-2.8155}},{"duration":40,"tweenEasing":0,"transform":{}},{"duration":20,"tweenEasing":0,"transform":{"y":-0.4929,"x":-2.8155}},{"duration":0,"tweenEasing":null,"transform":{}}],"name":"Head B Top"},{"frame":[{"duration":10,"tweenEasing":0,"transform":{}},{"duration":20,"tweenEasing":0,"transform":{"y":0.696,"x":3.9757}},{"duration":20,"tweenEasing":0,"transform":{}},{"duration":10,"tweenEasing":0,"transform":{"y":0.696,"x":3.9757}},{"duration":40,"tweenEasing":0,"transform":{}},{"duration":20,"tweenEasing":0,"transform":{"y":0.696,"x":3.9757}},{"duration":0,"tweenEasing":null,"transform":{}}],"name":"Head B Bottomn"}],"ffd":[{"frame":[{"duration":120,"tweenEasing":null,"offset":66,"vertices":[4.3,1.95,-1.4,3.15,0,0,0,0,0,0,0,0,0,0,0,0,0,0,0,0,0,0,0,0,0,0,0,0,0,0,0,0,0,0,0,0,-0.35,6.6,0,0,10,5.05,5.35,5.85,0,0,0,0,0,0,0,0,0,0,0,0,0,0,0,0,0,0,0,0,0,0,0,0,0,0,0,0,0,0,0,0,0,0,0,0,0,0,0,0,0,0,0,0,0,0]}],"scale":1,"skin":"","offset":0,"name":"Head C Top","slot":"Head C Top"},{"frame":[{"duration":120,"tweenEasing":null,"offset":26,"vertices":[-0.45,2.1,0,0,0,0,-6.05,-2,0,0,0,0,0,0,-0.1,1.95,-4.85,-2.55,0.95,-0.1,-0.4,0.15]}],"scale":1,"skin":"","offset":0,"name":"Head B Top","slot":"Head B Top"},{"frame":[{"duration":120,"tweenEasing":null,"offset":10,"vertices":[0.25,-0.4,0.8,2.8,1.05,4.75,2.95,3.5,3.6,4.4,0,0,0,0,0,0,0,0,0,0,0,0,0,0,0,0,0,0,0,0,0,0,0,0,0,0,0,0,0,0,0,0,0,0,0,0,0,0]}],"scale":1,"skin":"","offset":0,"name":"Head A Top","slot":"Head A Top"}]},{"duration":45,"slot":[{"frame":[{"duration":5,"tweenEasing":0},{"duration":40,"tweenEasing":0},{"duration":0,"tweenEasing":null}],"name":"Shadow"},{"frame":[{"duration":5,"tweenEasing":0},{"duration":40,"tweenEasing":0},{"duration":0,"tweenEasing":null}],"name":"Body C"},{"frame":[{"duration":5,"tweenEasing":0},{"duration":40,"tweenEasing":0},{"duration":0,"tweenEasing":null}],"name":"Head C Back"},{"frame":[{"duration":5,"tweenEasing":0},{"duration":40,"tweenEasing":0},{"duration":0,"tweenEasing":null}],"name":"Head C Top"},{"frame":[{"duration":5,"tweenEasing":0},{"duration":40,"tweenEasing":0},{"duration":0,"tweenEasing":null}],"name":"Head C Bottom"},{"frame":[{"duration":5,"tweenEasing":0},{"duration":40,"tweenEasing":0},{"duration":0,"tweenEasing":null}],"name":"Head B Body"},{"frame":[{"duration":5,"tweenEasing":0},{"duration":40,"tweenEasing":0},{"duration":0,"tweenEasing":null}],"name":"Head B Top"},{"frame":[{"duration":5,"tweenEasing":0},{"duration":40,"tweenEasing":0},{"duration":0,"tweenEasing":null}],"name":"Head B Bottom"},{"frame":[{"duration":5,"tweenEasing":0},{"duration":40,"tweenEasing":0},{"duration":0,"tweenEasing":null}],"name":"Head A Body"},{"frame":[{"duration":5,"tweenEasing":0},{"duration":40,"tweenEasing":0},{"duration":0,"tweenEasing":null}],"name":"Head A Leaf"},{"frame":[{"duration":5,"tweenEasing":0},{"duration":40,"tweenEasing":0},{"duration":0,"tweenEasing":null}],"name":"Head B Back"},{"frame":[{"duration":5,"tweenEasing":0},{"duration":40,"tweenEasing":0},{"duration":0,"tweenEasing":null}],"name":"Head A Top"},{"frame":[{"duration":5,"tweenEasing":0},{"duration":40,"tweenEasing":0},{"duration":0,"tweenEasing":null}],"name":"head A Bottom"}],"frame":[],"name":"Skill","bone":[{"frame":[{"duration":5,"tweenEasing":0,"transform":{}},{"duration":40,"tweenEasing":0,"transform":{}},{"duration":0,"tweenEasing":null,"transform":{}}],"name":"root"},{"frame":[{"duration":5,"tweenEasing":0,"transform":{}},{"duration":40,"tweenEasing":0,"transform":{}},{"duration":0,"tweenEasing":null,"transform":{}}],"name":"mid"},{"frame":[{"duration":5,"tweenEasing":0,"transform":{}},{"duration":40,"tweenEasing":0,"transform":{"skX":30.6817,"skY":30.6817}},{"duration":0,"tweenEasing":null,"transform":{}}],"name":"BodyA1"},{"frame":[{"duration":5,"tweenEasing":0,"transform":{}},{"duration":40,"tweenEasing":0,"transform":{"skX":31.5389,"skY":31.5389}},{"duration":0,"tweenEasing":null,"transform":{}}],"name":"BodyB1"},{"frame":[{"duration":5,"tweenEasing":0,"transform":{}},{"duration":40,"tweenEasing":0,"transform":{}},{"duration":0,"tweenEasing":null,"transform":{}}],"name":"Right Leg"},{"frame":[{"duration":5,"tweenEasing":0,"transform":{}},{"duration":40,"tweenEasing":0,"transform":{}},{"duration":0,"tweenEasing":null,"transform":{}}],"name":"Left LEg"},{"frame":[{"duration":5,"tweenEasing":0,"transform":{}},{"duration":40,"tweenEasing":0,"transform":{"skX":-25.1471,"skY":-25.1471}},{"duration":0,"tweenEasing":null,"transform":{}}],"name":"BodyC1"},{"frame":[{"duration":5,"tweenEasing":0,"transform":{}},{"duration":40,"tweenEasing":0,"transform":{}},{"duration":0,"tweenEasing":null,"transform":{}}],"name":"Left2"},{"frame":[{"duration":5,"tweenEasing":0,"transform":{}},{"duration":40,"tweenEasing":0,"transform":{}},{"duration":0,"tweenEasing":null,"transform":{}}],"name":"Right 2"},{"frame":[{"duration":5,"tweenEasing":0,"transform":{}},{"duration":40,"tweenEasing":0,"transform":{"skX":-63.8786,"skY":-63.8786}},{"duration":0,"tweenEasing":null,"transform":{}}],"name":"bone2"},{"frame":[{"duration":5,"tweenEasing":0,"transform":{}},{"duration":40,"tweenEasing":0,"transform":{}},{"duration":0,"tweenEasing":null,"transform":{}}],"name":"bone19"},{"frame":[{"duration":5,"tweenEasing":0,"transform":{}},{"duration":40,"tweenEasing":0,"transform":{}},{"duration":0,"tweenEasing":null,"transform":{}}],"name":"bone8"},{"frame":[{"duration":5,"tweenEasing":0,"transform":{}},{"duration":40,"tweenEasing":0,"transform":{}},{"duration":0,"tweenEasing":null,"transform":{}}],"name":"bone3"},{"frame":[{"duration":5,"tweenEasing":0,"transform":{}},{"duration":40,"tweenEasing":0,"transform":{}},{"duration":0,"tweenEasing":null,"transform":{}}],"name":"bone20"},{"frame":[{"duration":5,"tweenEasing":0,"transform":{}},{"duration":40,"tweenEasing":0,"transform":{}},{"duration":0,"tweenEasing":null,"transform":{}}],"name":"bone9"},{"frame":[{"duration":5,"tweenEasing":0,"transform":{}},{"duration":40,"tweenEasing":0,"transform":{}},{"duration":0,"tweenEasing":null,"transform":{}}],"name":"Right 3"},{"frame":[{"duration":5,"tweenEasing":0,"transform":{}},{"duration":40,"tweenEasing":0,"transform":{}},{"duration":0,"tweenEasing":null,"transform":{}}],"name":"bone21"},{"frame":[{"duration":5,"tweenEasing":0,"transform":{}},{"duration":40,"tweenEasing":0,"transform":{}},{"duration":0,"tweenEasing":null,"transform":{}}],"name":"bone4"},{"frame":[{"duration":5,"tweenEasing":0,"transform":{}},{"duration":40,"tweenEasing":0,"transform":{}},{"duration":0,"tweenEasing":null,"transform":{}}],"name":"bone10"},{"frame":[{"duration":5,"tweenEasing":0,"transform":{}},{"duration":40,"tweenEasing":0,"transform":{}},{"duration":0,"tweenEasing":null,"transform":{}}],"name":"Right 4"},{"frame":[{"duration":5,"tweenEasing":0,"transform":{}},{"duration":40,"tweenEasing":0,"transform":{}},{"duration":0,"tweenEasing":null,"transform":{}}],"name":"bone11"},{"frame":[{"duration":5,"tweenEasing":0,"transform":{}},{"duration":40,"tweenEasing":0,"transform":{"skX":28.0059,"skY":28.0059}},{"duration":0,"tweenEasing":null,"transform":{}}],"name":"bone5"},{"frame":[{"duration":5,"tweenEasing":0,"transform":{}},{"duration":40,"tweenEasing":0,"transform":{}},{"duration":0,"tweenEasing":null,"transform":{}}],"name":"bone22"},{"frame":[{"duration":5,"tweenEasing":0,"transform":{}},{"duration":40,"tweenEasing":0,"transform":{"skX":51.5934,"skY":51.5934}},{"duration":0,"tweenEasing":null,"transform":{}}],"name":"bone6"},{"frame":[{"duration":5,"tweenEasing":0,"transform":{}},{"duration":40,"tweenEasing":0,"transform":{}},{"duration":0,"tweenEasing":null,"transform":{}}],"name":"bone12"},{"frame":[{"duration":5,"tweenEasing":0,"transform":{}},{"duration":40,"tweenEasing":0,"transform":{}},{"duration":0,"tweenEasing":null,"transform":{}}],"name":"bone23"},{"frame":[{"duration":5,"tweenEasing":0,"transform":{}},{"duration":40,"tweenEasing":0,"transform":{}},{"duration":0,"tweenEasing":null,"transform":{}}],"name":"bone13"},{"frame":[{"duration":5,"tweenEasing":0,"transform":{}},{"duration":40,"tweenEasing":0,"transform":{"skX":44.9509,"skY":44.9509}},{"duration":0,"tweenEasing":null,"transform":{}}],"name":"bone7"},{"frame":[{"duration":5,"tweenEasing":0,"transform":{}},{"duration":40,"tweenEasing":0,"transform":{"skX":0.1795,"skY":0.1795}},{"duration":0,"tweenEasing":null,"transform":{}}],"name":"bone24"},{"frame":[{"duration":5,"tweenEasing":0,"transform":{}},{"duration":40,"tweenEasing":0,"transform":{}},{"duration":0,"tweenEasing":null,"transform":{}}],"name":"bone14"},{"frame":[{"duration":5,"tweenEasing":0,"transform":{}},{"duration":40,"tweenEasing":0,"transform":{"skX":-78.2414,"skY":-78.2414}},{"duration":0,"tweenEasing":null,"transform":{}}],"name":"head A Back"},{"frame":[{"duration":5,"tweenEasing":0,"transform":{}},{"duration":40,"tweenEasing":0,"transform":{"skX":-3.28,"skY":-3.28}},{"duration":0,"tweenEasing":null,"transform":{}}],"name":"bone25"},{"frame":[{"duration":5,"tweenEasing":0,"transform":{}},{"duration":5,"tweenEasing":0,"transform":{}},{"duration":5,"tweenEasing":0,"transform":{"skX":25.4908,"skY":25.4908}},{"duration":5,"tweenEasing":0,"transform":{"skX":-16.3327,"skY":-16.3327}},{"duration":25,"tweenEasing":0,"transform":{"skX":12.9959,"skY":12.9959}},{"duration":0,"tweenEasing":null,"transform":{"skX":24.0293,"skY":24.0293}}],"name":"Head A Leaf"},{"frame":[{"duration":5,"tweenEasing":0,"transform":{"y":17.3234,"x":-6.9176}},{"duration":40,"tweenEasing":0,"transform":{"y":0.3386,"skX":27.0182,"skY":27.0182,"x":0.1173}},{"duration":0,"tweenEasing":null,"transform":{"y":17.3234,"x":-6.9176}}],"name":"Head A Top"},{"frame":[{"duration":5,"tweenEasing":0,"transform":{}},{"duration":40,"tweenEasing":0,"transform":{}},{"duration":0,"tweenEasing":null,"transform":{}}],"name":"bone15"},{"frame":[{"duration":5,"tweenEasing":0,"transform":{"y":13.3189,"skX":-36.9451,"skY":-36.9451,"x":-10.9956}},{"duration":40,"tweenEasing":0,"transform":{"y":-1.9546,"skX":12.4107,"skY":12.4107,"x":-4.1468}},{"duration":0,"tweenEasing":null,"transform":{"y":13.3189,"skX":-36.9451,"skY":-36.9451,"x":-10.9956}}],"name":"Head A bottom"},{"frame":[{"duration":5,"tweenEasing":0,"transform":{}},{"duration":40,"tweenEasing":0,"transform":{"y":27.203,"x":14.204}},{"duration":0,"tweenEasing":null,"transform":{}}],"name":"bone26"},{"frame":[{"duration":5,"tweenEasing":0,"transform":{}},{"duration":40,"tweenEasing":0,"transform":{}},{"duration":0,"tweenEasing":null,"transform":{}}],"name":"Head C Back"},{"frame":[{"duration":5,"tweenEasing":0,"transform":{}},{"duration":40,"tweenEasing":0,"transform":{}},{"duration":0,"tweenEasing":null,"transform":{}}],"name":"bone16"},{"frame":[{"duration":5,"tweenEasing":0,"transform":{"y":6.1786,"skX":-41.532,"skY":-41.532,"x":-7.3524}},{"duration":40,"tweenEasing":0,"transform":{"y":3.9958,"skX":8.7123,"skY":8.7123,"x":-1.2749}},{"duration":0,"tweenEasing":null,"transform":{"y":6.1786,"skX":-41.532,"skY":-41.532,"x":-7.3524}}],"name":"Head C bottomn"},{"frame":[{"duration":5,"tweenEasing":0,"transform":{}},{"duration":40,"tweenEasing":0,"transform":{"skX":21.6863,"skY":21.6863}},{"duration":0,"tweenEasing":null,"transform":{}}],"name":"Head C Top"},{"frame":[{"duration":5,"tweenEasing":0,"transform":{}},{"duration":40,"tweenEasing":0,"transform":{"y":-22.3661,"skX":-22.0332,"skY":-22.0332,"x":12.7942}},{"duration":0,"tweenEasing":null,"transform":{}}],"name":"bone17"},{"frame":[{"duration":5,"tweenEasing":0,"transform":{}},{"duration":40,"tweenEasing":0,"transform":{}},{"duration":0,"tweenEasing":null,"transform":{}}],"name":"bone18"},{"frame":[{"duration":5,"tweenEasing":0,"transform":{"y":-4.7095,"x":-9.9049}},{"duration":40,"tweenEasing":0,"transform":{"y":-4.7095,"x":-9.9049}},{"duration":0,"tweenEasing":null,"transform":{"y":-4.7095,"x":-9.9049}}],"name":"Head B Back"},{"frame":[{"duration":5,"tweenEasing":0,"transform":{"y":-4.5829,"x":-26.1778}},{"duration":40,"tweenEasing":0,"transform":{"y":-2.4446,"x":-1.8954}},{"duration":0,"tweenEasing":null,"transform":{"y":-4.5829,"x":-26.1778}}],"name":"Head B Top"},{"frame":[{"duration":5,"tweenEasing":0,"transform":{"y":-1.8311,"skX":17.546,"skY":17.546,"x":-5.7482}},{"duration":40,"tweenEasing":0,"transform":{"y":0.348,"skX":-4.959,"skY":-4.959,"x":1.9879}},{"duration":0,"tweenEasing":null,"transform":{"y":-1.8311,"skX":17.546,"skY":17.546,"x":-5.7482}}],"name":"Head B Bottomn"}],"ffd":[{"frame":[{"duration":5,"tweenEasing":0,"offset":0,"vertices":[]},{"duration":40,"tweenEasing":0,"offset":64,"vertices":[1.87,4.5,4.69,7.12,-0.74,0.12,2.5,-3.51,0,0,0,0,0,0,0,0,-0.17,4.44,5.58,7.89,0,0,0,0,0,0,0,0,0,0,0,0,0,0,0,0,0,0,1.57,2.42,19.41,8.15,0,0,11.02,11.59,0,0,0,0,0,0,0,0,0,0,0,0,0,0,0,0,0,0,0,0,0,0,0,0,0,0,0,0,0,0,0,0,0,0,0,0,0,0,0,0,0,0,0,0,0,0]},{"duration":0,"tweenEasing":null,"offset":0,"vertices":[]}],"scale":1,"skin":"","offset":0,"name":"Head C Top","slot":"Head C Top"},{"frame":[{"duration":5,"tweenEasing":0,"offset":0,"vertices":[]},{"duration":40,"tweenEasing":0,"offset":26,"vertices":[0.1,4.84,-2.4,9.89,-0.42,1.46,0,0,0,0,0,0,0,0,-0.92,4.47,0,0,0,0,0,0]},{"duration":0,"tweenEasing":null,"offset":0,"vertices":[]}],"scale":1,"skin":"","offset":0,"name":"Head B Top","slot":"Head B Top"},{"frame":[{"duration":5,"tweenEasing":0,"offset":0,"vertices":[]},{"duration":40,"tweenEasing":null,"offset":10,"vertices":[3.8,3.69,0.35,-1.56,7.37,-3.31,0,0,0,0,0,0,0,0,0,0,0,0,0,0,0,0,0,0,0,0,0,0,0,0,0,0,0,0,0,0,0,0,0,0,0,0,0,0,0,0,0,0]}],"scale":1,"skin":"","offset":0,"name":"Head A Top","slot":"Head A Top"}]}],"type":"Armature","bone":[{"name":"root","transform":{}},{"transform":{"y":-32.14,"x":-4.54},"name":"mid","parent":"root"},{"length":28,"transform":{"y":-9.71,"skX":-125.94,"skY":-125.94,"x":-8.62},"parent":"mid","name":"BodyA1"},{"length":11,"transform":{"y":-13.73,"skX":-48.95,"skY":-48.95,"x":6.88},"parent":"mid","name":"BodyB1"},{"length":16,"transform":{"y":7.51,"skX":35.07,"skY":35.07,"x":7.46},"parent":"mid","name":"Right Leg"},{"length":39,"transform":{"y":5.21,"skX":159.84,"skY":159.84,"x":-12.63},"parent":"mid","name":"Left LEg"},{"length":26,"transform":{"y":2.34,"skX":-50.36,"skY":-50.36,"x":-24.4},"parent":"mid","name":"BodyC1"},{"length":14,"transform":{"skX":76.18,"skY":76.18,"x":28.36},"parent":"BodyA1","name":"bone2"},{"length":18,"transform":{"y":-1.62,"skX":-55.21,"skY":-55.21,"x":17.8},"parent":"Right Leg","name":"Right 2"},{"length":26,"transform":{"y":-0.84,"skX":24.47,"skY":24.47,"x":44.34},"parent":"Left LEg","name":"Left2"},{"length":23,"transform":{"y":0.04,"skX":2.39,"skY":2.39,"x":26.49},"parent":"BodyC1","name":"bone19"},{"length":14,"transform":{"y":-0.45,"skX":-46.88,"skY":-46.88,"x":14.07},"parent":"BodyB1","name":"bone8"},{"length":15,"transform":{"y":-0.97,"skX":-22.7,"skY":-22.7,"x":15.97},"parent":"bone8","name":"bone9"},{"length":16,"transform":{"y":-0.75,"skX":-8.63,"skY":-8.63,"x":28.69},"parent":"bone19","name":"bone20"},{"length":24,"transform":{"y":0.22,"skX":-10.08,"skY":-10.08,"x":19.74},"parent":"bone2","name":"bone3"},{"length":20,"transform":{"y":3,"skX":49.98,"skY":49.98,"x":21.52},"parent":"Right 2","name":"Right 3"},{"length":11,"transform":{"y":-0.31,"skX":-17.26,"skY":-17.26,"x":17.67},"parent":"bone20","name":"bone21"},{"length":22,"transform":{"y":-0.22,"skX":-13.32,"skY":-13.32,"x":30.08},"parent":"bone3","name":"bone4"},{"length":21,"transform":{"y":-0.73,"skX":-4.53,"skY":-4.53,"x":16.08},"parent":"bone9","name":"bone10"},{"length":24,"transform":{"y":-1.96,"skX":-42.23,"skY":-42.23,"x":23.03},"parent":"Right 3","name":"Right 4"},{"length":20,"transform":{"y":0.3,"skX":10.5,"skY":10.5,"x":23.09},"parent":"bone10","name":"bone11"},{"length":24,"transform":{"y":-0.42,"skX":-24.87,"skY":-24.87,"x":24.16},"parent":"bone4","name":"bone5"},{"length":8,"transform":{"skX":-54.51,"skY":-54.51,"x":11.35},"parent":"bone21","name":"bone22"},{"length":21,"transform":{"y":-1.27,"skX":-51.26,"skY":-51.26,"x":30.03},"parent":"bone5","name":"bone6"},{"length":17,"transform":{"y":-0.46,"skX":12.34,"skY":12.34,"x":21.33},"parent":"bone11","name":"bone12"},{"length":8,"transform":{"y":-1.17,"skX":-43.5,"skY":-43.5,"x":10.08},"parent":"bone22","name":"bone23"},{"length":15,"transform":{"y":-0.24,"skX":-29.17,"skY":-29.17,"x":11.85},"parent":"bone23","name":"bone24"},{"length":28,"transform":{"y":-4.7,"skX":-57.78,"skY":-57.78,"x":27.59},"parent":"bone6","name":"bone7"},{"length":16,"transform":{"y":0.05,"skX":36.34,"skY":36.34,"x":18.07},"parent":"bone12","name":"bone13"},{"length":14,"transform":{"y":0.91,"skX":27.69,"skY":27.69,"x":17.71},"parent":"bone13","name":"bone14"},{"length":33,"transform":{"y":1.9,"skX":-35.7,"skY":-35.7,"x":25.78},"parent":"bone7","name":"head A Back"},{"length":30,"transform":{"y":0.1,"skX":-1.67,"skY":-1.67,"x":20.26},"parent":"bone24","name":"bone25"},{"length":12,"transform":{"y":0.58,"skX":29.71,"skY":29.71,"x":18.78},"parent":"bone14","name":"bone15"},{"length":43,"transform":{"y":0.9,"skX":44.82,"skY":44.82,"x":11.43},"parent":"head A Back","name":"Head A Top"},{"length":69,"transform":{"y":11.45,"skX":171.22,"skY":171.22,"x":-13.48},"parent":"head A Back","name":"Head A Leaf"},{"length":30,"transform":{"y":-5.38,"skX":-27.22,"skY":-27.22,"x":10.46},"parent":"head A Back","name":"Head A bottom"},{"length":28,"transform":{"y":-0.2008,"skX":-5.68,"skY":-5.68,"x":30.984},"parent":"bone25","name":"bone26"},{"length":10,"transform":{"y":-1.4,"skX":3.94,"skY":3.94,"x":24.57},"parent":"bone26","name":"Head C Back"},{"length":17,"transform":{"y":1.18,"skX":35.17,"skY":35.17,"x":15.46},"parent":"bone15","name":"bone16"},{"length":27,"transform":{"y":-8.27,"skX":-29.88,"skY":-29.88,"x":-5.7},"parent":"Head C Back","name":"Head C bottomn"},{"length":34,"transform":{"y":5.13,"skX":31.69,"skY":31.69,"x":-6.75},"parent":"Head C Back","name":"Head C Top"},{"length":19,"transform":{"y":1.19,"skX":20.98,"skY":20.98,"x":19.95},"parent":"bone16","name":"bone17"},{"length":26,"transform":{"y":-1.07,"skX":14.9,"skY":14.9,"x":23.12},"parent":"bone17","name":"bone18"},{"length":39,"transform":{"y":3.86,"skX":15.5,"skY":15.5,"x":32.17},"parent":"bone18","name":"Head B Back"},{"length":37,"transform":{"y":-6.13,"skX":-40.99,"skY":-40.99,"x":11.56},"parent":"Head B Back","name":"Head B Top"},{"length":60,"transform":{"y":7.41,"skX":-11.41,"skY":-11.41,"x":17.35},"parent":"Head B Back","name":"Head B Bottomn"}],"defaultActions":[{"gotoAndPlay":"Idle"}],"ik":[],"aabb":{"width":255.1147953611174,"y":-266.028949578728,"height":284.7850024303924,"x":-130.68479536111738},"skin":[{"name":"","slot":[{"display":[{"path":"Head A Leaf","type":"image","name":"Head A Leaf","transform":{"y":59.1801,"skX":71.57,"skY":71.57,"x":-20.6999}}],"name":"Head A Leaf"},{"display":[{"path":"Head B Bottom","type":"image","name":"Head B Bottom","transform":{"y":-24.52,"skX":-125.68,"skY":-125.68,"x":-28.07}}],"name":"Head B Bottom"},{"display":[{"path":"head A Bottom","type":"image","name":"head A Bottom","transform":{"y":-34.5852,"skX":-90,"skY":-90,"x":42.8648}}],"name":"head A Bottom"},{"display":[{"bonePose":[10,0.6695196243388156,-0.7427943676585136,0.7427943676585136,0.6695196243388156,-12.009590412208357,-50.17358415177881,13,0.5504807400849956,-0.8348478632634064,0.8348478632634064,0.5504807400849956,6.641831834328379,-71.98649427815567,16,0.2779853360529784,-0.9605853178867103,0.9605853178867103,0.2779853360529784,16.110023674018596,-86.90890505144641,22,-0.6207373542167658,-0.7840185821011953,0.7840185821011953,-0.6207373542167658,19.2651572382199,-97.81154840946057,25,-0.989949746297105,-0.14141958777445507,0.14141958777445507,-0.989949746297105,12.0908229666565,-104.988193012607,26,-0.9333300109835179,0.3590196242512458,-0.3590196242512458,-0.9333300109835179,0.32597777196993727,-106.42642718862298,31,-0.9224707220951105,0.38606704971717626,-0.38606704971717626,-0.9224707220951105,-18.61919021298126,-99.2460226023911,36,-0.8797315715528856,0.47547067418831335,-0.47547067418831335,-0.8797315715528856,-47.02872663937879,-87.19362283980477],"vertices":[-2.69,87.09,5.76,86.29,21.71,68.74,31.36,58.34,41.36,48.89,52.41,30.79,57.91,11.34,49.86,-2.86,31.56,-4.81,14.61,-1.46,-13.89,9.34,-41.24,25.09,-46.74,34.94,-41.84,43.99,-21.94,33.94,2.61,21.74,25.46,12.29,36.86,9.94,37.26,20.19,24.26,38.64,6.36,57.14,-10.74,77.44],"slotPose":[1,0,0,1,-30.577326819156852,-109.11765288199094],"edges":[0,1,1,2,2,3,3,4,4,5,5,6,6,7,7,8,8,9,9,10,10,11,11,12,12,13,13,14,14,15,15,16,16,17,17,18,18,19,19,20,20,21,21,0],"path":"Head B Body","userEdges":[],"type":"mesh","transform":{"y":-20.5103,"skX":50.36,"skY":50.36,"x":40.7277},"triangles":[7,17,6,18,5,6,17,18,6,18,19,4,18,4,5,8,17,7,19,3,4,8,16,17,9,16,8,19,20,3,20,2,3,9,15,16,20,1,2,20,21,1,10,15,9,21,0,1,10,14,15,11,14,10,11,13,14,11,12,13],"weights":[4,10,0.5311056950662761,13,0.161088163093989,36,0.1609900736892801,31,0.14681606815045475,4,10,0.6018364457226172,13,0.16051690133669339,36,0.12074394418935683,31,0.1169027087513326,4,10,0.8667124208899013,13,0.0736717281179274,16,0.03267225358627819,31,0.02694359740589309,4,10,0.7938552964387019,13,0.13728588560529228,16,0.04297398868625675,22,0.02588482926974912,4,10,0.5295680533178776,13,0.35798639225810225,16,0.07508538311178774,22,0.037360171312232245,4,10,0.08230000420967422,13,0.4534133850384256,16,0.36376497776835903,22,0.10052163298354114,4,22,0.4116973701526068,16,0.40116261116155993,25,0.0958741052223714,13,0.0912659134634618,4,22,0.39769715268731004,25,0.3450238177862067,16,0.16709361064572673,26,0.09018541888075648,4,26,0.4721952858271923,25,0.3816883936761092,22,0.10040833298610256,16,0.04570798751059591,4,26,0.49530805445018117,31,0.3430740619080761,25,0.1119997717810981,22,0.049618111860644576,4,31,0.5484994431965403,36,0.3619048099012952,26,0.06427183650730542,25,0.025323910394859105,4,10,0.0148774817205437,36,0.8594780675689374,31,0.10644680790865345,26,0.019197642801865453,4,10,0.006190315964609396,36,0.9611856425344896,31,0.026332161017883996,26,0.006291880483017064,4,10,0.01776727912642865,36,0.9095870456133418,31,0.05810940984855436,26,0.014536265411675157,4,10,0.02003404663038864,36,0.7220011382036212,31,0.23703167176789947,26,0.02093314339809064,4,10,0.02976442838924488,31,0.7564443759112996,36,0.10961098043473005,26,0.10418021526472546,4,26,0.6047534255289362,25,0.17269562662297788,31,0.1537407113078633,22,0.06881023654022252,4,25,0.45046907038304335,22,0.21931969358433065,26,0.214860047390721,16,0.11535118864190488,4,13,0.3818159989079409,16,0.35776328781732203,22,0.1409076553182301,25,0.11951305795650687,4,10,0.5791547764175462,13,0.3026385731480259,16,0.06622874705680959,31,0.05197790337761832,4,10,0.7780229441067046,13,0.08711244006745698,31,0.06830307465266014,36,0.06656154117317832,4,10,0.4688491804012367,36,0.21064478148281074,31,0.17748234198227208,13,0.1430236961336805],"width":160,"uvs":[0.48375,1,0.53656,0.9954,0.63625,0.89454,0.69656,0.83477,0.75906,0.78046,0.82813,0.67644,0.8625,0.56466,0.81219,0.48305,0.69781,0.47184,0.59188,0.49109,0.41375,0.55316,0.24281,0.64368,0.20844,0.70029,0.23906,0.7523,0.36344,0.69454,0.51687,0.62443,0.65969,0.57011,0.73094,0.55661,0.73344,0.61552,0.65219,0.72155,0.54031,0.82787,0.43344,0.94454],"height":174,"name":"Head B Body"}],"name":"Head B Body"},{"display":[{"path":"Head B Back","type":"image","name":"Head B Back","transform":{"y":-61.6391,"skX":-117.22,"skY":-117.22,"x":20.1776}}],"name":"Head B Back"},{"display":[{"path":"Shadow","type":"image","name":"Shadow","transform":{"y":-6.62,"x":4.43}}],"name":"Shadow"},{"display":[{"width":166,"type":"mesh","vertices":[-6.75,68.05,5,86.45,24.45,101.55,57.85,101.55,82.6,82.8,83,48.4,70.35,20.5,64.1,20,74.45,-10.85,64.1,-33.85,58.75,-30.3,51.1,-18.65,45.4,-36.95,37.9,-49.6,30.95,-59.05,17.6,-69.5,12.2,-55.55,8.8,-33.85,8.55,-20.25,11.4,-1.4,-6.55,-17.8,-17.8,-24.95,-17.55,-1.15,-11.6,13.1,-0.1,26.9,3.65,29.75,-1.65,37.65,-8.25,49.65,10.91,53.64,16.76,54.68,23.91,52.53,27.1,45.83,27.5,37.88,22.45,32.18,12.1,31.69,6.75,36.54,4.95,46.54,36.31,80.33,30.56,77.18,29.76,67.68,32.86,63.28,38.56,61.28,43.56,62.83,46.86,68.28,46.16,73.43,42.96,78.48,73.41,60.67,59.26,64.33,48.51,57.88,44.86,52.98,44.7,44.48,46.35,33.93,51.25,27.28,56.7,24.93,63.65,25.13,72.2,30.07,79.05,39.69,80.16,51.77,77.21,55.67,79,46.47,11.95,26.09,20.05,27.93,26.25,32.58,30.2,40.78,31.2,45.83,-0.15,46.04,2.8,38.39,42.05,32.98,45.75,26.93,51.9,21.93,59.95,22.03,69.75,25.58,30.36,59.98,48.46,63.58,50.76,70.78,48.11,77.78,45.16,82.88,40.36,84.98],"transform":{"y":-5.03,"skX":-39.07,"skY":-39.07,"x":-56.25},"userEdges":[33,62],"edges":[0,1,1,2,2,3,3,4,4,5,6,7,7,8,8,9,9,10,10,11,11,12,12,13,13,14,14,15,15,16,16,17,17,18,18,19,19,20,20,21,21,22,22,23,23,24,24,25,25,26,26,27,27,0,5,56,56,6],"path":"Head C Top","uvs":[0.45934,0.83522,0.53012,0.92586,0.64729,1.00025,0.84849,1.00025,0.99759,0.90788,1,0.73842,0.9238,0.60099,0.88614,0.59852,0.94849,0.44655,0.88614,0.33325,0.85392,0.35074,0.80783,0.40813,0.77349,0.31798,0.72831,0.25567,0.68645,0.20911,0.60602,0.15764,0.57349,0.22635,0.55301,0.33325,0.55151,0.40025,0.56867,0.4931,0.46054,0.41232,0.39277,0.37709,0.39428,0.49433,0.43012,0.56453,0.4994,0.63251,0.52199,0.64655,0.49006,0.68547,0.4503,0.74458,0.5657,0.76421,0.60094,0.76938,0.64401,0.75878,0.66328,0.72578,0.66568,0.68661,0.63525,0.65854,0.5729,0.65608,0.54068,0.67998,0.52985,0.72924,0.71874,0.89572,0.68409,0.88021,0.67927,0.83341,0.69794,0.81173,0.73227,0.80187,0.76239,0.80951,0.78228,0.83635,0.77807,0.86172,0.7588,0.8866,0.94221,0.79889,0.85697,0.81688,0.79221,0.78512,0.77021,0.76098,0.7693,0.71911,0.77923,0.66714,0.80874,0.63438,0.84157,0.62279,0.88344,0.62377,0.93495,0.64815,0.97622,0.69553,0.98286,0.75504,0.9651,0.77425,0.97593,0.72893,0.57199,0.6285,0.62079,0.6376,0.65814,0.66051,0.68195,0.7009,0.68798,0.72577,0.49912,0.72678,0.51689,0.6891,0.75333,0.66246,0.77561,0.63266,0.81265,0.60802,0.86115,0.60851,0.92019,0.62599,0.68287,0.79548,0.79191,0.8132,0.80577,0.84866,0.78982,0.88315,0.77205,0.90827,0.74314,0.91862],"height":203,"name":"Head C Top","triangles":[6,71,55,6,55,56,46,47,4,58,46,4,57,58,4,59,57,5,56,59,5,57,4,5,47,75,4,75,3,4,74,75,47,9,10,8,59,58,57,47,58,59,48,47,59,50,48,59,56,55,59,55,50,59,11,7,8,47,46,58,11,69,7,54,51,55,51,50,55,10,11,8,53,51,54,52,51,53,75,76,3,71,54,55,7,54,71,7,71,6,69,70,7,50,49,48,70,54,7,70,53,54,11,19,69,48,73,47,69,53,70,76,77,3,73,74,47,77,2,3,19,68,69,69,52,53,19,61,68,73,43,74,44,75,74,69,68,52,68,51,52,12,18,11,18,19,11,43,44,74,67,50,51,61,62,68,67,51,68,42,43,73,42,73,48,49,42,48,44,45,75,45,76,75,41,42,49,17,18,12,41,40,44,41,44,43,42,41,43,39,45,44,40,39,44,62,67,68,13,17,12,39,38,37,39,37,45,67,63,50,50,64,49,45,77,76,63,64,50,64,41,49,64,72,41,37,77,45,32,63,67,62,32,67,37,2,77,38,2,37,16,17,13,72,40,41,30,72,64,14,16,13,19,60,61,1,2,38,31,30,64,72,39,40,63,31,64,15,16,14,72,29,39,39,1,38,30,29,72,29,1,39,32,31,63,28,1,29,33,34,31,34,35,31,61,33,62,62,33,32,33,31,32,35,36,29,35,29,31,29,30,31,0,1,28,36,28,29,61,34,33,19,24,60,60,34,61,23,24,19,24,25,60,60,25,34,25,35,34,66,36,35,20,22,19,22,23,19,65,27,28,27,0,28,36,65,28,66,65,36,25,66,35,25,26,66,26,65,66,26,27,65,21,22,20]}],"name":"Head C Top"},{"display":[{"bonePose":[11,-0.101577201627575,-0.9948276595016399,0.9948276595016399,-0.101577201627575,11.240652093408567,-56.776227226318994,12,-0.47761884239485775,-0.8785671524643952,0.8785671524643952,-0.47761884239485775,8.653481353699602,-72.56509506298144,18,-0.5455169899877812,-0.8380997635333581,0.8380997635333581,-0.5455169899877812,0.3320163466912822,-86.34379311966066,20,-0.38365070674265633,-0.923478280857682,0.923478280857682,-0.38365070674265633,-12.012541023066577,-105.85917175664224,24,-0.1774282786008421,-0.9841337337743998,0.9841337337743998,-0.1774282786008421,-20.62061060708197,-125.38048416223498,28,0.44025261380633673,-0.8978739533123163,0.8978739533123163,0.44025261380633673,-23.77753291471047,-143.17265214546842,29,0.807063379987379,-0.5904648174814031,0.5904648174814031,0.807063379987379,-15.163593826686038,-158.6733699800658,32,0.993611310520008,-0.11285638487348149,0.11285638487348149,0.993611310520008,0.33552604361615407,-169.29420249197386,38,0.877229965157221,0.48007039924396494,-0.48007039924396494,0.877229965157221,15.829927438406186,-169.8665008557043,41,0.6471890230352858,0.7623295668296168,-0.7623295668296168,0.6471890230352858,32.75938146819242,-159.2451927322501,42,0.42940805983733216,0.9031105791356544,-0.9031105791356544,0.42940805983733216,48.538084317275924,-142.3126254017971],"vertices":[-30.94,115.99,-25.64,121.09,-14.39,121.09,-2.39,107.69,7.41,87.64,-4.19,59.54,-12.84,46.94,-22.49,32.59,-27.79,19.19,-29.14,4.44,-23.04,-8.96,-11.44,-17.01,-0.44,-14.26,15.31,-4.41,29.46,10.14,39.51,25.89,47.76,33.94,57.61,39.64,59.56,24.49,51.71,7.79,40.11,-7.96,21.61,-23.11,5.86,-31.76,-15.19,-36.46,-28.74,-27.81,-41.74,-15.41,-48.64,1.09,-49.64,16.24,-45.09,36.29,-34.84,50.29,-25.04,64.24,-15.39,75.24,-13.99,85.69,-18.94,97.29,-25.44,106.54],"slotPose":[1,4.996003610813204e-16,-4.996003610813204e-16,1,15.415618523966742,-145.13112158197515],"edges":[0,1,1,2,2,3,3,4,4,5,5,6,6,7,7,8,8,9,9,10,10,11,11,12,12,13,13,14,14,15,15,16,16,17,17,18,18,19,19,20,20,21,21,22,22,23,23,24,24,25,25,26,26,27,27,28,28,29,29,30,30,31,31,32,32,33,33,34,34,0],"path":"Body C","userEdges":[],"type":"mesh","transform":{"y":-36.8641,"skX":48.95,"skY":48.95,"x":53.9045},"triangles":[19,15,18,15,16,18,16,17,18,20,14,19,14,15,19,13,14,20,21,13,20,12,13,21,22,12,21,11,12,22,5,31,4,31,32,4,32,3,4,32,33,3,23,11,22,34,2,3,33,34,3,6,30,5,30,31,5,34,1,2,29,30,6,23,24,11,24,10,11,7,29,6,34,0,1,24,25,10,8,28,7,28,29,7,25,9,10,25,26,9,9,27,8,27,28,8,26,27,9],"weights":[4,11,0.4411343956993511,12,0.2638650113003163,18,0.18476209337893654,20,0.1102384996213962,4,11,0.4598622977686816,12,0.2594394975972209,18,0.17592731544414122,20,0.10477088918995632,4,11,0.5105948637963003,12,0.24826003779057035,18,0.15408990765841507,20,0.08705519075471428,4,11,0.6591293358540304,12,0.19758164028197756,18,0.09679189752138351,20,0.04649712634260848,4,11,0.6844552325619309,12,0.21905083451868204,18,0.0700944164929566,20,0.026399516426430437,4,11,0.1620679137368917,12,0.4960769341286238,18,0.3032594838667296,20,0.03859566826775503,4,11,0.04898858288093539,18,0.5545412648003851,12,0.2507526641628258,20,0.14571748815585364,4,20,0.5609377878416517,18,0.31764437485792163,24,0.08440591032954053,12,0.03701192697088629,4,20,0.48823135780043053,24,0.391538071073832,28,0.06427145429618913,18,0.05595911682954843,4,24,0.40307866259094416,28,0.360450727280891,20,0.12108401904641138,29,0.1153865910817535,4,29,0.48072386500610825,28,0.3313653779403154,32,0.10944655716621479,24,0.07846419988736157,4,32,0.4869481163176977,29,0.3167851838117456,38,0.13699438864659783,28,0.0592723112239589,4,38,0.4584554939961493,32,0.3105717226949416,41,0.1315066513221015,29,0.09946613198680772,4,41,0.6082633195219059,38,0.24761827667051373,42,0.09819375984107767,32,0.04592464396650266,4,42,0.6715989795691031,41,0.2873195657722401,38,0.02954977000499685,32,0.011531684653659833,4,42,0.9685548391361619,41,0.02096969160535105,38,0.006558645104614583,12,0.003916824153872371,4,42,0.9232518099177225,41,0.044307800078396534,38,0.017875192964397518,12,0.014565197039483621,4,11,0.0526385608998205,42,0.7733874575088672,41,0.11838100694364175,38,0.05559297464767057,4,42,0.7904337116642883,41,0.1281515263292931,38,0.051987071069151534,32,0.029427690937267086,4,42,0.6381086409393268,41,0.2555870765151618,38,0.07253853816857933,32,0.03376574437693211,4,42,0.4459264636800329,41,0.41123617046887256,38,0.10850570276741772,32,0.03433166308367669,4,38,0.48246928085022783,41,0.4016049548307624,32,0.06542594587328124,42,0.05049981844572861,4,38,0.5183524353012293,32,0.3336155634175853,41,0.09236784830377415,29,0.0556641529774112,4,32,0.4509769938152686,29,0.29108015637425905,38,0.17970914930278115,28,0.0782337005076911,4,29,0.4735830282090209,32,0.2609774196378606,28,0.2049522638326158,38,0.06048728832050286,4,28,0.4588723566775736,29,0.3552520079186761,24,0.12838317832721516,32,0.05749245707653518,4,28,0.4428184940365554,24,0.41550797687472285,29,0.07330447674416382,20,0.06836905234455798,4,24,0.424886586967338,20,0.29557484068246287,28,0.22064249648900355,18,0.05889607586119553,4,20,0.40776650321152436,24,0.2631392705987941,18,0.25253685001079546,28,0.07655737617888589,4,18,0.44984981310517064,20,0.36186722263068866,12,0.1208698970899226,24,0.06741306717421819,4,11,0.11198725126822694,18,0.42909016515241366,12,0.3728958112881733,20,0.08602677229118619,4,11,0.3759094198823675,12,0.46638431526568097,18,0.13289519160132673,20,0.024811073250624833,4,11,0.6409789451827363,12,0.25619039359495005,18,0.07854205503184775,20,0.024288606190465953,4,11,0.5978655310858105,12,0.23312179230117375,18,0.11782680366151613,20,0.0511858729514994,4,11,0.4956561347195162,12,0.25745118875776074,18,0.16176546690864468,20,0.08512720961407842],"width":166,"uvs":[0.31416,0.97893,0.34608,1,0.41386,1,0.48614,0.94463,0.54518,0.86178,0.4753,0.74566,0.42319,0.6936,0.36506,0.6343,0.33313,0.57893,0.325,0.51798,0.36175,0.4626,0.43163,0.42934,0.49789,0.4407,0.59277,0.4814,0.67801,0.54153,0.73855,0.60661,0.78825,0.63988,0.84759,0.66343,0.85934,0.60083,0.81205,0.53182,0.74217,0.46674,0.63072,0.40413,0.53584,0.36839,0.40904,0.34897,0.32741,0.38471,0.2491,0.43595,0.20753,0.50413,0.20151,0.56674,0.22892,0.64959,0.29066,0.70744,0.3497,0.76508,0.40783,0.81054,0.41627,0.85372,0.38645,0.90165,0.34729,0.93988],"height":242,"name":"Body C"}],"name":"Body C"},{"display":[{"width":228,"type":"mesh","vertices":[-113.95,29.4,-7.4,30.5,-4.75,-61.5,-94.5,-61.5,-100.7,-29.95,-90.27,-0.08,-90.52,-9.93,-83.62,-18.18,-76.77,-20.33,-71.97,-18.83,-68.17,-15.78,-89.12,4.02,-87.02,1.27,-88.72,-7.28,-86.27,-12.68,-80.12,-17.68,-73.97,-16.38,-70.62,-12.93,-74.32,-0.33,-81.42,1.92,-61.27,-12.83,-57.72,-17.48,-53.12,-18.18,-49.57,-15.33],"transform":{"y":2.01,"skX":172.76,"skY":172.76,"x":-48.51},"userEdges":[],"edges":[0,1,1,2,2,3,3,4,4,0],"path":"Head B Top","uvs":[0.00022,0.73902,0.46754,0.74797,0.47917,0,0.08553,0,0.05833,0.2565,0.10408,0.49938,0.10298,0.4193,0.13325,0.35223,0.16329,0.33475,0.18434,0.34694,0.20101,0.37174,0.10912,0.53271,0.11833,0.51036,0.11088,0.44084,0.12162,0.39694,0.1486,0.35629,0.17557,0.36686,0.19026,0.39491,0.17404,0.49735,0.1429,0.51564,0.23127,0.39572,0.24684,0.35792,0.26702,0.35223,0.28259,0.3754],"height":123,"name":"Head B Top","triangles":[18,19,1,19,0,1,22,23,2,3,22,2,23,1,2,23,18,1,11,0,19,3,8,9,3,9,21,3,21,22,20,18,23,22,21,23,21,20,23,17,18,20,10,20,21,9,10,21,3,4,8,10,17,20,16,17,10,9,16,10,4,7,8,15,14,16,14,18,17,16,14,17,13,19,18,14,13,18,8,16,9,8,15,16,7,15,8,12,11,19,13,12,19,7,14,15,13,5,12,6,14,7,4,6,7,6,13,14,5,11,12,6,5,13,5,0,11,0,5,6,4,0,6]}],"name":"Head B Top"},{"display":[{"width":84,"type":"mesh","vertices":[-42,-39.5,42,-39.5,-42,39.5,42,39.5,-18.67,-7.06,-20.22,-13.81,-18.12,-20.56,-15.07,-23.51,-11.22,-25.71,-6.52,-26.16,-1.52,-24.91,2.68,-22.11,4.78,-15.82,4.93,-11.47,7.48,-13.47,7.38,-17.92,5.93,-23.47,-9.57,-28.51,0.93,-26.76,-15.77,-27.61,-21.37,-22.31,-23.72,-16.86,-23.02,-10.16,-21.97,-6.11,-16.02,-3.06,-10.97,-0.86,-4.17,-1.16,3.28,-2.36,8.08,-7.97],"transform":{"y":2.67,"skX":-162.04,"skY":-162.04,"x":18.89},"userEdges":[],"edges":[0,1,1,3,3,2,2,0],"path":"Head A Top","uvs":[0,0,1,0,0,1,1,1,0.27777,0.41062,0.2593,0.32518,0.28429,0.23973,0.32059,0.20238,0.36642,0.17453,0.42237,0.16882,0.4819,0.18463,0.5319,0.22007,0.55692,0.29981,0.55871,0.35487,0.58907,0.32955,0.58787,0.27322,0.57059,0.20297,0.38606,0.13908,0.51106,0.16121,0.31225,0.15049,0.24559,0.21759,0.21763,0.28658,0.22598,0.37139,0.23849,0.42265,0.30932,0.46125,0.36945,0.48908,0.4504,0.48527,0.53909,0.47006,0.59622,0.39917],"height":79,"name":"Head A Top","triangles":[17,18,1,0,17,1,18,16,1,16,15,1,14,28,1,15,14,1,27,26,3,26,2,3,1,28,3,28,27,3,0,19,17,25,2,26,13,27,28,16,11,15,11,12,15,13,28,14,15,12,14,12,13,14,18,11,16,5,26,12,7,5,12,9,7,12,12,26,13,26,27,13,10,9,12,11,10,12,4,25,26,5,4,26,17,9,18,18,10,11,6,5,7,24,2,25,8,7,9,9,10,18,4,24,25,23,2,24,17,8,9,19,8,17,19,7,8,20,6,7,20,7,19,0,20,19,4,23,24,5,22,4,21,5,6,20,21,6,22,23,4,21,22,5,0,21,20,22,2,23,0,2,22,0,22,21]}],"name":"Head A Top"},{"display":[{"bonePose":[7,0.6459907606070507,-0.7633452280654698,0.7633452280654698,0.6459907606070507,-29.805554009829027,-64.81116573055176,14,0.5024164464588977,-0.8646257654775351,0.8646257654775351,0.5024164464588977,-16.885760445271444,-79.7374825652306,17,0.28970006154390693,-0.9571174819955263,0.9571174819955263,0.28970006154390693,-1.96329140419286,-105.85595720901581,21,-0.13969158500713402,-0.9901950621358373,0.9901950621358373,-0.13969158500713402,4.63387274026981,-129.10158959987615,23,-0.8597631519521242,-0.5106929826670312,0.5106929826670312,-0.8597631519521242,-0.8186132864069384,-158.65973900285627,27,-0.8904512053274403,0.455078730475188,-0.455078730475188,-0.8904512053274403,-26.939735667301093,-168.70887158046466,5,-0.9387338576538743,0.3446429231745166,-0.3446429231745166,-0.9387338576538743,-17.17,-26.93,9,-0.9971720320806634,-0.0751527673217729,0.0751527673217729,-0.9971720320806634,-58.503959192906194,-10.859996346012677,4,0.8184506773070065,0.5745767910520772,-0.5745767910520772,0.8184506773070065,2.92,-24.630000000000003,8,0.9388541035355563,-0.344315222252004,0.344315222252004,0.9388541035355563,18.419236457569077,-15.72842321651038,15,0.8674182886512776,0.4975796544406625,-0.4975796544406625,0.8674182886512776,39.65632243241026,-20.321524488766837,19,0.9767097418432025,-0.21456486242762368,0.21456486242762368,0.9767097418432025,60.60822174275289,-10.562404892754882],"vertices":[88.36,83.24,79.41,79.14,63.86,84.74,47.81,80.69,39.91,64.09,27.71,66.89,25.16,57.49,18.01,45.79,6.31,38.64,-9.24,38.39,-14.34,30.24,1.71,8.84,5.26,-1.61,20.31,-6.96,23.61,-16.66,9.11,-17.16,12.91,-47.21,3.26,-66.86,5.26,-82.91,-11.79,-79.06,-45.94,-67.36,-57.89,-51.06,-48.74,-47.21,-29.39,-49.76,-20.19,-54.61,-12.79,-43.66,-10.24,-37.31,-25.79,-36.01,-19.94,-22.26,-13.04,-18.16,-18.39,-2.66,-27.59,11.39,-33.19,18.74,-50.79,31.74,-44.89,35.84,-49.74,44.49,-44.89,49.84,-52.29,50.84,-51.04,62.59,-52.29,68.69,-50.79,76.09,-67.84,88.04,-87.69,83.74,-108.34,79.14,-97.14,101.09,-9.99,101.09,89.11,101.09],"slotPose":[1,0,0,1,2.422162444268622,-102.11905353131425],"edges":[0,1,1,2,2,3,3,4,4,5,5,6,6,7,7,8,8,9,9,10,10,11,11,12,12,13,13,14,14,15,15,16,16,17,17,18,18,19,19,20,20,21,21,22,22,23,23,24,24,25,25,26,26,27,27,28,28,29,29,30,30,31,31,32,32,33,33,34,34,35,35,36,36,37,37,38,38,39,39,40,40,41,41,42,42,43,43,44,44,45,45,46,46,0],"path":"Head A Body","userEdges":[],"type":"mesh","transform":{"y":25.9971,"skX":125.94,"skY":125.94,"x":31.0394},"triangles":[3,45,2,2,45,46,1,2,46,1,46,0,4,5,3,5,45,3,6,45,5,8,9,7,7,9,6,9,45,6,15,13,14,26,15,16,15,12,13,41,44,45,36,40,9,9,40,45,17,25,16,25,26,16,29,12,15,26,29,15,38,40,36,24,25,17,19,17,18,29,30,12,30,11,12,19,24,17,31,10,11,30,31,11,10,36,9,27,28,26,28,29,26,40,41,45,34,36,10,31,32,10,20,24,19,32,34,10,38,39,40,20,23,24,20,22,23,33,34,32,21,22,20,37,38,36,34,35,36,42,44,41,43,44,42],"weights":[4,19,0.9298314356762795,15,0.04353150473246775,8,0.017173127775460647,4,0.00946393181579207,4,19,0.8970135376366076,15,0.06697924246213205,8,0.02410627546030226,4,0.011900944440958103,4,19,0.7920936562375035,15,0.17401570985676082,8,0.024425982559873577,4,0.009464651345862172,4,15,0.7193018270684779,8,0.12858340112770172,19,0.1282538146153373,4,0.023860957188483047,4,8,0.3986142393109828,15,0.38420126885062633,19,0.11433394978091473,4,0.10285054205747614,4,8,0.4691539200308816,15,0.3068345150773368,4,0.16130875064601358,19,0.06270281424576789,4,8,0.3768344670268085,15,0.294785987744122,4,0.23163993230221566,19,0.0967396129268538,4,14,0.19923895921827536,4,0.29320466225711156,8,0.27561669453056187,15,0.23193968399405118,4,7,0.3036319578480382,14,0.3349685289729452,17,0.1622185851586014,4,0.1991809280204152,4,7,0.4226033326241064,14,0.3950683385003763,5,0.09584259710948576,4,0.08648573176603146,4,7,0.4560671051716022,14,0.48969444431945824,17,0.03378203662064405,5,0.020456413888295496,4,7,0.07216923879350365,14,0.523821766411329,17,0.3506829219763695,21,0.05332607281879772,4,7,0.03393291149490355,17,0.558670056938201,14,0.32289810552246573,21,0.08449892604442948,4,17,0.3998725702087973,21,0.2845572108257818,14,0.24669488441122744,23,0.06887533455419335,4,17,0.3866280590380243,21,0.3645651209888827,14,0.1593745488999136,23,0.08943227107317932,4,17,0.569581687889439,21,0.32769994387165924,14,0.07502143473585024,23,0.027696933503051413,4,21,0.5265542447370791,23,0.2756925096742566,17,0.15332526481281583,27,0.044427980775848516,4,23,0.5668615107965861,21,0.30437095095208844,27,0.08040113028899092,17,0.048366407962334594,4,23,0.4172857738364742,21,0.2838885070028937,27,0.20843260936254773,17,0.09039310979808449,4,23,0.5530021805065134,27,0.2691088956785336,21,0.13765943333825195,17,0.040229490476701185,4,27,0.8620100509946746,23,0.09776363777705718,21,0.025877430482115094,17,0.014348880746152943,4,27,0.9775504880164808,23,0.012011997560013192,21,0.0059575408181572155,17,0.004479973605348866,4,27,0.8964000054330252,23,0.05513778576168831,21,0.02786932849893243,17,0.020592880306354183,4,27,0.4917209173179893,23,0.30185893777551487,21,0.13816615361501833,17,0.06825399129147752,4,23,0.5526465717042388,27,0.25274940644604477,21,0.15306953413534893,17,0.04153448771436754,4,21,0.48133843534288706,23,0.2965396583891187,17,0.12917763500339516,27,0.09294427126459899,4,21,0.5694824291640742,17,0.2163021972119961,23,0.1599683117972727,27,0.05424706182665686,4,21,0.2908525420342569,27,0.2434652464964861,23,0.2396615963125733,17,0.2260206151566837,4,17,0.37873710271835515,21,0.30391236062553373,14,0.21046058034669704,23,0.10688995630941418,4,17,0.5100617921576418,21,0.25625613810029796,14,0.18340868600949875,23,0.050273383732561565,4,7,0.07781541957772828,14,0.49923104393841344,17,0.35451315832465985,21,0.06844037815919836,4,7,0.33066230996347334,14,0.5234848691503233,17,0.11017742735500408,21,0.0356753935311993,4,7,0.5094221459302699,14,0.40366469653192477,17,0.06216083903936793,21,0.02475231849843749,4,7,0.6256029075497433,14,0.21794425248378463,17,0.06873110293173572,5,0.08772173703473617,4,7,0.7571307370612893,14,0.1466535587170829,17,0.03806091093273216,5,0.05815479328889576,4,7,0.6121376458993856,14,0.15411055736015106,5,0.1405092733990303,9,0.09324252334143306,4,7,0.5965179564313268,14,0.13341535602909896,5,0.17595341823876262,9,0.09411326930081167,4,7,0.4671067991910904,14,0.14349560802783085,5,0.23173504343144316,9,0.15766254934963558,4,7,0.22992510547550588,14,0.0867635797825192,5,0.438855309261041,9,0.24445600548093402,4,7,0.11962517043005629,5,0.5430407626895869,9,0.2796136207238058,4,0.057720446156550975,4,7,0.03893991856253716,5,0.7216197889322064,9,0.21215415192339793,4,0.027286140581858475,4,7,0.001911751893962199,9,0.941881174300181,5,0.05467258044504648,4,0.0015344933608101513,4,7,0.005985938307487389,9,0.959130688910583,5,0.03088183047559628,4,0.004001542306333403,4,7,0.056427633354594074,14,0.03816190833019082,9,0.7538632881410808,5,0.1515471701741343,4,7,0.02459617296688072,9,0.843711091778647,5,0.1115175938351183,4,0.020175141419353906,4,4,0.3569787510844173,5,0.29862811165548614,8,0.25676064000988524,15,0.08763249725021126,4,19,0.7512058326048983,15,0.15814683340560828,8,0.056356106933310134,4,0.034291227056183315],"width":222,"uvs":[0.89842,0.91163,0.85811,0.89134,0.78806,0.91906,0.71577,0.89901,0.68018,0.81683,0.62523,0.83069,0.61374,0.78416,0.58153,0.72624,0.52883,0.69084,0.45878,0.6896,0.43581,0.64926,0.50811,0.54332,0.5241,0.49158,0.59189,0.4651,0.60676,0.41708,0.54144,0.4146,0.55856,0.26584,0.51509,0.16856,0.5241,0.08911,0.4473,0.10817,0.29347,0.16609,0.23964,0.24678,0.28086,0.26584,0.36802,0.25322,0.40946,0.22921,0.44279,0.28342,0.45428,0.31485,0.38423,0.32129,0.41059,0.38936,0.44167,0.40965,0.41757,0.48639,0.37613,0.55594,0.3509,0.59233,0.27162,0.65668,0.2982,0.67698,0.27635,0.7198,0.2982,0.74629,0.26486,0.75124,0.2705,0.80941,0.26486,0.8396,0.27162,0.87624,0.19482,0.9354,0.10541,0.91411,0.01239,0.89134,0.06284,1,0.45541,1,0.9018,1],"height":202,"name":"Head A Body"}],"name":"Head A Body"},{"display":[{"path":"Head C Back","type":"image","name":"Head C Back","transform":{"y":23.37,"skX":-80.06,"skY":-80.06,"x":-31.53}}],"name":"Head C Back"},{"display":[{"path":"Head C Bottom","type":"image","name":"Head C Bottom","transform":{"y":6.33,"skX":-68.65,"skY":-68.65,"x":-50.14}}],"name":"Head C Bottom"}]}],"frameRate":30,"name":"cPlant","slot":[{"color":{},"name":"Shadow","parent":"root"},{"z":1,"color":{},"name":"Body C","parent":"BodyB1"},{"z":2,"color":{},"name":"Head C Back","parent":"Head B Back"},{"z":3,"color":{},"name":"Head C Top","parent":"Head B Top"},{"z":4,"color":{},"name":"Head C Bottom","parent":"Head B Bottomn"},{"z":5,"color":{},"name":"Head B Body","parent":"BodyC1"},{"z":6,"color":{},"name":"Head B Top","parent":"Head C Top"},{"z":7,"color":{},"name":"Head B Bottom","parent":"Head C bottomn"},{"z":8,"color":{},"name":"Head A Body","parent":"BodyA1"},{"z":9,"color":{},"name":"Head A Leaf","parent":"Head A Leaf"},{"z":10,"color":{},"name":"Head B Back","parent":"head A Back"},{"z":11,"color":{},"name":"Head A Top","parent":"Head A Top"},{"z":12,"color":{},"name":"head A Bottom","parent":"Head A bottom"}]}]}