{"SubTexture":[{"frameWidth":250,"y":426,"frameHeight":14,"frameY":-1,"width":248,"frameX":-1,"height":12,"name":"Shadow","x":1},{"frameWidth":32,"y":1,"frameHeight":26,"frameY":-1,"width":30,"frameX":-1,"height":24,"name":"ShellBack","x":477},{"width":92,"y":124,"height":77,"name":"Left Arm","x":416},{"width":71,"y":124,"height":103,"name":"chest","x":343},{"width":152,"y":1,"height":201,"name":"Skirt","x":189},{"width":47,"y":204,"height":51,"name":"Head","x":251},{"width":132,"y":1,"height":121,"name":"right Arm","x":343},{"frameWidth":188,"y":1,"frameHeight":425,"frameY":-1,"width":186,"frameX":-1,"height":423,"name":"Trident","x":1}],"width":512,"height":512,"name":"Poseidon","imagePath":"Poseidon_tex.png"}