{"SubTexture":[{"frameX":-1,"y":473,"frameY":-1,"frameWidth":211,"width":209,"frameHeight":12,"height":10,"name":"shadow","x":1},{"frameX":-1,"y":202,"frameY":-1,"frameWidth":88,"width":86,"frameHeight":98,"height":96,"name":"Tail","x":261},{"frameX":-1,"y":1,"frameY":-1,"frameWidth":37,"width":35,"frameHeight":73,"height":71,"name":"left leg back","x":475},{"width":197,"y":1,"height":199,"name":"Left Wing","x":276},{"width":191,"y":363,"height":105,"name":"Head","x":1},{"width":273,"y":1,"height":164,"name":"Right Wing","x":1},{"frameX":-1,"y":418,"frameY":-1,"frameWidth":58,"width":56,"frameHeight":55,"height":53,"name":"left leg front","x":194},{"width":156,"y":167,"height":194,"name":"body","x":1},{"width":92,"y":167,"height":107,"name":"Right leg front","x":159},{"width":65,"y":276,"height":140,"name":"Right Leg Back","x":194}],"width":512,"height":512,"name":"Unicorn","imagePath":"Unicorn_tex.png"}