{"width":1024,"SubTexture":[{"y":601,"frameY":-1,"frameWidth":455,"width":453,"frameX":-1,"frameHeight":32,"height":30,"name":"Ellipse 1","x":1},{"width":247,"y":290,"height":309,"name":"Layer 164","x":386},{"width":376,"y":1,"height":287,"name":"Layer 165","x":386},{"width":383,"y":1,"height":339,"name":"Layer 166","x":1},{"y":342,"frameY":-1,"frameWidth":64,"width":62,"frameX":-1,"frameHeight":184,"height":182,"name":"Layer 167","x":1},{"width":248,"y":1,"height":365,"name":"Layer 6 copy","x":764},{"y":290,"frameY":-1,"frameWidth":88,"width":86,"frameX":-1,"frameHeight":212,"height":210,"name":"Layer 168","x":635},{"y":449,"frameY":-1,"frameWidth":44,"width":42,"frameX":-1,"frameHeight":89,"height":87,"name":"Layer 169","x":117},{"y":526,"frameY":-1,"frameWidth":34,"width":32,"frameX":-1,"frameHeight":46,"height":44,"name":"Layer 170","x":1},{"width":95,"y":342,"height":105,"name":"Layer 171","x":65},{"y":449,"frameY":-1,"frameWidth":52,"width":50,"frameX":-1,"frameHeight":94,"height":92,"name":"Layer 172","x":65}],"height":1024,"name":"SeaDragon","imagePath":"SeaDragon_tex.png"}