{"imagePath":"ZodiacAries_tex.png","width":512,"SubTexture":[{"y":489,"frameX":-1,"frameHeight":14,"frameY":-1,"width":344,"frameWidth":346,"height":12,"name":"Shadow","x":1},{"y":401,"frameX":-1,"frameHeight":57,"frameY":-1,"width":63,"frameWidth":65,"height":55,"name":"Tail","x":72},{"width":73,"y":385,"height":92,"name":"Left back leg","x":160},{"width":82,"y":222,"height":148,"name":"Left Horn","x":405},{"width":60,"y":355,"height":114,"name":"Left Front leg","x":285},{"width":232,"y":1,"height":219,"name":"Body","x":1},{"y":458,"frameX":-1,"frameHeight":28,"frameY":-1,"width":24,"frameWidth":26,"height":26,"name":"Left minihorn","x":72},{"y":401,"frameX":-1,"frameHeight":88,"frameY":-1,"width":69,"frameWidth":71,"height":86,"name":"Head","x":1},{"width":118,"y":222,"height":131,"name":"Right back leg","x":285},{"width":123,"y":222,"height":161,"name":"Right Front leg","x":160},{"y":401,"frameX":-1,"frameHeight":36,"frameY":-1,"width":10,"frameWidth":12,"height":34,"name":"right minihorn","x":137},{"width":157,"y":222,"height":177,"name":"Right Horn","x":1},{"y":458,"frameX":-1,"frameHeight":23,"frameY":-1,"width":27,"frameWidth":29,"height":21,"name":"right ear","x":98},{"y":1,"frameX":-1,"frameHeight":221,"frameY":-1,"width":180,"frameWidth":182,"height":219,"name":"ornament","x":235}],"height":512,"name":"ZodiacAries"}