{"SubTexture":[{"frameWidth":177,"y":330,"frameHeight":20,"frameY":-1,"width":175,"frameX":-1,"height":18,"name":"Shadow","x":229},{"width":314,"y":1,"height":274,"name":"Left WIng","x":1},{"frameWidth":66,"y":277,"frameHeight":67,"frameY":-1,"width":64,"frameX":-1,"height":65,"name":"back hair","x":163},{"width":160,"y":277,"height":106,"name":"Tail","x":1},{"width":155,"y":1,"height":197,"name":"chest","x":317},{"width":171,"y":200,"height":128,"name":"Right Wing","x":317},{"width":60,"y":277,"height":46,"name":"head","x":229}],"width":512,"height":512,"name":"MountainHarpy","imagePath":"Harpy_tex.png"}