{"frameRate":30,"isGlobal":0,"name":"MountainHarpy","version":"5.0","armature":[{"ik":[],"bone":[{"transform":{},"name":"root"},{"transform":{"y":-17.23,"x":-2.51},"name":"shadow","parent":"root"},{"transform":{"y":-152.79,"x":-13.28},"name":"mid","parent":"root"},{"transform":{"y":-7.03,"x":1.27},"name":"chest main","parent":"mid"},{"length":12,"transform":{"y":-5.82,"skX":-91.82,"skY":-91.82,"x":0.97},"parent":"chest main","name":"bone"},{"length":66,"transform":{"y":23.99,"skX":77.39,"skY":77.39,"x":2.38},"parent":"chest main","name":"tail"},{"length":37,"transform":{"y":15.45,"skX":146.63,"skY":146.63,"x":-10.05},"parent":"chest main","name":"left leg"},{"length":32,"transform":{"y":19.5,"skX":59.9,"skY":59.9,"x":8.4},"parent":"chest main","name":"right leg"},{"length":8,"transform":{"y":10.6,"skX":0.92,"skY":0.92,"x":30.11},"parent":"right leg","name":"bone4"},{"length":9,"transform":{"skX":28.89,"skY":28.89,"x":12.23},"parent":"bone","name":"bone2"},{"length":39,"transform":{"y":-19.41,"skX":-77.39,"skY":-77.39,"x":12.38},"parent":"tail","name":"bone16"},{"length":61,"transform":{"y":-6.69,"skX":5.22,"skY":5.22,"x":24.67},"parent":"tail","name":"bone14"},{"length":80,"transform":{"y":-8.71,"skX":-41.03,"skY":-41.03,"x":19.95},"parent":"tail","name":"bone15"},{"length":11,"transform":{"y":-11.87,"skX":-19.9,"skY":-19.9,"x":19.08},"parent":"left leg","name":"bone8"},{"length":60,"transform":{"y":12.51,"skX":35.07,"skY":35.07,"x":22.3},"parent":"tail","name":"bone13"},{"length":54,"transform":{"y":18.43,"skX":75.12,"skY":75.12,"x":17.3},"parent":"tail","name":"bone12"},{"length":8,"transform":{"y":7.03,"skX":35.87,"skY":35.87,"x":4.75},"parent":"bone4","name":"bone6"},{"length":14,"transform":{"y":2.31,"skX":-2.36,"skY":-2.36,"x":15.27},"parent":"bone8","name":"bone9"},{"length":16,"transform":{"y":-4.31,"skX":-42.49,"skY":-42.49,"x":7.9},"parent":"bone8","name":"bone11"},{"length":43,"transform":{"y":-9.14,"skX":-110.96,"skY":-110.96,"x":-8.73},"parent":"bone2","name":"Left Wing"},{"length":6,"transform":{"y":-4.07,"skX":27.34,"skY":27.34,"x":16.62},"parent":"bone4","name":"bone7"},{"length":6,"transform":{"y":-0.01,"skX":-30.76,"skY":-30.76,"x":10.67},"parent":"bone2","name":"bone3"},{"length":12,"transform":{"y":0.14,"skX":29.82,"skY":29.82,"x":10.97},"parent":"bone4","name":"bone5"},{"length":7,"transform":{"y":9.25,"skX":15.53,"skY":15.53,"x":13.59},"parent":"bone8","name":"bone10"},{"length":56,"transform":{"y":11.65,"skX":43.55,"skY":43.55,"x":15.96},"parent":"bone2","name":"right Wing"},{"length":25,"transform":{"y":4.61,"skX":45.87,"skY":45.87,"x":53.7},"parent":"Left Wing","name":"bone22"},{"length":33,"transform":{"y":-30.61,"skX":-42.52,"skY":-42.52,"x":32.78},"parent":"right Wing","name":"bone17"},{"length":70,"transform":{"y":-20.5,"skX":-18.01,"skY":-18.01,"x":57.61},"parent":"right Wing","name":"bone18"},{"length":74,"transform":{"y":-0.43,"skX":-18.21,"skY":-18.21,"x":86.64},"parent":"right Wing","name":"bone19"},{"length":68,"transform":{"y":0.11,"skX":4.82,"skY":4.82,"x":50.7},"parent":"Left Wing","name":"bone20"},{"length":30,"transform":{"y":-7.35,"skX":-41.6,"skY":-41.6,"x":47.6},"parent":"Left Wing","name":"bone21"},{"length":21,"transform":{"y":-0.17,"skX":-23.4,"skY":-23.4,"x":8.73},"parent":"bone3","name":"head"},{"length":12,"transform":{"y":13.21,"skX":61.92,"skY":61.92,"x":21.24},"parent":"head","name":"back thing"},{"length":19,"transform":{"y":-1.7,"skX":-42.64,"skY":-42.64,"x":18.97},"parent":"head","name":"horn"}],"type":"Armature","frameRate":30,"slot":[{"color":{},"name":"Shadow","parent":"shadow"},{"z":1,"color":{},"name":"Left WIng","parent":"Left Wing"},{"z":2,"color":{},"name":"back hair","parent":"head"},{"z":3,"color":{},"name":"Tail","parent":"tail"},{"z":4,"color":{},"name":"chest","parent":"chest main"},{"z":5,"color":{},"name":"Right Wing","parent":"right Wing"},{"z":6,"color":{},"name":"head","parent":"head"}],"skin":[{"slot":[{"display":[{"bonePose":[29,-0.9818595679537716,-0.18960956942526044,0.18960956942526044,-0.9818595679537716,-73.94026641316773,-179.75537315119448,30,-0.8142168577416485,0.5805608569041802,-0.5805608569041802,-0.8142168577416485,-71.65190093132298,-172.00779395369662,25,-0.6159365054556617,-0.787795799206284,0.787795799206284,-0.6159365054556617,-76.4442552954751,-184.54912321531768],"userEdges":[],"triangles":[21,19,20,23,25,22,25,53,22,53,21,22,53,19,21,53,51,19,24,25,23,51,17,19,17,18,19,27,53,25,51,15,17,26,27,25,27,28,53,15,16,17,29,51,28,28,51,53,13,14,15,51,13,15,12,13,51,30,49,29,29,49,51,49,59,51,59,12,51,49,52,59,10,11,12,31,49,30,59,10,12,57,49,31,32,57,31,57,55,49,9,10,59,52,9,59,55,52,49,33,57,32,34,35,33,35,57,33,50,9,52,55,50,52,46,55,57,35,56,57,56,46,57,36,56,35,50,8,9,46,54,55,54,50,55,37,56,36,41,56,37,56,54,46,40,41,38,50,6,8,61,54,56,38,41,37,41,61,56,6,7,8,54,60,50,39,40,38,61,48,54,60,5,50,5,6,50,48,60,54,41,42,61,42,48,61,42,47,48,48,4,60,4,5,60,43,47,42,47,4,48,47,3,4,58,47,43,2,3,47,58,2,47,44,58,43,1,2,58,45,58,44,45,1,58,45,0,1],"edges":[0,1,1,2,2,3,3,4,4,5,5,6,6,7,7,8,8,9,9,10,10,11,11,12,12,13,13,14,14,15,15,16,16,17,17,18,18,19,19,20,20,21,21,22,22,23,23,24,24,25,25,26,26,27,27,28,28,29,29,30,30,31,31,32,32,33,33,34,34,35,35,36,36,37,37,38,38,39,39,40,40,41,41,42,42,43,43,44,44,45,45,0],"uvs":[0.00001,0.29473,0.02271,0.3233,0.0454,0.35187,0.07856,0.37573,0.11172,0.39958,0.1519,0.41345,0.16279,0.45256,0.17368,0.49167,0.22524,0.47142,0.27679,0.45117,0.30705,0.47197,0.3373,0.49278,0.33875,0.46005,0.36683,0.47724,0.39491,0.49444,0.40071,0.45949,0.40943,0.46892,0.42589,0.44729,0.43654,0.45172,0.4438,0.42843,0.47817,0.41234,0.46026,0.37184,0.46752,0.34078,0.45154,0.31637,0.44331,0.30194,0.43266,0.31692,0.42589,0.29418,0.40798,0.31526,0.39394,0.33024,0.37022,0.33301,0.34263,0.32469,0.32762,0.3086,0.31116,0.28974,0.29277,0.2681,0.28938,0.23316,0.27195,0.25479,0.24533,0.24647,0.23371,0.23205,0.21919,0.21596,0.18143,0.17713,0.17707,0.22927,0.17417,0.25812,0.14125,0.25867,0.10107,0.26173,0.06089,0.26478,0.01733,0.2792,0.24194,0.33449,0.10292,0.32126,0.1542,0.33112,0.31553,0.35768,0.2151,0.4082,0.37584,0.40561,0.2938,0.40294,0.41897,0.35532,0.20812,0.35667,0.25923,0.36153,0.22628,0.29035,0.28082,0.30827,0.05839,0.30036,0.31799,0.4249,0.16821,0.38178,0.18081,0.29898],"path":"Left WIng","slotPose":[1,0,0,1,0,0],"vertices":[-155.44,-195.74,-148.31,-187.92,-141.18,-180.09,-130.77,-173.55,-120.36,-167.02,-107.74,-163.22,-104.31,-152.51,-100.89,-141.79,-84.7,-147.34,-68.52,-152.88,-59.02,-147.19,-49.51,-141.49,-49.06,-150.46,-40.24,-145.75,-31.43,-141.04,-29.61,-150.61,-26.87,-148.03,-21.7,-153.95,-18.35,-152.74,-16.08,-159.13,-5.28,-163.54,-10.91,-174.63,-8.63,-183.15,-13.64,-189.83,-16.23,-193.78,-19.57,-189.67,-21.7,-195.91,-27.33,-190.13,-31.74,-186.03,-39.18,-185.27,-47.84,-187.55,-52.56,-191.96,-57.73,-197.12,-63.51,-203.05,-64.57,-212.63,-70.04,-206.7,-78.4,-208.97,-82.05,-212.93,-86.62,-217.34,-98.47,-227.98,-99.83,-213.69,-100.75,-205.79,-111.09,-205.63,-123.71,-204.79,-136.32,-203.95,-150,-199.99,-79.47,-184.86,-123.12,-188.48,-107.02,-185.78,-56.35,-178.51,-87.89,-164.67,-37.42,-165.38,-63.18,-166.1,-23.87,-179.15,-90.09,-178.78,-74.04,-177.45,-84.38,-196.95,-67.26,-192.05,-137.11,-194.2,-55.58,-160.1,-102.62,-171.9,-98.66,-194.58],"type":"mesh","transform":{},"weights":[1,29,1,1,29,1,2,29,0.99979,30,0.00021,2,29,0.98102,30,0.01898,2,29,0.8823,30,0.1177,2,29,0.4858,30,0.5142,2,29,0.03928,30,0.96072,1,30,1,1,30,1,1,30,1,1,30,1,1,30,1,3,29,0.00047,30,0.99942,25,0.00012,2,29,0.00004,30,0.99996,1,30,1,3,29,0.00171,30,0.9982,25,0.00008,2,29,0.00193,30,0.99807,3,29,0.00351,30,0.99645,25,0.00004,2,29,0.0037,30,0.9963,3,29,0.00515,30,0.99479,25,0.00006,2,29,0.00576,30,0.99424,3,29,0.01051,30,0.98926,25,0.00023,2,29,0.01371,30,0.98629,3,29,0.01615,30,0.98257,25,0.00128,3,29,0.01668,30,0.98177,25,0.00155,3,29,0.01867,30,0.97706,25,0.00427,3,29,0.02051,30,0.97353,25,0.00595,3,29,0.02411,30,0.96379,25,0.0121,3,29,0.03611,30,0.93139,25,0.03251,3,29,0.07117,30,0.83102,25,0.09781,3,29,0.13625,30,0.58192,25,0.28183,3,29,0.1543,30,0.33251,25,0.51318,3,29,0.10504,30,0.12327,25,0.77169,3,29,0.0219,30,0.01431,25,0.96378,1,25,1,3,29,0.00146,30,0.00004,25,0.9985,1,25,1,1,25,1,1,25,1,1,25,1,2,29,0.00987,25,0.99013,3,29,0.24414,30,0.00002,25,0.75585,3,29,0.77076,30,0.0001,25,0.22914,3,29,0.972,30,0.00014,25,0.02786,3,29,0.99987,30,0.00002,25,0.0001,1,29,1,2,29,0.31226,25,0.68774,2,29,0.99961,30,0.00039,2,29,0.99896,30,0.00104,3,29,0.16935,30,0.62977,25,0.20088,2,29,0.10406,30,0.89594,3,29,0.02028,30,0.96293,25,0.01679,3,29,0.01206,30,0.97976,25,0.00818,3,29,0.02094,30,0.96835,25,0.01071,2,29,0.89428,30,0.10572,2,29,0.77046,30,0.22954,1,25,1,3,29,0.0865,30,0.04334,25,0.87016,1,29,1,3,29,0.00599,30,0.98905,25,0.00496,2,29,0.6821,30,0.3179,2,29,0.57763,25,0.42237],"width":314,"height":274,"name":"Left WIng"}],"name":"Left WIng"},{"display":[{"bonePose":[33,-0.9380704611221872,-0.3464445265406964,0.3464445265406964,-0.9380704611221872,-17.465365369914338,-212.18513890534456,32,0.5711434421530913,-0.8208502716607446,0.8208502716607446,0.5711434421530913,-5.224841427725343,-220.99596029842127],"userEdges":[],"triangles":[14,16,15,14,17,16,43,42,17,43,17,14,13,43,14,42,18,17,48,47,13,11,48,12,41,36,18,36,19,18,42,41,18,41,43,13,45,41,13,46,45,13,47,46,13,35,36,41,41,42,43,11,47,48,44,40,45,40,35,41,45,40,41,11,46,47,10,46,11,39,35,40,31,20,19,36,31,19,31,22,20,10,45,46,23,22,31,34,35,39,22,21,20,37,44,45,10,37,45,37,38,44,44,39,40,38,39,44,38,34,39,37,33,38,33,34,38,9,37,10,30,23,31,8,33,37,8,37,9,8,32,33,31,36,35,30,31,35,33,30,35,33,35,34,24,23,30,29,24,30,33,29,30,7,32,8,32,29,33,28,0,29,0,25,29,25,24,29,28,29,32,7,28,32,1,0,28,2,28,7,6,2,7,3,2,6,0,26,25,2,1,28,5,3,6,0,27,26,5,4,3,48,13,12],"edges":[4,3,3,2,2,1,1,0,0,27,27,26,26,25,25,24,24,23,23,22,22,21,21,20,20,19,19,18,18,17,17,16,16,15,15,14,14,13,13,12,12,11,11,10,10,9,9,8,8,7,7,6,6,5,5,4],"uvs":[0.13649,0.73244,0.14781,0.62279,0.18661,0.54477,0.09446,0.44988,0,0.3339,0.07344,0.3086,0.18499,0.33601,0.28361,0.37819,0.37252,0.24323,0.48245,0.15467,0.51802,0.18419,0.691,0.05556,0.82195,0,0.77507,0.32969,0.885,0.33601,1,0.37397,0.97877,0.5279,0.86884,0.64599,0.75729,0.7451,0.66514,0.84631,0.57137,0.95807,0.44366,0.95807,0.39677,0.90957,0.37252,0.86529,0.31756,0.87162,0.21894,0.86107,0.14134,0.85264,0.09284,0.80414,0.24048,0.5557,0.32123,0.58172,0.39343,0.60651,0.43048,0.61146,0.35068,0.41816,0.40768,0.44542,0.45898,0.4702,0.46088,0.54207,0.45328,0.59164,0.49411,0.2651,0.51827,0.32562,0.56564,0.37858,0.60914,0.3874,0.66037,0.41766,0.7058,0.43531,0.75414,0.39749,0.59657,0.32058,0.6217,0.27014,0.6565,0.21845,0.69227,0.16171,0.729,0.13019],"path":"head","slotPose":[1,0,0,1,0,0],"vertices":[-34.25,-202.82,-33.57,-207.87,-31.24,-211.45,-36.77,-215.82,-42.44,-221.15,-38.03,-222.32,-31.34,-221.05,-25.43,-219.11,-20.09,-225.32,-13.49,-229.39,-11.35,-228.04,-0.98,-233.95,6.88,-236.51,4.07,-221.34,10.66,-221.05,17.56,-219.31,16.29,-212.23,9.69,-206.79,3,-202.24,-2.53,-197.58,-8.16,-192.44,-15.82,-192.44,-18.63,-194.68,-20.09,-196.71,-23.38,-196.42,-29.3,-196.9,-33.96,-197.29,-36.87,-199.52,-28.01,-210.95,-23.16,-209.75,-18.84,-208.61,-16.61,-208.38,-21.4,-217.27,-17.98,-216.02,-14.9,-214.88,-14.79,-211.58,-15.24,-209.29,-12.79,-224.31,-11.34,-221.53,-8.5,-219.1,-5.89,-218.69,-2.82,-217.3,-0.08,-216.48,2.81,-218.22,-6.64,-221.76,-5.14,-224.08,-3.04,-226.46,-0.9,-229.07,1.31,-230.52],"type":"mesh","transform":{},"weights":[1,33,1,1,33,1,1,33,1,1,33,1,1,33,1,1,33,1,1,33,1,2,33,0.97318,32,0.02682,2,33,0.64189,32,0.35811,2,33,0.30667,32,0.69333,2,33,0.21006,32,0.78994,1,32,1,1,32,1,2,33,0.00274,32,0.99726,2,33,0.00009,32,0.99991,1,32,1,2,33,0.01311,32,0.98689,2,33,0.11214,32,0.88786,2,33,0.37102,32,0.62898,2,33,0.66858,32,0.33142,2,33,0.85456,32,0.14544,2,33,0.93802,32,0.06198,2,33,0.96076,32,0.03924,2,33,0.98055,32,0.01945,2,33,0.99735,32,0.00265,1,33,1,1,33,1,1,33,1,1,33,1,1,33,1,2,33,0.99637,32,0.00363,2,33,0.97058,32,0.02942,2,33,0.94132,32,0.05868,2,33,0.90113,32,0.09887,2,33,0.8122,32,0.1878,2,33,0.90307,32,0.09693,2,33,0.93671,32,0.06329,2,33,0.39844,32,0.60156,2,33,0.45833,32,0.54167,2,33,0.46351,32,0.53649,2,33,0.38553,32,0.61447,2,33,0.31222,32,0.68778,2,33,0.23864,32,0.76136,2,33,0.1507,32,0.8493,2,33,0.29763,32,0.70237,2,33,0.22896,32,0.77104,2,33,0.14341,32,0.85659,2,33,0.1032,32,0.8968,2,33,0.07215,32,0.92785],"width":60,"height":46,"name":"head"}],"name":"head"},{"display":[{"path":"Shadow","type":"image","name":"Shadow","transform":{"y":5.72,"x":2.57}}],"name":"Shadow"},{"display":[{"bonePose":[26,0.4710118812194101,-0.8821268660176678,0.8821268660176678,0.4710118812194101,26.973656726183343,-226.5268058610087,27,0.7945206155172557,-0.6072371789655844,0.6072371789655844,0.7945206155172557,53.751572991462886,-225.22903835884307,28,0.7923961217076406,-0.6100068739798674,0.6100068739798674,0.7923961217076406,87.79655652616968,-215.92931276495892],"userEdges":[],"triangles":[40,44,43,41,40,43,42,41,43,93,45,44,40,93,44,92,46,45,93,92,45,87,47,46,92,87,46,79,92,93,39,93,40,87,48,47,87,49,48,87,76,49,39,79,93,38,79,39,33,35,34,72,87,92,79,72,92,76,50,49,33,32,35,72,76,87,76,84,50,32,36,35,38,78,79,78,72,79,84,51,50,31,37,36,32,31,36,31,38,37,54,52,51,84,54,51,30,78,31,72,83,76,31,78,38,54,53,52,78,81,72,70,84,76,84,82,54,74,83,72,81,74,72,83,70,76,82,55,54,70,82,84,30,29,78,29,81,78,82,57,55,57,56,55,29,28,81,80,70,83,74,80,83,70,85,82,85,57,82,88,74,81,80,85,70,77,80,74,28,27,81,27,88,81,88,77,74,85,59,57,59,58,57,80,75,85,75,59,85,20,22,21,75,60,59,77,73,80,73,75,80,90,77,88,26,90,88,27,26,88,25,90,26,73,91,75,19,23,22,90,73,77,86,60,75,91,86,75,20,19,22,19,18,23,18,24,23,18,17,24,16,25,24,17,16,24,62,61,60,86,62,60,15,89,25,25,89,90,89,73,90,15,14,89,16,15,25,7,6,73,89,7,73,71,86,91,73,6,91,6,71,91,8,7,89,71,65,86,65,64,86,86,64,62,64,63,62,10,9,89,13,10,89,9,8,89,14,13,89,6,5,71,67,65,71,5,4,71,4,67,71,4,2,67,13,11,10,67,66,65,2,68,67,12,11,13,2,69,68,2,1,69,1,0,69,3,2,4],"edges":[1,0,0,69,69,68,68,67,67,66,66,65,65,64,64,63,63,62,62,61,61,60,60,59,59,58,58,57,57,56,56,55,55,54,54,53,53,52,52,51,51,50,50,49,49,48,48,47,47,46,46,45,45,44,44,43,43,42,42,41,41,40,40,39,39,38,38,37,37,36,36,35,35,34,34,33,33,32,32,31,31,30,30,29,29,28,28,27,27,26,26,25,25,24,24,23,23,22,22,21,21,20,20,19,19,18,18,17,17,16,16,15,15,14,14,13,13,12,12,11,11,10,10,9,9,8,8,7,7,6,6,5,5,4,4,3,3,2,2,1],"uvs":[0.02721,0.88672,0.02557,0.81153,0.06794,0.77297,0.04993,0.72895,0.11072,0.72102,0.15636,0.71169,0.1842,0.68763,0.19177,0.64716,0.17826,0.60068,0.16967,0.57511,0.15718,0.55761,0.12853,0.53519,0.10601,0.52151,0.15268,0.47908,0.19294,0.43097,0.2175,0.39242,0.2553,0.33441,0.29135,0.26229,0.32349,0.20159,0.34825,0.148,0.37145,0.09558,0.41157,0.02202,0.39397,0.12443,0.37636,0.22683,0.3563,0.29963,0.31598,0.42104,0.38545,0.3786,0.43911,0.33669,0.49277,0.29477,0.54362,0.25546,0.59447,0.21615,0.65938,0.14273,0.72126,0.06699,0.78877,0,0.82772,0,0.80262,0.1063,0.78358,0.16787,0.76454,0.22944,0.74463,0.28379,0.80865,0.24232,0.87267,0.20086,0.96571,0.12513,1,0.10431,1,0.1841,0.97398,0.28631,0.94797,0.38853,0.90556,0.50878,0.88587,0.57757,0.86618,0.64637,0.82334,0.74002,0.79261,0.79899,0.76189,0.85796,0.7264,0.92213,0.71039,0.94179,0.7026,0.90941,0.61354,0.98838,0.54993,1,0.5218,0.91381,0.48329,0.97509,0.41015,0.94734,0.34524,0.91034,0.29331,0.97393,0.25653,0.93577,0.21671,0.96873,0.1743,0.90745,0.16176,0.87854,0.14747,0.89415,0.14098,0.88201,0.12151,0.89646,0.08559,0.90398,0.56856,0.73141,0.19056,0.79386,0.71674,0.4965,0.29443,0.64606,0.5489,0.52468,0.3924,0.78909,0.71413,0.66608,0.41733,0.58163,0.65065,0.34629,0.79576,0.37779,0.44435,0.65465,0.55897,0.40822,0.59844,0.85845,0.59863,0.61487,0.6948,0.79371,0.48932,0.81559,0.25935,0.83731,0.81739,0.5791,0.4443,0.44189,0.23008,0.54883,0.31585,0.51175,0.29425,0.7348,0.83949,0.44494,0.85457,0.31795],"path":"Right Wing","slotPose":[1,0,0,1,0,0],"vertices":[-7.78,-178.01,-8.06,-187.63,-0.81,-192.57,-3.9,-198.21,6.5,-199.22,14.31,-200.41,19.06,-203.5,20.36,-208.67,18.05,-214.62,16.58,-217.9,14.45,-220.13,9.54,-223,5.69,-224.75,13.67,-230.18,20.55,-236.35,24.75,-241.28,31.22,-248.71,37.38,-257.94,42.88,-265.72,47.1,-272.57,51.07,-279.28,57.94,-288.7,54.93,-275.59,51.92,-262.48,48.49,-253.16,41.59,-237.63,53.47,-243.05,62.64,-248.42,71.82,-253.79,80.51,-258.82,89.21,-263.86,100.31,-273.25,110.89,-282.95,122.43,-291.52,129.1,-291.52,124.8,-277.92,121.55,-270.03,118.29,-262.16,114.89,-255.19,125.84,-260.5,136.79,-265.81,152.7,-275.51,158.56,-278.17,158.56,-267.96,154.12,-254.87,149.67,-241.79,142.42,-226.4,139.05,-217.59,135.68,-208.79,128.36,-196.8,123.1,-189.25,117.86,-181.7,111.79,-173.48,109.05,-170.97,107.71,-175.11,92.48,-165.01,81.61,-163.51,76.79,-174.55,70.21,-166.71,57.7,-170.26,46.6,-174.99,37.73,-166.85,31.44,-171.73,24.63,-167.51,17.37,-175.36,15.23,-179.06,12.79,-177.06,11.68,-178.61,8.35,-176.76,2.21,-175.8,84.79,-197.89,20.16,-189.9,110.13,-227.96,37.91,-208.82,81.43,-224.36,54.67,-190.51,109.68,-206.26,58.92,-217.07,98.82,-247.2,123.64,-243.16,63.55,-207.72,83.14,-239.27,89.9,-181.64,89.93,-212.81,106.38,-189.92,71.24,-187.12,31.92,-184.33,127.34,-217.4,63.53,-234.96,26.91,-221.27,41.57,-226.01,37.88,-197.46,131.12,-234.57,133.7,-250.82],"type":"mesh","transform":{},"weights":[3,26,0.63612,27,0.36381,28,0.00007,3,26,0.63674,27,0.36321,28,0.00005,3,26,0.63177,27,0.36373,28,0.00449,3,26,0.6327,27,0.36272,28,0.00458,3,26,0.62377,27,0.36357,28,0.01266,3,26,0.61406,27,0.35816,28,0.02778,3,26,0.64038,27,0.32641,28,0.03321,3,26,0.7345,27,0.24247,28,0.02303,3,26,0.88436,27,0.10781,28,0.00783,3,26,0.949,27,0.04805,28,0.00296,3,26,0.9831,27,0.01608,28,0.00082,2,26,0.99965,27,0.00035,1,26,1,1,26,1,1,26,1,1,26,1,1,26,1,1,26,1,1,26,1,1,26,1,1,26,1,1,26,1,1,26,1,1,26,1,1,26,1,2,26,0.72077,27,0.27923,2,26,0.08578,27,0.91422,2,26,0.00376,27,0.99624,1,27,1,1,27,1,1,27,1,1,27,1,1,27,1,1,27,1,1,27,1,1,27,1,2,27,0.99523,28,0.00477,2,27,0.90423,28,0.09577,2,27,0.49611,28,0.50389,2,27,0.04265,28,0.95735,2,27,0.00028,28,0.99972,1,28,1,1,28,1,1,28,1,1,28,1,1,28,1,1,28,1,1,28,1,1,28,1,1,28,1,1,28,1,2,27,0.00077,28,0.99923,2,27,0.00665,28,0.99335,2,27,0.00647,28,0.99353,2,27,0.01085,28,0.98915,3,26,0.00143,27,0.06929,28,0.92929,3,26,0.00504,27,0.09758,28,0.89738,3,26,0.02992,27,0.19767,28,0.7724,3,26,0.06586,27,0.29621,28,0.63793,3,26,0.12256,27,0.37185,28,0.5056,3,26,0.26525,27,0.44298,28,0.29177,3,26,0.37068,27,0.44783,28,0.18149,3,26,0.42058,27,0.43879,28,0.14063,3,26,0.46755,27,0.42774,28,0.10471,3,26,0.51788,27,0.40969,28,0.07243,3,26,0.55764,27,0.39399,28,0.04837,3,26,0.5809,27,0.38507,28,0.03404,3,26,0.58769,27,0.38239,28,0.02992,3,26,0.60904,27,0.37429,28,0.01666,3,26,0.6253,27,0.36814,28,0.00656,3,26,0.00312,27,0.10603,28,0.89085,3,26,0.55921,27,0.38889,28,0.05191,1,28,1,3,26,0.46138,27,0.47723,28,0.0614,2,27,0.37872,28,0.62128,3,26,0.15707,27,0.47489,28,0.36804,1,28,1,3,26,0.01545,27,0.83743,28,0.14713,2,27,0.68658,28,0.31342,1,28,1,3,26,0.02993,27,0.59087,28,0.3792,2,27,0.82679,28,0.17321,3,26,0.00364,27,0.07726,28,0.9191,1,28,1,2,27,0.0052,28,0.9948,3,26,0.04314,27,0.28699,28,0.66987,3,26,0.43424,27,0.43787,28,0.12789,1,28,1,2,26,0.0025,27,0.9975,3,26,0.91367,27,0.08295,28,0.00338,3,26,0.50411,27,0.49454,28,0.00135,3,26,0.39914,27,0.47486,28,0.12601,1,28,1,1,28,1],"width":171,"height":128,"name":"Right Wing"}],"name":"Right Wing"},{"display":[{"bonePose":[4,-0.03175965076486344,-0.9994955350492036,0.9994955350492036,-0.03175965076486344,-11.04,-165.64,9,0.45507873047518727,-0.8904512053274406,0.8904512053274406,0.45507873047518727,-11.42842052885428,-177.86383039365174,6,-0.835135979852597,0.5500435393272451,-0.5500435393272451,-0.835135979852597,-22.06,-144.37,21,-0.06435813813899965,-0.997926866085527,0.997926866085527,-0.06435813813899965,-6.581634986737305,-187.3694955418003,7,0.5015107371594574,0.8651514205697045,-0.8651514205697045,0.5015107371594574,-3.609999999999999,-140.32,20,0.03210853858178153,0.9994843879471766,-0.9994843879471766,0.03210853858178153,13.976531782998658,-96.42783110021703,8,0.48755492213557666,0.8730923192316903,-0.8730923192316903,0.48755492213557666,2.3198832378323946,-108.95427691275596,22,-0.011169874929422174,0.9999376150010864,-0.9999376150010864,-0.011169874929422174,7.546127808967234,-99.30819648168531,16,-0.11649739434453003,0.9931909972965598,-0.9931909972965598,-0.11649739434453003,-1.5020698862223991,-101.37957729379232,13,-0.5980448737808076,0.801462618557159,-0.801462618557159,-0.5980448737808076,-31.46537768377315,-123.96210518878584,18,0.1003617148512152,0.9949510169813002,-0.9949510169813002,0.1003617148512152,-32.735628300660174,-115.052977096189,17,-0.564534897582796,0.8254092011912529,-0.8254092011912529,-0.564534897582796,-42.448901555273125,-113.10525466185167,23,-0.790796413773152,0.6120792693463175,-0.6120792693463175,-0.790796413773152,-47.00633674010804,-118.60214328506652],"userEdges":[],"triangles":[32,30,29,27,117,28,117,33,28,32,29,28,33,32,28,32,31,30,116,117,27,26,115,27,115,116,27,122,38,36,122,36,35,122,35,34,123,122,34,47,115,26,38,37,36,101,15,14,121,122,123,33,121,123,117,121,33,25,48,26,48,47,26,121,120,122,120,38,122,120,40,38,13,101,14,119,40,120,117,120,121,12,101,13,11,101,12,101,100,15,40,39,38,117,125,120,99,16,15,100,99,15,24,88,25,88,85,25,85,48,25,124,125,117,116,124,117,125,119,120,83,48,85,11,6,101,99,98,16,98,17,16,97,17,98,124,119,125,42,40,119,115,45,116,94,98,100,118,119,124,94,100,101,5,94,101,6,5,101,98,99,100,116,45,124,45,118,124,95,96,98,94,95,98,10,9,11,9,6,11,118,42,119,23,22,24,22,88,24,83,49,48,7,6,8,8,6,9,97,18,17,43,42,118,91,90,22,90,88,22,21,20,22,96,97,98,42,41,40,20,91,22,45,43,118,89,88,90,96,18,97,18,96,19,96,91,19,91,20,19,44,43,45,96,95,91,95,90,91,47,46,115,4,94,5,80,86,95,84,83,85,95,86,89,95,89,90,78,80,95,93,78,95,87,85,88,86,87,89,87,88,89,80,82,86,94,93,95,87,86,85,86,84,85,92,78,93,50,49,83,82,84,86,74,50,83,4,3,94,82,83,84,78,79,80,81,75,83,75,74,83,92,93,94,1,92,94,3,1,94,50,52,51,78,77,79,80,81,82,82,81,83,2,1,3,74,114,50,50,114,52,0,78,92,1,0,92,80,79,81,79,75,81,114,53,52,74,113,114,114,127,54,107,105,57,114,54,53,107,57,56,55,107,56,77,75,79,74,73,113,76,75,77,113,127,114,105,60,57,54,107,55,59,58,57,60,59,57,127,107,54,73,112,113,106,105,107,126,107,127,104,105,106,113,126,127,126,106,107,73,111,112,112,126,113,73,72,111,112,106,126,103,104,106,112,103,106,108,61,105,109,108,105,61,60,105,104,103,105,103,109,105,102,109,103,112,102,103,72,110,111,108,65,61,111,102,112,111,109,102,64,62,61,65,64,61,110,109,111,71,68,110,72,71,110,64,63,62,110,108,109,71,70,69,71,69,68,110,68,108,68,67,108,67,65,108,67,66,65,46,45,115,33,123,34],"edges":[71,70,70,69,69,68,68,67,67,66,66,65,65,64,64,63,63,62,62,61,61,60,60,59,59,58,58,57,57,56,56,55,55,54,54,53,53,52,52,51,51,50,50,49,49,48,48,47,47,46,46,45,45,44,44,43,43,42,42,41,41,40,40,39,39,38,38,37,37,36,36,35,35,34,34,33,33,32,32,31,31,30,30,29,29,28,28,27,27,26,26,25,25,24,24,23,23,22,22,21,21,20,20,19,19,18,18,17,17,16,16,15,15,14,14,13,13,12,12,11,11,10,10,9,9,8,8,7,7,6,6,5,5,4,4,3,3,2,2,1,1,0,0,78,78,77,77,76,76,75,75,74,74,73,73,72,72,71],"uvs":[0.38227,0.37606,0.37144,0.35118,0.36737,0.33235,0.37957,0.3192,0.40847,0.30534,0.43692,0.28829,0.4595,0.27372,0.46221,0.24494,0.47395,0.23499,0.49834,0.22895,0.53402,0.2325,0.54395,0.25666,0.58582,0.26057,0.61337,0.29504,0.62647,0.31494,0.60027,0.36468,0.56414,0.39027,0.52937,0.41088,0.52034,0.41301,0.51582,0.41976,0.51582,0.42651,0.53479,0.42687,0.52982,0.43504,0.54156,0.44463,0.53705,0.45352,0.59261,0.50247,0.62152,0.54653,0.66758,0.61653,0.69106,0.67481,0.69242,0.71354,0.68926,0.72704,0.68293,0.74019,0.65042,0.72811,0.62784,0.72207,0.65223,0.74658,0.65493,0.76897,0.64455,0.80379,0.6179,0.83222,0.603,0.80841,0.57048,0.84465,0.533,0.79846,0.51132,0.81054,0.47519,0.76257,0.48694,0.71958,0.4779,0.6844,0.51042,0.68973,0.46977,0.62684,0.48784,0.61973,0.46074,0.58917,0.42958,0.58171,0.40113,0.59024,0.44449,0.6176,0.41062,0.63679,0.38397,0.64709,0.36772,0.64922,0.36862,0.66166,0.39346,0.6812,0.36727,0.73509,0.34243,0.78022,0.28688,0.74682,0.28056,0.72727,0.25256,0.7358,0.21778,0.75712,0.20108,0.76423,0.18527,0.74504,0.1803,0.70098,0.15546,0.70098,0.17037,0.66545,0.17895,0.65088,0.15591,0.65088,0.13017,0.63595,0.12566,0.61144,0.16901,0.57271,0.21869,0.52642,0.29637,0.48591,0.36817,0.45216,0.36275,0.44469,0.38036,0.44185,0.38443,0.40312,0.39182,0.44847,0.40885,0.45334,0.41737,0.46268,0.42692,0.46431,0.43647,0.47974,0.45247,0.46816,0.4646,0.46613,0.46305,0.4572,0.47053,0.45679,0.48266,0.457,0.48369,0.44624,0.49195,0.4373,0.50176,0.43202,0.40893,0.37435,0.42776,0.37171,0.43886,0.36461,0.47112,0.38166,0.49486,0.38369,0.51551,0.38126,0.5346,0.36887,0.54776,0.35852,0.5537,0.34532,0.55628,0.33618,0.25469,0.64937,0.276,0.65805,0.2878,0.66854,0.29047,0.69339,0.30722,0.65716,0.33424,0.65925,0.19835,0.67123,0.2151,0.65955,0.20123,0.64467,0.24402,0.64015,0.27276,0.63814,0.3245,0.62256,0.37049,0.60447,0.51153,0.64467,0.54793,0.68437,0.58306,0.70648,0.52806,0.72036,0.54517,0.73798,0.58216,0.73224,0.60984,0.73699,0.61864,0.75144,0.62896,0.74313,0.5516,0.70725,0.56872,0.72283,0.31552,0.64291,0.34026,0.63183],"path":"chest","slotPose":[1,0,0,1,0,0],"vertices":[-23.18,-172.43,-24.86,-177.33,-25.49,-181.04,-23.6,-183.63,-19.13,-186.36,-14.71,-189.72,-11.22,-192.59,-10.79,-198.26,-8.97,-200.22,-5.19,-201.41,0.33,-200.71,1.87,-195.95,8.37,-195.18,12.63,-188.39,14.66,-184.47,10.6,-174.67,5.01,-169.63,-0.38,-165.57,-1.78,-165.14,-2.49,-163.82,-2.48,-162.49,0.46,-162.42,-0.31,-160.81,1.51,-158.91,0.81,-157.17,9.42,-147.53,13.9,-138.84,21.04,-125.05,24.68,-113.57,24.89,-105.95,24.4,-103.29,23.42,-100.69,18.38,-103.08,14.89,-104.27,18.66,-99.44,19.08,-95.03,17.47,-88.18,13.34,-82.57,11.03,-87.26,5.99,-80.12,0.18,-89.22,-3.18,-86.84,-8.77,-96.29,-6.96,-104.76,-8.36,-111.69,-3.32,-110.64,-9.62,-123.03,-6.82,-124.43,-11.02,-130.44,-15.85,-131.92,-20.26,-130.24,-13.53,-124.85,-18.78,-121.07,-22.91,-119.04,-25.43,-118.62,-25.29,-116.17,-21.44,-112.32,-25.5,-101.71,-29.35,-92.82,-37.96,-99.4,-38.94,-103.25,-43.28,-101.56,-48.67,-97.36,-51.25,-95.96,-53.71,-99.74,-54.48,-108.43,-58.33,-108.42,-56.02,-115.42,-54.69,-118.29,-58.27,-118.29,-62.26,-121.23,-62.95,-126.06,-56.23,-133.69,-48.54,-142.81,-36.49,-150.79,-25.36,-157.44,-26.2,-158.91,-23.48,-159.47,-22.85,-167.1,-21.7,-158.16,-19.06,-157.2,-17.74,-155.37,-16.26,-155.04,-14.78,-152,-12.3,-154.29,-10.42,-154.69,-10.66,-156.44,-9.5,-156.52,-7.63,-156.49,-7.46,-158.6,-6.18,-160.36,-4.66,-161.4,-19.05,-172.76,-16.13,-173.28,-14.41,-174.68,-9.41,-171.33,-5.73,-170.92,-2.53,-171.4,0.43,-173.84,2.47,-175.89,3.39,-178.49,3.79,-180.28,-42.95,-118.59,-39.65,-116.88,-37.82,-114.81,-37.41,-109.92,-34.81,-117.06,-30.62,-116.64,-51.68,-114.29,-49.09,-116.59,-51.24,-119.51,-44.6,-120.41,-40.15,-120.8,-32.13,-123.87,-25.01,-127.44,-3.15,-119.52,2.5,-111.7,7.94,-107.34,-0.58,-104.61,2.07,-101.14,7.81,-102.27,12.1,-101.33,13.46,-98.48,15.06,-100.12,3.06,-107.19,5.72,-104.12,-33.53,-119.86,-29.69,-122.05],"type":"mesh","transform":{},"weights":[3,4,0.83574,9,0.14127,6,0.02299,3,4,0.60642,9,0.39141,6,0.00218,2,4,0.48087,9,0.51913,2,4,0.38329,9,0.61671,3,4,0.17791,9,0.82009,21,0.002,3,4,0.01707,9,0.84326,21,0.13968,2,9,0.29194,21,0.70806,2,9,0.01711,21,0.98289,1,21,1,1,21,1,1,21,1,3,4,0.00597,9,0.00761,21,0.98643,3,4,0.02845,9,0.05852,21,0.91303,3,4,0.08783,9,0.17263,21,0.73953,3,4,0.12454,9,0.2254,21,0.65007,3,4,0.29909,9,0.3417,21,0.35921,4,4,0.52666,9,0.31525,21,0.15622,7,0.00187,5,4,0.7622,9,0.15791,21,0.04046,6,0.00078,7,0.03865,5,4,0.80025,9,0.11267,21,0.02429,6,0.00225,7,0.06054,5,4,0.79826,9,0.05846,21,0.00989,6,0.00906,7,0.12432,5,4,0.7501,9,0.02804,21,0.00359,6,0.01748,7,0.20079,5,4,0.67985,9,0.00932,21,0.00015,6,0.01903,7,0.29165,5,4,0.66806,9,0.01031,21,0.00053,6,0.02067,7,0.30044,4,4,0.57888,9,0.00367,6,0.02263,7,0.39481,4,4,0.51258,9,0.00152,6,0.02534,7,0.46056,2,4,0.08273,7,0.91727,2,4,0.0066,7,0.9934,1,7,1,2,7,0.97549,20,0.02451,3,7,0.92261,8,0.00031,20,0.07708,3,7,0.90699,8,0.00259,20,0.09043,3,7,0.90019,8,0.00398,20,0.09583,4,7,0.81189,8,0.05156,22,0.00219,20,0.13436,4,7,0.47851,8,0.19622,22,0.03442,20,0.29085,4,7,0.03742,8,0.02046,22,0.00001,20,0.94211,1,20,1,1,20,1,2,22,0.08015,20,0.91985,2,22,0.50465,20,0.49535,1,22,1,2,22,0.41047,16,0.58953,2,22,0.09671,16,0.90329,1,16,1,2,8,0.19012,16,0.80988,3,7,0.00046,8,0.49076,16,0.50879,3,7,0.07608,8,0.64846,16,0.27546,4,6,0.00829,13,0.0018,7,0.73319,8,0.25671,4,6,0.01673,13,0.00359,7,0.78784,8,0.19184,4,6,0.19673,13,0.04604,7,0.73257,8,0.02465,5,6,0.44146,13,0.16415,18,0.00202,7,0.38912,8,0.00324,5,6,0.39603,13,0.47544,18,0.02346,7,0.1049,8,0.00016,4,6,0.12539,13,0.77298,18,0.08046,7,0.02117,4,6,0.09145,13,0.76127,18,0.13237,7,0.01491,4,6,0.03771,13,0.67846,18,0.27768,7,0.00615,4,6,0.01015,13,0.51412,18,0.47378,7,0.00195,3,13,0.19511,18,0.80471,7,0.00018,2,13,0.00313,18,0.99687,1,18,1,1,18,1,3,13,0.00303,17,0.14873,18,0.84825,3,13,0.02221,17,0.44795,18,0.52984,3,13,0.00292,17,0.88195,18,0.11513,2,17,0.99435,18,0.00565,2,17,0.9994,18,0.0006,2,17,0.98097,23,0.01903,2,17,0.36282,23,0.63718,3,6,0.00003,17,0.1713,23,0.82867,2,6,0.06774,23,0.93226,2,6,0.42508,23,0.57492,2,6,0.76645,23,0.23355,2,6,0.94462,23,0.05538,2,6,0.99446,23,0.00554,1,6,1,1,6,1,2,4,0.01893,6,0.98107,3,4,0.36726,6,0.63032,7,0.00242,3,4,0.39048,6,0.60766,7,0.00186,3,4,0.51497,6,0.47939,7,0.00564,3,4,0.87478,9,0.01371,6,0.11151,3,4,0.50684,6,0.48012,7,0.01304,3,4,0.52081,6,0.44004,7,0.03915,3,4,0.45876,6,0.4689,7,0.07234,3,4,0.46747,6,0.42791,7,0.10462,3,4,0.34669,6,0.46477,7,0.18854,3,4,0.47628,6,0.30597,7,0.21775,3,4,0.50493,6,0.23293,7,0.26214,3,4,0.58988,6,0.20323,7,0.20689,4,4,0.59491,9,0.00009,6,0.17052,7,0.23448,4,4,0.58769,9,0.00034,6,0.12635,7,0.28562,4,4,0.6848,9,0.0022,6,0.09217,7,0.22084,5,4,0.74812,9,0.00753,21,0.00028,6,0.0499,7,0.19418,5,4,0.76117,9,0.01621,21,0.00134,6,0.02959,7,0.19169,3,4,0.88371,9,0.09934,6,0.01695,3,4,0.93648,9,0.05592,6,0.0076,3,4,0.9253,9,0.07315,6,0.00155,4,4,0.96502,9,0.03238,21,0.00182,7,0.00079,4,4,0.83405,9,0.14401,21,0.01665,7,0.00529,4,4,0.6985,9,0.2444,21,0.05153,7,0.00557,4,4,0.51185,9,0.35871,21,0.12862,7,0.00081,3,4,0.39004,9,0.3917,21,0.21826,3,4,0.28533,9,0.39423,21,0.32044,3,4,0.22403,9,0.3771,21,0.39887,4,6,0.05225,13,0.34906,17,0.16614,23,0.43256,4,6,0.01279,13,0.81648,17,0.07735,23,0.09339,2,13,0.96427,18,0.03573,3,13,0.23907,17,0.33341,18,0.42753,2,13,0.72901,18,0.27099,2,13,0.17725,18,0.82275,2,17,0.03513,23,0.96487,3,13,0.00031,17,0.02316,23,0.97653,2,6,0.34595,23,0.65405,4,6,0.14621,13,0.21322,17,0.02612,23,0.61445,4,6,0.1254,13,0.64907,17,0.01364,23,0.21189,3,6,0.01806,13,0.98038,23,0.00156,4,6,0.24846,13,0.68652,18,0.04098,7,0.02404,5,6,0.00084,13,0.0002,7,0.64329,8,0.35345,16,0.00222,2,7,0.19848,8,0.80152,3,7,0.26142,8,0.70977,20,0.0288,2,8,0.4613,16,0.5387,3,8,0.46855,22,0.06871,16,0.46275,4,7,0.04535,8,0.82366,22,0.08021,20,0.05079,4,7,0.13514,8,0.22488,22,0.21678,20,0.42319,4,7,0.03605,8,0.02953,22,0.13603,20,0.79839,4,7,0.09757,8,0.07234,22,0.06304,20,0.76706,2,8,0.99267,16,0.00733,3,7,0.01655,8,0.9784,20,0.00505,2,13,0.93407,18,0.06593,3,13,0.85117,18,0.14832,7,0.00051],"width":155,"height":197,"name":"chest"}],"name":"chest"},{"display":[{"bonePose":[15,-0.8870914100040398,0.461593793607588,-0.461593793607588,-0.8870914100040398,-23.838619239048302,-114.9237798892352,14,-0.382038349570491,0.9241464707812584,-0.9241464707812584,-0.382038349570491,-16.96984965117709,-111.3368028404188,11,0.12862251534796568,0.9916936263511844,-0.9916936263511844,0.12862251534796568,2.284424043044832,-113.21559088274655,12,0.8053078857111219,0.5928568201610592,-0.5928568201610592,0.8053078857111219,3.2252589248650727,-118.26273163025404,10,1,0,0,1,12.01452702822085,-127.9860883658332],"userEdges":[],"triangles":[27,105,26,76,24,26,105,76,26,26,24,25,76,23,24,28,105,27,97,105,28,29,97,28,97,63,105,36,34,35,63,76,105,76,22,23,36,95,34,95,33,34,30,97,29,63,22,76,101,21,22,101,22,63,37,95,36,31,80,30,80,68,30,30,68,97,68,63,97,95,32,33,68,84,63,84,101,63,38,95,37,32,80,31,75,32,95,38,75,95,101,20,21,75,82,32,67,80,32,82,67,32,80,107,68,103,84,68,107,103,68,84,20,101,67,107,80,84,65,20,87,75,38,39,87,38,87,82,75,103,65,84,100,19,20,65,100,20,56,103,107,66,104,19,100,66,19,104,18,19,87,62,82,67,81,107,81,56,107,104,17,18,82,79,67,79,81,67,89,65,103,56,89,103,62,79,82,40,74,39,39,74,87,74,62,87,89,100,65,81,89,56,81,73,89,88,17,104,66,88,104,88,16,17,77,66,100,89,77,100,93,79,62,74,93,62,77,13,88,79,64,81,77,88,66,64,73,81,73,77,89,41,74,40,61,77,73,13,14,88,88,15,16,93,70,79,70,64,79,14,15,88,64,78,73,58,93,74,98,58,74,41,98,74,12,13,77,78,61,73,70,102,64,102,78,64,42,98,41,58,70,93,61,12,77,99,12,61,58,90,70,90,102,70,72,99,61,92,72,61,78,92,61,59,92,78,102,60,78,60,59,78,43,86,42,42,86,98,86,58,98,86,94,58,69,90,58,99,11,12,83,59,60,90,60,102,94,69,58,43,44,86,99,10,11,44,94,86,69,60,90,57,10,99,72,57,99,44,45,94,69,91,60,59,85,92,85,72,92,106,57,72,57,9,10,91,83,60,47,69,94,85,106,72,83,85,59,91,71,83,46,47,94,45,46,94,2,85,83,48,91,69,47,48,69,57,8,9,71,2,83,6,8,57,106,5,57,5,6,57,49,71,91,48,49,91,85,4,106,4,5,106,3,4,85,2,3,85,6,7,8,49,50,71,96,2,71,50,96,71,96,1,2,51,96,50,96,51,1,51,0,1,52,0,51,53,54,0,54,55,0,52,53,0],"edges":[54,55,55,0,0,1,1,2,2,3,3,4,4,5,5,6,6,7,7,8,8,9,9,10,10,11,11,12,12,13,13,14,14,15,15,16,16,17,17,18,18,19,19,20,20,21,21,22,22,23,23,24,24,25,25,26,26,27,27,28,28,29,29,30,30,31,31,32,32,33,33,34,34,35,35,36,36,37,37,38,38,39,39,40,40,41,41,42,42,43,43,44,44,45,45,46,46,47,47,48,48,49,49,50,50,51,51,52,52,53,53,54],"uvs":[0.0684,0.60948,0.1566,0.59136,0.24,0.55151,0.23355,0.62274,0.22709,0.69396,0.22064,0.76518,0.21418,0.8364,0.21058,0.93693,0.25798,0.94779,0.31918,0.9487,0.38998,0.89798,0.42298,0.85678,0.45598,0.81557,0.48388,0.8767,0.51178,0.93783,0.54238,0.9813,0.57538,1,0.63964,0.94039,0.7039,0.88078,0.7219,0.83187,0.7381,0.76485,0.7933,0.79066,0.8485,0.81647,0.9037,0.83187,0.9925,0.82281,1,0.81829,1,0.72138,0.97435,0.64531,0.9487,0.56923,0.9106,0.50176,0.8725,0.43429,0.8368,0.37044,0.8011,0.30659,0.86921,0.26427,0.91421,0.19182,0.94121,0.13929,0.88931,0.12707,0.83741,0.11484,0.76301,0.11122,0.67901,0.08043,0.60161,0.04148,0.52661,0.02699,0.46241,0.01069,0.39401,0,0.35519,0.02775,0.32219,0.05945,0.29519,0.13009,0.28019,0.18443,0.25019,0.24874,0.21839,0.3239,0.17279,0.37553,0.10439,0.44255,0.04199,0.49326,0.01619,0.52949,0,0.56934,0,0.60285,0.66191,0.52161,0.31903,0.81484,0.44794,0.19459,0.36749,0.56038,0.38597,0.4069,0.48866,0.64743,0.62057,0.23762,0.84495,0.63797,0.52416,0.42175,0.66896,0.67259,0.61253,0.79271,0.69613,0.38428,0.78221,0.53665,0.34799,0.2797,0.50401,0.32064,0.2482,0.44346,0.37181,0.70618,0.54236,0.56448,0.56324,0.15035,0.75215,0.21421,0.90028,0.74848,0.51958,0.7271,0.46186,0.52015,0.58638,0.34085,0.77508,0.42568,0.60239,0.44656,0.69125,0.29657,0.34065,0.49627,0.73943,0.62665,0.28828,0.62697,0.42085,0.07501,0.67825,0.1817,0.58137,0.91563,0.60352,0.62658,0.42031,0.32702,0.31183,0.33832,0.39564,0.61226,0.52363,0.26168,0.35245,0.15385,0.82284,0.20049,0.16086,0.48293,0.87178,0.53599,0.46225,0.10195,0.41127,0.79233,0.62849,0.71679,0.78083,0.70682,0.43952,0.41551,0.69117,0.59681,0.65184,0.87226,0.93345,0.66454,0.30635,0.73329,0.70167,0.48533],"path":"Tail","slotPose":[1,0,0,1,0,0],"vertices":[-71.49,-82.91,-57.38,-84.84,-44.04,-89.05,-45.07,-81.5,-46.1,-73.95,-47.13,-66.4,-48.17,-58.85,-48.74,-48.2,-41.16,-47.04,-31.37,-46.95,-20.04,-52.32,-14.76,-56.69,-9.48,-61.07,-5.02,-54.59,-0.56,-48.11,4.35,-43.5,9.63,-41.51,19.91,-47.84,30.18,-54.15,33.07,-59.34,35.66,-66.45,44.49,-63.7,53.33,-60.98,62.16,-59.34,76.36,-60.3,77.57,-60.78,77.57,-71.05,73.46,-79.12,69.36,-87.19,63.26,-94.33,57.17,-101.48,51.45,-108.25,45.74,-115.02,56.63,-119.51,63.83,-127.19,68.15,-132.75,59.85,-134.05,51.55,-135.35,39.64,-135.73,26.2,-138.99,13.82,-143.12,1.82,-144.66,-8.45,-146.38,-19.39,-147.52,-25.61,-144.58,-30.89,-141.22,-35.2,-133.73,-37.6,-127.96,-42.41,-121.15,-47.49,-113.18,-54.79,-107.71,-65.73,-100.61,-75.72,-95.23,-79.85,-91.39,-82.43,-87.16,-82.43,-83.61,23.47,-92.23,-31.39,-61.14,-10.76,-126.89,-23.64,-88.11,-20.68,-104.38,-4.25,-78.89,16.86,-122.33,52.76,-79.89,1.43,-102.81,24.6,-76.23,15.57,-63.49,28.94,-106.78,42.72,-90.63,-26.76,-117.87,-1.8,-113.53,-42.73,-100.51,-22.95,-72.66,4.34,-87.69,7.68,-131.58,37.91,-124.81,61.61,-68.18,0.69,-70.44,-8.54,-92.38,11.39,-111.39,41.58,-102.4,13.94,-100.19,28.17,-116.08,-27.93,-94.91,35.87,-81.09,-36.31,-81.05,-15.1,-139.57,26.08,-128.26,10.58,-50.46,14.12,-81.1,-15.19,-112.85,-32.54,-111.66,-19.13,-82.61,1.35,-119.78,-26.04,-131.2,49.22,-126.27,-56.7,-96.32,57.05,-90.71,-8.48,-136.71,-16.63,-63.52,18.12,-71.54,42.5,-72.6,-12.11,-103.47,28.15,-84.25,21.86,-55.06,66.92,-77.07,-33.42,-69.78,29.83,-96.07],"type":"mesh","transform":{},"weights":[1,15,1,2,15,0.98534,14,0.01466,2,15,0.56304,14,0.43696,2,15,0.14309,14,0.85691,2,15,0.02862,14,0.97138,2,15,0.0017,14,0.9983,1,14,1,1,14,1,2,14,0.99937,11,0.00063,2,14,0.97892,11,0.02108,2,14,0.85814,11,0.14186,2,14,0.7116,11,0.2884,2,14,0.39032,11,0.60968,2,14,0.10051,11,0.89949,2,14,0.0191,11,0.9809,2,14,0.00178,11,0.99822,1,11,1,2,11,0.96675,12,0.03325,2,11,0.8301,12,0.1699,2,11,0.72454,12,0.27546,2,11,0.42658,12,0.57342,2,11,0.11599,12,0.88401,2,11,0.02523,12,0.97477,2,11,0.00226,12,0.99774,1,12,1,1,12,1,1,12,1,1,12,1,2,12,0.99985,10,0.00015,2,12,0.99065,10,0.00935,2,12,0.93867,10,0.06133,2,12,0.79163,10,0.20837,2,12,0.37117,10,0.62883,2,12,0.01858,10,0.98142,1,10,1,1,10,1,1,10,1,1,10,1,1,10,1,2,15,0.00004,10,0.99996,4,15,0.03131,14,0.00021,12,0.01991,10,0.94857,4,15,0.16656,14,0.01373,12,0.17265,10,0.64706,4,15,0.35994,14,0.0244,12,0.23331,10,0.38236,4,15,0.54853,14,0.01409,12,0.20618,10,0.23121,4,15,0.64331,14,0.00703,12,0.17713,10,0.17252,4,15,0.72499,14,0.00151,12,0.14592,10,0.12758,3,15,0.8317,12,0.09494,10,0.07336,3,15,0.91297,12,0.05085,10,0.03618,3,15,0.98215,12,0.01085,10,0.007,3,15,0.99984,12,0.00012,10,0.00004,1,15,1,1,15,1,1,15,1,1,15,1,1,15,1,1,15,1,2,11,0.26324,12,0.73676,2,14,0.97038,11,0.02962,5,15,0.3093,14,0.18762,11,0.03807,12,0.3015,10,0.16351,2,14,0.96377,11,0.03623,2,15,0.02391,14,0.97609,2,14,0.24981,11,0.75019,2,12,0.32115,10,0.67885,2,11,0.00345,12,0.99655,2,14,0.04908,11,0.95092,2,11,0.58509,12,0.41491,2,11,0.94272,12,0.05728,2,12,0.87428,10,0.12572,2,12,0.99714,10,0.00286,3,15,0.97277,12,0.01738,10,0.00986,4,15,0.00284,14,0.16547,11,0.74151,12,0.09018,2,15,0.90553,14,0.09447,2,14,0.85869,11,0.14131,2,14,0.01383,11,0.98617,4,15,0.037,14,0.00568,12,0.13399,10,0.82332,2,12,0.0562,10,0.9438,2,11,0.00237,12,0.99763,2,14,0.10251,11,0.89749,2,14,0.46535,11,0.53465,2,11,0.03506,12,0.96494,2,12,0.87122,10,0.12878,2,11,0.44206,12,0.55794,2,12,0.50022,10,0.49978,2,15,0.11857,14,0.88143,2,11,0.17415,12,0.82585,2,15,0.07234,14,0.92766,4,15,0.48386,14,0.03403,12,0.22618,10,0.25593,1,10,1,2,11,0.999,12,0.001,2,11,0.84668,12,0.15332,5,15,0.01606,14,0.90495,11,0.05641,12,0.0198,10,0.00278,3,15,0.99929,12,0.00044,10,0.00027,2,14,0.81225,11,0.18775,5,15,0.01548,14,0.03875,11,0.0609,12,0.83131,10,0.05356,4,15,0.76266,14,0.01936,12,0.12388,10,0.09409,2,12,0.00944,10,0.99056,2,15,0.99663,14,0.00337,2,12,0.9914,10,0.0086,5,15,0.3276,14,0.05293,11,0.00076,12,0.27168,10,0.34704,2,14,0.68112,11,0.31888,2,11,0.83612,12,0.16388,2,11,0.14672,12,0.85328,2,14,0.72324,11,0.27676,2,11,0.30806,12,0.69194,2,11,0.91439,12,0.08561,1,12,1,2,14,0.99745,11,0.00255,2,11,0.02617,12,0.97383],"width":160,"height":106,"name":"Tail"}],"name":"Tail"},{"display":[{"path":"back hair","type":"image","name":"back hair","transform":{"y":1.27,"skX":117.09,"skY":117.09,"x":7.14}}],"name":"back hair"}],"name":""}],"aabb":{"width":377.01455847708075,"y":-317.53165147826087,"height":316.0216514782609,"x":-224.8649734456522},"defaultActions":[{"gotoAndPlay":"Attack"}],"name":"Harpy","animation":[{"frame":[],"bone":[{"frame":[{"duration":10,"transform":{},"curve":[0.25,0,0.75,1]},{"duration":5,"transform":{"y":-39.44,"x":45.36},"curve":[0,0,1,1]},{"duration":5,"transform":{"y":30.46,"x":-14.63},"curve":[0,0,1,1]},{"tweenEasing":null,"duration":0,"transform":{}}],"name":"mid"},{"frame":[{"duration":10,"transform":{},"curve":[0,0,1,1]},{"duration":5,"transform":{"skX":26.32,"skY":26.32},"curve":[0,0,1,1]},{"duration":5,"transform":{"skX":-15.77,"skY":-15.77},"curve":[0,0,1,1]},{"tweenEasing":null,"duration":0,"transform":{}}],"name":"left leg"},{"frame":[{"duration":15,"transform":{},"curve":[0,0,1,1]},{"duration":5,"transform":{"skX":16.65,"skY":16.65},"curve":[0,0,1,1]},{"tweenEasing":null,"duration":0,"transform":{}}],"name":"right leg"},{"frame":[{"duration":20,"transform":{},"tweenEasing":null},{"tweenEasing":null,"duration":0,"transform":{}}],"name":"bone9"},{"frame":[{"duration":20,"transform":{},"tweenEasing":null},{"tweenEasing":null,"duration":0,"transform":{}}],"name":"bone10"},{"frame":[{"duration":20,"transform":{},"tweenEasing":null},{"tweenEasing":null,"duration":0,"transform":{}}],"name":"bone12"},{"frame":[{"duration":20,"transform":{},"tweenEasing":null},{"tweenEasing":null,"duration":0,"transform":{}}],"name":"bone16"},{"frame":[{"duration":20,"transform":{},"tweenEasing":null},{"tweenEasing":null,"duration":0,"transform":{}}],"name":"bone15"},{"frame":[{"duration":20,"transform":{},"tweenEasing":null},{"tweenEasing":null,"duration":0,"transform":{}}],"name":"bone14"},{"frame":[{"duration":20,"transform":{},"tweenEasing":null},{"tweenEasing":null,"duration":0,"transform":{}}],"name":"bone13"},{"frame":[{"duration":3,"transform":{"skX":20.4,"skY":20.4},"curve":[0,0,1,1]},{"duration":3,"transform":{"skX":-6.16,"skY":-6.16},"curve":[0,0,1,1]},{"duration":4,"transform":{"skX":15.72,"skY":15.72},"curve":[0,0,1,1]},{"duration":5,"transform":{"skX":-6.16,"skY":-6.16},"curve":[0,0,1,1]},{"duration":5,"transform":{"y":-1.83,"skX":-20.57,"skY":-20.57,"x":-0.94},"curve":[0,0,1,1]},{"tweenEasing":null,"duration":0,"transform":{"skX":20.4,"skY":20.4}}],"name":"right Wing"},{"frame":[{"duration":3,"transform":{},"curve":[0,0,1,1]},{"duration":3,"transform":{"skX":18,"skY":18},"curve":[0,0,1,1]},{"duration":4,"transform":{"skX":-12,"skY":-12},"curve":[0,0,1,1]},{"duration":5,"transform":{"skX":18,"skY":18},"curve":[0,0,1,1]},{"duration":5,"transform":{"y":-6.16,"skX":48,"skY":48,"x":12.05},"curve":[0,0,1,1]},{"tweenEasing":null,"duration":0,"transform":{}}],"name":"Left Wing"},{"frame":[{"duration":20,"transform":{},"tweenEasing":null},{"tweenEasing":null,"duration":0,"transform":{}}],"name":"shadow"},{"frame":[{"duration":10,"transform":{},"curve":[0,0,1,1]},{"duration":5,"transform":{"skX":22.64,"skY":22.64},"curve":[0,0,1,1]},{"duration":5,"transform":{"skX":-10.81,"skY":-10.81},"curve":[0,0,1,1]},{"tweenEasing":null,"duration":0,"transform":{}}],"name":"tail"},{"frame":[{"duration":20,"transform":{},"tweenEasing":null}],"name":"root"},{"frame":[{"duration":20,"transform":{},"tweenEasing":null}],"name":"chest main"},{"frame":[{"duration":20,"transform":{},"tweenEasing":null}],"name":"bone"},{"frame":[{"duration":20,"transform":{},"tweenEasing":null}],"name":"bone4"},{"frame":[{"duration":20,"transform":{},"tweenEasing":null}],"name":"bone2"},{"frame":[{"duration":20,"transform":{},"tweenEasing":null}],"name":"bone8"},{"frame":[{"duration":20,"transform":{},"tweenEasing":null}],"name":"bone6"},{"frame":[{"duration":20,"transform":{},"tweenEasing":null}],"name":"bone11"},{"frame":[{"duration":20,"transform":{},"tweenEasing":null}],"name":"bone7"},{"frame":[{"duration":20,"transform":{},"tweenEasing":null}],"name":"bone3"},{"frame":[{"duration":20,"transform":{},"tweenEasing":null}],"name":"bone5"},{"frame":[{"duration":20,"transform":{},"tweenEasing":null}],"name":"bone20"},{"frame":[{"duration":20,"transform":{},"tweenEasing":null}],"name":"bone17"},{"frame":[{"duration":20,"transform":{},"tweenEasing":null}],"name":"bone18"},{"frame":[{"duration":20,"transform":{},"tweenEasing":null}],"name":"bone19"},{"frame":[{"duration":20,"transform":{},"tweenEasing":null}],"name":"bone22"},{"frame":[{"duration":20,"transform":{},"tweenEasing":null}],"name":"bone21"},{"frame":[{"duration":20,"transform":{},"tweenEasing":null}],"name":"head"},{"frame":[{"duration":20,"transform":{},"tweenEasing":null}],"name":"back thing"},{"frame":[{"duration":20,"transform":{},"tweenEasing":null}],"name":"horn"}],"ffd":[{"frame":[{"offset":0,"duration":15,"vertices":[4.49,-5.88,4.03,-2.45,0,0,0,0,0,0,0,0,0,0,0,0,0,0,0,0,0,0,0,0,0,0,0,0,0,0,0,0,0,0,0,0,0,0,0,0,0,0,0,0,0,0,0,0,0,0,0,0,0,0,0,0,0,0,0,0,0,0,0,0,0,0,0,0,0,0,0,0,0,0,0,0,0,0,0,0,0,0,0,0,0,0,0,0,0,0,0,0,0,0,0,0,0,0,0,0,0,0,0,0,0,0,0,0,0,0,0,0,0,0,0,0,0,0,0,0,0,0,0,0,0,0,0,0,0,0,0,0,0,0,0,0,0,0,0.46,-3.43,0,0,0,0,0,0,0,0,0,0,0,0,0,0,0,0,0,0,0,0,0,0,0,0,0,0,0,0,0,0,0,0,0,0,0,0,0,0,0,0,0,0,0,0,0,0,0,0],"curve":[0,0,1,1]},{"offset":0,"duration":5,"vertices":[9.3,-6.76,6.95,-4.26,2.21,0.38,0,0,0,0,0,0,0,0,0,0,0,0,0,0,0,0,0,0,0,0,0,0,0,0,0,0,0,0,0,0,0,0,0,0,0,0,0,0,0,0,0,0,0,0,0,0,0,0,0,0,0,0,0,0,0,0,0,0,0,0,0,0,0,0,0,0,0,0,0,0,0,0,0,0,0,0,0,0,0,0,0,0,0,0,0,0,0,0,0,0,0,0,0,0,0,0,0,0,0,0,0,0,0,0,0,0,0,0,0,0,0,0,0,0,0,0,0,0,0,0,0,0,0,0,0,0,0,0,0,0,0,0,-1.88,-4.08,0,0,0,0,0,0,0,0,0,0,0,0,0,0,0,0,0,0,0,0,0,0,0,0,0,0,0,0,0,0,0,0,0,0,0,0,0,0,0,0,0,0,0,0,0,0,0,0],"curve":[0,0,1,1]},{"tweenEasing":null,"offset":0,"duration":0,"vertices":[4.49,-5.88,4.03,-2.45,0,0,0,0,0,0,0,0,0,0,0,0,0,0,0,0,0,0,0,0,0,0,0,0,0,0,0,0,0,0,0,0,0,0,0,0,0,0,0,0,0,0,0,0,0,0,0,0,0,0,0,0,0,0,0,0,0,0,0,0,0,0,0,0,0,0,0,0,0,0,0,0,0,0,0,0,0,0,0,0,0,0,0,0,0,0,0,0,0,0,0,0,0,0,0,0,0,0,0,0,0,0,0,0,0,0,0,0,0,0,0,0,0,0,0,0,0,0,0,0,0,0,0,0,0,0,0,0,0,0,0,0,0,0,0.46,-3.43,0,0,0,0,0,0,0,0,0,0,0,0,0,0,0,0,0,0,0,0,0,0,0,0,0,0,0,0,0,0,0,0,0,0,0,0,0,0,0,0,0,0,0,0,0,0,0,0],"curve":[0,0,1,1]}],"scale":1,"skin":"","offset":0,"slot":"Right Wing","name":"Right Wing"}],"slot":[],"name":"Attack","duration":20},{"frame":[],"bone":[{"frame":[{"duration":5,"transform":{},"curve":[0.25,0,0.75,1]},{"duration":15,"transform":{"y":15.47,"x":20.46},"curve":[0,0,1,1]},{"tweenEasing":null,"duration":0,"transform":{}}],"name":"mid"},{"frame":[{"duration":5,"transform":{},"curve":[0,0,1,1]},{"duration":15,"transform":{"skX":15.35,"skY":15.35},"curve":[0,0,1,1]},{"tweenEasing":null,"duration":0,"transform":{}}],"name":"left leg"},{"frame":[{"duration":5,"transform":{},"curve":[0,0,1,1]},{"duration":15,"transform":{"skX":18.79,"skY":18.79},"curve":[0,0,1,1]},{"tweenEasing":null,"duration":0,"transform":{}}],"name":"right leg"},{"frame":[{"duration":20,"transform":{},"tweenEasing":null},{"tweenEasing":null,"duration":0,"transform":{}}],"name":"bone9"},{"frame":[{"duration":20,"transform":{},"tweenEasing":null},{"tweenEasing":null,"duration":0,"transform":{}}],"name":"bone10"},{"frame":[{"duration":20,"transform":{},"tweenEasing":null},{"tweenEasing":null,"duration":0,"transform":{}}],"name":"bone12"},{"frame":[{"duration":5,"transform":{},"curve":[0,0,1,1]},{"duration":15,"transform":{"skX":-9.77,"skY":-9.77},"curve":[0,0,1,1]},{"tweenEasing":null,"duration":0,"transform":{}}],"name":"bone16"},{"frame":[{"duration":5,"transform":{},"curve":[0,0,1,1]},{"duration":15,"transform":{"skX":-16.65,"skY":-16.65},"curve":[0,0,1,1]},{"tweenEasing":null,"duration":0,"transform":{}}],"name":"bone15"},{"frame":[{"duration":5,"transform":{},"curve":[0,0,1,1]},{"duration":15,"transform":{"skX":-9.7,"skY":-9.7},"curve":[0,0,1,1]},{"tweenEasing":null,"duration":0,"transform":{}}],"name":"bone14"},{"frame":[{"duration":5,"transform":{},"curve":[0,0,1,1]},{"duration":15,"transform":{"skX":7.99,"skY":7.99},"curve":[0,0,1,1]},{"tweenEasing":null,"duration":0,"transform":{}}],"name":"bone13"},{"frame":[{"duration":5,"transform":{"skX":20.4,"skY":20.4},"curve":[0,0,1,1]},{"duration":15,"transform":{"skX":-8.19,"skY":-8.19},"curve":[0,0,1,1]},{"tweenEasing":null,"duration":0,"transform":{"skX":20.4,"skY":20.4}}],"name":"right Wing"},{"frame":[{"duration":5,"transform":{},"curve":[0,0,1,1]},{"duration":15,"transform":{"y":-8.63,"skX":38.19,"skY":38.19,"x":16.88},"curve":[0,0,1,1]},{"tweenEasing":null,"duration":0,"transform":{}}],"name":"Left Wing"},{"frame":[{"duration":5,"transform":{},"curve":[0,0,1,1]},{"duration":15,"transform":{"scX":1.24},"curve":[0,0,1,1]},{"tweenEasing":null,"duration":0,"transform":{}}],"name":"shadow"},{"frame":[{"duration":5,"transform":{},"curve":[0,0,1,1]},{"duration":15,"transform":{"skX":14.2,"skY":14.2},"curve":[0,0,1,1]},{"tweenEasing":null,"duration":0,"transform":{}}],"name":"tail"},{"frame":[{"duration":20,"transform":{},"tweenEasing":null},{"tweenEasing":null,"duration":0,"transform":{}}],"name":"root"},{"frame":[{"duration":20,"transform":{},"tweenEasing":null},{"tweenEasing":null,"duration":0,"transform":{}}],"name":"chest main"},{"frame":[{"duration":20,"transform":{},"tweenEasing":null},{"tweenEasing":null,"duration":0,"transform":{}}],"name":"bone"},{"frame":[{"duration":20,"transform":{},"tweenEasing":null},{"tweenEasing":null,"duration":0,"transform":{}}],"name":"bone2"},{"frame":[{"duration":20,"transform":{},"tweenEasing":null},{"tweenEasing":null,"duration":0,"transform":{}}],"name":"bone3"},{"frame":[{"duration":5,"transform":{},"curve":[0,0,1,1]},{"duration":15,"transform":{"skX":15.68,"skY":15.68},"curve":[0,0,1,1]},{"tweenEasing":null,"duration":0,"transform":{}}],"name":"head"},{"frame":[{"duration":20,"transform":{},"tweenEasing":null},{"tweenEasing":null,"duration":0,"transform":{}}],"name":"bone4"},{"frame":[{"duration":20,"transform":{},"tweenEasing":null},{"tweenEasing":null,"duration":0,"transform":{}}],"name":"bone5"},{"frame":[{"duration":20,"transform":{},"tweenEasing":null},{"tweenEasing":null,"duration":0,"transform":{}}],"name":"bone6"},{"frame":[{"duration":20,"transform":{},"tweenEasing":null},{"tweenEasing":null,"duration":0,"transform":{}}],"name":"bone7"},{"frame":[{"duration":20,"transform":{},"tweenEasing":null},{"tweenEasing":null,"duration":0,"transform":{}}],"name":"bone8"},{"frame":[{"duration":20,"transform":{},"tweenEasing":null},{"tweenEasing":null,"duration":0,"transform":{}}],"name":"bone11"},{"frame":[{"duration":20,"transform":{},"tweenEasing":null},{"tweenEasing":null,"duration":0,"transform":{}}],"name":"bone17"},{"frame":[{"duration":20,"transform":{},"tweenEasing":null},{"tweenEasing":null,"duration":0,"transform":{}}],"name":"bone18"},{"frame":[{"duration":20,"transform":{},"tweenEasing":null},{"tweenEasing":null,"duration":0,"transform":{}}],"name":"bone19"},{"frame":[{"duration":20,"transform":{},"tweenEasing":null},{"tweenEasing":null,"duration":0,"transform":{}}],"name":"bone20"},{"frame":[{"duration":20,"transform":{},"tweenEasing":null},{"tweenEasing":null,"duration":0,"transform":{}}],"name":"bone21"},{"frame":[{"duration":20,"transform":{},"tweenEasing":null},{"tweenEasing":null,"duration":0,"transform":{}}],"name":"bone22"},{"frame":[{"duration":20,"transform":{},"tweenEasing":null},{"tweenEasing":null,"duration":0,"transform":{}}],"name":"horn"},{"frame":[{"duration":20,"transform":{},"tweenEasing":null},{"tweenEasing":null,"duration":0,"transform":{}}],"name":"back thing"}],"ffd":[{"frame":[{"offset":0,"duration":20,"vertices":[4.49,-5.88,4.03,-2.45,0,0,0,0,0,0,0,0,0,0,0,0,0,0,0,0,0,0,0,0,0,0,0,0,0,0,0,0,0,0,0,0,0,0,0,0,0,0,0,0,0,0,0,0,0,0,0,0,0,0,0,0,0,0,0,0,0,0,0,0,0,0,0,0,0,0,0,0,0,0,0,0,0,0,0,0,0,0,0,0,0,0,0,0,0,0,0,0,0,0,0,0,0,0,0,0,0,0,0,0,0,0,0,0,0,0,0,0,0,0,0,0,0,0,0,0,0,0,0,0,0,0,0,0,0,0,0,0,0,0,0,0,0,0,0.46,-3.43,0,0,0,0,0,0,0,0,0,0,0,0,0,0,0,0,0,0,0,0,0,0,0,0,0,0,0,0,0,0,0,0,0,0,0,0,0,0,0,0,0,0,0,0,0,0,0,0],"tweenEasing":null},{"tweenEasing":null,"offset":0,"duration":0,"vertices":[4.49,-5.88,4.03,-2.45,0,0,0,0,0,0,0,0,0,0,0,0,0,0,0,0,0,0,0,0,0,0,0,0,0,0,0,0,0,0,0,0,0,0,0,0,0,0,0,0,0,0,0,0,0,0,0,0,0,0,0,0,0,0,0,0,0,0,0,0,0,0,0,0,0,0,0,0,0,0,0,0,0,0,0,0,0,0,0,0,0,0,0,0,0,0,0,0,0,0,0,0,0,0,0,0,0,0,0,0,0,0,0,0,0,0,0,0,0,0,0,0,0,0,0,0,0,0,0,0,0,0,0,0,0,0,0,0,0,0,0,0,0,0,0.46,-3.43,0,0,0,0,0,0,0,0,0,0,0,0,0,0,0,0,0,0,0,0,0,0,0,0,0,0,0,0,0,0,0,0,0,0,0,0,0,0,0,0,0,0,0,0,0,0,0,0],"curve":[0,0,1,1]}],"scale":1,"skin":"","offset":0,"slot":"Right Wing","name":"Right Wing"}],"slot":[],"name":"Damage","duration":20},{"frame":[],"bone":[{"frame":[{"duration":30,"transform":{},"curve":[0.25,0,0.75,1]},{"duration":30,"transform":{"y":-10.01},"curve":[0.25,0,0.13,1]},{"tweenEasing":null,"duration":0,"transform":{}}],"name":"mid"},{"frame":[{"duration":30,"transform":{},"curve":[0,0,1,1]},{"duration":30,"transform":{"skX":7.73,"skY":7.73},"curve":[0,0,1,1]},{"tweenEasing":null,"duration":0,"transform":{}}],"name":"left leg"},{"frame":[{"duration":30,"transform":{},"curve":[0,0,1,1]},{"duration":30,"transform":{"skX":5.44,"skY":5.44},"curve":[0,0,1,1]},{"tweenEasing":null,"duration":0,"transform":{}}],"name":"right leg"},{"frame":[{"duration":30,"transform":{},"curve":[0,0,1,1]},{"duration":30,"transform":{"skX":18.45,"skY":18.45},"curve":[0,0,1,1]},{"tweenEasing":null,"duration":0,"transform":{}}],"name":"bone9"},{"frame":[{"duration":30,"transform":{},"curve":[0,0,1,1]},{"duration":30,"transform":{"skX":16.2,"skY":16.2},"curve":[0,0,1,1]},{"tweenEasing":null,"duration":0,"transform":{}}],"name":"bone10"},{"frame":[{"duration":30,"transform":{},"curve":[0,0,1,1]},{"duration":30,"transform":{"skX":6.99,"skY":6.99},"curve":[0,0,1,1]},{"tweenEasing":null,"duration":0,"transform":{}}],"name":"bone12"},{"frame":[{"duration":30,"transform":{},"curve":[0,0,1,1]},{"duration":30,"transform":{"skX":-14.94,"skY":-14.94},"curve":[0,0,1,1]},{"tweenEasing":null,"duration":0,"transform":{}}],"name":"bone16"},{"frame":[{"duration":30,"transform":{},"curve":[0,0,1,1]},{"duration":30,"transform":{"skX":-9.79,"skY":-9.79},"curve":[0,0,1,1]},{"tweenEasing":null,"duration":0,"transform":{}}],"name":"bone15"},{"frame":[{"duration":30,"transform":{},"curve":[0,0,1,1]},{"duration":30,"transform":{"skX":-7.42,"skY":-7.42},"curve":[0,0,1,1]},{"tweenEasing":null,"duration":0,"transform":{}}],"name":"bone14"},{"frame":[{"duration":30,"transform":{},"curve":[0,0,1,1]},{"duration":30,"transform":{"skX":6.05,"skY":6.05},"curve":[0,0,1,1]},{"tweenEasing":null,"duration":0,"transform":{}}],"name":"bone13"},{"frame":[{"duration":10,"transform":{"skX":20.4,"skY":20.4},"curve":[0,0,1,1]},{"duration":10,"transform":{"y":-1.04,"skX":-17.61,"skY":-17.61,"x":2.56},"curve":[0,0,1,1]},{"duration":10,"transform":{"y":-1.04,"skX":12.31,"skY":12.31,"x":2.56},"curve":[0,0,1,1]},{"duration":10,"transform":{"y":-1.04,"skX":-17.61,"skY":-17.61,"x":2.56},"curve":[0.25,0,0.75,1]},{"duration":10,"transform":{"y":-1.04,"skX":12.31,"skY":12.31,"x":2.56},"curve":[0,0,1,1]},{"duration":10,"transform":{"y":-1.04,"skX":-17.61,"skY":-17.61,"x":2.56},"curve":[0.0665,0.11,0.6205,1]},{"tweenEasing":null,"duration":0,"transform":{"skX":20.4,"skY":20.4}}],"name":"right Wing"},{"frame":[{"duration":10,"transform":{},"curve":[0,0,1,1]},{"duration":10,"transform":{"y":-5.48,"skX":32.4,"skY":32.4,"x":10.72},"curve":[0,0,1,1]},{"duration":10,"transform":{},"curve":[0,0,1,1]},{"duration":10,"transform":{"y":-5.48,"skX":32.4,"skY":32.4,"x":10.72},"curve":[0,0,1,1]},{"duration":10,"transform":{},"curve":[0,0,1,1]},{"duration":10,"transform":{"y":-5.48,"skX":32.4,"skY":32.4,"x":10.72},"curve":[0.125,0,0.555,0.99]},{"tweenEasing":null,"duration":0,"transform":{}}],"name":"Left Wing"},{"frame":[{"duration":30,"transform":{},"curve":[0,0,1,1]},{"duration":30,"transform":{"scX":1.24},"curve":[0,0,1,1]},{"tweenEasing":null,"duration":0,"transform":{}}],"name":"shadow"},{"frame":[{"duration":60,"transform":{},"tweenEasing":null}],"name":"root"},{"frame":[{"duration":60,"transform":{},"tweenEasing":null}],"name":"chest main"},{"frame":[{"duration":60,"transform":{},"tweenEasing":null}],"name":"bone"},{"frame":[{"duration":60,"transform":{},"tweenEasing":null}],"name":"tail"},{"frame":[{"duration":60,"transform":{},"tweenEasing":null}],"name":"bone4"},{"frame":[{"duration":60,"transform":{},"tweenEasing":null}],"name":"bone2"},{"frame":[{"duration":60,"transform":{},"tweenEasing":null}],"name":"bone8"},{"frame":[{"duration":60,"transform":{},"tweenEasing":null}],"name":"bone6"},{"frame":[{"duration":60,"transform":{},"tweenEasing":null}],"name":"bone11"},{"frame":[{"duration":60,"transform":{},"tweenEasing":null}],"name":"bone7"},{"frame":[{"duration":60,"transform":{},"tweenEasing":null}],"name":"bone3"},{"frame":[{"duration":60,"transform":{},"tweenEasing":null}],"name":"bone5"},{"frame":[{"duration":60,"transform":{},"tweenEasing":null}],"name":"bone20"},{"frame":[{"duration":60,"transform":{},"tweenEasing":null}],"name":"bone17"},{"frame":[{"duration":60,"transform":{},"tweenEasing":null}],"name":"bone18"},{"frame":[{"duration":60,"transform":{},"tweenEasing":null}],"name":"bone19"},{"frame":[{"duration":60,"transform":{},"tweenEasing":null}],"name":"bone22"},{"frame":[{"duration":60,"transform":{},"tweenEasing":null}],"name":"bone21"},{"frame":[{"duration":60,"transform":{},"tweenEasing":null}],"name":"head"},{"frame":[{"duration":60,"transform":{},"tweenEasing":null}],"name":"back thing"},{"frame":[{"duration":60,"transform":{},"tweenEasing":null}],"name":"horn"}],"ffd":[{"frame":[{"offset":0,"duration":10,"vertices":[4.49,-5.88,4.03,-2.45,0,0,0,0,0,0,0,0,0,0,0,0,0,0,0,0,0,0,0,0,0,0,0,0,0,0,0,0,0,0,0,0,0,0,0,0,0,0,0,0,0,0,0,0,0,0,0,0,0,0,0,0,0,0,0,0,0,0,0,0,0,0,0,0,0,0,0,0,0,0,0,0,0,0,0,0,0,0,0,0,0,0,0,0,0,0,0,0,0,0,0,0,0,0,0,0,0,0,0,0,0,0,0,0,0,0,0,0,0,0,0,0,0,0,0,0,0,0,0,0,0,0,0,0,0,0,0,0,0,0,0,0,0,0,0.46,-3.43,0,0,0,0,0,0,0,0,0,0,0,0,0,0,0,0,0,0,0,0,0,0,0,0,0,0,0,0,0,0,0,0,0,0,0,0,0,0,0,0,0,0,0,0,0,0,0,0],"curve":[0,0,1,1]},{"offset":0,"duration":10,"vertices":[2.85,-6.58,1.83,-2.82,0,0,0,0,0,0,0,0,0,0,0,0,0,0,0,0,0,0,0,0,0,0,0,0,0,0,0,0,0,0,0,0,0,0,0,0,0,0,0,0,0,0,0,0,0,0,0,0,0,0,0,0,0,0,0,0,0,0,0,0,0,0,0,0,0,0,0,0,0,0,0,0,0,0,0,0,0,0,0,0,0,0,0,0,0,0,0,0,0,0,0,0,0,0,0,0,0,0,0,0,0,0,0,0,0,0,0,0,0,0,0,0,0,0,0,0,0,0,0,0,0,0,0,0,0,0,0,0,0,0,0,0,0,0,1.02,-3.76,0,0,0,0,0,0,0,0,0,0,0,0,0,0,0,0,0,0,0,0,0,0,0,0,0,0,0,0,0,0,0,0,0,0,0,0,0,0,0,0,0,0,0,0,0,0,0,0],"curve":[0,0,1,1]},{"offset":0,"duration":10,"vertices":[4.49,-5.88,4.03,-2.45,0,0,0,0,0,0,0,0,0,0,0,0,0,0,0,0,0,0,0,0,0,0,0,0,0,0,0,0,0,0,0,0,0,0,0,0,0,0,0,0,0,0,0,0,0,0,0,0,0,0,0,0,0,0,0,0,0,0,0,0,0,0,0,0,0,0,0,0,0,0,0,0,0,0,0,0,0,0,0,0,0,0,0,0,0,0,0,0,0,0,0,0,0,0,0,0,0,0,0,0,0,0,0,0,0,0,0,0,0,0,0,0,0,0,0,0,0,0,0,0,0,0,0,0,0,0,0,0,0,0,0,0,0,0,0.46,-3.43,0,0,0,0,0,0,0,0,0,0,0,0,0,0,0,0,0,0,0,0,0,0,0,0,0,0,0,0,0,0,0,0,0,0,0,0,0,0,0,0,0,0,0,0,0,0,0,0],"curve":[0,0,1,1]},{"offset":0,"duration":10,"vertices":[2.85,-6.58,1.83,-2.82,0,0,0,0,0,0,0,0,0,0,0,0,0,0,0,0,0,0,0,0,0,0,0,0,0,0,0,0,0,0,0,0,0,0,0,0,0,0,0,0,0,0,0,0,0,0,0,0,0,0,0,0,0,0,0,0,0,0,0,0,0,0,0,0,0,0,0,0,0,0,0,0,0,0,0,0,0,0,0,0,0,0,0,0,0,0,0,0,0,0,0,0,0,0,0,0,0,0,0,0,0,0,0,0,0,0,0,0,0,0,0,0,0,0,0,0,0,0,0,0,0,0,0,0,0,0,0,0,0,0,0,0,0,0,1.02,-3.76,0,0,0,0,0,0,0,0,0,0,0,0,0,0,0,0,0,0,0,0,0,0,0,0,0,0,0,0,0,0,0,0,0,0,0,0,0,0,0,0,0,0,0,0,0,0,0,0],"curve":[0,0,1,1]},{"offset":0,"duration":10,"vertices":[4.49,-5.88,4.03,-2.45,0,0,0,0,0,0,0,0,0,0,0,0,0,0,0,0,0,0,0,0,0,0,0,0,0,0,0,0,0,0,0,0,0,0,0,0,0,0,0,0,0,0,0,0,0,0,0,0,0,0,0,0,0,0,0,0,0,0,0,0,0,0,0,0,0,0,0,0,0,0,0,0,0,0,0,0,0,0,0,0,0,0,0,0,0,0,0,0,0,0,0,0,0,0,0,0,0,0,0,0,0,0,0,0,0,0,0,0,0,0,0,0,0,0,0,0,0,0,0,0,0,0,0,0,0,0,0,0,0,0,0,0,0,0,0.46,-3.43,0,0,0,0,0,0,0,0,0,0,0,0,0,0,0,0,0,0,0,0,0,0,0,0,0,0,0,0,0,0,0,0,0,0,0,0,0,0,0,0,0,0,0,0,0,0,0,0],"curve":[0,0,1,1]},{"offset":0,"duration":10,"vertices":[2.85,-6.58,1.83,-2.82,0,0,0,0,0,0,0,0,0,0,0,0,0,0,0,0,0,0,0,0,0,0,0,0,0,0,0,0,0,0,0,0,0,0,0,0,0,0,0,0,0,0,0,0,0,0,0,0,0,0,0,0,0,0,0,0,0,0,0,0,0,0,0,0,0,0,0,0,0,0,0,0,0,0,0,0,0,0,0,0,0,0,0,0,0,0,0,0,0,0,0,0,0,0,0,0,0,0,0,0,0,0,0,0,0,0,0,0,0,0,0,0,0,0,0,0,0,0,0,0,0,0,0,0,0,0,0,0,0,0,0,0,0,0,1.02,-3.76,0,0,0,0,0,0,0,0,0,0,0,0,0,0,0,0,0,0,0,0,0,0,0,0,0,0,0,0,0,0,0,0,0,0,0,0,0,0,0,0,0,0,0,0,0,0,0,0],"curve":[0,0,1,1]},{"tweenEasing":null,"offset":0,"duration":0,"vertices":[4.49,-5.88,4.03,-2.45,0,0,0,0,0,0,0,0,0,0,0,0,0,0,0,0,0,0,0,0,0,0,0,0,0,0,0,0,0,0,0,0,0,0,0,0,0,0,0,0,0,0,0,0,0,0,0,0,0,0,0,0,0,0,0,0,0,0,0,0,0,0,0,0,0,0,0,0,0,0,0,0,0,0,0,0,0,0,0,0,0,0,0,0,0,0,0,0,0,0,0,0,0,0,0,0,0,0,0,0,0,0,0,0,0,0,0,0,0,0,0,0,0,0,0,0,0,0,0,0,0,0,0,0,0,0,0,0,0,0,0,0,0,0,0.46,-3.43,0,0,0,0,0,0,0,0,0,0,0,0,0,0,0,0,0,0,0,0,0,0,0,0,0,0,0,0,0,0,0,0,0,0,0,0,0,0,0,0,0,0,0,0,0,0,0,0],"curve":[0,0,1,1]}],"scale":1,"skin":"","offset":0,"slot":"Right Wing","name":"Right Wing"}],"playTimes":0,"slot":[],"name":"Idle","duration":60},{"frame":[],"bone":[{"frame":[{"duration":60,"transform":{},"curve":[0.25,0,0.75,1]},{"duration":60,"transform":{"y":-10.01},"curve":[0.25,0,0.13,1]},{"tweenEasing":null,"duration":0,"transform":{}}],"name":"mid"},{"frame":[{"duration":60,"transform":{},"curve":[0,0,1,1]},{"duration":60,"transform":{"skX":7.73,"skY":7.73},"curve":[0,0,1,1]},{"tweenEasing":null,"duration":0,"transform":{}}],"name":"left leg"},{"frame":[{"duration":60,"transform":{},"curve":[0,0,1,1]},{"duration":60,"transform":{"skX":5.44,"skY":5.44},"curve":[0,0,1,1]},{"tweenEasing":null,"duration":0,"transform":{}}],"name":"right leg"},{"frame":[{"duration":60,"transform":{},"curve":[0,0,1,1]},{"duration":60,"transform":{"skX":18.45,"skY":18.45},"curve":[0,0,1,1]},{"tweenEasing":null,"duration":0,"transform":{}}],"name":"bone9"},{"frame":[{"duration":60,"transform":{},"curve":[0,0,1,1]},{"duration":60,"transform":{"skX":16.2,"skY":16.2},"curve":[0,0,1,1]},{"tweenEasing":null,"duration":0,"transform":{}}],"name":"bone10"},{"frame":[{"duration":60,"transform":{},"curve":[0,0,1,1]},{"duration":60,"transform":{"skX":6.99,"skY":6.99},"curve":[0,0,1,1]},{"tweenEasing":null,"duration":0,"transform":{}}],"name":"bone12"},{"frame":[{"duration":60,"transform":{},"curve":[0,0,1,1]},{"duration":60,"transform":{"skX":-14.94,"skY":-14.94},"curve":[0,0,1,1]},{"tweenEasing":null,"duration":0,"transform":{}}],"name":"bone16"},{"frame":[{"duration":60,"transform":{},"curve":[0,0,1,1]},{"duration":60,"transform":{"skX":-9.79,"skY":-9.79},"curve":[0,0,1,1]},{"tweenEasing":null,"duration":0,"transform":{}}],"name":"bone15"},{"frame":[{"duration":60,"transform":{},"curve":[0,0,1,1]},{"duration":60,"transform":{"skX":-7.42,"skY":-7.42},"curve":[0,0,1,1]},{"tweenEasing":null,"duration":0,"transform":{}}],"name":"bone14"},{"frame":[{"duration":60,"transform":{},"curve":[0,0,1,1]},{"duration":60,"transform":{"skX":6.05,"skY":6.05},"curve":[0,0,1,1]},{"tweenEasing":null,"duration":0,"transform":{}}],"name":"bone13"},{"frame":[{"duration":60,"transform":{"skX":20.4,"skY":20.4},"curve":[0,0,1,1]},{"duration":60,"transform":{"y":-1.04,"skX":-17.61,"skY":-17.61,"x":2.56},"curve":[0.125,0,0.875,1]},{"tweenEasing":null,"duration":0,"transform":{"skX":20.4,"skY":20.4}}],"name":"right Wing"},{"frame":[{"duration":60,"transform":{},"curve":[0,0,1,1]},{"duration":60,"transform":{"y":-5.48,"skX":32.4,"skY":32.4,"x":10.72},"curve":[0,0,1,1]},{"tweenEasing":null,"duration":0,"transform":{}}],"name":"Left Wing"},{"frame":[{"duration":60,"transform":{},"curve":[0,0,1,1]},{"duration":60,"transform":{"scX":1.24},"curve":[0,0,1,1]},{"tweenEasing":null,"duration":0,"transform":{}}],"name":"shadow"},{"frame":[{"tweenEasing":null,"duration":120,"transform":{"skX":-16.61,"skY":-16.61}}],"name":"head"},{"frame":[{"duration":120,"transform":{},"tweenEasing":null}],"name":"root"},{"frame":[{"duration":120,"transform":{},"tweenEasing":null}],"name":"chest main"},{"frame":[{"duration":120,"transform":{},"tweenEasing":null}],"name":"bone"},{"frame":[{"duration":120,"transform":{},"tweenEasing":null}],"name":"tail"},{"frame":[{"duration":120,"transform":{},"tweenEasing":null}],"name":"bone4"},{"frame":[{"duration":120,"transform":{},"tweenEasing":null}],"name":"bone2"},{"frame":[{"duration":120,"transform":{},"tweenEasing":null}],"name":"bone8"},{"frame":[{"duration":120,"transform":{},"tweenEasing":null}],"name":"bone6"},{"frame":[{"duration":120,"transform":{},"tweenEasing":null}],"name":"bone11"},{"frame":[{"duration":120,"transform":{},"tweenEasing":null}],"name":"bone7"},{"frame":[{"duration":120,"transform":{},"tweenEasing":null}],"name":"bone3"},{"frame":[{"duration":120,"transform":{},"tweenEasing":null}],"name":"bone5"},{"frame":[{"duration":120,"transform":{},"tweenEasing":null}],"name":"bone20"},{"frame":[{"duration":120,"transform":{},"tweenEasing":null}],"name":"bone17"},{"frame":[{"duration":120,"transform":{},"tweenEasing":null}],"name":"bone18"},{"frame":[{"duration":120,"transform":{},"tweenEasing":null}],"name":"bone19"},{"frame":[{"duration":120,"transform":{},"tweenEasing":null}],"name":"bone22"},{"frame":[{"duration":120,"transform":{},"tweenEasing":null}],"name":"bone21"},{"frame":[{"duration":120,"transform":{},"tweenEasing":null}],"name":"back thing"},{"frame":[{"duration":120,"transform":{},"tweenEasing":null}],"name":"horn"}],"ffd":[{"frame":[{"offset":0,"duration":60,"vertices":[4.49,-5.88,4.03,-2.45,0,0,0,0,0,0,0,0,0,0,0,0,0,0,0,0,0,0,0,0,0,0,0,0,0,0,0,0,0,0,0,0,0,0,0,0,0,0,0,0,0,0,0,0,0,0,0,0,0,0,0,0,0,0,0,0,0,0,0,0,0,0,0,0,0,0,0,0,0,0,0,0,0,0,0,0,0,0,0,0,0,0,0,0,0,0,0,0,0,0,0,0,0,0,0,0,0,0,0,0,0,0,0,0,0,0,0,0,0,0,0,0,0,0,0,0,0,0,0,0,0,0,0,0,0,0,0,0,0,0,0,0,0,0,0.46,-3.43,0,0,0,0,0,0,0,0,0,0,0,0,0,0,0,0,0,0,0,0,0,0,0,0,0,0,0,0,0,0,0,0,0,0,0,0,0,0,0,0,0,0,0,0,0,0,0,0],"curve":[0,0,1,1]},{"offset":0,"duration":60,"vertices":[2.85,-6.58,1.83,-2.82,0,0,0,0,0,0,0,0,0,0,0,0,0,0,0,0,0,0,0,0,0,0,0,0,0,0,0,0,0,0,0,0,0,0,0,0,0,0,0,0,0,0,0,0,0,0,0,0,0,0,0,0,0,0,0,0,0,0,0,0,0,0,0,0,0,0,0,0,0,0,0,0,0,0,0,0,0,0,0,0,0,0,0,0,0,0,0,0,0,0,0,0,0,0,0,0,0,0,0,0,0,0,0,0,0,0,0,0,0,0,0,0,0,0,0,0,0,0,0,0,0,0,0,0,0,0,0,0,0,0,0,0,0,0,1.02,-3.76,0,0,0,0,0,0,0,0,0,0,0,0,0,0,0,0,0,0,0,0,0,0,0,0,0,0,0,0,0,0,0,0,0,0,0,0,0,0,0,0,0,0,0,0,0,0,0,0],"curve":[0,0,1,1]},{"tweenEasing":null,"offset":0,"duration":0,"vertices":[4.49,-5.88,4.03,-2.45,0,0,0,0,0,0,0,0,0,0,0,0,0,0,0,0,0,0,0,0,0,0,0,0,0,0,0,0,0,0,0,0,0,0,0,0,0,0,0,0,0,0,0,0,0,0,0,0,0,0,0,0,0,0,0,0,0,0,0,0,0,0,0,0,0,0,0,0,0,0,0,0,0,0,0,0,0,0,0,0,0,0,0,0,0,0,0,0,0,0,0,0,0,0,0,0,0,0,0,0,0,0,0,0,0,0,0,0,0,0,0,0,0,0,0,0,0,0,0,0,0,0,0,0,0,0,0,0,0,0,0,0,0,0,0.46,-3.43,0,0,0,0,0,0,0,0,0,0,0,0,0,0,0,0,0,0,0,0,0,0,0,0,0,0,0,0,0,0,0,0,0,0,0,0,0,0,0,0,0,0,0,0,0,0,0,0],"curve":[0,0,1,1]}],"scale":1,"skin":"","offset":0,"slot":"Right Wing","name":"Right Wing"}],"playTimes":0,"slot":[],"name":"Idle Weak","duration":120}]}]}