{"width":256,"imagePath":"ClockworkPrototype_tex.png","height":512,"name":"ClockworkPrototype","SubTexture":[{"frameY":-1,"y":186,"frameWidth":198,"frameX":-1,"frameHeight":25,"width":196,"height":23,"name":"Shadow","x":1},{"width":146,"y":1,"height":105,"name":"HaloFlare","x":1},{"width":52,"y":108,"height":41,"name":"Halo","x":191},{"frameY":-1,"y":211,"frameWidth":43,"frameX":-1,"frameHeight":39,"width":41,"height":37,"name":"LarmGear","x":1},{"frameY":-1,"y":151,"frameWidth":38,"frameX":-1,"frameHeight":47,"width":36,"height":45,"name":"LarmTop","x":199},{"frameY":-1,"y":108,"frameWidth":136,"frameX":-1,"frameHeight":78,"width":134,"height":76,"name":"LarmBot","x":1},{"width":34,"y":250,"height":33,"name":"Lshoulder","x":1},{"frameY":-1,"y":60,"frameWidth":54,"frameX":-1,"frameHeight":42,"width":52,"height":40,"name":"Head","x":149},{"width":16,"y":1,"height":27,"name":"Spine","x":235},{"width":23,"y":211,"height":35,"name":"LlegGear","x":118},{"frameY":-1,"y":211,"frameWidth":23,"frameX":-1,"frameHeight":57,"width":21,"height":55,"name":"LlegBot","x":44},{"frameY":-1,"y":211,"frameWidth":23,"frameX":-1,"frameHeight":46,"width":21,"height":44,"name":"LlegTop","x":67},{"frameY":-1,"y":49,"frameWidth":51,"frameX":-1,"frameHeight":40,"width":49,"height":38,"name":"Pelvis","x":203},{"width":36,"y":198,"height":44,"name":"RlegGear","x":199},{"frameY":-1,"y":108,"frameWidth":54,"frameX":-1,"frameHeight":61,"width":52,"height":59,"name":"RlegTop","x":137},{"frameY":-1,"y":1,"frameWidth":39,"frameX":-1,"frameHeight":59,"width":37,"height":57,"name":"RlegBot","x":149},{"width":45,"y":1,"height":46,"name":"Rshoulder","x":188},{"width":22,"y":233,"height":19,"name":"Crest","x":170},{"frameY":-1,"y":211,"frameWidth":27,"frameX":-1,"frameHeight":31,"width":25,"height":29,"name":"RarmTop","x":143},{"frameY":-1,"y":211,"frameWidth":28,"frameX":-1,"frameHeight":37,"width":26,"height":35,"name":"RarmBot","x":90},{"width":22,"y":211,"height":20,"name":"RarmShoulder","x":170}]}