{"frameRate":30,"armature":[{"slot":[{"name":"Shadow","parent":"R_Shadow","color":{}},{"z":1,"name":"HaloFlare","parent":"root","color":{}},{"z":2,"name":"Halo","parent":"root","color":{}},{"z":3,"name":"LarmGear","parent":"LarmTop","color":{}},{"z":4,"name":"LarmTop","parent":"LarmTop","color":{}},{"z":5,"name":"LarmBot","parent":"LarmBot","color":{}},{"z":6,"name":"Lshoulder","parent":"root","color":{}},{"z":7,"name":"Head","parent":"Head","color":{}},{"z":8,"name":"Spine","parent":"root","color":{}},{"z":9,"name":"LlegGear","parent":"root","color":{}},{"z":10,"name":"LlegBot","parent":"LlegBot","color":{}},{"z":11,"name":"LlegTop","parent":"LlegTop","color":{}},{"z":12,"name":"Pelvis","parent":"Hip","color":{}},{"z":13,"name":"RlegGear","parent":"root","color":{}},{"z":14,"name":"RlegTop","parent":"RlegTop","color":{}},{"z":15,"name":"RlegBot","parent":"RlegBot","color":{}},{"z":16,"name":"Rshoulder","parent":"root","color":{}},{"z":17,"name":"Crest","parent":"root","color":{}},{"z":18,"name":"RarmTop","parent":"RarmTop","color":{}},{"z":19,"name":"RarmBot","parent":"RarmBot","color":{}},{"z":20,"name":"RarmShoulder","parent":"root","color":{}}],"type":"Armature","frameRate":30,"ik":[{"chain":1,"bone":"LlegBot","name":"Lleg","target":"Lleg"},{"chain":1,"bone":"RlegBot","name":"Rleg","target":"Rleg"},{"target":"IKhead","name":"IKhead","bone":"Head"},{"chain":1,"bone":"RarmBot","name":"Rarm","bendPositive":"false","target":"Rarm"}],"bone":[{"name":"root","transform":{}},{"transform":{},"name":"R_Character","parent":"root"},{"transform":{"y":-0.07,"x":-50.17},"name":"Rleg","parent":"root"},{"transform":{"y":-87.6,"x":-40.88},"name":"Rarm","parent":"root"},{"transform":{"y":-163.97,"x":22.13},"name":"IKhead","parent":"root"},{"transform":{},"name":"R_Shadow","parent":"root"},{"transform":{"y":-0.71,"x":36.14},"name":"Lleg","parent":"root"},{"transform":{"y":-91.84,"x":11.83},"name":"Hip","parent":"R_Character"},{"length":38,"transform":{"skX":83.14,"skY":83.14,"y":5.66,"x":16},"parent":"Hip","name":"LlegTop"},{"length":10,"transform":{"skX":-73.61,"skY":-73.61,"y":-12.36,"x":-0.69},"parent":"Hip","name":"Spine"},{"length":51,"transform":{"skX":121.07,"skY":121.07,"y":1.63,"x":-5.24},"parent":"Hip","name":"RlegTop"},{"length":20,"transform":{"skX":-35.15,"skY":-35.15,"x":10.9},"parent":"Spine","name":"Chest"},{"length":47,"transform":{"skX":1.97,"skY":1.97,"y":0.2,"x":37.66},"parent":"LlegTop","name":"LlegBot"},{"length":56,"transform":{"skX":1.42,"skY":1.42,"y":-0.06,"x":50.32},"parent":"RlegTop","name":"RlegBot"},{"inheritRotation":0,"length":50,"transform":{"skX":46.65,"skY":46.65,"y":4.23,"x":1.19},"parent":"Chest","name":"LarmTop"},{"length":14,"transform":{"skX":159.51,"skY":159.51,"y":-0.05,"x":-0.77},"parent":"LlegBot","name":"LgearA"},{"length":15,"transform":{"skX":102.81,"skY":102.81,"y":-0.04,"x":-0.68},"parent":"LlegBot","name":"LgearB"},{"transform":{"y":21.94,"x":14.5},"name":"Lshoulder","parent":"Chest"},{"length":22,"transform":{"skX":62.02,"skY":62.02,"y":-4.3,"x":30.17},"parent":"Chest","name":"Head"},{"length":26,"transform":{"skX":-113.8,"skY":-113.8,"y":-17.62,"x":20.01},"parent":"Chest","name":"RarmTop"},{"transform":{"y":-21.33,"x":46.21},"name":"Rshoulder","parent":"Chest"},{"length":38,"transform":{"skX":-5.25,"skY":-5.25,"y":2.34,"x":20.41},"parent":"Chest","name":"Halo"},{"length":24,"transform":{"skX":68.46,"skY":68.46,"y":-0.08,"x":0.1},"parent":"RlegBot","name":"RgearC"},{"length":22,"transform":{"skX":105.18,"skY":105.18,"y":0.11,"x":0.12},"parent":"RlegBot","name":"RgearB"},{"length":18,"transform":{"skX":143.45,"skY":143.45,"y":0.2,"x":-0.02},"parent":"RlegBot","name":"RgearA"},{"transform":{"y":0.05,"x":18.32},"name":"HaloFlarePull","parent":"Halo"},{"length":126,"transform":{"skX":-19.63,"skY":-19.63,"x":50.39},"parent":"LarmTop","name":"LarmBot"},{"transform":{"y":0.05,"x":18.32},"name":"HaloPull","parent":"Halo"},{"length":25,"transform":{"skX":-16.81,"skY":-16.81,"x":26.55},"parent":"RarmTop","name":"RarmBot"}],"defaultActions":[{"gotoAndPlay":"Attack"}],"animation":[{"duration":32,"frame":[],"bone":[{"frame":[{"duration":3,"curve":[0,0,1,1],"transform":{"skX":5.47,"skY":5.47,"y":2.72,"x":-3.53}},{"duration":3,"curve":[0,0,1,1],"transform":{"skX":4.68,"skY":4.68,"y":2.2,"x":-23.21}},{"duration":2,"curve":[0,0,1,1],"transform":{"skX":-11.63,"skY":-11.63,"y":7.99,"x":-28.69}},{"duration":2,"curve":[0,0,1,1],"transform":{"skX":1.34,"skY":1.34,"y":18.65,"x":-25.41}},{"duration":6,"curve":[0,0,1,1],"transform":{"skX":19.2,"skY":19.2,"y":17.73,"x":-19.93}},{"duration":2,"curve":[0,0,1,1],"transform":{"skX":22.48,"skY":22.48,"y":25.58,"x":-27.7}},{"duration":1,"curve":[0,0,1,1],"transform":{"skX":22.48,"skY":22.48,"y":30.63,"x":77.32}},{"duration":4,"curve":[0,0,1,1],"transform":{"skX":11.39,"skY":11.39,"y":36.76,"x":91.16}},{"duration":3,"curve":[0,0,1,1],"transform":{"skX":10.8,"skY":10.8,"y":35.21,"x":93.26}},{"duration":2,"curve":[0,0,1,1],"transform":{"skX":2.79,"skY":2.79,"y":24.38,"x":34.82}},{"duration":4,"curve":[0,0,1,1],"transform":{"skX":16.87,"skY":16.87,"y":4.67,"x":14.42}},{"duration":0,"tweenEasing":null,"transform":{"skX":5.47,"skY":5.47,"y":2.72,"x":-3.53}}],"name":"Hip"},{"frame":[{"duration":5,"curve":[0.284,0.36,0.62,0.69],"transform":{"y":-0.79,"x":28.32}},{"duration":2,"curve":[0.305,0.36,0.64,0.69],"transform":{"y":7.34,"x":30.63}},{"duration":3,"curve":[0.303,0.37,0.638,0.7],"transform":{"y":-23.26,"x":33.11}},{"duration":5,"curve":[0.293,0.37,0.628,0.7],"transform":{"y":-22.38,"x":65.17}},{"duration":3,"curve":[0.321,0.35,0.655,0.68],"transform":{"y":-7.99,"x":44.31}},{"duration":1,"curve":[0.323,0.35,0.657,0.68],"transform":{"y":11.05,"x":29.61}},{"duration":3,"curve":[0.324,0.35,0.658,0.68],"transform":{"y":24.61,"x":21.04}},{"duration":4,"curve":[0.323,0.36,0.657,0.69],"transform":{"y":39.89,"x":32.19}},{"duration":5,"curve":[0.318,0.4,0.653,0.73],"transform":{"y":39.32,"x":67.92}},{"duration":1,"tweenEasing":null,"transform":{"y":-0.79,"x":28.32}}],"name":"Rarm"},{"frame":[{"duration":2,"curve":[0,0,1,1],"transform":{"skX":9.86,"skY":9.86}},{"duration":3,"curve":[0,0,1,1],"transform":{"skX":5.3,"skY":5.3,"y":0.55,"x":-0.04}},{"duration":3,"curve":[0.1345,0,0.8089999999999999,0.71],"transform":{"skX":-18.85,"skY":-18.85,"y":1.39,"x":-0.1}},{"duration":7,"curve":[0.2975,0.185,0.7535000000000001,1],"transform":{"skX":3.4,"skY":3.4,"y":2.22,"x":-0.16}},{"duration":4,"curve":[0,0,1,1],"transform":{"skX":96.47,"skY":96.47,"y":0.72,"x":1.53}},{"duration":1,"tweenEasing":null,"transform":{"skX":-17.46,"skY":-17.46}},{"duration":4,"curve":[0,0,1,1],"transform":{"skX":-17.46,"skY":-17.46}},{"duration":4,"curve":[0,0,1,1],"transform":{"skX":-5.76,"skY":-5.76}},{"duration":4,"curve":[0,0,1,1],"transform":{"skX":38.25,"skY":38.25}},{"duration":0,"tweenEasing":null,"transform":{"skX":9.86,"skY":9.86}}],"name":"LarmTop"},{"frame":[{"duration":3,"curve":[0,0,1,1],"transform":{"skX":-11.86,"skY":-11.86}},{"duration":9,"curve":[0,0,1,1],"transform":{"skX":-19.59,"skY":-19.59}},{"duration":4,"curve":[0,0,1,1],"transform":{"skX":-2.73,"skY":-2.73}},{"duration":3,"curve":[0,0,1,1],"transform":{"skX":-4.47,"skY":-4.47}},{"duration":1,"tweenEasing":null,"transform":{"skX":-12.34,"skY":-12.34}},{"duration":6,"curve":[0,0,1,1],"transform":{"skX":-12.34,"skY":-12.34}},{"duration":6,"curve":[0,0,1,1],"transform":{"skX":-25.44,"skY":-25.44}},{"duration":0,"tweenEasing":null,"transform":{"skX":-11.86,"skY":-11.86}}],"name":"Spine"},{"frame":[{"duration":4,"curve":[0.32,0,0.654,0.34],"transform":{}},{"duration":8,"curve":[0.298,0.13,0.636,0.49],"transform":{"skX":-4.84,"skY":-4.84}},{"duration":4,"curve":[0.316,0.27,0.653,0.62],"transform":{"skX":39.29,"skY":39.29}},{"duration":3,"curve":[0.332,0.33,0.665,0.66],"transform":{"skX":26.8,"skY":26.8}},{"duration":7,"curve":[0,0,1,1],"transform":{"skX":2.91,"skY":2.91}},{"duration":6,"curve":[0.332,0.33,0.666,0.66],"transform":{"skX":2.12,"skY":2.12}},{"duration":0,"tweenEasing":null,"transform":{}}],"name":"Chest"},{"frame":[{"duration":6,"curve":[0,0,1,1],"transform":{}},{"duration":8,"curve":[0,0,1,1],"transform":{"y":6.22,"x":2.92}},{"duration":6,"curve":[0,0,1,1],"transform":{"y":2.08,"x":7.81}},{"duration":12,"curve":[0,0,1,1],"transform":{"y":-2.56,"x":10.77}},{"duration":0,"tweenEasing":null,"transform":{}}],"name":"Lshoulder"},{"frame":[{"duration":6,"curve":[0,0,1,1],"transform":{}},{"duration":8,"curve":[0,0,1,1],"transform":{"y":6.22,"x":2.92}},{"duration":6,"curve":[0,0,1,1],"transform":{"y":5.76,"x":-3.54}},{"duration":12,"curve":[0,0,1,1],"transform":{"y":-7.81,"x":3.23}},{"duration":0,"tweenEasing":null,"transform":{}}],"name":"Rshoulder"},{"frame":[{"duration":3,"tweenEasing":null,"transform":{"skX":-3.1,"skY":-3.1}},{"duration":2,"tweenEasing":null,"transform":{"skX":-32.85,"skY":-32.85}},{"duration":5,"curve":[0,0,1,1],"transform":{"skX":-98.01,"skY":-98.01}},{"duration":5,"curve":[0,0,1,1],"transform":{"skX":-120.33,"skY":-120.33}},{"duration":3,"curve":[0,0,1,1],"transform":{"skX":-114.82,"skY":-114.82}},{"duration":1,"curve":[0,0,1,1],"transform":{"skX":-34.24,"skY":-34.24}},{"duration":1,"tweenEasing":null,"transform":{"skX":9.19,"skY":9.19}},{"duration":4,"curve":[0,0,1,1],"transform":{"skX":9.19,"skY":9.19}},{"duration":2,"curve":[0,0,1,1],"transform":{"skX":-6.51,"skY":-6.51}},{"duration":2,"curve":[0,0,1,1],"transform":{"skX":-40.29,"skY":-40.29}},{"duration":4,"curve":[0,0,1,1],"transform":{"skX":-59.99,"skY":-59.99}},{"duration":0,"tweenEasing":null,"transform":{"skX":-3.1,"skY":-3.1}}],"name":"LarmBot"},{"frame":[{"duration":5,"curve":[0,0,1,1],"transform":{"y":-7.21,"x":2.03}},{"duration":5,"curve":[0,0,1,1],"transform":{"y":-72.48,"x":-56.25}},{"duration":7,"curve":[0,0,1,1],"transform":{"y":-35.17,"x":74.77}},{"duration":7,"curve":[0,0,1,1],"transform":{"y":20.38,"x":86.64}},{"duration":8,"curve":[0,0,1,1],"transform":{"y":-56.81,"x":5.35}},{"duration":0,"tweenEasing":null,"transform":{"y":-7.21,"x":2.03}}],"name":"IKhead"},{"frame":[{"duration":6,"curve":[0,0,1,1],"transform":{}},{"duration":6,"curve":[0,0,1,1],"transform":{"y":1.6,"x":1}},{"duration":8,"curve":[0,0,1,1],"transform":{"y":-8.98,"x":-4.09}},{"duration":6,"curve":[0,0,1,1],"transform":{"y":-14.24,"x":2.11}},{"duration":6,"curve":[0,0,1,1],"transform":{"y":3.59,"x":-5.27}},{"duration":0,"tweenEasing":null,"transform":{}}],"name":"HaloFlarePull"},{"frame":[{"duration":3,"curve":[0,0,1,1],"transform":{"x":-8.92}},{"duration":4,"curve":[0,0,1,1],"transform":{"x":-30.3}},{"duration":3,"tweenEasing":null,"transform":{"x":-34.64}},{"duration":5,"curve":[0,0,1,1],"transform":{"x":-34.64}},{"duration":3,"curve":[0,0,1,1],"transform":{"x":1.11}},{"duration":5,"tweenEasing":null,"transform":{"x":72.62}},{"duration":3,"curve":[0,0,1,1],"transform":{"x":72.62}},{"duration":1,"curve":[0,0,1,1],"transform":{"x":56.69}},{"duration":2,"curve":[0,0,1,1],"transform":{"y":-14.82,"x":5.06}},{"duration":3,"tweenEasing":null,"transform":{"x":-8.92}}],"name":"Lleg"},{"frame":[{"duration":16,"tweenEasing":null,"transform":{}},{"duration":3,"curve":[0,0,1,1],"transform":{}},{"duration":4,"tweenEasing":null,"transform":{"x":60.39}},{"duration":5,"curve":[0,0,1,1],"transform":{"x":60.39}},{"duration":4,"curve":[0,0,1,1],"transform":{"x":37.13}},{"duration":0,"tweenEasing":null,"transform":{}}],"name":"Rleg"},{"frame":[{"duration":3,"tweenEasing":null,"transform":{}},{"duration":9,"curve":[0,0,1,1],"transform":{}},{"duration":7,"curve":[0,0,1,1],"transform":{"skX":-30.75,"skY":-30.75}},{"duration":6,"curve":[0,0,1,1],"transform":{"skX":-19.8,"skY":-19.8}},{"duration":7,"curve":[0,0,1,1],"transform":{"skX":-13.06,"skY":-13.06}},{"duration":0,"tweenEasing":null,"transform":{}}],"name":"Halo"},{"frame":[{"duration":10,"curve":[0,0,1,1],"transform":{}},{"duration":10,"tweenEasing":null,"transform":{"y":0.73,"x":-4.28}},{"duration":12,"curve":[0,0,1,1],"transform":{"y":0.73,"x":-4.28}},{"duration":0,"tweenEasing":null,"transform":{}}],"name":"Head"},{"frame":[{"duration":8,"tweenEasing":null,"transform":{}},{"duration":6,"curve":[0,0,1,1],"transform":{}},{"duration":6,"curve":[0,0,1,1],"transform":{"y":2.45,"x":-2.39}},{"duration":12,"curve":[0,0,1,1],"transform":{"y":-3.95,"x":3.6}},{"duration":0,"tweenEasing":null,"transform":{}}],"name":"RarmTop"},{"frame":[{"duration":16,"tweenEasing":null,"transform":{}},{"duration":2,"curve":[0,0,1,1],"transform":{}},{"duration":1,"curve":[0,0,1,1],"transform":{"scX":1.176,"x":52.55}},{"duration":5,"curve":[0,0,1,1],"transform":{"scX":1.162,"x":63.17}},{"duration":7,"curve":[0.125,0,0.875,1],"transform":{"scX":1.093,"x":50.2}},{"duration":1,"tweenEasing":null,"transform":{}}],"name":"R_Shadow"},{"frame":[{"duration":7,"curve":[0,0,1,1],"transform":{}},{"duration":8,"curve":[0,0,1,1],"transform":{"skX":-37.99,"skY":-37.99}},{"duration":1,"curve":[0,0,1,1],"transform":{"skX":-47.58,"skY":-47.58}},{"duration":1,"curve":[0,0,1,1],"transform":{"skX":-45.5,"skY":-45.5}},{"duration":1,"curve":[0,0,1,1],"transform":{"skX":-23.79,"skY":-23.79}},{"duration":5,"curve":[0,0,1,1],"transform":{"skX":8.94,"skY":8.94}},{"duration":1,"curve":[0,0,1,1],"transform":{"skX":6.54,"skY":6.54}},{"duration":1,"curve":[0,0,1,1],"transform":{"skX":-12.24,"skY":-12.24}},{"duration":7,"curve":[0,0,1,1],"transform":{"skX":-39.82,"skY":-39.82}},{"duration":0,"tweenEasing":null,"transform":{}}],"name":"RgearA"},{"frame":[{"duration":8,"tweenEasing":null,"transform":{}},{"duration":7,"curve":[0,0,1,1],"transform":{}},{"duration":5,"curve":[0,0,1,1],"transform":{"skX":-9.23,"skY":-9.23}},{"duration":12,"tweenEasing":null,"transform":{}},{"duration":0,"tweenEasing":null,"transform":{}}],"name":"RgearB"},{"frame":[{"duration":6,"tweenEasing":null,"transform":{}},{"duration":3,"curve":[0,0,1,1],"transform":{}},{"duration":6,"tweenEasing":null,"transform":{"skX":-56.59,"skY":-56.59}},{"duration":1,"curve":[0,0,1,1],"transform":{"skX":-56.59,"skY":-56.59}},{"duration":1,"curve":[0,0,1,1],"transform":{}},{"duration":2,"curve":[0,0,1,1],"transform":{"skX":-56.59,"skY":-56.59}},{"duration":8,"curve":[0,0,1,1],"transform":{"skX":-88.57,"skY":-88.57}},{"duration":5,"curve":[0,0,1,1],"transform":{"skX":-70.5,"skY":-70.5}},{"duration":0,"tweenEasing":null,"transform":{}}],"name":"LgearA"},{"frame":[{"duration":17,"tweenEasing":null,"transform":{}},{"duration":2,"curve":[0,0,1,1],"transform":{}},{"duration":8,"curve":[0,0,1,1],"transform":{"skX":-32.83,"skY":-32.83}},{"duration":1,"curve":[0,0,1,1],"transform":{"skX":-14.6,"skY":-14.6}},{"duration":4,"tweenEasing":null,"transform":{}}],"name":"LgearB"},{"frame":[{"duration":32,"tweenEasing":null,"transform":{}}],"name":"root"},{"frame":[{"duration":32,"tweenEasing":null,"transform":{}}],"name":"R_Character"},{"frame":[{"duration":32,"tweenEasing":null,"transform":{}}],"name":"LlegTop"},{"frame":[{"duration":32,"tweenEasing":null,"transform":{}}],"name":"RlegTop"},{"frame":[{"duration":32,"tweenEasing":null,"transform":{}}],"name":"LlegBot"},{"frame":[{"duration":32,"tweenEasing":null,"transform":{}}],"name":"RlegBot"},{"frame":[{"duration":32,"tweenEasing":null,"transform":{}}],"name":"RgearC"},{"frame":[{"duration":32,"tweenEasing":null,"transform":{}}],"name":"HaloPull"},{"frame":[{"duration":32,"tweenEasing":null,"transform":{}}],"name":"RarmBot"}],"slot":[],"ffd":[],"name":"Attack"},{"duration":14,"frame":[],"bone":[{"frame":[{"duration":2,"curve":[0,0,1,1],"transform":{"skX":5.47,"skY":5.47,"y":2.72,"x":-3.53}},{"duration":2,"curve":[0.227,0.61,0.602,0.94],"transform":{"skX":9.34,"skY":9.34,"y":-2.58,"x":-37.8}},{"duration":6,"curve":[0.622,0.17,0.787,0.45],"transform":{"skX":-16.36,"skY":-16.36,"y":-5.04,"x":-48.47}},{"duration":4,"curve":[0.387,0.69,0.745,1],"transform":{"skX":-16.36,"skY":-16.36,"y":3.6,"x":-14.03}},{"duration":0,"tweenEasing":null,"transform":{"skX":5.47,"skY":5.47,"y":2.72,"x":-3.53}}],"name":"Hip"},{"frame":[{"duration":2,"curve":[0,0,1,1],"transform":{"y":-0.79,"x":28.32}},{"duration":4,"curve":[0.227,0.61,0.602,0.94],"transform":{"y":-17.75,"x":0.27}},{"duration":8,"curve":[0.549,0.04,0.67,0.7],"transform":{"y":5.53,"x":-32.87}},{"duration":0,"tweenEasing":null,"transform":{"y":-0.79,"x":28.32}}],"name":"Rarm"},{"frame":[{"duration":2,"curve":[0,0,1,1],"transform":{"skX":9.86,"skY":9.86}},{"duration":2,"curve":[0.227,0.61,0.602,0.94],"transform":{"skX":1.08,"skY":1.08}},{"duration":10,"curve":[0.622,0.17,0.787,0.45],"transform":{"skX":-17.97,"skY":-17.97}},{"duration":0,"tweenEasing":null,"transform":{"skX":9.86,"skY":9.86}}],"name":"LarmTop"},{"frame":[{"duration":2,"curve":[0,0,1,1],"transform":{"skX":-11.86,"skY":-11.86}},{"duration":5,"curve":[0.227,0.61,0.602,0.94],"transform":{"skX":-4.91,"skY":-4.91}},{"duration":7,"curve":[0.277,0.61,0.565,1],"transform":{"skX":-18.6,"skY":-18.6}},{"duration":0,"tweenEasing":null,"transform":{"skX":-11.86,"skY":-11.86}}],"name":"Spine"},{"frame":[{"duration":2,"curve":[0,0,1,1],"transform":{}},{"duration":4,"curve":[0.227,0.61,0.602,0.94],"transform":{"skX":28.81,"skY":28.81}},{"duration":8,"curve":[0.339,0.71,0.765,1],"transform":{"skX":5.63,"skY":5.63}},{"duration":0,"tweenEasing":null,"transform":{}}],"name":"Chest"},{"frame":[{"duration":3,"curve":[0,0,1,1],"transform":{}},{"duration":11,"curve":[0.355,0.71,0.764,1],"transform":{"y":-2.47,"x":-1.38}},{"duration":0,"tweenEasing":null,"transform":{}}],"name":"Lshoulder"},{"frame":[{"duration":3,"curve":[0,0,1,1],"transform":{}},{"duration":11,"curve":[0.355,0.71,0.764,1],"transform":{"y":-7.48,"x":-3.7}},{"duration":0,"tweenEasing":null,"transform":{}}],"name":"Rshoulder"},{"frame":[{"duration":2,"curve":[0,0,1,1],"transform":{"skX":-3.1,"skY":-3.1}},{"duration":6,"curve":[0.227,0.61,0.602,0.94],"transform":{"skX":1.34,"skY":1.34}},{"duration":6,"curve":[0.371,0.48,0.752,1],"transform":{"skX":-12.67,"skY":-12.67}},{"duration":0,"tweenEasing":null,"transform":{"skX":-3.1,"skY":-3.1}}],"name":"LarmBot"},{"frame":[{"duration":3,"curve":[0,0,1,1],"transform":{"y":-7.21,"x":2.03}},{"duration":5,"curve":[0.315,0.46,0.669,0.79],"transform":{"y":-15.26,"x":3.78}},{"duration":6,"curve":[0.387,0.69,0.745,1],"transform":{"y":-46.85,"x":-12.54}},{"duration":0,"tweenEasing":null,"transform":{"y":-7.21,"x":2.03}}],"name":"IKhead"},{"frame":[{"duration":6,"curve":[0,0,1,1],"transform":{}},{"duration":8,"curve":[0.384,0.7,0.752,1],"transform":{"y":-6.26}},{"duration":0,"tweenEasing":null,"transform":{}}],"name":"HaloFlarePull"},{"frame":[{"duration":2,"curve":[0,0,1,1],"transform":{"x":-8.92}},{"duration":4,"curve":[0.227,0.61,0.602,0.94],"transform":{"y":-28.06,"x":-18.36}},{"duration":6,"curve":[0.622,0.17,0.787,0.45],"transform":{"y":-58.43,"x":19.24}},{"duration":2,"tweenEasing":null,"transform":{"x":-8.92}}],"name":"Lleg"},{"frame":[{"duration":2,"tweenEasing":null,"transform":{}},{"duration":12,"tweenEasing":null,"transform":{}},{"duration":0,"tweenEasing":null,"transform":{}}],"name":"Rleg"},{"frame":[{"duration":4,"curve":[0,0,1,1],"transform":{}},{"duration":10,"curve":[0.622,0.17,0.787,0.45],"transform":{"skX":17.13,"skY":17.13}},{"duration":0,"tweenEasing":null,"transform":{}}],"name":"Halo"},{"frame":[{"duration":14,"tweenEasing":null,"transform":{}}],"name":"root"},{"frame":[{"duration":14,"tweenEasing":null,"transform":{}}],"name":"R_Character"},{"frame":[{"duration":14,"tweenEasing":null,"transform":{}}],"name":"R_Shadow"},{"frame":[{"duration":14,"tweenEasing":null,"transform":{}}],"name":"LlegTop"},{"frame":[{"duration":14,"tweenEasing":null,"transform":{}}],"name":"RlegTop"},{"frame":[{"duration":14,"tweenEasing":null,"transform":{}}],"name":"LlegBot"},{"frame":[{"duration":14,"tweenEasing":null,"transform":{}}],"name":"RlegBot"},{"frame":[{"duration":14,"tweenEasing":null,"transform":{}}],"name":"LgearA"},{"frame":[{"duration":14,"tweenEasing":null,"transform":{}}],"name":"LgearB"},{"frame":[{"duration":14,"tweenEasing":null,"transform":{}}],"name":"Head"},{"frame":[{"duration":14,"tweenEasing":null,"transform":{}}],"name":"RarmTop"},{"frame":[{"duration":14,"tweenEasing":null,"transform":{}}],"name":"RgearC"},{"frame":[{"duration":14,"tweenEasing":null,"transform":{}}],"name":"RgearB"},{"frame":[{"duration":14,"tweenEasing":null,"transform":{}}],"name":"RgearA"},{"frame":[{"duration":14,"tweenEasing":null,"transform":{}}],"name":"HaloPull"},{"frame":[{"duration":14,"tweenEasing":null,"transform":{}}],"name":"RarmBot"}],"slot":[],"ffd":[],"name":"Damage"},{"duration":30,"frame":[],"bone":[{"frame":[{"duration":7,"curve":[0,0,1,1],"transform":{"skX":5.47,"skY":5.47,"y":2.72,"x":-3.53}},{"duration":9,"curve":[0,0,1,1],"transform":{"skX":5.94,"skY":5.94,"y":2.72,"x":-1.3}},{"duration":14,"curve":[0,0,1,1],"transform":{"skX":5.78,"skY":5.78,"y":1.1,"x":-4.24}},{"duration":0,"tweenEasing":null,"transform":{"skX":5.47,"skY":5.47,"y":2.72,"x":-3.53}}],"name":"Hip"},{"frame":[{"duration":6,"curve":[0.16,1.12,0.75,1],"transform":{"y":-0.79,"x":28.32}},{"duration":6,"curve":[0.244,0,0.644,0.58],"transform":{"y":0.2,"x":26.13}},{"duration":8,"curve":[0.25,0,0.75,1],"transform":{"y":-2.74,"x":32.41}},{"duration":10,"curve":[0.25,0,0.795,0.69],"transform":{"y":-6.6,"x":37.84}},{"duration":0,"tweenEasing":null,"transform":{"y":-0.79,"x":28.32}}],"name":"Rarm"},{"frame":[{"duration":9,"curve":[0,0,1,1],"transform":{"skX":9.86,"skY":9.86}},{"duration":21,"curve":[0,0,1,1],"transform":{"skX":3.49,"skY":3.49}},{"duration":0,"tweenEasing":null,"transform":{"skX":9.86,"skY":9.86}}],"name":"LarmTop"},{"frame":[{"duration":7,"curve":[0,0,1,1],"transform":{"skX":-11.86,"skY":-11.86}},{"duration":3,"tweenEasing":null,"transform":{"skX":-7.38,"skY":-7.38}},{"duration":20,"curve":[0,0,1,1],"transform":{"skX":-7.38,"skY":-7.38}},{"duration":0,"tweenEasing":null,"transform":{"skX":-11.86,"skY":-11.86}}],"name":"Spine"},{"frame":[{"duration":17,"curve":[0.511,0.1,0.776,0.67],"transform":{}},{"duration":13,"curve":[0.339,0.3,0.657,1],"transform":{"skX":6,"skY":6}},{"duration":0,"tweenEasing":null,"transform":{}}],"name":"Chest"},{"frame":[{"duration":18,"curve":[0.181,-1.06,0.75,1],"transform":{}},{"duration":12,"curve":[0.25,0,0.75,1],"transform":{"y":3.04,"x":3.05}},{"duration":0,"tweenEasing":null,"transform":{}}],"name":"Lshoulder"},{"frame":[{"duration":18,"curve":[0.181,-1.06,0.75,1],"transform":{}},{"duration":12,"curve":[0.25,0,0.75,1],"transform":{"y":3.04,"x":3.05}},{"duration":0,"tweenEasing":null,"transform":{}}],"name":"Rshoulder"},{"frame":[{"duration":4,"tweenEasing":null,"transform":{"skX":-3.1,"skY":-3.1}},{"duration":4,"tweenEasing":null,"transform":{"skX":-21.71,"skY":-21.71}},{"duration":4,"tweenEasing":null,"transform":{"skX":-49.81,"skY":-49.81}},{"duration":4,"tweenEasing":null,"transform":{"skX":-76.52,"skY":-76.52}},{"duration":3,"tweenEasing":null,"transform":{"skX":-76.52,"skY":-76.52}},{"duration":11,"curve":[0.182,-0.01,0.885,0.84],"transform":{"skX":-76.52,"skY":-76.52}},{"duration":0,"tweenEasing":null,"transform":{"skX":-3.1,"skY":-3.1}}],"name":"LarmBot"},{"frame":[{"duration":9,"curve":[0,0,1,1],"transform":{"y":-7.21,"x":2.03}},{"duration":11,"curve":[0,0,1,1],"transform":{"y":-12.21,"x":9.24}},{"duration":10,"curve":[0,0,1,1],"transform":{"y":-12.21,"x":3.88}},{"duration":0,"tweenEasing":null,"transform":{"y":-7.21,"x":2.03}}],"name":"IKhead"},{"frame":[{"duration":8,"curve":[0,0,1,1],"transform":{}},{"duration":14,"curve":[0,0,1,1],"transform":{"y":-5.83,"x":-3.7}},{"duration":8,"curve":[0,0,1,1],"transform":{"y":-1.34,"x":-2.78}},{"duration":0,"tweenEasing":null,"transform":{}}],"name":"HaloFlarePull"},{"frame":[{"duration":30,"tweenEasing":null,"transform":{"x":-8.92}},{"duration":0,"tweenEasing":null,"transform":{"x":-8.92}}],"name":"Lleg"},{"frame":[{"duration":30,"tweenEasing":null,"transform":{}}],"name":"root"},{"frame":[{"duration":30,"tweenEasing":null,"transform":{}}],"name":"R_Character"},{"frame":[{"duration":30,"tweenEasing":null,"transform":{}}],"name":"Rleg"},{"frame":[{"duration":30,"tweenEasing":null,"transform":{}}],"name":"R_Shadow"},{"frame":[{"duration":30,"tweenEasing":null,"transform":{}}],"name":"LlegTop"},{"frame":[{"duration":30,"tweenEasing":null,"transform":{}}],"name":"RlegTop"},{"frame":[{"duration":30,"tweenEasing":null,"transform":{}}],"name":"LlegBot"},{"frame":[{"duration":30,"tweenEasing":null,"transform":{}}],"name":"RlegBot"},{"frame":[{"duration":30,"tweenEasing":null,"transform":{}}],"name":"LgearA"},{"frame":[{"duration":30,"tweenEasing":null,"transform":{}}],"name":"LgearB"},{"frame":[{"duration":30,"tweenEasing":null,"transform":{}}],"name":"Head"},{"frame":[{"duration":30,"tweenEasing":null,"transform":{}}],"name":"RarmTop"},{"frame":[{"duration":30,"tweenEasing":null,"transform":{}}],"name":"Halo"},{"frame":[{"duration":30,"tweenEasing":null,"transform":{}}],"name":"RgearC"},{"frame":[{"duration":30,"tweenEasing":null,"transform":{}}],"name":"RgearB"},{"frame":[{"duration":30,"tweenEasing":null,"transform":{}}],"name":"RgearA"},{"frame":[{"duration":30,"tweenEasing":null,"transform":{}}],"name":"HaloPull"},{"frame":[{"duration":30,"tweenEasing":null,"transform":{}}],"name":"RarmBot"}],"slot":[],"ffd":[],"name":"Idle"},{"duration":30,"frame":[],"bone":[{"frame":[{"duration":7,"curve":[0,0,1,1],"transform":{"skX":-3.97,"skY":-3.97,"y":5.69,"x":-6.8}},{"duration":9,"curve":[0,0,1,1],"transform":{"skX":-7.02,"skY":-7.02,"y":5.69,"x":-4.56}},{"duration":14,"curve":[0,0,1,1],"transform":{"skX":-4.89,"skY":-4.89,"y":4.07,"x":-7.5}},{"duration":0,"tweenEasing":null,"transform":{"skX":-3.97,"skY":-3.97,"y":5.69,"x":-6.8}}],"name":"Hip"},{"frame":[{"duration":10,"curve":[0.384,0.05,0.713,0.55],"transform":{"y":29.88,"x":33.7}},{"duration":4,"curve":[0.355,0.38,0.687,0.74],"transform":{"y":30.97,"x":29.83}},{"duration":16,"curve":[0.355,0.61,0.687,1],"transform":{"y":31.72,"x":27.15}},{"duration":0,"tweenEasing":null,"transform":{"y":29.88,"x":33.7}}],"name":"Rarm"},{"frame":[{"duration":9,"curve":[0,0,1,1],"transform":{"skX":14.19,"skY":14.19}},{"duration":21,"curve":[0,0,1,1],"transform":{"skX":7.82,"skY":7.82}},{"duration":0,"tweenEasing":null,"transform":{"skX":14.19,"skY":14.19}}],"name":"LarmTop"},{"frame":[{"duration":7,"curve":[0,0,1,1],"transform":{"skX":-11.86,"skY":-11.86}},{"duration":3,"tweenEasing":null,"transform":{"skX":-7.38,"skY":-7.38}},{"duration":20,"curve":[0,0,1,1],"transform":{"skX":-7.38,"skY":-7.38}},{"duration":0,"tweenEasing":null,"transform":{"skX":-11.86,"skY":-11.86}}],"name":"Spine"},{"frame":[{"duration":6,"curve":[0.383,0.15,0.712,0.52],"transform":{"skX":3.15,"skY":3.15}},{"duration":11,"curve":[0.446,0.28,0.74,0.71],"transform":{"skX":1.87,"skY":1.87}},{"duration":13,"curve":[0.339,0.3,0.657,1],"transform":{"skX":9.15,"skY":9.15}},{"duration":0,"tweenEasing":null,"transform":{"skX":3.15,"skY":3.15}}],"name":"Chest"},{"frame":[{"duration":18,"curve":[0.183,-1.75,0.605,-0.35],"transform":{"y":0.79,"x":-8.4}},{"duration":12,"curve":[0.385,0.51,0.754,1],"transform":{"y":1.95,"x":-7.24}},{"duration":0,"tweenEasing":null,"transform":{"y":0.79,"x":-8.4}}],"name":"Lshoulder"},{"frame":[{"duration":18,"curve":[0.183,-1.75,0.605,-0.35],"transform":{"y":0.79,"x":-8.4}},{"duration":12,"curve":[0.385,0.51,0.754,1],"transform":{"y":1.95,"x":-7.24}},{"duration":0,"tweenEasing":null,"transform":{"y":0.79,"x":-8.4}}],"name":"Rshoulder"},{"frame":[{"duration":4,"tweenEasing":null,"transform":{"skX":-8.73,"skY":-8.73}},{"duration":7,"tweenEasing":null,"transform":{"skX":-21.71,"skY":-21.71}},{"duration":3,"tweenEasing":null,"transform":{"skX":-39.28,"skY":-39.28}},{"duration":16,"curve":[0.282,0.08,0.785,0.59],"transform":{"skX":-39.28,"skY":-39.28}},{"duration":0,"tweenEasing":null,"transform":{"skX":-8.73,"skY":-8.73}}],"name":"LarmBot"},{"frame":[{"duration":9,"curve":[0,0,1,1],"transform":{"y":7.68,"x":11.23}},{"duration":11,"curve":[0,0,1,1],"transform":{"y":2.69,"x":18.43}},{"duration":10,"curve":[0,0,1,1],"transform":{"y":2.69,"x":13.08}},{"duration":0,"tweenEasing":null,"transform":{"y":7.68,"x":11.23}}],"name":"IKhead"},{"frame":[{"duration":11,"curve":[0,0,1,1],"transform":{"y":-3.99,"x":-4.28}},{"duration":11,"curve":[0,0,1,1],"transform":{"y":-9.82,"x":-7.98}},{"duration":8,"curve":[0,0,1,1],"transform":{"y":-5.33,"x":-7.05}},{"duration":0,"tweenEasing":null,"transform":{"y":-3.99,"x":-4.28}}],"name":"HaloFlarePull"},{"frame":[{"duration":30,"tweenEasing":null,"transform":{"x":-8.92}},{"duration":0,"tweenEasing":null,"transform":{"x":-8.92}}],"name":"Lleg"},{"frame":[{"duration":30,"tweenEasing":null,"transform":{"x":11.58}}],"name":"Rleg"},{"frame":[{"duration":30,"tweenEasing":null,"transform":{"y":4.58,"x":-4.8}}],"name":"Head"},{"frame":[{"duration":30,"tweenEasing":null,"transform":{"skX":7.53,"skY":7.53}}],"name":"Halo"},{"frame":[{"duration":30,"tweenEasing":null,"transform":{}}],"name":"root"},{"frame":[{"duration":30,"tweenEasing":null,"transform":{}}],"name":"R_Character"},{"frame":[{"duration":30,"tweenEasing":null,"transform":{}}],"name":"R_Shadow"},{"frame":[{"duration":30,"tweenEasing":null,"transform":{}}],"name":"LlegTop"},{"frame":[{"duration":30,"tweenEasing":null,"transform":{}}],"name":"RlegTop"},{"frame":[{"duration":30,"tweenEasing":null,"transform":{}}],"name":"LlegBot"},{"frame":[{"duration":30,"tweenEasing":null,"transform":{}}],"name":"RlegBot"},{"frame":[{"duration":30,"tweenEasing":null,"transform":{}}],"name":"LgearA"},{"frame":[{"duration":30,"tweenEasing":null,"transform":{}}],"name":"LgearB"},{"frame":[{"duration":30,"tweenEasing":null,"transform":{}}],"name":"RarmTop"},{"frame":[{"duration":30,"tweenEasing":null,"transform":{}}],"name":"RgearC"},{"frame":[{"duration":30,"tweenEasing":null,"transform":{}}],"name":"RgearB"},{"frame":[{"duration":30,"tweenEasing":null,"transform":{}}],"name":"RgearA"},{"frame":[{"duration":30,"tweenEasing":null,"transform":{}}],"name":"HaloPull"},{"frame":[{"duration":30,"tweenEasing":null,"transform":{}}],"name":"RarmBot"}],"slot":[],"ffd":[],"name":"IdleWeak"},{"duration":50,"frame":[],"bone":[{"frame":[{"duration":8,"curve":[0,0,1,1],"transform":{"skX":5.47,"skY":5.47,"y":2.72,"x":-3.53}},{"duration":3,"curve":[0,0,1,1],"transform":{"skX":1.08,"skY":1.08,"y":8.43,"x":-4.08}},{"duration":4,"curve":[0.25,0,0.75,1],"transform":{"skX":12.25,"skY":12.25,"y":31.78,"x":10.95}},{"duration":3,"curve":[0.1925,0.425,0.5485,0.75],"transform":{"skX":20.8,"skY":20.8,"y":29.56,"x":13.12}},{"duration":3,"curve":[0.101,0.83,0.7115,0.85],"transform":{"skX":3.24,"skY":3.24,"y":31.4,"x":58.54}},{"duration":3,"curve":[0.1685,0.17,0.8355,0.8400000000000001],"transform":{"skX":-18.12,"skY":-18.12,"y":21.81,"x":97.35}},{"duration":3,"curve":[0.169,0.175,0.8360000000000001,0.8400000000000001],"transform":{"skX":-10.6,"skY":-10.6,"y":11.82,"x":122.44}},{"duration":2,"curve":[0.1925,0.295,0.8665,1.005],"transform":{"skX":18.3,"skY":18.3,"y":29.65,"x":163.25}},{"duration":2,"curve":[0,0,1,1],"transform":{"skX":23.88,"skY":23.88,"y":29.65,"x":168.76}},{"duration":3,"curve":[0,0,1,1],"transform":{"skX":9.29,"skY":9.29,"y":27.62,"x":164.7}},{"duration":4,"tweenEasing":null,"transform":{"skX":5.96,"skY":5.96,"y":27.62,"x":164.7}},{"duration":4,"curve":[0.367,0.19,0.658,0.56],"transform":{"skX":5.96,"skY":5.96,"y":27.62,"x":164.7}},{"duration":8,"curve":[0.185,0.38,0.425,0.87],"transform":{"skX":-27.07,"skY":-27.07,"y":14.12,"x":89.35}},{"duration":0,"tweenEasing":null,"transform":{"skX":5.47,"skY":5.47,"y":2.72,"x":-3.53}}],"name":"Hip"},{"frame":[{"duration":13,"curve":[0,0,1,1],"transform":{"y":-0.79,"x":28.32}},{"duration":4,"curve":[0,0,1,1],"transform":{"y":-3.55,"x":76.4}},{"duration":1,"curve":[0,0,1,1],"transform":{"y":22.14,"x":86.27}},{"duration":3,"curve":[0,0,1,1],"transform":{"y":26.35,"x":79.91}},{"duration":3,"curve":[0,0,1,1],"transform":{"y":11.99,"x":71.38}},{"duration":6,"curve":[0,0,1,1],"transform":{"y":13.61,"x":83.38}},{"duration":4,"curve":[0,0,1,1],"transform":{"y":36.61,"x":112.7}},{"duration":4,"curve":[0,0,1,1],"transform":{"y":60.46,"x":123.74}},{"duration":2,"curve":[0,0,1,1],"transform":{"y":36.61,"x":112.7}},{"duration":10,"curve":[0,0,1,1],"transform":{"y":23.66,"x":136.64}},{"duration":0,"tweenEasing":null,"transform":{"y":-0.79,"x":28.32}}],"name":"Rarm"},{"frame":[{"duration":4,"curve":[0,0,1,1],"transform":{"skX":9.86,"skY":9.86}},{"duration":7,"curve":[0,0,1,1],"transform":{"skX":-1.77,"skY":-1.77}},{"duration":2,"curve":[0,0,1,1],"transform":{"skX":-10.97,"skY":-10.97,"y":2.42,"x":2.86}},{"duration":7,"curve":[0,0,1,1],"transform":{"skX":-5.1,"skY":-5.1,"y":2.42,"x":2.86}},{"duration":2,"curve":[0,0,1,1],"transform":{"skX":-58.16,"skY":-58.16,"y":2.42,"x":2.86}},{"duration":4,"curve":[0,0,1,1],"transform":{"skX":-77.14,"skY":-77.14,"y":2.42,"x":2.86}},{"duration":2,"curve":[0,0,1,1],"transform":{"skX":-7.58,"skY":-7.58,"y":2.42,"x":2.86}},{"duration":4,"curve":[0,0,1,1],"transform":{"skX":-7.5,"skY":-7.5,"y":2.21,"x":0.47}},{"duration":6,"curve":[0,0,1,1],"transform":{"skX":2.64,"skY":2.64,"y":2.21,"x":0.47}},{"duration":4,"curve":[0.165,-0.46,0.5874999999999999,0.28500000000000003],"transform":{"skX":-3.7,"skY":-3.7,"y":2.21,"x":0.47}},{"duration":8,"curve":[0.229,0.71,0.385,1],"transform":{"skX":-89.23,"skY":-89.23,"y":1.13,"x":0.24}},{"duration":0,"tweenEasing":null,"transform":{"skX":9.86,"skY":9.86}}],"name":"LarmTop"},{"frame":[{"duration":6,"curve":[0,0,1,1],"transform":{"skX":-11.86,"skY":-11.86}},{"duration":19,"curve":[0,0,1,1],"transform":{"skX":0.71,"skY":0.71}},{"duration":6,"curve":[0,0,1,1],"transform":{"skX":-10.53,"skY":-10.53}},{"duration":3,"curve":[0,0,1,1],"transform":{"skX":10.14,"skY":10.14}},{"duration":4,"tweenEasing":null,"transform":{"skX":8.5,"skY":8.5}},{"duration":12,"curve":[0,0,1,1],"transform":{"skX":8.5,"skY":8.5}},{"duration":0,"tweenEasing":null,"transform":{"skX":-11.86,"skY":-11.86}}],"name":"Spine"},{"frame":[{"duration":9,"curve":[0.265,0,0.618,0.43],"transform":{}},{"duration":4,"curve":[0.351,0.4,0.757,1],"transform":{"skX":6.26,"skY":6.26}},{"duration":5,"tweenEasing":null,"transform":{"skX":36.4,"skY":36.4}},{"duration":7,"curve":[0,0,1,1],"transform":{"skX":36.4,"skY":36.4}},{"duration":6,"curve":[0,0,1,1],"transform":{"skX":17.21,"skY":17.21}},{"duration":3,"curve":[0,0,1,1],"transform":{"skX":36.23,"skY":36.23}},{"duration":4,"curve":[0,0,1,1],"transform":{"skX":49.14,"skY":49.14}},{"duration":4,"curve":[0,0,1,1],"transform":{"skX":36.23,"skY":36.23}},{"duration":8,"curve":[0,0,1,1],"transform":{"skX":52.73,"skY":52.73}},{"duration":0,"tweenEasing":null,"transform":{}}],"name":"Chest"},{"frame":[{"duration":8,"curve":[0,0,1,1],"transform":{}},{"duration":3,"curve":[0,0,1,1],"transform":{"y":-1.47,"x":9.1}},{"duration":10,"curve":[0,0,1,1],"transform":{"y":-6.14,"x":12.38}},{"duration":3,"curve":[0,0,1,1],"transform":{"y":-13,"x":19.71}},{"duration":3,"curve":[0,0,1,1],"transform":{"y":-6.14,"x":12.38}},{"duration":3,"curve":[0,0,1,1],"transform":{"y":-5.75,"x":15.34}},{"duration":4,"tweenEasing":null,"transform":{"y":-0.28,"x":8.09}},{"duration":4,"curve":[0,0,1,1],"transform":{"y":-0.28,"x":8.09}},{"duration":12,"curve":[0,0,1,1],"transform":{"y":-0.28,"x":11.01}},{"duration":0,"tweenEasing":null,"transform":{}}],"name":"Lshoulder"},{"frame":[{"duration":7,"curve":[0,0,1,1],"transform":{}},{"duration":4,"tweenEasing":null,"transform":{"y":-2.32,"x":-18.5}},{"duration":2,"curve":[0,0,1,1],"transform":{"y":-2.32,"x":-18.5}},{"duration":8,"curve":[0,0,1,1],"transform":{"y":-3.92,"x":-30.13}},{"duration":4,"curve":[0,0,1,1],"transform":{"y":-9.18,"x":-11.17}},{"duration":2,"curve":[0,0,1,1],"transform":{"y":-2.32,"x":-18.5}},{"duration":3,"curve":[0,0,1,1],"transform":{"y":0.97,"x":-20.66}},{"duration":4,"tweenEasing":null,"transform":{"y":-1.36,"x":-32.54}},{"duration":4,"curve":[0,0,1,1],"transform":{"y":-1.36,"x":-32.54}},{"duration":12,"curve":[0,0,1,1],"transform":{"y":-4.07,"x":-28.31}},{"duration":0,"tweenEasing":null,"transform":{}}],"name":"Rshoulder"},{"frame":[{"duration":5,"tweenEasing":null,"transform":{"skX":-3.1,"skY":-3.1}},{"duration":4,"tweenEasing":null,"transform":{"skX":-47.65,"skY":-47.65}},{"duration":16,"tweenEasing":null,"transform":{"skX":-105.21,"skY":-105.21}},{"duration":3,"curve":[0.25,0,0.737,0.58],"transform":{"skX":-105.21,"skY":-105.21}},{"duration":6,"tweenEasing":null,"transform":{"skX":11.76,"skY":11.76}},{"duration":5,"tweenEasing":null,"transform":{"skX":-23.35,"skY":-23.35}},{"duration":11,"curve":[0,0,1,1],"transform":{"skX":-63.89,"skY":-63.89}},{"duration":0,"tweenEasing":null,"transform":{"skX":-3.1,"skY":-3.1}}],"name":"LarmBot"},{"frame":[{"duration":9,"curve":[0,0,1,1],"transform":{"y":-7.21,"x":2.03}},{"duration":3,"curve":[0,0,1,1],"transform":{"y":-16.98,"x":68.8}},{"duration":14,"curve":[0,0,1,1],"transform":{"y":48.99,"x":66.77}},{"duration":4,"curve":[0,0,1,1],"transform":{"y":-77.37,"x":128.09}},{"duration":4,"tweenEasing":null,"transform":{"y":6.89,"x":248.59}},{"duration":4,"tweenEasing":null,"transform":{"y":6.89,"x":248.59}},{"duration":12,"curve":[0,0,1,1],"transform":{"y":6.89,"x":248.59}},{"duration":0,"tweenEasing":null,"transform":{"y":-7.21,"x":2.03}}],"name":"IKhead"},{"frame":[{"duration":6,"curve":[0,0,1,1],"transform":{}},{"duration":7,"curve":[0,0,1,1],"transform":{"y":1.95,"x":2.43}},{"duration":10,"curve":[0,0,1,1],"transform":{"y":-2.57,"x":-9.04}},{"duration":4,"curve":[0,0,1,1],"transform":{"y":-3.46,"x":18.64}},{"duration":3,"curve":[0,0,1,1],"transform":{"y":5.71,"x":-4.23}},{"duration":4,"curve":[0,0,1,1],"transform":{"y":15.15,"x":-4.23}},{"duration":4,"tweenEasing":null,"transform":{"y":10.85,"x":-4.23}},{"duration":12,"curve":[0,0,1,1],"transform":{"y":10.85,"x":-4.23}},{"duration":0,"tweenEasing":null,"transform":{}}],"name":"HaloFlarePull"},{"frame":[{"duration":9,"tweenEasing":null,"transform":{"x":-8.92}},{"duration":2,"curve":[0.242,0,0.65,0.6],"transform":{"x":-8.92}},{"duration":4,"curve":[0.337,0.35,0.671,0.68],"transform":{"x":24.3}},{"duration":2,"curve":[0.385,0.59,0.734,1.01],"transform":{"x":21.3}},{"duration":2,"curve":[0.311,0,0.646,0.35],"transform":{"x":19.3}},{"duration":2,"curve":[0.317,0.23,0.651,0.57],"transform":{"y":-1.72,"x":10.56}},{"duration":2,"curve":[0.305,0.22,0.646,0.56],"transform":{"y":-5.95,"x":34.23}},{"duration":2,"curve":[0.329,0.31,0.664,0.64],"transform":{"y":-27.11,"x":84.6}},{"duration":2,"tweenEasing":null,"transform":{"y":0.41,"x":179.31}},{"duration":2,"curve":[0,0,1,1],"transform":{"y":0.41,"x":179.31}},{"duration":5,"tweenEasing":null,"transform":{"y":0.41,"x":185.61}},{"duration":3,"tweenEasing":null,"transform":{"y":0.41,"x":185.61}},{"duration":3,"tweenEasing":null,"transform":{"y":0.41,"x":185.61}},{"duration":3,"curve":[0,0,1,1],"transform":{"y":0.41,"x":185.61}},{"duration":4,"curve":[0,0,1,1],"transform":{"y":0.29,"x":110.77}},{"duration":3,"curve":[0,0,1,1],"transform":{"y":0.25,"x":5.01}},{"duration":0,"tweenEasing":null,"transform":{"x":-8.92}}],"name":"Lleg"},{"frame":[{"duration":8,"curve":[0,0,1,1],"transform":{}},{"duration":3,"tweenEasing":null,"transform":{"y":-1.43,"x":-11.91}},{"duration":2,"curve":[0,0,1,1],"transform":{"y":-1.43,"x":-11.91}},{"duration":6,"curve":[0,0,1,1],"transform":{"y":0.59,"x":-20.7}},{"duration":2,"curve":[0,0,1,1],"transform":{"y":-7.12,"x":-7.71}},{"duration":6,"curve":[0,0,1,1],"transform":{"y":-6.3,"x":-5.02}},{"duration":3,"curve":[0,0,1,1],"transform":{"y":-1.43,"x":-11.91}},{"duration":4,"tweenEasing":null,"transform":{"y":0.57,"x":-24.61}},{"duration":4,"curve":[0,0,1,1],"transform":{"y":0.57,"x":-24.61}},{"duration":8,"curve":[0,0,1,1],"transform":{"y":-2.57,"x":-20.76}},{"duration":4,"curve":[0,0,1,1],"transform":{"y":-4.31,"x":-6.32}},{"duration":0,"tweenEasing":null,"transform":{}}],"name":"RarmTop"},{"frame":[{"duration":6,"curve":[0,0,1,1],"transform":{}},{"duration":9,"curve":[0,0,1,1],"transform":{"skX":-22.37,"skY":-22.37}},{"duration":9,"curve":[0,0,1,1],"transform":{"skX":-25.95,"skY":-25.95,"y":-5.23,"x":3.22}},{"duration":3,"curve":[0,0,1,1],"transform":{"skX":-27.92,"skY":-27.92,"y":-2.42,"x":-1.44}},{"duration":3,"curve":[0,0,1,1],"transform":{"skX":-15.99,"skY":-15.99,"y":-3.98,"x":-1.55}},{"duration":4,"curve":[0,0,1,1],"transform":{"skX":-18.34,"skY":-18.34,"y":-4.77,"x":-2.08}},{"duration":4,"curve":[0,0,1,1],"transform":{"skX":-23.55,"skY":-23.55,"y":-4.77,"x":-2.08}},{"duration":8,"curve":[0,0,1,1],"transform":{"skX":-18.34,"skY":-18.34,"y":-4.77,"x":-2.08}},{"duration":4,"curve":[0,0,1,1],"transform":{"skX":-19.95,"skY":-19.95,"y":-1.56,"x":2.87}},{"duration":0,"tweenEasing":null,"transform":{}}],"name":"Halo"},{"frame":[{"duration":15,"tweenEasing":null,"transform":{}},{"duration":1,"curve":[0,0,1,1],"transform":{}},{"duration":4,"curve":[0,0,1,1],"transform":{"x":18.29}},{"duration":3,"curve":[0,0,1,1],"transform":{"y":-9.1,"x":85.24}},{"duration":2,"curve":[0,0,1,1],"transform":{"x":141.55}},{"duration":2,"curve":[0,0,1,1],"transform":{"x":121.95}},{"duration":2,"curve":[0,0,1,1],"transform":{"y":-0.01,"x":133.53}},{"duration":5,"tweenEasing":null,"transform":{"y":-0.01,"x":136.68}},{"duration":3,"tweenEasing":null,"transform":{"y":-0.01,"x":136.68}},{"duration":3,"curve":[0,0,1,1],"transform":{"y":-0.01,"x":136.68}},{"duration":2,"curve":[0,0,1,1],"transform":{"y":-0.01,"x":166.01}},{"duration":2,"curve":[0,0,1,1],"transform":{"x":174.01}},{"duration":2,"curve":[0,0,1,1],"transform":{"x":165.71}},{"duration":3,"curve":[0,0,1,1],"transform":{"y":-8.11,"x":64.45}},{"duration":1,"tweenEasing":null,"transform":{}}],"name":"Rleg"},{"frame":[{"duration":8,"tweenEasing":null,"transform":{}},{"duration":3,"curve":[0,0,1,1],"transform":{}},{"duration":5,"tweenEasing":null,"transform":{"skX":-25.02,"skY":-25.02}},{"duration":3,"curve":[0,0,1,1],"transform":{"skX":-25.02,"skY":-25.02}},{"duration":3,"curve":[0,0,1,1],"transform":{}},{"duration":1,"curve":[0,0,1,1],"transform":{"skX":-10.5,"skY":-10.5}},{"duration":1,"curve":[0,0,1,1],"transform":{"skX":-23.06,"skY":-23.06}},{"duration":1,"curve":[0,0,1,1],"transform":{"skX":-17.93,"skY":-17.93}},{"duration":2,"curve":[0,0,1,1],"transform":{"skX":11.37,"skY":11.37}},{"duration":11,"tweenEasing":null,"transform":{"skX":-17.79,"skY":-17.79}},{"duration":2,"curve":[0,0,1,1],"transform":{"skX":-17.79,"skY":-17.79}},{"duration":10,"curve":[0,0,1,1],"transform":{"skX":18.72,"skY":18.72}},{"duration":0,"tweenEasing":null,"transform":{}}],"name":"LgearB"},{"frame":[{"duration":8,"curve":[0,0,1,1],"transform":{}},{"duration":3,"curve":[0,0,1,1],"transform":{"skX":-24.79,"skY":-24.79}},{"duration":5,"tweenEasing":null,"transform":{"skX":-81.81,"skY":-81.81}},{"duration":2,"curve":[0,0,1,1],"transform":{"skX":-81.81,"skY":-81.81}},{"duration":1,"curve":[0,0,1,1],"transform":{"skX":-67.73,"skY":-67.73}},{"duration":3,"curve":[0,0,1,1],"transform":{"skX":18.37,"skY":18.37}},{"duration":1,"curve":[0,0,1,1],"transform":{"skX":-45.61,"skY":-45.61}},{"duration":1,"curve":[0,0,1,1],"transform":{"skX":-71.06,"skY":-71.06}},{"duration":1,"curve":[0,0,1,1],"transform":{"skX":-61.71,"skY":-61.71}},{"duration":1,"curve":[0,0,1,1],"transform":{"skX":10.72,"skY":10.72}},{"duration":1,"curve":[0,0,1,1],"transform":{"skX":-47.36,"skY":-47.36}},{"duration":11,"curve":[0,0,1,1],"transform":{"skX":-69.43,"skY":-69.43}},{"duration":1,"curve":[0,0,1,1],"transform":{"skX":-67.09,"skY":-67.09}},{"duration":1,"curve":[0,0,1,1],"transform":{"skX":-35.58,"skY":-35.58}},{"duration":10,"curve":[0,0,1,1],"transform":{"skX":11.83,"skY":11.83}},{"duration":0,"tweenEasing":null,"transform":{}}],"name":"LgearA"},{"frame":[{"duration":9,"curve":[0,0,1,1],"transform":{}},{"duration":4,"curve":[0,0,1,1],"transform":{"y":-1.15,"x":-2.57}},{"duration":15,"curve":[0,0,1,1],"transform":{"y":-1.61,"x":-7.72}},{"duration":10,"tweenEasing":null,"transform":{"y":0.76,"x":-8.35}},{"duration":12,"curve":[0,0,1,1],"transform":{"y":0.76,"x":-8.35}},{"duration":0,"tweenEasing":null,"transform":{}}],"name":"Head"},{"frame":[{"duration":15,"tweenEasing":null,"transform":{}},{"duration":10,"curve":[0,0,1,1],"transform":{}},{"duration":4,"curve":[0,0,1,1],"transform":{"scX":1.1,"x":133.54}},{"duration":9,"tweenEasing":null,"transform":{"scX":1.121,"x":146.16}},{"duration":2,"curve":[0,0,1,1],"transform":{"scX":1.121,"x":146.16}},{"duration":8,"curve":[0,0,1,1],"transform":{"scX":1.096,"x":146.16}},{"duration":2,"tweenEasing":null,"transform":{}}],"name":"R_Shadow"},{"frame":[{"duration":5,"tweenEasing":null,"transform":{}},{"duration":6,"curve":[0,0,1,1],"transform":{}},{"duration":6,"curve":[0,0,1,1],"transform":{"skX":-27.01,"skY":-27.01}},{"duration":6,"curve":[0,0,1,1],"transform":{"skX":-21.74,"skY":-21.74}},{"duration":3,"curve":[0,0,1,1],"transform":{"skX":-52.18,"skY":-52.18}},{"duration":2,"curve":[0,0,1,1],"transform":{"skX":6.9,"skY":6.9}},{"duration":9,"tweenEasing":null,"transform":{"skX":25.28,"skY":25.28}},{"duration":2,"curve":[0,0,1,1],"transform":{"skX":25.28,"skY":25.28}},{"duration":3,"curve":[0,0,1,1],"transform":{"skX":-54.43,"skY":-54.43}},{"duration":2,"curve":[0,0,1,1],"transform":{"skX":-67.55,"skY":-67.55}},{"duration":3,"curve":[0,0,1,1],"transform":{"skX":-21.65,"skY":-21.65}},{"duration":1,"curve":[0,0,1,1],"transform":{"skX":-43.33,"skY":-43.33}},{"duration":2,"curve":[0,0,1,1],"transform":{"skX":-15.7,"skY":-15.7}},{"duration":0,"tweenEasing":null,"transform":{}}],"name":"RgearA"},{"frame":[{"duration":37,"tweenEasing":null,"transform":{}},{"duration":5,"curve":[0,0,1,1],"transform":{}},{"duration":6,"curve":[0,0,1,1],"transform":{"skX":-33.6,"skY":-33.6}},{"duration":2,"tweenEasing":null,"transform":{}}],"name":"RgearB"},{"frame":[{"duration":50,"tweenEasing":null,"transform":{}},{"duration":0,"tweenEasing":null,"transform":{}}],"name":"RgearC"},{"frame":[{"duration":50,"tweenEasing":null,"transform":{}}],"name":"root"},{"frame":[{"duration":50,"tweenEasing":null,"transform":{}}],"name":"R_Character"},{"frame":[{"duration":50,"tweenEasing":null,"transform":{}}],"name":"LlegTop"},{"frame":[{"duration":50,"tweenEasing":null,"transform":{}}],"name":"RlegTop"},{"frame":[{"duration":50,"tweenEasing":null,"transform":{}}],"name":"LlegBot"},{"frame":[{"duration":50,"tweenEasing":null,"transform":{}}],"name":"RlegBot"},{"frame":[{"duration":50,"tweenEasing":null,"transform":{}}],"name":"HaloPull"},{"frame":[{"duration":50,"tweenEasing":null,"transform":{}}],"name":"RarmBot"}],"slot":[],"ffd":[],"name":"Skill"},{"duration":12,"frame":[],"bone":[{"frame":[{"duration":2,"curve":[0,0,1,1],"transform":{"skX":5.47,"skY":5.47,"y":2.72,"x":-3.53}},{"duration":6,"curve":[0.622,0.17,0.787,0.45],"transform":{"skX":-16.36,"skY":-16.36,"y":-5.04,"x":-48.47}},{"duration":4,"curve":[0.387,0.69,0.745,1],"transform":{"skX":-16.36,"skY":-16.36,"y":3.6,"x":-14.03}},{"duration":0,"tweenEasing":null,"transform":{"skX":5.47,"skY":5.47,"y":2.72,"x":-3.53}}],"name":"Hip"},{"frame":[{"duration":4,"curve":[0,0,1,1],"transform":{"y":-0.79,"x":28.32}},{"duration":8,"curve":[0.549,0.04,0.67,0.7],"transform":{"y":5.53,"x":-32.87}},{"duration":0,"tweenEasing":null,"transform":{"y":-0.79,"x":28.32}}],"name":"Rarm"},{"frame":[{"duration":2,"curve":[0,0,1,1],"transform":{"skX":9.86,"skY":9.86}},{"duration":10,"curve":[0.622,0.17,0.787,0.45],"transform":{"skX":-17.97,"skY":-17.97}},{"duration":0,"tweenEasing":null,"transform":{"skX":9.86,"skY":9.86}}],"name":"LarmTop"},{"frame":[{"duration":5,"curve":[0,0,1,1],"transform":{"skX":-11.86,"skY":-11.86}},{"duration":7,"curve":[0.277,0.61,0.565,1],"transform":{"skX":-18.6,"skY":-18.6}},{"duration":0,"tweenEasing":null,"transform":{"skX":-11.86,"skY":-11.86}}],"name":"Spine"},{"frame":[{"duration":4,"curve":[0,0,1,1],"transform":{}},{"duration":8,"curve":[0.339,0.71,0.765,1],"transform":{"skX":5.63,"skY":5.63}},{"duration":0,"tweenEasing":null,"transform":{}}],"name":"Chest"},{"frame":[{"duration":2,"curve":[0,0,1,1],"transform":{}},{"duration":10,"curve":[0.355,0.71,0.764,1],"transform":{"y":-2.47,"x":-1.38}},{"duration":0,"tweenEasing":null,"transform":{}}],"name":"Lshoulder"},{"frame":[{"duration":2,"curve":[0,0,1,1],"transform":{}},{"duration":10,"curve":[0.355,0.71,0.764,1],"transform":{"y":-7.48,"x":-3.7}},{"duration":0,"tweenEasing":null,"transform":{}}],"name":"Rshoulder"},{"frame":[{"duration":6,"curve":[0,0,1,1],"transform":{"skX":-3.1,"skY":-3.1}},{"duration":6,"curve":[0.371,0.48,0.752,1],"transform":{"skX":-12.67,"skY":-12.67}},{"duration":0,"tweenEasing":null,"transform":{"skX":-3.1,"skY":-3.1}}],"name":"LarmBot"},{"frame":[{"duration":2,"curve":[0,0,1,1],"transform":{"y":-7.21,"x":2.03}},{"duration":4,"curve":[0.315,0.46,0.669,0.79],"transform":{"y":-15.26,"x":3.78}},{"duration":6,"curve":[0.387,0.69,0.745,1],"transform":{"y":-46.85,"x":-12.54}},{"duration":0,"tweenEasing":null,"transform":{"y":-7.21,"x":2.03}}],"name":"IKhead"},{"frame":[{"duration":4,"curve":[0,0,1,1],"transform":{}},{"duration":8,"curve":[0.384,0.7,0.752,1],"transform":{"y":-6.26}},{"duration":0,"tweenEasing":null,"transform":{}}],"name":"HaloFlarePull"},{"frame":[{"duration":2,"curve":[0,0,1,1],"transform":{"x":-8.92}},{"duration":2,"tweenEasing":0,"transform":{"skX":-0.2862,"skY":-0.2862,"y":-56.657,"x":15.4094}},{"duration":6,"curve":[0.622,0.17,0.787,0.45],"transform":{"y":-58.43,"x":19.24}},{"duration":2,"tweenEasing":null,"transform":{"x":-8.92}}],"name":"Lleg"},{"frame":[{"duration":12,"tweenEasing":null,"transform":{}},{"duration":0,"tweenEasing":null,"transform":{}}],"name":"Rleg"},{"frame":[{"duration":2,"curve":[0,0,1,1],"transform":{}},{"duration":10,"curve":[0.622,0.17,0.787,0.45],"transform":{"skX":17.13,"skY":17.13}},{"duration":0,"tweenEasing":null,"transform":{}}],"name":"Halo"},{"frame":[{"duration":12,"tweenEasing":null,"transform":{}}],"name":"root"},{"frame":[{"duration":12,"tweenEasing":null,"transform":{}}],"name":"R_Character"},{"frame":[{"duration":12,"tweenEasing":null,"transform":{}}],"name":"R_Shadow"},{"frame":[{"duration":12,"tweenEasing":null,"transform":{}}],"name":"LlegTop"},{"frame":[{"duration":12,"tweenEasing":null,"transform":{}}],"name":"RlegTop"},{"frame":[{"duration":12,"tweenEasing":null,"transform":{}}],"name":"LlegBot"},{"frame":[{"duration":12,"tweenEasing":null,"transform":{}}],"name":"RlegBot"},{"frame":[{"duration":12,"tweenEasing":null,"transform":{}}],"name":"LgearA"},{"frame":[{"duration":12,"tweenEasing":null,"transform":{}}],"name":"LgearB"},{"frame":[{"duration":12,"tweenEasing":null,"transform":{}}],"name":"Head"},{"frame":[{"duration":12,"tweenEasing":null,"transform":{}}],"name":"RarmTop"},{"frame":[{"duration":12,"tweenEasing":null,"transform":{}}],"name":"RgearC"},{"frame":[{"duration":12,"tweenEasing":null,"transform":{}}],"name":"RgearB"},{"frame":[{"duration":12,"tweenEasing":null,"transform":{}}],"name":"RgearA"},{"frame":[{"duration":12,"tweenEasing":null,"transform":{}}],"name":"HaloPull"},{"frame":[{"duration":12,"tweenEasing":null,"transform":{}}],"name":"RarmBot"}],"slot":[],"ffd":[],"name":"DamageB"}],"skin":[{"slot":[{"display":[{"path":"RlegBot","type":"image","name":"RlegBot","transform":{"skX":-123.64,"skY":-123.64,"y":-1.56,"x":24.16}}],"name":"RlegBot"},{"display":[{"triangles":[4,5,6,7,4,6,9,3,8,8,3,4,2,0,1,8,4,7,9,10,3,10,11,3,12,0,2,3,11,2,11,12,2],"uvs":[0.27822,1,0.60958,0.84393,0.43403,0.60155,0.44939,0.43278,0.61397,0.3448,0.91461,0.39148,0.96727,0.08267,0.59203,0.02701,0.44846,0.05101,0.14742,0.18326,0.05658,0.28196,0.0127,0.56025,0.04342,0.71107],"weights":[1,13,1,1,13,1,2,13,0.504,22,0.496,2,23,0.496,22,0.504,2,24,0.496,23,0.504,1,10,1,1,10,1,2,24,0.496,23,0.504,2,24,0.25,23,0.75,2,23,0.496,22,0.504,2,23,0.25,22,0.75,1,22,1,2,13,0.75,22,0.25],"vertices":[-36.32,-27.25,-24.52,-34.36,-31.06,-44.89,-30.66,-52.33,-24.81,-56.32,-13.75,-54.33,-11.75,-67.91,-25.88,-70.28,-31.03,-69.12,-41.75,-63.09,-44.92,-58.68,-46.26,-46.4,-45.02,-39.79],"userEdges":[10,3,3,9,4,8,7,4,12,2,2,11],"path":"RlegGear","bonePose":[13,-0.5371524005879043,0.8434852094391766,-0.8434852094391766,-0.5371524005879043,-19.328000812491997,-47.07807175787681,22,-0.9817933219112156,-0.18995229151168436,0.18995229151168436,-0.9817933219112156,-19.31423723579565,-46.95075104488586,23,-0.6733996911727043,-0.7392786050796455,0.7392786050796455,-0.6733996911727043,-19.485242473600852,-47.035940296808775,24,-0.07080108193552587,-0.9974904544890436,0.9974904544890436,-0.07080108193552587,-19.48595480636807,-47.20237194218318,10,-0.5160849176847749,0.8565374234312818,-0.8565374234312818,-0.5160849176847749,6.59,-90.21],"slotPose":[1,0,0,1,0,0],"type":"mesh","transform":{},"width":36,"edges":[11,12,12,0,0,1,1,2,2,3,3,4,4,5,5,6,6,7,7,8,8,9,9,10,10,11],"height":44,"name":"RlegGear"}],"name":"RlegGear"},{"display":[{"path":"RarmBot","type":"image","name":"RarmBot","transform":{"skX":-119.02,"skY":-119.02,"y":2.62,"x":14.11}}],"name":"RarmBot"},{"display":[{"path":"Shadow","type":"image","name":"Shadow","transform":{"y":3.09,"x":-0.6}}],"name":"Shadow"},{"display":[{"triangles":[8,2,3,4,8,3,8,1,2,8,0,1,5,8,4,7,0,8,5,6,8,6,7,8],"uvs":[0.28365,0.81011,0.76364,0.89331,0.96437,0.69172,0.97891,0.43892,0.67346,0.07732,0.32147,0.02612,0.03638,0.13492,0,0.45812,0.43536,0.52075],"weights":[3,19,0.07785,20,0.63294,11,0.28921,3,19,0.07785,20,0.63294,11,0.28921,3,19,0.07785,20,0.63294,11,0.28921,3,19,0.06646,20,0.54033,11,0.39321,3,19,0.06646,20,0.54033,11,0.39321,3,19,0.06646,20,0.54033,11,0.39321,3,19,0.07785,20,0.63294,11,0.28921,3,19,0.07785,20,0.63294,11,0.28921,3,19,0.07785,20,0.63294,11,0.28921],"vertices":[-12.69,-124.7,-2.13,-123.04,2.29,-127.07,2.61,-132.12,-4.11,-139.36,-11.86,-140.38,-18.13,-138.21,-18.93,-131.74,-9.35,-130.49],"userEdges":[0,8,8,4,6,8,8,2],"path":"RarmShoulder","bonePose":[19,-0.7365694562709035,0.6763619120624592,-0.6763619120624592,-0.7365694562709035,-8.903533954246566,-127.93733293998764,20,-0.32160473089197966,-0.946874013302666,0.946874013302666,-0.32160473089197966,-20.84248049296932,-151.55227853690823,11,-0.32160473089197966,-0.946874013302666,0.946874013302666,-0.32160473089197966,14.215696825294923,-114.65705929211796],"slotPose":[1,0,0,1,0,0],"type":"mesh","transform":{},"width":22,"edges":[7,0,0,1,1,2,2,3,3,4,4,5,5,6,6,7],"height":20,"name":"RarmShoulder"}],"name":"RarmShoulder"},{"display":[{"triangles":[17,30,16,16,30,15,27,13,14,15,28,14,28,27,14,27,26,13,13,26,12,26,11,12,17,21,30,23,24,27,24,26,27,23,27,28,29,23,28,21,29,30,10,11,26,25,10,26,24,25,26,19,23,29,21,19,29,33,25,24,25,9,10,19,22,23,22,31,23,31,32,23,33,8,25,8,9,25,20,21,17,18,20,17,20,19,21,31,6,32,5,6,31,22,4,31,4,5,31,4,22,19,20,4,19,20,3,4,2,3,20,1,2,20,0,1,20,18,0,20,30,15,29,29,28,15,8,7,33,6,32,33,7,6,33,24,33,23,32,33,23],"uvs":[0.08542,0,0.02911,0.02869,0.03453,0.14339,0.14864,0.22245,0.44897,0.49425,0.41875,0.6386,0.4643,0.75251,0.40395,0.81707,0.53562,0.84166,0.51208,0.90381,0.76668,0.97174,0.8463,0.95947,0.91008,0.88425,0.92341,0.73012,0.96363,0.62838,0.98341,0.51773,0.94941,0.39469,0.63986,0.22795,0.26675,0.06815,0.54844,0.41388,0.26315,0.17603,0.61288,0.33605,0.52589,0.48488,0.73224,0.55864,0.7278,0.71298,0.67447,0.82602,0.83335,0.85646,0.87891,0.71298,0.86113,0.54233,0.79632,0.47306,0.83632,0.4388,0.5516,0.60698,0.61734,0.71308,0.65057,0.75028],"weights":[2,20,0.936,11,0.064,1,20,1,1,20,1,2,20,0.864,11,0.136,2,20,0.4,11,0.6,3,20,0.22848,11,0.61152,19,0.16,3,20,0.2688,11,0.5712,19,0.16,2,20,0.48,11,0.52,2,20,0.376,11,0.624,2,20,0.288,11,0.712,2,20,0.096,11,0.904,2,20,0.056,11,0.944,1,11,1,2,20,0.184,11,0.816,2,20,0.184,11,0.816,2,20,0.184,11,0.816,2,20,0.128,11,0.872,2,20,0.208,11,0.792,2,20,0.704,11,0.296,2,20,0.48,11,0.52,2,20,0.752,11,0.248,2,20,0.328,11,0.672,2,20,0.4,11,0.6,2,20,0.32,11,0.68,2,20,0.328,11,0.672,2,20,0.304,11,0.696,2,20,0.12,11,0.88,2,20,0.128,11,0.872,2,20,0.272,11,0.728,2,20,0.272,11,0.728,2,20,0.104,11,0.896,3,20,0.40992,11,0.43008,19,0.16,3,20,0.34944,11,0.49056,19,0.16,2,20,0.368,11,0.632],"vertices":[-23.95,-156,-26.48,-154.68,-26.24,-149.4,-21.1,-145.76,-7.59,-133.26,-8.94,-126.62,-6.89,-121.39,-9.61,-118.41,-3.68,-117.28,-4.75,-114.42,6.72,-111.3,10.29,-111.87,13.17,-115.32,13.77,-122.41,15.58,-127.1,16.47,-132.18,14.94,-137.84,1.01,-145.52,-15.78,-152.86,-3.11,-136.96,-15.95,-147.9,-0.21,-140.54,-4.12,-133.7,5.16,-130.3,4.96,-123.21,2.56,-118,9.71,-116.6,11.77,-123.2,10.97,-131.05,8.05,-134.24,9.85,-135.82,-2.96,-128.08,0,-123.2,1.49,-121.49],"userEdges":[4,19,1,20,20,21,19,21,21,17,4,22,22,23,23,24,24,25,10,26,26,27,27,28,28,23,15,29,29,19,28,29,15,30,30,21,29,30,30,16,8,25,31,23,32,23,32,6,5,31,26,12,27,13,27,14,28,15,7,33,33,24,33,23,33,25,33,32,23,29],"path":"Rshoulder","bonePose":[20,-0.32160473089197966,-0.946874013302666,0.946874013302666,-0.32160473089197966,-20.84248049296932,-151.55227853690823,11,-0.32160473089197966,-0.946874013302666,0.946874013302666,-0.32160473089197966,14.215696825294923,-114.65705929211796,19,-0.7365694562709035,0.6763619120624592,-0.6763619120624592,-0.7365694562709035,-8.903533954246566,-127.93733293998764],"slotPose":[1,0,0,1,0,0],"type":"mesh","transform":{},"width":45,"edges":[1,2,2,3,3,4,4,5,5,6,6,7,7,8,8,9,9,10,10,11,11,12,12,13,13,14,14,15,15,16,16,17,17,18,18,0,0,1],"height":46,"name":"Rshoulder"}],"name":"Rshoulder"},{"display":[{"path":"LarmBot","type":"image","name":"LarmBot","transform":{"skX":-27.02,"skY":-27.02,"y":-3.95,"x":58.56}}],"name":"LarmBot"},{"display":[{"triangles":[13,15,14,24,25,12,11,24,12,10,24,11,22,25,24,8,27,9,26,27,8,23,22,24,25,0,15,7,26,8,22,20,25,20,0,25,16,17,20,19,16,23,18,19,27,26,18,27,17,0,20,18,16,19,17,4,0,16,4,17,18,21,16,21,4,16,26,21,18,7,6,26,5,4,21,3,2,1,4,1,0,3,1,4,20,16,22,23,16,22,26,21,6,6,5,21,23,24,9,9,24,10,27,19,23,27,23,9,12,13,25,25,15,13],"uvs":[0.64874,0.8326,0.14852,1,0,0.96681,0,0.92814,0.46293,0.79857,0.15448,0.62433,0.01407,0.35668,0.16483,0,0.7911,0,0.83017,0.31447,0.88354,0.37742,0.91387,0.49978,0.95676,0.73067,0.99174,0.92821,0.99293,1,0.77584,0.95998,0.57168,0.6942,0.59004,0.73611,0.51945,0.55566,0.6666,0.52126,0.68397,0.73671,0.47799,0.6849,0.72474,0.69806,0.70229,0.62978,0.8028,0.64627,0.76029,0.79893,0.45472,0.45424,0.69027,0.42216],"weights":[2,21,0.96,25,0.04,1,25,1,1,25,1,1,25,1,2,21,0.96,25,0.04,1,25,1,1,25,1,1,25,1,1,25,1,1,25,1,1,25,1,1,25,1,1,25,1,1,25,1,1,25,1,2,21,0.96,25,0.04,2,21,0.96,25,0.04,2,21,0.96,25,0.04,2,21,0.96,25,0.04,2,21,0.96,25,0.04,2,21,0.96,25,0.04,2,21,0.96,25,0.04,2,21,0.96,25,0.04,2,21,0.96,25,0.04,2,21,0.96,25,0.04,2,21,0.96,25,0.04,1,21,1,1,21,1],"vertices":[10.04,-126.93,-63,-109.35,-84.68,-112.84,-84.68,-116.9,-17.08,-130.5,-62.12,-148.8,-82.62,-176.9,-60.62,-214.35,30.82,-214.36,36.52,-181.33,44.31,-174.73,48.74,-161.88,55,-137.63,60.11,-116.9,60.29,-109.35,28.6,-113.55,-1.21,-141.46,1.47,-137.06,-8.84,-156.01,12.65,-159.62,15.18,-137,-14.89,-142.44,21.14,-141.06,17.86,-148.23,32.53,-146.5,26.33,-130.46,-18.29,-166.66,16.11,-170.03],"userEdges":[16,21,16,22,21,6,18,16,16,19,18,19,21,18,17,0,0,20,16,20,17,4,17,16,17,20,19,23,23,22,23,9,11,24,24,22,24,10,13,25,25,20,22,25,25,12,7,26,26,18,21,26,8,27,27,19,26,27,23,27],"path":"HaloFlare","bonePose":[21,-0.4068960806410624,-0.9134744547927666,0.9134744547927666,-0.4068960806410624,9.867429458917858,-134.7353129739126,25,-0.4068960806410624,-0.9134744547927666,0.9134744547927666,-0.4068960806410624,2.458766984313234,-151.49050978974816],"slotPose":[1,0,0,1,0,0],"type":"mesh","transform":{},"width":146,"edges":[2,1,1,0,0,15,15,14,14,13,13,12,12,11,11,10,10,9,9,8,8,7,7,6,6,5,5,4,4,3,3,2],"height":105,"name":"HaloFlare"}],"name":"HaloFlare"},{"display":[{"path":"LlegTop","type":"image","name":"LlegTop","transform":{"skX":-84.13,"skY":-84.13,"y":-0.24,"x":17.88}}],"name":"LlegTop"},{"display":[{"path":"LarmGear","type":"image","name":"LarmGear","transform":{"skX":-46.65,"skY":-46.65,"y":-0.62,"x":50.41}}],"name":"LarmGear"},{"display":[{"triangles":[15,4,5,16,15,5,16,5,6,7,17,6,17,16,6,8,17,7,13,15,16,15,3,4,9,14,8,8,14,17,14,13,17,13,12,15,12,3,15,17,13,16,2,3,12,0,12,13,11,0,13,14,11,13,10,11,14,9,10,14,0,1,12,1,2,12],"uvs":[0.1926,0.55494,0.0606,0.6545,0.1296,0.84294,0.35936,0.96966,0.77759,0.9496,0.91859,0.71139,0.94859,0.44117,0.88259,0.19584,0.5436,0.02695,0.2136,0.10873,0.1326,0.31317,0.2796,0.44117,0.4116,0.65983,0.5286,0.45539,0.4626,0.31139,0.6234,0.68736,0.67528,0.45743,0.59346,0.29012],"weights":[2,9,0.712,11,0.288,1,9,1,2,9,0.904,11,0.096,2,9,0.904,11,0.096,1,9,1,2,9,0.712,11,0.288,2,9,0.392,11,0.608,2,9,0.096,11,0.904,1,11,1,1,11,1,2,9,0.096,11,0.904,2,9,0.392,11,0.608,2,9,0.712,11,0.288,1,11,1,2,9,0.096,11,0.904,2,9,0.712,11,0.288,2,9,0.392,11,0.608,2,9,0.096,11,0.904],"vertices":[8.48,-114.43,6.36,-111.74,7.46,-106.66,11.15,-103.23,17.83,-103.77,20.09,-110.21,20.57,-117.5,19.51,-124.13,14.09,-128.69,8.82,-126.48,7.51,-120.96,9.87,-117.51,11.98,-111.6,13.85,-117.12,12.8,-121.01,15.37,-110.86,16.2,-117.06,14.89,-121.58],"userEdges":[0,12,11,13,10,14,14,13,13,12,12,2,5,15,15,12,3,15,6,16,16,13,15,16,7,17,17,14,16,17,17,8,14,9],"path":"Spine","bonePose":[9,0.28217402066925906,-0.9593632378089878,0.9593632378089878,0.28217402066925906,11.14,-104.2,11,-0.32160473089197966,-0.946874013302666,0.946874013302666,-0.32160473089197966,14.215696825294923,-114.65705929211796],"slotPose":[1,0,0,1,0,0],"type":"mesh","transform":{},"width":16,"edges":[1,2,2,3,3,4,4,5,5,6,6,7,7,8,8,9,9,10,10,11,11,0,0,1],"height":27,"name":"Spine"}],"name":"Spine"},{"display":[{"triangles":[6,23,7,23,21,7,21,8,7,2,17,3,23,18,21,5,23,6,17,20,5,22,18,23,5,20,23,20,22,23,18,10,9,22,10,18,17,16,20,20,19,22,1,17,2,16,19,20,0,15,16,15,14,16,16,0,17,1,0,17,5,17,4,3,17,4,22,10,19,10,11,19,11,12,19,13,12,19,9,18,8,21,18,8,16,19,14,14,13,19],"uvs":[0.09538,0.05891,0.20122,0.00157,0.56811,0.09757,0.90846,0.21921,0.93169,0.33333,0.70011,0.44557,0.81211,0.53054,0.90069,0.7486,0.87093,0.92757,0.74087,0.86757,0.59334,0.92157,0.46328,0.98157,0.28664,0.91957,0.26722,0.62157,0.05175,0.41357,0.04011,0.14957,0.3664,0.35512,0.53781,0.21733,0.69204,0.75121,0.42822,0.524,0.5576,0.46812,0.79622,0.7763,0.56526,0.68297,0.74486,0.57697],"weights":[1,11,1,1,11,1,2,11,0.424,17,0.576,1,17,1,1,17,1,2,11,0.536,17,0.464,2,11,0.728,17,0.272,2,11,0.728,17,0.272,2,11,0.552,17,0.448,2,11,0.528,17,0.472,2,11,0.784,17,0.216,2,11,0.784,17,0.216,1,11,1,1,11,1,1,11,1,1,11,1,2,11,0.336,17,0.664,2,11,0.424,17,0.576,2,11,0.528,17,0.472,2,11,0.688,17,0.312,2,11,0.536,17,0.464,2,11,0.528,17,0.472,2,11,0.64,17,0.36,2,11,0.64,17,0.36],"vertices":[6.65,-143.06,10.25,-144.95,22.72,-141.78,34.29,-137.77,35.08,-134.01,27.21,-130.3,31.02,-127.49,34.03,-120.3,33.02,-114.39,28.6,-116.37,23.58,-114.6,19.16,-112.61,13.15,-114.65,12.49,-124.49,5.17,-131.35,4.77,-140.07,15.86,-133.29,21.69,-137.83,26.93,-120.21,17.97,-127.71,22.37,-129.56,30.48,-119.39,22.62,-122.47,28.73,-125.97],"userEdges":[15,16,0,17,17,4,9,18,19,13,14,16,10,19,11,19,12,19,18,8,5,20,20,19,21,8,21,18,18,22,22,19,20,23,23,21,22,23,23,6,19,14,19,16,20,17,16,20,16,17],"path":"Lshoulder","bonePose":[11,-0.32160473089197966,-0.946874013302666,0.946874013302666,-0.32160473089197966,14.215696825294923,-114.65705929211796,17,-0.32160473089197966,-0.946874013302666,0.946874013302666,-0.32160473089197966,30.326844079221715,-135.44274028077666],"slotPose":[1,0,0,1,0,0],"type":"mesh","transform":{},"width":34,"edges":[15,14,14,13,13,12,12,11,11,10,10,9,9,8,8,7,7,6,6,5,5,4,4,3,3,2,2,1,1,0,0,15],"height":33,"name":"Lshoulder"}],"name":"Lshoulder"},{"display":[{"path":"Pelvis","type":"image","name":"Pelvis","transform":{"y":0.43,"x":-2.93}}],"name":"Pelvis"},{"display":[{"path":"RarmTop","type":"image","name":"RarmTop","transform":{"skX":-137.44,"skY":-137.44,"y":-1.16,"x":13.55}}],"name":"RarmTop"},{"display":[{"path":"LlegBot","type":"image","name":"LlegBot","transform":{"skX":-84.44,"skY":-84.44,"y":2.78,"x":22.62}}],"name":"LlegBot"},{"display":[{"path":"RlegTop","type":"image","name":"RlegTop","transform":{"skX":-120.67,"skY":-120.67,"y":-1.23,"x":24.03}}],"name":"RlegTop"},{"display":[{"triangles":[22,11,3,11,2,3,10,22,4,5,10,4,22,3,4,18,11,22,15,18,22,10,15,22,11,21,2,21,1,2,17,15,10,18,21,11,6,23,5,12,21,18,23,17,10,5,23,10,23,14,17,20,15,17,15,20,18,20,12,18,14,20,17,8,1,21,8,21,12,19,8,12,20,19,12,13,19,20,16,13,20,16,20,14,16,14,23,9,16,23,6,9,23,0,1,8,19,24,8,16,9,13,9,24,13,24,19,13,6,7,9,24,0,8,7,24,9,7,0,24],"uvs":[0.04615,0.65641,0.38719,0.97146,0.68723,0.97362,0.95559,0.56363,0.95,0.26584,0.61269,0.03495,0.3611,0.02416,0.03124,0.33705,0.35924,0.62836,0.33314,0.29389,0.61455,0.26152,0.70573,0.62699,0.50087,0.55715,0.34805,0.42984,0.47105,0.29821,0.60896,0.41773,0.3851,0.33811,0.56726,0.32938,0.58745,0.50333,0.4041,0.52476,0.47927,0.42884,0.51836,0.6562,0.71291,0.42934,0.48018,0.22197,0.25836,0.43566],"weights":[3,11,0.62224,20,0.29947,17,0.07829,3,11,0.76623,20,0.18532,17,0.04845,3,11,0.73549,20,0.04347,17,0.22104,3,11,0.59149,20,0.06714,17,0.34137,3,11,0.59149,20,0.06714,17,0.34137,3,11,0.73549,20,0.04347,17,0.22104,3,11,0.76623,20,0.18532,17,0.04845,3,11,0.62224,20,0.29947,17,0.07829,3,11,0.76623,20,0.18532,17,0.04845,3,11,0.76623,20,0.18532,17,0.04845,3,11,0.73549,20,0.04347,17,0.22104,3,11,0.73549,20,0.04347,17,0.22104,3,11,0.79544,20,0.10034,17,0.10422,3,11,0.79487,20,0.15689,17,0.04824,3,11,0.79544,20,0.10034,17,0.10422,3,11,0.75718,20,0.04375,17,0.19906,3,11,0.81887,20,0.13853,17,0.04259,3,11,0.78118,20,0.03943,17,0.17939,3,11,0.78118,20,0.03943,17,0.17939,3,11,0.81887,20,0.13853,17,0.04259,3,11,0.79544,20,0.10034,17,0.10422,3,11,0.79544,20,0.10034,17,0.10422,3,11,0.73549,20,0.04347,17,0.22104,3,11,0.79544,20,0.10034,17,0.10422,3,11,0.76623,20,0.18532,17,0.04845],"vertices":[8.35,-124.86,15.86,-118.88,22.46,-118.84,28.36,-126.62,28.24,-132.28,20.82,-136.67,15.28,-136.88,8.02,-130.93,15.24,-125.4,14.66,-131.75,20.85,-132.36,22.86,-125.42,18.36,-126.75,14.99,-129.17,17.7,-131.67,20.73,-129.39,15.81,-130.91,19.81,-131.08,20.26,-127.77,16.22,-127.37,17.88,-129.19,18.74,-124.87,23.02,-129.18,17.9,-133.11,13.02,-129.06],"userEdges":[1,8,8,0,7,9,9,6,5,10,10,4,3,11,11,2,13,16,16,14,16,9,14,17,17,15,17,10,12,18,18,15,18,11,12,19,19,13,19,8,13,20,20,14,20,15,20,12,8,21,21,11,11,22,22,10,10,23,23,9,9,24,24,8],"path":"Crest","bonePose":[11,-0.32160473089197966,-0.946874013302666,0.946874013302666,-0.32160473089197966,14.215696825294923,-114.65705929211796,20,-0.32160473089197966,-0.946874013302666,0.946874013302666,-0.32160473089197966,-20.84248049296932,-151.55227853690823,17,-0.32160473089197966,-0.946874013302666,0.946874013302666,-0.32160473089197966,30.326844079221715,-135.44274028077666],"slotPose":[1,0,0,1,0,0],"type":"mesh","transform":{},"width":22,"edges":[7,0,0,1,1,2,2,3,3,4,4,5,5,6,6,7],"height":19,"name":"Crest"}],"name":"Crest"},{"display":[{"path":"Head","type":"image","name":"Head","transform":{"skX":46.74,"skY":46.74,"y":-10.75,"x":9.9}}],"name":"Head"},{"display":[{"path":"LarmTop","type":"image","name":"LarmTop","transform":{"skX":-46.65,"skY":-46.65,"y":-3.57,"x":17.43}}],"name":"LarmTop"},{"display":[{"triangles":[50,39,36,49,50,22,21,49,22,51,54,23,54,24,23,22,51,23,39,56,36,50,49,39,56,55,36,54,25,24,36,54,51,20,48,21,57,56,39,38,57,39,49,38,39,55,54,36,55,25,54,56,27,55,27,26,55,55,26,25,57,27,56,0,27,57,35,57,38,48,35,38,19,47,20,58,1,0,34,58,35,18,46,19,59,2,1,60,2,59,33,60,59,60,3,2,61,3,60,17,45,18,61,4,3,53,10,9,8,53,9,61,5,4,53,52,10,62,5,61,37,61,32,45,37,32,37,62,61,52,11,10,65,28,53,65,53,8,7,65,8,62,6,5,64,29,65,64,65,7,65,29,28,28,52,53,63,6,62,64,7,6,63,64,6,31,63,62,37,31,62,16,44,17,52,40,11,40,52,28,29,40,28,44,31,37,40,12,11,42,14,41,42,41,30,41,13,40,41,40,29,43,31,44,16,43,44,63,30,64,13,12,40,43,42,31,15,42,43,15,43,16,14,13,41,15,14,42,64,29,30,30,41,29,63,30,31,31,42,30,32,60,33,32,61,60,32,33,46,59,33,34,47,33,34,37,44,45,17,44,45,32,45,46,18,45,46,33,46,47,19,46,47,47,34,35,47,35,48,20,47,48,38,48,49,48,49,21,36,50,51,50,51,22,35,57,58,58,0,57,34,58,59,59,1,58],"uvs":[0.73676,0.61324,0.61111,0.44279,0.48475,0.32097,0.41502,0.26913,0.36583,0.26837,0.30773,0.30263,0.25236,0.37429,0.25224,0.47972,0.28476,0.68181,0.35541,0.8671,0.34512,0.96047,0.23475,0.98764,0.12368,0.97598,0.03772,0.74242,0.01385,0.48447,0.03841,0.27008,0.13156,0.09854,0.24879,0.03122,0.44498,0.0322,0.63275,0.14657,0.77164,0.30184,0.89564,0.46764,0.96192,0.65959,0.98352,0.89666,0.9516,0.97325,0.8518,0.9632,0.7966,0.90018,0.80075,0.73188,0.23969,0.85649,0.19584,0.70283,0.15776,0.44528,0.17161,0.29894,0.33852,0.1402,0.48199,0.15845,0.61122,0.25503,0.73007,0.3882,0.91929,0.85503,0.23371,0.17516,0.83015,0.52586,0.89906,0.6807,0.17621,0.9002,0.1139,0.69971,0.08505,0.4363,0.10121,0.26801,0.19236,0.12313,0.32357,0.09991,0.47505,0.12606,0.61697,0.22704,0.75889,0.37484,0.85928,0.51679,0.91697,0.67337,0.94005,0.87386,0.25351,0.90898,0.2812,0.85923,0.91581,0.89874,0.86735,0.86069,0.85005,0.7041,0.78774,0.57825,0.66197,0.41435,0.53966,0.2885,0.4489,0.21777,0.35303,0.19771,0.25928,0.26069,0.18774,0.34996,0.18659,0.46264,0.23044,0.69679],"weights":[2,27,0.024,21,0.976,2,27,0.024,21,0.976,2,27,0.024,21,0.976,2,27,0.024,21,0.976,2,27,0.024,21,0.976,2,27,0.024,21,0.976,2,27,0.024,21,0.976,2,27,0.024,21,0.976,2,27,0.024,21,0.976,2,27,0.024,21,0.976,2,27,0.024,21,0.976,2,27,0.024,21,0.976,2,27,0.024,21,0.976,2,27,0.024,21,0.976,2,27,0.024,21,0.976,2,27,0.024,21,0.976,2,27,0.024,21,0.976,2,27,0.024,21,0.976,2,27,0.024,21,0.976,2,27,0.024,21,0.976,2,27,0.024,21,0.976,2,27,0.024,21,0.976,2,27,0.024,21,0.976,2,27,0.024,21,0.976,2,27,0.024,21,0.976,2,27,0.024,21,0.976,2,27,0.024,21,0.976,2,27,0.024,21,0.976,2,27,0.112,21,0.888,2,27,0.112,21,0.888,2,27,0.112,21,0.888,2,27,0.112,21,0.888,2,27,0.112,21,0.888,2,27,0.12,21,0.88,2,27,0.08,21,0.92,2,27,0.08,21,0.92,2,27,0.08,21,0.92,2,27,0.112,21,0.888,2,27,0.08,21,0.92,2,27,0.08,21,0.92,2,27,0.112,21,0.888,2,27,0.112,21,0.888,2,27,0.112,21,0.888,2,27,0.112,21,0.888,2,27,0.112,21,0.888,2,27,0.112,21,0.888,2,27,0.048,21,0.952,1,21,1,1,21,1,1,21,1,1,21,1,1,21,1,2,27,0.112,21,0.888,2,27,0.04,21,0.96,2,27,0.08,21,0.92,2,27,0.08,21,0.92,2,27,0.08,21,0.92,2,27,0.08,21,0.92,2,27,0.08,21,0.92,2,27,0.08,21,0.92,2,27,0.12,21,0.88,2,27,0.064,21,0.936,2,27,0.04,21,0.96,2,27,0.04,21,0.96,2,27,0.04,21,0.96,2,27,0.04,21,0.96],"vertices":[17.68,-147.88,11.16,-154.87,4.59,-159.86,0.96,-161.99,-1.6,-162.02,-4.62,-160.62,-7.5,-157.67,-7.5,-153.36,-5.81,-145.07,-2.15,-137.47,-2.68,-133.65,-8.42,-132.53,-14.19,-133.01,-18.67,-142.58,-19.9,-153.16,-18.62,-161.95,-13.79,-168.98,-7.69,-171.74,2.52,-171.7,12.28,-167.01,19.5,-160.65,25.95,-153.85,29.4,-145.99,30.52,-136.26,28.86,-133.12,23.67,-133.53,20.8,-136.11,21.01,-143.02,-8.16,-137.9,-10.45,-144.21,-12.42,-154.77,-11.7,-160.76,-3.02,-167.28,4.44,-166.53,11.16,-162.57,17.34,-157.11,27.18,-137.97,-8.47,-165.85,22.55,-151.46,26.13,-145.12,-11.46,-136.12,-14.71,-144.34,-16.2,-155.13,-15.36,-162.03,-10.62,-167.97,-3.8,-168.92,4.08,-167.86,11.46,-163.71,18.84,-157.66,24.06,-151.84,27.06,-145.41,28.26,-137.19,-7.44,-135.75,-6,-137.79,27,-136.18,24.48,-137.74,23.58,-144.16,20.34,-149.32,13.8,-156.04,7.44,-161.2,2.72,-164.1,-2.27,-164.92,-7.14,-162.33,-10.86,-158.67,-10.92,-154.06,-8.64,-144.46],"userEdges":[28,29,29,30,30,31,32,33,33,34,34,35,31,37,37,32,35,38,36,39,39,38,40,41,41,42,42,43,43,44,17,45,45,32,44,45,45,46,46,47,47,48,48,49,49,50,50,51,40,52,52,53,51,54,54,55,55,56,56,57,57,58,58,59,59,60,4,61,61,32,61,60,61,62,62,63,63,64,64,65,65,53,10,52,52,11,25,54,54,24],"path":"Halo","bonePose":[27,-0.4068960806410624,-0.9134744547927666,0.9134744547927666,-0.4068960806410624,2.458766984313234,-151.49050978974816,21,-0.4068960806410624,-0.9134744547927666,0.9134744547927666,-0.4068960806410624,9.867429458917858,-134.7353129739126],"slotPose":[1,0,0,1,0,0],"type":"mesh","transform":{},"width":52,"edges":[14,13,13,12,12,11,11,10,10,9,9,8,8,7,7,6,6,5,5,4,4,3,3,2,2,1,1,0,0,27,27,26,26,25,25,24,24,23,23,22,22,21,21,20,20,19,19,18,18,17,17,16,16,15,15,14],"height":41,"name":"Halo"}],"name":"Halo"},{"display":[{"triangles":[3,4,5,6,3,5,2,9,0,2,0,1,6,7,3,8,9,2,8,2,3,7,8,3],"uvs":[0.65079,1,0.81696,0.66333,0.60331,0.56973,0.58975,0.41596,0.84409,0.3803,0.91531,0.0215,0.21332,0.06608,0.05732,0.29116,0.03697,0.61875,0.14888,0.79258],"weights":[1,12,1,1,12,1,1,16,1,1,15,1,1,8,1,1,8,1,1,15,1,2,16,0.8,15,0.2,1,16,1,2,12,0.8,16,0.2],"vertices":[28.22,-32.6,32.19,-44.34,27.3,-47.68,27.06,-53.06,32.76,-54.27,34.18,-66.85,18.54,-65.4,14.87,-57.58,14.26,-46.11,16.76,-40],"userEdges":[9,2,2,8,7,3,3,6],"path":"LlegGear","bonePose":[12,0.08524302677822324,0.9963601890810808,-0.9963601890810808,0.08524302677822324,32.129682837315265,-48.76572027288918,16,-0.9904614256966512,-0.1377902906846381,0.1377902906846381,-0.9904614256966512,32.11157198666931,-49.44665492253544,15,-0.4286197837751283,-0.9034849644330348,0.9034849644330348,-0.4286197837751283,32.11386371615009,-49.537179769820526,8,0.11944373424272792,0.9928409713293224,-0.9928409713293224,0.11944373424272792,27.83,-86.18],"slotPose":[1,0,0,1,0,0],"type":"mesh","transform":{},"width":23,"edges":[8,9,9,0,0,1,1,2,2,3,3,4,4,5,5,6,6,7,7,8],"height":35,"name":"LlegGear"}],"name":"LlegGear"}],"name":""}],"name":"ClockworkPrototype","aabb":{"width":273.9911902966188,"y":-199.14374999999998,"height":214.73375,"x":-99.6}}],"isGlobal":0,"name":"ClockworkPrototype","version":"5.0"}