{"frameRate":30,"isGlobal":0,"name":"Weretiger","version":"5.0","armature":[{"animation":[{"duration":30,"slot":[{"frame":[{"duration":15,"curve":[0,0,1,1],"displayIndex":1},{"duration":15,"curve":[0,0,1,1],"displayIndex":1},{"duration":0,"tweenEasing":null,"curve":[0,0,1,1],"displayIndex":1}],"name":"head default Copy"}],"frame":[],"name":"Attack","bone":[{"frame":[{"duration":30,"tweenEasing":null,"transform":{}},{"duration":0,"tweenEasing":null,"transform":{}}],"name":"chest Main"},{"frame":[{"duration":30,"tweenEasing":null,"transform":{}},{"duration":0,"tweenEasing":null,"transform":{}}],"name":"bone"},{"frame":[{"duration":30,"tweenEasing":null,"transform":{}},{"duration":0,"tweenEasing":null,"transform":{}}],"name":"Right Arm Main"},{"frame":[{"duration":10,"curve":[0.265,0,0.618,0.43],"transform":{}},{"duration":20,"curve":[0.351,0.4,0.757,1],"transform":{"skX":-2.72,"skY":-2.72}},{"duration":0,"tweenEasing":null,"transform":{}}],"name":"bone4"},{"frame":[{"duration":10,"curve":[0.265,0,0.618,0.43],"transform":{}},{"duration":20,"curve":[0.351,0.4,0.757,1],"transform":{"skX":-391.32,"skY":-391.32}},{"duration":0,"tweenEasing":null,"transform":{}}],"name":"bone5"},{"frame":[{"duration":10,"tweenEasing":null,"transform":{}},{"duration":5,"curve":[0.1715,0.18,0.843,0.865],"transform":{}},{"duration":15,"curve":[0.379,0.6,0.724,1],"transform":{"skX":-368.4,"skY":-368.4}},{"duration":0,"tweenEasing":null,"transform":{}}],"name":"Tail Main"},{"frame":[{"duration":10,"curve":[0.158,0,0.825,0.675],"transform":{}},{"duration":5,"curve":[0.326,0.27,0.66,0.61],"transform":{"skX":0.34,"skY":0.34}},{"duration":15,"curve":[0.158,0.115,0.825,0.7849999999999999],"transform":{"y":13.47,"skX":-267.04,"skY":-267.04,"x":33.82}},{"duration":0,"tweenEasing":null,"transform":{}}],"name":"Left Arm Main"},{"frame":[{"duration":10,"curve":[0.593,0,0.75,1],"transform":{}},{"duration":5,"curve":[0.25,0,0.342,1.01],"transform":{"x":32.81}},{"duration":15,"curve":[0.25,0,0.474,1],"transform":{"x":-59.32}},{"duration":0,"tweenEasing":null,"transform":{}}],"name":"Mid"},{"frame":[{"duration":10,"curve":[0,0,1,1],"transform":{}},{"duration":5,"curve":[0,0,1,1],"transform":{"skX":15.21,"skY":15.21}},{"duration":15,"curve":[0,0,1,1],"transform":{"skX":8.16,"skY":8.16}},{"duration":0,"tweenEasing":null,"transform":{}}],"name":"Right Leg Top"},{"frame":[{"duration":10,"curve":[0,0,1,1],"transform":{}},{"duration":5,"curve":[0,0,1,1],"transform":{"skX":-8.52,"skY":-8.52}},{"duration":15,"curve":[0,0,1,1],"transform":{"skX":0.85,"skY":0.85}},{"duration":0,"tweenEasing":null,"transform":{}}],"name":"Left Leg Top"},{"frame":[{"duration":10,"curve":[0,0,1,1],"transform":{}},{"duration":5,"curve":[0,0,1,1],"transform":{"skX":-9.6,"skY":-9.6}},{"duration":15,"curve":[0,0,1,1],"transform":{"skX":-29.66,"skY":-29.66}},{"duration":0,"tweenEasing":null,"transform":{}}],"name":"chest Top"},{"frame":[{"duration":10,"curve":[0,0,1,1],"transform":{}},{"duration":20,"curve":[0,0,1,1],"transform":{"skX":-3.64,"skY":-3.64}},{"duration":0,"tweenEasing":null,"transform":{}}],"name":"chest Mid"},{"frame":[{"duration":10,"curve":[0,0,1,1],"transform":{}},{"duration":5,"curve":[0,0,1,1],"transform":{"x":-23.35}},{"duration":15,"curve":[0,0,1,1],"transform":{"x":-6.13}},{"duration":0,"tweenEasing":null,"transform":{}}],"name":"Legt Right"},{"frame":[{"duration":10,"curve":[0,0,1,1],"transform":{}},{"duration":20,"curve":[0,0,1,1],"transform":{"skX":42.26,"skY":42.26}},{"duration":0,"tweenEasing":null,"transform":{}}],"name":"bone7"},{"frame":[{"duration":10,"curve":[0,0,1,1],"transform":{}},{"duration":20,"curve":[0,0,1,1],"transform":{"skX":-355.2,"skY":-355.2}},{"duration":0,"tweenEasing":null,"transform":{}}],"name":"bone15"},{"frame":[{"duration":10,"curve":[0,0,1,1],"transform":{}},{"duration":5,"curve":[0,0,1,1],"transform":{"skX":-340.8,"skY":-340.8}},{"duration":15,"curve":[0,0,1,1],"transform":{"skX":-7.44,"skY":-7.44}},{"duration":0,"tweenEasing":null,"transform":{}}],"name":"bone10"},{"frame":[{"duration":10,"tweenEasing":null,"transform":{}},{"duration":5,"curve":[0,0,1,1],"transform":{}},{"duration":15,"curve":[0,0,1,1],"transform":{"y":-3.77,"x":6.99}},{"duration":0,"tweenEasing":null,"transform":{}}],"name":"Leg Left"},{"frame":[{"duration":10,"curve":[0,0,1,1],"transform":{}},{"duration":20,"tweenEasing":null,"transform":{}}],"name":"bone12"},{"frame":[{"duration":30,"tweenEasing":null,"transform":{}}],"name":"root"},{"frame":[{"duration":30,"tweenEasing":null,"transform":{}}],"name":"Shadow"},{"frame":[{"duration":30,"tweenEasing":null,"transform":{}}],"name":"bone13"},{"frame":[{"duration":30,"tweenEasing":null,"transform":{}}],"name":"neck"},{"frame":[{"duration":30,"tweenEasing":null,"transform":{}}],"name":"bone9"},{"frame":[{"duration":30,"tweenEasing":null,"transform":{}}],"name":"bone14"},{"frame":[{"duration":30,"tweenEasing":null,"transform":{}}],"name":"head"},{"frame":[{"duration":30,"tweenEasing":null,"transform":{}}],"name":"bone2"},{"frame":[{"duration":30,"tweenEasing":null,"transform":{}}],"name":"bone16"},{"frame":[{"duration":30,"tweenEasing":null,"transform":{}}],"name":"bone11"},{"frame":[{"duration":30,"tweenEasing":null,"transform":{}}],"name":"bone3"},{"frame":[{"duration":30,"tweenEasing":null,"transform":{}}],"name":"bone8"},{"frame":[{"duration":30,"tweenEasing":null,"transform":{}}],"name":"bone6"},{"frame":[{"duration":30,"tweenEasing":null,"transform":{}}],"name":"bone17"},{"frame":[{"duration":30,"tweenEasing":null,"transform":{}}],"name":"bone18"},{"frame":[{"duration":30,"tweenEasing":null,"transform":{}}],"name":"bone19"},{"frame":[{"duration":30,"tweenEasing":null,"transform":{}}],"name":"bone20"},{"frame":[{"duration":30,"tweenEasing":null,"transform":{}}],"name":"bone21"},{"frame":[{"duration":30,"tweenEasing":null,"transform":{}}],"name":"bone22"}],"ffd":[]},{"duration":30,"slot":[{"frame":[{"duration":10,"curve":[0,0,1,1]},{"duration":20,"curve":[0,0,1,1]},{"duration":0,"tweenEasing":null,"curve":[0,0,1,1]}],"name":"head default Copy"}],"frame":[],"name":"Damage","bone":[{"frame":[{"duration":30,"tweenEasing":null,"transform":{}},{"duration":0,"tweenEasing":null,"transform":{}}],"name":"chest Main"},{"frame":[{"duration":30,"tweenEasing":null,"transform":{}},{"duration":0,"tweenEasing":null,"transform":{}}],"name":"bone"},{"frame":[{"duration":30,"tweenEasing":null,"transform":{}},{"duration":0,"tweenEasing":null,"transform":{}}],"name":"Right Arm Main"},{"frame":[{"duration":10,"curve":[0.265,0,0.618,0.43],"transform":{}},{"duration":20,"curve":[0.351,0.4,0.757,1],"transform":{"skX":-2.72,"skY":-2.72}},{"duration":0,"tweenEasing":null,"transform":{}}],"name":"bone4"},{"frame":[{"duration":10,"curve":[0.265,0,0.618,0.43],"transform":{}},{"duration":20,"curve":[0.351,0.4,0.757,1],"transform":{"skX":-391.32,"skY":-391.32}},{"duration":0,"tweenEasing":null,"transform":{}}],"name":"bone5"},{"frame":[{"duration":10,"tweenEasing":null,"transform":{}},{"duration":20,"curve":[0,0,1,1],"transform":{}},{"duration":0,"tweenEasing":null,"transform":{}}],"name":"Tail Main"},{"frame":[{"duration":10,"curve":[0.316,0,0.65,0.35],"transform":{}},{"duration":20,"curve":[0.326,0.27,0.66,0.61],"transform":{"skX":0.34,"skY":0.34}},{"duration":0,"tweenEasing":null,"transform":{}}],"name":"Left Arm Main"},{"frame":[{"duration":10,"curve":[0.593,0,0.269,1],"transform":{}},{"duration":20,"curve":[0.25,0,0.342,1.01],"transform":{"x":32.81}},{"duration":0,"tweenEasing":null,"transform":{}}],"name":"Mid"},{"frame":[{"duration":10,"curve":[0,0,1,1],"transform":{}},{"duration":20,"curve":[0.25,0,0.75,1],"transform":{"skX":15.21,"skY":15.21}},{"duration":0,"tweenEasing":null,"transform":{}}],"name":"Right Leg Top"},{"frame":[{"duration":10,"curve":[0,0,1,1],"transform":{}},{"duration":20,"curve":[0.25,0,0.75,1],"transform":{"skX":-8.52,"skY":-8.52}},{"duration":0,"tweenEasing":null,"transform":{}}],"name":"Left Leg Top"},{"frame":[{"duration":10,"curve":[0,0,1,1],"transform":{}},{"duration":20,"curve":[0.25,0,0.75,1],"transform":{"skX":-9.6,"skY":-9.6}},{"duration":0,"tweenEasing":null,"transform":{}}],"name":"chest Top"},{"frame":[{"duration":10,"curve":[0,0,1,1],"transform":{}},{"duration":20,"curve":[0.25,0,0.75,1],"transform":{"skX":-3.64,"skY":-3.64}},{"duration":0,"tweenEasing":null,"transform":{}}],"name":"chest Mid"},{"frame":[{"duration":10,"curve":[0,0,1,1],"transform":{}},{"duration":20,"curve":[0,0,1,1],"transform":{"y":6.03,"skX":-364.8,"skY":-364.8,"x":-14.88}},{"duration":0,"tweenEasing":null,"transform":{}}],"name":"Legt Right"},{"frame":[{"duration":10,"curve":[0,0,1,1],"transform":{}},{"duration":20,"curve":[0.25,0,0.75,1],"transform":{"skX":42.26,"skY":42.26}},{"duration":0,"tweenEasing":null,"transform":{}}],"name":"bone7"},{"frame":[{"duration":10,"curve":[0,0,1,1],"transform":{}},{"duration":20,"curve":[0.25,0,0.75,1],"transform":{"skX":-355.2,"skY":-355.2}},{"duration":0,"tweenEasing":null,"transform":{}}],"name":"bone15"},{"frame":[{"duration":10,"curve":[0,0,1,1],"transform":{}},{"duration":20,"curve":[0.25,0,0.75,1],"transform":{"skX":-340.8,"skY":-340.8}},{"duration":0,"tweenEasing":null,"transform":{}}],"name":"bone10"},{"frame":[{"duration":10,"curve":[0,0,1,1],"transform":{}},{"duration":20,"curve":[0,0,1,1],"transform":{"skX":-356.4,"skY":-356.4,"x":-3.72}},{"duration":0,"tweenEasing":null,"transform":{}}],"name":"Leg Left"},{"frame":[{"duration":10,"curve":[0,0,1,1],"transform":{}},{"duration":20,"tweenEasing":null,"transform":{}}],"name":"bone12"},{"frame":[{"duration":10,"curve":[0,0,1,1],"transform":{}},{"duration":20,"curve":[0,0,1,1],"transform":{"skX":14.46,"skY":14.46}},{"duration":0,"tweenEasing":null,"transform":{}}],"name":"bone2"},{"frame":[{"duration":30,"tweenEasing":null,"transform":{}}],"name":"root"},{"frame":[{"duration":30,"tweenEasing":null,"transform":{}}],"name":"Shadow"},{"frame":[{"duration":30,"tweenEasing":null,"transform":{}}],"name":"bone13"},{"frame":[{"duration":30,"tweenEasing":null,"transform":{}}],"name":"neck"},{"frame":[{"duration":30,"tweenEasing":null,"transform":{}}],"name":"bone9"},{"frame":[{"duration":30,"tweenEasing":null,"transform":{}}],"name":"bone14"},{"frame":[{"duration":30,"tweenEasing":null,"transform":{}}],"name":"head"},{"frame":[{"duration":30,"tweenEasing":null,"transform":{}}],"name":"bone16"},{"frame":[{"duration":30,"tweenEasing":null,"transform":{}}],"name":"bone11"},{"frame":[{"duration":30,"tweenEasing":null,"transform":{}}],"name":"bone3"},{"frame":[{"duration":30,"tweenEasing":null,"transform":{}}],"name":"bone8"},{"frame":[{"duration":30,"tweenEasing":null,"transform":{}}],"name":"bone6"},{"frame":[{"duration":30,"tweenEasing":null,"transform":{}}],"name":"bone17"},{"frame":[{"duration":30,"tweenEasing":null,"transform":{}}],"name":"bone18"},{"frame":[{"duration":30,"tweenEasing":null,"transform":{}}],"name":"bone19"},{"frame":[{"duration":30,"tweenEasing":null,"transform":{}}],"name":"bone20"},{"frame":[{"duration":30,"tweenEasing":null,"transform":{}}],"name":"bone21"},{"frame":[{"duration":30,"tweenEasing":null,"transform":{}}],"name":"bone22"}],"ffd":[]},{"duration":60,"slot":[],"playTimes":0,"frame":[],"name":"Idle","bone":[{"frame":[{"duration":30,"curve":[0.25,0,0.75,1],"transform":{}},{"duration":30,"curve":[0.25,0,0.029,1],"transform":{"y":3.76}},{"duration":0,"tweenEasing":null,"transform":{}}],"name":"chest Main"},{"frame":[{"duration":60,"tweenEasing":null,"transform":{}},{"duration":0,"tweenEasing":null,"transform":{}}],"name":"bone"},{"frame":[{"duration":30,"curve":[0.25,0,0.75,1],"transform":{}},{"duration":30,"curve":[0,0,1,1],"transform":{"skX":-2.43,"skY":-2.43}},{"duration":0,"tweenEasing":null,"transform":{}}],"name":"Right Arm Main"},{"frame":[{"duration":30,"curve":[0.25,0,0.75,1],"transform":{}},{"duration":30,"curve":[0,0,1,1],"transform":{"skX":-369.6,"skY":-369.6}},{"duration":0,"tweenEasing":null,"transform":{}}],"name":"bone4"},{"frame":[{"duration":30,"curve":[0.25,0,0.75,1],"transform":{}},{"duration":30,"curve":[0,0,1,1],"transform":{"skX":-25.8,"skY":-25.8}},{"duration":0,"tweenEasing":null,"transform":{}}],"name":"bone5"},{"frame":[{"duration":30,"curve":[0.25,0,0.75,1],"transform":{}},{"duration":30,"curve":[0.25,0,0.055,1],"transform":{"skX":-368.4,"skY":-368.4}},{"duration":0,"tweenEasing":null,"transform":{}}],"name":"Tail Main"},{"frame":[{"duration":30,"curve":[0.25,0,0.75,1],"transform":{}},{"duration":30,"curve":[0,0,1,1],"transform":{"skX":-357.6,"skY":-357.6}},{"duration":0,"tweenEasing":null,"transform":{}}],"name":"Left Arm Main"},{"frame":[{"duration":60,"tweenEasing":null,"transform":{}}],"name":"root"},{"frame":[{"duration":60,"tweenEasing":null,"transform":{}}],"name":"Shadow"},{"frame":[{"duration":60,"tweenEasing":null,"transform":{}}],"name":"Mid"},{"frame":[{"duration":60,"tweenEasing":null,"transform":{}}],"name":"Leg Left"},{"frame":[{"duration":60,"tweenEasing":null,"transform":{}}],"name":"Legt Right"},{"frame":[{"duration":60,"tweenEasing":null,"transform":{}}],"name":"chest Mid"},{"frame":[{"duration":60,"tweenEasing":null,"transform":{}}],"name":"chest Top"},{"frame":[{"duration":60,"tweenEasing":null,"transform":{}}],"name":"Left Leg Top"},{"frame":[{"duration":60,"tweenEasing":null,"transform":{}}],"name":"Right Leg Top"},{"frame":[{"duration":60,"tweenEasing":null,"transform":{}}],"name":"bone12"},{"frame":[{"duration":60,"tweenEasing":null,"transform":{}}],"name":"bone13"},{"frame":[{"duration":60,"tweenEasing":null,"transform":{}}],"name":"neck"},{"frame":[{"duration":60,"tweenEasing":null,"transform":{}}],"name":"bone9"},{"frame":[{"duration":60,"tweenEasing":null,"transform":{}}],"name":"bone14"},{"frame":[{"duration":60,"tweenEasing":null,"transform":{}}],"name":"head"},{"frame":[{"duration":60,"tweenEasing":null,"transform":{}}],"name":"bone2"},{"frame":[{"duration":60,"tweenEasing":null,"transform":{}}],"name":"bone15"},{"frame":[{"duration":60,"tweenEasing":null,"transform":{}}],"name":"bone10"},{"frame":[{"duration":60,"tweenEasing":null,"transform":{}}],"name":"bone16"},{"frame":[{"duration":60,"tweenEasing":null,"transform":{}}],"name":"bone11"},{"frame":[{"duration":60,"tweenEasing":null,"transform":{}}],"name":"bone3"},{"frame":[{"duration":60,"tweenEasing":null,"transform":{}}],"name":"bone8"},{"frame":[{"duration":60,"tweenEasing":null,"transform":{}}],"name":"bone6"},{"frame":[{"duration":60,"tweenEasing":null,"transform":{}}],"name":"bone17"},{"frame":[{"duration":60,"tweenEasing":null,"transform":{}}],"name":"bone7"},{"frame":[{"duration":60,"tweenEasing":null,"transform":{}}],"name":"bone18"},{"frame":[{"duration":60,"tweenEasing":null,"transform":{}}],"name":"bone19"},{"frame":[{"duration":60,"tweenEasing":null,"transform":{}}],"name":"bone20"},{"frame":[{"duration":60,"tweenEasing":null,"transform":{}}],"name":"bone21"},{"frame":[{"duration":60,"tweenEasing":null,"transform":{}}],"name":"bone22"}],"ffd":[]},{"duration":120,"slot":[],"playTimes":0,"frame":[],"name":"Idle Weak","bone":[{"frame":[{"duration":60,"curve":[0.25,0,0.75,1],"transform":{}},{"duration":60,"curve":[0.25,0,0.029,1],"transform":{"y":3.76}},{"duration":0,"tweenEasing":null,"transform":{}}],"name":"chest Main"},{"frame":[{"duration":120,"tweenEasing":null,"transform":{}},{"duration":0,"tweenEasing":null,"transform":{}}],"name":"bone"},{"frame":[{"duration":60,"curve":[0.25,0,0.75,1],"transform":{"skX":7.77,"skY":7.77}},{"duration":60,"curve":[0,0,1,1],"transform":{"skX":-351.63,"skY":-351.63}},{"duration":0,"tweenEasing":null,"transform":{"skX":7.77,"skY":7.77}}],"name":"Right Arm Main"},{"frame":[{"duration":60,"curve":[0.25,0,0.75,1],"transform":{}},{"duration":60,"curve":[0,0,1,1],"transform":{"skX":-369.6,"skY":-369.6}},{"duration":0,"tweenEasing":null,"transform":{}}],"name":"bone4"},{"frame":[{"duration":60,"curve":[0.25,0,0.75,1],"transform":{}},{"duration":60,"curve":[0,0,1,1],"transform":{"skX":-25.8,"skY":-25.8}},{"duration":0,"tweenEasing":null,"transform":{}}],"name":"bone5"},{"frame":[{"duration":60,"curve":[0.25,0,0.75,1],"transform":{}},{"duration":60,"curve":[0.25,0,0.055,1],"transform":{"skX":-368.4,"skY":-368.4}},{"duration":0,"tweenEasing":null,"transform":{}}],"name":"Tail Main"},{"frame":[{"duration":60,"curve":[0.25,0,0.75,1],"transform":{}},{"duration":60,"curve":[0,0,1,1],"transform":{"skX":-374.4,"skY":-374.4}},{"duration":0,"tweenEasing":null,"transform":{}}],"name":"Left Arm Main"},{"frame":[{"duration":120,"tweenEasing":null,"transform":{"skX":-6,"skY":-6}}],"name":"head"},{"frame":[{"duration":120,"tweenEasing":null,"transform":{}}],"name":"root"},{"frame":[{"duration":120,"tweenEasing":null,"transform":{}}],"name":"Shadow"},{"frame":[{"duration":120,"tweenEasing":null,"transform":{}}],"name":"Mid"},{"frame":[{"duration":120,"tweenEasing":null,"transform":{}}],"name":"Leg Left"},{"frame":[{"duration":120,"tweenEasing":null,"transform":{}}],"name":"Legt Right"},{"frame":[{"duration":120,"tweenEasing":null,"transform":{}}],"name":"chest Mid"},{"frame":[{"duration":120,"tweenEasing":null,"transform":{}}],"name":"chest Top"},{"frame":[{"duration":120,"tweenEasing":null,"transform":{}}],"name":"Left Leg Top"},{"frame":[{"duration":120,"tweenEasing":null,"transform":{}}],"name":"Right Leg Top"},{"frame":[{"duration":120,"tweenEasing":null,"transform":{}}],"name":"bone12"},{"frame":[{"duration":120,"tweenEasing":null,"transform":{}}],"name":"bone13"},{"frame":[{"duration":120,"tweenEasing":null,"transform":{}}],"name":"neck"},{"frame":[{"duration":120,"tweenEasing":null,"transform":{}}],"name":"bone9"},{"frame":[{"duration":120,"tweenEasing":null,"transform":{}}],"name":"bone14"},{"frame":[{"duration":120,"tweenEasing":null,"transform":{}}],"name":"bone2"},{"frame":[{"duration":120,"tweenEasing":null,"transform":{}}],"name":"bone15"},{"frame":[{"duration":120,"tweenEasing":null,"transform":{}}],"name":"bone10"},{"frame":[{"duration":120,"tweenEasing":null,"transform":{}}],"name":"bone16"},{"frame":[{"duration":120,"tweenEasing":null,"transform":{}}],"name":"bone11"},{"frame":[{"duration":120,"tweenEasing":null,"transform":{}}],"name":"bone3"},{"frame":[{"duration":120,"tweenEasing":null,"transform":{}}],"name":"bone8"},{"frame":[{"duration":120,"tweenEasing":null,"transform":{}}],"name":"bone6"},{"frame":[{"duration":120,"tweenEasing":null,"transform":{}}],"name":"bone17"},{"frame":[{"duration":120,"tweenEasing":null,"transform":{}}],"name":"bone7"},{"frame":[{"duration":120,"tweenEasing":null,"transform":{}}],"name":"bone18"},{"frame":[{"duration":120,"tweenEasing":null,"transform":{}}],"name":"bone19"},{"frame":[{"duration":120,"tweenEasing":null,"transform":{}}],"name":"bone20"},{"frame":[{"duration":120,"tweenEasing":null,"transform":{}}],"name":"bone21"},{"frame":[{"duration":120,"tweenEasing":null,"transform":{}}],"name":"bone22"}],"ffd":[]},{"duration":55,"slot":[{"frame":[{"duration":45,"curve":[0,0,1,1],"displayIndex":1},{"duration":10,"curve":[0,0,1,1],"displayIndex":1},{"duration":0,"tweenEasing":null,"curve":[0,0,1,1],"displayIndex":1}],"name":"head default Copy"}],"frame":[],"name":"Skill","bone":[{"frame":[{"duration":55,"tweenEasing":null,"transform":{}},{"duration":0,"tweenEasing":null,"transform":{}}],"name":"chest Main"},{"frame":[{"duration":5,"curve":[0.29,0,0.629,0.38],"transform":{}},{"duration":5,"curve":[0.311,0.25,0.649,0.6],"transform":{"skX":-12.58,"skY":-12.58}},{"duration":30,"tweenEasing":null,"transform":{"skX":-37.55,"skY":-37.55}},{"duration":5,"curve":[0.28700000000000003,0.155,0.7075,0.8300000000000001],"transform":{"skX":-37.55,"skY":-37.55}},{"duration":10,"curve":[0.1895,0.265,0.873,1],"transform":{"y":64.26,"skX":-255.23,"skY":-255.23,"x":1.17}},{"duration":0,"tweenEasing":null,"transform":{"y":-0.01,"x":-0.03}}],"name":"bone"},{"frame":[{"duration":55,"tweenEasing":null,"transform":{}},{"duration":0,"tweenEasing":null,"transform":{}}],"name":"Right Arm Main"},{"frame":[{"duration":15,"curve":[0.265,0,0.618,0.43],"transform":{}},{"duration":40,"curve":[0.364,0.45,0.755,1],"transform":{"skX":-25.98,"skY":-25.98}},{"duration":0,"tweenEasing":null,"transform":{}}],"name":"bone4"},{"frame":[{"duration":10,"curve":[0.265,0,0.618,0.43],"transform":{}},{"duration":45,"curve":[0.351,0.4,0.757,1],"transform":{"skX":-391.32,"skY":-391.32}},{"duration":0,"tweenEasing":null,"transform":{}}],"name":"bone5"},{"frame":[{"duration":10,"tweenEasing":null,"transform":{}},{"duration":35,"curve":[0.1715,0.18,0.843,0.865],"transform":{}},{"duration":10,"curve":[0.379,0.6,0.724,1],"transform":{"skX":-368.4,"skY":-368.4}},{"duration":0,"tweenEasing":null,"transform":{}}],"name":"Tail Main"},{"frame":[{"duration":10,"curve":[0.158,0,0.825,0.675],"transform":{}},{"duration":30,"tweenEasing":null,"transform":{"skX":0.34,"skY":0.34}},{"duration":5,"curve":[0.326,0.27,0.66,0.61],"transform":{"skX":0.34,"skY":0.34}},{"duration":10,"curve":[0.158,0.115,0.825,0.7849999999999999],"transform":{"y":13.47,"skX":-254.45,"skY":-254.45,"x":33.82}},{"duration":0,"tweenEasing":null,"transform":{}}],"name":"Left Arm Main"},{"frame":[{"duration":10,"curve":[0.593,0,0.75,1],"transform":{}},{"duration":30,"tweenEasing":null,"transform":{"x":32.81}},{"duration":5,"curve":[0.25,0,0.342,1.01],"transform":{"x":32.81}},{"duration":10,"curve":[0.25,0,0.474,1],"transform":{"x":-59.32}},{"duration":0,"tweenEasing":null,"transform":{}}],"name":"Mid"},{"frame":[{"duration":10,"curve":[0,0,1,1],"transform":{}},{"duration":35,"curve":[0,0,1,1],"transform":{"skX":15.21,"skY":15.21}},{"duration":10,"curve":[0.25,0,0.75,1],"transform":{"skX":8.16,"skY":8.16}},{"duration":0,"tweenEasing":null,"transform":{}}],"name":"Right Leg Top"},{"frame":[{"duration":10,"curve":[0.25,0,0.75,1],"transform":{}},{"duration":35,"curve":[0,0,1,1],"transform":{"skX":-8.52,"skY":-8.52}},{"duration":10,"curve":[0,0,1,1],"transform":{"skX":0.85,"skY":0.85}},{"duration":0,"tweenEasing":null,"transform":{}}],"name":"Left Leg Top"},{"frame":[{"duration":10,"curve":[0,0,1,1],"transform":{}},{"duration":35,"curve":[0,0,1,1],"transform":{"skX":-9.6,"skY":-9.6}},{"duration":10,"curve":[0,0,1,1],"transform":{"skX":-29.66,"skY":-29.66}},{"duration":0,"tweenEasing":null,"transform":{}}],"name":"chest Top"},{"frame":[{"duration":10,"curve":[0,0,1,1],"transform":{}},{"duration":45,"curve":[0,0,1,1],"transform":{"skX":-3.64,"skY":-3.64}},{"duration":0,"tweenEasing":null,"transform":{}}],"name":"chest Mid"},{"frame":[{"duration":10,"curve":[0,0,1,1],"transform":{}},{"duration":35,"curve":[0,0,1,1],"transform":{"x":-23.35}},{"duration":10,"curve":[0,0,1,1],"transform":{"x":-6.13}},{"duration":0,"tweenEasing":null,"transform":{}}],"name":"Legt Right"},{"frame":[{"duration":10,"curve":[0,0,1,1],"transform":{}},{"duration":45,"curve":[0,0,1,1],"transform":{"skX":42.26,"skY":42.26}},{"duration":0,"tweenEasing":null,"transform":{}}],"name":"bone7"},{"frame":[{"duration":10,"curve":[0,0,1,1],"transform":{}},{"duration":45,"curve":[0,0,1,1],"transform":{"skX":-355.2,"skY":-355.2}},{"duration":0,"tweenEasing":null,"transform":{}}],"name":"bone15"},{"frame":[{"duration":10,"curve":[0,0,1,1],"transform":{}},{"duration":35,"curve":[0,0,1,1],"transform":{"skX":-340.8,"skY":-340.8}},{"duration":10,"curve":[0,0,1,1],"transform":{"skX":-7.44,"skY":-7.44}},{"duration":0,"tweenEasing":null,"transform":{}}],"name":"bone10"},{"frame":[{"duration":10,"tweenEasing":null,"transform":{}},{"duration":35,"curve":[0,0,1,1],"transform":{}},{"duration":10,"curve":[0,0,1,1],"transform":{"y":-3.77,"x":6.99}},{"duration":0,"tweenEasing":null,"transform":{}}],"name":"Leg Left"},{"frame":[{"duration":10,"curve":[0,0,1,1],"transform":{}},{"duration":45,"tweenEasing":null,"transform":{}}],"name":"bone12"},{"frame":[{"duration":55,"tweenEasing":null,"transform":{}}],"name":"root"},{"frame":[{"duration":55,"tweenEasing":null,"transform":{}}],"name":"Shadow"},{"frame":[{"duration":55,"tweenEasing":null,"transform":{}}],"name":"bone13"},{"frame":[{"duration":55,"tweenEasing":null,"transform":{}}],"name":"neck"},{"frame":[{"duration":55,"tweenEasing":null,"transform":{}}],"name":"bone9"},{"frame":[{"duration":55,"tweenEasing":null,"transform":{}}],"name":"bone14"},{"frame":[{"duration":55,"tweenEasing":null,"transform":{}}],"name":"head"},{"frame":[{"duration":55,"tweenEasing":null,"transform":{}}],"name":"bone2"},{"frame":[{"duration":55,"tweenEasing":null,"transform":{}}],"name":"bone16"},{"frame":[{"duration":55,"tweenEasing":null,"transform":{}}],"name":"bone11"},{"frame":[{"duration":55,"tweenEasing":null,"transform":{}}],"name":"bone3"},{"frame":[{"duration":55,"tweenEasing":null,"transform":{}}],"name":"bone8"},{"frame":[{"duration":55,"tweenEasing":null,"transform":{}}],"name":"bone6"},{"frame":[{"duration":55,"tweenEasing":null,"transform":{}}],"name":"bone17"},{"frame":[{"duration":55,"tweenEasing":null,"transform":{}}],"name":"bone18"},{"frame":[{"duration":55,"tweenEasing":null,"transform":{}}],"name":"bone19"},{"frame":[{"duration":55,"tweenEasing":null,"transform":{}}],"name":"bone20"},{"frame":[{"duration":55,"tweenEasing":null,"transform":{}}],"name":"bone21"},{"frame":[{"duration":55,"tweenEasing":null,"transform":{}}],"name":"bone22"}],"ffd":[]}],"type":"Armature","bone":[{"name":"root","transform":{}},{"transform":{"y":-7.26,"x":24.04},"name":"Shadow","parent":"root"},{"transform":{"y":-247.35,"x":6.67},"name":"Mid","parent":"root"},{"length":18,"transform":{"y":-5.44,"skX":-83.8,"skY":-83.8,"x":10.65},"parent":"Mid","name":"chest Main"},{"length":108,"transform":{"y":114,"skX":118.71,"skY":118.71,"x":-63.42},"parent":"Mid","name":"Leg Left"},{"length":133,"transform":{"y":130.61,"skX":51.19,"skY":51.19,"x":129.86},"parent":"Mid","name":"Legt Right"},{"length":53,"transform":{"y":35.25,"skX":107.84,"skY":107.84,"x":-17.59},"parent":"chest Main","name":"Tail Main"},{"length":37,"transform":{"y":-23.8,"skX":12.77,"skY":12.77,"x":-5.03},"parent":"chest Main","name":"chest Mid"},{"length":67,"transform":{"y":1.99,"skX":-9.2,"skY":-9.2,"x":46.38},"parent":"chest Mid","name":"chest Top"},{"length":118,"transform":{"y":-16.57,"skX":-156.3,"skY":-156.3,"x":-44.81},"parent":"chest Mid","name":"Left Leg Top"},{"length":138,"transform":{"y":45.17,"skX":126.91,"skY":126.91,"x":-8.42},"parent":"chest Mid","name":"Right Leg Top"},{"length":35,"transform":{"y":0.29,"skX":3.6,"skY":3.6,"x":14.18},"parent":"Tail Main","name":"bone12"},{"length":22,"transform":{"y":91.35,"skX":117.1,"skY":117.1,"x":103.56},"parent":"chest Top","name":"Right Arm Main"},{"length":20,"transform":{"y":1.24,"skX":14.34,"skY":14.34,"x":41.56},"parent":"bone12","name":"bone13"},{"length":72,"transform":{"y":24.66,"skX":-47.59,"skY":-47.59,"x":81.45},"parent":"chest Top","name":"neck"},{"length":22,"transform":{"y":-36.08,"skX":174.05,"skY":174.05,"x":20.43},"parent":"chest Top","name":"Left Arm Main"},{"length":46,"transform":{"y":-1.51,"skX":19.38,"skY":19.38,"x":33.95},"parent":"Left Arm Main","name":"bone9"},{"length":17,"transform":{"y":0.56,"skX":30.36,"skY":30.36,"x":20.82},"parent":"bone13","name":"bone14"},{"length":73,"transform":{"y":-8.53,"skX":15.2,"skY":15.2,"x":23.79},"parent":"Right Arm Main","name":"bone"},{"length":39,"transform":{"skX":-54.38,"skY":-54.38,"x":72.64},"parent":"neck","name":"head"},{"length":108,"transform":{"y":-5.15,"skX":17.09,"skY":17.09,"x":89.2},"parent":"bone","name":"bone2"},{"length":22,"transform":{"skX":63.98,"skY":63.98,"x":17.43},"parent":"bone14","name":"bone15"},{"length":92,"transform":{"y":5.45,"skX":17.81,"skY":17.81,"x":52.44},"parent":"bone9","name":"bone10"},{"length":40,"transform":{"skX":9.98,"skY":9.98,"x":22.96},"parent":"bone15","name":"bone16"},{"length":25,"transform":{"y":0.27,"skX":-14.44,"skY":-14.44,"x":88.28},"parent":"bone10","name":"bone11"},{"length":12,"transform":{"y":3.83,"skX":-7.24,"skY":-7.24,"x":114.06},"parent":"bone2","name":"bone3"},{"length":23,"transform":{"y":-12.26,"skX":7.3,"skY":7.3,"x":9.1},"parent":"bone3","name":"bone8"},{"length":13,"transform":{"y":3.24,"skX":18.61,"skY":18.61,"x":20.52},"parent":"bone3","name":"bone4"},{"length":14,"transform":{"y":14.61,"skX":77.16,"skY":77.16,"x":3.33},"parent":"bone3","name":"bone6"},{"length":66,"transform":{"y":-0.42,"skX":29.14,"skY":29.14,"x":51.09},"parent":"bone16","name":"bone17"},{"length":8,"transform":{"skX":-80.05,"skY":-80.05,"x":14.99},"parent":"bone6","name":"bone7"},{"length":12,"transform":{"y":-1.61,"skX":20.08,"skY":20.08,"x":17.87},"parent":"bone4","name":"bone5"},{"length":51,"transform":{"y":0.24,"skX":15.53,"skY":15.53,"x":69.66},"parent":"bone17","name":"bone18"},{"length":58,"transform":{"y":-0.58,"skX":1.79,"skY":1.79,"x":54.49},"parent":"bone18","name":"bone19"},{"length":38,"transform":{"skX":-22.98,"skY":-22.98,"x":58.06},"parent":"bone19","name":"bone20"},{"length":42,"transform":{"skX":-23.2,"skY":-23.2,"x":38.36},"parent":"bone20","name":"bone21"},{"length":50,"transform":{"y":-1.5,"skX":-30.03,"skY":-30.03,"x":49.83},"parent":"bone21","name":"bone22"}],"defaultActions":[{"gotoAndPlay":"Attack"}],"ik":[],"aabb":{"width":511.3425207444444,"y":-469.23270288914256,"height":473.0000956309223,"x":-212.51252074444443},"skin":[{"name":"","slot":[{"display":[{"path":"shadow Copy","type":"image","name":"shadow Copy","transform":{"y":-0.74,"x":33.79}}],"name":"shadow Copy"},{"display":[{"path":"Head Damage Copy","type":"image","name":"Head Damage Copy","transform":{"y":-13.57,"skX":-177.8,"skY":-177.8,"x":19.68}},{"path":"head action Copy","type":"image","name":"head action Copy","transform":{"y":-12.11,"skX":-177.8,"skY":-177.8,"x":18.62}},{"path":"head default Copy","type":"image","name":"head default Copy","transform":{"y":-12.12,"skX":-177.8,"skY":-177.8,"x":18.12}}],"name":"head default Copy"},{"display":[{"bonePose":[36,-0.446978620671121,0.8945446398380252,-0.8945446398380252,-0.446978620671121,-197.1536513990247,-111.39295077040376,35,-0.8346556583778029,0.5507721234212172,-0.5507721234212172,-0.8346556583778029,-156.3889181271906,-140.08990916804973,34,-0.9841337337744004,0.1774282786008421,-0.1774282786008421,-0.9841337337744004,-118.63754809960464,-146.89605793517802,33,-0.975303786684477,-0.22086766100749175,0.22086766100749175,-0.975303786684477,-62.011410244703896,-134.07248153708304,32,-0.9817269562401216,-0.19029499045299844,0.19029499045299844,-0.9817269562401216,-8.406737304716929,-124.2727091419184,29,-0.9968346249541848,0.07950302190765984,-0.07950302190765984,-0.9968346249541848,61.05184339484943,-129.57164933801698,23,-0.8319541221304826,0.5548444274479993,-0.5548444274479993,-0.8319541221304826,103.32334483496764,-158.26807186763008,21,-0.723208265315342,0.690630005849423,-0.690630005849423,-0.723208265315342,119.92820660660789,-174.12493680193285,17,0.3033679037083136,0.9528735041964508,-0.9528735041964508,0.3033679037083136,114.64050404497198,-190.73352198007697,13,0.7433783508418161,0.6688711591178842,-0.6688711591178842,0.7433783508418161,99.53793462955136,-205.07571138938272,11,0.8858799216460878,0.4639146089791971,-0.4639146089791971,0.8858799216460878,63.29601920107417,-225.4544936413993],"vertices":[-217.07,-50.15,-210.83,-62.95,-204.59,-75.76,-198.34,-88.57,-192.1,-101.38,-178.71,-109.76,-165.33,-118.16,-149.26,-123.16,-133.2,-128.17,-104.28,-127.1,-74.29,-123.89,-55.55,-120.33,-36.81,-116.76,-20.74,-113.55,-4.68,-110.34,15.67,-108.56,36.02,-106.78,56.73,-111.43,77.43,-116.07,91,-122.5,104.56,-128.92,118.6,-143.03,132.64,-157.13,132.64,-167.66,132.63,-178.19,132.63,-187.12,132.63,-196.04,126.44,-208.36,120.25,-220.68,108.11,-228.17,95.97,-235.66,68.84,-245.21,40.99,-245.2,13.86,-245.2,25.46,-233.82,37.07,-222.45,58.13,-212.81,70.26,-206.39,82.41,-199.96,96.69,-188.9,99.9,-176.4,89.56,-159.98,64.57,-151.05,48.33,-146.41,32.09,-141.77,7.1,-138.9,-13.6,-141.4,-35.38,-146.39,-64.3,-153.88,-83.93,-155.12,-103.57,-156.37,-119.99,-155.3,-136.42,-154.22,-156.41,-152.43,-174.26,-146,-192.11,-139.57,-206.02,-123.5,-212.27,-112.61,-218.52,-101.72,-221.93,-92.08,-225.35,-82.44,-225.33,-66.29,-225.33,-50.14,60.61,-131.21,90.38,-145.66,19.53,-128.38,97.68,-209.01,-150.5,-138.93,-86.3,-139.87,-119.13,-140.81,-51.81,-137.04,85.56,-218.09,-13.39,-128.79,58.88,-230.47,45.13,-124.84,-172.99,-127.14,-190.96,-114.41,16.53,-119.82,110.62,-160.07,108.46,-198.3,79.56,-134.59,-37.52,-132.34,114.19,-187.57,56.39,-136.7,-93.32,-147.73,77.17,-227.42,95.38,-222.19,113.25,-169.89,-75.61,-142.93,-15.18,-121.61,80.95,-209.97,-190.53,-126.19,-207.83,-89.99,-113.16,-149.79,80.59,-127.69,31.61,-116.64,108.34,-153.15,-134.81,-144.06,-68.7,-132.82,-86.85,-132.62,-167.83,-134.96,-100.53,-139.62,100.3,-141.07,46.25,-235.43,75.22,-234.69,-59.14,-142.63,31.97,-131.2,-118.39,-135.94,55.5,-225.71,88.2,-152.46,109.65,-211.71],"slotPose":[1,0,0,1,0,0],"edges":[60,61,61,62,62,0,0,1,1,2,2,3,3,4,4,5,5,6,6,7,7,8,8,9,9,10,10,11,11,12,12,13,13,14,14,15,15,16,16,17,17,18,18,19,19,20,20,21,21,22,22,23,23,24,24,25,25,26,26,27,27,28,28,29,29,30,30,31,31,32,32,33,33,34,34,35,35,36,36,37,37,38,38,39,39,40,40,41,41,42,42,43,43,44,44,45,45,46,46,47,47,48,48,49,49,50,50,51,51,52,52,53,53,54,54,55,55,56,56,57,57,58,58,59,59,60],"path":"tail Copy","userEdges":[],"type":"mesh","transform":{},"triangles":[25,82,24,82,87,24,78,21,22,87,78,22,82,25,26,27,82,26,87,22,23,24,87,23,78,96,21,79,82,27,28,110,27,110,79,27,29,110,28,40,87,82,96,102,21,102,20,21,79,39,82,39,40,82,29,86,110,40,78,87,66,79,110,86,66,110,41,96,78,40,41,78,66,39,79,64,102,96,109,64,96,41,109,96,30,86,29,102,19,20,31,104,30,86,71,66,38,39,66,64,80,102,80,19,102,80,94,19,30,85,86,71,90,66,90,38,66,85,71,86,104,85,30,94,18,19,109,80,64,42,109,41,42,80,109,85,90,71,85,37,90,90,37,38,36,37,85,63,18,94,42,63,80,80,63,94,108,36,73,83,63,42,63,17,18,104,73,85,73,36,85,31,73,104,103,73,31,32,103,31,74,17,63,43,83,42,83,74,63,108,35,36,103,108,73,74,16,17,43,74,83,103,35,108,95,16,74,106,74,43,44,106,43,32,34,103,34,35,103,106,95,74,33,34,32,95,15,16,65,77,95,77,15,95,65,95,106,65,106,44,45,65,44,45,77,65,72,14,45,14,15,77,45,14,77,72,89,14,46,72,45,89,13,14,81,89,72,81,72,46,47,81,46,12,13,89,81,12,89,81,11,12,105,70,47,48,105,47,70,81,47,70,11,81,98,11,70,105,98,70,98,10,11,48,88,105,88,98,105,49,88,48,99,10,98,88,99,98,68,99,88,99,9,10,49,68,88,50,84,49,84,68,49,84,101,68,68,101,99,101,9,99,50,101,84,93,69,101,69,107,101,50,93,101,107,9,101,51,93,50,107,8,9,51,69,93,97,69,51,69,97,107,97,8,107,52,97,51,97,67,8,67,7,8,52,67,97,53,67,52,67,100,7,100,6,7,53,100,67,100,75,6,54,100,53,75,5,6,54,75,100,91,76,5,91,5,75,54,55,75,55,91,75,76,4,5,55,56,91,57,4,76,56,57,76,91,56,76,92,3,4,57,92,4,57,58,92,92,2,3,61,1,2,60,61,2,92,60,2,59,60,92,58,59,92,61,0,1,61,62,0],"weights":[1,36,1,1,36,1,1,36,1,1,36,1,2,35,0.11947,36,0.88053,2,35,0.92277,36,0.07723,2,35,0.97367,34,0.02633,2,35,0.43427,34,0.56573,3,33,0.08239,35,0.01005,34,0.90756,2,33,0.95179,34,0.04821,1,33,1,2,32,0.79984,33,0.20016,1,32,1,1,32,1,2,29,0.73108,32,0.26892,1,29,1,1,29,1,2,23,0.00654,29,0.99346,2,23,0.60391,29,0.39609,3,21,0.00122,23,0.94647,29,0.05231,2,21,0.0721,23,0.9279,2,21,0.62225,23,0.37775,3,17,0.04831,21,0.93584,23,0.01585,2,17,0.27615,21,0.72385,2,17,0.77767,21,0.22233,3,13,0.03101,17,0.95603,21,0.01296,2,13,0.29903,17,0.70097,3,11,0.02499,13,0.87773,17,0.09729,2,11,0.20396,13,0.79604,2,11,0.6273,13,0.3727,2,11,0.95629,13,0.04371,1,11,1,1,11,1,1,11,1,1,11,1,1,11,1,1,11,1,2,11,0.99855,13,0.00145,4,11,0.79195,13,0.2048,17,0.00248,21,0.00077,4,11,0.02241,13,0.69593,17,0.18644,21,0.09521,4,13,0.15587,17,0.27998,21,0.53246,23,0.03169,4,13,0.00099,17,0.00513,21,0.06178,23,0.93211,2,23,0.86581,29,0.13419,2,23,0.2136,29,0.7864,2,23,0.00652,29,0.99348,2,29,0.94378,32,0.05622,2,29,0.1216,32,0.8784,1,32,1,2,32,0.28932,33,0.71068,1,33,1,1,33,1,2,33,0.49176,34,0.50824,1,34,1,2,35,0.29679,34,0.70321,2,35,0.99791,34,0.00209,1,35,1,2,35,0.46678,36,0.53322,2,35,0.01354,36,0.98646,1,36,1,1,36,1,1,36,1,1,36,1,1,36,1,2,23,0.04149,29,0.95851,1,23,1,1,29,1,2,11,0.70049,13,0.29951,2,35,0.03892,34,0.96108,1,33,1,2,33,0.48917,34,0.51083,1,32,1,1,11,1,2,29,0.04845,32,0.95155,1,11,1,1,29,1,2,35,0.99928,34,0.00072,2,35,0.86941,36,0.13059,1,29,1,2,21,0.9718,23,0.0282,1,13,1,2,23,0.97917,29,0.02083,1,32,1,2,17,0.98665,21,0.01335,2,23,0.22757,29,0.77243,1,33,1,1,11,1,2,11,0.92253,13,0.07747,3,13,0.00298,17,0.02544,21,0.97158,2,32,0.00232,33,0.99768,1,32,1,2,11,0.98089,13,0.01911,2,35,0.99192,36,0.00808,1,36,1,2,33,0.97414,34,0.02586,2,23,0.88901,29,0.11099,1,29,1,2,21,0.60504,23,0.39496,1,34,1,1,33,1,1,33,1,1,35,1,2,33,0.99637,34,0.00363,2,21,0.06865,23,0.93135,1,11,1,1,11,1,2,32,0.64581,33,0.35419,2,23,0.00035,29,0.99965,2,33,0.5497,34,0.4503,1,11,1,2,17,0.00002,23,0.99998,2,11,0.18346,13,0.81654],"width":358,"uvs":[0.02307,1,0.04052,0.93433,0.05797,0.86866,0.07542,0.80299,0.09287,0.73732,0.13027,0.6943,0.16766,0.65128,0.21254,0.62565,0.25741,0.60002,0.33818,0.60551,0.42195,0.62198,0.4743,0.64029,0.52666,0.6586,0.57153,0.67508,0.6164,0.69155,0.67325,0.70071,0.73009,0.70986,0.78792,0.68606,0.84576,0.66226,0.88366,0.62931,0.92155,0.59635,0.96077,0.52404,1,0.45172,1,0.39772,1,0.34371,1,0.29794,1,0.25217,0.98271,0.18901,0.96543,0.12585,0.93152,0.0874,0.89762,0.04895,0.82183,0,0.74405,0,0.66826,0,0.70067,0.05835,0.73308,0.11669,0.79191,0.16612,0.82582,0.19908,0.85972,0.23203,0.89961,0.28878,0.90859,0.35286,0.87967,0.43708,0.80986,0.48285,0.76449,0.50665,0.71912,0.53045,0.64931,0.54509,0.59147,0.53228,0.53064,0.50665,0.44987,0.4682,0.39503,0.46179,0.34018,0.45538,0.29431,0.46088,0.24844,0.46637,0.19259,0.47552,0.14273,0.50848,0.09287,0.54143,0.05398,0.62381,0.03653,0.67965,0.01908,0.73549,0.00954,0.78492,0,0.83435,0,0.91718,0,1,0.79879,0.58458,0.88197,0.51052,0.68402,0.59912,0.90238,0.18566,0.20908,0.5448,0.38842,0.54003,0.29669,0.53516,0.48476,0.55461,0.86855,0.13905,0.59208,0.59692,0.794,0.07561,0.75553,0.61728,0.14624,0.60516,0.09604,0.67046,0.67562,0.64295,0.9385,0.43665,0.93247,0.24057,0.85171,0.56728,0.52467,0.57871,0.94848,0.29564,0.78698,0.55645,0.36883,0.49967,0.84511,0.0912,0.89596,0.11804,0.94587,0.38627,0.41827,0.52436,0.58709,0.63375,0.85564,0.18072,0.09729,0.61006,0.04893,0.79573,0.31339,0.48912,0.8546,0.60267,0.71776,0.65931,0.93214,0.47215,0.25292,0.51847,0.43758,0.57618,0.38689,0.57719,0.1607,0.56508,0.34867,0.54129,0.90965,0.53408,0.75872,0.05013,0.83964,0.05394,0.46428,0.5259,0.71879,0.58461,0.29877,0.56012,0.78454,0.09998,0.87588,0.47565,0.93581,0.17182],"height":195,"name":"tail Copy"}],"name":"tail Copy"},{"display":[{"bonePose":[18,0.6146982793358426,0.7887623377048086,-0.7887623377048086,0.6146982793358426,141.82336651044525,-372.6804731949482,20,0.355759507257125,0.9345775371771824,-0.9345775371771824,0.355759507257125,200.71657906638217,-305.4885688102588,28,-0.7556248754641234,0.6550046164568827,-0.6550046164568827,-0.7556248754641234,226.39224577263712,-187.7130817740707,25,0.4707039321653327,0.8822912264349533,-0.8822912264349533,0.4707039321653327,237.71507649674123,-197.5280960070346,30,0.5145891925811263,0.8574368564965611,-0.8574368564965611,0.5145891925811263,215.0654288894299,-177.89456257338202,27,0.16453116532655054,0.9863718850597312,-0.9863718850597312,0.16453116532655054,244.5152976111246,-177.89839930037368,31,-0.1841229023918787,0.9829032286114392,-0.9829032286114392,-0.1841229023918787,249.04352827045625,-160.53682889053204,26,0.35478062506070496,0.9349495751544764,-0.9349495751544764,0.35478062506070496,252.8153727155383,-195.2700760548235],"vertices":[60.02,-337.89,73.48,-323.78,86.95,-309.67,107.69,-301.85,114.82,-324.29,135.23,-303.9,139.99,-292.67,153.77,-293.86,167.53,-295.05,157.33,-273.63,171.27,-261.05,192.69,-248.47,202.55,-230.8,211.06,-208.02,205.28,-204.96,209.35,-200.88,196.78,-182.51,205.27,-168.58,212.08,-155.32,210.03,-145.8,220.91,-157.02,231.8,-168.24,237.24,-162.79,238.94,-142.23,247.1,-142.24,260.36,-157.71,260.36,-164.85,270.02,-167.23,263.08,-180.15,270.02,-191.9,257.54,-217.98,245.05,-244.06,245.05,-270.58,248.79,-292.68,255.93,-306.61,238.76,-309,221.59,-311.38,220.23,-322.6,212.07,-319.88,211.56,-338.07,211.05,-356.26,206.62,-362.72,186.57,-366.46,173.3,-370.54,177.39,-385.84,188.94,-402.83,168.88,-404.87,165.82,-410.65,173.64,-430.23,159.02,-430.23,144.4,-430.23,128.76,-425.54,113.12,-420.85,93.07,-414.73,75.73,-399.43,63.83,-389.91,60.01,-379.02,60.01,-358.46,139.81,-381.1,80.6,-360.53,102.86,-383.49,208.33,-272.04,186.48,-344.24,147.84,-339.49,117.23,-357.77,236.43,-197.45,190.41,-296.58,163.01,-320.38,220.17,-238.79,96.79,-329.65,230.44,-282.4,115.81,-397.25,162.44,-353.04,183.9,-315.23,159.14,-379.99,152.24,-408.92,140.18,-355.92,234.05,-221.26],"slotPose":[1,0,0,1,0,0],"edges":[0,1,1,2,2,3,3,4,4,5,5,6,6,7,7,8,8,9,9,10,10,11,11,12,12,13,13,14,14,15,15,16,16,17,17,18,18,19,19,20,20,21,21,22,22,23,23,24,24,25,25,26,26,27,27,28,28,29,29,30,30,31,31,32,32,33,33,34,34,35,35,36,36,37,37,38,38,39,39,40,40,41,41,42,42,43,43,44,44,45,45,46,46,47,47,48,48,49,49,50,50,51,51,52,52,53,53,54,54,55,55,56,56,57,57,0],"path":"right arm Copy","userEdges":[],"type":"mesh","transform":{},"triangles":[28,26,27,65,28,29,30,65,29,65,21,28,22,26,28,21,22,28,31,77,30,26,22,25,22,24,25,77,65,30,35,33,34,68,31,32,22,23,24,70,32,33,35,70,33,68,77,31,61,68,32,70,61,32,15,21,65,77,13,65,36,70,35,15,17,21,13,15,65,68,13,77,16,17,15,66,61,36,12,13,68,36,61,70,17,20,21,38,66,36,61,11,68,11,12,68,38,36,37,17,18,20,18,19,20,73,66,38,40,62,39,73,38,39,62,73,39,14,15,13,41,62,40,42,62,41,10,11,61,66,10,61,8,10,66,67,73,62,8,9,10,72,62,42,43,72,42,73,8,66,46,44,45,72,67,62,67,8,73,72,63,67,49,47,48,74,43,44,46,74,44,67,7,8,74,72,43,75,74,46,49,75,47,47,75,46,74,76,72,75,58,74,5,7,67,58,76,74,50,75,49,63,5,67,76,63,72,4,5,63,71,58,75,50,51,75,5,6,7,51,71,75,76,4,63,64,4,76,58,64,76,52,71,51,60,64,58,71,60,58,52,53,71,69,3,4,60,59,64,59,69,64,69,4,64,69,2,3,53,60,71,53,54,60,54,59,60,0,1,59,54,55,59,1,2,69,59,1,69,55,56,59,57,0,59,56,57,59],"weights":[1,18,1,1,18,1,1,18,1,1,18,1,1,18,1,1,18,1,2,18,0.99646,20,0.00354,2,18,0.95962,20,0.04038,2,18,0.71155,20,0.28845,2,18,0.31458,20,0.68542,2,18,0.19468,20,0.80532,3,18,0.02912,20,0.96986,28,0.00101,3,18,0.00036,20,0.952,28,0.04765,3,25,0.0185,20,0.48881,28,0.49269,3,25,0.01394,20,0.36447,28,0.62159,4,25,0.01298,20,0.29361,28,0.69307,30,0.00034,3,20,0.00913,28,0.67842,30,0.31245,2,28,0.13684,30,0.86316,1,30,1,3,27,0.00006,28,0.00001,30,0.99993,3,27,0.01099,28,0.00024,30,0.98878,4,25,0.00225,27,0.51527,28,0.10538,30,0.3771,4,27,0.83533,31,0.0726,28,0.01833,30,0.07373,2,27,0.0152,31,0.9848,1,31,1,2,31,0.84036,26,0.15964,3,27,0.04477,31,0.43975,26,0.51549,2,31,0.08315,26,0.91685,1,26,1,2,20,0.00431,26,0.99569,2,20,0.68768,26,0.31232,2,20,0.99228,26,0.00772,1,20,1,1,20,1,1,20,1,1,20,1,2,18,0.03365,20,0.96635,2,18,0.12499,20,0.87501,2,18,0.29419,20,0.70581,2,18,0.85514,20,0.14486,2,18,0.97966,20,0.02034,2,18,0.99105,20,0.00895,1,18,1,1,18,1,1,18,1,1,18,1,1,18,1,1,18,1,1,18,1,1,18,1,1,18,1,1,18,1,1,18,1,1,18,1,1,18,1,1,18,1,1,18,1,1,18,1,1,18,1,1,18,1,1,18,1,2,18,0.00636,20,0.99364,2,18,0.99189,20,0.00811,1,18,1,1,18,1,2,25,0.96542,28,0.03458,2,18,0.31272,20,0.68728,2,18,0.99753,20,0.00247,2,20,0.99385,28,0.00615,1,18,1,1,20,1,1,18,1,1,18,1,1,18,1,1,18,1,1,18,1,1,18,1,2,20,0.99609,26,0.00391],"width":210,"uvs":[0,0.32061,0.06412,0.3696,0.12824,0.4186,0.22701,0.44575,0.26101,0.36783,0.35815,0.43866,0.38081,0.47762,0.44639,0.47349,0.51196,0.46936,0.46339,0.54373,0.52977,0.58741,0.63177,0.63109,0.67872,0.69248,0.71919,0.77158,0.69167,0.78221,0.7111,0.79637,0.65119,0.86012,0.69167,0.90852,0.72405,0.95457,0.71434,0.98762,0.76615,0.94866,0.81796,0.90971,0.84386,0.92859,0.85196,1,0.89081,1,0.95396,0.9463,0.95396,0.92151,1,0.91325,0.96691,0.86839,1,0.82759,0.94055,0.73702,0.8811,0.64644,0.8811,0.55436,0.89891,0.47762,0.93291,0.42922,0.85115,0.42096,0.76939,0.41269,0.76291,0.37373,0.72405,0.38318,0.72162,0.32002,0.71919,0.25686,0.69815,0.23443,0.60262,0.22144,0.53948,0.20728,0.55891,0.15415,0.61396,0.09512,0.51843,0.08804,0.50386,0.06797,0.5411,0,0.47148,0,0.40186,0,0.32739,0.01628,0.25291,0.03255,0.15739,0.0538,0.07482,0.10693,0.01815,0.13998,0,0.17776,0,0.24919,0.37997,0.17058,0.09803,0.242,0.20402,0.16228,0.70621,0.54928,0.6022,0.29856,0.4182,0.31506,0.27247,0.25156,0.84007,0.8083,0.6209,0.46407,0.49043,0.38145,0.76258,0.66473,0.17513,0.34921,0.81155,0.51327,0.26569,0.11451,0.48776,0.26802,0.58991,0.39932,0.472,0.17445,0.43916,0.074,0.38172,0.25803,0.8287,0.72561],"height":288,"name":"right arm Copy"}],"name":"right arm Copy"},{"display":[{"path":"left leg Copy","type":"image","name":"left leg Copy","transform":{"y":-18.41,"skX":-118.71,"skY":-118.71,"x":53.9}}],"name":"left leg Copy"},{"display":[{"bonePose":[24,-0.4472908484187104,0.8943885603700835,-0.8943885603700835,-0.4472908484187104,-106.5701492417884,-173.36407872252846,22,-0.6561907406682006,0.7545950648270359,-0.7545950648270359,-0.6561907406682006,-48.43788998809637,-239.8025595454788,16,-0.3939419095909513,0.9191353392552344,-0.9191353392552344,-0.3939419095909513,-22.770288650205853,-285.8550333287526],"vertices":[-113.37,-141.5,-105.8,-154.5,-98.24,-167.5,-94.36,-161.49,-83.3,-157.61,-82.52,-165.36,-80.58,-172.54,-74.56,-173.7,-82.53,-183.02,-84.66,-188.45,-73.36,-195.75,-62.07,-203.05,-50.78,-210.35,-39.49,-217.65,-27.46,-225.02,-33.28,-232.2,-24.17,-243.25,-11.75,-250.04,-8.84,-267.11,-1.66,-271,3.38,-271.96,-0.3,-276.04,3.58,-301.44,2.8,-309.4,7.81,-315.42,7.82,-317.74,7.81,-325.5,-0.8,-331.52,-9.42,-337.54,-24.16,-341.22,-40.27,-341.21,-52.09,-333.27,-64.32,-328.9,-76.54,-324.54,-67.13,-313.39,-57.73,-302.23,-56.37,-288.65,-55.01,-275.06,-46.66,-275.65,-44.93,-270.99,-49.18,-263.04,-59.47,-255.68,-63.54,-256.25,-66.26,-264.59,-66.65,-268.28,-76.93,-259.16,-84.11,-248.98,-91.29,-238.79,-97.49,-226.38,-103.7,-213.96,-108.74,-199.41,-117.67,-192.82,-112.43,-189.32,-123.88,-177.3,-125.19,-173.99,-120.58,-166.82,-125.19,-151.88,-125.18,-141.22,-24.37,-287.51,-68.22,-231.29,-40.92,-313.53,-4.57,-312.08,-18.72,-314.15,-28.1,-259.19,-80.54,-211.9,-8.88,-293.04,-40.43,-284.88,-98.03,-195.07,-58.27,-232.55,-45.52,-238.67,-29.68,-319.53,-84.32,-231.46,-16.39,-271.38,-37.53,-251.23,-109.83,-175.08,-45.92,-294.59,-71.13,-217.66,-33.35,-302.4],"slotPose":[1,0,0,1,0,0],"edges":[54,55,55,56,56,57,57,0,0,1,1,2,2,3,3,4,4,5,5,6,6,7,7,8,8,9,9,10,10,11,11,12,12,13,13,14,14,15,15,16,16,17,17,18,18,19,19,20,20,21,21,22,22,23,23,24,24,25,25,26,26,27,27,28,28,29,29,30,30,31,31,32,32,33,33,34,34,35,35,36,36,37,37,38,38,39,39,40,40,41,41,42,42,43,43,44,44,45,45,46,46,47,47,48,48,49,49,50,50,51,51,52,52,53,53,54],"path":"left arm Copy","userEdges":[],"type":"mesh","transform":{},"triangles":[65,21,22,27,61,25,27,25,26,25,61,24,61,23,24,61,65,22,61,22,23,21,19,20,62,61,27,28,62,27,18,19,21,72,18,21,65,72,21,58,72,65,62,65,61,62,77,65,77,58,65,70,62,28,29,70,28,63,17,18,72,63,18,63,16,17,39,63,72,58,66,72,66,39,72,70,77,62,60,77,70,77,66,58,30,70,29,63,73,16,73,15,16,73,69,15,75,66,77,30,31,70,15,13,14,40,73,63,39,40,63,38,39,66,31,60,70,69,13,15,60,75,77,35,75,60,69,68,13,41,69,73,40,41,73,68,12,13,75,36,66,36,38,66,34,35,60,31,32,60,32,34,60,36,37,38,41,68,69,35,36,75,68,76,12,76,11,12,59,76,68,41,42,68,42,59,68,46,59,42,45,46,42,33,34,32,76,64,11,64,10,11,43,45,42,46,71,59,44,45,43,71,76,59,71,64,76,8,6,7,64,9,10,46,47,71,67,9,64,71,48,64,49,67,64,48,49,64,8,2,6,2,5,6,3,4,5,2,3,5,9,2,8,67,2,9,47,48,71,74,2,67,52,74,67,49,50,67,74,1,2,50,52,67,74,55,1,56,0,1,55,56,1,52,53,74,51,52,50,53,55,74,53,54,55,56,57,0],"weights":[1,24,1,1,24,1,2,22,0.75209,24,0.24791,2,22,0.98658,24,0.01342,1,22,1,1,22,1,1,22,1,1,22,1,1,22,1,1,22,1,1,22,1,2,16,0.00011,22,0.99989,2,16,0.02674,22,0.97326,2,16,0.20805,22,0.79195,2,16,0.44612,22,0.55388,2,16,0.62536,22,0.37464,2,16,0.99959,22,0.00041,1,16,1,1,16,1,1,16,1,1,16,1,1,16,1,1,16,1,1,16,1,1,16,1,1,16,1,1,16,1,1,16,1,1,16,1,1,16,1,1,16,1,1,16,1,1,16,1,1,16,1,1,16,1,1,16,1,1,16,1,1,16,1,2,16,0.99663,22,0.00337,2,16,0.97438,22,0.02562,2,16,0.79651,22,0.20349,2,16,0.20638,22,0.79362,2,16,0.06325,22,0.93675,2,16,0.00174,22,0.99826,1,22,1,1,22,1,1,22,1,2,22,0.99929,24,0.00071,2,22,0.98954,24,0.01046,2,22,0.94596,24,0.05404,2,22,0.7419,24,0.2581,2,22,0.54863,24,0.45137,2,22,0.53304,24,0.46696,2,22,0.96411,24,0.03589,1,22,1,2,22,0.66354,24,0.33646,2,22,0.00768,24,0.99232,1,24,1,1,16,1,1,22,1,1,16,1,1,16,1,1,16,1,1,16,1,2,22,0.99817,24,0.00183,1,16,1,1,16,1,2,22,0.90856,24,0.09144,1,22,1,2,16,0.24472,22,0.75528,1,16,1,2,22,0.99899,24,0.00101,1,16,1,1,16,1,2,22,0.37654,24,0.62346,1,16,1,2,22,0.99998,24,0.00002,1,16,1],"width":133,"uvs":[0.08886,0.9986,0.14575,0.93361,0.20264,0.86862,0.23181,0.89869,0.31495,0.91809,0.32079,0.87929,0.33537,0.8434,0.38059,0.83758,0.32079,0.79102,0.30474,0.76386,0.38964,0.72736,0.47455,0.69086,0.55945,0.65436,0.64435,0.61787,0.73479,0.58101,0.69103,0.54512,0.75958,0.48983,0.85294,0.45588,0.87482,0.37052,0.92879,0.35112,0.96671,0.34627,0.939,0.3259,0.96817,0.19883,0.96234,0.15906,1,0.12899,1,0.11735,1,0.07855,0.93522,0.04848,0.87044,0.01841,0.75958,0,0.63852,0,0.54954,0.03975,0.45765,0.06157,0.36575,0.0834,0.4365,0.13917,0.50724,0.19495,0.51745,0.26285,0.52766,0.33075,0.59038,0.32784,0.60351,0.35112,0.57142,0.39089,0.49411,0.42775,0.46348,0.42484,0.44306,0.38313,0.44014,0.3647,0.36283,0.41029,0.30886,0.46121,0.25489,0.51214,0.20822,0.57422,0.16154,0.6363,0.12362,0.70904,0.05652,0.74202,0.0959,0.75948,0.00984,0.81962,0,0.83611,0.03464,0.872,0,0.94669,0,1,0.75801,0.26855,0.42837,0.54965,0.63354,0.13843,0.9069,0.14573,0.80051,0.13537,0.73004,0.41014,0.33566,0.64661,0.87457,0.24086,0.63731,0.28166,0.20412,0.73076,0.50313,0.54334,0.59904,0.51275,0.71805,0.10844,0.30725,0.5488,0.81803,0.34919,0.65906,0.44995,0.11547,0.83069,0.59598,0.23311,0.40644,0.61779,0.69048,0.19408],"height":200,"name":"left arm Copy"}],"name":"left arm Copy"},{"display":[{"path":"right Leg Copy","type":"image","name":"right Leg Copy","transform":{"y":1.39,"skX":-51.19,"skY":-51.19,"x":43.17}}],"name":"right Leg Copy"},{"display":[{"width":156,"type":"mesh","vertices":[29.91,-74.59,12.51,-75.53,5.04,-70.8,-4.03,-59.12,-12.55,-33.27,-21.06,-7.42,-21.93,17.05,-22.8,41.53,-16.68,56.43,-10.55,71.33,-0.39,74.43,16.56,61.26,35.63,45.36,43.62,34.31,56.16,27.96,57.97,38.43,73.26,25.15,79.48,11.85,72.5,-4.39,65.57,-19.57,58.63,-34.75,49.74,-45.89,40.85,-57.04,26.13,-7.43,13.89,-53.87,12.29,37.5,-1.57,16.06,51.15,4.65,7.12,-18.88,27.89,21.72,37.66,-26.8,18.85,-32.88,0.27,2.18,12.99,13.96,-10.14,33.71],"transform":{},"userEdges":[],"edges":[0,1,1,2,2,3,3,4,4,5,5,6,6,7,7,8,8,9,9,10,10,11,11,12,12,13,13,14,14,15,15,16,16,17,17,18,18,19,19,20,20,21,21,22,22,0],"path":"neck Copy","uvs":[0.1021,0.87451,0.16577,0.9783,0.21908,1,0.31385,1,0.47821,0.93391,0.64258,0.86782,0.76992,0.76404,0.89727,0.66025,0.94863,0.55898,1,0.45771,0.97575,0.38573,0.84248,0.34723,0.687,0.30873,0.59963,0.31208,0.51819,0.26856,0.5641,0.21164,0.43675,0.18319,0.34494,0.20662,0.29015,0.31877,0.24055,0.4259,0.19094,0.53304,0.16947,0.63347,0.148,0.7339,0.45701,0.59768,0.26997,0.87414,0.7389,0.47729,0.68486,0.65183,0.41983,0.40079,0.47376,0.75741,0.5977,0.45809,0.31361,0.61777,0.35676,0.75247,0.60735,0.70303,0.61698,0.57786,0.80791,0.62247],"height":138,"name":"neck Copy","triangles":[10,8,9,11,8,10,11,25,8,25,34,8,34,7,8,34,6,7,12,25,11,26,6,34,25,26,34,33,26,25,26,32,6,32,5,6,12,29,25,29,33,25,13,29,12,33,32,26,32,28,5,28,4,5,14,27,13,13,27,29,23,32,33,29,23,33,23,28,32,27,23,29,16,14,15,16,27,14,17,27,16,27,30,23,30,31,23,31,24,4,24,3,4,31,4,28,23,31,28,17,18,27,19,30,27,18,19,27,19,20,30,30,22,31,22,24,31,21,22,30,24,2,3,20,21,30,0,1,24,22,0,24,1,2,24]}],"name":"neck Copy"},{"display":[{"bonePose":[9,-0.6777747765428033,0.7352695779660364,-0.7352695779660364,-0.6777747765428033,-37.12061780091285,-213.3699453534987,10,0.560928007986178,0.8278645842507446,-0.8278645842507446,0.560928007986178,33.095623525973615,-227.71355556587005,7,0.32507303748311056,-0.9456889130689352,0.9456889130689352,0.32507303748311056,-6.884029701742403,-250.3598053170226,8,0.16969351748854744,-0.9854968848871944,0.9854968848871944,0.16969351748854744,10.074778713731448,-293.5739617605684],"vertices":[-119.14,-88.23,-93.5,-106.22,-67.87,-124.2,-49.52,-145.42,-31.17,-166.64,-16.81,-177.24,-2.45,-187.86,9.93,-176.36,27.82,-156.91,45.72,-137.46,61.2,-124.43,76.67,-111.38,84.62,-102.98,85.95,-95.91,95.23,-98.12,106.28,-88.21,117.77,-95.03,130.15,-97.23,138.55,-118.89,126.17,-142.76,113.8,-166.63,99,-193.81,84.19,-221,72.69,-239.12,78.89,-247.52,51.92,-258.57,56.79,-265.65,46.61,-264.32,56.34,-280.67,46.17,-278.9,62.97,-293.48,81.09,-293.93,76.67,-309.85,95.24,-309.84,94.35,-319.12,106.29,-319.13,120.21,-330.18,134.13,-341.22,143.01,-355.81,143.01,-377.25,143.01,-398.68,110.71,-400.22,91.05,-400.22,71.37,-400.22,45.96,-389.73,20.54,-379.24,-8.63,-365.98,-33.38,-353.61,-47.09,-328.85,-47.09,-318.25,-35.15,-295.26,-41.34,-287.31,-35.16,-282,-40.02,-273.16,-28.52,-277.14,-32.06,-265.65,-35.15,-259.02,-45.77,-260.78,-43.11,-252.39,-63.89,-242.22,-57.7,-234.71,-72.72,-221,-87.31,-202.88,-102.33,-183.43,-116.92,-164.43,-127.53,-149.4,-134.99,-136.14,-135,-114.48,-135,-94.59,-12.44,-311.93,4.19,-262.87,38.09,-326.95,81.51,-349.49,67.44,-174.46,20.3,-236.73,43.37,-213.56,-22.08,-233.17,112.86,-366.4,90.9,-128.66,4.69,-340.01,23.95,-302.36,51.52,-369.05,-34.58,-204.42,-59.5,-199.83,-73.52,-169.53,-90.17,-148.95,2.66,-216.43,38.87,-171.77,93.08,-155.12,67.59,-202.28,-9.53,-289.91,67.52,-328,18.78,-200.45,-22.53,-243.17,-18.24,-258.17,-17.17,-270.67,-18.61,-283.87,-24.32,-301.37,-27.17,-307.08,-30.03,-317.79,-29.31,-326.01,-23.96,-338.5,5.67,-356.35,27.1,-364.2,52.8,-309.22,61.73,-326.71,31.38,-259.24,26.02,-268.53,33.52,-282.44,36.38,-288.87],"slotPose":[1,0,0,1,0,0],"edges":[66,67,67,68,68,0,0,1,1,2,2,3,3,4,4,5,5,6,6,7,7,8,8,9,9,10,10,11,11,12,12,13,13,14,14,15,15,16,16,17,17,18,18,19,19,20,20,21,21,22,22,23,23,24,24,25,25,26,26,27,27,28,28,29,29,30,30,31,31,32,32,33,33,34,34,35,35,36,36,37,37,38,38,39,39,40,40,41,41,42,42,43,43,44,44,45,45,46,46,47,47,48,48,49,49,50,50,51,51,52,52,53,53,54,54,55,55,56,56,57,57,58,58,59,59,60,60,61,61,62,62,63,63,64,64,65,65,66],"path":"Chest Copy","userEdges":[],"type":"mesh","transform":{},"triangles":[41,77,39,39,77,38,77,37,38,41,39,40,19,78,18,78,16,18,16,17,18,77,36,37,78,14,16,77,72,36,20,88,19,88,78,19,72,34,35,41,42,77,72,35,36,14,15,16,42,72,77,21,88,20,78,12,14,43,72,42,73,88,21,43,81,72,11,12,78,72,91,34,22,89,21,89,73,21,10,78,88,34,32,33,12,13,14,91,32,34,73,9,88,9,10,88,10,11,78,23,89,22,44,81,43,75,89,23,32,30,31,105,91,72,81,105,72,25,23,24,104,30,32,91,105,32,105,104,32,81,71,105,87,9,73,89,87,73,25,75,23,75,87,89,87,8,9,103,71,81,74,75,25,104,109,30,106,74,25,71,104,105,92,87,75,27,25,26,44,103,81,71,80,104,80,109,104,45,103,44,27,106,25,107,106,27,107,27,29,108,107,29,109,108,29,103,79,71,92,7,87,74,92,75,86,92,74,102,79,103,7,8,87,79,80,71,80,108,109,80,107,108,80,90,107,90,70,107,107,70,106,70,74,106,79,69,80,45,102,103,6,7,92,69,90,80,46,102,45,76,86,74,93,76,74,70,93,74,86,6,92,94,93,70,90,95,70,82,6,86,46,101,79,101,69,79,46,79,102,95,94,70,96,95,90,76,82,86,101,100,69,47,101,46,69,97,90,82,5,6,100,99,69,97,96,90,99,98,69,98,97,69,97,50,96,56,93,94,96,54,95,55,94,95,82,4,5,54,55,95,50,52,96,55,56,94,52,54,96,82,83,4,60,82,76,58,60,76,58,76,93,56,58,93,48,100,101,47,48,101,98,50,97,99,49,98,49,50,98,51,52,50,83,84,4,52,53,54,49,99,100,48,49,100,60,83,82,84,3,4,57,58,56,61,83,60,59,60,58,85,2,3,84,85,3,62,84,83,61,62,83,62,63,84,85,1,2,63,85,84,66,67,1,66,1,85,65,66,85,63,64,85,64,65,85,67,0,1,67,68,0,29,27,28,109,29,30],"weights":[1,9,1,1,9,1,1,9,1,2,10,0.00049,9,0.99951,2,10,0.0367,9,0.9633,3,10,0.15155,9,0.84424,7,0.00421,3,10,0.47373,9,0.49408,7,0.0322,3,10,0.80326,9,0.19024,7,0.0065,2,10,0.9614,9,0.0386,2,10,0.99647,9,0.00353,2,10,0.99997,9,0.00003,1,10,1,1,10,1,1,10,1,1,10,1,1,10,1,1,10,1,1,10,1,1,10,1,1,10,1,1,10,1,1,10,1,2,10,0.99896,8,0.00104,3,10,0.974,7,0.00381,8,0.02218,3,10,0.96462,7,0.00571,8,0.02967,3,10,0.6949,7,0.13908,8,0.16602,3,10,0.6206,7,0.16533,8,0.21408,3,10,0.5201,7,0.19773,8,0.28217,3,10,0.2884,7,0.16748,8,0.54412,3,10,0.23374,7,0.15397,8,0.61229,3,10,0.03903,7,0.00817,8,0.95279,2,10,0.01734,8,0.98266,2,10,0.00872,8,0.99128,2,10,0.00092,8,0.99908,2,10,0.0004,8,0.9996,1,8,1,1,8,1,1,8,1,1,8,1,1,8,1,1,8,1,1,8,1,1,8,1,1,8,1,1,8,1,1,8,1,2,7,0.03423,8,0.96577,2,7,0.14063,8,0.85937,2,7,0.30141,8,0.69859,2,7,0.36414,8,0.63586,2,7,0.70564,8,0.29436,3,9,0.00044,7,0.81468,8,0.18488,3,9,0.00451,7,0.86485,8,0.13065,3,9,0.00469,7,0.90198,8,0.09333,3,9,0.02156,7,0.90753,8,0.0709,3,9,0.14613,7,0.84933,8,0.00454,3,9,0.28077,7,0.71897,8,0.00026,2,9,0.36581,7,0.63419,2,9,0.45303,7,0.54697,2,9,0.75475,7,0.24525,2,9,0.81004,7,0.18996,2,9,0.97975,7,0.02025,1,9,1,1,9,1,1,9,1,1,9,1,1,9,1,1,9,1,1,9,1,2,7,0.31738,8,0.68262,3,10,0.05359,7,0.93228,8,0.01413,2,10,0.00257,8,0.99743,1,8,1,2,10,0.9998,9,0.0002,4,10,0.65848,9,0.01793,7,0.31216,8,0.01144,2,10,0.99994,8,0.00006,3,10,0.04189,9,0.45584,7,0.50227,1,8,1,1,10,1,2,7,0.02531,8,0.97469,2,10,0.01771,8,0.98229,1,8,1,2,10,0.03141,9,0.96859,1,9,1,1,9,1,1,9,1,3,10,0.47536,9,0.29147,7,0.23317,2,10,0.96588,9,0.03412,1,10,1,1,10,1,3,9,0.00009,7,0.80473,8,0.19517,2,10,0.00211,8,0.99789,3,10,0.8035,9,0.16202,7,0.03448,3,10,0.00744,9,0.29854,7,0.69402,2,9,0.08489,7,0.91511,3,9,0.02742,7,0.96314,8,0.00944,3,9,0.00359,7,0.88699,8,0.10942,2,7,0.59035,8,0.40965,2,7,0.49991,8,0.50009,2,7,0.36267,8,0.63733,2,7,0.27976,8,0.72024,2,7,0.16844,8,0.83156,2,7,0.01256,8,0.98744,1,8,1,3,10,0.02193,7,0.00066,8,0.9774,2,10,0.00313,8,0.99687,3,10,0.45622,7,0.36321,8,0.18057,3,10,0.25825,7,0.47136,8,0.2704,3,10,0.15467,7,0.20227,8,0.64306,3,10,0.1082,7,0.10103,8,0.79077],"width":278,"uvs":[0.05705,1,0.14927,0.94234,0.24148,0.88467,0.30746,0.81667,0.37345,0.74868,0.42512,0.71468,0.47679,0.68068,0.52131,0.71751,0.5857,0.77984,0.65009,0.84217,0.70574,0.88397,0.76139,0.92576,0.79001,0.95267,0.79478,0.97534,0.82817,0.96826,0.86791,1,0.90925,0.97817,0.95377,0.97109,0.98398,0.90167,0.93946,0.82517,0.89494,0.74868,0.84168,0.66155,0.78842,0.57443,0.74708,0.51634,0.76934,0.48943,0.67235,0.45401,0.68984,0.43134,0.65327,0.43559,0.68825,0.38318,0.65168,0.38884,0.7121,0.34209,0.77729,0.34068,0.76139,0.28968,0.82817,0.28968,0.82499,0.25993,0.86791,0.25993,0.918,0.22451,0.96808,0.18909,1,0.14234,1,0.07363,1,0.00493,0.88381,0,0.81306,0,0.74231,0,0.65089,0.03363,0.55947,0.06726,0.45453,0.10976,0.3655,0.14943,0.31621,0.22876,0.31621,0.26276,0.35914,0.33643,0.33688,0.36193,0.35914,0.37893,0.34165,0.40726,0.38299,0.39451,0.37027,0.43134,0.35914,0.45259,0.32098,0.44693,0.33052,0.47384,0.25579,0.50643,0.27805,0.53051,0.22399,0.57443,0.17153,0.63251,0.11747,0.69484,0.065,0.75576,0.02684,0.80392,0,0.84642,0,0.91584,0,0.97959,0.44085,0.28301,0.50069,0.44024,0.62258,0.23484,0.77879,0.16261,0.72818,0.72358,0.5586,0.52403,0.6416,0.59825,0.40616,0.53542,0.89155,0.10842,0.81258,0.87039,0.50245,0.193,0.57173,0.31368,0.67093,0.09993,0.36118,0.62757,0.27156,0.64226,0.22115,0.7394,0.16126,0.80535,0.49517,0.58908,0.62542,0.73222,0.82042,0.78555,0.72871,0.63439,0.45131,0.35359,0.72845,0.23151,0.55315,0.64029,0.40455,0.50336,0.41996,0.4553,0.42382,0.41526,0.41868,0.37292,0.39813,0.31685,0.38786,0.29855,0.37759,0.26422,0.38015,0.2379,0.39942,0.19785,0.506,0.14064,0.58305,0.11547,0.67551,0.29168,0.70762,0.23561,0.59846,0.45187,0.5792,0.42212,0.60617,0.3775,0.61644,0.3569],"height":312,"name":"Chest Copy"}],"name":"Chest Copy"}]}],"frameRate":30,"name":"Maxima","slot":[{"color":{},"name":"shadow Copy","parent":"Shadow"},{"z":1,"color":{},"name":"tail Copy","parent":"Tail Main"},{"z":2,"color":{},"name":"right Leg Copy","parent":"Legt Right"},{"z":3,"color":{},"name":"left leg Copy","parent":"Leg Left"},{"z":4,"color":{},"name":"left arm Copy","parent":"Left Arm Main"},{"z":5,"color":{},"name":"neck Copy","parent":"neck"},{"z":6,"color":{},"name":"Chest Copy","parent":"chest Main"},{"z":7,"color":{},"name":"head default Copy","parent":"head","displayIndex":2},{"z":8,"color":{},"name":"right arm Copy","parent":"Right Arm Main"}]}]}