{"imagePath":"Maxima_tex.png","width":512,"SubTexture":[{"y":765,"frameX":-1,"frameHeight":16,"frameY":-1,"width":480,"frameWidth":482,"height":14,"name":"shadow Copy","x":1},{"width":358,"y":315,"height":195,"name":"tail Copy","x":1},{"y":512,"frameX":-1,"frameHeight":158,"frameY":-1,"width":127,"frameWidth":129,"height":156,"name":"right Leg Copy","x":159},{"y":493,"frameX":-1,"frameHeight":162,"frameY":-1,"width":125,"frameWidth":127,"height":160,"name":"left leg Copy","x":361},{"width":133,"y":291,"height":200,"name":"left arm Copy","x":361},{"width":156,"y":512,"height":138,"name":"neck Copy","x":1},{"width":278,"y":1,"height":312,"name":"Chest Copy","x":1},{"y":652,"frameX":-1,"frameHeight":110,"frameY":-1,"width":105,"frameWidth":107,"height":108,"name":"head action Copy","x":1},{"y":655,"frameX":-1,"frameHeight":110,"frameY":-1,"width":104,"frameWidth":106,"height":108,"name":"head default Copy","x":397},{"y":655,"frameX":-1,"frameHeight":107,"frameY":-1,"width":107,"frameWidth":109,"height":105,"name":"Head Damage Copy","x":288},{"width":210,"y":1,"height":288,"name":"right arm Copy","x":281}],"height":1024,"name":"Weretiger"}