{"frameRate":30,"isGlobal":0,"armature":[{"bone":[{"name":"root","transform":{}},{"transform":{"y":-11.75,"x":-80.3},"name":"LegLIK","parent":"root"},{"transform":{"y":-14.26,"x":85.47},"name":"LegRIK","parent":"root"},{"transform":{"y":-10.94,"x":0.15},"name":"shadow","parent":"root"},{"transform":{"y":-120.77,"x":-15.29},"name":"bone","parent":"root"},{"length":44,"transform":{"y":2.52,"skX":85.53,"skY":85.53,"x":-49.31},"parent":"bone","name":"bone8"},{"length":91,"transform":{"skX":-85.18,"skY":-85.18},"parent":"bone","name":"bone2"},{"length":88,"transform":{"y":-25.89,"skX":56.46,"skY":56.46,"x":13.13},"parent":"bone","name":"bone5"},{"length":69,"transform":{"y":0.35,"skX":-0.2,"skY":-0.2,"x":88.85},"parent":"bone5","name":"bone6"},{"length":50,"transform":{"skX":-14.08,"skY":-14.08,"x":91.96},"parent":"bone2","name":"bone3"},{"length":64,"transform":{"skX":21.15,"skY":21.15,"x":44.29},"parent":"bone8","name":"bone9"},{"length":109,"transform":{"y":-29.48,"skX":178.72,"skY":178.72,"x":22.39},"parent":"bone2","name":"bone18"},{"length":204,"transform":{"y":6.61,"skX":-177.78,"skY":-177.78,"x":32.77},"parent":"bone3","name":"bone7"},{"length":53,"transform":{"y":-56.88,"skX":-148.68,"skY":-148.68,"x":18.67},"parent":"bone3","name":"bone15"},{"length":69,"transform":{"y":92.73,"skX":142.17,"skY":142.17,"x":18.86},"parent":"bone3","name":"bone12"},{"length":30,"transform":{"skX":-12.03,"skY":-12.03,"x":50.34},"parent":"bone3","name":"bone4"},{"length":80,"transform":{"skX":4.5,"skY":4.5,"x":53.9},"parent":"bone15","name":"bone16"},{"length":278,"transform":{"y":-40.97,"skX":-45.5,"skY":-45.5,"x":17.45},"parent":"bone7","name":"bone11"},{"length":116,"transform":{"skX":32.96,"skY":32.96,"x":69.03},"parent":"bone12","name":"bone13"},{"length":202,"transform":{"y":26.77,"skX":37.91,"skY":37.91,"x":16.03},"parent":"bone7","name":"bone10"},{"length":35,"transform":{"skX":12.63,"skY":12.63,"x":80.3},"parent":"bone16","name":"bone17"},{"length":410,"transform":{"y":3.9,"skX":96.1,"skY":96.1,"x":112.16},"parent":"bone13","name":"bone14"}],"type":"Armature","frameRate":30,"defaultActions":[{"gotoAndPlay":"Attack A"}],"aabb":{"width":554.2378282828283,"y":-343.0094370787151,"height":374.37125526053336,"x":-197.0368181818182},"animation":[{"bone":[{"frame":[{"transform":{},"duration":10},{"transform":{},"duration":3},{"transform":{},"duration":13},{"transform":{},"duration":15},{"transform":{},"duration":0}],"name":"root"},{"frame":[{"curve":[0.25,0,1,0],"transform":{},"duration":10},{"curve":[0.25,0,0,1],"transform":{"y":11.13,"x":11.66},"duration":3},{"curve":[0.25,0,0.75,1],"transform":{"y":43.17,"skX":15.6,"skY":15.6,"x":-165.57},"duration":13},{"curve":[0.25,0,0.75,1],"transform":{"y":46.07,"skX":15.6,"skY":15.6,"x":-138.98},"duration":15},{"transform":{},"duration":0}],"name":"bone"},{"frame":[{"transform":{},"duration":10},{"curve":[0.25,0,0,1],"transform":{},"duration":3},{"transform":{"skX":-10.62,"skY":-10.62},"duration":13},{"curve":[0.25,0,0.75,1],"transform":{"skX":-10.62,"skY":-10.62},"duration":15},{"transform":{},"duration":0}],"name":"bone2"},{"frame":[{"curve":[0.25,0,1,0],"transform":{},"duration":10},{"curve":[0.25,0,0,1],"transform":{"skX":12.54,"skY":12.54},"duration":3},{"curve":[0.25,0,0.75,1],"transform":{"skX":-17.57,"skY":-17.57},"duration":13},{"curve":[0.25,0,0.75,1],"transform":{"y":-3.23,"skX":-17.57,"skY":-17.57,"x":-1.73},"duration":15},{"transform":{},"duration":0}],"name":"bone3"},{"frame":[{"curve":[0.25,0,1,0],"transform":{},"duration":10},{"curve":[0.25,0,0,1],"transform":{"skX":-15.25,"skY":-15.25},"duration":3},{"transform":{},"duration":13},{"transform":{},"duration":15},{"transform":{},"duration":0}],"name":"bone4"},{"frame":[{"transform":{},"duration":10},{"curve":[0.25,0,0,1],"transform":{},"duration":3},{"curve":[0.25,0,0.75,1],"transform":{"x":-123.23},"duration":13},{"curve":[0.25,0,0.75,1],"transform":{"x":-96.64},"duration":15},{"transform":{},"duration":0}],"name":"LegRIK"},{"frame":[{"curve":[0.25,0,0.75,1],"transform":{"skX":-0.19,"skY":-0.19},"duration":10},{"curve":[0.25,0,0,1],"transform":{"skX":23.78,"skY":23.78},"duration":3},{"curve":[0.25,0,0.75,1],"transform":{"skX":-20.75,"skY":-20.75},"duration":13},{"curve":[0.25,0,0.75,1],"transform":{"skX":-20.2,"skY":-20.2},"duration":15},{"transform":{"skX":-0.19,"skY":-0.19},"duration":0}],"name":"bone5"},{"frame":[{"curve":[0.25,0,0.75,1],"transform":{"skX":0.43,"skY":0.43},"duration":10},{"curve":[0.25,0,0,1],"transform":{"skX":-51.27,"skY":-51.27},"duration":3},{"curve":[0.25,0,0.75,1],"transform":{"skX":-38.58,"skY":-38.58},"duration":13},{"curve":[0.25,0,0.75,1],"transform":{"skX":-41.99,"skY":-41.99},"duration":15},{"transform":{"skX":0.43,"skY":0.43},"duration":0}],"name":"bone6"},{"frame":[{"curve":[0.25,0,1,0],"transform":{},"duration":10},{"curve":[0.25,0,0,1],"transform":{"x":-16.94},"duration":3},{"curve":[0.25,0,0.75,1],"transform":{"y":4.92,"skX":2.4,"skY":2.4,"x":-197.6},"duration":13},{"curve":[0.25,0,0.75,1],"transform":{"y":4.92,"skX":2.4,"skY":2.4,"x":-171.01},"duration":15},{"transform":{},"duration":0}],"name":"LegLIK"},{"frame":[{"curve":[0.25,0,0.75,1],"transform":{"skX":20.98,"skY":20.98},"duration":10},{"curve":[0.25,0,0,1],"transform":{"skX":46.35,"skY":46.35},"duration":3},{"curve":[0.25,0,0.75,1],"transform":{"skX":54.83,"skY":54.83},"duration":13},{"curve":[0.25,0,0.75,1],"transform":{"skX":59.08,"skY":59.08},"duration":15},{"transform":{"skX":20.98,"skY":20.98},"duration":0}],"name":"bone8"},{"frame":[{"curve":[0.25,0,0.75,1],"transform":{"skX":-34.88,"skY":-34.88},"duration":10},{"curve":[0.25,0,0,1],"transform":{"skX":-49.76,"skY":-49.76},"duration":3},{"curve":[0.25,0,0.75,1],"transform":{"skX":-79.56,"skY":-79.56},"duration":13},{"curve":[0.25,0,0.75,1],"transform":{"skX":-84.91,"skY":-84.91},"duration":15},{"transform":{"skX":-34.88,"skY":-34.88},"duration":0}],"name":"bone9"},{"frame":[{"transform":{},"duration":10},{"curve":[0.25,0,0,1],"transform":{},"duration":3},{"transform":{"scX":0.86},"duration":13},{"curve":[0.25,0,0.75,1],"transform":{"scX":0.86},"duration":15},{"transform":{},"duration":0}],"name":"bone7"},{"frame":[{"curve":[0.25,0,1,0],"transform":{},"duration":10},{"curve":[0.25,0,0,1],"transform":{"y":-24.89,"skX":-5.68,"skY":-5.68,"scX":0.88,"x":-19.89},"duration":3},{"curve":[0.25,0,0.75,1],"transform":{"y":-7.54,"skX":36.13,"skY":36.13,"scX":0.74,"x":19.83},"duration":13},{"curve":[0.25,0,0.75,1],"transform":{"y":-7.54,"skX":12.05,"skY":12.05,"scX":0.74,"x":19.83},"duration":15},{"transform":{},"duration":0}],"name":"bone10"},{"frame":[{"curve":[0.25,0,1,0],"transform":{},"duration":10},{"curve":[0.25,0,0,1],"transform":{"y":35.65,"skX":-3.36,"skY":-3.36,"scX":0.78,"x":8.28},"duration":3},{"curve":[0.25,0,0.75,1],"transform":{"skX":-45.1,"skY":-45.1},"duration":13},{"curve":[0.25,0,0.75,1],"transform":{"skX":14.47,"skY":14.47},"duration":15},{"transform":{},"duration":0}],"name":"bone11"},{"frame":[{"curve":[0.25,0,1,0],"transform":{},"duration":5},{"curve":[0.25,0,0.75,1],"transform":{"skX":-288.26,"skY":-288.26},"duration":5},{"curve":[0.25,0,0,1],"transform":{"y":-16.74,"skX":-171.88,"skY":-171.88,"x":2.73},"duration":3},{"transform":{"skX":33.31,"skY":33.31},"duration":13},{"curve":[0.25,0,0.75,1],"transform":{"skX":33.31,"skY":33.31},"duration":15},{"transform":{},"duration":0}],"name":"bone12"},{"frame":[{"curve":[0.25,0,1,0],"transform":{},"duration":10},{"curve":[0.25,0,0,1],"transform":{"skX":42.07,"skY":42.07},"duration":3},{"transform":{"skX":-16.03,"skY":-16.03},"duration":13},{"curve":[0.25,0,0.75,1],"transform":{"skX":-16.03,"skY":-16.03},"duration":15},{"transform":{},"duration":0}],"name":"bone13"},{"frame":[{"curve":[0.25,0,1,0],"transform":{},"duration":10},{"curve":[0.25,0,0,1],"transform":{"skX":-2.07,"skY":-2.07},"duration":3},{"transform":{},"duration":13},{"transform":{},"duration":15},{"transform":{},"duration":0}],"name":"bone14"},{"frame":[{"curve":[0.25,0,1,0],"transform":{},"duration":10},{"curve":[0.25,0,0,1],"transform":{"y":11.78,"skX":26.82,"skY":26.82,"x":5.58},"duration":3},{"transform":{"y":31.53,"skX":23,"skY":23,"x":-17.35},"duration":13},{"curve":[0.25,0,0.75,1],"transform":{"y":31.53,"skX":23,"skY":23,"x":-17.35},"duration":15},{"transform":{},"duration":0}],"name":"bone15"},{"frame":[{"curve":[0.25,0,1,0],"transform":{},"duration":10},{"curve":[0.25,0,0,1],"transform":{"skX":30.65,"skY":30.65},"duration":3},{"transform":{"skX":28.21,"skY":28.21},"duration":13},{"curve":[0.25,0,0.75,1],"transform":{"skX":28.21,"skY":28.21},"duration":15},{"transform":{},"duration":0}],"name":"bone16"},{"frame":[{"transform":{},"duration":10},{"transform":{},"duration":3},{"transform":{},"duration":13},{"transform":{},"duration":15},{"transform":{},"duration":0}],"name":"bone17"},{"frame":[{"transform":{},"duration":10},{"curve":[0.25,0,0,1],"transform":{},"duration":3},{"transform":{"skX":-11.09,"skY":-11.09},"duration":13},{"curve":[0.25,0,0.75,1],"transform":{"skX":-11.09,"skY":-11.09},"duration":15},{"transform":{},"duration":0}],"name":"bone18"},{"frame":[{"curve":[0.25,0,1,0],"transform":{},"duration":10},{"curve":[0.25,0,0,1],"transform":{"x":15.49},"duration":3},{"curve":[0.25,0,0.75,1],"transform":{"scX":1.14,"x":-148.08},"duration":13},{"curve":[0.25,0,0.75,1],"transform":{"scX":1.14,"x":-121.49},"duration":15},{"transform":{},"duration":0}],"name":"shadow"}],"frame":[],"ik":[],"duration":41,"ffd":[],"name":"Attack A","slot":[]},{"bone":[{"frame":[{"curve":[0.25,0,1,0],"transform":{},"duration":5},{"curve":[0.25,0,0.75,1],"transform":{"y":-0.43,"x":-19.72},"duration":5},{"curve":[0.25,0,0,1],"transform":{"y":-136.38,"skX":2.4,"skY":2.4,"x":-154.39},"duration":5},{"transform":{"y":4.92,"skX":2.4,"skY":2.4,"x":-263.29},"duration":9},{"curve":[0.25,0,0,1],"transform":{"y":4.92,"skX":2.4,"skY":2.4,"x":-263.29},"duration":6},{"curve":[0.25,0,0.75,1],"transform":{"y":-142.88,"skX":2.4,"skY":2.4,"x":-139.71},"duration":10},{"transform":{},"duration":12},{"transform":{},"duration":0}],"name":"LegLIK"},{"frame":[{"transform":{},"duration":5},{"transform":{},"duration":5},{"transform":{},"duration":5},{"transform":{},"duration":9},{"transform":{},"duration":6},{"transform":{},"duration":10},{"transform":{},"duration":12},{"transform":{},"duration":0}],"name":"bone14"},{"frame":[{"curve":[0.25,0,1,0],"transform":{},"duration":5},{"curve":[0.25,0,0.75,1],"transform":{"skX":-1.44,"skY":-1.44},"duration":5},{"transform":{"skX":-11.09,"skY":-11.09},"duration":5},{"transform":{"skX":-11.09,"skY":-11.09},"duration":9},{"transform":{"skX":-11.09,"skY":-11.09},"duration":6},{"curve":[0.25,0,0.75,1],"transform":{"skX":-11.09,"skY":-11.09},"duration":10},{"transform":{},"duration":12},{"transform":{},"duration":0}],"name":"bone18"},{"frame":[{"curve":[0.25,0,1,0],"transform":{},"duration":5},{"curve":[0.25,0,0.75,1],"transform":{"skX":-8.34,"skY":-8.34},"duration":5},{"curve":[0.25,0,0,1],"transform":{"skX":-6.34,"skY":-6.34},"duration":5},{"curve":[0.25,0,0.75,1],"transform":{"skX":-45.1,"skY":-45.1},"duration":9},{"curve":[0.25,0,0,1],"transform":{"skX":14.47,"skY":14.47},"duration":6},{"curve":[0.25,0,0.75,1],"transform":{"skX":48.53,"skY":48.53},"duration":10},{"transform":{},"duration":12},{"transform":{},"duration":0}],"name":"bone11"},{"frame":[{"curve":[0.25,0,1,0],"transform":{},"duration":5},{"curve":[0.25,0,0.75,1],"transform":{"skX":24.23,"skY":24.23},"duration":5},{"curve":[0.25,0,0,1],"transform":{"skX":-190.48,"skY":-190.48},"duration":5},{"transform":{"skX":33.31,"skY":33.31},"duration":9},{"curve":[0.25,0,0,1],"transform":{"skX":33.31,"skY":33.31},"duration":6},{"curve":[0.25,0,0.75,1],"transform":{"skX":70.91,"skY":70.91},"duration":10},{"curve":[0.25,0,0.75,1],"transform":{"skX":71.58,"skY":71.58},"duration":12},{"transform":{},"duration":0}],"name":"bone12"},{"frame":[{"transform":{},"duration":5},{"transform":{},"duration":5},{"transform":{},"duration":5},{"transform":{},"duration":9},{"transform":{},"duration":6},{"transform":{},"duration":10},{"transform":{},"duration":12},{"transform":{},"duration":0}],"name":"bone4"},{"frame":[{"curve":[0.25,0,1,0],"transform":{},"duration":5},{"curve":[0.25,0,0.75,1],"transform":{"skX":-14.45,"skY":-14.45},"duration":5},{"transform":{"skX":-17.57,"skY":-17.57},"duration":5},{"curve":[0.25,0,0.75,1],"transform":{"skX":-17.57,"skY":-17.57},"duration":9},{"transform":{"y":-3.23,"skX":-17.57,"skY":-17.57,"x":-1.73},"duration":6},{"curve":[0.25,0,0.75,1],"transform":{"y":-3.23,"skX":-17.57,"skY":-17.57,"x":-1.73},"duration":10},{"curve":[0.25,0,0.75,1],"transform":{"skX":-20.52,"skY":-20.52},"duration":12},{"transform":{},"duration":0}],"name":"bone3"},{"frame":[{"curve":[0.25,0,1,0],"transform":{"skX":20.98,"skY":20.98},"duration":5},{"curve":[0.25,0,0.75,1],"transform":{"skX":52.79,"skY":52.79},"duration":5},{"curve":[0.25,0,0,1],"transform":{"skX":49.69,"skY":49.69},"duration":5},{"curve":[0.25,0,0.75,1],"transform":{"skX":54.83,"skY":54.83},"duration":9},{"curve":[0.25,0,0,1],"transform":{"skX":59.08,"skY":59.08},"duration":6},{"curve":[0.25,0,0.75,1],"transform":{"skX":77.27,"skY":77.27},"duration":10},{"curve":[0.25,0,0.75,1],"transform":{"skX":64.77,"skY":64.77},"duration":12},{"transform":{"skX":20.98,"skY":20.98},"duration":0}],"name":"bone8"},{"frame":[{"curve":[0.25,0,1,0],"transform":{},"duration":5},{"curve":[0.25,0,0.75,1],"transform":{"skX":-6.15,"skY":-6.15},"duration":5},{"curve":[0.25,0,0,1],"transform":{"skX":23,"skY":23},"duration":5},{"transform":{"y":31.53,"skX":23,"skY":23,"x":-17.35},"duration":9},{"transform":{"y":31.53,"skX":23,"skY":23,"x":-17.35},"duration":6},{"curve":[0.25,0,0.75,1],"transform":{"y":31.53,"skX":23,"skY":23,"x":-17.35},"duration":10},{"curve":[0.25,0,0.75,1],"transform":{"skX":23.12,"skY":23.12},"duration":12},{"transform":{},"duration":0}],"name":"bone15"},{"frame":[{"curve":[0.25,0,1,0],"transform":{},"duration":5},{"curve":[0.25,0,0.75,1],"transform":{"skX":11.64,"skY":11.64},"duration":5},{"curve":[0.25,0,0,1],"transform":{"skX":30.46,"skY":30.46},"duration":5},{"transform":{"skX":-16.03,"skY":-16.03},"duration":9},{"transform":{"skX":-16.03,"skY":-16.03},"duration":6},{"curve":[0.25,0,0.75,1],"transform":{"skX":-16.03,"skY":-16.03},"duration":10},{"transform":{},"duration":12},{"transform":{},"duration":0}],"name":"bone13"},{"frame":[{"curve":[0.25,0,1,0],"transform":{},"duration":5},{"curve":[0.25,0,0.75,1],"transform":{"scX":1.1},"duration":5},{"curve":[0.25,0,0,1],"transform":{"scX":0.9,"x":-67.06},"duration":5},{"transform":{"scX":1.14,"x":-213.76},"duration":9},{"curve":[0.25,0,0,1],"transform":{"scX":1.14,"x":-213.76},"duration":6},{"curve":[0.25,0,0.75,1],"transform":{"scX":1.14,"x":-128.69},"duration":10},{"transform":{},"duration":12},{"transform":{},"duration":0}],"name":"shadow"},{"frame":[{"transform":{},"duration":5},{"transform":{},"duration":5},{"curve":[0.25,0,0,1],"transform":{},"duration":5},{"transform":{"scX":0.86},"duration":9},{"transform":{"scX":0.86},"duration":6},{"curve":[0.25,0,0.75,1],"transform":{"scX":0.86},"duration":10},{"transform":{},"duration":12},{"transform":{},"duration":0}],"name":"bone7"},{"frame":[{"curve":[0.25,0,1,0],"transform":{},"duration":5},{"curve":[0.25,0,0.75,1],"transform":{"skX":-1.38,"skY":-1.38},"duration":5},{"transform":{"skX":-10.62,"skY":-10.62},"duration":5},{"transform":{"skX":-10.62,"skY":-10.62},"duration":9},{"transform":{"skX":-10.62,"skY":-10.62},"duration":6},{"curve":[0.25,0,0.75,1],"transform":{"skX":-10.62,"skY":-10.62},"duration":10},{"transform":{},"duration":12},{"transform":{},"duration":0}],"name":"bone2"},{"frame":[{"curve":[0.25,0,1,0],"transform":{"skX":0.43,"skY":0.43},"duration":5},{"curve":[0.25,0,0.75,1],"transform":{"skX":-28.24,"skY":-28.24},"duration":5},{"curve":[0.25,0,0,1],"transform":{"skX":0.43,"skY":0.43},"duration":5},{"curve":[0.25,0,0.75,1],"transform":{"skX":-38.58,"skY":-38.58},"duration":9},{"curve":[0.25,0,0,1],"transform":{"skX":-41.99,"skY":-41.99},"duration":6},{"curve":[0.25,0,0.75,1],"transform":{"skX":0.43,"skY":0.43},"duration":10},{"curve":[0.25,0,0.75,1],"transform":{"skX":-67.24,"skY":-67.24},"duration":12},{"transform":{"skX":0.43,"skY":0.43},"duration":0}],"name":"bone6"},{"frame":[{"curve":[0.25,0,1,0],"transform":{},"duration":5},{"curve":[0.25,0,0.75,1],"transform":{"skX":30.44,"skY":30.44},"duration":5},{"curve":[0.25,0,0,1],"transform":{"skX":17.08,"skY":17.08},"duration":5},{"curve":[0.25,0,0.75,1],"transform":{"y":-7.54,"skX":36.13,"skY":36.13,"scX":0.74,"x":19.83},"duration":9},{"curve":[0.25,0,0,1],"transform":{"y":-7.54,"skX":12.05,"skY":12.05,"scX":0.74,"x":19.83},"duration":6},{"curve":[0.25,0,0.75,1],"transform":{"y":-7.54,"skX":41.21,"skY":41.21,"scX":0.74,"x":19.83},"duration":10},{"curve":[0.25,0,0.75,1],"transform":{"skX":41.57,"skY":41.57},"duration":12},{"transform":{},"duration":0}],"name":"bone10"},{"frame":[{"transform":{},"duration":5},{"transform":{},"duration":5},{"transform":{},"duration":5},{"transform":{},"duration":9},{"transform":{},"duration":6},{"transform":{},"duration":10},{"transform":{},"duration":12},{"transform":{},"duration":0}],"name":"bone17"},{"frame":[{"curve":[0.25,0,1,0],"transform":{},"duration":5},{"curve":[0.25,0,0.75,1],"transform":{"y":12.53,"x":-0.54},"duration":5},{"curve":[0.25,0,0,1],"transform":{"y":-87.33,"skX":15.6,"skY":15.6,"x":-173.66},"duration":5},{"curve":[0.25,0,0.75,1],"transform":{"y":43.17,"skX":15.6,"skY":15.6,"x":-231.26},"duration":9},{"curve":[0.25,0,0,1],"transform":{"y":46.07,"skX":15.6,"skY":15.6,"x":-231.26},"duration":6},{"curve":[0.25,0,0.75,1],"transform":{"y":-86.2,"skX":15.6,"skY":15.6,"x":-128.79},"duration":10},{"curve":[0.25,0,0.75,1],"transform":{"y":20.74,"x":16.7},"duration":12},{"transform":{},"duration":0}],"name":"bone"},{"frame":[{"curve":[0.25,0,1,0],"transform":{"skX":-34.88,"skY":-34.88},"duration":5},{"curve":[0.25,0,0.75,1],"transform":{"skX":-67.86,"skY":-67.86},"duration":5},{"curve":[0.25,0,0,1],"transform":{"skX":-121.84,"skY":-121.84},"duration":5},{"curve":[0.25,0,0.75,1],"transform":{"skX":-79.56,"skY":-79.56},"duration":9},{"curve":[0.25,0,0,1],"transform":{"skX":-84.91,"skY":-84.91},"duration":6},{"curve":[0.25,0,0.75,1],"transform":{"skX":-124.49,"skY":-124.49},"duration":10},{"curve":[0.25,0,0.75,1],"transform":{"skX":-86.89,"skY":-86.89},"duration":12},{"transform":{"skX":-34.88,"skY":-34.88},"duration":0}],"name":"bone9"},{"frame":[{"curve":[0.25,0,1,0],"transform":{},"duration":5},{"curve":[0.25,0,0.75,1],"transform":{"x":8.31},"duration":5},{"curve":[0.25,0,0,1],"transform":{"x":-45.82},"duration":5},{"transform":{"x":-188.92},"duration":9},{"curve":[0.25,0,0,1],"transform":{"x":-188.92},"duration":6},{"curve":[0.25,0,0.75,1],"transform":{"x":-278.34},"duration":10},{"transform":{},"duration":12},{"transform":{},"duration":0}],"name":"LegRIK"},{"frame":[{"curve":[0.25,0,1,0],"transform":{},"duration":5},{"curve":[0.25,0,0.75,1],"transform":{"skX":27.17,"skY":27.17},"duration":5},{"transform":{"skX":28.21,"skY":28.21},"duration":5},{"transform":{"skX":28.21,"skY":28.21},"duration":9},{"transform":{"skX":28.21,"skY":28.21},"duration":6},{"curve":[0.25,0,0.75,1],"transform":{"skX":28.21,"skY":28.21},"duration":10},{"curve":[0.25,0,0.75,1],"transform":{"skX":24.49,"skY":24.49},"duration":12},{"transform":{},"duration":0}],"name":"bone16"},{"frame":[{"transform":{},"duration":5},{"transform":{},"duration":5},{"transform":{},"duration":5},{"transform":{},"duration":9},{"transform":{},"duration":6},{"transform":{},"duration":10},{"transform":{},"duration":12},{"transform":{},"duration":0}],"name":"root"},{"frame":[{"curve":[0.25,0,1,0],"transform":{"skX":-0.19,"skY":-0.19},"duration":5},{"curve":[0.25,0,0.75,1],"transform":{"skX":7.07,"skY":7.07},"duration":5},{"curve":[0.25,0,0,1],"transform":{"skX":-26.45,"skY":-26.45},"duration":5},{"curve":[0.25,0,0.75,1],"transform":{"skX":-20.75,"skY":-20.75},"duration":9},{"curve":[0.25,0,0,1],"transform":{"skX":-20.2,"skY":-20.2},"duration":6},{"curve":[0.25,0,0.75,1],"transform":{"skX":35.42,"skY":35.42},"duration":10},{"curve":[0.25,0,0.75,1],"transform":{"skX":30.14,"skY":30.14},"duration":12},{"transform":{"skX":-0.19,"skY":-0.19},"duration":0}],"name":"bone5"}],"frame":[],"ik":[],"duration":52,"ffd":[{"frame":[{"tweenEasing":null,"offset":0,"vertices":[],"duration":5},{"tweenEasing":null,"offset":0,"vertices":[0.26,0,0.24,0,0.24,-0.03,0.22,-0.03,0.21,-0.06,0.14,-0.11,0.04,-0.12,0,-0.11,0,-0.15,-0.05,-0.15,-0.11,-0.18,-0.2,-0.19,-0.24,-0.16,-0.26,-0.12,-0.26,-0.05,-0.31,0.08,-0.2,0.01,-0.14,0.01,-0.1,-0.01,-0.09,-0.04,-0.07,-0.02,-0.06,-0.03,-0.04,-0.01,-0.04,0,-0.05,0,-0.08,0.02,-0.06,0.06,0,0.12,0.02,0.13,0.09,0.14,0.15,0.14,0.18,0.15,0.21,0.15,0.22,0.13,0.24,0.14,0.25,0.14,0.26,0.15,0.28,0.13,0.3,0.14,0.31,0.16,0.33,0.15,0.33,0.12,0.29,0.08,0.26,0.06,0.28,0.07,0.3,0.06,0.31,0.05,0.32,0.03,0.29,0.03,0.28,0.02,0.22,0.09,0.22,0.07,0.25,0.05,0.22,0.03,0.3,0.12,0.26,0.09,0.25,0.12,0.23,0.12,0.29,0.05,0.27,0.04,0.25,0.02,0.18,0.12,0.13,0.11,0.18,0,0.04,0.1,0.09,-0.05,-0.02,-0.07,0,-0.06,0.04,-0.06,0.06,0,-0.05,-0.08,-0.07,-0.08,-0.16,-0.1],"duration":47}],"scale":1,"offset":0,"skin":"","name":"Layer 9","slot":"Layer 9"}],"name":"Attack B","slot":[]},{"bone":[{"frame":[{"transform":{},"duration":10},{"transform":{},"duration":5},{"transform":{},"duration":5},{"transform":{},"duration":5},{"transform":{},"duration":17},{"transform":{},"duration":0}],"name":"root"},{"frame":[{"curve":[0.25,0,1,0],"transform":{},"duration":10},{"curve":[0.25,0,0,1],"transform":{"y":11.13,"x":11.66},"duration":5},{"transform":{"y":43.17,"skX":15.6,"skY":15.6,"x":-165.57},"duration":5},{"curve":[0.25,0,0,1],"transform":{"y":43.17,"skX":15.6,"skY":15.6,"x":-165.57},"duration":5},{"curve":[0.25,0,0.75,1],"transform":{"y":-6.11,"skX":15.6,"skY":15.6,"x":-68.54},"duration":17},{"transform":{},"duration":0}],"name":"bone"},{"frame":[{"transform":{},"duration":10},{"curve":[0.25,0,0,1],"transform":{},"duration":5},{"transform":{"skX":-10.62,"skY":-10.62},"duration":5},{"transform":{"skX":-10.62,"skY":-10.62},"duration":5},{"curve":[0.25,0,0.75,1],"transform":{"skX":-10.62,"skY":-10.62},"duration":17},{"transform":{},"duration":0}],"name":"bone2"},{"frame":[{"curve":[0.25,0,1,0],"transform":{},"duration":10},{"curve":[0.25,0,0,1],"transform":{"skX":12.54,"skY":12.54},"duration":5},{"curve":[0.25,0,0.75,1],"transform":{"skX":-17.57,"skY":-17.57},"duration":5},{"curve":[0.25,0,0,1],"transform":{"y":-5.48,"skX":-17.57,"skY":-17.57,"x":-0.95},"duration":5},{"curve":[0.25,0,0.75,1],"transform":{"skX":-17.57,"skY":-17.57},"duration":17},{"transform":{},"duration":0}],"name":"bone3"},{"frame":[{"curve":[0.25,0,1,0],"transform":{},"duration":10},{"curve":[0.25,0,0,1],"transform":{"skX":-15.25,"skY":-15.25},"duration":5},{"transform":{},"duration":5},{"transform":{},"duration":5},{"transform":{},"duration":17},{"transform":{},"duration":0}],"name":"bone4"},{"frame":[{"transform":{},"duration":10},{"curve":[0.25,0,0,1],"transform":{},"duration":5},{"transform":{"x":-123.23},"duration":5},{"transform":{"x":-123.23},"duration":5},{"curve":[0.25,0,0.75,1],"transform":{"x":-123.23},"duration":17},{"transform":{},"duration":0}],"name":"LegRIK"},{"frame":[{"curve":[0.25,0,0.75,1],"transform":{"skX":-0.19,"skY":-0.19},"duration":10},{"curve":[0.25,0,0,1],"transform":{"skX":23.78,"skY":23.78},"duration":5},{"transform":{"skX":-20.75,"skY":-20.75},"duration":5},{"curve":[0.25,0,0,1],"transform":{"skX":-20.75,"skY":-20.75},"duration":5},{"curve":[0.25,0,0.75,1],"transform":{"skX":33.32,"skY":33.32},"duration":17},{"transform":{"skX":-0.19,"skY":-0.19},"duration":0}],"name":"bone5"},{"frame":[{"curve":[0.25,0,0.75,1],"transform":{"skX":0.43,"skY":0.43},"duration":10},{"curve":[0.25,0,0,1],"transform":{"skX":-51.27,"skY":-51.27},"duration":5},{"transform":{"skX":-38.58,"skY":-38.58},"duration":5},{"curve":[0.25,0,0,1],"transform":{"skX":-38.58,"skY":-38.58},"duration":5},{"curve":[0.25,0,0.75,1],"transform":{"skX":-61.29,"skY":-61.29},"duration":17},{"transform":{"skX":0.43,"skY":0.43},"duration":0}],"name":"bone6"},{"frame":[{"curve":[0.25,0,1,0],"transform":{},"duration":10},{"curve":[0.25,0,0,1],"transform":{"x":-16.94},"duration":5},{"transform":{"y":4.92,"skX":2.4,"skY":2.4,"x":-197.6},"duration":5},{"curve":[0.25,0,0,1],"transform":{"y":4.92,"skX":2.4,"skY":2.4,"x":-197.6},"duration":5},{"curve":[0.25,0,0.75,1],"transform":{"y":4.92,"skX":2.4,"skY":2.4,"x":-89.83},"duration":17},{"transform":{},"duration":0}],"name":"LegLIK"},{"frame":[{"curve":[0.25,0,0.75,1],"transform":{"skX":20.98,"skY":20.98},"duration":10},{"curve":[0.25,0,0,1],"transform":{"skX":46.35,"skY":46.35},"duration":5},{"transform":{"skX":54.83,"skY":54.83},"duration":5},{"curve":[0.25,0,0,1],"transform":{"skX":54.83,"skY":54.83},"duration":5},{"curve":[0.25,0,0.75,1],"transform":{"y":36.26,"skX":40.18,"skY":40.18,"x":22.58},"duration":17},{"transform":{"skX":20.98,"skY":20.98},"duration":0}],"name":"bone8"},{"frame":[{"curve":[0.25,0,0.75,1],"transform":{"skX":-34.88,"skY":-34.88},"duration":10},{"curve":[0.25,0,0,1],"transform":{"skX":-49.76,"skY":-49.76},"duration":5},{"transform":{"skX":-79.56,"skY":-79.56},"duration":5},{"curve":[0.25,0,0,1],"transform":{"skX":-79.56,"skY":-79.56},"duration":5},{"curve":[0.25,0,0.75,1],"transform":{"skX":-58.42,"skY":-58.42},"duration":17},{"transform":{"skX":-34.88,"skY":-34.88},"duration":0}],"name":"bone9"},{"frame":[{"transform":{},"duration":10},{"curve":[0.25,0,0,1],"transform":{},"duration":5},{"transform":{"scX":0.86},"duration":5},{"curve":[0.25,0,0,1],"transform":{"scX":0.86},"duration":5},{"curve":[0.25,0,0.75,1],"transform":{"y":-5.59,"scX":0.86,"x":-9.37},"duration":17},{"transform":{},"duration":0}],"name":"bone7"},{"frame":[{"curve":[0.25,0,1,0],"transform":{},"duration":10},{"curve":[0.25,0,0,1],"transform":{"y":-24.89,"skX":-5.68,"skY":-5.68,"scX":0.88,"x":-19.89},"duration":5},{"curve":[0.25,0,0.75,1],"transform":{"y":-7.54,"skX":36.13,"skY":36.13,"scX":0.74,"x":19.83},"duration":5},{"curve":[0.25,0,0,1],"transform":{"y":-7.54,"skX":11.99,"skY":11.99,"scX":0.74,"x":19.83},"duration":5},{"curve":[0.25,0,0.75,1],"transform":{"y":-7.54,"skX":18.7,"skY":18.7,"scX":0.74,"x":19.83},"duration":17},{"transform":{},"duration":0}],"name":"bone10"},{"frame":[{"curve":[0.25,0,1,0],"transform":{},"duration":10},{"curve":[0.25,0,0,1],"transform":{"y":35.65,"skX":-3.36,"skY":-3.36,"scX":0.78,"x":8.28},"duration":5},{"curve":[0.25,0,0.75,1],"transform":{"skX":-45.1,"skY":-45.1},"duration":5},{"curve":[0.25,0,0,1],"transform":{"skX":7.73,"skY":7.73},"duration":5},{"curve":[0.25,0,0.75,1],"transform":{"skX":4.06,"skY":4.06},"duration":17},{"transform":{},"duration":0}],"name":"bone11"},{"frame":[{"curve":[0.25,0,1,0],"transform":{},"duration":10},{"curve":[0.25,0,0,1],"transform":{"y":-16.74,"skX":-41.06,"skY":-41.06,"x":2.73},"duration":5},{"curve":[0.25,0,0.75,1],"transform":{"y":-29.28,"skX":-236.57,"skY":-236.57,"x":-3.63},"duration":5},{"curve":[0.25,0,0,1],"transform":{"y":-25.99,"skX":-236.57,"skY":-236.57,"x":-16.83},"duration":5},{"curve":[0.25,0,0.75,1],"transform":{"y":-25.99,"skX":-17.24,"skY":-17.24,"x":-16.83},"duration":17},{"transform":{},"duration":0}],"name":"bone12"},{"frame":[{"curve":[0.25,0,1,0],"transform":{},"duration":10},{"curve":[0.25,0,0,1],"transform":{"skX":65.06,"skY":65.06},"duration":5},{"transform":{"skX":-24.05,"skY":-24.05},"duration":5},{"transform":{"skX":-24.05,"skY":-24.05},"duration":5},{"curve":[0.25,0,0.75,1],"transform":{"skX":-24.05,"skY":-24.05},"duration":17},{"transform":{},"duration":0}],"name":"bone13"},{"frame":[{"curve":[0.25,0,1,0],"transform":{},"duration":10},{"curve":[0.25,0,0,1],"transform":{"skX":-2.07,"skY":-2.07},"duration":5},{"transform":{"skX":-87.6,"skY":-87.6,"scX":1.26,"scY":1.26},"duration":5},{"curve":[0.25,0,0,1],"transform":{"skX":-87.6,"skY":-87.6,"scX":1.26,"scY":1.26},"duration":5},{"curve":[0.25,0,0.75,1],"transform":{"skX":-87.6,"skY":-87.6},"duration":17},{"transform":{},"duration":0}],"name":"bone14"},{"frame":[{"curve":[0.25,0,1,0],"transform":{},"duration":10},{"curve":[0.25,0,0,1],"transform":{"y":11.78,"skX":-17.05,"skY":-17.05,"x":5.58},"duration":5},{"transform":{"y":31.53,"skX":23,"skY":23,"x":-17.35},"duration":5},{"transform":{"y":31.53,"skX":23,"skY":23,"x":-17.35},"duration":5},{"curve":[0.25,0,0.75,1],"transform":{"y":31.53,"skX":23,"skY":23,"x":-17.35},"duration":17},{"transform":{},"duration":0}],"name":"bone15"},{"frame":[{"curve":[0.25,0,1,0],"transform":{},"duration":10},{"curve":[0.25,0,0,1],"transform":{"skX":23.62,"skY":23.62},"duration":5},{"transform":{"skX":28.21,"skY":28.21},"duration":5},{"transform":{"skX":28.21,"skY":28.21},"duration":5},{"curve":[0.25,0,0.75,1],"transform":{"skX":28.21,"skY":28.21},"duration":17},{"transform":{},"duration":0}],"name":"bone16"},{"frame":[{"transform":{},"duration":10},{"transform":{},"duration":5},{"transform":{},"duration":5},{"transform":{},"duration":5},{"transform":{},"duration":17},{"transform":{},"duration":0}],"name":"bone17"},{"frame":[{"transform":{},"duration":10},{"curve":[0.25,0,0,1],"transform":{},"duration":5},{"transform":{"skX":-11.09,"skY":-11.09},"duration":5},{"curve":[0.25,0,0,1],"transform":{"skX":-11.09,"skY":-11.09},"duration":5},{"curve":[0.25,0,0.75,1],"transform":{"y":-16.08,"skX":-11.09,"skY":-11.09,"x":-18.51},"duration":17},{"transform":{},"duration":0}],"name":"bone18"},{"frame":[{"curve":[0.25,0,1,0],"transform":{},"duration":10},{"curve":[0.25,0,0,1],"transform":{"x":15.49},"duration":5},{"transform":{"scX":1.14,"x":-148.08},"duration":5},{"transform":{"scX":1.14,"x":-148.08},"duration":5},{"curve":[0.25,0,0.75,1],"transform":{"scX":1.14,"x":-148.08},"duration":17},{"transform":{},"duration":0}],"name":"shadow"}],"frame":[],"ik":[],"duration":42,"ffd":[],"name":"Attack C","slot":[]},{"bone":[{"frame":[{"transform":{},"duration":10},{"transform":{},"duration":5},{"transform":{},"duration":10},{"transform":{},"duration":17},{"transform":{},"duration":0}],"name":"root"},{"frame":[{"curve":[0.25,0,1,0],"transform":{},"duration":10},{"curve":[0.25,0,0,1],"transform":{"y":-3.54,"x":63.32},"duration":5},{"curve":[0.25,0,0.75,1],"transform":{"y":-10.83,"skX":15.6,"skY":15.6,"x":-101.59},"duration":10},{"curve":[0.25,0,0.75,1],"transform":{"y":27.44,"skX":15.6,"skY":15.6,"x":-156.38},"duration":17},{"transform":{},"duration":0}],"name":"bone"},{"frame":[{"transform":{},"duration":10},{"curve":[0.25,0,0,1],"transform":{},"duration":5},{"transform":{"skX":-10.62,"skY":-10.62},"duration":10},{"curve":[0.25,0,0.75,1],"transform":{"skX":-10.62,"skY":-10.62},"duration":17},{"transform":{},"duration":0}],"name":"bone2"},{"frame":[{"curve":[0.25,0,1,0],"transform":{},"duration":10},{"curve":[0.25,0,0,1],"transform":{"skX":12.54,"skY":12.54},"duration":5},{"transform":{"skX":-17.57,"skY":-17.57},"duration":10},{"curve":[0.25,0,0.75,1],"transform":{"skX":-17.57,"skY":-17.57},"duration":17},{"transform":{},"duration":0}],"name":"bone3"},{"frame":[{"curve":[0.25,0,1,0],"transform":{},"duration":10},{"curve":[0.25,0,0,1],"transform":{"skX":-5.72,"skY":-5.72},"duration":5},{"transform":{},"duration":10},{"transform":{},"duration":17},{"transform":{},"duration":0}],"name":"bone4"},{"frame":[{"transform":{},"duration":10},{"curve":[0.25,0,0,1],"transform":{},"duration":5},{"transform":{"x":-123.23},"duration":10},{"curve":[0.25,0,0.75,1],"transform":{"x":-123.23},"duration":17},{"transform":{},"duration":0}],"name":"LegRIK"},{"frame":[{"curve":[0.25,0,0.75,1],"transform":{"skX":-0.19,"skY":-0.19},"duration":10},{"curve":[0.25,0,0,1],"transform":{"skX":23.78,"skY":23.78},"duration":5},{"curve":[0.25,0,0.75,1],"transform":{"skX":-20.75,"skY":-20.75},"duration":10},{"curve":[0.25,0,0.75,1],"transform":{"skX":9.2,"skY":9.2},"duration":17},{"transform":{"skX":-0.19,"skY":-0.19},"duration":0}],"name":"bone5"},{"frame":[{"curve":[0.25,0,0.75,1],"transform":{"skX":0.43,"skY":0.43},"duration":10},{"curve":[0.25,0,0,1],"transform":{"skX":-51.27,"skY":-51.27},"duration":5},{"curve":[0.25,0,0.75,1],"transform":{"skX":-38.58,"skY":-38.58},"duration":10},{"curve":[0.25,0,0.75,1],"transform":{"skX":-46.42,"skY":-46.42},"duration":17},{"transform":{"skX":0.43,"skY":0.43},"duration":0}],"name":"bone6"},{"frame":[{"curve":[0.25,0,1,0],"transform":{},"duration":10},{"curve":[0.25,0,0,1],"transform":{"y":-116.23,"x":8.3},"duration":5},{"curve":[0.25,0,0.75,1],"transform":{"y":-110.72,"skX":2.4,"skY":2.4,"x":-184.69},"duration":10},{"curve":[0.25,0,0.75,1],"transform":{"y":-5.39,"skX":-9.73,"skY":-9.73,"x":-165.95},"duration":17},{"transform":{},"duration":0}],"name":"LegLIK"},{"frame":[{"curve":[0.25,0,0.75,1],"transform":{"skX":20.98,"skY":20.98},"duration":10},{"curve":[0.25,0,0,1],"transform":{"y":-9.39,"skX":46.35,"skY":46.35,"x":14.09},"duration":5},{"curve":[0.25,0,0.75,1],"transform":{"skX":54.83,"skY":54.83},"duration":10},{"curve":[0.25,0,0.75,1],"transform":{"skX":92.29,"skY":92.29},"duration":17},{"transform":{"skX":20.98,"skY":20.98},"duration":0}],"name":"bone8"},{"frame":[{"curve":[0.25,0,0.75,1],"transform":{"skX":-34.88,"skY":-34.88},"duration":10},{"curve":[0.25,0,0,1],"transform":{"skX":-49.76,"skY":-49.76},"duration":5},{"curve":[0.25,0,0.75,1],"transform":{"skX":-79.56,"skY":-79.56},"duration":10},{"curve":[0.25,0,0.75,1],"transform":{"skX":-79.64,"skY":-79.64},"duration":17},{"transform":{"skX":-34.88,"skY":-34.88},"duration":0}],"name":"bone9"},{"frame":[{"transform":{},"duration":10},{"curve":[0.25,0,0,1],"transform":{},"duration":5},{"transform":{"scX":0.86},"duration":10},{"curve":[0.25,0,0.75,1],"transform":{"scX":0.86},"duration":17},{"transform":{},"duration":0}],"name":"bone7"},{"frame":[{"curve":[0.25,0,1,0],"transform":{},"duration":10},{"curve":[0.25,0,0,1],"transform":{"y":-24.89,"skX":-5.68,"skY":-5.68,"scX":0.88,"x":-19.89},"duration":5},{"curve":[0.25,0,0.75,1],"transform":{"y":-7.54,"skX":36.13,"skY":36.13,"scX":0.74,"x":19.83},"duration":10},{"curve":[0.25,0,0.75,1],"transform":{"y":-7.54,"skX":15.72,"skY":15.72,"scX":0.74,"x":19.83},"duration":17},{"transform":{},"duration":0}],"name":"bone10"},{"frame":[{"curve":[0.25,0,1,0],"transform":{},"duration":10},{"curve":[0.25,0,0,1],"transform":{"y":35.65,"skX":-3.36,"skY":-3.36,"scX":0.78,"x":8.28},"duration":5},{"curve":[0.25,0,0.75,1],"transform":{"y":6.92,"skX":-45.1,"skY":-45.1,"x":24.49},"duration":10},{"curve":[0.25,0,0.75,1],"transform":{"skX":14.35,"skY":14.35},"duration":17},{"transform":{},"duration":0}],"name":"bone11"},{"frame":[{"curve":[0.25,0,1,0],"transform":{},"duration":10},{"curve":[0.25,0,0,1],"transform":{"y":-16.74,"skX":-80.56,"skY":-80.56,"x":2.73},"duration":5},{"curve":[0.25,0,0.75,1],"transform":{"y":-29.28,"skX":-52.62,"skY":-52.62,"x":-3.63},"duration":10},{"curve":[0.25,0,0.75,1],"transform":{"y":-29.28,"skX":-18.85,"skY":-18.85,"x":-3.63},"duration":17},{"transform":{},"duration":0}],"name":"bone12"},{"frame":[{"curve":[0.25,0,1,0],"transform":{},"duration":10},{"curve":[0.25,0,0,1],"transform":{"skX":65.06,"skY":65.06},"duration":5},{"transform":{"skX":14.39,"skY":14.39},"duration":10},{"curve":[0.25,0,0.75,1],"transform":{"skX":14.39,"skY":14.39},"duration":17},{"transform":{},"duration":0}],"name":"bone13"},{"frame":[{"curve":[0.25,0,1,0],"transform":{},"duration":10},{"curve":[0.25,0,0,1],"transform":{"skX":-2.07,"skY":-2.07},"duration":5},{"curve":[0.25,0,0.75,1],"transform":{"skX":4.4,"skY":4.4},"duration":10},{"curve":[0.25,0,0.75,1],"transform":{"skX":7.17,"skY":7.17},"duration":17},{"transform":{},"duration":0}],"name":"bone14"},{"frame":[{"curve":[0.25,0,1,0],"transform":{},"duration":10},{"curve":[0.25,0,0,1],"transform":{"y":11.78,"skX":258.35,"skY":258.35,"x":5.58},"duration":5},{"curve":[0.25,0,0.75,1],"transform":{"y":31.53,"skX":23,"skY":23,"x":-17.35},"duration":10},{"curve":[0.25,0,0.75,1],"transform":{"y":14.7,"skX":3.24,"skY":3.24,"x":7.42},"duration":17},{"transform":{},"duration":0}],"name":"bone15"},{"frame":[{"curve":[0.25,0,1,0],"transform":{},"duration":10},{"curve":[0.25,0,0,1],"transform":{"skX":49.78,"skY":49.78},"duration":5},{"transform":{"skX":28.21,"skY":28.21},"duration":10},{"curve":[0.25,0,0.75,1],"transform":{"skX":28.21,"skY":28.21},"duration":17},{"transform":{},"duration":0}],"name":"bone16"},{"frame":[{"transform":{},"duration":10},{"transform":{},"duration":5},{"transform":{},"duration":10},{"transform":{},"duration":17},{"transform":{},"duration":0}],"name":"bone17"},{"frame":[{"curve":[0.25,0,0.75,1],"transform":{},"duration":10},{"curve":[0.25,0,0,1],"transform":{"skX":-341.25,"skY":-341.25},"duration":5},{"transform":{"skX":-11.09,"skY":-11.09},"duration":10},{"curve":[0.25,0,0.75,1],"transform":{"skX":-11.09,"skY":-11.09},"duration":17},{"transform":{},"duration":0}],"name":"bone18"},{"frame":[{"curve":[0.25,0,0.8125,0.25],"transform":{},"duration":10},{"curve":[0.25,0,0,1],"transform":{"scX":0.92,"x":15.49},"duration":5},{"transform":{"scX":1.34,"x":-148.08},"duration":10},{"curve":[0.25,0,0.75,1],"transform":{"scX":1.34,"x":-148.08},"duration":17},{"transform":{},"duration":0}],"name":"shadow"}],"frame":[],"ik":[],"duration":42,"ffd":[],"name":"Attack D","slot":[]},{"bone":[{"frame":[{"transform":{},"duration":10},{"transform":{},"duration":20},{"transform":{},"duration":0}],"name":"root"},{"frame":[{"curve":[0.25,0,0,1],"transform":{},"duration":10},{"curve":[0.25,0,0.75,1],"transform":{"y":8.28,"x":24.29},"duration":20},{"transform":{},"duration":0}],"name":"bone"},{"frame":[{"transform":{},"duration":10},{"transform":{},"duration":20},{"transform":{},"duration":0}],"name":"bone2"},{"frame":[{"curve":[0.25,0,0,1],"transform":{},"duration":10},{"curve":[0.25,0,0.75,1],"transform":{"skX":-19.24,"skY":-19.24},"duration":20},{"transform":{},"duration":0}],"name":"bone3"},{"frame":[{"transform":{},"duration":10},{"transform":{},"duration":20},{"transform":{},"duration":0}],"name":"bone4"},{"frame":[{"transform":{},"duration":10},{"transform":{},"duration":20},{"transform":{},"duration":0}],"name":"LegRIK"},{"frame":[{"curve":[0.25,0,0,1],"transform":{"skX":-0.19,"skY":-0.19},"duration":10},{"curve":[0.351,0.4,0.757,1],"transform":{"skX":31.36,"skY":31.36},"duration":20},{"transform":{"skX":-0.19,"skY":-0.19},"duration":0}],"name":"bone5"},{"frame":[{"curve":[0.25,0,0,1],"transform":{"skX":0.43,"skY":0.43},"duration":10},{"curve":[0.351,0.4,0.757,1],"transform":{"skX":-57.26,"skY":-57.26},"duration":20},{"transform":{"skX":0.43,"skY":0.43},"duration":0}],"name":"bone6"},{"frame":[{"transform":{},"duration":10},{"transform":{},"duration":20},{"transform":{},"duration":0}],"name":"LegLIK"},{"frame":[{"curve":[0.25,0,0,1],"transform":{"skX":20.98,"skY":20.98},"duration":10},{"curve":[0.351,0.4,0.757,1],"transform":{"skX":41.05,"skY":41.05},"duration":20},{"transform":{"skX":20.98,"skY":20.98},"duration":0}],"name":"bone8"},{"frame":[{"curve":[0.25,0,0,1],"transform":{"skX":-34.88,"skY":-34.88},"duration":10},{"curve":[0.351,0.4,0.757,1],"transform":{"skX":-45.49,"skY":-45.49},"duration":20},{"transform":{"skX":-34.88,"skY":-34.88},"duration":0}],"name":"bone9"},{"frame":[{"transform":{},"duration":10},{"transform":{},"duration":20},{"transform":{},"duration":0}],"name":"bone7"},{"frame":[{"curve":[0.25,0,0,1],"transform":{},"duration":10},{"curve":[0.25,0,0.75,1],"transform":{"skX":27.4,"skY":27.4},"duration":20},{"transform":{},"duration":0}],"name":"bone10"},{"frame":[{"curve":[0.25,0,0,1],"transform":{},"duration":10},{"curve":[0.25,0,0.75,1],"transform":{"skX":-12.7,"skY":-12.7},"duration":20},{"transform":{},"duration":0}],"name":"bone11"},{"frame":[{"curve":[0.25,0,0,1],"transform":{},"duration":10},{"curve":[0.25,0,0.75,1],"transform":{"skX":-17.84,"skY":-17.84},"duration":20},{"transform":{},"duration":0}],"name":"bone12"},{"frame":[{"curve":[0.25,0,0,1],"transform":{},"duration":10},{"curve":[0.25,0,0.75,1],"transform":{"skX":25.55,"skY":25.55},"duration":20},{"transform":{},"duration":0}],"name":"bone13"},{"frame":[{"transform":{},"duration":10},{"transform":{},"duration":20},{"transform":{},"duration":0}],"name":"bone14"},{"frame":[{"curve":[0.25,0,0,1],"transform":{},"duration":10},{"curve":[0.25,0,0.75,1],"transform":{"skX":8.03,"skY":8.03},"duration":20},{"transform":{},"duration":0}],"name":"bone15"},{"frame":[{"curve":[0.25,0,0,1],"transform":{},"duration":10},{"curve":[0.25,0,0.75,1],"transform":{"skX":44.64,"skY":44.64},"duration":20},{"transform":{},"duration":0}],"name":"bone16"},{"frame":[{"transform":{},"duration":10},{"transform":{},"duration":20},{"transform":{},"duration":0}],"name":"bone17"},{"frame":[{"transform":{},"duration":10},{"transform":{},"duration":20},{"transform":{},"duration":0}],"name":"bone18"},{"frame":[{"curve":[0.25,0,0,1],"transform":{},"duration":10},{"curve":[0.299,0.22,0.649,0.61],"transform":{"scX":1.26},"duration":20},{"transform":{},"duration":0}],"name":"shadow"}],"frame":[],"ik":[],"duration":30,"ffd":[],"name":"Damage","slot":[]},{"bone":[{"frame":[{"transform":{},"duration":10},{"transform":{},"duration":3},{"transform":{},"duration":17},{"transform":{},"duration":0}],"name":"root"},{"frame":[{"curve":[0.25,0,1,0],"transform":{},"duration":10},{"curve":[0.25,0,0,1],"transform":{"y":11.13,"x":11.66},"duration":3},{"curve":[0.25,0,0.75,1],"transform":{"y":32.55,"x":-82.86},"duration":17},{"transform":{},"duration":0}],"name":"bone"},{"frame":[{"transform":{},"duration":10},{"curve":[0.25,0,0,1],"transform":{},"duration":3},{"curve":[0.25,0,0.75,1],"transform":{"skX":-29.05,"skY":-29.05},"duration":17},{"transform":{},"duration":0}],"name":"bone2"},{"frame":[{"curve":[0.25,0,1,0],"transform":{},"duration":10},{"curve":[0.25,0,0,1],"transform":{"skX":12.54,"skY":12.54},"duration":3},{"curve":[0.25,0,0.75,1],"transform":{"skX":9.41,"skY":9.41},"duration":17},{"transform":{},"duration":0}],"name":"bone3"},{"frame":[{"curve":[0.25,0,1,0],"transform":{},"duration":10},{"curve":[0.25,0,0,1],"transform":{"skX":-15.25,"skY":-15.25},"duration":3},{"curve":[0.25,0,0.75,1],"transform":{"skX":3.11,"skY":3.11},"duration":17},{"transform":{},"duration":0}],"name":"bone4"},{"frame":[{"transform":{},"duration":10},{"curve":[0.25,0,0,1],"transform":{},"duration":3},{"curve":[0.25,0,0.75,1],"transform":{"x":-63.66},"duration":17},{"transform":{},"duration":0}],"name":"LegRIK"},{"frame":[{"curve":[0.25,0,0.75,1],"transform":{"skX":-0.19,"skY":-0.19},"duration":10},{"curve":[0.25,0,0,1],"transform":{"skX":23.78,"skY":23.78},"duration":3},{"curve":[0.25,0,0.75,1],"transform":{"skX":6.55,"skY":6.55},"duration":17},{"transform":{"skX":-0.19,"skY":-0.19},"duration":0}],"name":"bone5"},{"frame":[{"curve":[0.25,0,0.75,1],"transform":{"skX":0.43,"skY":0.43},"duration":10},{"curve":[0.25,0,0,1],"transform":{"skX":-51.27,"skY":-51.27},"duration":3},{"curve":[0.25,0,0.75,1],"transform":{"skX":-45.74,"skY":-45.74},"duration":17},{"transform":{"skX":0.43,"skY":0.43},"duration":0}],"name":"bone6"},{"frame":[{"curve":[0.25,0,1,0],"transform":{},"duration":10},{"curve":[0.25,0,0,1],"transform":{"x":-16.94},"duration":3},{"curve":[0.25,0,0.75,1],"transform":{"x":-109.76},"duration":17},{"transform":{},"duration":0}],"name":"LegLIK"},{"frame":[{"curve":[0.25,0,0.75,1],"transform":{"skX":20.98,"skY":20.98},"duration":10},{"curve":[0.25,0,0,1],"transform":{"skX":46.35,"skY":46.35},"duration":3},{"curve":[0.25,0,0.75,1],"transform":{"skX":81.63,"skY":81.63},"duration":17},{"transform":{"skX":20.98,"skY":20.98},"duration":0}],"name":"bone8"},{"frame":[{"curve":[0.25,0,0.75,1],"transform":{"skX":-34.88,"skY":-34.88},"duration":10},{"curve":[0.25,0,0,1],"transform":{"skX":-49.76,"skY":-49.76},"duration":3},{"curve":[0.25,0,0.75,1],"transform":{"skX":-98.83,"skY":-98.83},"duration":17},{"transform":{"skX":-34.88,"skY":-34.88},"duration":0}],"name":"bone9"},{"frame":[{"transform":{},"duration":10},{"transform":{},"duration":3},{"transform":{},"duration":17},{"transform":{},"duration":0}],"name":"bone7"},{"frame":[{"curve":[0.25,0,1,0],"transform":{},"duration":10},{"curve":[0.25,0,0,1],"transform":{"y":-24.89,"skX":-5.68,"skY":-5.68,"scX":0.88,"x":-19.89},"duration":3},{"curve":[0.25,0,0.75,1],"transform":{"y":-4.84,"skX":35.11,"skY":35.11,"scX":0.91,"x":15.34},"duration":17},{"transform":{},"duration":0}],"name":"bone10"},{"frame":[{"curve":[0.25,0,1,0],"transform":{},"duration":10},{"curve":[0.25,0,0,1],"transform":{"y":35.65,"skX":-3.36,"skY":-3.36,"scX":0.78,"x":8.28},"duration":3},{"curve":[0.25,0,0.75,1],"transform":{"y":6.75,"skX":-28.98,"skY":-28.98,"scX":0.835,"x":11.17},"duration":17},{"transform":{},"duration":0}],"name":"bone11"},{"frame":[{"curve":[0.25,0,1,0],"transform":{},"duration":5},{"curve":[0.25,0,0.75,1],"transform":{"skX":-288.26,"skY":-288.26},"duration":5},{"curve":[0.25,0,0,1],"transform":{"y":-16.74,"skX":-171.88,"skY":-171.88,"x":2.73},"duration":3},{"curve":[0.25,0,0.75,1],"transform":{"y":-1.9,"skX":66.92,"skY":66.92,"x":-12.02},"duration":17},{"transform":{},"duration":0}],"name":"bone12"},{"frame":[{"curve":[0.25,0,1,0],"transform":{},"duration":10},{"curve":[0.25,0,0,1],"transform":{"skX":42.07,"skY":42.07},"duration":3},{"curve":[0.25,0,0.75,1],"transform":{"y":19.07,"skX":-5.78,"skY":-5.78,"x":26.42},"duration":17},{"transform":{},"duration":0}],"name":"bone13"},{"frame":[{"curve":[0.25,0,1,0],"transform":{},"duration":10},{"curve":[0.25,0,0,1],"transform":{"skX":-2.07,"skY":-2.07},"duration":3},{"curve":[0.25,0,0.75,1],"transform":{"skX":-29.15,"skY":-29.15,"scX":1.22,"scY":1.26},"duration":17},{"transform":{},"duration":0}],"name":"bone14"},{"frame":[{"curve":[0.25,0,1,0],"transform":{},"duration":10},{"curve":[0.25,0,0,1],"transform":{"y":11.78,"skX":26.82,"skY":26.82,"x":5.58},"duration":3},{"curve":[0.186,0.57,0.486,1],"transform":{"y":24.24,"skX":-15.34,"skY":-15.34,"x":-0.41},"duration":17},{"transform":{},"duration":0}],"name":"bone15"},{"frame":[{"curve":[0.25,0,1,0],"transform":{},"duration":10},{"curve":[0.25,0,0,1],"transform":{"skX":30.65,"skY":30.65},"duration":3},{"curve":[0.186,0.57,0.486,1],"transform":{"skX":50.81,"skY":50.81},"duration":17},{"transform":{},"duration":0}],"name":"bone16"},{"frame":[{"transform":{},"duration":10},{"transform":{},"duration":3},{"transform":{},"duration":17},{"transform":{},"duration":0}],"name":"bone17"},{"frame":[{"transform":{},"duration":10},{"curve":[0.25,0,0,1],"transform":{},"duration":3},{"curve":[0.25,0,0.75,1],"transform":{"y":-8.79,"skX":30.62,"skY":30.62,"x":19.61},"duration":17},{"transform":{},"duration":0}],"name":"bone18"},{"frame":[{"curve":[0.25,0,1,0],"transform":{},"duration":10},{"curve":[0.25,0,0,1],"transform":{"x":15.49},"duration":3},{"curve":[0.25,0,0.75,1],"transform":{"scX":1.44,"x":-76.14},"duration":17},{"transform":{},"duration":0}],"name":"shadow"}],"frame":[],"ik":[],"duration":30,"ffd":[],"name":"Dep","slot":[]},{"bone":[{"frame":[{"transform":{},"duration":60},{"transform":{},"duration":0}],"name":"root"},{"frame":[{"transform":{},"duration":60},{"transform":{},"duration":0}],"name":"bone"},{"frame":[{"curve":[0.25,0,0.75,1],"transform":{},"duration":30},{"curve":[0.25,0,0.75,1],"transform":{},"duration":30},{"transform":{},"duration":0}],"name":"bone2"},{"frame":[{"curve":[0.25,0,0.75,1],"transform":{},"duration":30},{"curve":[0.25,0,0.75,1],"transform":{"y":-5.04,"x":-0.65},"duration":30},{"transform":{},"duration":0}],"name":"bone3"},{"frame":[{"transform":{},"duration":60},{"transform":{},"duration":0}],"name":"bone4"},{"frame":[{"transform":{},"duration":60},{"transform":{},"duration":0}],"name":"LegRIK"},{"frame":[{"transform":{"skX":-0.19,"skY":-0.19},"duration":60},{"transform":{"skX":-0.19,"skY":-0.19},"duration":0}],"name":"bone5"},{"frame":[{"transform":{"skX":0.43,"skY":0.43},"duration":60},{"transform":{"skX":0.43,"skY":0.43},"duration":0}],"name":"bone6"},{"frame":[{"transform":{},"duration":60},{"transform":{},"duration":0}],"name":"LegLIK"},{"frame":[{"transform":{"skX":20.98,"skY":20.98},"duration":60},{"transform":{"skX":20.98,"skY":20.98},"duration":0}],"name":"bone8"},{"frame":[{"transform":{"skX":-34.88,"skY":-34.88},"duration":60},{"transform":{"skX":-34.88,"skY":-34.88},"duration":0}],"name":"bone9"},{"frame":[{"transform":{},"duration":60},{"transform":{},"duration":0}],"name":"bone7"},{"frame":[{"curve":[0.25,0,0.75,1],"transform":{},"duration":30},{"curve":[0.25,0,0.75,1],"transform":{"skX":18.35,"skY":18.35},"duration":30},{"transform":{},"duration":0}],"name":"bone10"},{"frame":[{"curve":[0.25,0,0.6875,0.75],"transform":{},"duration":30},{"curve":[0.3125,0.25,0.75,1],"transform":{"y":10.51,"skX":-21.12,"skY":-21.12,"x":7.06},"duration":30},{"transform":{},"duration":0}],"name":"bone11"},{"frame":[{"curve":[0.25,0,0.75,1],"transform":{},"duration":30},{"curve":[0.25,0,0.75,1],"transform":{"skX":-5.89,"skY":-5.89},"duration":30},{"transform":{},"duration":0}],"name":"bone12"},{"frame":[{"transform":{},"duration":60},{"transform":{},"duration":0}],"name":"bone13"},{"frame":[{"curve":[0.25,0,0.75,1],"transform":{},"duration":30},{"curve":[0.25,0,0.75,1],"transform":{"skX":2.14,"skY":2.14},"duration":30},{"transform":{},"duration":0}],"name":"bone14"},{"frame":[{"transform":{},"duration":60},{"transform":{},"duration":0}],"name":"bone15"},{"frame":[{"transform":{},"duration":60},{"transform":{},"duration":0}],"name":"bone16"},{"frame":[{"transform":{},"duration":60},{"transform":{},"duration":0}],"name":"bone17"},{"frame":[{"curve":[0.25,0,0.75,1],"transform":{},"duration":30},{"curve":[0.25,0,0.75,1],"transform":{"skX":-4.87,"skY":-4.87},"duration":30},{"transform":{},"duration":0}],"name":"bone18"},{"frame":[{"curve":[0.25,0,0.625,0.5],"transform":{},"duration":30},{"curve":[0.375,0.5,0.75,1],"transform":{"scX":1.32,"scY":1.04},"duration":30},{"transform":{},"duration":0}],"name":"shadow"}],"frame":[],"ik":[],"duration":60,"ffd":[],"name":"Idle","slot":[]}],"ik":[{"bone":"bone9","chain":1,"name":"LegLIK","bendPositive":"false","target":"LegLIK"},{"bone":"bone6","chain":1,"name":"LegRIK","bendPositive":"false","target":"LegRIK"}],"skin":[{"name":"","slot":[{"display":[{"path":"Layer 11","type":"image","name":"Layer 11","transform":{"y":17.43,"skX":111.29,"skY":111.29,"x":25.32}}],"name":"Layer 11"},{"display":[{"path":"Layer 7","type":"image","name":"Layer 7","transform":{"y":-8.17,"skX":-93.54,"skY":-93.54,"x":40.13}}],"name":"Layer 7"},{"display":[{"weights":[1,14,1,1,14,1,1,14,1,1,14,1,1,14,1,1,14,1,1,14,1,1,14,1,1,14,1,1,14,1,1,14,1,1,14,1,1,14,1,1,14,1,1,14,1,1,14,1,2,14,0.97811,18,0.02189,2,14,0.83817,18,0.16183,2,14,0.54972,18,0.45028,2,14,0.39069,18,0.60931,2,14,0.0249,18,0.9751,1,18,1,1,18,1,1,18,1,1,18,1,1,18,1,1,18,1,1,18,1,1,18,1,1,18,1,1,18,1,1,18,1,1,18,1,1,18,1,1,18,1,1,18,1,1,18,1,1,18,1,1,18,1,2,18,0.71905,21,0.28095,2,18,0.33003,21,0.66997,2,18,0.0139,21,0.9861,2,18,0.0197,21,0.9803,2,18,0.0051,21,0.9949,1,21,1,1,21,1,1,21,1,1,21,1,1,21,1,1,21,1,1,21,1,1,21,1,1,21,1,1,21,1,1,21,1,1,21,1,1,21,1,1,21,1,1,21,1,1,21,1,1,21,1,1,21,1,1,21,1,1,21,1,1,21,1,1,21,1,1,21,1,1,21,1,1,21,1,1,21,1,2,18,0.00002,21,0.99998,2,18,0.00068,21,0.99932,2,18,0.00179,21,0.99821,2,18,0.00497,21,0.99503,2,18,0.00948,21,0.99052,2,18,0.02381,21,0.97619,2,18,0.03197,21,0.96803,2,18,0.05021,21,0.94979,2,18,0.08783,21,0.91217,2,18,0.11949,21,0.88051,2,18,0.22215,21,0.77785,2,18,0.33672,21,0.66328,2,18,0.49805,21,0.50195,2,18,0.61303,21,0.38697,2,18,0.69559,21,0.30441,2,18,0.72097,21,0.27903,2,18,0.76738,21,0.23262,2,18,0.9317,21,0.0683,2,18,0.99863,21,0.00137,1,18,1,2,14,0.00324,18,0.99676,2,14,0.13968,18,0.86032,2,14,0.19308,18,0.80692,2,14,0.27504,18,0.72496,2,14,0.44833,18,0.55167,2,14,0.72154,18,0.27846,2,14,0.84274,18,0.15726,2,14,0.9177,18,0.0823,2,14,0.97445,18,0.02555,1,14,1,2,14,0.9975,18,0.0025,1,14,1,1,14,1,1,14,1,1,14,1,1,14,1,2,14,0.09261,18,0.90739,1,18,1,1,18,1,1,18,1,1,18,1,1,18,1,1,18,1,2,14,0.70439,18,0.29561,2,14,0.80838,18,0.19162,2,14,0.37175,18,0.62825,1,14,1,1,21,1,1,21,1,1,21,1,1,21,1,1,21,1,1,21,1,1,21,1,2,18,0.00175,21,0.99825,2,18,0.00402,21,0.99598,2,18,0.00923,21,0.99077,2,18,0.009,21,0.991,1,18,1,1,18,1,1,18,1],"bonePose":[14,0.7324240794262121,0.6808487114452562,-0.6808487114452562,0.7324240794262121,80.92371804034713,-245.94064562493975,18,0.24412280216829052,0.9697443258207296,-0.9697443258207296,0.24412280216829052,131.48295224313856,-198.94165907387375,21,-0.9901950621358372,0.13969158500713363,-0.13969158500713363,-0.9901950621358372,155.08176286363317,-89.22305656136439],"slotPose":[1,0,0,1,0,0],"vertices":[76.04,-199.83,51.15,-206.86,35.56,-240.29,40.31,-259.87,57.03,-275.06,71.09,-280.95,88,-279.05,99.02,-282.09,104.91,-281.34,139.3,-312.01,142.9,-312.01,128.66,-268.8,136.07,-257.97,140.06,-246.75,138.55,-238.59,133.98,-225.67,137.62,-222.13,138.54,-213.51,143.29,-209.6,149.64,-209.43,155.17,-193.71,164.51,-191.58,185.42,-182.23,186.71,-168.3,184.35,-138.8,181.45,-130.73,188.08,-129.36,184.67,-117.4,194.7,-117.23,204.64,-124.28,206.34,-118.68,216.39,-113.84,216.39,-104.57,204.34,-97.27,177.99,-96.08,176.88,-89.39,174.16,-87.78,173.73,-82.6,167.44,-83.1,154.1,-66.87,149.84,-78.68,141.09,-66.95,138.03,-73.5,134.8,-77.41,130.21,-79.96,134.86,-72.04,137.5,-66.43,139.97,-59.29,140.73,-51.64,137.42,-46.03,80.57,-37.96,-8.24,-30.96,-95.29,-21.9,-170.4,-14.43,-227.77,-13.01,-275.37,-28.9,-279.62,-35.36,-183.82,-53.72,-86.51,-72.62,-8.04,-86.77,85.83,-101.03,117.37,-105.96,119.24,-109.1,119.5,-114.46,118.9,-118.19,115.76,-122.62,122.05,-122.79,126.98,-120.77,129.41,-119.05,132.11,-117.03,133.43,-115.27,134.96,-112.25,135.24,-110.27,135.38,-107.77,135.05,-105.7,134.82,-102.94,135.09,-101.77,135.49,-100.25,136.42,-99.11,137.29,-98.44,139.11,-98.57,140.38,-99.4,141.56,-101.24,142.01,-102.77,138.87,-102.57,136.95,-103.69,136.31,-106.79,135.79,-115.55,120.91,-127.74,102.09,-136.03,102.88,-150.26,113.09,-173.29,109.97,-174.08,105.83,-180.9,111.36,-186.64,107.77,-192.07,103.94,-195.87,102.2,-200.44,100.42,-205.08,104.46,-241.87,100.75,-214.6,78.92,-226,71.98,-245.83,76.93,-261.71,83.63,-271.63,121.5,-209.31,137.64,-194.11,141.79,-185.95,155.83,-152.03,162.44,-128.07,162.32,-122.4,164.57,-117.33,165.74,-105.18,121.19,-195.99,127.96,-201.54,133.5,-197.97,113.59,-215.88,-178.71,-36.07,-86.35,-46.64,-0.51,-60.64,90.6,-72.43,122.19,-120.52,125.91,-116.32,128.11,-113.01,128.33,-107.41,126.94,-103.48,133.91,-89.41,147.03,-89.05,180.7,-104.64,191.79,-105.29,202.5,-108],"path":"Layer 10","userEdges":[94,113,113,114,114,18,91,106,106,115,115,114,114,105,96,105,98,116,116,15,116,97,97,105,105,16,16,116,56,117,117,118,118,119,119,120,120,44,129,33],"uvs":[0.71702,0.37519,0.66684,0.35168,0.63543,0.23984,0.64501,0.17439,0.67872,0.12355,0.70706,0.10385,0.74116,0.11021,0.76337,0.10004,0.77525,0.10258,0.84458,0,0.85186,0,0.82313,0.14452,0.83807,0.18074,0.84612,0.21824,0.84305,0.24556,0.83386,0.28877,0.8412,0.30062,0.84305,0.32944,0.85262,0.34249,0.86544,0.3431,0.87657,0.39569,0.89541,0.40279,0.93757,0.43407,0.94019,0.48067,0.93539,0.57931,0.92956,0.60632,0.94293,0.61087,0.93606,0.65088,0.95628,0.65145,0.97633,0.62785,0.97976,0.64662,1,0.66278,1,0.69377,0.97571,0.71821,0.92259,0.72219,0.92035,0.74456,0.91486,0.74996,0.91401,0.7673,0.90133,0.7656,0.87442,0.8199,0.86585,0.78038,0.8482,0.81961,0.84203,0.79772,0.83552,0.78464,0.82627,0.77612,0.83566,0.80259,0.84097,0.82136,0.84594,0.84524,0.84748,0.87082,0.8408,0.88958,0.72619,0.91657,0.54713,0.93999,0.37163,0.97029,0.22019,0.99525,0.10453,1,0.00856,0.94686,0,0.92525,0.19313,0.86385,0.38934,0.80064,0.54754,0.75331,0.73681,0.70565,0.80039,0.68917,0.80416,0.67865,0.80467,0.66074,0.80347,0.64823,0.79713,0.63345,0.80981,0.63288,0.81975,0.63962,0.82467,0.64538,0.83011,0.65213,0.83277,0.65802,0.83584,0.66812,0.8364,0.67474,0.83668,0.6831,0.83603,0.69004,0.83555,0.69927,0.83611,0.70315,0.83692,0.70823,0.83877,0.71204,0.84055,0.71432,0.84422,0.71385,0.84676,0.71111,0.84914,0.70495,0.85005,0.6998,0.84372,0.70047,0.83985,0.69673,0.83856,0.68636,0.83751,0.65706,0.8075,0.61634,0.76956,0.58858,0.77117,0.54099,0.79175,0.46395,0.78546,0.46132,0.77711,0.43851,0.78824,0.41931,0.78099,0.40115,0.77329,0.38844,0.76977,0.37316,0.76619,0.3576,0.77435,0.23458,0.76685,0.32582,0.72285,0.28766,0.70885,0.22131,0.71885,0.16822,0.73235,0.13505,0.80868,0.34348,0.84124,0.39432,0.8496,0.42162,0.87791,0.53508,0.89124,0.6152,0.891,0.63414,0.89552,0.65111,0.8979,0.69176,0.80806,0.38804,0.8217,0.36949,0.83288,0.38143,0.79274,0.32151,0.20344,0.92288,0.38967,0.88752,0.56272,0.84071,0.74639,0.80129,0.81008,0.64043,0.8176,0.65451,0.82205,0.66559,0.82246,0.68428,0.81968,0.69743,0.83373,0.74453,0.86017,0.74574,0.92805,0.69354,0.95042,0.69138,0.97201,0.68232],"triangles":[130,33,32,130,32,31,30,130,31,29,28,30,28,130,30,129,34,33,130,129,33,28,129,130,128,34,129,27,129,28,108,24,23,27,128,129,25,27,26,22,21,23,21,108,23,25,111,27,111,128,27,109,25,24,108,109,24,110,111,25,109,110,25,112,34,128,111,112,128,36,35,34,112,36,34,107,108,21,38,37,36,112,38,36,20,107,21,40,39,38,112,127,38,127,40,38,111,83,112,83,127,112,87,83,110,110,83,111,9,11,10,83,82,127,108,87,109,109,87,110,18,106,19,107,91,108,91,88,108,19,106,20,106,107,20,91,90,88,82,81,127,127,43,40,43,42,40,42,41,40,8,11,9,115,106,18,126,43,127,81,80,127,80,126,127,79,126,80,86,84,83,86,85,84,126,44,43,12,14,13,49,48,47,46,49,47,94,91,113,12,99,14,120,49,46,105,114,17,115,113,106,126,79,78,99,15,14,45,120,46,120,50,49,77,126,78,44,120,45,77,125,126,11,99,12,71,124,72,124,73,72,76,125,77,99,116,15,125,44,126,73,124,74,123,124,71,74,124,75,75,125,76,70,123,71,124,125,75,125,61,44,69,123,70,114,113,115,68,123,69,90,89,88,61,120,44,122,123,68,67,122,68,8,99,11,122,63,123,63,62,123,62,124,123,62,125,124,105,113,114,121,122,67,66,121,67,62,61,125,121,64,122,64,63,122,60,120,61,116,97,105,96,95,113,64,121,66,65,64,66,95,94,113,8,104,99,94,92,91,98,97,116,99,100,116,93,92,94,7,104,8,100,98,116,104,103,99,6,104,7,101,100,99,103,102,99,102,101,99,0,98,100,101,0,100,60,119,120,119,50,120,59,119,60,5,104,6,1,0,101,5,103,104,119,51,50,5,4,103,102,1,101,2,1,102,4,102,103,4,3,102,3,2,102,118,51,119,59,58,119,58,118,119,118,52,51,117,52,118,58,57,118,57,117,118,117,53,52,117,54,53,56,55,54,88,87,108,87,86,83,115,114,18,114,17,18,107,91,106,91,113,106,113,96,105,97,96,105,17,105,16,15,16,116,116,105,16,54,56,117,57,56,117],"type":"mesh","transform":{},"width":496,"height":299,"name":"Layer 10","edges":[56,55,55,54,54,53,53,52,52,51,51,50,50,49,49,48,48,47,47,46,46,45,45,44,44,43,43,42,42,41,41,40,40,39,39,38,38,37,37,36,36,35,35,34,34,33,33,32,32,31,31,30,30,29,29,28,28,27,27,26,26,25,25,24,24,23,23,22,22,21,21,20,20,19,19,18,18,17,17,16,16,15,15,14,14,13,13,12,12,11,11,10,10,9,9,8,8,7,7,6,6,5,5,4,4,3,3,2,2,1,1,0,0,98,98,97,97,96,96,95,95,94,94,93,93,92,92,91,91,90,90,89,89,88,88,87,87,86,86,85,85,84,84,83,83,82,82,81,81,80,80,79,79,78,78,77,77,76,76,75,75,74,74,73,73,72,72,71,71,70,70,69,69,68,68,67,67,66,66,65,65,64,64,63,63,62,62,61,61,60,60,59,59,58,58,57,57,56]}],"name":"Layer 10"},{"display":[{"path":"Ellipse 1","type":"image","name":"Ellipse 1","transform":{"y":-0.56,"x":12.23}}],"name":"Ellipse 1"},{"display":[{"weights":[2,6,0.56782,9,0.43218,2,6,0.49336,9,0.50664,2,6,0.38573,9,0.61427,2,6,0.28757,9,0.71243,2,6,0.12952,9,0.87048,2,6,0.09523,9,0.90477,2,6,0.02185,9,0.97815,2,6,0.00604,9,0.99396,1,9,1,1,9,1,2,6,0.00653,9,0.99347,2,6,0.02704,9,0.97296,2,6,0.03366,9,0.96634,2,6,0.08255,9,0.91745,2,6,0.10078,9,0.89922,2,6,0.10305,9,0.89695,2,6,0.10517,9,0.89483,2,6,0.11329,9,0.88671,2,6,0.13093,9,0.86907,2,6,0.14599,9,0.85401,2,6,0.16902,9,0.83098,2,6,0.20251,9,0.79749,2,6,0.24728,9,0.75272,2,6,0.29708,9,0.70292,2,6,0.39565,9,0.60435,2,6,0.5403,9,0.4597,2,6,0.56674,9,0.43326,2,6,0.6191,9,0.3809,2,6,0.7023,9,0.2977,2,6,0.84609,9,0.15391,2,6,0.98694,9,0.01306,2,6,0.98956,9,0.01044,2,6,0.99885,9,0.00115,2,6,0.99994,9,0.00006,1,6,1,1,6,1,1,6,1,1,6,1,1,6,1,1,6,1,1,6,1,1,6,1,1,6,1,1,6,1,1,6,1,1,6,1,1,6,1,1,6,1,1,6,1,1,6,1,1,6,1,2,6,0.99963,9,0.00037,2,6,0.99856,9,0.00144,2,6,0.99304,9,0.00696,2,6,0.98845,9,0.01155,2,6,0.97707,9,0.02293,2,6,0.93933,9,0.06067,2,6,0.90233,9,0.09767,2,6,0.84414,9,0.15586,2,6,0.74642,9,0.25358,2,6,0.62868,9,0.37132,2,6,0.60319,9,0.39681,2,6,0.99998,9,0.00002,2,6,0.9563,9,0.0437,2,6,0.99954,9,0.00046,2,6,0.96525,9,0.03475,2,6,0.88541,9,0.11459,2,6,0.73628,9,0.26372,2,6,0.47977,9,0.52023,2,6,0.139,9,0.861,2,6,0.03689,9,0.96311,2,6,0.24298,9,0.75702,2,6,0.93514,9,0.06486,1,6,1,1,6,1],"bonePose":[6,0.08402567985463615,-0.996463589462739,0.996463589462739,0.08402567985463615,-15.29,-120.77,9,-0.16091482651771927,-0.9869682966573812,0.9869682966573812,-0.16091482651771927,-7.56299848056766,-212.40479168699343],"slotPose":[1,0,0,1,0,0],"vertices":[-78.55,-186.12,-86.8,-200.5,-87.62,-221.24,-79.17,-237.35,-57.2,-258.15,-49.17,-253.7,-38.15,-264.95,-26.98,-263.12,-16.91,-266.55,-7.57,-266.03,13.88,-274.51,29.29,-276.1,31.48,-273.63,49.14,-273.19,66.96,-285.01,70.62,-281.02,70.68,-279.12,76.75,-277.96,86.09,-270,90.9,-262.85,94.18,-252.64,94.62,-240.75,93.16,-227.53,87.54,-216.65,77.33,-200.66,58.42,-187.01,54.15,-185.39,46.55,-184.58,39.4,-185.97,31.66,-178.11,10.21,-169.06,9.19,-170.52,6.7,-166.43,9.04,-163.66,13.48,-164.24,19.77,-159.13,18.16,-151.83,28.45,-154.31,28.31,-146.43,26.33,-143.21,30.79,-142.19,28.09,-133.73,23.42,-132.81,19.25,-129.6,8.82,-129.37,-2.47,-122.59,-24.44,-108.13,-42.55,-101,-56.92,-111.42,-70.78,-126.89,-63.04,-133.91,-66.03,-147.85,-64.29,-153.83,-55.37,-162.15,-52.38,-158.94,-50.71,-161.35,-50.56,-168.72,-48.3,-171.64,-54.58,-172.67,-57.57,-180.98,-69.1,-182.44,-71.58,-185.37,-49.31,-135.45,-44.94,-165.72,-29.01,-145.77,-37.77,-166.58,-37.6,-182.68,-40.75,-195.81,-46.34,-211.21,-46.35,-239.73,-37.25,-253.91,52.01,-232.91,12.1,-189.16,-9.94,-166.58,8.61,-142.96],"path":"Layer 8","userEdges":[47,62,62,63],"uvs":[0.04949,0.53738,0.00441,0.45922,0,0.34655,0.04614,0.25898,0.16621,0.14591,0.21009,0.17011,0.27033,0.10902,0.33136,0.11893,0.38641,0.10029,0.43738,0.10311,0.55466,0.05709,0.63883,0.04836,0.6508,0.06185,0.74733,0.06423,0.84469,0,0.86464,0.02168,0.86504,0.03199,0.89815,0.03834,0.94921,0.08158,0.97554,0.12047,0.9934,0.17592,0.9958,0.24059,0.98782,0.3124,0.9571,0.37151,0.90131,0.45841,0.798,0.5326,0.77463,0.5414,0.73314,0.54576,0.69405,0.53823,0.65179,0.58094,0.53451,0.63014,0.52892,0.6222,0.51536,0.64442,0.52813,0.6595,0.55246,0.65632,0.58677,0.68409,0.57799,0.72377,0.63424,0.71028,0.63344,0.75313,0.62267,0.77058,0.647,0.77614,0.63224,0.82216,0.60669,0.82716,0.57638,0.85255,0.52691,0.84581,0.46526,0.88269,0.34519,0.96124,0.24626,1,0.16768,0.94339,0.09197,0.85926,0.13425,0.82118,0.1179,0.7454,0.12747,0.71287,0.17614,0.66764,0.1925,0.68509,0.20167,0.672,0.20247,0.63193,0.21483,0.61606,0.18053,0.61051,0.16417,0.56532,0.10115,0.55738,0.08758,0.54151,0.20929,0.81279,0.23319,0.64826,0.32021,0.75668,0.27237,0.6436,0.27333,0.5561,0.25612,0.48477,0.22552,0.40107,0.22552,0.24605,0.27524,0.16901,0.76295,0.28314,0.54491,0.52091,0.42442,0.6436,0.52579,0.772],"triangles":[20,71,21,71,22,21,19,71,20,71,23,22,13,71,16,16,71,18,18,71,19,17,16,18,71,24,23,71,25,24,28,27,71,27,26,25,71,27,25,15,14,16,14,13,16,72,28,71,13,12,71,10,9,71,9,72,71,12,10,71,72,29,28,69,68,70,70,68,9,9,68,72,11,10,12,39,41,40,72,31,29,31,30,29,39,42,41,36,38,37,36,39,38,74,42,39,36,74,39,68,67,72,74,43,42,34,33,36,74,44,43,34,36,35,33,74,36,7,70,9,73,31,72,8,7,9,73,74,33,66,73,72,67,66,72,45,44,74,32,73,33,73,32,31,64,45,74,73,64,74,64,46,45,65,64,73,66,65,73,64,62,46,62,48,47,62,47,46,65,63,64,6,70,7,57,63,65,67,59,66,57,65,66,5,69,70,5,70,6,59,57,66,68,59,67,54,51,62,50,48,62,61,59,68,3,68,69,52,51,54,59,58,57,3,2,68,57,56,63,56,55,63,1,61,68,2,1,68,5,4,69,4,3,69,50,49,48,51,50,62,61,60,59,53,52,54,1,0,61,64,62,63,54,62,63,55,54,63],"type":"mesh","transform":{},"width":183,"height":184,"name":"Layer 8","edges":[2,1,1,0,0,61,61,60,60,59,59,58,58,57,57,56,56,55,55,54,54,53,53,52,52,51,51,50,50,49,49,48,48,47,47,46,46,45,45,44,44,43,43,42,42,41,41,40,40,39,39,38,38,37,37,36,36,35,35,34,34,33,33,32,32,31,31,30,30,29,29,28,28,27,27,26,26,25,25,24,24,23,23,22,22,21,21,20,20,19,19,18,18,17,17,16,16,15,15,14,14,13,13,12,12,11,11,10,10,9,9,8,8,7,7,6,6,5,5,4,4,3,3,2]}],"name":"Layer 8"},{"display":[{"weights":[2,16,0.49404,20,0.50596,2,16,0.77548,20,0.22452,2,16,0.93515,20,0.06485,2,16,0.9786,20,0.0214,2,16,0.99995,20,0.00005,1,16,1,2,13,0.1381,16,0.8619,2,13,0.55912,16,0.44088,2,13,0.85713,16,0.14287,2,13,0.98632,16,0.01368,1,13,1,1,13,1,1,13,1,1,13,1,1,13,1,1,13,1,1,13,1,1,13,1,1,13,1,2,13,0.99913,16,0.00087,2,13,0.96259,16,0.03741,2,13,0.88592,16,0.11408,2,13,0.33129,16,0.66871,2,13,0.13486,16,0.86514,2,13,0.05991,16,0.94009,2,13,0.00889,16,0.99111,2,13,0.00244,16,0.99756,1,16,1,1,16,1,2,16,0.97215,20,0.02785,2,16,0.79409,20,0.20591,2,16,0.50566,20,0.49434,2,16,0.33977,20,0.66023,2,16,0.22052,20,0.77948,2,16,0.10663,20,0.89337,2,16,0.04697,20,0.95303,2,16,0.01568,20,0.98432,2,16,0.00066,20,0.99934,1,20,1,1,20,1,1,20,1,1,20,1,1,20,1,2,16,0.02667,20,0.97333,2,16,0.00787,20,0.99213,2,16,0.00014,20,0.99986,1,20,1,1,20,1,2,16,0.05113,20,0.94887,2,16,0.20396,20,0.79604,2,16,0.19705,20,0.80295,2,16,0.42097,20,0.57903,2,16,0.21376,20,0.78624,2,16,0.78619,20,0.21381,1,20,1,1,20,1,2,16,0.02638,20,0.97362,2,16,0.11082,20,0.88918,2,16,0.02218,20,0.97782,2,16,0.08788,20,0.91212,2,16,0.45362,20,0.54638,2,16,0.60336,20,0.39664,2,16,0.89923,20,0.10077,2,16,0.99798,20,0.00202,2,16,0.99996,20,0.00004,1,16,1,2,13,0.9168,16,0.0832,2,13,0.25353,16,0.74647,2,13,0.01127,16,0.98873,1,16,1,1,13,1,1,13,1,1,13,1],"bonePose":[16,-0.447134741355167,0.89446661372756,-0.89446661372756,-0.447134741355167,-86.94965322724475,-171.7246163652998,20,-0.6318940397107,0.775054786823546,-0.775054786823546,-0.6318940397107,-122.85457295806468,-99.89894728297674,13,-0.3755773324994329,0.9267910591458092,-0.9267910591458092,-0.3755773324994329,-66.70603500552532,-221.6786544532589],"slotPose":[1,0,0,1,0,0],"vertices":[-103.99,-88.69,-104.01,-95.37,-96.15,-95.21,-94.46,-101.84,-85.68,-103.39,-71.82,-126.02,-69.06,-154.51,-69.82,-164.52,-59.2,-166.99,-59.97,-182.84,-49.18,-200.94,-47.62,-228.5,-56.27,-240.82,-68.28,-246.67,-88.62,-245.44,-129.12,-261,-108.33,-227.26,-108.17,-211.4,-99.85,-197.54,-91.23,-193.39,-97.57,-188.65,-95.24,-184.98,-100.42,-178.65,-104.45,-179.29,-106.67,-181.5,-109.42,-192.65,-121.18,-185.12,-140.54,-166.54,-143.86,-161.65,-145.52,-139.37,-145.36,-123.1,-150.02,-111.88,-150.49,-102.24,-145.12,-99.87,-147.97,-95.84,-145.6,-92.13,-148.6,-88.81,-143.78,-82.89,-148.41,-77.34,-153.6,-72.36,-150.3,-68.1,-141.45,-66.99,-129.05,-79.79,-122.74,-87.46,-124.4,-81.77,-123.45,-77.34,-119.73,-73.08,-113.26,-69.69,-112.86,-78.21,-110.26,-82.88,-132.1,-99.81,-124.12,-100.29,-118.99,-92.79,-113.06,-99.18,-140.71,-75.4,-131.63,-87.33,-139.69,-90.96,-140.95,-96.33,-118.75,-79.58,-117.01,-83.78,-111.25,-91.52,-139.27,-112.13,-137.49,-126.97,-103.34,-111.14,-133.51,-156.09,-88.87,-141.26,-84.31,-173.66,-86.89,-170.2,-87.09,-156.24,-104.51,-149.11,-79.96,-181.82,-78.37,-189.54,-73.23,-214.79],"path":"Layer 9","userEdges":[33,50,50,51,51,52,52,53,53,1,40,54,54,55,55,51,36,56,34,57,47,58,58,59,59,60,50,61,30,62,62,63,63,53,63,3,62,64,64,23,21,66,22,67,67,6,19,71],"uvs":[0.46805,0.88819,0.46787,0.85375,0.54197,0.85454,0.55795,0.82041,0.64076,0.81247,0.77151,0.69578,0.79767,0.54892,0.7904,0.49732,0.89065,0.48462,0.88338,0.40286,0.98513,0.30964,1,0.16755,0.91831,0.10404,0.80498,0.07388,0.61321,0.08023,0.23112,0,0.42725,0.1739,0.4287,0.25566,0.50716,0.3271,0.58851,0.34853,0.52873,0.37291,0.55062,0.39188,0.50185,0.4245,0.46374,0.42121,0.44279,0.40976,0.41694,0.35234,0.30591,0.39111,0.12322,0.48685,0.09192,0.51209,0.07627,0.62693,0.07776,0.71081,0.03379,0.76861,0.02932,0.81829,0.08,0.83051,0.05317,0.85128,0.07553,0.87042,0.04721,0.88752,0.09267,0.91806,0.04895,0.94665,0,0.9723,0.03106,0.99429,0.11453,1,0.23154,0.93402,0.29116,0.89452,0.27551,0.92384,0.28445,0.94665,0.31948,0.96864,0.38059,0.98615,0.38432,0.94217,0.40891,0.91814,0.20282,0.83083,0.2781,0.82839,0.32654,0.86707,0.38243,0.83409,0.12159,0.95666,0.20729,0.89517,0.13128,0.87644,0.11935,0.84875,0.32877,0.93508,0.34517,0.91349,0.39958,0.87359,0.1352,0.76737,0.15201,0.69082,0.47423,0.77247,0.18954,0.54069,0.61076,0.61724,0.65373,0.45018,0.62944,0.46804,0.62758,0.54,0.4632,0.57674,0.69482,0.4082,0.70976,0.36839,0.75833,0.23826],"triangles":[72,10,11,12,72,11,71,9,10,72,71,10,9,7,8,13,72,12,70,7,9,65,5,6,71,70,9,19,71,72,70,66,7,68,65,6,14,72,13,14,16,72,66,67,7,63,4,5,65,63,5,18,19,72,17,18,72,16,17,72,19,70,71,21,66,70,19,21,70,63,3,4,22,67,66,21,22,66,69,63,65,22,69,67,67,69,68,69,65,68,20,21,19,15,16,14,23,69,22,69,62,63,1,2,3,63,1,3,23,64,69,26,64,23,63,53,1,24,26,23,64,62,69,51,53,63,62,51,63,60,0,1,53,60,1,60,49,0,62,61,51,25,26,24,27,64,26,60,59,49,59,48,49,53,52,60,52,59,60,59,58,48,51,52,53,29,62,64,45,46,58,44,58,59,43,44,59,52,43,59,61,50,51,44,45,58,51,43,52,50,55,51,51,55,43,54,41,42,37,54,55,56,55,50,55,54,42,30,61,62,27,28,64,56,37,55,61,33,50,33,57,50,57,56,50,28,29,64,31,33,61,29,30,62,31,32,33,57,35,56,30,31,61,37,38,54,38,40,54,54,40,41,34,35,57,33,34,57,39,40,38,55,42,43,37,36,56,36,35,56,48,47,58,58,46,47,68,67,6,67,6,7],"type":"mesh","transform":{},"width":106,"height":194,"name":"Layer 9","edges":[39,40,40,41,41,42,42,43,43,44,44,45,45,46,46,47,47,48,48,49,49,0,0,1,1,2,2,3,3,4,4,5,5,6,6,7,7,8,8,9,9,10,10,11,11,12,12,13,13,14,14,15,15,16,16,17,17,18,18,19,19,20,20,21,21,22,22,23,23,24,24,25,25,26,26,27,27,28,28,29,29,30,30,31,31,32,32,33,33,34,34,35,35,36,36,37,37,38,38,39]}],"name":"Layer 9"},{"display":[{"weights":[2,7,0.01352,8,0.98648,2,7,0.40899,8,0.59101,2,7,0.58599,8,0.41401,2,7,0.86052,8,0.13948,1,7,1,1,7,1,1,7,1,1,7,1,1,7,1,1,7,1,1,7,1,1,7,1,1,7,1,1,7,1,1,7,1,1,7,1,1,7,1,1,7,1,1,7,1,2,7,0.95943,8,0.04057,2,7,0.13024,8,0.86976,1,8,1,1,8,1,1,8,1,1,8,1,1,8,1,1,8,1,1,8,1,1,8,1,1,8,1,1,8,1,1,7,1,1,7,1,2,7,0.9828,8,0.0172,2,7,0.01197,8,0.98803,2,7,0.00018,8,0.99982,1,7,1],"bonePose":[7,0.5525190128883085,0.8335002941792697,-0.8335002941792697,0.5525190128883085,-2.1599999999999984,-146.66,8,0.5554251057348709,0.8315665649359693,-0.8315665649359693,0.5554251057348709,46.63958919216347,-72.41011720766097],"slotPose":[1,0,0,1,0,0],"vertices":[88.31,-45.65,82.85,-74.39,83.05,-86.85,66.26,-89.83,62.14,-104.97,69.55,-118.78,57.79,-133.11,35.44,-148.76,29.26,-142.58,26.47,-143.91,29.67,-153,13.09,-151.02,-2.21,-153,-12.41,-152.01,-21.62,-146.04,-21.62,-126.67,-16.83,-116.68,-13.02,-110.2,-18.9,-97.83,13.14,-85.37,30.55,-64.47,29.83,-50.11,43.22,-42.08,49.6,-33.84,55.59,-34.46,59.91,-27.24,55.78,-17.26,66.4,-10.46,99.46,-10.01,102.4,-22.2,102.4,-28.79,8.89,-127.33,32.51,-109.19,51.95,-79.08,66.5,-51.02,76.43,-34.02,-2.54,-140.57],"path":"Layer 6","userEdges":[31,32,32,33,33,34,34,35,13,36,36,31],"uvs":[0.88641,0.75077,0.84239,0.54981,0.84405,0.46266,0.70866,0.44177,0.67543,0.33589,0.73524,0.23937,0.64034,0.13918,0.46009,0.02969,0.41026,0.07291,0.38783,0.06355,0.41358,0,0.27984,0.01385,0.15649,0,0.07425,0.00693,0,0.04871,0,0.18412,0.03854,0.25399,0.06927,0.29937,0.02192,0.3858,0.28025,0.47295,0.42063,0.61917,0.41482,0.71956,0.5228,0.77575,0.5743,0.83337,0.62248,0.82905,0.65736,0.87947,0.62414,0.94933,0.70969,0.99687,0.97633,1,1,0.91476,1,0.86866,0.24598,0.17957,0.43643,0.30645,0.5932,0.51692,0.71049,0.71328,0.79062,0.8321,0.15387,0.08697],"triangles":[0,35,30,30,35,29,35,28,29,35,27,28,1,34,0,34,35,0,25,27,35,33,34,1,3,1,2,3,33,1,34,24,35,24,25,35,25,26,27,6,4,5,20,22,33,6,32,4,22,24,34,33,22,34,4,33,3,32,33,4,22,23,24,7,8,6,8,32,6,20,21,22,32,19,33,19,20,33,8,31,32,9,31,8,31,19,32,11,9,10,31,17,19,11,31,9,36,31,11,12,36,11,17,18,19,36,16,31,16,17,31,15,16,36,14,15,36,13,36,12,13,14,36],"type":"mesh","transform":{},"width":124,"height":143,"name":"Layer 6","edges":[14,15,15,16,16,17,17,18,18,19,19,20,20,21,21,22,22,23,23,24,24,25,25,26,26,27,27,28,28,29,29,30,30,0,0,1,1,2,2,3,3,4,4,5,5,6,6,7,7,8,8,9,9,10,10,11,11,12,12,13,13,14]}],"name":"Layer 6"},{"display":[{"weights":[1,10,1,2,5,0.00491,10,0.99509,2,5,0.08817,10,0.91183,2,5,0.35082,10,0.64918,2,5,0.9006,10,0.0994,1,5,1,1,5,1,1,5,1,1,5,1,1,5,1,2,5,0.87728,10,0.12272,2,5,0.81988,10,0.18012,2,5,0.43558,10,0.56442,2,5,0.00019,10,0.99981,2,5,0.00191,10,0.99809,1,10,1,1,10,1,1,10,1,1,10,1,1,10,1,1,10,1,1,10,1,1,10,1,1,10,1,1,10,1,1,10,1,1,10,1,1,10,1,1,10,1,1,10,1,1,5,1,2,5,0.99058,10,0.00942,2,5,0.00042,10,0.99958,1,10,1,1,10,1,1,10,1],"bonePose":[10,-0.28702615922580343,0.9579227442336276,-0.9579227442336276,-0.28702615922580343,-61.14816582765199,-74.09471786018563,5,0.07793710030137746,0.996958278162438,-0.996958278162438,0.07793710030137746,-64.6,-118.25],"slotPose":[1,0,0,1,0,0],"vertices":[-87.61,-38.8,-86.3,-48.39,-93.58,-62.83,-86.3,-72.93,-89.13,-90.09,-98.22,-113.77,-76.92,-134.67,-66.21,-141,-52.67,-132.85,-34.61,-117.51,-45.6,-82.86,-39.75,-82.36,-45.6,-72.56,-34.61,-57.41,-41.46,-55.29,-52.06,-47.11,-60.24,-36.7,-59.84,-32.97,-54.56,-24.55,-61.33,-16.77,-59.92,-12.64,-62.74,-7.01,-101.22,-7,-107.49,-16.77,-109.61,-35.67,-107.08,-42.44,-99.61,-31.12,-94.05,-19.2,-95.67,-34.05,-92.13,-38.79,-65.77,-116.98,-65.91,-88.16,-67.33,-56.63,-75.14,-32.21,-83.38,-20.71,-84.8,-13.33],"path":"Layer 5","userEdges":[27,34,34,21],"uvs":[0.29321,0.76278,0.31071,0.69117,0.21375,0.58339,0.31071,0.50802,0.27301,0.37988,0.15181,0.20328,0.43595,0.04725,0.5787,0,0.75915,0.06082,1,0.17539,0.85342,0.43392,0.93153,0.43769,0.85342,0.5108,1,0.62386,0.90863,0.63969,0.76723,0.70074,0.67431,0.78063,0.66085,0.8236,0.73396,0.86905,0.64374,0.92709,0.66259,0.95799,0.62488,1,0.1118,1,0.02831,0.92709,0,0.78614,0.0337,0.73564,0.13335,0.82006,0.20742,0.909,0.18587,0.7982,0.233,0.76277,0.58449,0.17926,0.5826,0.39438,0.5711,0.63068,0.45953,0.8119,0.34972,0.89774,0.33078,0.95284],"triangles":[30,31,10,30,10,9,8,30,9,12,14,13,10,12,11,12,32,14,32,15,14,10,31,12,31,32,12,35,22,21,32,16,15,7,30,8,3,32,31,7,6,30,17,19,18,4,31,30,33,19,17,33,17,16,32,33,16,19,21,20,1,33,32,33,34,19,5,4,30,4,3,31,6,5,30,2,1,32,3,2,32,0,34,33,1,0,33,0,28,34,28,27,34,27,35,34,29,28,0,27,22,35,26,23,27,23,22,27,25,24,26,24,23,26,35,34,21,34,21,19],"type":"mesh","transform":{},"width":75,"height":134,"name":"Layer 5","edges":[24,23,23,22,22,21,21,20,20,19,19,18,18,17,17,16,16,15,15,14,14,13,13,12,12,11,11,10,10,9,9,8,8,7,7,6,6,5,5,4,4,3,3,2,2,1,1,0,0,29,29,28,28,27,27,26,26,25,25,24]}],"name":"Layer 5"},{"display":[{"weights":[1,19,1,1,19,1,1,19,1,1,19,1,1,19,1,1,19,1,1,19,1,1,19,1,1,19,1,2,19,0.99195,12,0.00805,2,12,0.67615,17,0.32385,2,12,0.00243,17,0.99757,1,17,1,1,17,1,1,17,1,1,17,1,1,17,1,1,17,1,1,17,1,1,17,1,1,17,1,1,17,1,1,17,1,1,17,1,1,17,1,1,17,1,1,17,1,2,12,0.00199,17,0.99801,2,12,0.0333,17,0.9667,2,12,0.08678,17,0.91322,2,12,0.15303,17,0.84697,2,12,0.309,17,0.691,2,12,0.57614,17,0.42386,2,12,0.88849,17,0.11151,2,19,0.02104,12,0.97896,2,19,0.13101,12,0.86899,2,19,0.30742,12,0.69258,2,19,0.50661,12,0.49339,2,19,0.6476,12,0.3524,2,19,0.88383,12,0.11617,2,19,0.97664,12,0.02336,1,19,1,1,19,1,1,19,1,1,19,1,1,19,1,1,19,1,1,19,1,1,17,1,1,17,1,1,17,1,1,17,1,2,19,0.8693,12,0.1307,2,19,0.05124,12,0.94876,2,12,0.29792,17,0.70208,2,12,0.02532,17,0.97468,2,19,0.77542,12,0.22458,2,12,0.97861,17,0.02139,2,12,0.09998,17,0.90002,2,19,0.3079,12,0.6921,2,12,0.85549,17,0.14451,2,12,0.08092,17,0.91908,2,19,0.26127,12,0.73873,2,12,0.45703,17,0.54297,1,17,1,2,19,0.01897,12,0.98103,2,12,0.47276,17,0.52724,1,17,1],"bonePose":[19,-0.5130918999495546,0.8583336776604751,-0.8583336776604751,-0.5130918999495546,-30.915820562228127,-226.62125147699285,12,0.12256224158300702,0.9924608289187784,-0.9924608289187784,0.12256224158300702,-6.31231690464803,-245.81138977173796,17,0.7937781425731361,0.6082074155854581,-0.6082074155854581,0.7937781425731361,36.48751437177779,-233.51432334476107],"slotPose":[1,0,0,1,0,0],"vertices":[-182.95,-8.42,-195.43,-23.16,-197.63,-56.99,-197.63,-78.16,-181.25,-108.4,-147.61,-147.33,-109.43,-186.26,-82.05,-219.31,-76.57,-230.27,-56.35,-246.91,9.99,-266.94,66.26,-268.01,91.96,-268.01,113.7,-262.35,145.26,-234,164.51,-213.97,206.27,-193.55,240.48,-183.35,273.75,-166.52,292.46,-135.9,303.37,-106.06,303.37,-71.66,295.72,-42.93,283.05,-24.79,256.4,-6,260.56,-32.72,252.82,-44.25,234.78,-54.14,206.06,-52.06,187.91,-30.52,160.12,-29.76,131.02,-36,100.41,-35.81,56.01,-18.62,10.46,-40.16,-4.73,-37.51,-23.25,-25.99,-49.9,-18.81,-73.72,-18.62,-105.1,-37.9,-122.58,-43.75,-143.56,-42.62,-169.45,-29.58,-175.13,-6.01,-166.67,-62.12,-127.4,-114.64,-71.81,-162.58,-50.9,-206.45,106.56,-226.3,137.93,-206.41,196.32,-169.43,229.98,-109.51,-87.39,-74.16,0.02,-80.13,119.35,-89.96,184.63,-91.71,-60.01,-120.14,15.81,-128.57,118.65,-138.05,-20,-164.37,23.18,-165.77,87.06,-174.9,-13.67,-204.74,29.5,-208.25,69.51,-212.46,-6.3,-233.87,20.02,-233.87,55.12,-237.03],"path":"Layer 12","userEdges":[42,44,44,45,45,46,46,47,47,9,11,48,48,49,49,50,50,51,51,26],"uvs":[0.02929,0.99083,0.00439,0.93456,0,0.80544,0,0.72464,0.03269,0.60922,0.09983,0.46062,0.17604,0.31202,0.23068,0.18586,0.24162,0.14402,0.28199,0.08054,0.4144,0.00408,0.52671,0,0.57801,0,0.6214,0.02161,0.6844,0.12982,0.72282,0.20626,0.80619,0.28417,0.87447,0.32312,0.94086,0.38732,0.97821,0.50419,1,0.61811,1,0.7494,0.98473,0.85905,0.95946,0.9283,0.91419,1,0.91457,0.898,0.8991,0.854,0.86309,0.81628,0.80575,0.82421,0.76954,0.90645,0.71408,0.90933,0.65599,0.88553,0.59487,0.88625,0.50625,0.95188,0.41533,0.86965,0.38501,0.87975,0.34804,0.92375,0.29485,0.95116,0.24732,0.95188,0.1847,0.8783,0.1498,0.85595,0.10792,0.86028,0.05624,0.91005,0.04492,1,0.06179,0.78585,0.14018,0.58536,0.25113,0.40238,0.29287,0.23498,0.60716,0.15919,0.66977,0.23511,0.78632,0.37624,0.85351,0.60496,0.22003,0.73987,0.39448,0.7171,0.63268,0.67959,0.763,0.67289,0.27468,0.56437,0.42601,0.53222,0.63128,0.49605,0.35455,0.39557,0.44072,0.39021,0.56823,0.35538,0.36716,0.24151,0.45333,0.22811,0.5332,0.21203,0.38187,0.13031,0.43442,0.13031,0.50448,0.11825],"triangles":[51,27,26,51,26,21,26,22,21,51,21,20,19,51,20,25,23,22,26,25,22,18,51,19,25,24,23,17,51,18,50,51,17,55,28,51,51,28,27,16,50,17,50,55,51,55,30,29,58,55,50,55,29,28,15,50,16,15,49,50,49,58,50,31,30,55,54,31,55,58,54,55,14,49,15,61,58,49,48,49,14,13,48,14,54,32,31,48,61,49,64,61,48,12,48,13,53,32,54,57,53,54,57,54,58,61,57,58,53,33,32,53,34,33,67,64,48,60,57,61,64,60,61,67,63,64,63,60,64,10,67,11,66,63,67,10,66,67,65,62,66,62,60,63,66,62,63,10,65,66,59,57,60,62,59,60,53,35,34,56,53,57,59,56,57,9,65,10,36,35,53,52,36,53,56,52,53,52,37,36,47,62,65,9,47,65,47,59,62,47,46,59,46,56,59,52,39,38,7,46,47,9,8,47,8,7,47,52,38,37,7,6,46,46,45,56,45,52,56,5,45,6,6,45,46,40,39,52,45,40,52,45,44,40,44,41,40,4,44,45,5,4,45,44,42,41,0,43,42,2,1,42,4,3,44,2,42,44,3,2,44,1,0,42,67,11,48,12,11,48],"type":"mesh","transform":{},"width":501,"height":262,"name":"Layer 12","edges":[2,1,1,0,0,43,43,42,42,41,41,40,40,39,39,38,38,37,37,36,36,35,35,34,34,33,33,32,32,31,31,30,30,29,29,28,28,27,27,26,26,25,25,24,24,23,23,22,22,21,21,20,20,19,19,18,18,17,17,16,16,15,15,14,14,13,13,12,12,11,11,10,10,9,9,8,8,7,7,6,6,5,5,4,4,3,3,2]}],"name":"Layer 12"}]}],"name":"Remment","slot":[{"name":"Ellipse 1","parent":"shadow","color":{}},{"z":1,"name":"Layer 12","parent":"root","color":{}},{"z":2,"name":"Layer 11","parent":"bone4","color":{}},{"z":3,"name":"Layer 9","parent":"root","color":{}},{"z":4,"name":"Layer 8","parent":"root","color":{}},{"z":5,"name":"Layer 5","parent":"root","color":{}},{"z":6,"name":"Layer 6","parent":"root","color":{}},{"z":7,"name":"Layer 7","parent":"bone18","color":{}},{"z":8,"name":"Layer 10","parent":"root","color":{}}]}],"name":"Remment","version":"5.0"}