{"width":512,"imagePath":"Remment_tex.png","height":1024,"name":"Remment","SubTexture":[{"frameWidth":366,"y":999,"frameX":-1,"frameHeight":23,"frameY":-1,"width":364,"height":21,"name":"Ellipse 1","x":1},{"width":501,"y":302,"height":262,"name":"Layer 12","x":1},{"frameWidth":142,"y":897,"frameX":-1,"frameHeight":102,"frameY":-1,"width":140,"height":100,"name":"Layer 11","x":109},{"width":106,"y":752,"height":194,"name":"Layer 9","x":1},{"width":183,"y":566,"height":184,"name":"Layer 8","x":1},{"width":75,"y":752,"height":134,"name":"Layer 5","x":235},{"width":124,"y":752,"height":143,"name":"Layer 6","x":109},{"frameWidth":61,"y":566,"frameX":-1,"frameHeight":130,"frameY":-1,"width":59,"height":128,"name":"Layer 7","x":186},{"width":496,"y":1,"height":299,"name":"Layer 10","x":1}]}