{"width":512,"imagePath":"DwarfDrill_tex.png","height":512,"name":"DwarfDrillKnight","SubTexture":[{"frameY":-1,"y":284,"frameWidth":75,"frameX":-1,"frameHeight":77,"width":73,"height":75,"name":"Rifle Back","x":1},{"frameY":-1,"y":284,"frameWidth":232,"frameX":-1,"frameHeight":18,"width":230,"height":16,"name":"shadow","x":76},{"width":56,"y":361,"height":60,"name":"leg","x":1},{"frameY":-1,"y":217,"frameWidth":119,"frameX":-1,"frameHeight":104,"width":117,"height":102,"name":"Dwarf Drill Knight Copy","x":330},{"width":121,"y":108,"height":107,"name":"Skirt","x":330},{"frameY":-1,"y":1,"frameWidth":141,"frameX":-1,"frameHeight":107,"width":139,"height":105,"name":"chst","x":330},{"width":66,"y":302,"height":59,"name":"Head","x":76},{"width":327,"y":1,"height":281,"name":"Left Arm","x":1}]}