{"width":1024,"imagePath":"TiamatU_tex.png","height":1024,"name":"TiamatU","SubTexture":[{"frameX":-1,"frameHeight":25,"y":328,"frameY":-1,"frameWidth":380,"width":378,"height":23,"name":"Ellipse 1","x":361},{"width":269,"y":412,"height":358,"name":"Left Wing","x":1},{"width":358,"y":1,"height":409,"name":"Right Wing","x":1},{"width":180,"y":772,"height":191,"name":"Left Arm","x":1},{"frameX":-1,"frameHeight":275,"y":412,"frameY":-1,"frameWidth":158,"width":156,"height":273,"name":"right tail","x":449},{"frameX":-1,"frameHeight":219,"y":687,"frameY":-1,"frameWidth":137,"width":135,"height":217,"name":"left tail","x":490},{"frameX":-1,"frameHeight":52,"y":965,"frameY":-1,"frameWidth":93,"width":91,"height":50,"name":"left leg","x":1},{"frameX":-1,"frameHeight":152,"y":176,"frameY":-1,"frameWidth":92,"width":90,"height":150,"name":"right leg","x":361},{"width":175,"y":412,"height":283,"name":"Torso","x":272},{"frameX":-1,"frameHeight":102,"y":772,"frameY":-1,"frameWidth":88,"width":86,"height":100,"name":"left scales","x":183},{"frameX":-1,"frameHeight":128,"y":176,"frameY":-1,"frameWidth":108,"width":106,"height":126,"name":"right scales","x":453},{"frameX":-1,"frameHeight":95,"y":874,"frameY":-1,"frameWidth":82,"width":80,"height":93,"name":"jaw","x":183},{"frameX":-1,"frameHeight":175,"y":1,"frameY":-1,"frameWidth":108,"width":106,"height":173,"name":"head","x":361},{"width":216,"y":697,"height":226,"name":"right arm","x":272}]}