{"frameRate":30,"isGlobal":0,"name":"TiamatU","version":"5.0","armature":[{"animation":[{"ik":[],"frame":[],"ffd":[],"duration":30,"slot":[],"name":"Claw Attack","bone":[{"frame":[{"duration":10,"curve":[0.25,0,1,0.53],"transform":{}},{"duration":5,"curve":[0.25,0,0,1],"transform":{"x":91.73}},{"duration":15,"curve":[0.25,0,1,0.71],"transform":{"x":-126.72}},{"duration":0,"transform":{}}],"name":"root"},{"frame":[{"duration":10,"curve":[0.25,0,1,0.53],"transform":{}},{"duration":5,"curve":[0.25,0,0,1],"transform":{"y":-144.56,"x":304.66}},{"duration":15,"curve":[0.25,0,1,0.71],"transform":{"y":99.94,"x":-272.17}},{"duration":0,"transform":{}}],"name":"mid"},{"frame":[{"duration":10,"transform":{}},{"duration":20,"transform":{}},{"duration":0,"transform":{}}],"name":"midchest"},{"frame":[{"duration":10,"transform":{}},{"duration":5,"curve":[0.25,0,0,1],"transform":{}},{"duration":15,"curve":[0.25,0,1,0.71],"transform":{"skX":-37.18,"skY":-37.18}},{"duration":0,"transform":{}}],"name":"top chest"},{"frame":[{"duration":10,"transform":{}},{"duration":20,"transform":{}},{"duration":0,"transform":{}}],"name":"neck"},{"frame":[{"duration":10,"transform":{}},{"duration":5,"curve":[0.25,0,0,1],"transform":{}},{"duration":15,"curve":[0.25,0,1,0.71],"transform":{"skX":21.3,"skY":21.3}},{"duration":0,"transform":{}}],"name":"head"},{"frame":[{"duration":10,"curve":[0.25,0,1,0.53],"transform":{"skX":21.8,"skY":21.8}},{"duration":5,"curve":[0.25,0,0,1],"transform":{"skX":-2.38,"skY":-2.38}},{"duration":15,"curve":[0.25,0,1,0.71],"transform":{"skX":-5.92,"skY":-5.92}},{"duration":0,"transform":{}}],"name":"jaw"},{"frame":[{"duration":10,"curve":[0.25,0,1,0.53],"transform":{}},{"duration":5,"curve":[0.25,0,0,1],"transform":{"y":11.45,"x":107.61,"skX":1.94,"skY":1.94}},{"duration":15,"curve":[0.25,0,1,0.71],"transform":{"y":98.59,"x":-210.99,"skX":1.94,"skY":1.94}},{"duration":0,"transform":{}}],"name":"left Leg IK"},{"frame":[{"duration":10,"curve":[0.25,0,1,0.53],"transform":{}},{"duration":20,"curve":[0.25,0,0,1],"transform":{"skX":-0.31,"skY":-0.31}},{"duration":0,"transform":{}}],"name":"left leg A"},{"frame":[{"duration":10,"curve":[0.25,0,1,0.53],"transform":{"skX":-0.1,"skY":-0.1}},{"duration":20,"curve":[0.25,0,0,1],"transform":{"skX":40.58,"skY":40.58}},{"duration":0,"transform":{"skX":-0.1,"skY":-0.1}}],"name":"left leg A2"},{"frame":[{"duration":10,"curve":[0.25,0,1,0.53],"transform":{}},{"duration":5,"curve":[0.25,0,0,1],"transform":{"y":24.01,"x":73.08}},{"duration":15,"curve":[0.25,0,1,0.71],"transform":{"y":64.48,"x":-137.37}},{"duration":0,"transform":{}}],"name":"Right Leg IK"},{"frame":[{"duration":10,"curve":[0.25,0,1,0.53],"transform":{"skX":-0.2,"skY":-0.2}},{"duration":20,"curve":[0.25,0,0,1],"transform":{"skX":45.51,"skY":45.51}},{"duration":0,"transform":{"skX":-0.2,"skY":-0.2}}],"name":"Right Leg A"},{"frame":[{"duration":10,"curve":[0.25,0,1,0.53],"transform":{"skX":0.33,"skY":0.33}},{"duration":20,"curve":[0.25,0,0,1],"transform":{"skX":-28.49,"skY":-28.49}},{"duration":0,"transform":{"skX":0.33,"skY":0.33}}],"name":"Right Leg A2"},{"frame":[{"duration":10,"curve":[0.25,0,1,0.53],"transform":{}},{"duration":5,"curve":[0.25,0,0,1],"transform":{"skX":28.24,"skY":28.24}},{"duration":15,"curve":[0.25,0,1,0.71],"transform":{"skX":-46.98,"skY":-46.98}},{"duration":0,"transform":{}}],"name":"Tail Right"},{"frame":[{"duration":10,"curve":[0.25,0,1,0.53],"transform":{}},{"duration":5,"curve":[0.25,0,0,1],"transform":{"skX":32.4,"skY":32.4}},{"duration":15,"curve":[0.25,0,1,0.71],"transform":{"skX":16.55,"skY":16.55}},{"duration":0,"transform":{}}],"name":"Tail Left"},{"frame":[{"duration":10,"curve":[0.25,0,1,0.53],"transform":{}},{"duration":1,"curve":[0.30774999999999997,0,0.19225,0.845],"transform":{"y":-433.36,"x":423.43,"skX":-6.06,"skY":-6.06}},{"duration":2,"curve":[0.261,0.24,0.391,0.65],"transform":{"y":-192.81,"x":6.07,"skX":-6.06,"skY":-6.06}},{"duration":2,"curve":[0.157,0.55,0.438,1],"transform":{"y":107.53,"x":-278.67,"skX":-6.06,"skY":-6.06}},{"duration":15,"curve":[0.25,0,1,0.71],"transform":{"y":145.41,"scY":1.08,"x":-307.08,"scX":1.24,"skX":12.37,"skY":12.37}},{"duration":0,"transform":{}}],"name":"leftArmIK"},{"frame":[{"duration":10,"curve":[0.25,0,1,0.53],"transform":{"skX":-10.95,"skY":-10.95}},{"duration":20,"curve":[0.25,0,0,1],"transform":{"skX":-41.38,"skY":-41.38}},{"duration":0,"transform":{"skX":-10.95,"skY":-10.95}}],"name":"left Arm A"},{"frame":[{"duration":10,"curve":[0.25,0,1,0.53],"transform":{"skX":17.95,"skY":17.95}},{"duration":5,"curve":[0.25,0,0,1],"transform":{"skX":65.94,"skY":65.94}},{"duration":15,"curve":[0.25,0,1,0.71],"transform":{"scY":1.36,"scX":1.32,"skX":65.94,"skY":65.94}},{"duration":0,"transform":{"skX":17.95,"skY":17.95}}],"name":"Left Arm B"},{"frame":[{"duration":10,"curve":[0.25,0,1,0.53],"transform":{}},{"duration":5,"curve":[0.25,0,0,1],"transform":{"y":-129.8,"x":220.65}},{"duration":15,"curve":[0.25,0,1,0.71],"transform":{"y":52.4,"x":-242.78}},{"duration":0,"transform":{}}],"name":"rightArmIk"},{"frame":[{"duration":10,"curve":[0.25,0,1,0.53],"transform":{"skX":0.22,"skY":0.22}},{"duration":20,"curve":[0.25,0,0,1],"transform":{"skX":31.3,"skY":31.3}},{"duration":0,"transform":{"skX":0.22,"skY":0.22}}],"name":"right Arm A"},{"frame":[{"duration":10,"curve":[0.25,0,1,0.53],"transform":{"skX":-1,"skY":-1}},{"duration":20,"curve":[0.25,0,0,1],"transform":{"skX":67.79,"skY":67.79}},{"duration":0,"transform":{"skX":-1,"skY":-1}}],"name":"right Arm B"},{"frame":[{"duration":10,"curve":[0.25,0,1,0.53],"transform":{}},{"duration":5,"curve":[0.25,0,0,1],"transform":{"skX":-13.22,"skY":-13.22}},{"duration":15,"curve":[0.25,0,1,0.71],"transform":{"skX":33.88,"skY":33.88}},{"duration":0,"transform":{}}],"name":"right Wing"},{"frame":[{"duration":10,"curve":[0.25,0,1,0.53],"transform":{}},{"duration":20,"curve":[0.25,0,0,1],"transform":{"skX":-28.69,"skY":-28.69}},{"duration":0,"transform":{}}],"name":"right Wing B"},{"frame":[{"duration":10,"curve":[0.25,0,1,0.53],"transform":{}},{"duration":5,"curve":[0.25,0,0,1],"transform":{"skX":13.19,"skY":13.19}},{"duration":15,"curve":[0.25,0,1,0.71],"transform":{"y":55.74,"x":-23.39,"skX":47.99,"skY":47.99}},{"duration":0,"transform":{}}],"name":"left Wing"},{"frame":[{"duration":10,"curve":[0.25,0,1,0.53],"transform":{}},{"duration":5,"curve":[0.25,0,0,1],"transform":{"skX":14.44,"skY":14.44}},{"duration":15,"curve":[0.25,0,1,0.71],"transform":{"skX":21.01,"skY":21.01}},{"duration":0,"transform":{}}],"name":"left Wing B"},{"frame":[{"duration":10,"transform":{}},{"duration":5,"curve":[0.25,0,0,1],"transform":{}},{"duration":15,"curve":[0.25,0,1,0.71],"transform":{"scX":1.46}},{"duration":0,"transform":{}}],"name":"shadow"}]},{"ik":[],"frame":[],"ffd":[],"duration":30,"slot":[],"name":"Damage","bone":[{"frame":[{"duration":10,"curve":[0.25,0,0.05,1],"transform":{}},{"duration":20,"transform":{"x":54.72},"tweenEasing":0},{"duration":0,"transform":{}}],"name":"root"},{"frame":[{"duration":10,"curve":[0.25,0,0.05,1],"transform":{}},{"duration":20,"curve":[0.25,0,0.75,1],"transform":{"y":42.94,"x":41.72}},{"duration":0,"transform":{}}],"name":"mid"},{"frame":[{"duration":30,"transform":{}},{"duration":0,"transform":{}}],"name":"midchest"},{"frame":[{"duration":30,"transform":{}},{"duration":0,"transform":{}}],"name":"top chest"},{"frame":[{"duration":30,"transform":{}},{"duration":0,"transform":{}}],"name":"neck"},{"frame":[{"duration":10,"curve":[0.25,0,0.05,1],"transform":{}},{"duration":20,"curve":[0.25,0,0.75,1],"transform":{"skX":16.67,"skY":16.67}},{"duration":0,"transform":{}}],"name":"head"},{"frame":[{"duration":10,"curve":[0.25,0,0.05,1],"transform":{"skX":26.19,"skY":26.19}},{"duration":20,"curve":[0.25,0,0.75,1],"transform":{"skX":-9.48,"skY":-9.48}},{"duration":0,"transform":{"skX":26.19,"skY":26.19}}],"name":"jaw"},{"frame":[{"duration":10,"curve":[0.25,0,0.05,1],"transform":{}},{"duration":20,"curve":[0.25,0,0.75,1],"transform":{"y":61.35,"x":33.13}},{"duration":0,"transform":{}}],"name":"left Leg IK"},{"frame":[{"duration":30,"transform":{}},{"duration":0,"transform":{}}],"name":"left leg A"},{"frame":[{"duration":30,"transform":{"skX":-0.1,"skY":-0.1}},{"duration":0,"transform":{"skX":-0.1,"skY":-0.1}}],"name":"left leg A2"},{"frame":[{"duration":10,"curve":[0.25,0,0.05,1],"transform":{}},{"duration":20,"curve":[0.25,0,0.75,1],"transform":{"y":31.9,"x":53.99}},{"duration":0,"transform":{}}],"name":"Right Leg IK"},{"frame":[{"duration":30,"transform":{"skX":-0.2,"skY":-0.2}},{"duration":0,"transform":{"skX":-0.2,"skY":-0.2}}],"name":"Right Leg A"},{"frame":[{"duration":30,"transform":{"skX":0.33,"skY":0.33}},{"duration":0,"transform":{"skX":0.33,"skY":0.33}}],"name":"Right Leg A2"},{"frame":[{"duration":10,"curve":[0.25,0,0.05,1],"transform":{}},{"duration":20,"curve":[0.25,0,0.75,1],"transform":{"skX":-23.36,"skY":-23.36}},{"duration":0,"transform":{}}],"name":"Tail Right"},{"frame":[{"duration":10,"curve":[0.25,0,0.05,1],"transform":{}},{"duration":20,"curve":[0.25,0,0.75,1],"transform":{"skX":22.28,"skY":22.28}},{"duration":0,"transform":{}}],"name":"Tail Left"},{"frame":[{"duration":10,"curve":[0.25,0,0.05,1],"transform":{}},{"duration":20,"curve":[0.25,0,0.75,1],"transform":{"y":34.24,"x":70.37}},{"duration":0,"transform":{}}],"name":"leftArmIK"},{"frame":[{"duration":30,"transform":{"skX":-10.95,"skY":-10.95}},{"duration":0,"transform":{"skX":-10.95,"skY":-10.95}}],"name":"left Arm A"},{"frame":[{"duration":30,"transform":{"skX":17.95,"skY":17.95}},{"duration":0,"transform":{"skX":17.95,"skY":17.95}}],"name":"Left Arm B"},{"frame":[{"duration":10,"curve":[0.25,0,0.05,1],"transform":{}},{"duration":20,"curve":[0.25,0,0.75,1],"transform":{"y":20.92,"x":48.82}},{"duration":0,"transform":{}}],"name":"rightArmIk"},{"frame":[{"duration":30,"transform":{"skX":0.22,"skY":0.22}},{"duration":0,"transform":{"skX":0.22,"skY":0.22}}],"name":"right Arm A"},{"frame":[{"duration":30,"transform":{"skX":-1,"skY":-1}},{"duration":0,"transform":{"skX":-1,"skY":-1}}],"name":"right Arm B"},{"frame":[{"duration":10,"curve":[0.25,0,0.05,1],"transform":{}},{"duration":20,"curve":[0.25,0,0.75,1],"transform":{"skX":29.18,"skY":29.18}},{"duration":0,"transform":{}}],"name":"right Wing"},{"frame":[{"duration":10,"curve":[0.25,0,0.05,1],"transform":{}},{"duration":20,"curve":[0.25,0,0.75,1],"transform":{"skX":-41.04,"skY":-41.04}},{"duration":0,"transform":{}}],"name":"right Wing B"},{"frame":[{"duration":10,"curve":[0.25,0,0.05,1],"transform":{}},{"duration":20,"curve":[0.25,0,0.75,1],"transform":{"skX":30.6,"skY":30.6}},{"duration":0,"transform":{}}],"name":"left Wing"},{"frame":[{"duration":10,"curve":[0.25,0,0.05,1],"transform":{}},{"duration":20,"curve":[0.25,0,0.75,1],"transform":{"skX":25.73,"skY":25.73}},{"duration":0,"transform":{}}],"name":"left Wing B"},{"frame":[{"duration":10,"curve":[0.25,0,0.05,1],"transform":{}},{"duration":20,"curve":[0.25,0,0.75,1],"transform":{"scX":1.22}},{"duration":0,"transform":{}}],"name":"shadow"}]},{"ik":[],"frame":[],"ffd":[],"duration":60,"slot":[],"name":"Extended Breath","bone":[{"frame":[{"duration":10,"transform":{}},{"duration":50,"transform":{}},{"duration":0,"transform":{}}],"name":"root"},{"frame":[{"duration":10,"curve":[0.25,0,0.913,0.47],"transform":{}},{"duration":5,"curve":[0.25,0,0.137,1],"transform":{"y":-53.92,"x":125.64}},{"duration":5,"curve":[0.284,0,0.625,0.38],"transform":{"y":-53.92,"x":-82.43}},{"duration":5,"curve":[0.25,0,0.75,1],"transform":{"y":-30.11,"x":-82.43}},{"duration":5,"curve":[0.25,0,0.75,1],"transform":{"y":-46.5,"x":-82.43}},{"duration":5,"curve":[0.25,0,0.75,1],"transform":{"y":-28.85,"x":-82.43}},{"duration":5,"curve":[0.25,0,0.75,1],"transform":{"y":-44.59,"x":-82.43}},{"duration":5,"curve":[0.25,0,0.75,1],"transform":{"y":-27.44,"x":-82.43}},{"duration":5,"curve":[0.25,0,0.75,1],"transform":{"y":-52,"x":-82.43}},{"duration":10,"curve":[0.25,0,0.75,1],"transform":{"y":-33.02,"x":-82.43}},{"duration":0,"transform":{}}],"name":"mid"},{"frame":[{"duration":10,"transform":{}},{"duration":50,"transform":{}},{"duration":0,"transform":{}}],"name":"midchest"},{"frame":[{"duration":10,"transform":{}},{"duration":50,"transform":{}},{"duration":0,"transform":{}}],"name":"top chest"},{"frame":[{"duration":10,"transform":{}},{"duration":50,"transform":{}},{"duration":0,"transform":{}}],"name":"neck"},{"frame":[{"duration":10,"transform":{}},{"duration":5,"curve":[0.25,0,0.137,1],"transform":{}},{"duration":25,"transform":{"skX":21.3,"skY":21.3}},{"duration":10,"transform":{"skX":21.3,"skY":21.3}},{"duration":10,"curve":[0.25,0,0.75,1],"transform":{"skX":21.3,"skY":21.3}},{"duration":0,"transform":{}}],"name":"head"},{"frame":[{"duration":10,"curve":[0.25,0,0.913,0.47],"transform":{}},{"duration":5,"curve":[0.25,0,0.137,1],"transform":{"skX":23.49,"skY":23.49}},{"duration":25,"transform":{"skX":-5.92,"skY":-5.92}},{"duration":10,"transform":{"skX":-5.92,"skY":-5.92}},{"duration":10,"curve":[0.25,0,0.75,1],"transform":{"skX":-5.92,"skY":-5.92}},{"duration":0,"transform":{}}],"name":"jaw"},{"frame":[{"duration":10,"curve":[0.25,0,0.913,0.47],"transform":{}},{"duration":5,"curve":[0.125,0,0.5685,1],"transform":{"y":-23.61,"x":105.45,"skX":2.24,"skY":2.24}},{"duration":25,"transform":{"y":-28.58,"x":-73.61,"skX":2.24,"skY":2.24}},{"duration":10,"transform":{"y":-28.58,"x":-73.61,"skX":2.24,"skY":2.24}},{"duration":10,"curve":[0.25,0,0.75,1],"transform":{"y":-28.58,"x":-73.61,"skX":2.24,"skY":2.24}},{"duration":0,"transform":{}}],"name":"left Leg IK"},{"frame":[{"duration":10,"transform":{},"tweenEasing":0},{"duration":50,"transform":{"skX":-0.31,"skY":-0.31},"tweenEasing":0},{"duration":0,"transform":{}}],"name":"left leg A"},{"frame":[{"duration":10,"transform":{"skX":-0.1,"skY":-0.1},"tweenEasing":0},{"duration":50,"transform":{"skX":40.58,"skY":40.58},"tweenEasing":0},{"duration":0,"transform":{"skX":-0.1,"skY":-0.1}}],"name":"left leg A2"},{"frame":[{"duration":10,"transform":{},"tweenEasing":0},{"duration":5,"curve":[0.25,0,0.137,1],"transform":{"y":-28.19}},{"duration":25,"transform":{"y":-4.72}},{"duration":10,"transform":{"y":-4.72}},{"duration":10,"curve":[0.25,0,0.75,1],"transform":{"y":-4.72}},{"duration":0,"transform":{}}],"name":"Right Leg IK"},{"frame":[{"duration":10,"transform":{"skX":-0.2,"skY":-0.2},"tweenEasing":0},{"duration":50,"transform":{"skX":45.51,"skY":45.51},"tweenEasing":0},{"duration":0,"transform":{"skX":-0.2,"skY":-0.2}}],"name":"Right Leg A"},{"frame":[{"duration":10,"transform":{"skX":0.33,"skY":0.33},"tweenEasing":0},{"duration":50,"transform":{"skX":-28.49,"skY":-28.49},"tweenEasing":0},{"duration":0,"transform":{"skX":0.33,"skY":0.33}}],"name":"Right Leg A2"},{"frame":[{"duration":10,"curve":[0.25,0,0.913,0.47],"transform":{}},{"duration":5,"curve":[0.25,0,0.137,1],"transform":{"skX":28.24,"skY":28.24}},{"duration":25,"transform":{"skX":-34.7,"skY":-34.7}},{"duration":10,"transform":{"skX":-34.7,"skY":-34.7}},{"duration":10,"curve":[0.25,0,0.75,1],"transform":{"skX":-34.7,"skY":-34.7}},{"duration":0,"transform":{}}],"name":"Tail Right"},{"frame":[{"duration":10,"curve":[0.25,0,0.913,0.47],"transform":{}},{"duration":5,"curve":[0.25,0,0.137,1],"transform":{"skX":32.4,"skY":32.4}},{"duration":25,"transform":{"skX":-9.76,"skY":-9.76}},{"duration":10,"transform":{"skX":-9.76,"skY":-9.76}},{"duration":10,"curve":[0.25,0,0.75,1],"transform":{"skX":-9.76,"skY":-9.76}},{"duration":0,"transform":{}}],"name":"Tail Left"},{"frame":[{"duration":10,"curve":[0.25,0,0.913,0.47],"transform":{}},{"duration":5,"curve":[0.125,0,0.5685,1],"transform":{"y":-67.4,"x":143.56,"skX":-6.66,"skY":-6.66}},{"duration":25,"transform":{"y":-73.2,"x":-76.95,"skX":-6.66,"skY":-6.66}},{"duration":10,"transform":{"y":-73.2,"x":-76.95,"skX":-6.66,"skY":-6.66}},{"duration":10,"curve":[0.25,0,0.75,1],"transform":{"y":-73.2,"x":-76.95,"skX":-6.66,"skY":-6.66}},{"duration":0,"transform":{}}],"name":"leftArmIK"},{"frame":[{"duration":10,"transform":{"skX":-10.95,"skY":-10.95},"tweenEasing":0},{"duration":50,"transform":{"skX":-41.38,"skY":-41.38},"tweenEasing":0},{"duration":0,"transform":{"skX":-10.95,"skY":-10.95}}],"name":"left Arm A"},{"frame":[{"duration":10,"transform":{"skX":17.95,"skY":17.95},"tweenEasing":0},{"duration":50,"transform":{"skX":65.94,"skY":65.94},"tweenEasing":0},{"duration":0,"transform":{"skX":17.95,"skY":17.95}}],"name":"Left Arm B"},{"frame":[{"duration":10,"transform":{},"tweenEasing":0},{"duration":5,"curve":[0.25,0,0.137,1],"transform":{"y":-22.11,"x":-61.9}},{"duration":25,"transform":{"y":-33.16,"x":-92.85}},{"duration":10,"transform":{"y":-33.16,"x":-92.85}},{"duration":10,"curve":[0.25,0,0.75,1],"transform":{"y":-33.16,"x":-92.85}},{"duration":0,"transform":{}}],"name":"rightArmIk"},{"frame":[{"duration":10,"transform":{"skX":0.22,"skY":0.22},"tweenEasing":0},{"duration":50,"transform":{"skX":31.3,"skY":31.3},"tweenEasing":0},{"duration":0,"transform":{"skX":0.22,"skY":0.22}}],"name":"right Arm A"},{"frame":[{"duration":10,"transform":{"skX":-1,"skY":-1},"tweenEasing":0},{"duration":50,"transform":{"skX":67.79,"skY":67.79},"tweenEasing":0},{"duration":0,"transform":{"skX":-1,"skY":-1}}],"name":"right Arm B"},{"frame":[{"duration":10,"curve":[0.25,0,0.913,0.47],"transform":{}},{"duration":5,"curve":[0.25,0,0.137,1],"transform":{"skX":-13.22,"skY":-13.22}},{"duration":25,"transform":{"skX":-0.67,"skY":-0.67}},{"duration":10,"transform":{"skX":-0.67,"skY":-0.67}},{"duration":5,"curve":[0.25,0,0.625,0.5],"transform":{"skX":-0.67,"skY":-0.67}},{"duration":5,"curve":[0.375,0.5,0.75,1],"transform":{"skX":23.57,"skY":23.57}},{"duration":0,"transform":{}}],"name":"right Wing"},{"frame":[{"duration":10,"curve":[0.25,0,0.913,0.47],"transform":{}},{"duration":5,"curve":[0.25,0,0.137,1],"transform":{"skX":-28.69,"skY":-28.69}},{"duration":25,"transform":{"skX":-36.75,"skY":-36.75}},{"duration":10,"transform":{"skX":-36.75,"skY":-36.75}},{"duration":5,"curve":[0.25,0,0.75,1],"transform":{"skX":-36.75,"skY":-36.75}},{"duration":5,"curve":[0.375,0.5,0.75,1],"transform":{"skX":41.64,"skY":41.64}},{"duration":0,"transform":{}}],"name":"right Wing B"},{"frame":[{"duration":10,"curve":[0.25,0,0.913,0.47],"transform":{}},{"duration":5,"curve":[0.25,0,0.137,1],"transform":{"skX":13.19,"skY":13.19}},{"duration":25,"transform":{"skX":28.7,"skY":28.7}},{"duration":10,"transform":{"skX":28.7,"skY":28.7}},{"duration":5,"curve":[0.294,0,0.631,0.37],"transform":{"skX":28.7,"skY":28.7}},{"duration":5,"curve":[0.311,0.25,0.648,0.59],"transform":{"skX":-28.83,"skY":-28.83}},{"duration":0,"transform":{}}],"name":"left Wing"},{"frame":[{"duration":10,"curve":[0.25,0,0.913,0.47],"transform":{}},{"duration":5,"curve":[0.25,0,0.137,1],"transform":{"skX":-74.68,"skY":-74.68}},{"duration":25,"transform":{"skX":21.01,"skY":21.01}},{"duration":10,"transform":{"skX":21.01,"skY":21.01}},{"duration":5,"curve":[0.25,0,0.75,1],"transform":{"skX":21.01,"skY":21.01}},{"duration":5,"curve":[0.375,0.5,0.75,1],"transform":{"skX":-83.59,"skY":-83.59}},{"duration":0,"transform":{}}],"name":"left Wing B"},{"frame":[{"duration":10,"transform":{}},{"duration":5,"curve":[0.25,0,0.137,1],"transform":{}},{"duration":25,"transform":{"scX":1.22}},{"duration":10,"transform":{"scX":1.22}},{"duration":10,"curve":[0.25,0,0.75,1],"transform":{"scX":1.22}},{"duration":0,"transform":{}}],"name":"shadow"}]},{"ik":[],"frame":[],"ffd":[],"duration":60,"slot":[],"name":"Idle","bone":[{"frame":[{"duration":30,"curve":[0.25,0,0.75,1],"transform":{}},{"duration":30,"curve":[0.25,0,0.75,1],"transform":{"y":22.15}},{"duration":0,"transform":{}}],"name":"mid"},{"frame":[{"duration":30,"curve":[0.25,0,0.75,1],"transform":{}},{"duration":30,"curve":[0.25,0,0.75,1],"transform":{"skX":-17.66,"skY":-17.66}},{"duration":0,"transform":{}}],"name":"left Wing"},{"frame":[{"duration":30,"curve":[0.25,0,0.75,1],"transform":{}},{"duration":30,"curve":[0.25,0,0.75,1],"transform":{"skX":19.09,"skY":19.09}},{"duration":0,"transform":{}}],"name":"right Wing"},{"frame":[{"duration":30,"curve":[0.25,0,0.75,1],"transform":{}},{"duration":30,"curve":[0.25,0,0.75,1],"transform":{"skX":-76.45,"skY":-76.45}},{"duration":0,"transform":{}}],"name":"left Wing B"},{"frame":[{"duration":30,"curve":[0.25,0,0.75,1],"transform":{}},{"duration":30,"curve":[0.25,0,0.75,1],"transform":{"skX":40.04,"skY":40.04}},{"duration":0,"transform":{}}],"name":"right Wing B"},{"frame":[{"duration":30,"curve":[0.25,0,0.75,1],"transform":{}},{"duration":30,"curve":[0.25,0,0.75,1],"transform":{"skX":-20.24,"skY":-20.24}},{"duration":0,"transform":{}}],"name":"Tail Right"},{"frame":[{"duration":30,"curve":[0.25,0,0.75,1],"transform":{}},{"duration":30,"curve":[0.25,0,0.75,1],"transform":{"skX":20.38,"skY":20.38}},{"duration":0,"transform":{}}],"name":"Tail Left"},{"frame":[{"duration":30,"curve":[0.25,0,0.75,1],"transform":{}},{"duration":30,"curve":[0.25,0,0.75,1],"transform":{"scX":1.18}},{"duration":0,"transform":{}}],"name":"shadow"},{"frame":[{"duration":30,"curve":[0.25,0,0.75,1],"transform":{"skX":19.38,"skY":19.38}},{"duration":30,"curve":[0.25,0,0.75,1],"transform":{"skX":-1.13,"skY":-1.13}},{"duration":0,"transform":{"skX":19.38,"skY":19.38}}],"name":"jaw"},{"frame":[{"duration":60,"transform":{}}],"name":"root"},{"frame":[{"duration":60,"transform":{}}],"name":"leftArmIK"},{"frame":[{"duration":60,"transform":{}}],"name":"rightArmIk"},{"frame":[{"duration":60,"transform":{}}],"name":"left Leg IK"},{"frame":[{"duration":60,"transform":{}}],"name":"Right Leg IK"},{"frame":[{"duration":60,"transform":{}}],"name":"midchest"},{"frame":[{"duration":60,"transform":{}}],"name":"Right Leg A"},{"frame":[{"duration":60,"transform":{}}],"name":"left leg A"},{"frame":[{"duration":60,"transform":{}}],"name":"top chest"},{"frame":[{"duration":60,"transform":{}}],"name":"Right Leg A2"},{"frame":[{"duration":60,"transform":{}}],"name":"left leg A2"},{"frame":[{"duration":60,"transform":{}}],"name":"right Arm A"},{"frame":[{"duration":60,"transform":{}}],"name":"neck"},{"frame":[{"duration":60,"transform":{}}],"name":"left Arm A"},{"frame":[{"duration":60,"transform":{}}],"name":"Left Arm B"},{"frame":[{"duration":60,"transform":{}}],"name":"right Arm B"},{"frame":[{"duration":60,"transform":{}}],"name":"head"}]},{"ik":[],"frame":[],"ffd":[],"duration":61,"slot":[],"name":"Knuckle Rending","bone":[{"frame":[{"duration":10,"transform":{}},{"duration":5,"transform":{}},{"duration":6,"transform":{}},{"duration":10,"transform":{}},{"duration":5,"curve":[0.25,0,0.027,1],"transform":{}},{"duration":10,"curve":[0.25,0,0.75,1],"transform":{"x":-204.68}},{"duration":15,"transform":{}},{"duration":0,"transform":{}}],"name":"root"},{"frame":[{"duration":10,"curve":[0.25,0,1,0.53],"transform":{}},{"duration":5,"curve":[0.25,0,0.236,1],"transform":{"y":50.13,"x":183.2}},{"duration":6,"curve":[0.25,0,0.75,1],"transform":{"y":50.13,"x":-216.86}},{"duration":5,"curve":[0.25,0,0,1],"transform":{"y":50.13,"x":183.2}},{"duration":5,"curve":[0.25,0,0.75,1],"transform":{"y":50.13,"x":-169.86,"skX":-6.52,"skY":-6.52}},{"duration":5,"curve":[0.25,0,0.027,1],"transform":{"y":50.13,"x":183.2}},{"duration":10,"curve":[0.25,0,0.75,1],"transform":{"y":18.58,"x":-185.7}},{"duration":15,"curve":[0.25,0,0.75,1],"transform":{"y":50.13,"x":183.2}},{"duration":0,"transform":{}}],"name":"mid"},{"frame":[{"duration":10,"transform":{}},{"duration":5,"transform":{}},{"duration":6,"transform":{}},{"duration":10,"transform":{}},{"duration":5,"curve":[0.25,0,0.027,1],"transform":{}},{"duration":10,"curve":[0.25,0,0.75,1],"transform":{"skX":-39.52,"skY":-39.52}},{"duration":15,"transform":{}},{"duration":0,"transform":{}}],"name":"midchest"},{"frame":[{"duration":10,"transform":{}},{"duration":5,"transform":{}},{"duration":6,"transform":{}},{"duration":10,"transform":{}},{"duration":5,"curve":[0.25,0,0.027,1],"transform":{}},{"duration":10,"curve":[0.25,0,0.75,1],"transform":{"skX":26.75,"skY":26.75}},{"duration":15,"transform":{}},{"duration":0,"transform":{}}],"name":"top chest"},{"frame":[{"duration":10,"transform":{}},{"duration":5,"transform":{}},{"duration":6,"transform":{}},{"duration":10,"transform":{}},{"duration":15,"transform":{}},{"duration":15,"transform":{}},{"duration":0,"transform":{}}],"name":"neck"},{"frame":[{"duration":10,"transform":{}},{"duration":5,"transform":{}},{"duration":6,"transform":{}},{"duration":10,"transform":{}},{"duration":15,"transform":{}},{"duration":15,"transform":{}},{"duration":0,"transform":{}}],"name":"head"},{"frame":[{"duration":10,"curve":[0.25,0,1,0.53],"transform":{"skX":26.24,"skY":26.24}},{"duration":5,"transform":{}},{"duration":6,"transform":{}},{"duration":10,"transform":{}},{"duration":15,"transform":{}},{"duration":15,"curve":[0.25,0,0.75,1],"transform":{}},{"duration":0,"transform":{"skX":15.83,"skY":15.83}}],"name":"jaw"},{"frame":[{"duration":10,"curve":[0.25,0,1,0.53],"transform":{}},{"duration":5,"curve":[0.25,0,0.236,1],"transform":{"y":56.27,"x":187.21}},{"duration":6,"curve":[0.25,0,0.75,1],"transform":{"y":55.06,"x":-197.19}},{"duration":5,"curve":[0.25,0,0,1],"transform":{"y":56.27,"x":187.21}},{"duration":5,"curve":[0.25,0,0.75,1],"transform":{"y":71.43,"x":-150.28}},{"duration":5,"curve":[0.25,0,0.027,1],"transform":{"y":56.27,"x":187.21}},{"duration":10,"curve":[0.25,0,0.75,1],"transform":{"y":34.69,"x":-157.99}},{"duration":15,"curve":[0.25,0,0.75,1],"transform":{"y":56.27,"x":187.21}},{"duration":0,"transform":{}}],"name":"left Leg IK"},{"frame":[{"duration":10,"curve":[0.25,0,1,0.53],"transform":{}},{"duration":5,"curve":[0.25,0,0.236,1],"transform":{"skX":-5.08,"skY":-5.08}},{"duration":6,"curve":[0.25,0,0.75,1],"transform":{"skX":-18.72,"skY":-18.72}},{"duration":10,"transform":{"skX":-5.08,"skY":-5.08}},{"duration":15,"transform":{"skX":-5.08,"skY":-5.08}},{"duration":15,"curve":[0.25,0,0.75,1],"transform":{"skX":-5.08,"skY":-5.08}},{"duration":0,"transform":{}}],"name":"left leg A"},{"frame":[{"duration":10,"curve":[0.25,0,1,0.53],"transform":{"skX":-0.1,"skY":-0.1}},{"duration":5,"curve":[0.25,0,0.236,1],"transform":{"skX":6.97,"skY":6.97}},{"duration":6,"curve":[0.25,0,0.75,1],"transform":{"skX":8.64,"skY":8.64}},{"duration":10,"transform":{"skX":6.97,"skY":6.97}},{"duration":15,"transform":{"skX":6.97,"skY":6.97}},{"duration":15,"curve":[0.25,0,0.75,1],"transform":{"skX":6.97,"skY":6.97}},{"duration":0,"transform":{"skX":-0.1,"skY":-0.1}}],"name":"left leg A2"},{"frame":[{"duration":10,"curve":[0.25,0,1,0.53],"transform":{}},{"duration":5,"curve":[0.25,0,0.236,1],"transform":{"y":38.87,"x":156.52}},{"duration":6,"curve":[0.25,0,0.75,1],"transform":{"y":-11.74,"x":-97.74}},{"duration":10,"transform":{"y":38.87,"x":156.52}},{"duration":5,"curve":[0.25,0,0.027,1],"transform":{"y":38.87,"x":156.52}},{"duration":10,"curve":[0.25,0,0.75,1],"transform":{"y":-36.21,"x":-31.61}},{"duration":15,"curve":[0.25,0,0.75,1],"transform":{"y":38.87,"x":156.52}},{"duration":0,"transform":{}}],"name":"Right Leg IK"},{"frame":[{"duration":10,"curve":[0.25,0,1,0.53],"transform":{"skX":-0.2,"skY":-0.2}},{"duration":5,"curve":[0.25,0,0.236,1],"transform":{"skX":-0.23,"skY":-0.23}},{"duration":6,"curve":[0.25,0,0.75,1],"transform":{"skX":-69.56,"skY":-69.56}},{"duration":10,"transform":{"skX":-0.23,"skY":-0.23}},{"duration":15,"transform":{"skX":-0.23,"skY":-0.23}},{"duration":15,"curve":[0.25,0,0.75,1],"transform":{"skX":-0.23,"skY":-0.23}},{"duration":0,"transform":{"skX":-0.2,"skY":-0.2}}],"name":"Right Leg A"},{"frame":[{"duration":10,"curve":[0.25,0,1,0.53],"transform":{"skX":0.33,"skY":0.33}},{"duration":5,"curve":[0.25,0,0.236,1],"transform":{"skX":13.68,"skY":13.68}},{"duration":6,"curve":[0.25,0,0.75,1],"transform":{"skX":41.92,"skY":41.92}},{"duration":10,"transform":{"skX":13.68,"skY":13.68}},{"duration":15,"transform":{"skX":13.68,"skY":13.68}},{"duration":15,"curve":[0.25,0,0.75,1],"transform":{"skX":13.68,"skY":13.68}},{"duration":0,"transform":{"skX":0.33,"skY":0.33}}],"name":"Right Leg A2"},{"frame":[{"duration":10,"curve":[0.25,0,1,0.53],"transform":{}},{"duration":5,"transform":{"skX":-25.06,"skY":-25.06}},{"duration":6,"transform":{"skX":-25.06,"skY":-25.06}},{"duration":5,"curve":[0.25,0,0,1],"transform":{"skX":-25.06,"skY":-25.06}},{"duration":5,"curve":[0.25,0,0.75,1],"transform":{"skX":-53.25,"skY":-53.25}},{"duration":15,"transform":{"skX":-25.06,"skY":-25.06}},{"duration":15,"curve":[0.25,0,0.75,1],"transform":{"skX":-25.06,"skY":-25.06}},{"duration":0,"transform":{}}],"name":"Tail Right"},{"frame":[{"duration":10,"curve":[0.25,0,1,0.53],"transform":{}},{"duration":5,"curve":[0.25,0,0.236,1],"transform":{"skX":17.22,"skY":17.22}},{"duration":6,"curve":[0.25,0,0.75,1],"transform":{"skX":-46.35,"skY":-46.35}},{"duration":5,"curve":[0.25,0,0,1],"transform":{"skX":17.22,"skY":17.22}},{"duration":5,"curve":[0.25,0,0.75,1],"transform":{"skX":-56.32,"skY":-56.32}},{"duration":15,"transform":{"skX":17.22,"skY":17.22}},{"duration":15,"curve":[0.25,0,0.75,1],"transform":{"skX":17.22,"skY":17.22}},{"duration":0,"transform":{}}],"name":"Tail Left"},{"frame":[{"duration":10,"curve":[0.25,0,1,0.53],"transform":{}},{"duration":5,"curve":[0.25,0,0.236,1],"transform":{"y":41.24,"x":220.77}},{"duration":6,"curve":[0.25,0,0.75,1],"transform":{"y":1.47,"x":-354.02}},{"duration":5,"curve":[0.25,0,0,1],"transform":{"y":41.24,"x":220.77}},{"duration":5,"curve":[0.25,0,0.75,1],"transform":{"y":30.81,"x":-70.27}},{"duration":5,"curve":[0.25,0,0.027,1],"transform":{"y":41.24,"x":220.77}},{"duration":10,"curve":[0.25,0,0.75,1],"transform":{"y":31.75,"x":-267.69}},{"duration":15,"curve":[0.25,0,0.75,1],"transform":{"y":41.24,"x":220.77}},{"duration":0,"transform":{}}],"name":"leftArmIK"},{"frame":[{"duration":10,"curve":[0.25,0,1,0.53],"transform":{"skX":-10.95,"skY":-10.95}},{"duration":5,"curve":[0.25,0,0.236,1],"transform":{"skX":-55.62,"skY":-55.62}},{"duration":6,"curve":[0.25,0,0.75,1],"transform":{"skX":21.91,"skY":21.91}},{"duration":10,"transform":{"skX":-55.62,"skY":-55.62}},{"duration":15,"transform":{"skX":-55.62,"skY":-55.62}},{"duration":15,"curve":[0.25,0,0.75,1],"transform":{"skX":-55.62,"skY":-55.62}},{"duration":0,"transform":{"skX":-10.95,"skY":-10.95}}],"name":"left Arm A"},{"frame":[{"duration":10,"curve":[0.25,0,1,0.53],"transform":{"skX":17.95,"skY":17.95}},{"duration":5,"curve":[0.25,0,0.236,1],"transform":{"skX":78.41,"skY":78.41}},{"duration":6,"curve":[0.25,0,0.75,1],"transform":{"scY":1.3,"scX":1.3,"skX":7.23,"skY":7.23}},{"duration":10,"transform":{"skX":78.41,"skY":78.41}},{"duration":5,"curve":[0.54,0,0.74,0.43],"transform":{"skX":78.41,"skY":78.41}},{"duration":10,"curve":[0.095,0.4,0.233,1],"transform":{"scY":1.18,"scX":1.22,"skX":78.41,"skY":78.41}},{"duration":15,"curve":[0.25,0,0.75,1],"transform":{"skX":78.41,"skY":78.41}},{"duration":0,"transform":{"skX":17.95,"skY":17.95}}],"name":"Left Arm B"},{"frame":[{"duration":10,"curve":[0.25,0,1,0.53],"transform":{}},{"duration":5,"curve":[0.25,0,0.236,1],"transform":{"y":13.64,"x":178.59}},{"duration":6,"curve":[0.25,0,0.75,1],"transform":{"y":13.64,"x":-207.01}},{"duration":5,"curve":[0.25,0,0,1],"transform":{"y":13.64,"x":178.59}},{"duration":5,"curve":[0.25,0,0.75,1],"transform":{"y":101.76,"x":-567.96}},{"duration":5,"curve":[0.25,0,0.027,1],"transform":{"y":13.64,"x":178.59}},{"duration":10,"curve":[0.25,0,0.75,1],"transform":{"y":128.42,"x":-561}},{"duration":15,"curve":[0.25,0,0.75,1],"transform":{"y":13.64,"x":178.59}},{"duration":0,"transform":{}}],"name":"rightArmIk"},{"frame":[{"duration":10,"curve":[0.25,0,1,0.53],"transform":{"skX":0.22,"skY":0.22}},{"duration":5,"curve":[0.25,0,0.236,1],"transform":{"skX":-16.7,"skY":-16.7}},{"duration":6,"curve":[0.25,0,0.75,1],"transform":{"skX":-9.67,"skY":-9.67}},{"duration":5,"curve":[0.25,0,0,1],"transform":{"skX":-16.7,"skY":-16.7}},{"duration":5,"curve":[0.25,0,0.75,1],"transform":{"y":-28.33,"x":-13.3,"skX":-16.7,"skY":-16.7}},{"duration":15,"transform":{"skX":-16.7,"skY":-16.7}},{"duration":15,"curve":[0.25,0,0.75,1],"transform":{"skX":-16.7,"skY":-16.7}},{"duration":0,"transform":{"skX":0.22,"skY":0.22}}],"name":"right Arm A"},{"frame":[{"duration":10,"curve":[0.25,0,1,0.53],"transform":{"skX":-1,"skY":-1}},{"duration":5,"curve":[0.25,0,0.236,1],"transform":{"skX":8.85,"skY":8.85}},{"duration":6,"curve":[0.25,0,0.75,1],"transform":{"skX":-3.63,"skY":-3.63}},{"duration":5,"curve":[0.571,0,0.571,0.5],"transform":{"skX":8.85,"skY":8.85}},{"duration":5,"curve":[0.12,0.5,0.36,1],"transform":{"scY":1.26,"scX":1.26,"skX":8.85,"skY":8.85}},{"duration":5,"curve":[0.54,0,0.74,0.43],"transform":{"skX":8.85,"skY":8.85}},{"duration":10,"curve":[0.095,0.4,0.233,1],"transform":{"scY":1.2,"scX":1.2,"skX":8.85,"skY":8.85}},{"duration":15,"curve":[0.25,0,0.75,1],"transform":{"skX":8.85,"skY":8.85}},{"duration":0,"transform":{"skX":-1,"skY":-1}}],"name":"right Arm B"},{"frame":[{"duration":10,"transform":{}},{"duration":5,"curve":[0.25,0,0.236,1],"transform":{}},{"duration":6,"curve":[0.25,0,0.75,1],"transform":{"skX":-9.14,"skY":-9.14}},{"duration":10,"transform":{}},{"duration":5,"curve":[0.25,0,0.027,1],"transform":{}},{"duration":10,"curve":[0.25,0,0.75,1],"transform":{"skX":29.67,"skY":29.67}},{"duration":15,"transform":{}},{"duration":0,"transform":{}}],"name":"right Wing"},{"frame":[{"duration":10,"curve":[0.25,0,1,0.53],"transform":{}},{"duration":5,"curve":[0.25,0,0.236,1],"transform":{"skX":-30.64,"skY":-30.64}},{"duration":6,"curve":[0.25,0,0.75,1],"transform":{"skX":16.38,"skY":16.38}},{"duration":10,"transform":{"skX":-30.64,"skY":-30.64}},{"duration":15,"transform":{"skX":-30.64,"skY":-30.64}},{"duration":8,"curve":[0.248,0,0.628,0.52],"transform":{"skX":-30.64,"skY":-30.64}},{"duration":7,"curve":[0.378,0.52,0.748,1],"transform":{"skX":53.69,"skY":53.69}},{"duration":0,"transform":{}}],"name":"right Wing B"},{"frame":[{"duration":10,"curve":[0.25,0,1,0.53],"transform":{}},{"duration":5,"curve":[0.25,0,0.236,1],"transform":{"skX":-4.27,"skY":-4.27}},{"duration":6,"curve":[0.25,0,0.75,1],"transform":{"skX":26.84,"skY":26.84}},{"duration":10,"transform":{"skX":-4.27,"skY":-4.27}},{"duration":5,"curve":[0.25,0,0.027,1],"transform":{"skX":-4.27,"skY":-4.27}},{"duration":10,"curve":[0.25,0,0.75,1],"transform":{"skX":26.33,"skY":26.33}},{"duration":15,"curve":[0.25,0,0.75,1],"transform":{"skX":-4.27,"skY":-4.27}},{"duration":0,"transform":{}}],"name":"left Wing"},{"frame":[{"duration":10,"curve":[0.25,0,1,0.53],"transform":{}},{"duration":5,"curve":[0.25,0,0.236,1],"transform":{"skX":37.42,"skY":37.42}},{"duration":6,"curve":[0.25,0,0.75,1],"transform":{"skX":-56.92,"skY":-56.92}},{"duration":10,"transform":{"skX":37.42,"skY":37.42}},{"duration":15,"transform":{"skX":37.42,"skY":37.42}},{"duration":8,"curve":[0.248,0,0.628,0.52],"transform":{"skX":37.42,"skY":37.42}},{"duration":7,"curve":[0.378,0.52,0.748,1],"transform":{"skX":-81.77,"skY":-81.77}},{"duration":0,"transform":{}}],"name":"left Wing B"},{"frame":[{"duration":10,"curve":[0.25,0,1,0.53],"transform":{}},{"duration":5,"curve":[0.25,0,0.236,1],"transform":{"x":148.33,"scX":1.12}},{"duration":6,"curve":[0.25,0,0.75,1],"transform":{"x":-69.62,"scX":1.12}},{"duration":5,"curve":[0.571,0,0.571,0.5],"transform":{"x":148.33,"scX":1.12}},{"duration":5,"curve":[0.12,0.5,0.36,1],"transform":{"x":-14.02,"scX":1.12}},{"duration":15,"transform":{"x":148.33,"scX":1.12}},{"duration":15,"curve":[0.25,0,0.75,1],"transform":{"x":148.33,"scX":1.12}},{"duration":0,"transform":{}}],"name":"shadow"}]},{"ik":[],"frame":[],"ffd":[],"duration":70,"slot":[],"name":"Knuckle Rending Extended","bone":[{"frame":[{"duration":10,"transform":{}},{"duration":5,"transform":{}},{"duration":5,"transform":{}},{"duration":10,"transform":{}},{"duration":5,"curve":[0.25,0,0.027,1],"transform":{}},{"duration":5,"transform":{"x":-204.68}},{"duration":15,"curve":[0.25,0,0.75,1],"transform":{"x":-204.68}},{"duration":15,"transform":{}},{"duration":0,"transform":{}}],"name":"root"},{"frame":[{"duration":10,"curve":[0.25,0,1,0.53],"transform":{}},{"duration":5,"curve":[0.25,0,0.236,1],"transform":{"y":50.13,"x":183.2}},{"duration":5,"curve":[0.25,0,0.75,1],"transform":{"y":50.13,"x":-216.86}},{"duration":5,"curve":[0.25,0,0,1],"transform":{"y":50.13,"x":183.2}},{"duration":5,"curve":[0.25,0,0.75,1],"transform":{"y":50.13,"x":-169.86,"skX":-6.52,"skY":-6.52}},{"duration":5,"curve":[0.25,0,0.027,1],"transform":{"y":50.13,"x":183.2}},{"duration":5,"curve":[0.25,0,0.75,1],"transform":{"y":18.58,"x":-218.08}},{"duration":15,"curve":[0.25,0,0.75,1],"transform":{"y":18.58,"x":-231.85}},{"duration":15,"curve":[0.25,0,0.75,1],"transform":{"y":50.13,"x":183.2}},{"duration":0,"transform":{}}],"name":"mid"},{"frame":[{"duration":10,"transform":{}},{"duration":5,"transform":{}},{"duration":5,"transform":{}},{"duration":10,"transform":{}},{"duration":5,"curve":[0.25,0,0.027,1],"transform":{}},{"duration":5,"transform":{"skX":-39.52,"skY":-39.52}},{"duration":15,"curve":[0.25,0,0.75,1],"transform":{"skX":-39.52,"skY":-39.52}},{"duration":15,"transform":{}},{"duration":0,"transform":{}}],"name":"midchest"},{"frame":[{"duration":10,"transform":{}},{"duration":5,"transform":{}},{"duration":5,"transform":{}},{"duration":10,"transform":{}},{"duration":5,"curve":[0.25,0,0.027,1],"transform":{}},{"duration":5,"transform":{"skX":26.75,"skY":26.75}},{"duration":15,"curve":[0.25,0,0.75,1],"transform":{"skX":26.75,"skY":26.75}},{"duration":15,"transform":{}},{"duration":0,"transform":{}}],"name":"top chest"},{"frame":[{"duration":10,"transform":{}},{"duration":5,"transform":{}},{"duration":5,"transform":{}},{"duration":10,"transform":{}},{"duration":25,"transform":{}},{"duration":15,"transform":{}},{"duration":0,"transform":{}}],"name":"neck"},{"frame":[{"duration":10,"transform":{}},{"duration":5,"transform":{}},{"duration":5,"transform":{}},{"duration":10,"transform":{}},{"duration":25,"transform":{}},{"duration":15,"transform":{}},{"duration":0,"transform":{}}],"name":"head"},{"frame":[{"duration":10,"curve":[0.25,0,1,0.53],"transform":{"skX":26.24,"skY":26.24}},{"duration":5,"transform":{}},{"duration":5,"transform":{}},{"duration":10,"transform":{}},{"duration":25,"transform":{}},{"duration":15,"curve":[0.25,0,0.75,1],"transform":{}},{"duration":0,"transform":{"skX":15.83,"skY":15.83}}],"name":"jaw"},{"frame":[{"duration":10,"curve":[0.25,0,1,0.53],"transform":{}},{"duration":5,"curve":[0.25,0,0.236,1],"transform":{"y":56.27,"x":187.21}},{"duration":5,"curve":[0.25,0,0.75,1],"transform":{"y":55.06,"x":-197.19}},{"duration":5,"curve":[0.25,0,0,1],"transform":{"y":56.27,"x":187.21}},{"duration":5,"curve":[0.25,0,0.75,1],"transform":{"y":71.43,"x":-150.28}},{"duration":5,"curve":[0.25,0,0.027,1],"transform":{"y":56.27,"x":187.21}},{"duration":5,"transform":{"y":34.69,"x":-157.99}},{"duration":15,"curve":[0.25,0,0.75,1],"transform":{"y":34.69,"x":-157.99}},{"duration":15,"curve":[0.25,0,0.75,1],"transform":{"y":56.27,"x":187.21}},{"duration":0,"transform":{}}],"name":"left Leg IK"},{"frame":[{"duration":10,"curve":[0.25,0,1,0.53],"transform":{}},{"duration":5,"curve":[0.25,0,0.236,1],"transform":{"skX":-5.08,"skY":-5.08}},{"duration":5,"curve":[0.25,0,0.75,1],"transform":{"skX":-18.72,"skY":-18.72}},{"duration":10,"transform":{"skX":-5.08,"skY":-5.08}},{"duration":25,"transform":{"skX":-5.08,"skY":-5.08}},{"duration":15,"curve":[0.25,0,0.75,1],"transform":{"skX":-5.08,"skY":-5.08}},{"duration":0,"transform":{}}],"name":"left leg A"},{"frame":[{"duration":10,"curve":[0.25,0,1,0.53],"transform":{"skX":-0.1,"skY":-0.1}},{"duration":5,"curve":[0.25,0,0.236,1],"transform":{"skX":6.97,"skY":6.97}},{"duration":5,"curve":[0.25,0,0.75,1],"transform":{"skX":8.64,"skY":8.64}},{"duration":10,"transform":{"skX":6.97,"skY":6.97}},{"duration":25,"transform":{"skX":6.97,"skY":6.97}},{"duration":15,"curve":[0.25,0,0.75,1],"transform":{"skX":6.97,"skY":6.97}},{"duration":0,"transform":{"skX":-0.1,"skY":-0.1}}],"name":"left leg A2"},{"frame":[{"duration":10,"curve":[0.25,0,1,0.53],"transform":{}},{"duration":5,"curve":[0.25,0,0.236,1],"transform":{"y":38.87,"x":156.52}},{"duration":5,"curve":[0.25,0,0.75,1],"transform":{"y":-11.74,"x":-97.74}},{"duration":10,"transform":{"y":38.87,"x":156.52}},{"duration":5,"curve":[0.25,0,0.027,1],"transform":{"y":38.87,"x":156.52}},{"duration":5,"transform":{"y":-36.21,"x":-31.61}},{"duration":15,"curve":[0.25,0,0.75,1],"transform":{"y":-36.21,"x":-31.61}},{"duration":15,"curve":[0.25,0,0.75,1],"transform":{"y":38.87,"x":156.52}},{"duration":0,"transform":{}}],"name":"Right Leg IK"},{"frame":[{"duration":10,"curve":[0.25,0,1,0.53],"transform":{"skX":-0.2,"skY":-0.2}},{"duration":5,"curve":[0.25,0,0.236,1],"transform":{"skX":-0.23,"skY":-0.23}},{"duration":5,"curve":[0.25,0,0.75,1],"transform":{"skX":-69.56,"skY":-69.56}},{"duration":10,"transform":{"skX":-0.23,"skY":-0.23}},{"duration":25,"transform":{"skX":-0.23,"skY":-0.23}},{"duration":15,"curve":[0.25,0,0.75,1],"transform":{"skX":-0.23,"skY":-0.23}},{"duration":0,"transform":{"skX":-0.2,"skY":-0.2}}],"name":"Right Leg A"},{"frame":[{"duration":10,"curve":[0.25,0,1,0.53],"transform":{"skX":0.33,"skY":0.33}},{"duration":5,"curve":[0.25,0,0.236,1],"transform":{"skX":13.68,"skY":13.68}},{"duration":5,"curve":[0.25,0,0.75,1],"transform":{"skX":41.92,"skY":41.92}},{"duration":10,"transform":{"skX":13.68,"skY":13.68}},{"duration":25,"transform":{"skX":13.68,"skY":13.68}},{"duration":15,"curve":[0.25,0,0.75,1],"transform":{"skX":13.68,"skY":13.68}},{"duration":0,"transform":{"skX":0.33,"skY":0.33}}],"name":"Right Leg A2"},{"frame":[{"duration":10,"curve":[0.25,0,1,0.53],"transform":{}},{"duration":5,"transform":{"skX":-25.06,"skY":-25.06}},{"duration":5,"transform":{"skX":-25.06,"skY":-25.06}},{"duration":5,"curve":[0.25,0,0,1],"transform":{"skX":-25.06,"skY":-25.06}},{"duration":5,"curve":[0.25,0,0.75,1],"transform":{"skX":-53.25,"skY":-53.25}},{"duration":25,"transform":{"skX":-25.06,"skY":-25.06}},{"duration":15,"curve":[0.25,0,0.75,1],"transform":{"skX":-25.06,"skY":-25.06}},{"duration":0,"transform":{}}],"name":"Tail Right"},{"frame":[{"duration":10,"curve":[0.25,0,1,0.53],"transform":{}},{"duration":5,"curve":[0.25,0,0.236,1],"transform":{"skX":17.22,"skY":17.22}},{"duration":5,"curve":[0.25,0,0.75,1],"transform":{"skX":-46.35,"skY":-46.35}},{"duration":5,"curve":[0.25,0,0,1],"transform":{"skX":17.22,"skY":17.22}},{"duration":5,"curve":[0.25,0,0.75,1],"transform":{"skX":-56.32,"skY":-56.32}},{"duration":25,"transform":{"skX":17.22,"skY":17.22}},{"duration":15,"curve":[0.25,0,0.75,1],"transform":{"skX":17.22,"skY":17.22}},{"duration":0,"transform":{}}],"name":"Tail Left"},{"frame":[{"duration":10,"curve":[0.25,0,1,0.53],"transform":{}},{"duration":5,"curve":[0.25,0,0.236,1],"transform":{"y":41.24,"x":220.77}},{"duration":5,"curve":[0.25,0,0.75,1],"transform":{"y":1.47,"x":-354.02}},{"duration":5,"curve":[0.25,0,0,1],"transform":{"y":41.24,"x":220.77}},{"duration":5,"curve":[0.25,0,0.75,1],"transform":{"y":30.81,"x":-70.27}},{"duration":5,"curve":[0.25,0,0.027,1],"transform":{"y":41.24,"x":220.77}},{"duration":5,"curve":[0.25,0,0.75,1],"transform":{"y":22.35,"x":-262.06}},{"duration":15,"curve":[0.25,0,0.75,1],"transform":{"y":9.82,"x":-279.03}},{"duration":15,"curve":[0.25,0,0.75,1],"transform":{"y":41.24,"x":220.77}},{"duration":0,"transform":{}}],"name":"leftArmIK"},{"frame":[{"duration":10,"curve":[0.25,0,1,0.53],"transform":{"skX":-10.95,"skY":-10.95}},{"duration":5,"curve":[0.25,0,0.236,1],"transform":{"skX":-55.62,"skY":-55.62}},{"duration":5,"curve":[0.25,0,0.75,1],"transform":{"skX":21.91,"skY":21.91}},{"duration":10,"transform":{"skX":-55.62,"skY":-55.62}},{"duration":25,"transform":{"skX":-55.62,"skY":-55.62}},{"duration":15,"curve":[0.25,0,0.75,1],"transform":{"skX":-55.62,"skY":-55.62}},{"duration":0,"transform":{"skX":-10.95,"skY":-10.95}}],"name":"left Arm A"},{"frame":[{"duration":10,"curve":[0.25,0,1,0.53],"transform":{"skX":17.95,"skY":17.95}},{"duration":5,"curve":[0.25,0,0.236,1],"transform":{"skX":78.41,"skY":78.41}},{"duration":5,"curve":[0.25,0,0.75,1],"transform":{"scY":1.3,"scX":1.3,"skX":7.23,"skY":7.23}},{"duration":10,"transform":{"skX":78.41,"skY":78.41}},{"duration":5,"curve":[0.54,0,0.74,0.43],"transform":{"skX":78.41,"skY":78.41}},{"duration":5,"transform":{"scY":1.18,"scX":1.22,"skX":78.41,"skY":78.41}},{"duration":15,"curve":[0.095,0.4,0.233,1],"transform":{"scY":1.18,"scX":1.22,"skX":78.41,"skY":78.41}},{"duration":15,"curve":[0.25,0,0.75,1],"transform":{"skX":78.41,"skY":78.41}},{"duration":0,"transform":{"skX":17.95,"skY":17.95}}],"name":"Left Arm B"},{"frame":[{"duration":10,"curve":[0.25,0,1,0.53],"transform":{}},{"duration":5,"curve":[0.25,0,0.236,1],"transform":{"y":13.64,"x":178.59}},{"duration":5,"curve":[0.25,0,0.75,1],"transform":{"y":13.64,"x":-207.01}},{"duration":5,"curve":[0.25,0,0,1],"transform":{"y":13.64,"x":178.59}},{"duration":5,"curve":[0.25,0,0.75,1],"transform":{"y":101.76,"x":-567.96}},{"duration":5,"curve":[0.25,0,0.027,1],"transform":{"y":13.64,"x":178.59}},{"duration":5,"curve":[0.25,0,0.75,1],"transform":{"y":133.6,"x":-598.55}},{"duration":15,"curve":[0.25,0,0.75,1],"transform":{"y":125.23,"x":-620.12}},{"duration":15,"curve":[0.25,0,0.75,1],"transform":{"y":13.64,"x":178.59}},{"duration":0,"transform":{}}],"name":"rightArmIk"},{"frame":[{"duration":10,"curve":[0.25,0,1,0.53],"transform":{"skX":0.22,"skY":0.22}},{"duration":5,"curve":[0.25,0,0.236,1],"transform":{"skX":-16.7,"skY":-16.7}},{"duration":5,"curve":[0.25,0,0.75,1],"transform":{"skX":-9.67,"skY":-9.67}},{"duration":5,"curve":[0.25,0,0,1],"transform":{"skX":-16.7,"skY":-16.7}},{"duration":5,"curve":[0.25,0,0.75,1],"transform":{"y":-28.33,"x":-13.3,"skX":-16.7,"skY":-16.7}},{"duration":25,"transform":{"skX":-16.7,"skY":-16.7}},{"duration":15,"curve":[0.25,0,0.75,1],"transform":{"skX":-16.7,"skY":-16.7}},{"duration":0,"transform":{"skX":0.22,"skY":0.22}}],"name":"right Arm A"},{"frame":[{"duration":10,"curve":[0.25,0,1,0.53],"transform":{"skX":-1,"skY":-1}},{"duration":5,"curve":[0.25,0,0.236,1],"transform":{"skX":8.85,"skY":8.85}},{"duration":5,"curve":[0.25,0,0.75,1],"transform":{"skX":-3.63,"skY":-3.63}},{"duration":5,"curve":[0.571,0,0.571,0.5],"transform":{"skX":8.85,"skY":8.85}},{"duration":5,"curve":[0.12,0.5,0.36,1],"transform":{"scY":1.26,"scX":1.26,"skX":8.85,"skY":8.85}},{"duration":5,"curve":[0.54,0,0.74,0.43],"transform":{"skX":8.85,"skY":8.85}},{"duration":5,"transform":{"scY":1.2,"scX":1.2,"skX":8.85,"skY":8.85}},{"duration":15,"curve":[0.095,0.4,0.233,1],"transform":{"scY":1.2,"scX":1.2,"skX":8.85,"skY":8.85}},{"duration":15,"curve":[0.25,0,0.75,1],"transform":{"skX":8.85,"skY":8.85}},{"duration":0,"transform":{"skX":-1,"skY":-1}}],"name":"right Arm B"},{"frame":[{"duration":10,"transform":{}},{"duration":5,"curve":[0.25,0,0.236,1],"transform":{}},{"duration":5,"curve":[0.25,0,0.75,1],"transform":{"skX":-9.14,"skY":-9.14}},{"duration":10,"transform":{}},{"duration":5,"curve":[0.25,0,0.027,1],"transform":{}},{"duration":5,"transform":{"skX":29.67,"skY":29.67}},{"duration":15,"curve":[0.25,0,0.75,1],"transform":{"skX":29.67,"skY":29.67}},{"duration":15,"transform":{}},{"duration":0,"transform":{}}],"name":"right Wing"},{"frame":[{"duration":10,"curve":[0.25,0,1,0.53],"transform":{}},{"duration":5,"curve":[0.25,0,0.236,1],"transform":{"skX":-30.64,"skY":-30.64}},{"duration":5,"curve":[0.25,0,0.75,1],"transform":{"skX":16.38,"skY":16.38}},{"duration":10,"transform":{"skX":-30.64,"skY":-30.64}},{"duration":25,"transform":{"skX":-30.64,"skY":-30.64}},{"duration":8,"curve":[0.248,0,0.628,0.52],"transform":{"skX":-30.64,"skY":-30.64}},{"duration":7,"curve":[0.378,0.52,0.748,1],"transform":{"skX":53.69,"skY":53.69}},{"duration":0,"transform":{}}],"name":"right Wing B"},{"frame":[{"duration":10,"curve":[0.25,0,1,0.53],"transform":{}},{"duration":5,"curve":[0.25,0,0.236,1],"transform":{"skX":-4.27,"skY":-4.27}},{"duration":5,"curve":[0.25,0,0.75,1],"transform":{"skX":26.84,"skY":26.84}},{"duration":10,"transform":{"skX":-4.27,"skY":-4.27}},{"duration":5,"curve":[0.25,0,0.027,1],"transform":{"skX":-4.27,"skY":-4.27}},{"duration":5,"transform":{"skX":26.33,"skY":26.33}},{"duration":15,"curve":[0.25,0,0.75,1],"transform":{"skX":26.33,"skY":26.33}},{"duration":15,"curve":[0.25,0,0.75,1],"transform":{"skX":-4.27,"skY":-4.27}},{"duration":0,"transform":{}}],"name":"left Wing"},{"frame":[{"duration":10,"curve":[0.25,0,1,0.53],"transform":{}},{"duration":5,"curve":[0.25,0,0.236,1],"transform":{"skX":37.42,"skY":37.42}},{"duration":5,"curve":[0.25,0,0.75,1],"transform":{"skX":-56.92,"skY":-56.92}},{"duration":10,"transform":{"skX":37.42,"skY":37.42}},{"duration":25,"transform":{"skX":37.42,"skY":37.42}},{"duration":8,"curve":[0.248,0,0.628,0.52],"transform":{"skX":37.42,"skY":37.42}},{"duration":7,"curve":[0.378,0.52,0.748,1],"transform":{"skX":-81.77,"skY":-81.77}},{"duration":0,"transform":{}}],"name":"left Wing B"},{"frame":[{"duration":10,"curve":[0.25,0,1,0.53],"transform":{}},{"duration":5,"curve":[0.25,0,0.236,1],"transform":{"x":148.33,"scX":1.12}},{"duration":5,"curve":[0.25,0,0.75,1],"transform":{"x":-69.62,"scX":1.12}},{"duration":5,"curve":[0.571,0,0.571,0.5],"transform":{"x":148.33,"scX":1.12}},{"duration":5,"curve":[0.12,0.5,0.36,1],"transform":{"x":-14.02,"scX":1.12}},{"duration":25,"transform":{"x":148.33,"scX":1.12}},{"duration":15,"curve":[0.25,0,0.75,1],"transform":{"x":148.33,"scX":1.12}},{"duration":0,"transform":{}}],"name":"shadow"}]},{"ik":[],"frame":[],"ffd":[],"duration":31,"slot":[],"name":"Short Breath","bone":[{"frame":[{"duration":10,"transform":{}},{"duration":21,"transform":{}},{"duration":0,"transform":{}}],"name":"root"},{"frame":[{"duration":10,"curve":[0.25,0,0.913,0.47],"transform":{}},{"duration":5,"curve":[0.25,0,0.137,1],"transform":{"y":-53.92,"x":125.64}},{"duration":16,"curve":[0.25,0,0.75,1],"transform":{"y":-53.92,"x":-82.43}},{"duration":0,"transform":{}}],"name":"mid"},{"frame":[{"duration":10,"transform":{}},{"duration":21,"transform":{}},{"duration":0,"transform":{}}],"name":"midchest"},{"frame":[{"duration":10,"transform":{}},{"duration":21,"transform":{}},{"duration":0,"transform":{}}],"name":"top chest"},{"frame":[{"duration":10,"transform":{}},{"duration":21,"transform":{}},{"duration":0,"transform":{}}],"name":"neck"},{"frame":[{"duration":10,"transform":{}},{"duration":5,"curve":[0.25,0,0.137,1],"transform":{}},{"duration":16,"curve":[0.25,0,0.75,1],"transform":{"skX":21.3,"skY":21.3}},{"duration":0,"transform":{}}],"name":"head"},{"frame":[{"duration":10,"curve":[0.25,0,0.913,0.47],"transform":{}},{"duration":5,"curve":[0.25,0,0.137,1],"transform":{"skX":23.49,"skY":23.49}},{"duration":16,"curve":[0.25,0,0.75,1],"transform":{"skX":-5.92,"skY":-5.92}},{"duration":0,"transform":{}}],"name":"jaw"},{"frame":[{"duration":10,"curve":[0.25,0,0.913,0.47],"transform":{}},{"duration":5,"curve":[0.125,0,0.5685,1],"transform":{"y":-23.61,"x":105.45,"skX":2.24,"skY":2.24}},{"duration":16,"curve":[0.25,0,0.75,1],"transform":{"y":-28.58,"x":-73.61,"skX":2.24,"skY":2.24}},{"duration":0,"transform":{}}],"name":"left Leg IK"},{"frame":[{"duration":10,"transform":{},"tweenEasing":0},{"duration":21,"transform":{"skX":-0.31,"skY":-0.31},"tweenEasing":0},{"duration":0,"transform":{}}],"name":"left leg A"},{"frame":[{"duration":10,"transform":{"skX":-0.1,"skY":-0.1},"tweenEasing":0},{"duration":21,"transform":{"skX":40.58,"skY":40.58},"tweenEasing":0},{"duration":0,"transform":{"skX":-0.1,"skY":-0.1}}],"name":"left leg A2"},{"frame":[{"duration":10,"transform":{},"tweenEasing":0},{"duration":5,"curve":[0.25,0,0.137,1],"transform":{"y":-28.19}},{"duration":16,"curve":[0.25,0,0.75,1],"transform":{"y":-42.28}},{"duration":0,"transform":{}}],"name":"Right Leg IK"},{"frame":[{"duration":10,"transform":{"skX":-0.2,"skY":-0.2},"tweenEasing":0},{"duration":21,"transform":{"skX":45.51,"skY":45.51},"tweenEasing":0},{"duration":0,"transform":{"skX":-0.2,"skY":-0.2}}],"name":"Right Leg A"},{"frame":[{"duration":10,"transform":{"skX":0.33,"skY":0.33},"tweenEasing":0},{"duration":21,"transform":{"skX":-28.49,"skY":-28.49},"tweenEasing":0},{"duration":0,"transform":{"skX":0.33,"skY":0.33}}],"name":"Right Leg A2"},{"frame":[{"duration":10,"curve":[0.25,0,0.913,0.47],"transform":{}},{"duration":5,"curve":[0.25,0,0.137,1],"transform":{"skX":28.24,"skY":28.24}},{"duration":16,"curve":[0.25,0,0.75,1],"transform":{"skX":-34.7,"skY":-34.7}},{"duration":0,"transform":{}}],"name":"Tail Right"},{"frame":[{"duration":10,"curve":[0.25,0,0.913,0.47],"transform":{}},{"duration":5,"curve":[0.25,0,0.137,1],"transform":{"skX":32.4,"skY":32.4}},{"duration":16,"curve":[0.25,0,0.75,1],"transform":{"skX":-9.76,"skY":-9.76}},{"duration":0,"transform":{}}],"name":"Tail Left"},{"frame":[{"duration":10,"curve":[0.25,0,0.913,0.47],"transform":{}},{"duration":5,"curve":[0.125,0,0.5685,1],"transform":{"y":-67.4,"x":143.56,"skX":-6.66,"skY":-6.66}},{"duration":16,"curve":[0.25,0,0.75,1],"transform":{"y":-73.2,"x":-76.95,"skX":-6.66,"skY":-6.66}},{"duration":0,"transform":{}}],"name":"leftArmIK"},{"frame":[{"duration":10,"transform":{"skX":-10.95,"skY":-10.95},"tweenEasing":0},{"duration":21,"transform":{"skX":-41.38,"skY":-41.38},"tweenEasing":0},{"duration":0,"transform":{"skX":-10.95,"skY":-10.95}}],"name":"left Arm A"},{"frame":[{"duration":10,"transform":{"skX":17.95,"skY":17.95},"tweenEasing":0},{"duration":21,"transform":{"skX":65.94,"skY":65.94},"tweenEasing":0},{"duration":0,"transform":{"skX":17.95,"skY":17.95}}],"name":"Left Arm B"},{"frame":[{"duration":10,"transform":{},"tweenEasing":0},{"duration":5,"curve":[0.25,0,0.137,1],"transform":{"y":-22.11,"x":-61.9}},{"duration":16,"curve":[0.25,0,0.75,1],"transform":{"y":-33.16,"x":-92.85}},{"duration":0,"transform":{}}],"name":"rightArmIk"},{"frame":[{"duration":10,"transform":{"skX":0.22,"skY":0.22},"tweenEasing":0},{"duration":21,"transform":{"skX":31.3,"skY":31.3},"tweenEasing":0},{"duration":0,"transform":{"skX":0.22,"skY":0.22}}],"name":"right Arm A"},{"frame":[{"duration":10,"transform":{"skX":-1,"skY":-1},"tweenEasing":0},{"duration":21,"transform":{"skX":67.79,"skY":67.79},"tweenEasing":0},{"duration":0,"transform":{"skX":-1,"skY":-1}}],"name":"right Arm B"},{"frame":[{"duration":10,"curve":[0.25,0,0.913,0.47],"transform":{}},{"duration":5,"curve":[0.25,0,0.137,1],"transform":{"skX":-13.22,"skY":-13.22}},{"duration":16,"curve":[0.25,0,0.75,1],"transform":{"skX":-0.67,"skY":-0.67}},{"duration":0,"transform":{}}],"name":"right Wing"},{"frame":[{"duration":10,"curve":[0.25,0,0.913,0.47],"transform":{}},{"duration":5,"curve":[0.25,0,0.137,1],"transform":{"skX":-28.69,"skY":-28.69}},{"duration":16,"curve":[0.25,0,0.75,1],"transform":{"skX":-36.75,"skY":-36.75}},{"duration":0,"transform":{}}],"name":"right Wing B"},{"frame":[{"duration":10,"curve":[0.25,0,0.913,0.47],"transform":{}},{"duration":5,"curve":[0.25,0,0.137,1],"transform":{"skX":13.19,"skY":13.19}},{"duration":16,"curve":[0.25,0,0.75,1],"transform":{"skX":28.7,"skY":28.7}},{"duration":0,"transform":{}}],"name":"left Wing"},{"frame":[{"duration":10,"curve":[0.25,0,0.913,0.47],"transform":{}},{"duration":5,"curve":[0.25,0,0.137,1],"transform":{"skX":-74.68,"skY":-74.68}},{"duration":16,"curve":[0.25,0,0.75,1],"transform":{"skX":21.01,"skY":21.01}},{"duration":0,"transform":{}}],"name":"left Wing B"},{"frame":[{"duration":10,"transform":{}},{"duration":5,"curve":[0.25,0,0.137,1],"transform":{}},{"duration":16,"curve":[0.25,0,0.75,1],"transform":{"scX":1.22}},{"duration":0,"transform":{}}],"name":"shadow"}]}],"aabb":{"width":699.6513930581614,"y":-772.0758536585364,"height":772.0758536585364,"x":-311.47480769230765},"type":"Armature","frameRate":30,"skin":[{"name":"","slot":[{"display":[{"edges":[30,31,31,32,32,33,33,34,34,35,35,0,0,1,1,2,2,3,3,4,4,5,5,6,6,7,7,8,8,9,9,10,10,11,11,12,12,13,13,14,14,15,15,16,16,17,17,18,18,19,19,20,20,21,21,22,22,23,23,24,24,25,25,26,26,27,27,28,28,29,29,30],"vertices":[-131.04,-248.03,-116.41,-248.02,-99,-269.16,-100.37,-282.9,-88.46,-285.19,-80.68,-279.23,-54.57,-309.46,-48.16,-302.59,-45.4,-325.48,-32.12,-314.94,-15.64,-328.68,-14.26,-343.8,1.31,-351.12,18.27,-362.11,22.06,-387.76,22.07,-413.4,9.57,-429.43,-13.32,-439,-32.11,-439.01,-47.68,-430.82,-52.72,-439.01,-63.25,-432.65,-70.12,-412.96,-66.01,-383.64,-57.31,-379.07,-64.63,-372.2,-72.41,-377.7,-97.61,-359.84,-123.72,-338.32,-138.38,-308.1,-157.94,-355.73,-157.95,-309.01,-147.55,-280.16,-152.58,-270.99,-149.38,-254.97,-142.06,-248.03,-133.98,-280.25,-127.27,-268.41,-126.99,-256.58,-121.07,-269.49,-121.34,-253.35,-122.15,-278.09,-115.43,-284.82,-107.89,-286.16,-30.51,-366.74,-64.64,-343.52,-113.65,-309.76],"triangles":[17,44,16,12,13,14,44,12,14,18,19,44,18,44,17,19,24,44,44,11,12,8,10,11,44,8,11,8,9,10,22,23,24,22,24,19,24,25,44,25,45,44,45,8,44,21,22,19,45,6,8,20,21,19,4,5,6,45,46,6,46,4,6,26,27,25,27,46,45,25,27,45,28,46,27,43,3,4,46,43,4,40,1,2,39,40,2,3,43,2,43,42,2,42,39,2,41,39,42,46,42,43,38,40,39,28,29,46,40,0,1,38,0,40,37,38,39,41,37,39,29,32,36,35,0,38,34,35,38,36,33,37,34,38,37,33,34,37,32,33,36,31,32,29,6,7,8,30,31,29,16,15,44,44,14,15,36,37,46,29,36,46,37,41,46,41,42,46],"path":"Left Arm","weights":[1,20,1,1,20,1,1,20,1,1,20,1,1,20,1,1,20,1,2,18,0.14233,20,0.85767,2,18,0.16603,20,0.83397,2,18,0.59823,20,0.40177,2,18,0.89507,20,0.10493,2,18,0.97416,20,0.02584,2,18,0.9977,20,0.0023,1,18,1,1,18,1,1,18,1,1,18,1,1,18,1,1,18,1,1,18,1,1,18,1,1,18,1,1,18,1,1,18,1,1,18,1,2,18,0.99541,20,0.00459,2,18,0.88317,20,0.11683,2,18,0.73839,20,0.26161,2,18,0.11575,20,0.88425,1,20,1,1,20,1,1,20,1,1,20,1,1,20,1,1,20,1,1,20,1,1,20,1,1,20,1,1,20,1,1,20,1,1,20,1,1,20,1,1,20,1,1,20,1,1,20,1,1,18,1,2,18,0.18547,20,0.81453,1,20,1],"name":"Left Arm","type":"mesh","uvs":[0.14955,1,0.23082,1,0.32751,0.88934,0.31987,0.81741,0.38603,0.80542,0.42928,0.83659,0.57432,0.67833,0.60994,0.7143,0.62521,0.5944,0.699,0.64955,0.79059,0.57762,0.79823,0.49849,0.88474,0.46012,0.97888,0.40257,1,0.26829,1,0.134,0.93054,0.05008,0.80332,0,0.699,0,0.61248,0.04288,0.5845,0,0.52597,0.03329,0.48781,0.1364,0.51071,0.28987,0.55905,0.31385,0.51834,0.34982,0.47508,0.32104,0.33514,0.41456,0.19011,0.52726,0.10869,0.68552,0,0.43614,0,0.68073,0.0578,0.83179,0.02981,0.87975,0.04762,0.96368,0.08827,1,0.13311,0.8313,0.17047,0.89327,0.17196,0.95524,0.20484,0.88763,0.20335,0.97214,0.19886,0.84256,0.23622,0.80736,0.27807,0.80031,0.7079,0.3784,0.51833,0.50004,0.24608,0.67678],"userEdges":[32,36,36,37,37,38,38,0,37,39,39,40,40,1,39,41,41,42,42,43,43,3,15,44,44,45,45,46,46,37],"bonePose":[20,-0.7105538995034962,0.7036427757750202,-0.7036427757750202,-0.7105538995034962,-64.47334810050667,-346.6776978634106,18,-0.7956849622438554,0.6057106907253613,-0.6057106907253613,-0.7956849622438554,-5.525454141906495,-391.8907800172035],"width":180,"slotPose":[1,0,0,1,0,0],"height":191,"transform":{}}],"name":"Left Arm"},{"display":[{"path":"left tail","type":"image","name":"left tail","transform":{"y":-6.92,"x":103.77,"skX":-123.24,"skY":-123.24}}],"name":"left tail"},{"display":[{"path":"right scales","type":"image","name":"right scales","transform":{"y":-8.17,"x":30.63,"skX":-103.56,"skY":-103.56}}],"name":"right scales"},{"display":[{"path":"jaw","type":"image","name":"jaw","transform":{"y":1.19,"x":12.45,"skX":-91.02,"skY":-91.02}}],"name":"jaw"},{"display":[{"edges":[4,5,5,6,6,7,7,8,8,9,9,10,10,11,11,12,12,13,13,14,14,15,15,16,16,17,17,18,18,19,19,20,20,21,21,22,22,23,23,24,24,25,25,26,26,27,27,28,28,29,29,30,30,31,31,32,32,33,33,34,34,35,35,36,36,37,37,38,38,39,39,40,40,41,41,42,42,43,43,44,44,45,45,46,46,47,47,48,48,49,49,50,50,51,51,52,52,0,0,1,1,2,2,3,3,4],"vertices":[-12.83,-330.26,-27.37,-314.71,-51.7,-296.46,-81.11,-266.37,-81.78,-253.86,-73.66,-244.4,-64.54,-242.71,-39.19,-248.12,-9.11,-269.75,-3.03,-269.75,-1.67,-247.45,1.71,-223.11,7.11,-212,23.67,-213.64,30.43,-216.35,53.42,-257.92,62.88,-291.73,58.49,-299.83,68.97,-317.75,47.67,-317.41,52.08,-326.87,64.58,-341.06,57.49,-349.85,58.16,-359.99,67.63,-362.02,66.61,-373.17,80.48,-390.07,86.08,-406.97,86.07,-422.85,80.48,-439.42,74.07,-460.71,61.22,-474.57,42.97,-484.04,16.6,-487.42,0.05,-491.14,-15.16,-495.01,-29.36,-495,-41.18,-495.01,-61.81,-478.31,-70.93,-464.11,-65.87,-447.21,-37.14,-438.08,-45.93,-425.25,-49.72,-414.22,-53.37,-403.6,-57.09,-392.8,-53.04,-380.62,-47.29,-377.91,-35.8,-362.37,-32.08,-351.22,-21.61,-355.26,-15.19,-347.15,-18.9,-338.36,-21.93,-431.31,-21.6,-415.43,-26.33,-391.78,-15.52,-364.4,38.22,-364.39,5.77,-349.86,2.73,-334.31,-3.03,-309.64,-8.77,-287.32,3.42,-429.29,39.59,-446.86,63.92,-403.59],"triangles":[29,64,28,28,64,27,64,26,27,30,63,29,63,64,29,64,25,26,31,63,30,64,57,25,25,23,24,19,17,18,57,23,25,17,15,16,63,62,64,22,20,21,62,57,64,9,15,17,32,63,31,23,57,22,57,20,22,61,9,17,19,60,17,60,61,17,57,58,20,58,59,20,10,14,15,9,10,15,59,19,20,59,60,19,10,11,14,62,55,57,55,56,57,33,63,32,11,13,14,56,58,57,33,62,63,54,55,62,34,62,33,34,53,62,11,12,13,35,53,34,41,53,35,36,41,35,0,60,59,51,59,58,56,51,58,53,54,62,51,0,59,61,8,9,51,52,0,1,61,60,0,1,60,37,38,41,37,41,36,56,50,51,1,2,61,61,2,8,2,7,8,55,48,56,48,50,56,47,48,55,43,55,54,42,43,54,42,54,53,41,42,53,48,49,50,38,40,41,2,3,7,39,40,38,3,6,7,45,46,47,3,4,6,4,5,6,55,47,43,44,45,47,43,44,47],"path":"Torso","weights":[3,12,0.01572,7,0.6908,11,0.29348,2,7,0.16906,11,0.83094,1,11,1,1,11,1,1,11,1,1,11,1,1,11,1,1,11,1,2,11,0.76631,8,0.23369,2,11,0.48784,8,0.51216,2,11,0.04951,8,0.95049,1,8,1,1,8,1,1,8,1,1,8,1,1,8,1,2,7,0.12543,8,0.87457,2,7,0.2369,8,0.7631,2,7,0.3616,8,0.6384,3,12,0.00345,7,0.58148,8,0.41507,3,12,0.03451,7,0.80888,8,0.1566,3,12,0.12782,7,0.83172,8,0.04046,3,12,0.24448,7,0.73458,8,0.02095,3,12,0.5774,7,0.41973,8,0.00287,3,12,0.73173,7,0.2682,8,0.00007,2,12,0.85261,7,0.14739,3,16,0.00136,12,0.98997,7,0.00867,2,16,0.01217,12,0.98783,2,16,0.03569,12,0.96431,2,16,0.09138,12,0.90862,2,16,0.20195,12,0.79805,2,16,0.31564,12,0.68436,2,16,0.48398,12,0.51602,2,16,0.79206,12,0.20794,2,16,0.95223,12,0.04777,2,16,0.99776,12,0.00224,1,16,1,1,16,1,1,16,1,1,16,1,1,16,1,3,16,0.77376,12,0.21249,7,0.01376,3,16,0.35713,12,0.57882,7,0.06406,3,16,0.20699,12,0.68409,7,0.10892,3,16,0.11453,12,0.72441,7,0.16105,3,16,0.06922,12,0.72604,7,0.20475,3,16,0.04424,12,0.70761,7,0.24815,3,16,0.03321,12,0.68711,7,0.27967,4,16,0.00371,12,0.52671,7,0.46662,11,0.00296,3,12,0.45823,7,0.53564,11,0.00614,3,12,0.37478,7,0.60738,11,0.01783,3,12,0.14503,7,0.77759,11,0.07738,3,12,0.05606,7,0.79294,11,0.151,3,16,0.4915,12,0.49273,7,0.01576,3,16,0.15956,12,0.7851,7,0.05534,3,16,0.03629,12,0.7515,7,0.21222,4,16,0.00026,12,0.41947,7,0.56953,11,0.01074,3,12,0.52931,7,0.47049,8,0.0002,3,12,0.04552,7,0.92916,11,0.02531,3,12,0.00768,7,0.88045,11,0.11187,3,7,0.40215,11,0.54656,8,0.05129,3,7,0.01031,11,0.86749,8,0.1222,1,12,1,2,16,0.22813,12,0.77187,3,16,0.00701,12,0.99206,7,0.00092],"name":"Torso","type":"mesh","uvs":[0.43496,0.58215,0.3519,0.63709,0.21284,0.70159,0.04481,0.80788,0.04095,0.85207,0.0873,0.88552,0.13945,0.89149,0.2843,0.87238,0.4562,0.79594,0.49097,0.79594,0.49869,0.87477,0.51801,0.96076,0.54891,1,0.64355,0.9942,0.68218,0.98465,0.81352,0.83774,0.8676,0.71831,0.84249,0.68964,0.90236,0.62634,0.80386,0.62515,0.80579,0.5941,0.87725,0.54393,0.83669,0.51288,0.84056,0.47705,0.89464,0.46988,0.88884,0.43047,0.96803,0.37075,1,0.31104,1,0.2549,0.98927,0.19638,0.93133,0.12114,0.85794,0.07217,0.75364,0.03873,0.60299,0.02678,0.51221,0.00767,0.42144,0,0.34032,0,0.27272,0,0.1549,0.05903,0.10275,0.10919,0.13172,0.16891,0.29589,0.20116,0.24568,0.24654,0.22404,0.28546,0.20318,0.32298,0.18194,0.3612,0.20512,0.4042,0.23795,0.41375,0.30362,0.46869,0.32486,0.5081,0.38474,0.49377,0.42144,0.52244,0.40019,0.55349,0.38281,0.22504,0.38474,0.28118,0.3577,0.36478,0.4195,0.46152,0.7266,0.46152,0.54118,0.51288,0.5238,0.56782,0.49097,0.65501,0.45813,0.73384,0.52766,0.23221,0.73433,0.1701,0.87339,0.32298],"userEdges":[53,54,54,55,55,56,56,57,57,23,56,58,58,59,59,60,60,61,61,8,54,62,62,63,63,64,64,57,54,42,47,43],"bonePose":[12,-0.3937814842122727,-0.9192040810894933,0.9192040810894933,-0.3937814842122727,24.860950096219533,-370.8351765474096,7,0.13519679949821323,-0.9908187651661832,0.9908187651661832,0.13519679949821323,17.85,-323.67,11,-0.7769262398575175,0.6295916278198584,-0.6295916278198584,-0.7769262398575175,-13.87,-293.98,8,-0.2344634990685625,0.9721249238675688,-0.9721249238675688,-0.2344634990685625,30.29,-285.70000000000005,16,-0.8991762550080903,-0.43758663419901855,0.43758663419901855,-0.8991762550080903,-7.354769868699528,-442.98895321323573],"width":175,"slotPose":[1,0,0,1,0,0],"height":283,"transform":{}}],"name":"Torso"},{"display":[{"edges":[22,23,23,24,24,25,25,26,26,27,27,28,28,29,29,30,30,31,31,32,32,33,33,34,34,35,35,36,36,37,37,38,38,39,39,40,40,41,41,42,42,43,43,44,44,45,45,46,46,47,47,48,48,49,49,50,50,51,51,0,0,1,1,2,2,3,3,4,4,5,5,6,6,7,7,8,8,9,9,10,10,11,11,12,12,13,13,14,14,15,15,16,16,17,17,18,18,19,19,20,20,21,21,22],"vertices":[-32.91,-464.94,-57.71,-486.37,-97.63,-515.1,-105.91,-541.41,-107.37,-573.55,-105.91,-586.21,-119.06,-592.54,-131.24,-600.33,-142.92,-614.45,-160.94,-636.37,-174.57,-665.6,-177.5,-688.97,-177.49,-713.8,-173.11,-740.1,-163.37,-749.5,-189.67,-749.51,-196.97,-739.62,-202.82,-720.13,-218.4,-738.64,-240.32,-743.02,-264.18,-749.51,-286.09,-749.51,-301.9,-749.51,-284.15,-728.42,-270.02,-700.17,-255.41,-661.21,-249.09,-620.79,-263.7,-584.76,-289.51,-538.49,-301.91,-499.53,-301.91,-485.9,-248.61,-484.44,-255.43,-470.8,-238.38,-471.28,-252.51,-427.95,-249.59,-417.71,-216.46,-460.08,-208.19,-436.71,-192.61,-417.71,-170.21,-395.79,-162.42,-391.51,-161.93,-413.33,-132.22,-438.16,-127.84,-421.6,-111.29,-400.17,-103.49,-412.35,-90.83,-393.35,-73.78,-410.4,-57.23,-402.12,-37.26,-391.5,-35.8,-441.56,-32.92,-454.71,-165.33,-503.91,-140,-515.11,-130.76,-494.17,-108.35,-468.84,-86.93,-452.29,-48.95,-443.51,-222.79,-514.62,-206.72,-546.28,-177.01,-574.04,-191.13,-594.98,-203.31,-641.73,-206.23,-688.97,-175.46,-447.29,-154.99,-473.09,-125.17,-470.42,-112.27,-449.06,-96.25,-435.7,-88.24,-434.37,-76.68,-434.82,-53.09,-429.03,-230.63,-571.64,-228.41,-644.63,-235.08,-695.36,-239.53,-523.59,-261.34,-519.59,-256.44,-552.96,-244.43,-509.35,-230.89,-600.07,-207.61,-610.19,-238.48,-672.43,-217.22,-670.4,-261.24,-725.55,-236.45,-716.95,-218.24,-708.86],"triangles":[71,48,49,71,49,50,57,71,50,1,57,0,0,57,51,57,50,51,47,48,71,1,56,57,70,71,57,56,70,57,70,47,71,55,56,1,2,55,1,56,69,70,70,69,47,69,45,47,45,46,47,54,55,2,68,45,69,67,68,56,55,67,56,68,69,56,43,45,68,67,43,68,54,66,55,3,53,2,53,54,2,42,43,67,4,60,3,43,44,45,66,67,55,60,53,3,6,4,5,6,60,4,7,60,6,66,42,67,65,42,66,54,65,66,60,52,53,53,52,54,52,65,54,8,60,7,64,41,42,65,64,42,60,59,52,61,60,8,9,61,8,38,39,41,64,38,41,39,40,41,36,64,52,52,64,65,10,62,9,59,58,52,15,13,14,58,36,52,37,38,64,16,12,13,16,17,12,63,11,12,11,63,10,36,37,64,15,16,13,17,63,12,61,59,60,85,63,17,79,72,61,72,59,61,80,79,61,73,80,62,82,73,62,18,85,17,78,31,58,73,26,80,26,79,80,75,58,59,74,82,63,85,74,63,72,77,59,77,75,59,84,85,18,19,84,18,81,73,82,74,81,82,33,34,36,84,74,85,75,78,58,27,72,79,81,25,73,25,26,73,27,77,72,26,27,79,19,83,84,83,24,84,84,24,74,24,81,74,77,76,75,24,25,81,31,32,33,76,78,75,20,83,19,76,31,78,76,30,31,28,76,77,29,30,76,27,28,77,20,23,83,21,23,20,28,29,76,23,24,83,21,22,23,34,35,36,36,33,58,31,33,58,9,61,62,62,80,61,10,62,63,63,82,62],"path":"Left Wing","weights":[1,19,1,1,19,1,1,19,1,2,19,0.99149,21,0.00851,2,19,0.63727,21,0.36273,2,19,0.49514,21,0.50486,2,19,0.32066,21,0.67934,2,19,0.08718,21,0.91282,2,19,0.00143,21,0.99857,1,21,1,1,21,1,1,21,1,1,21,1,1,21,1,1,21,1,1,21,1,1,21,1,1,21,1,1,21,1,1,21,1,1,21,1,1,21,1,1,21,1,1,21,1,1,21,1,2,19,0.00053,21,0.99947,2,19,0.03888,21,0.96112,2,19,0.193,21,0.807,2,19,0.40923,21,0.59077,2,19,0.47964,21,0.52036,2,19,0.48415,21,0.51585,2,19,0.6399,21,0.3601,2,19,0.68598,21,0.31402,2,19,0.73772,21,0.26228,2,19,0.81969,21,0.18031,2,19,0.8206,21,0.1794,2,19,0.83817,21,0.16183,2,19,0.94278,21,0.05722,2,19,0.98231,21,0.01769,2,19,0.99963,21,0.00037,1,19,1,2,19,0.99741,21,0.00259,2,19,0.99981,21,0.00019,1,19,1,1,19,1,1,19,1,1,19,1,1,19,1,1,19,1,1,19,1,1,19,1,1,19,1,2,19,0.92344,21,0.07656,2,19,0.99357,21,0.00643,2,19,0.99866,21,0.00134,1,19,1,1,19,1,1,19,1,2,19,0.59632,21,0.40368,2,19,0.41909,21,0.58091,2,19,0.12751,21,0.87249,2,19,0.03487,21,0.96513,2,19,0.00063,21,0.99937,1,21,1,2,19,0.97051,21,0.02949,2,19,0.97966,21,0.02034,2,19,0.99966,21,0.00034,1,19,1,1,19,1,1,19,1,1,19,1,1,19,1,2,19,0.2112,21,0.7888,2,19,0.0038,21,0.9962,1,21,1,2,19,0.49499,21,0.50501,2,19,0.47074,21,0.52926,2,19,0.32836,21,0.67164,2,19,0.55047,21,0.44953,2,19,0.08017,21,0.91983,2,19,0.02535,21,0.97465,1,21,1,1,21,1,1,21,1,1,21,1,1,21,1],"name":"Left Wing","type":"mesh","uvs":[1,0.79349,0.90783,0.735,0.75938,0.65474,0.7286,0.58128,0.72317,0.4915,0.7286,0.45613,0.67972,0.43845,0.63446,0.41668,0.59101,0.37723,0.52402,0.31602,0.47333,0.23439,0.46247,0.1691,0.46247,0.09972,0.47876,0.02626,0.51497,0,0.41721,0,0.39005,0.02762,0.36833,0.08204,0.31039,0.03034,0.22893,0.0181,0.14022,0,0.05875,0,0,0,0.06599,0.05891,0.11849,0.13781,0.1728,0.24664,0.19634,0.35955,0.14203,0.46021,0.04064,0.62209,0,0.69827,0,0.73636,0.19815,0.74044,0.1728,0.77853,0.22168,0.78397,0.18367,0.89824,0.19453,0.9268,0.31764,0.80846,0.34841,0.87375,0.40635,0.9268,0.48963,0.98802,0.51859,1,0.5548,0.93633,0.63084,0.86967,0.64713,0.91592,0.70868,0.97578,0.73765,0.94177,0.78472,0.99482,0.84809,0.94721,0.90964,0.97034,0.98387,1,0.9893,0.86015,1,0.82342,0.50773,0.68603,0.60187,0.65474,0.63627,0.71323,0.71955,0.78397,0.7992,0.83022,0.94042,0.85471,0.2941,0.6561,0.35384,0.56768,0.46428,0.49014,0.41178,0.43164,0.36652,0.30105,0.35565,0.1691,0.47844,0.84354,0.5501,0.77179,0.65702,0.77956,0.70499,0.83923,0.76455,0.87652,0.79432,0.88024,0.83734,0.879,0.92501,0.89516,0.26496,0.49682,0.27323,0.29297,0.24841,0.15126,0.23054,0.63905,0.14821,0.65787,0.16805,0.55479,0.21272,0.67657,0.26398,0.41742,0.35051,0.38915,0.23577,0.2153,0.31477,0.22096,0.15112,0.0669,0.24329,0.09092,0.31101,0.11354],"userEdges":[36,52,52,53,53,54,54,55,55,56,56,57,57,50,33,58,58,59,59,60,60,61,61,62,62,63,63,17],"bonePose":[19,-0.6309466603018495,-0.7758262124045192,0.7758262124045192,-0.6309466603018495,-48.69993655654007,-447.0131290983928,21,-0.27110447307921554,-0.9625499284070622,0.9625499284070622,-0.27110447307921554,-145.58810571249208,-566.1490022752308],"width":269,"slotPose":[1,0,0,1,0,0],"height":358,"transform":{}}],"name":"Left Wing"},{"display":[{"edges":[3,4,4,5,5,6,6,7,7,8,8,9,9,10,10,11,11,12,12,13,13,14,14,15,15,16,16,17,17,18,18,19,19,20,20,21,21,22,22,23,23,24,24,25,25,26,26,27,27,28,28,29,29,30,30,31,31,32,32,33,33,34,34,35,35,36,36,37,37,38,38,39,39,40,40,41,41,0,0,1,1,2,2,3],"vertices":[38.17,-541.29,27.53,-529.58,10.84,-486.98,5.07,-443.32,5.5,-431.24,35.32,-407.11,50.94,-401.06,79.34,-429.46,93.18,-424.49,99.57,-428.39,104.18,-422.71,126.55,-425.19,145.37,-415.25,152.46,-406.73,140.75,-401.41,143.22,-390.76,140.74,-385.08,141.81,-376.91,139.68,-368.03,149.97,-359.51,157.78,-352.76,164.17,-356.32,173.04,-343.97,178.72,-343.97,189.37,-355.25,200.37,-355.95,207.12,-380.09,218.84,-395.71,206.42,-403.17,220.64,-470.97,221.09,-521.73,209.99,-508.25,186.19,-440.44,175.9,-457.14,152.49,-512.87,124.45,-564.35,109.89,-541.99,104.56,-496.91,82.54,-504.37,75.09,-490.52,52.37,-497.98,44.92,-497.98,21.12,-435.14,41,-456.45,66.21,-464.96,98.52,-468.15,131.18,-479.51,170.21,-409.21,181.57,-369.45],"triangles":[32,28,29,30,31,29,28,26,27,48,25,26,32,47,28,48,26,28,47,48,28,48,24,25,34,46,33,48,21,24,21,23,24,21,22,23,47,15,48,13,15,47,17,21,48,15,17,48,17,19,21,12,13,47,16,17,15,35,36,34,19,20,21,17,18,19,14,15,13,37,46,34,36,37,34,45,11,46,45,9,11,9,10,11,37,45,46,45,7,9,44,7,45,39,45,37,38,39,37,7,8,9,39,44,45,44,43,7,5,6,7,43,5,7,40,44,39,42,5,43,40,41,44,41,43,44,2,43,41,1,2,41,3,42,43,2,3,43,42,4,5,3,4,42,31,32,29,0,1,41,46,11,12,46,12,47,33,47,32,46,47,33],"path":"right arm","weights":[1,15,1,1,15,1,1,15,1,1,15,1,1,15,1,1,15,1,1,15,1,2,15,0.87512,22,0.12488,2,15,0.64818,22,0.35182,2,15,0.50619,22,0.49381,2,15,0.37479,22,0.62521,2,15,0.07295,22,0.92705,2,15,0.00044,22,0.99956,1,22,1,1,22,1,1,22,1,1,22,1,1,22,1,1,22,1,1,22,1,1,22,1,1,22,1,1,22,1,1,22,1,1,22,1,1,22,1,1,22,1,1,22,1,1,22,1,1,22,1,1,22,1,1,22,1,1,22,1,1,22,1,2,15,0.00849,22,0.99151,1,22,1,2,15,0.02417,22,0.97583,2,15,0.58331,22,0.41669,2,15,0.9962,22,0.0038,1,15,1,1,15,1,1,15,1,1,15,1,1,15,1,1,15,1,2,15,0.95885,22,0.04115,2,15,0.00638,22,0.99362,1,22,1,1,22,1],"name":"right arm","type":"mesh","uvs":[0.15317,0.12701,0.10387,0.17884,0.02662,0.36734,0,0.56055,0.00197,0.61395,0.14003,0.72077,0.21234,0.74747,0.34382,0.62181,0.40792,0.6438,0.4375,0.62652,0.45887,0.65165,0.58542,0.64694,0.64952,0.68464,0.68239,0.72234,0.62815,0.7459,0.63966,0.79303,0.62815,0.81816,0.63308,0.85429,0.62322,0.89356,0.67088,0.93126,0.70704,0.9611,0.73662,0.94539,0.77771,1,0.80401,1,0.85331,0.9501,0.90426,0.94696,0.93549,0.84015,0.98972,0.77103,0.9322,0.73805,0.99794,0.43803,1,0.2134,0.94864,0.27309,0.83852,0.57311,0.79086,0.49929,0.68239,0.25267,0.55255,0.02491,0.48516,0.12387,0.46051,0.32336,0.35861,0.29037,0.3241,0.35163,0.21892,0.31865,0.1844,0.31865,0.07429,0.59668,0.16632,0.50243,0.28301,0.46473,0.43257,0.45059,0.58378,0.40033,0.76456,0.71134,0.81716,0.88727],"userEdges":[3,42,42,43,43,41,43,44,44,45,45,46,46,47,47,48],"bonePose":[15,0.9183082539637148,-0.39586607672559354,0.39586607672559354,0.9183082539637148,17.65009491382529,-435.4350841908307,22,0.6819983600624986,0.7313537016191705,-0.7313537016191705,0.6819983600624986,108.85647069750142,-474.75250293121667],"width":216,"slotPose":[1,0,0,1,0,0],"height":226,"transform":{}}],"name":"right arm"},{"display":[{"path":"right tail","type":"image","name":"right tail","transform":{"y":52.32,"x":127.18,"skX":-37.41,"skY":-37.41}}],"name":"right tail"},{"display":[{"path":"Ellipse 1","type":"image","name":"Ellipse 1","transform":{"y":-0.54,"x":-1.79}}],"name":"Ellipse 1"},{"display":[{"path":"left scales","type":"image","name":"left scales","transform":{"y":12.15,"x":34.02,"skX":-140.98,"skY":-140.98}}],"name":"left scales"},{"display":[{"edges":[0,40,40,39,39,38,38,37,37,36,36,35,35,34,34,33,33,32,32,31,31,30,30,29,29,28,28,27,27,26,26,25,25,24,24,23,23,22,22,21,21,20,20,19,19,18,18,17,17,16,16,15,15,14,14,13,13,12,12,11,11,10,10,9,9,8,8,7,7,6,6,5,5,4,4,3,3,2,2,1,1,0],"vertices":[23.08,-477.91,57.03,-492.3,75.69,-512.55,90.08,-540.8,93.28,-565.85,80.49,-604.23,123.13,-645.26,135.39,-656.45,138.06,-669.78,140.72,-682.04,170.57,-723.08,198.29,-744.93,242,-769.45,234.53,-749.19,278.24,-764.12,325.68,-776.98,381.1,-776.97,371.52,-751.84,355.52,-720.4,340.6,-683.09,328.87,-637.26,321.41,-603.14,323.54,-562.63,334.19,-529.05,312.34,-525.32,289.42,-514.13,285.69,-501.87,270.23,-492.27,265.96,-478.42,287.29,-457.63,308.6,-423.51,255.3,-449.64,246.77,-413.4,227.05,-425.66,195.6,-431.52,157.76,-426.73,122.58,-417.67,83.67,-402.75,52.22,-369.7,29.67,-440.23,23.08,-460.86,198.29,-680.08,151.38,-605.47,196.15,-549.49,238.25,-507.38,189.22,-483.93,134.85,-527.65,115.13,-486.61,85.28,-463.15,225.47,-611.05,256.38,-655.82,281.44,-733.1,276.63,-575.87,291.56,-640.9,317.68,-725.11,256.03,-539.11,237.19,-556.68,193.49,-630.77,242,-703.79,269.54,-696.4,304.7,-683.27,74.1,-427.75,109.29,-442.68,149.79,-462.4,143.4,-488.51,183.91,-460.26],"triangles":[15,17,16,54,18,17,15,54,17,54,19,18,60,20,19,54,60,19,51,54,15,14,51,15,60,53,20,22,24,23,21,52,22,53,21,20,52,24,22,59,60,54,51,59,54,53,52,21,52,25,24,52,55,25,50,53,60,29,31,30,59,50,60,49,52,53,50,49,53,27,26,25,55,27,25,58,59,51,28,31,29,55,44,27,13,58,51,58,50,59,56,55,52,49,56,52,44,28,27,44,31,28,65,33,31,45,65,31,44,45,31,33,32,31,56,44,55,57,49,50,41,57,50,58,41,50,65,34,33,56,43,44,49,43,56,11,13,12,43,45,44,57,42,43,11,10,41,57,43,49,46,64,45,46,45,43,42,46,43,10,9,41,9,8,41,65,35,34,63,65,45,64,63,45,63,35,65,4,46,42,7,6,42,63,62,35,62,36,35,64,47,63,6,5,42,5,4,42,46,47,64,47,62,63,4,3,46,3,2,47,3,47,46,48,62,47,62,37,36,61,37,62,2,48,47,48,61,62,2,1,48,1,40,48,40,39,48,39,61,48,61,38,37,39,38,61,0,40,1,14,13,51,11,13,41,13,41,58,7,42,41,8,7,41,42,57,41],"path":"Right Wing","weights":[1,17,1,1,17,1,1,17,1,2,17,0.99983,24,0.00017,2,17,0.99831,24,0.00169,2,17,0.51738,24,0.48262,1,24,1,1,24,1,1,24,1,1,24,1,1,24,1,1,24,1,1,24,1,2,17,0.00002,24,0.99998,1,24,1,1,24,1,1,24,1,2,17,0.00023,24,0.99977,2,17,0.00431,24,0.99569,2,17,0.02428,24,0.97572,2,17,0.08657,24,0.91343,2,17,0.17167,24,0.82833,2,17,0.28536,24,0.71464,2,17,0.32599,24,0.67401,2,17,0.34602,24,0.65398,2,17,0.43382,24,0.56618,2,17,0.48468,24,0.51532,2,17,0.56565,24,0.43435,2,17,0.65524,24,0.34476,2,17,0.70967,24,0.29033,2,17,0.71796,24,0.28204,2,17,0.72164,24,0.27836,2,17,0.76293,24,0.23707,2,17,0.77067,24,0.22933,2,17,0.82768,24,0.17232,2,17,0.92088,24,0.07912,2,17,0.97915,24,0.02085,2,17,0.99926,24,0.00074,1,17,1,1,17,1,1,17,1,2,17,0.00798,24,0.99202,2,17,0.15533,24,0.84467,2,17,0.5061,24,0.4939,2,17,0.58492,24,0.41508,2,17,0.78286,24,0.21714,2,17,0.87067,24,0.12933,2,17,0.97146,24,0.02854,2,17,0.99733,24,0.00267,2,17,0.16311,24,0.83689,2,17,0.05827,24,0.94173,2,17,0.00273,24,0.99727,2,17,0.26765,24,0.73235,2,17,0.08865,24,0.91135,2,17,0.00533,24,0.99467,2,17,0.42405,24,0.57595,2,17,0.38519,24,0.61481,2,17,0.07924,24,0.92076,2,17,0.00805,24,0.99195,2,17,0.01651,24,0.98349,2,17,0.02912,24,0.97088,2,17,0.9995,24,0.0005,2,17,0.98547,24,0.01453,2,17,0.91726,24,0.08274,2,17,0.90814,24,0.09186,2,17,0.83689,24,0.16311],"name":"Right Wing","type":"mesh","uvs":[0,0.73127,0.09929,0.68696,0.14693,0.64657,0.18713,0.5775,0.19606,0.51625,0.16033,0.42242,0.27944,0.32207,0.31368,0.29471,0.32112,0.26213,0.32857,0.23215,0.41194,0.13181,0.48936,0.07838,0.61145,0.01843,0.5906,0.06795,0.72311,0.01322,0.84519,0,1,0,0.97323,0.06144,0.92857,0.13833,0.88688,0.22955,0.85412,0.34162,0.83328,0.42503,0.83924,0.52407,0.86901,0.60617,0.80797,0.61529,0.74395,0.64266,0.73353,0.67263,0.69035,0.69609,0.67844,0.72997,0.738,0.78079,0.79755,0.8642,0.64867,0.80034,0.62485,0.88896,0.56976,0.85898,0.48192,0.84465,0.37621,0.85638,0.27795,0.87853,0.16926,0.91502,0.08142,0.99582,0.01842,0.82339,0,0.77297,0.48936,0.23693,0.35835,0.41937,0.48341,0.55621,0.60102,0.65916,0.46405,0.7165,0.31219,0.60964,0.25711,0.70998,0.17529,0.76413,0.56529,0.4057,0.65164,0.29624,0.72874,0.09481,0.70822,0.49171,0.74991,0.33273,0.82643,0.12057,0.65069,0.58158,0.59805,0.53863,0.47596,0.35749,0.61145,0.17895,0.69212,0.19048,0.78841,0.22599,0.14301,0.85293,0.24131,0.81635,0.35395,0.76917,0.33609,0.70532,0.44924,0.77439],"userEdges":[13,41,41,42,42,43,43,44,44,28,31,45,45,46,46,47,47,48,48,39,43,49,49,50,52,53,44,55,55,52,50,59,59,51,53,60,60,54],"bonePose":[17,0.3855839922773964,-0.9226727398701148,0.9226727398701148,0.3855839922773964,46.15505223283228,-468.0880336478337,24,0.6282346774925816,-0.7780239006584516,0.7780239006584516,0.6282346774925816,99.17489780217102,-596.9055343059488],"width":358,"slotPose":[1,0,0,1,0,0],"height":409,"transform":{}}],"name":"Right Wing"},{"display":[{"path":"right leg","type":"image","name":"right leg","transform":{"y":-0.88,"x":49.39,"skX":-106.03,"skY":-106.03}}],"name":"right leg"},{"display":[{"path":"head","type":"image","name":"head","transform":{"y":24.63,"x":-2.17,"skX":-177.27,"skY":-177.27}}],"name":"head"},{"display":[{"path":"left leg","type":"image","name":"left leg","transform":{"y":-3.49,"x":16.59,"skX":-14.16,"skY":-14.16}}],"name":"left leg"}]}],"ik":[{"target":"Right Leg IK","name":"Right Leg IK","bone":"Right Leg A2","chain":1},{"target":"left Leg IK","bendPositive":"false","name":"left Leg IK","bone":"left leg A2","chain":1},{"target":"rightArmIk","name":"rightArmIk","bone":"right Arm B","chain":1},{"target":"leftArmIK","name":"leftArmIK","bone":"Left Arm B","chain":1}],"slot":[{"color":{},"name":"Ellipse 1","parent":"shadow"},{"z":1,"color":{},"name":"Left Wing","parent":"left Wing"},{"z":2,"color":{},"name":"Right Wing","parent":"right Wing"},{"z":3,"color":{},"name":"Left Arm","parent":"left Arm A"},{"z":4,"color":{},"name":"right tail","parent":"Tail Right"},{"z":5,"color":{},"name":"left tail","parent":"Tail Left"},{"z":6,"color":{},"name":"left leg","parent":"left leg A2"},{"z":7,"color":{},"name":"right leg","parent":"Right Leg A2"},{"z":8,"color":{},"name":"Torso","parent":"midchest"},{"z":9,"color":{},"name":"left scales","parent":"left leg A"},{"z":10,"color":{},"name":"right scales","parent":"Right Leg A"},{"z":11,"color":{},"name":"jaw","parent":"jaw"},{"z":12,"color":{},"name":"head","parent":"head"},{"z":13,"color":{},"name":"right arm","parent":"right Arm A"}],"defaultActions":[{"gotoAndPlay":"Claw Attack"}],"name":"TiamatU","bone":[{"transform":{},"name":"root"},{"transform":{"y":-310.85,"x":8.66},"name":"mid","parent":"root"},{"transform":{"y":-265.79,"x":-145.9},"name":"leftArmIK","parent":"root"},{"transform":{"y":-382.13,"x":197.46},"name":"rightArmIk","parent":"root"},{"transform":{"y":-11.96,"x":14.85},"name":"shadow","parent":"root"},{"transform":{"y":-232.88,"x":-14.3},"name":"left Leg IK","parent":"root"},{"transform":{"y":-90.79,"x":12.35},"name":"Right Leg IK","parent":"root"},{"length":41,"transform":{"y":-12.82,"x":9.19,"skX":-82.23,"skY":-82.23},"parent":"mid","name":"midchest"},{"length":80,"transform":{"y":25.15,"x":21.63,"skX":103.56,"skY":103.56},"parent":"mid","name":"Right Leg A"},{"length":104,"transform":{"y":13.54,"x":24.15,"skX":37.41,"skY":37.41},"parent":"mid","name":"Tail Right"},{"length":96,"transform":{"y":28.77,"x":15.99,"skX":123.24,"skY":123.24},"parent":"mid","name":"Tail Left"},{"length":81,"transform":{"y":16.87,"x":-22.53,"skX":140.98,"skY":140.98},"parent":"mid","name":"left leg A"},{"length":71,"transform":{"y":0.57,"x":47.68,"skX":-30.96,"skY":-30.96},"parent":"midchest","name":"top chest"},{"length":124,"transform":{"y":-33.68,"x":69.01,"skX":2.47,"skY":2.47},"parent":"Right Leg A","name":"Right Leg A2"},{"length":52,"transform":{"y":-5.1,"x":70.44,"skX":-126.83,"skY":-126.83},"parent":"left leg A","name":"left leg A2"},{"length":99,"transform":{"y":18.81,"x":62.22,"skX":89.87,"skY":89.87},"parent":"top chest","name":"right Arm A"},{"length":38,"transform":{"y":-1.2,"x":79.01,"skX":-40.86,"skY":-40.86},"parent":"top chest","name":"neck"},{"length":138,"transform":{"y":57.87,"x":81.01,"skX":45.87,"skY":45.87},"parent":"top chest","name":"right Wing"},{"length":74,"transform":{"y":-19.64,"x":31.32,"skX":-104.09,"skY":-104.09},"parent":"top chest","name":"left Arm A"},{"length":153,"transform":{"y":-37.62,"x":98.99,"skX":-15.93,"skY":-15.93},"parent":"top chest","name":"left Wing"},{"length":115,"transform":{"y":-0.27,"x":74.29,"skX":-7.44,"skY":-7.44},"parent":"left Arm A","name":"Left Arm B"},{"length":168,"transform":{"x":153.56,"skX":23.39,"skY":23.39},"parent":"left Wing","name":"left Wing B"},{"length":127,"transform":{"x":99.32,"skX":70.32,"skY":70.32},"parent":"right Arm A","name":"right Arm B"},{"length":29,"transform":{"x":38.43,"skX":-28.67,"skY":-28.67},"parent":"neck","name":"head"},{"length":178,"transform":{"y":-0.75,"x":139.3,"skX":16.24,"skY":16.24},"parent":"right Wing","name":"right Wing B"},{"length":26,"transform":{"y":-1.93,"x":-1.31,"skX":-86.25,"skY":-86.25},"parent":"head","name":"jaw"}]}]}