{"frameRate":30,"armature":[{"animation":[{"frame":[],"ffd":[],"slot":[],"duration":40,"name":"Attack A","ik":[],"bone":[{"frame":[{"duration":10,"transform":{}},{"duration":30,"transform":{}},{"duration":0,"transform":{}}],"name":"root"},{"frame":[{"duration":10,"curve":[0.25,0,1,0],"transform":{}},{"duration":5,"curve":[0.25,0,0,1],"transform":{"y":13.01}},{"duration":25,"curve":[0.25,0,0.75,1],"transform":{"y":13.01,"x":-65.1}},{"duration":0,"transform":{}}],"name":"Mid"},{"frame":[{"duration":10,"curve":[0.25,0,1,0],"transform":{}},{"duration":30,"curve":[0.25,0,0,1],"transform":{"skX":-2.56,"skY":-2.56}},{"duration":0,"transform":{}}],"name":"chest Mid"},{"frame":[{"duration":10,"curve":[0.25,0,1,0],"transform":{}},{"duration":30,"curve":[0.25,0,0,1],"transform":{"skX":-9.49,"skY":-9.49}},{"duration":0,"transform":{}}],"name":"Chest Top"},{"frame":[{"duration":10,"curve":[0.25,0,1,0],"transform":{}},{"duration":5,"curve":[0.25,0,0,1],"transform":{"y":-2.89,"x":100.74}},{"duration":25,"curve":[0.25,0,0.75,1],"transform":{"y":10.48,"x":-144.45}},{"duration":0,"transform":{}}],"name":"ARmLEft"},{"frame":[{"duration":10,"curve":[0.25,0,1,0],"transform":{"skX":0.25,"skY":0.25}},{"duration":5,"curve":[0.25,0,0,1],"transform":{"y":50.2,"skX":-39.29,"skY":-39.29,"x":-37.74}},{"duration":25,"curve":[0.25,0,0.75,1],"transform":{"y":-14.81,"skX":-39.29,"skY":-39.29,"x":27.41}},{"duration":0,"transform":{"skX":0.25,"skY":0.25}}],"name":"Arm Left"},{"frame":[{"duration":10,"curve":[0.25,0,1,0],"transform":{"skX":-0.41,"skY":-0.41}},{"duration":30,"curve":[0.25,0,0,1],"transform":{"skX":45.33,"skY":45.33}},{"duration":0,"transform":{"skX":-0.41,"skY":-0.41}}],"name":"Chest Top3"},{"frame":[{"duration":10,"curve":[0.25,0,1,0],"transform":{}},{"duration":5,"curve":[0.25,0,0,1],"transform":{"y":-48.89,"skX":39.48,"skY":39.48,"x":-13.97}},{"duration":25,"curve":[0.25,0,0.75,1],"transform":{"y":-92.72,"skX":39.48,"skY":39.48,"x":-75.64}},{"duration":0,"transform":{}}],"name":"RightARmIK"},{"frame":[{"duration":10,"curve":[0.25,0,1,0],"transform":{"skX":-60.55,"skY":-60.55}},{"duration":30,"curve":[0.25,0,0,1],"transform":{"skX":-79.23,"skY":-79.23}},{"duration":0,"transform":{"skX":-60.55,"skY":-60.55}}],"name":"Arm Right"},{"frame":[{"duration":10,"curve":[0.25,0,1,0],"transform":{"skX":83.8,"skY":83.8}},{"duration":30,"curve":[0.25,0,0,1],"transform":{"skX":107.53,"skY":107.53}},{"duration":0,"transform":{"skX":83.8,"skY":83.8}}],"name":"Chest Top4"},{"frame":[{"duration":10,"curve":[0.25,0,1,0],"transform":{}},{"duration":5,"curve":[0.25,0,0,1],"transform":{"skX":-23,"skY":-23}},{"duration":25,"curve":[0.25,0,0.75,1],"transform":{"skX":15.5,"skY":15.5}},{"duration":0,"transform":{}}],"name":"Tentacle A"},{"frame":[{"duration":10,"curve":[0.25,0,1,0],"transform":{}},{"duration":5,"curve":[0.25,0,0,1],"transform":{"skX":-23.8,"skY":-23.8}},{"duration":25,"curve":[0.25,0,0.75,1],"transform":{"skX":9.33,"skY":9.33}},{"duration":0,"transform":{}}],"name":"Tentacle B"},{"frame":[{"duration":10,"curve":[0.25,0,1,0],"transform":{}},{"duration":5,"curve":[0.25,0,0,1],"transform":{"skX":-26.89,"skY":-26.89}},{"duration":25,"curve":[0.25,0,0.75,1],"transform":{"skX":9.62,"skY":9.62}},{"duration":0,"transform":{}}],"name":"Tentacle C"},{"frame":[{"duration":10,"curve":[0.25,0,1,0],"transform":{}},{"duration":5,"curve":[0.25,0,0,1],"transform":{"skX":-52.03,"skY":-52.03}},{"duration":25,"curve":[0.25,0,0.75,1],"transform":{"skX":40.64,"skY":40.64}},{"duration":0,"transform":{}}],"name":"Scythe"},{"frame":[{"duration":10,"curve":[0.25,0,1,0],"transform":{}},{"duration":30,"curve":[0.25,0,0,1],"transform":{"skX":-23.86,"skY":-23.86}},{"duration":0,"transform":{}}],"name":"Chest Top5"},{"frame":[{"duration":10,"curve":[0.25,0,1,0],"transform":{}},{"duration":5,"curve":[0.25,0,0,1],"transform":{"y":16.1,"x":13.39}},{"duration":25,"curve":[0.25,0,0.75,1],"transform":{"y":16.1,"x":-56.55}},{"duration":0,"transform":{}}],"name":"Lower Section A"},{"frame":[{"duration":10,"curve":[0.25,0,1,0],"transform":{}},{"duration":5,"curve":[0.25,0,0,1],"transform":{"skX":-6.03,"skY":-6.03}},{"duration":25,"curve":[0.25,0,0.75,1],"transform":{"skX":-9.49,"skY":-9.49,"x":-7.94}},{"duration":0,"transform":{}}],"name":"Lower Section Left"},{"frame":[{"duration":10,"curve":[0.25,0,1,0],"transform":{}},{"duration":5,"curve":[0.25,0,0,1],"transform":{"skX":-4.81,"skY":-4.81}},{"duration":25,"curve":[0.25,0,0.75,1],"transform":{"skX":5.11,"skY":5.11}},{"duration":0,"transform":{}}],"name":"Lower Section Right"},{"frame":[{"duration":10,"curve":[0.25,0,1,0],"transform":{}},{"duration":5,"curve":[0.25,0,0,1],"transform":{"scX":0.92}},{"duration":25,"curve":[0.25,0,0.75,1],"transform":{"scX":1.14}},{"duration":0,"transform":{}}],"name":"shadow"}]},{"frame":[],"ffd":[],"slot":[],"duration":71,"name":"Attack B","ik":[],"bone":[{"frame":[{"duration":10,"transform":{}},{"duration":5,"transform":{}},{"duration":10,"transform":{}},{"duration":10,"transform":{}},{"duration":10,"transform":{}},{"duration":10,"transform":{}},{"duration":16,"transform":{}},{"duration":0,"transform":{}}],"name":"root"},{"frame":[{"duration":10,"curve":[0.25,0,1,0],"transform":{}},{"duration":5,"curve":[0.25,0,0,1],"transform":{"y":8.47}},{"duration":10,"curve":[0.25,0,0.75,1],"transform":{"y":8.47,"x":-27.73}},{"duration":10,"curve":[0.25,0,0.75,1],"transform":{"y":12.31,"x":-27.73}},{"duration":10,"curve":[0.25,0,0.75,1],"transform":{"y":8.47,"x":-27.73}},{"duration":10,"curve":[0.25,0,0.75,1],"transform":{"y":12.31,"x":-27.73}},{"duration":16,"curve":[0.25,0,0.75,1],"transform":{"y":8.47,"x":-27.73}},{"duration":0,"transform":{}}],"name":"Mid"},{"frame":[{"duration":10,"transform":{}},{"duration":5,"transform":{}},{"duration":10,"transform":{}},{"duration":10,"transform":{}},{"duration":10,"transform":{}},{"duration":10,"transform":{}},{"duration":16,"transform":{}},{"duration":0,"transform":{}}],"name":"chest Mid"},{"frame":[{"duration":10,"transform":{}},{"duration":5,"transform":{}},{"duration":10,"transform":{}},{"duration":10,"transform":{}},{"duration":10,"transform":{}},{"duration":10,"transform":{}},{"duration":16,"transform":{}},{"duration":0,"transform":{}}],"name":"Chest Top"},{"frame":[{"duration":10,"curve":[0.25,0,1,0],"transform":{"skX":0.25,"skY":0.25}},{"duration":5,"curve":[0.25,0,0,1],"transform":{"skX":-62.97,"skY":-62.97}},{"duration":10,"transform":{"skX":56.81,"skY":56.81}},{"duration":10,"transform":{"skX":56.81,"skY":56.81}},{"duration":10,"transform":{"skX":56.81,"skY":56.81}},{"duration":10,"transform":{"skX":56.81,"skY":56.81}},{"duration":16,"curve":[0.25,0,0.75,1],"transform":{"skX":56.81,"skY":56.81}},{"duration":0,"transform":{"skX":0.25,"skY":0.25}}],"name":"Arm Left"},{"frame":[{"duration":10,"curve":[0.25,0,1,0],"transform":{"skX":-0.41,"skY":-0.41}},{"duration":5,"curve":[0.25,0,0,1],"transform":{"skX":37.42,"skY":37.42}},{"duration":10,"transform":{"skX":-55.04,"skY":-55.04}},{"duration":10,"transform":{"skX":-55.04,"skY":-55.04}},{"duration":10,"transform":{"skX":-55.04,"skY":-55.04}},{"duration":10,"transform":{"skX":-55.04,"skY":-55.04}},{"duration":16,"curve":[0.25,0,0.75,1],"transform":{"skX":-55.04,"skY":-55.04}},{"duration":0,"transform":{"skX":-0.41,"skY":-0.41}}],"name":"Chest Top3"},{"frame":[{"duration":10,"curve":[0.25,0,1,0],"transform":{"skX":0.59,"skY":0.59}},{"duration":5,"curve":[0.25,0,0,1],"transform":{"skX":-77.97,"skY":-77.97}},{"duration":10,"transform":{"y":-10.91,"skX":56.94,"skY":56.94,"x":6.2}},{"duration":10,"transform":{"y":-10.91,"skX":56.94,"skY":56.94,"x":6.2}},{"duration":10,"transform":{"y":-10.91,"skX":56.94,"skY":56.94,"x":6.2}},{"duration":10,"transform":{"y":-10.91,"skX":56.94,"skY":56.94,"x":6.2}},{"duration":16,"curve":[0.25,0,0.75,1],"transform":{"y":-10.91,"skX":56.94,"skY":56.94,"x":6.2}},{"duration":0,"transform":{"skX":0.59,"skY":0.59}}],"name":"Arm Right"},{"frame":[{"duration":10,"curve":[0.25,0,1,0],"transform":{"skX":-0.75,"skY":-0.75}},{"duration":5,"curve":[0.25,0,0,1],"transform":{"skX":150.98,"skY":150.98}},{"duration":10,"transform":{"skX":73.26,"skY":73.26}},{"duration":10,"transform":{"skX":73.26,"skY":73.26}},{"duration":10,"transform":{"skX":73.26,"skY":73.26}},{"duration":10,"transform":{"skX":73.26,"skY":73.26}},{"duration":16,"curve":[0.25,0,0.75,1],"transform":{"skX":73.26,"skY":73.26}},{"duration":0,"transform":{"skX":-0.75,"skY":-0.75}}],"name":"Chest Top4"},{"frame":[{"duration":10,"curve":[0.25,0,1,0],"transform":{}},{"duration":5,"curve":[0.25,0,0,1],"transform":{"skX":-13.59,"skY":-13.59}},{"duration":10,"curve":[0.25,0,0.75,1],"transform":{"skX":19.99,"skY":19.99}},{"duration":10,"curve":[0.25,0,0.75,1],"transform":{"skX":-8.74,"skY":-8.74}},{"duration":10,"curve":[0.25,0,0.75,1],"transform":{"skX":19.99,"skY":19.99}},{"duration":10,"curve":[0.25,0,0.75,1],"transform":{"skX":3.93,"skY":3.93}},{"duration":16,"curve":[0.25,0,0.75,1],"transform":{"skX":19.99,"skY":19.99}},{"duration":0,"transform":{}}],"name":"Tentacle A"},{"frame":[{"duration":10,"curve":[0.25,0,1,0],"transform":{}},{"duration":5,"curve":[0.25,0,0,1],"transform":{"skX":-12.71,"skY":-12.71}},{"duration":10,"curve":[0.25,0,0.75,1],"transform":{"skX":29.44,"skY":29.44}},{"duration":10,"curve":[0.25,0,0.75,1],"transform":{"skX":9.58,"skY":9.58}},{"duration":10,"curve":[0.25,0,0.75,1],"transform":{"skX":29.44,"skY":29.44}},{"duration":10,"curve":[0.25,0,0.75,1],"transform":{"skX":12.98,"skY":12.98}},{"duration":16,"curve":[0.25,0,0.75,1],"transform":{"skX":29.44,"skY":29.44}},{"duration":0,"transform":{}}],"name":"Tentacle B"},{"frame":[{"duration":10,"curve":[0.25,0,1,0],"transform":{}},{"duration":5,"curve":[0.25,0,0,1],"transform":{"skX":-12.86,"skY":-12.86}},{"duration":10,"curve":[0.25,0,0.75,1],"transform":{"skX":35.73,"skY":35.73}},{"duration":10,"curve":[0.25,0,0.75,1],"transform":{"skX":17.04,"skY":17.04}},{"duration":10,"curve":[0.25,0,0.75,1],"transform":{"skX":35.73,"skY":35.73}},{"duration":10,"curve":[0.25,0,0.75,1],"transform":{"skX":15.2,"skY":15.2}},{"duration":16,"curve":[0.25,0,0.75,1],"transform":{"skX":35.73,"skY":35.73}},{"duration":0,"transform":{}}],"name":"Tentacle C"},{"frame":[{"duration":10,"transform":{}},{"duration":5,"curve":[0.25,0,0,1],"transform":{}},{"duration":10,"transform":{"skX":-49.44,"skY":-49.44}},{"duration":10,"transform":{"skX":-49.44,"skY":-49.44}},{"duration":10,"transform":{"skX":-49.44,"skY":-49.44}},{"duration":10,"transform":{"skX":-49.44,"skY":-49.44}},{"duration":16,"curve":[0.25,0,0.75,1],"transform":{"skX":-49.44,"skY":-49.44}},{"duration":0,"transform":{}}],"name":"Scythe"},{"frame":[{"duration":10,"curve":[0.25,0,1,0],"transform":{}},{"duration":5,"curve":[0.25,0,0,1],"transform":{"skX":-25.41,"skY":-25.41}},{"duration":10,"curve":[0.25,0,0.75,1],"transform":{"skX":47.2,"skY":47.2}},{"duration":10,"curve":[0.25,0,0.75,1],"transform":{"skX":23.24,"skY":23.24}},{"duration":10,"curve":[0.25,0,0.75,1],"transform":{"skX":47.2,"skY":47.2}},{"duration":10,"curve":[0.25,0,0.75,1],"transform":{"skX":27.18,"skY":27.18}},{"duration":16,"curve":[0.25,0,0.75,1],"transform":{"skX":47.2,"skY":47.2}},{"duration":0,"transform":{}}],"name":"Chest Top5"},{"frame":[{"duration":10,"curve":[0.25,0,1,0],"transform":{}},{"duration":5,"curve":[0.25,0,0,1],"transform":{"y":8.47}},{"duration":10,"curve":[0.25,0,0.75,1],"transform":{"y":8.47,"x":-25.96}},{"duration":10,"curve":[0.25,0,0.75,1],"transform":{"y":12.95,"x":-25.96}},{"duration":10,"curve":[0.25,0,0.75,1],"transform":{"y":8.47,"x":-25.96}},{"duration":10,"curve":[0.25,0,0.75,1],"transform":{"y":12.95,"x":-25.96}},{"duration":16,"curve":[0.25,0,0.75,1],"transform":{"y":8.47,"x":-25.96}},{"duration":0,"transform":{}}],"name":"Lower Section A"},{"frame":[{"duration":10,"curve":[0.25,0,1,0],"transform":{}},{"duration":5,"curve":[0.25,0,0,1],"transform":{"skX":10.52,"skY":10.52}},{"duration":10,"transform":{"skX":-6.25,"skY":-6.25}},{"duration":10,"transform":{"skX":-6.25,"skY":-6.25}},{"duration":10,"transform":{"skX":-6.25,"skY":-6.25}},{"duration":10,"transform":{"skX":-6.25,"skY":-6.25}},{"duration":16,"curve":[0.25,0,0.75,1],"transform":{"skX":-6.25,"skY":-6.25}},{"duration":0,"transform":{}}],"name":"Lower Section Left"},{"frame":[{"duration":10,"curve":[0.25,0,1,0],"transform":{}},{"duration":5,"curve":[0.25,0,0,1],"transform":{"skX":-3.28,"skY":-3.28}},{"duration":10,"curve":[0.25,0,0.75,1],"transform":{"skX":-17.58,"skY":-17.58}},{"duration":10,"curve":[0.25,0,0.75,1],"transform":{"skX":-7.96,"skY":-7.96}},{"duration":10,"curve":[0.25,0,0.75,1],"transform":{"skX":-17.58,"skY":-17.58}},{"duration":10,"curve":[0.25,0,0.75,1],"transform":{"skX":-5.77,"skY":-5.77}},{"duration":16,"curve":[0.25,0,0.75,1],"transform":{"skX":-17.58,"skY":-17.58}},{"duration":0,"transform":{}}],"name":"Lower Section Right"},{"frame":[{"duration":10,"curve":[0.25,0,1,0],"transform":{}},{"duration":5,"curve":[0.25,0,0,1],"transform":{"scX":0.9}},{"duration":10,"curve":[0.25,0,0.75,1],"transform":{"scX":1.14}},{"duration":10,"curve":[0.25,0,0.75,1],"transform":{"scX":0.94}},{"duration":10,"curve":[0.25,0,0.75,1],"transform":{"scX":1.06}},{"duration":10,"curve":[0.25,0,0.75,1],"transform":{"scX":0.94}},{"duration":16,"curve":[0.25,0,0.75,1],"transform":{"scX":1.06}},{"duration":0,"transform":{}}],"name":"shadow"},{"frame":[{"duration":10,"curve":[0.25,0,1,0],"transform":{}},{"duration":5,"curve":[0.25,0,0,1],"transform":{"y":44.63,"x":93.79}},{"duration":10,"transform":{"y":-23.5,"x":-79.22}},{"duration":10,"transform":{"y":-23.5,"x":-79.22}},{"duration":10,"transform":{"y":-23.5,"x":-79.22}},{"duration":10,"transform":{"y":-23.5,"x":-79.22}},{"duration":16,"curve":[0.25,0,0.75,1],"transform":{"y":-23.5,"x":-79.22}},{"duration":0,"transform":{}}],"name":"ARmLEft"},{"frame":[{"duration":10,"curve":[0.25,0,1,0],"transform":{}},{"duration":5,"curve":[0.25,0,0,1],"transform":{"y":41.24,"x":-165.54}},{"duration":10,"transform":{"y":26.55,"x":-489.52}},{"duration":10,"transform":{"y":26.55,"x":-489.52}},{"duration":10,"transform":{"y":26.55,"x":-489.52}},{"duration":10,"transform":{"y":26.55,"x":-489.52}},{"duration":16,"curve":[0.25,0,0.75,1],"transform":{"y":26.55,"x":-489.52}},{"duration":0,"transform":{}}],"name":"RightARmIK"}]},{"frame":[],"ffd":[],"slot":[],"duration":40,"name":"Attack C","ik":[],"bone":[{"frame":[{"duration":10,"transform":{}},{"duration":30,"transform":{}},{"duration":0,"transform":{}}],"name":"root"},{"frame":[{"duration":10,"curve":[0.25,0,1,0],"transform":{}},{"duration":5,"curve":[0.25,0,0,1],"transform":{"y":13.02}},{"duration":25,"curve":[0.25,0,0.75,1],"transform":{"y":-32.97}},{"duration":0,"transform":{}}],"name":"Mid"},{"frame":[{"duration":10,"curve":[0.25,0,1,0],"transform":{}},{"tweenEasing":0,"duration":30,"transform":{"skX":1.07,"skY":1.07}},{"duration":0,"transform":{}}],"name":"chest Mid"},{"frame":[{"duration":10,"curve":[0.25,0,1,0],"transform":{}},{"tweenEasing":0,"duration":30,"transform":{"skX":-9.04,"skY":-9.04}},{"duration":0,"transform":{}}],"name":"Chest Top"},{"frame":[{"duration":10,"curve":[0.25,0,1,0],"transform":{}},{"duration":5,"curve":[0.125,0,0.5,1],"transform":{"y":-4.14,"skX":6.45,"skY":6.45,"x":46.18}},{"duration":25,"curve":[0.25,0,0.75,1],"transform":{"y":-161.71,"skX":6.45,"skY":6.45,"x":-70.21}},{"duration":0,"transform":{}}],"name":"ARmLEft"},{"frame":[{"duration":10,"curve":[0.25,0,1,0],"transform":{"skX":0.25,"skY":0.25}},{"duration":5,"curve":[0.125,0,0.5,1],"transform":{"y":57.05,"skX":-16.01,"skY":-16.01,"x":22.84}},{"duration":25,"curve":[0.25,0,0.75,1],"transform":{"y":38.06,"skX":-16.01,"skY":-16.01,"x":30.98}},{"duration":0,"transform":{"skX":0.25,"skY":0.25}}],"name":"Arm Left"},{"frame":[{"duration":10,"curve":[0.25,0,1,0],"transform":{"skX":-0.41,"skY":-0.41}},{"tweenEasing":0,"duration":30,"transform":{"skX":11.36,"skY":11.36}},{"duration":0,"transform":{"skX":-0.41,"skY":-0.41}}],"name":"Chest Top3"},{"frame":[{"duration":10,"curve":[0.25,0,1,0],"transform":{}},{"duration":5,"curve":[0.125,0,0.5,1],"transform":{"y":-10.66,"skX":45.16,"skY":45.16,"x":-78.74}},{"duration":25,"curve":[0.25,0,0.75,1],"transform":{"y":-145.16,"skX":45.16,"skY":45.16,"x":40.4}},{"duration":0,"transform":{}}],"name":"RightARmIK"},{"frame":[{"duration":10,"curve":[0.25,0,1,0],"transform":{"skX":-60.55,"skY":-60.55}},{"tweenEasing":0,"duration":30,"transform":{"skX":-96.26,"skY":-96.26}},{"duration":0,"transform":{"skX":-60.55,"skY":-60.55}}],"name":"Arm Right"},{"frame":[{"duration":10,"curve":[0.25,0,1,0],"transform":{"skX":83.8,"skY":83.8}},{"tweenEasing":0,"duration":30,"transform":{"skX":144.56,"skY":144.56}},{"duration":0,"transform":{"skX":83.8,"skY":83.8}}],"name":"Chest Top4"},{"frame":[{"duration":10,"curve":[0.25,0,1,0],"transform":{}},{"duration":5,"curve":[0.25,0,0,1],"transform":{"skX":22.94,"skY":22.94}},{"duration":25,"curve":[0.25,0,0.75,1],"transform":{}},{"duration":0,"transform":{}}],"name":"Tentacle A"},{"frame":[{"duration":10,"curve":[0.25,0,1,0],"transform":{}},{"duration":5,"curve":[0.25,0,0,1],"transform":{"skX":28.11,"skY":28.11}},{"duration":25,"curve":[0.25,0,0.75,1],"transform":{"skX":7.09,"skY":7.09}},{"duration":0,"transform":{}}],"name":"Tentacle B"},{"frame":[{"duration":10,"curve":[0.25,0,1,0],"transform":{}},{"duration":5,"curve":[0.25,0,0,1],"transform":{"skX":29.59,"skY":29.59}},{"duration":25,"curve":[0.25,0,0.75,1],"transform":{"skX":6.41,"skY":6.41}},{"duration":0,"transform":{}}],"name":"Tentacle C"},{"frame":[{"duration":10,"curve":[0.25,0,1,0],"transform":{}},{"duration":5,"curve":[0.25,0,0,1],"transform":{"skX":43.65,"skY":43.65}},{"duration":25,"curve":[0.25,0,0.75,1],"transform":{"skX":60.05,"skY":60.05}},{"duration":0,"transform":{}}],"name":"Scythe"},{"frame":[{"duration":10,"curve":[0.25,0,1,0],"transform":{}},{"duration":5,"curve":[0.25,0,0,1],"transform":{"skX":-21.84,"skY":-21.84}},{"duration":25,"curve":[0.25,0,0.75,1],"transform":{"skX":38.12,"skY":38.12}},{"duration":0,"transform":{}}],"name":"Chest Top5"},{"frame":[{"duration":10,"curve":[0.25,0,1,0],"transform":{}},{"duration":5,"curve":[0.25,0,0,1],"transform":{"y":11.25}},{"duration":25,"curve":[0.25,0,0.75,1],"transform":{"y":-17.22}},{"duration":0,"transform":{}}],"name":"Lower Section A"},{"frame":[{"duration":10,"curve":[0.25,0,1,0],"transform":{}},{"duration":5,"curve":[0.25,0,0,1],"transform":{"skX":13.72,"skY":13.72}},{"duration":25,"curve":[0.25,0,0.75,1],"transform":{"skX":-5.48,"skY":-5.48}},{"duration":0,"transform":{}}],"name":"Lower Section Left"},{"frame":[{"duration":10,"curve":[0.25,0,1,0],"transform":{}},{"duration":5,"curve":[0.25,0,0,1],"transform":{"skX":-3.86,"skY":-3.86}},{"duration":25,"curve":[0.25,0,0.75,1],"transform":{"skX":4.23,"skY":4.23}},{"duration":0,"transform":{}}],"name":"Lower Section Right"},{"frame":[{"duration":10,"curve":[0.25,0,1,0],"transform":{}},{"tweenEasing":0,"duration":30,"transform":{"scX":0.88}},{"duration":0,"transform":{}}],"name":"shadow"}]},{"frame":[],"ffd":[],"slot":[],"duration":30,"name":"Damage","ik":[],"bone":[{"frame":[{"duration":30,"transform":{}},{"duration":0,"transform":{}}],"name":"root"},{"frame":[{"duration":10,"curve":[0.25,0,0,1],"transform":{}},{"duration":20,"curve":[0.25,0,0.75,1],"transform":{"y":5.03,"x":17.89}},{"duration":0,"transform":{}}],"name":"Mid"},{"frame":[{"duration":10,"curve":[0.25,0,0,1],"transform":{}},{"duration":20,"curve":[0.25,0,0.75,1],"transform":{"skX":15.64,"skY":15.64}},{"duration":0,"transform":{}}],"name":"chest Mid"},{"frame":[{"duration":10,"curve":[0.25,0,0,1],"transform":{}},{"duration":20,"curve":[0.25,0,0.75,1],"transform":{"skX":-22.63,"skY":-22.63}},{"duration":0,"transform":{}}],"name":"Chest Top"},{"frame":[{"duration":30,"transform":{"skX":0.25,"skY":0.25}},{"duration":0,"transform":{"skX":0.25,"skY":0.25}}],"name":"Arm Left"},{"frame":[{"duration":30,"transform":{"skX":-0.41,"skY":-0.41}},{"duration":0,"transform":{"skX":-0.41,"skY":-0.41}}],"name":"Chest Top3"},{"frame":[{"duration":30,"transform":{"skX":0.59,"skY":0.59}},{"duration":0,"transform":{"skX":0.59,"skY":0.59}}],"name":"Arm Right"},{"frame":[{"duration":30,"transform":{"skX":-0.75,"skY":-0.75}},{"duration":0,"transform":{"skX":-0.75,"skY":-0.75}}],"name":"Chest Top4"},{"frame":[{"duration":10,"curve":[0.25,0,0,1],"transform":{}},{"duration":20,"curve":[0.25,0,0.75,1],"transform":{"skX":28.61,"skY":28.61}},{"duration":0,"transform":{}}],"name":"Tentacle A"},{"frame":[{"duration":10,"curve":[0.25,0,0,1],"transform":{}},{"duration":20,"curve":[0.25,0,0.75,1],"transform":{"skX":23.85,"skY":23.85}},{"duration":0,"transform":{}}],"name":"Tentacle B"},{"frame":[{"duration":10,"curve":[0.25,0,0,1],"transform":{}},{"duration":20,"curve":[0.25,0,0.75,1],"transform":{"skX":23.39,"skY":23.39}},{"duration":0,"transform":{}}],"name":"Tentacle C"},{"frame":[{"duration":10,"curve":[0.25,0,0,1],"transform":{}},{"duration":20,"curve":[0.25,0,0.75,1],"transform":{"skX":19.67,"skY":19.67}},{"duration":0,"transform":{}}],"name":"Scythe"},{"frame":[{"duration":10,"curve":[0.25,0,0,1],"transform":{}},{"duration":20,"curve":[0.25,0,0.75,1],"transform":{"skX":-11.05,"skY":-11.05}},{"duration":0,"transform":{}}],"name":"Chest Top5"},{"frame":[{"duration":10,"curve":[0.25,0,0,1],"transform":{}},{"duration":20,"curve":[0.25,0,0.75,1],"transform":{"y":11.18,"x":10.62}},{"duration":0,"transform":{}}],"name":"Lower Section A"},{"frame":[{"duration":10,"curve":[0.25,0,0,1],"transform":{}},{"duration":20,"curve":[0.25,0,0.75,1],"transform":{"x":21.8}},{"duration":0,"transform":{}}],"name":"Lower Section Left"},{"frame":[{"duration":10,"curve":[0.25,0,0,1],"transform":{}},{"duration":20,"curve":[0.25,0,0.75,1],"transform":{"x":30.19}},{"duration":0,"transform":{}}],"name":"Lower Section Right"},{"frame":[{"duration":10,"curve":[0.25,0,0,1],"transform":{}},{"duration":20,"curve":[0.25,0,0.75,1],"transform":{"scX":1.08}},{"duration":0,"transform":{}}],"name":"shadow"},{"frame":[{"duration":10,"curve":[0.25,0,0,1],"transform":{}},{"duration":20,"curve":[0.25,0,0.75,1],"transform":{"y":58.14,"x":102.86}},{"duration":0,"transform":{}}],"name":"ARmLEft"},{"frame":[{"duration":30,"transform":{}},{"duration":0,"transform":{}}],"name":"RightARmIK"}]},{"frame":[],"ffd":[],"slot":[],"duration":60,"name":"Idle","ik":[],"bone":[{"frame":[{"duration":60,"transform":{}},{"duration":0,"transform":{}}],"name":"root"},{"frame":[{"duration":30,"curve":[0.25,0,0.75,1],"transform":{}},{"duration":30,"curve":[0.25,0,0.75,1],"transform":{"y":4.54}},{"duration":0,"transform":{}}],"name":"Mid"},{"frame":[{"duration":60,"transform":{}},{"duration":0,"transform":{}}],"name":"chest Mid"},{"frame":[{"duration":60,"transform":{}},{"duration":0,"transform":{}}],"name":"Chest Top"},{"frame":[{"duration":60,"transform":{"skX":0.25,"skY":0.25}},{"duration":0,"transform":{"skX":0.25,"skY":0.25}}],"name":"Arm Left"},{"frame":[{"duration":60,"transform":{"skX":-0.41,"skY":-0.41}},{"duration":0,"transform":{"skX":-0.41,"skY":-0.41}}],"name":"Chest Top3"},{"frame":[{"duration":60,"transform":{"skX":0.59,"skY":0.59}},{"duration":0,"transform":{"skX":0.59,"skY":0.59}}],"name":"Arm Right"},{"frame":[{"duration":60,"transform":{"skX":-0.75,"skY":-0.75}},{"duration":0,"transform":{"skX":-0.75,"skY":-0.75}}],"name":"Chest Top4"},{"frame":[{"duration":30,"curve":[0.25,0,0.75,1],"transform":{}},{"duration":30,"curve":[0.25,0,0.75,1],"transform":{"skX":-15.74,"skY":-15.74}},{"duration":0,"transform":{}}],"name":"Tentacle A"},{"frame":[{"duration":30,"curve":[0.25,0,0.75,1],"transform":{}},{"duration":30,"curve":[0.25,0,0.75,1],"transform":{"skX":-7.55,"skY":-7.55}},{"duration":0,"transform":{}}],"name":"Tentacle B"},{"frame":[{"duration":30,"curve":[0.25,0,0.75,1],"transform":{}},{"duration":30,"curve":[0.25,0,0.75,1],"transform":{"skX":-12.51,"skY":-12.51}},{"duration":0,"transform":{}}],"name":"Tentacle C"},{"frame":[{"duration":30,"curve":[0.25,0,0.75,1],"transform":{}},{"duration":30,"curve":[0.25,0,0.75,1],"transform":{"skX":-22.84,"skY":-22.84}},{"duration":0,"transform":{}}],"name":"Scythe"},{"frame":[{"duration":30,"curve":[0.25,0,0.75,1],"transform":{}},{"duration":30,"curve":[0.25,0,0.75,1],"transform":{"skX":19.67,"skY":19.67}},{"duration":0,"transform":{}}],"name":"Chest Top5"},{"frame":[{"duration":30,"curve":[0.25,0,0.75,1],"transform":{}},{"duration":30,"curve":[0.25,0,0.75,1],"transform":{"y":3.7}},{"duration":0,"transform":{}}],"name":"Lower Section A"},{"frame":[{"duration":30,"curve":[0.25,0,0.75,1],"transform":{}},{"duration":30,"curve":[0.25,0,0.75,1],"transform":{"skX":-1.97,"skY":-1.97}},{"duration":0,"transform":{}}],"name":"Lower Section Left"},{"frame":[{"duration":30,"curve":[0.25,0,0.75,1],"transform":{}},{"duration":30,"curve":[0.25,0,0.75,1],"transform":{"skX":6.45,"skY":6.45}},{"duration":0,"transform":{}}],"name":"Lower Section Right"},{"frame":[{"duration":30,"curve":[0.25,0,0.75,1],"transform":{}},{"duration":30,"curve":[0.25,0,0.75,1],"transform":{"scX":1.1}},{"duration":0,"transform":{}}],"name":"shadow"},{"frame":[{"duration":30,"curve":[0.25,0,0.75,1],"transform":{}},{"duration":30,"curve":[0.25,0,0.75,1],"transform":{"y":-10.21,"skX":-2.94,"skY":-2.94,"x":-33.05}},{"duration":0,"transform":{}}],"name":"ARmLEft"},{"frame":[{"duration":30,"curve":[0.25,0,0.75,1],"transform":{}},{"duration":30,"curve":[0.25,0,0.75,1],"transform":{"y":-77.76,"x":31.1}},{"duration":0,"transform":{}}],"name":"RightARmIK"}]}],"defaultActions":[{"gotoAndPlay":"Attack A"}],"type":"Armature","frameRate":30,"skin":[{"name":"","slot":[{"display":[{"path":"Tentacle A","type":"image","name":"Tentacle A","transform":{"y":12.53,"skX":81.46,"skY":81.46,"x":68.35}}],"name":"Tentacle A"},{"display":[{"bonePose":[11,0.4386848583837133,0.8986409711474664,-0.8986409711474664,0.4386848583837133,2.0691916031667006,-364.76086591015206,18,0.9241464707812584,0.3820383495704912,-0.3820383495704912,0.9241464707812584,38.072057930718046,-291.0094014080795],"slotPose":[1,0,0,1,0,0],"uvs":[0,0.34936,0,0.24484,0.02718,0.13897,0.08276,0.09621,0.23027,0.01612,0.31261,0,0.36819,0,0.23439,0.17901,0.2783,0.2143,0.3133,0.25299,0.25978,0.36362,0.2687,0.37583,0.26732,0.40366,0.27899,0.42809,0.33045,0.39484,0.35858,0.40502,0.39975,0.46271,0.43543,0.46271,0.38122,0.38398,0.37711,0.34936,0.54932,0.38466,0.52531,0.34597,0.48346,0.29303,0.43268,0.24892,0.37505,0.21362,0.4416,0.19123,0.52357,0.19258,0.61345,0.2177,0.70539,0.26521,0.78292,0.32561,0.8606,0.40049,0.92029,0.48465,0.94705,0.54777,0.96009,0.63804,0.9697,0.69127,0.96558,0.82361,0.93059,0.89623,0.85374,0.95325,0.87432,0.90234,0.8558,0.80665,0.81188,0.75167,0.80983,0.77543,0.77826,0.78493,0.79267,0.82497,0.79473,0.88334,0.76386,0.93628,0.70553,0.9227,0.6883,1,0.66154,1,0.61008,0.90943,0.58126,0.80762,0.58812,0.78047,0.55176,0.77029,0.50785,0.78047,0.48857,0.79356,0.47711,0.80831,0.47194,0.81731,0.47476,0.82259,0.48151,0.8243,0.49155,0.8215,0.49877,0.8125,0.50521,0.79605,0.50646,0.78922,0.52404,0.79542,0.53455,0.81421,0.53832,0.8302,0.54036,0.85022,0.5322,0.87257,0.50866,0.88965,0.48347,0.90161,0.42823,0.87522,0.40506,0.83165,0.39973,0.78679,0.40883,0.74721,0.4251,0.72053,0.44606,0.69772,0.45836,0.6883,0.47902,0.66931,0.46909,0.66223,0.46121,0.67509,0.45588,0.6883,0.44865,0.69328,0.42931,0.67964,0.40198,0.65497,0.37409,0.63451,0.36219,0.63046,0.33068,0.64836,0.3092,0.66676,0.29416,0.68524,0.2816,0.70934,0.27678,0.72328,0.27292,0.74624,0.2693,0.76108,0.2493,0.72736,0.24399,0.6835,0.24158,0.66436,0.23916,0.63966,0.24048,0.62681,0.21741,0.64096,0.18734,0.60977,0.15595,0.54623,0.12837,0.50382,0.08282,0.45256,0.05058,0.42241,0.0316,0.40393,0.04021,0.37634,0.00883,0.38414,0,0.35699,0.1266,0.27745,0.18385,0.42518,0.24359,0.5212,0.31701,0.53597,0.4452,0.56182,0.53481,0.56675,0.47507,0.72432,0.44396,0.75017,0.43818,0.78627,0.44041,0.82518,0.45069,0.84424,0.46831,0.86069,0.49193,0.86029,0.50954,0.84398,0.59396,0.58057,0.53229,0.51132,0.50403,0.52021,0.55477,0.61806,0.54321,0.65809],"path":"Right ARm","vertices":[-30.74,-342.24,-30.74,-371.19,-23.3,-400.52,-8.07,-412.36,32.35,-434.55,54.91,-439.02,70.13,-439.02,33.48,-389.43,45.51,-379.65,55.1,-368.94,40.44,-338.29,42.88,-334.91,42.5,-327.2,45.71,-320.43,59.81,-329.65,67.51,-326.82,78.8,-310.84,88.57,-310.84,73.72,-332.65,72.59,-342.24,119.78,-332.46,113.2,-343.17,101.73,-357.84,87.82,-370.06,72.02,-379.84,90.27,-386.04,112.73,-385.67,137.35,-378.71,162.54,-365.55,183.79,-348.81,205.07,-328.07,221.43,-304.76,228.76,-287.28,232.33,-262.28,234.97,-247.53,233.84,-210.87,224.24,-190.76,203.19,-174.96,208.83,-189.06,203.75,-215.57,191.73,-230.8,191.16,-224.22,182.5,-221.58,186.46,-210.49,187.03,-194.33,178.56,-179.66,162.58,-183.42,157.86,-162.01,150.53,-162.01,136.43,-187.1,128.53,-215.3,130.41,-222.82,120.45,-225.64,108.42,-222.82,103.13,-219.2,99.99,-215.11,98.57,-212.62,99.35,-211.15,101.2,-210.68,103.95,-211.46,105.93,-213.95,107.69,-218.5,108.03,-220.4,112.85,-218.67,115.73,-213.48,116.77,-209.05,117.32,-203.5,115.09,-197.31,110.4,-195.24,101.74,-189.27,86.61,-196.57,80.26,-208.65,78.79,-221.07,81.28,-232.04,85.74,-239.43,91.48,-245.74,94.85,-248.35,100.51,-253.62,97.8,-255.58,95.64,-252.01,94.17,-248.35,92.19,-246.97,86.9,-250.75,79.41,-257.58,71.76,-263.25,68.5,-264.37,59.87,-259.41,53.98,-254.32,49.86,-249.2,46.42,-242.52,45.11,-238.66,44.05,-232.3,43.05,-228.19,37.57,-237.53,36.12,-249.68,35.46,-254.98,34.79,-261.83,35.15,-265.39,28.84,-261.47,20.6,-270.11,12,-287.71,4.44,-299.45,-8.05,-313.65,-16.88,-322.01,-22.08,-327.12,-19.72,-334.76,-28.32,-332.6,-30.74,-340.12,3.95,-362.16,19.63,-321.23,36.01,-294.64,56.12,-290.55,91.25,-283.38,115.8,-282.02,99.44,-238.37,90.91,-231.22,89.33,-221.21,89.93,-210.43,92.75,-205.16,98.03,-201.29,104.9,-201.99,109.29,-205.86,132.01,-278.19,115.11,-297.38,107.37,-294.91,121.27,-267.81,118.1,-256.72],"name":"Right ARm","triangles":[33,40,34,40,39,34,39,35,34,39,36,35,38,37,36,32,40,33,122,40,31,39,38,36,31,40,32,30,122,31,29,122,30,122,51,42,20,122,29,42,41,40,122,42,40,28,20,29,46,45,44,46,44,43,42,46,43,20,123,122,126,51,122,50,46,42,51,50,42,125,126,122,21,20,27,50,49,46,48,47,46,49,48,46,27,20,28,126,52,51,123,113,122,26,22,27,22,21,27,113,125,122,126,114,52,17,124,123,123,124,113,77,114,126,114,53,52,17,123,20,113,78,125,77,126,125,78,77,125,23,22,26,112,78,113,121,67,66,121,66,65,64,121,65,25,23,26,60,121,64,124,112,113,121,120,67,120,68,67,63,60,64,61,60,63,60,59,121,62,61,63,76,114,77,114,115,54,120,69,68,114,54,53,58,120,121,59,58,121,17,112,124,119,69,120,58,119,120,112,83,78,57,119,58,115,116,54,118,119,57,116,55,54,76,75,114,119,70,69,116,56,55,74,115,114,75,74,114,56,118,57,17,16,112,117,118,56,116,117,56,82,79,78,83,82,78,118,70,119,84,83,112,82,80,79,82,81,80,16,111,112,24,23,25,117,71,118,71,70,118,85,84,112,111,85,112,73,116,115,74,73,115,116,72,117,72,71,117,73,72,116,15,13,16,13,111,16,4,7,5,14,13,15,111,86,85,110,97,111,13,110,111,111,97,86,97,87,86,97,96,87,8,10,9,96,95,87,108,10,8,95,88,87,94,89,88,95,94,88,110,99,97,93,90,89,94,93,89,7,108,8,12,109,13,109,110,13,4,3,7,93,91,90,91,93,92,10,109,12,10,12,11,100,99,110,108,109,10,109,101,110,101,100,110,99,98,97,3,108,7,3,2,108,103,102,109,105,103,109,108,105,109,102,101,109,2,1,108,0,105,108,1,0,108,105,104,103,0,107,105,107,106,105,18,17,20,19,18,20,5,7,6],"type":"mesh","transform":{},"userEdges":[113,122,122,123,123,124,122,125,125,126,126,77],"width":274,"edges":[0,107,107,106,106,105,105,104,104,103,103,102,102,101,101,100,100,99,99,98,98,97,97,96,96,95,95,94,94,93,93,92,92,91,91,90,90,89,89,88,88,87,87,86,86,85,85,84,84,83,83,82,82,81,81,80,80,79,79,78,78,77,77,76,76,75,75,74,74,73,73,72,72,71,71,70,70,69,69,68,68,67,67,66,66,65,65,64,64,63,63,62,62,61,61,60,60,59,59,58,58,57,57,56,56,55,55,54,54,53,53,52,52,51,51,50,50,49,49,48,48,47,47,46,46,45,45,44,44,43,43,42,42,41,41,40,40,39,39,38,38,37,37,36,36,35,35,34,34,33,33,32,32,31,31,30,30,29,29,28,28,27,27,26,26,25,25,24,24,23,23,22,22,21,21,20,20,19,19,18,18,17,17,16,16,15,15,14,14,13,13,12,12,11,11,10,10,9,9,8,8,7,7,6,6,5,5,4,4,3,3,2,2,1,1,0],"height":277,"weights":[1,11,1,1,11,1,1,11,1,1,11,1,1,11,1,1,11,1,1,11,1,1,11,1,1,11,1,1,11,1,2,11,0.9955,18,0.0045,2,11,0.98802,18,0.01198,2,11,0.94386,18,0.05614,2,11,0.78576,18,0.21424,2,11,0.49585,18,0.50415,2,11,0.44042,18,0.55958,2,11,0.15656,18,0.84344,2,11,0.03447,18,0.96553,2,11,0.00026,18,0.99974,1,18,1,1,18,1,1,18,1,1,18,1,1,18,1,1,18,1,1,18,1,1,18,1,1,18,1,1,18,1,1,18,1,1,18,1,1,18,1,1,18,1,1,18,1,1,18,1,1,18,1,1,18,1,1,18,1,1,18,1,1,18,1,1,18,1,1,18,1,1,18,1,1,18,1,1,18,1,1,18,1,1,18,1,1,18,1,1,18,1,1,18,1,1,18,1,1,18,1,1,18,1,1,18,1,1,18,1,1,18,1,1,18,1,1,18,1,1,18,1,1,18,1,1,18,1,1,18,1,1,18,1,1,18,1,1,18,1,1,18,1,1,18,1,1,18,1,1,18,1,1,18,1,1,18,1,1,18,1,1,18,1,1,18,1,1,18,1,1,18,1,1,18,1,1,18,1,1,18,1,1,18,1,1,18,1,1,18,1,1,18,1,1,18,1,1,18,1,1,18,1,1,18,1,1,18,1,1,18,1,1,18,1,1,18,1,1,18,1,1,18,1,1,18,1,2,11,0.00053,18,0.99947,2,11,0.00585,18,0.99415,2,11,0.03346,18,0.96654,2,11,0.07757,18,0.92243,2,11,0.17014,18,0.82986,2,11,0.35369,18,0.64631,2,11,0.87214,18,0.12786,2,11,0.99815,18,0.00185,1,11,1,1,11,1,1,11,1,1,11,1,1,11,1,1,11,1,1,11,1,1,11,1,2,11,0.87163,18,0.12837,2,11,0.06426,18,0.93574,2,11,0.00466,18,0.99534,1,18,1,1,18,1,1,18,1,1,18,1,1,18,1,1,18,1,1,18,1,1,18,1,1,18,1,1,18,1,2,11,0.00022,18,0.99978,2,11,0.00193,18,0.99807,1,18,1,1,18,1]}],"name":"Right ARm"},{"display":[{"bonePose":[4,0.01151891831575235,0.999933655059592,-0.999933655059592,0.01151891831575235,-2.85,-172.95,5,-0.7832596234234374,-0.6216947501101928,0.6216947501101928,-0.7832596234234374,-152.92,-42.66,6,0.9947743374368468,-0.10209807822423742,0.10209807822423742,0.9947743374368468,82.4,-57.71],"slotPose":[1,0,0,1,0,0],"uvs":[0.38907,0.18508,0.38843,0.11763,0.3952,0.0406,0.40486,0.01206,0.41023,0.00233,0.42097,0.00139,0.43442,0.00687,0.4457,0.03871,0.45643,0.07036,0.46561,0.0921,0.47265,0.11846,0.48028,0.14167,0.48908,0.16599,0.49418,0.17195,0.50533,0.16144,0.51611,0.13697,0.52338,0.10824,0.53344,0.08393,0.54008,0.05899,0.55673,0.01852,0.56337,0.01644,0.56865,0.02648,0.56996,0.04483,0.56987,0.0704,0.56915,0.10365,0.58657,0.11724,0.59989,0.14233,0.60151,0.16928,0.60155,0.19563,0.59758,0.21712,0.61416,0.22036,0.62675,0.23981,0.63086,0.26723,0.62995,0.29499,0.62413,0.33623,0.60852,0.39395,0.61502,0.42799,0.63081,0.39282,0.65044,0.36862,0.66304,0.35826,0.67609,0.35334,0.69733,0.35851,0.70902,0.37844,0.71169,0.42502,0.71055,0.4696,0.70504,0.53294,0.68726,0.61062,0.69512,0.61721,0.7055,0.60952,0.71692,0.58302,0.72231,0.55623,0.72529,0.51701,0.72714,0.47827,0.72833,0.4467,0.73131,0.39729,0.73442,0.36246,0.74221,0.33001,0.7497,0.31448,0.76164,0.30414,0.76963,0.29975,0.7754,0.29802,0.78807,0.30078,0.80039,0.316,0.81363,0.34294,0.81797,0.35722,0.79675,0.35549,0.7814,0.35839,0.77125,0.37784,0.76691,0.3951,0.76335,0.43008,0.76196,0.49992,0.76025,0.54823,0.75447,0.59729,0.74983,0.62929,0.74139,0.66019,0.75705,0.64356,0.76946,0.62019,0.78074,0.58741,0.78565,0.56699,0.79409,0.52589,0.80172,0.48636,0.80856,0.44553,0.8184,0.39071,0.82819,0.34961,0.83876,0.31927,0.84973,0.29935,0.85971,0.29103,0.8686,0.29182,0.87586,0.29621,0.88408,0.30641,0.89107,0.3188,0.89667,0.33009,0.9048,0.3599,0.88602,0.3599,0.87634,0.36391,0.86492,0.38116,0.85687,0.41126,0.85209,0.43902,0.84708,0.47728,0.8419,0.52148,0.83679,0.55852,0.83219,0.59491,0.82587,0.6371,0.82031,0.66742,0.81516,0.69487,0.80636,0.7184,0.82577,0.69393,0.83272,0.67981,0.84811,0.64891,0.86381,0.60954,0.86973,0.58203,0.87677,0.55113,0.88043,0.52054,0.88329,0.48115,0.88591,0.44805,0.88676,0.40005,0.89579,0.42688,0.90242,0.49668,0.90321,0.53839,0.90339,0.58984,0.90274,0.63242,0.89809,0.67509,0.89127,0.7195,0.8794,0.76969,0.86674,0.80712,0.85501,0.8272,0.87703,0.81026,0.9016,0.78816,0.92056,0.76243,0.93584,0.7296,0.94324,0.69588,0.95121,0.64383,0.95424,0.59912,0.95474,0.54016,0.95533,0.48605,0.95023,0.44935,0.94151,0.37249,0.93266,0.31592,0.91947,0.24796,0.90341,0.18819,0.88566,0.12556,0.91004,0.15286,0.93981,0.22301,0.96107,0.2914,0.98639,0.43282,0.99655,0.5238,0.99984,0.58529,1,0.68898,0.99571,0.76567,0.98366,0.82889,0.96725,0.88271,0.9362,0.92977,0.89857,0.95923,0.86711,0.9608,0.84176,0.94849,0.82762,0.93589,0.80902,0.9533,0.78248,0.97449,0.7536,0.98013,0.72621,0.97261,0.68955,0.95584,0.64923,0.94653,0.63032,0.93649,0.60535,0.95145,0.55137,0.99255,0.5173,1,0.4992,0.99644,0.47609,0.95942,0.46143,0.94467,0.43702,0.97259,0.40585,0.99145,0.36578,1,0.35048,0.99459,0.34515,0.96133,0.3226,0.99553,0.30008,0.99396,0.28505,0.9389,0.27858,0.90725,0.25834,0.92936,0.24832,0.95885,0.22436,0.99027,0.20712,1,0.19204,0.99419,0.1721,0.95381,0.1624,0.9113,0.15418,0.86316,0.13211,0.90473,0.11213,0.92706,0.08573,0.95733,0.05181,0.93908,0.03068,0.88261,0.01216,0.82623,0.00065,0.76129,0,0.64058,0,0.5825,0.00475,0.50824,0.01211,0.45789,0.02289,0.39538,0.03593,0.35302,0.04451,0.32432,0.06096,0.28033,0.08443,0.2579,0.06101,0.34856,0.04656,0.42016,0.03432,0.52841,0.03165,0.57657,0.02994,0.63571,0.03463,0.69741,0.04267,0.7509,0.0581,0.80722,0.06992,0.82006,0.08079,0.81723,0.09069,0.79618,0.10098,0.76842,0.10535,0.7347,0.11304,0.67991,0.11837,0.65246,0.12652,0.6325,0.13618,0.62215,0.14872,0.6254,0.15369,0.63513,0.16176,0.65426,0.16894,0.67277,0.17373,0.70462,0.17494,0.60972,0.17988,0.54823,0.18936,0.504,0.19626,0.46776,0.20867,0.42141,0.21738,0.39192,0.23245,0.35752,0.24645,0.33022,0.26407,0.31023,0.27657,0.30066,0.29488,0.28958,0.30223,0.29162,0.28502,0.3525,0.26431,0.38568,0.237,0.46823,0.22442,0.53349,0.21666,0.60266,0.21613,0.66573,0.22285,0.71192,0.22651,0.73874,0.23062,0.75411,0.24127,0.75254,0.25914,0.74203,0.26225,0.72135,0.25954,0.69845,0.25476,0.64182,0.2571,0.61657,0.26426,0.5937,0.27757,0.57268,0.28867,0.56076,0.29504,0.56061,0.28899,0.52908,0.28574,0.49802,0.28849,0.4668,0.30465,0.4301,0.31672,0.41525,0.32146,0.41384,0.3123,0.36444,0.3091,0.31487,0.31496,0.26946,0.32444,0.24514,0.34924,0.20662,0.37666,0.19074,0.25863,0.82666,0.18541,0.80811,0.21247,0.87254,0.24485,0.84035,0.21681,0.7946,0.2029,0.72809,0.19558,0.64131,0.20164,0.56181,0.20866,0.50128,0.22144,0.44543,0.2349,0.40075,0.25329,0.35554,0.27108,0.33424,0.2805,0.31969,0.23452,0.87209,0.26635,0.85786,0.24456,0.90925,0.21229,0.93135,0.19015,0.9158,0.18049,0.87078,0.17295,0.81675,0.15623,0.74061,0.14257,0.72179,0.12985,0.78728,0.11289,0.84704,0.0825,0.89206,0.05966,0.87651,0.04105,0.83967,0.03585,0.82444,0.02564,0.78889,0.02032,0.72424,0.01655,0.67267,0.01514,0.608,0.0182,0.54332,0.02079,0.48593,0.03092,0.43272,0.03516,0.40734,0.04246,0.37377,0.04788,0.34348,0.05848,0.31483,0.32991,0.80344,0.3471,0.73962,0.34124,0.67444,0.35335,0.65,0.3471,0.53458,0.35413,0.3893,0.37874,0.27252,0.39711,0.1992,0.46079,0.82109,0.50923,0.67444,0.53463,0.56038,0.56823,0.45855,0.59089,0.43139,0.60066,0.43954,0.65885,0.69393,0.6155,0.77591,0.55303,0.87118,0.55271,0.92879,0.52179,0.91771,0.48449,0.85789,0.48991,0.9299,0.53932,0.69947,0.54506,0.79142,0.58331,0.59201,0.57088,0.74157,0.58968,0.69171,0.60562,0.56542,0.60945,0.47236,0.62921,0.50449,0.63526,0.58536,0.6308,0.66402,0.61072,0.73492,0.58649,0.78367,0.56265,0.8565,0.60362,0.79403,0.64083,0.68324,0.65741,0.60016,0.67079,0.49713,0.67908,0.42179,0.65772,0.42401,0.62585,0.45946,0.6131,0.44949,0.71415,0.71658,0.65977,0.72839,0.75392,0.77564,0.70702,0.7721,0.62952,0.87252,0.72469,0.85243,0.67676,0.89496,0.80185,0.84535,0.75834,0.85125,0.8476,0.7452,0.86466,0.69332,0.87593,0.6425,0.88873,0.57897,0.89177,0.53132,0.89238,0.4805,0.88416,0.60756,0.88537,0.87967,0.91401,0.85956,0.94752,0.80026,0.96489,0.72932,0.97159,0.63191,0.97586,0.54085,0.97342,0.47097,0.96367,0.40638,0.95392,0.33967,0.93686,0.26979,0.77448,0.67744,0.80525,0.62132,0.82292,0.53026,0.83328,0.4625,0.83785,0.40426,0.84943,0.34391,0.8674,0.31956,0.72482,0.62556,0.73975,0.55991,0.74462,0.50379,0.74402,0.44873,0.75041,0.3852,0.76504,0.32591,0.78118,0.32697,0.75346,0.35556,0.4074,0.19528,0.40095,0.10825,0.41916,0.08188,0.45028,0.12803,0.47,0.1966,0.49125,0.29945,0.4628,0.29154,0.46773,0.459,0.46811,0.52362,0.45483,0.60801,0.43927,0.71614,0.50757,0.32846,0.52767,0.29681,0.55082,0.35747,0.55727,0.30472,0.58079,0.23747,0.55461,0.10297,0.55955,0.05946,0.5383,0.16759,0.51895,0.21638,0.57776,0.16627,0.55841,0.18077,0.53412,0.12407,0.51629,0.18868,0.55006,0.20583,0.49125,0.21638,0.47608,0.16495,0.45976,0.12012,0.44155,0.0766,0.4093,0.05418],"path":"Bottom","vertices":[-81.89,-180.24,-82.34,-194,-77.54,-209.71,-70.69,-215.54,-66.88,-217.53,-59.26,-217.71,-49.73,-216.59,-41.73,-210.1,-34.13,-203.64,-27.61,-199.21,-22.62,-193.83,-17.22,-189.1,-10.98,-184.14,-7.37,-182.92,0.54,-185.07,8.19,-190.06,13.35,-195.92,20.48,-200.88,25.18,-205.97,36.99,-214.22,41.69,-214.65,45.44,-212.6,46.37,-208.85,46.3,-203.64,45.79,-196.85,58.15,-194.08,67.59,-188.96,68.73,-183.46,68.77,-178.09,65.96,-173.7,77.7,-173.05,86.64,-169.08,89.54,-163.48,88.91,-157.82,84.78,-149.41,73.7,-137.63,78.31,-130.69,89.51,-137.86,103.43,-142.8,112.35,-144.91,121.61,-145.92,136.68,-144.87,144.96,-140.8,146.85,-131.3,146.05,-122.21,142.14,-109.28,129.54,-93.43,135.11,-92.09,142.46,-93.66,150.56,-99.07,154.39,-104.53,156.5,-112.53,157.81,-120.44,158.65,-126.88,160.76,-136.95,162.97,-144.06,168.49,-150.69,173.8,-153.85,182.26,-155.96,187.93,-156.85,192.02,-157.21,201,-156.65,209.74,-153.54,219.13,-148.04,222.21,-145.13,207.16,-145.49,196.27,-144.89,189.08,-140.93,186,-137.4,183.48,-130.27,182.5,-116.02,181.28,-106.17,177.19,-96.16,173.9,-89.63,167.91,-83.32,179.01,-86.72,187.81,-91.49,195.81,-98.17,199.29,-102.34,205.28,-110.72,210.68,-118.79,215.54,-127.12,222.51,-138.31,229.45,-146.69,236.95,-152.88,244.73,-156.94,251.8,-158.64,258.1,-158.48,263.25,-157.59,269.08,-155.5,274.04,-152.97,278,-150.68,283.76,-144.59,270.45,-144.59,263.59,-143.78,255.49,-140.25,249.78,-134.11,246.39,-128.45,242.84,-120.64,239.17,-111.63,235.56,-104.07,232.29,-96.65,227.81,-88.03,223.86,-81.85,220.22,-76.26,213.97,-71.46,227.74,-76.45,232.67,-79.33,243.58,-85.63,254.71,-93.66,258.91,-99.28,263.9,-105.58,266.49,-111.82,268.52,-119.86,270.38,-126.61,270.98,-136.4,277.38,-130.93,282.08,-116.69,282.64,-108.18,282.78,-97.69,282.31,-88.99,279.01,-80.29,274.18,-71.23,265.76,-60.99,256.8,-53.35,248.47,-49.26,264.09,-52.71,281.51,-57.23,294.94,-62.48,305.79,-69.18,311.03,-76.06,316.68,-86.67,318.83,-95.8,319.18,-107.82,319.6,-118.86,315.98,-126.35,309.79,-142.03,303.52,-153.57,294.17,-167.43,282.78,-179.63,270.2,-192.4,287.48,-186.83,308.59,-172.52,323.66,-158.57,341.62,-129.72,348.83,-111.16,351.16,-98.61,351.27,-77.46,348.23,-61.82,339.68,-48.92,328.05,-37.94,306.04,-28.34,279.36,-22.32,257.06,-22.01,239.08,-24.51,229.05,-27.08,215.87,-23.53,197.06,-19.22,176.57,-18.06,157.15,-19.59,131.17,-23.01,102.57,-24.91,89.18,-26.95,71.46,-23.9,33.2,-15.52,9.03,-14,-3.8,-14.73,-20.19,-22.28,-30.57,-25.28,-47.89,-19.59,-69.98,-15.74,-98.4,-14,-109.24,-15.1,-113.01,-21.89,-129.01,-14.91,-144.98,-15.23,-155.63,-26.47,-160.22,-32.92,-174.57,-28.41,-181.67,-22.39,-198.66,-15.98,-210.89,-13.99,-221.57,-15.18,-235.71,-23.42,-242.59,-32.08,-248.42,-41.91,-264.07,-33.43,-278.23,-28.88,-296.95,-22.69,-321,-26.41,-335.98,-37.94,-349.12,-49.44,-357.27,-62.68,-357.73,-87.31,-357.74,-99.16,-354.37,-114.31,-349.15,-124.58,-341.51,-137.33,-332.26,-145.98,-326.18,-151.83,-314.51,-160.81,-297.88,-165.38,-314.48,-146.88,-324.73,-132.27,-333.4,-110.19,-335.29,-100.37,-336.5,-88.31,-333.18,-75.72,-327.49,-64.81,-315.45,-55.11,-308.16,-50.69,-300.45,-51.28,-293.44,-55.57,-286.14,-61.24,-283.04,-68.11,-277.59,-79.29,-273.81,-84.89,-268.03,-88.96,-261.19,-91.07,-252.29,-90.41,-248.77,-88.43,-243.05,-84.53,-237.95,-80.75,-234.56,-74.25,-233.7,-93.61,-230.2,-106.15,-223.48,-115.18,-218.58,-122.57,-209.79,-132.02,-203.62,-138.04,-192.93,-145.07,-183.01,-150.63,-170.51,-154.71,-161.65,-156.66,-148.67,-158.93,-143.46,-158.51,-155.66,-146.09,-170.34,-139.32,-189.7,-122.48,-198.88,-111.91,-204.13,-95.05,-204.51,-82.19,-199.73,-72.77,-197.14,-67.29,-194.23,-64.16,-186.67,-64.47,-174,-66.62,-175.06,-77.08,-173.72,-75.51,-177.12,-87.07,-175.45,-92.22,-170.37,-96.88,-160.94,-101.16,-153.07,-103.6,-148.56,-103.63,-152.84,-110.06,-155.14,-116.41,-153.19,-122.77,-142.02,-128.72,-133.17,-133.29,-129.82,-133.58,-136.31,-143.65,-138.58,-153.76,-134.43,-163.03,-127.7,-167.98,-110.12,-175.85,-90.69,-179.09,-174.37,-49.35,-226.28,-53.14,-207.09,-40,-184.14,-46.56,-204.02,-55.9,-213.88,-69.47,-219.07,-87.17,-214.83,-104.02,-209.85,-116.32,-200.73,-127.12,-191.19,-136.25,-178.16,-145.46,-165.54,-149.81,-158.86,-152.78,-191.46,-40.09,-168.89,-42.99,-184.34,-32.51,-207.22,-28,-222.93,-31.17,-229.77,-40.36,-235.11,-51.38,-246.97,-66.91,-256.65,-70.75,-265.67,-57.39,-277.69,-45.2,-299.24,-36.01,-315.44,-39.18,-328.63,-46.7,-331.97,-50.38,-339.15,-57.72,-343.33,-70.25,-346,-80.76,-347,-93.96,-344.83,-107.15,-342.99,-118.86,-335.82,-129.72,-332.81,-134.9,-327.63,-141.74,-323.79,-147.93,-316.27,-153.77,-123.83,-54.09,-111.64,-67.11,-115.79,-80.41,-107.21,-85.4,-111.64,-108.94,-106.65,-138.58,-89.2,-162.4,-76.19,-177.36,-31.03,-50.5,3.32,-80.41,21.32,-103.68,45.14,-124.46,61.21,-129.99,68.13,-128.33,109.4,-76.43,78.67,-59.71,34.36,-40.28,34.14,-28.52,12.22,-30.78,-14.22,-42.99,-10.38,-28.29,24.65,-75.31,28.71,-56.55,55.84,-97.23,47.02,-66.72,60.35,-76.89,71.66,-102.65,74.36,-121.63,88.37,-115.08,92.67,-98.58,89.51,-82.54,75.27,-68.08,58.1,-58.13,41.19,-43.27,70.24,-56.02,96.62,-78.62,108.37,-95.57,117.85,-116.59,123.74,-131.96,108.59,-131.5,85.99,-124.27,76.95,-126.3,148.61,-71.82,110.05,-69.4,176.8,-59.77,143.54,-60.5,88.6,-40,156.07,-44.11,122.1,-35.43,210.78,-45.55,179.93,-44.35,243.21,-65.99,255.31,-76.57,263.3,-86.94,272.37,-99.91,274.53,-109.62,274.97,-119.99,269.13,-94.07,270.01,-38.55,290.3,-42.66,314.06,-54.76,326.38,-69.23,331.12,-89.11,334.15,-107.68,332.42,-121.94,325.51,-135.12,318.59,-148.72,306.49,-162.98,191.37,-79.81,213.19,-91.26,225.72,-109.83,233.06,-123.66,236.3,-135.54,244.5,-147.85,257.25,-152.82,156.17,-90.39,166.75,-103.78,170.21,-115.24,169.78,-126.46,174.31,-139.42,184.68,-151.52,196.12,-151.3,176.47,-145.47,-68.88,-178.16,-73.46,-195.92,-60.55,-201.3,-38.49,-191.88,-24.5,-177.89,-9.44,-156.91,-29.61,-158.52,-26.11,-124.36,-25.84,-111.18,-35.25,-93.96,-46.29,-71.9,2.13,-151,16.39,-157.45,32.8,-145.08,37.37,-155.83,54.05,-169.55,35.49,-196.99,38.98,-205.87,23.92,-183.81,10.2,-173.86,51.89,-184.08,38.18,-181.12,20.96,-192.69,8.32,-179.51,32.26,-176.01,-9.43,-173.85,-20.19,-184.35,-31.76,-193.5,-44.67,-202.37,-67.54,-206.95],"name":"Bottom","triangles":[143,372,144,144,371,145,145,370,146,368,148,147,369,368,147,146,369,147,370,369,146,371,370,145,368,149,148,143,373,372,372,371,144,367,150,149,368,367,149,131,368,369,132,369,370,133,132,370,371,134,370,134,133,370,372,135,371,135,134,371,132,131,369,131,130,368,367,151,150,142,374,143,129,367,368,130,129,368,373,136,372,136,135,372,374,373,143,366,151,367,374,137,373,137,136,373,129,128,367,128,366,367,141,138,142,138,374,142,138,137,374,366,152,151,141,139,138,127,366,128,127,365,366,365,152,366,116,363,117,140,139,141,126,365,127,117,362,118,362,361,118,361,364,119,118,361,119,119,364,120,91,93,92,364,121,120,363,362,117,114,363,116,365,153,152,360,122,121,364,360,121,90,93,91,113,112,362,113,362,363,115,114,116,111,361,362,112,111,362,114,113,363,359,123,122,360,359,122,89,93,90,89,94,93,111,364,361,111,110,364,88,94,89,125,153,365,381,94,88,110,360,364,110,109,360,358,124,123,359,358,123,125,154,153,381,95,94,87,381,88,109,359,360,109,108,359,380,95,381,87,86,381,358,125,124,86,380,381,85,380,86,380,96,95,108,358,359,107,358,108,155,154,125,380,379,96,379,97,96,358,356,125,356,155,125,84,380,85,378,98,97,379,378,97,106,105,358,105,356,358,84,83,380,83,379,380,107,106,358,378,99,98,377,100,99,378,377,99,82,378,379,83,82,379,377,101,100,81,377,378,82,81,378,356,156,155,376,102,101,377,376,101,81,80,377,376,103,102,79,376,377,80,79,377,376,104,103,79,78,376,376,105,104,62,65,63,375,105,376,356,157,156,78,77,376,77,375,376,351,357,356,357,157,356,61,65,62,76,375,77,61,388,65,388,66,65,357,158,157,60,388,61,387,67,66,387,66,388,60,387,388,76,75,375,75,351,375,59,387,60,74,351,75,389,68,67,387,389,67,58,387,59,69,385,70,386,69,68,389,386,68,354,158,357,58,57,387,57,389,387,354,159,158,386,385,69,384,71,70,385,384,70,383,72,71,384,383,71,351,354,357,74,349,351,383,73,72,56,386,389,57,56,389,383,382,73,56,55,386,54,385,386,55,54,386,382,74,73,51,383,384,52,51,384,54,53,385,52,384,385,53,52,385,50,382,383,382,349,74,51,50,383,50,49,382,354,160,159,48,349,382,355,160,354,49,48,382,352,355,354,48,47,349,321,350,47,42,41,43,41,345,43,345,44,43,46,321,47,344,45,44,345,344,44,344,46,45,40,345,41,344,343,46,343,321,46,355,161,160,346,344,345,40,39,345,39,346,345,353,161,355,335,336,343,346,335,344,335,343,344,343,342,321,322,353,350,38,346,39,336,342,343,347,335,346,38,37,346,37,347,346,336,337,342,353,162,161,337,338,342,36,347,37,333,337,336,335,333,336,322,341,353,353,163,162,333,332,337,31,33,32,332,338,337,31,30,33,30,34,33,347,334,335,334,333,335,341,163,353,30,29,34,348,334,347,36,348,347,29,35,34,330,332,333,29,405,35,320,348,36,35,320,36,405,319,35,320,334,348,405,404,319,319,330,333,339,341,338,332,339,338,319,333,334,320,319,334,319,320,35,318,330,319,340,324,163,324,164,163,410,29,28,410,28,27,26,410,27,404,403,319,25,410,26,331,339,332,410,405,29,403,318,319,330,331,332,318,317,330,328,331,330,331,340,339,24,410,25,410,411,405,317,328,330,411,414,405,414,404,405,329,340,331,24,411,410,323,324,340,406,411,24,328,329,331,21,407,22,22,407,23,407,24,23,20,407,21,407,406,24,403,317,318,329,323,340,19,407,20,406,408,411,401,317,403,414,402,404,19,18,407,18,406,407,408,414,411,412,408,406,402,403,404,323,325,324,18,17,406,17,412,406,409,402,414,329,325,323,325,164,324,325,165,164,402,401,403,408,409,414,401,397,317,317,316,328,326,325,329,316,326,329,328,316,329,397,398,317,413,409,408,412,15,408,15,413,408,398,316,317,16,15,412,16,412,17,409,401,402,395,401,409,415,395,409,166,165,325,327,166,325,326,327,325,15,14,413,413,415,409,14,415,413,315,326,316,13,415,14,395,397,401,398,399,316,399,315,316,399,400,315,396,397,395,327,167,166,12,415,13,12,416,415,416,394,415,326,167,327,168,167,326,11,416,12,315,168,326,10,416,11,10,417,416,417,394,416,9,417,10,396,313,397,393,396,394,417,393,394,393,390,396,315,169,168,399,398,397,312,399,397,313,312,397,390,313,396,8,417,9,312,311,399,400,169,315,8,393,417,170,169,400,311,310,399,418,393,8,7,418,8,310,400,399,418,392,393,392,390,393,308,170,400,6,418,7,6,392,418,5,392,6,310,308,400,308,171,170,314,313,390,391,390,392,419,392,5,4,419,5,419,391,392,308,173,171,0,314,391,391,314,390,3,2,419,2,391,419,3,419,4,1,0,391,0,313,314,2,1,391,307,173,308,266,313,0,266,265,313,265,312,313,265,264,312,309,308,310,173,172,171,262,261,263,263,261,264,264,261,312,261,260,312,260,311,312,311,309,310,307,174,173,254,309,311,309,307,308,259,258,311,258,254,311,260,259,311,176,174,307,247,307,309,254,247,309,255,254,258,176,175,174,282,177,307,247,282,307,177,176,307,252,247,254,257,255,258,253,252,254,247,246,282,248,247,252,256,255,257,246,267,282,251,248,252,280,236,234,233,280,234,249,248,251,250,249,251,280,279,236,279,237,236,233,279,280,282,178,177,232,279,233,232,278,279,278,237,279,277,238,237,267,270,282,270,283,282,283,178,282,246,245,267,278,277,237,231,278,232,245,270,267,283,179,178,281,283,270,231,230,278,230,277,278,245,244,270,283,180,179,244,271,270,281,284,283,284,180,283,277,276,238,269,284,281,276,239,238,230,229,277,229,276,277,276,275,239,243,271,244,274,240,239,242,272,243,272,271,243,229,228,276,275,274,239,284,181,180,241,272,242,228,275,276,227,275,228,268,269,271,240,273,241,273,272,241,272,268,271,274,273,240,182,181,284,285,182,284,286,285,269,268,286,269,285,284,269,226,274,275,227,226,275,226,225,274,224,273,274,225,224,274,273,223,272,223,268,272,285,183,182,223,287,268,287,286,268,286,183,285,288,287,223,184,183,286,287,185,286,185,184,286,222,288,223,288,185,287,221,288,222,290,185,288,289,288,221,220,289,221,218,289,219,219,289,220,289,290,288,290,186,185,218,217,289,290,291,186,217,216,289,215,290,289,216,215,289,215,214,290,291,187,186,213,291,290,214,213,290,213,212,291,292,187,291,212,292,291,292,188,187,211,292,212,306,202,201,200,306,201,211,210,292,293,189,292,292,189,188,210,293,292,209,293,210,199,306,200,209,294,293,304,203,202,305,304,202,306,305,202,190,189,293,294,190,293,302,204,203,208,295,209,199,305,306,295,294,209,302,301,204,296,295,208,199,198,305,198,304,305,303,302,203,304,303,203,198,303,304,207,297,208,297,296,208,295,190,294,206,298,207,191,190,295,296,191,295,300,205,204,198,197,303,197,302,303,301,300,204,299,206,205,298,297,207,300,299,205,197,196,302,196,301,302,299,298,206,297,192,296,192,191,296,195,300,301,193,298,299,194,299,300,196,195,301,298,192,297,193,192,298,195,194,300,194,193,299,126,125,365,63,65,64,236,234,235,224,223,273,271,270,269,269,281,270,342,321,322,322,350,321,339,341,340,341,340,163,322,341,342,338,341,342,47,349,350,350,352,349,375,105,351,351,356,105,349,351,352,352,354,351,350,352,353,353,355,352,396,394,395,415,394,395],"type":"mesh","transform":{},"userEdges":[223,268,268,269,267,270,270,269,270,271,271,272,272,273,273,274,274,275,275,276,276,277,277,278,278,279,279,280,269,281,281,270,177,282,282,267,282,283,283,284,284,285,285,286,286,287,287,288,288,289,289,290,290,291,291,292,292,293,293,294,294,295,295,296,296,297,297,298,298,299,299,300,300,301,301,302,302,303,303,304,304,305,305,306,173,307,307,308,308,309,309,310,310,311,311,312,312,313,313,314,314,0,168,315,315,316,316,317,317,318,318,319,319,320,320,36,46,321,321,322,323,324,324,325,325,326,323,329,331,332,332,333,333,334,334,335,335,336,336,337,337,338,338,339,340,323,339,340,322,341,341,340,341,342,342,343,343,344,344,345,345,346,346,347,347,348,74,349,349,350,105,351,351,352,352,353,351,354,354,355,125,356,356,357,390,391,391,392,392,393,393,394,394,395,395,396,396,397,397,398,398,399,399,400,395,401,401,402,402,403,403,404,404,405,405,29],"width":709,"edges":[193,192,192,191,191,190,190,189,189,188,188,187,187,186,186,185,185,184,184,183,183,182,182,181,181,180,180,179,179,178,178,177,177,176,176,175,175,174,174,173,173,172,172,171,171,170,170,169,169,168,168,167,167,166,166,165,165,164,164,163,163,162,162,161,161,160,160,159,159,158,158,157,157,156,156,155,155,154,154,153,153,152,152,151,151,150,150,149,149,148,148,147,147,146,146,145,145,144,144,143,143,142,142,141,141,140,140,139,139,138,138,137,137,136,136,135,135,134,134,133,133,132,132,131,131,130,130,129,129,128,128,127,127,126,126,125,125,124,124,123,123,122,122,121,121,120,120,119,119,118,118,117,117,116,116,115,115,114,114,113,113,112,112,111,111,110,110,109,109,108,108,107,107,106,106,105,105,104,104,103,103,102,102,101,101,100,100,99,99,98,98,97,97,96,96,95,95,94,94,93,93,92,92,91,91,90,90,89,89,88,88,87,87,86,86,85,85,84,84,83,83,82,82,81,81,80,80,79,79,78,78,77,77,76,76,75,75,74,74,73,73,72,72,71,71,70,70,69,69,68,68,67,67,66,66,65,65,64,64,63,63,62,62,61,61,60,60,59,59,58,58,57,57,56,56,55,55,54,54,53,53,52,52,51,51,50,50,49,49,48,48,47,47,46,46,45,45,44,44,43,43,42,42,41,41,40,40,39,39,38,38,37,37,36,36,35,35,34,34,33,33,32,32,31,31,30,30,29,29,28,28,27,27,26,26,25,25,24,24,23,23,22,22,21,21,20,20,19,19,18,18,17,17,16,16,15,15,14,14,13,13,12,12,11,11,10,10,9,9,8,8,7,7,6,6,5,5,4,4,3,3,2,2,1,1,0,0,266,266,265,265,264,264,263,263,262,262,261,261,260,260,259,259,258,258,257,257,256,256,255,255,254,254,253,253,252,252,251,251,250,250,249,249,248,248,247,247,246,246,245,245,244,244,243,243,242,242,241,241,240,240,239,239,238,238,237,237,236,236,235,235,234,234,233,233,232,232,231,231,230,230,229,229,228,228,227,227,226,226,225,225,224,224,223,223,222,222,221,221,220,220,219,219,218,218,217,217,216,216,215,215,214,214,213,213,212,212,211,211,210,210,209,209,208,208,207,207,206,206,205,205,204,204,203,203,202,202,201,201,200,200,199,199,198,198,197,197,196,196,195,195,194,194,193],"height":204,"weights":[2,4,0.84366,5,0.15634,2,4,0.90281,5,0.09719,2,4,0.92877,5,0.07123,2,4,0.93534,5,0.06466,2,4,0.93769,5,0.06231,2,4,0.94201,5,0.05799,2,4,0.94679,5,0.05321,2,4,0.95196,5,0.04804,2,4,0.95945,5,0.04055,2,4,0.96637,5,0.03363,2,4,0.97336,5,0.02664,2,4,0.98148,5,0.01852,2,4,0.9912,5,0.0088,3,4,0.99563,5,0.00432,6,0.00005,3,4,0.99766,5,0.00053,6,0.0018,2,4,0.99426,6,0.00574,2,4,0.99125,6,0.00875,2,4,0.98824,6,0.01176,2,4,0.98692,6,0.01308,2,4,0.98576,6,0.01424,2,4,0.98552,6,0.01448,2,4,0.98494,6,0.01506,2,4,0.98389,6,0.01611,2,4,0.97991,6,0.02009,2,4,0.96613,6,0.03387,2,4,0.93539,6,0.06461,2,4,0.91944,6,0.08056,2,4,0.9106,6,0.0894,2,4,0.8974,6,0.1026,2,4,0.87518,6,0.12482,2,4,0.8277,6,0.1723,2,4,0.81146,6,0.18854,2,4,0.80515,6,0.19485,2,4,0.79736,6,0.20264,2,4,0.77368,6,0.22632,2,4,0.62998,6,0.37002,2,4,0.40082,6,0.59918,2,4,0.19299,6,0.80701,2,4,0.09567,6,0.90433,2,4,0.05832,6,0.94168,2,4,0.03179,6,0.96821,2,4,0.00719,6,0.99281,2,4,0.00187,6,0.99813,2,4,0.00021,6,0.99979,2,4,0.00028,6,0.99972,2,4,0.00275,6,0.99725,2,4,0.00658,6,0.99342,2,4,0.00165,6,0.99835,2,4,0.00011,6,0.99989,1,6,1,1,6,1,1,6,1,1,6,1,1,6,1,1,6,1,1,6,1,1,6,1,1,6,1,1,6,1,1,6,1,1,6,1,1,6,1,1,6,1,1,6,1,1,6,1,1,6,1,1,6,1,1,6,1,1,6,1,1,6,1,1,6,1,1,6,1,1,6,1,1,6,1,1,6,1,1,6,1,1,6,1,1,6,1,1,6,1,1,6,1,1,6,1,1,6,1,1,6,1,1,6,1,1,6,1,1,6,1,1,6,1,1,6,1,1,6,1,1,6,1,1,6,1,1,6,1,1,6,1,1,6,1,1,6,1,1,6,1,1,6,1,1,6,1,1,6,1,1,6,1,1,6,1,1,6,1,1,6,1,1,6,1,1,6,1,1,6,1,1,6,1,1,6,1,1,6,1,1,6,1,1,6,1,1,6,1,1,6,1,1,6,1,1,6,1,1,6,1,1,6,1,1,6,1,1,6,1,1,6,1,1,6,1,1,6,1,1,6,1,1,6,1,1,6,1,1,6,1,1,6,1,1,6,1,1,6,1,1,6,1,1,6,1,1,6,1,1,6,1,1,6,1,1,6,1,1,6,1,1,6,1,1,6,1,1,6,1,1,6,1,1,6,1,1,6,1,1,6,1,1,6,1,1,6,1,1,6,1,1,6,1,1,6,1,1,6,1,1,6,1,1,6,1,1,6,1,1,6,1,1,6,1,1,6,1,1,6,1,1,6,1,1,6,1,1,6,1,1,6,1,1,6,1,2,4,0.00098,6,0.99902,2,4,0.02433,6,0.97567,2,4,0.16552,6,0.83448,2,4,0.70814,6,0.29186,2,4,0.95171,6,0.04829,3,4,0.99763,5,0.00112,6,0.00125,2,4,0.95711,5,0.04289,2,4,0.88596,5,0.11404,2,4,0.74119,5,0.25881,2,4,0.56854,5,0.43146,2,4,0.34754,5,0.65246,2,4,0.28806,5,0.71194,2,4,0.22721,5,0.77279,2,4,0.08229,5,0.91771,2,4,0.03135,5,0.96865,2,4,0.00678,5,0.99322,1,5,1,1,5,1,1,5,1,1,5,1,1,5,1,1,5,1,1,5,1,1,5,1,1,5,1,1,5,1,1,5,1,1,5,1,1,5,1,1,5,1,1,5,1,1,5,1,1,5,1,1,5,1,1,5,1,1,5,1,1,5,1,1,5,1,1,5,1,1,5,1,1,5,1,1,5,1,1,5,1,1,5,1,1,5,1,1,5,1,1,5,1,1,5,1,1,5,1,1,5,1,1,5,1,1,5,1,1,5,1,1,5,1,1,5,1,1,5,1,1,5,1,1,5,1,1,5,1,1,5,1,1,5,1,1,5,1,1,5,1,1,5,1,1,5,1,1,5,1,1,5,1,1,5,1,1,5,1,1,5,1,1,5,1,1,5,1,1,5,1,1,5,1,1,5,1,1,5,1,1,5,1,1,5,1,1,5,1,1,5,1,1,5,1,1,5,1,1,5,1,1,5,1,1,5,1,2,4,0.00861,5,0.99139,2,4,0.03469,5,0.96531,2,4,0.03193,5,0.96807,2,4,0.05562,5,0.94438,2,4,0.06307,5,0.93693,2,4,0.0782,5,0.9218,2,4,0.12096,5,0.87904,2,4,0.17961,5,0.82039,2,4,0.22851,5,0.77149,2,4,0.2856,5,0.7144,2,4,0.30909,5,0.69091,2,4,0.32335,5,0.67665,2,4,0.37606,5,0.62394,2,4,0.45564,5,0.54436,2,4,0.49067,5,0.50933,2,4,0.56682,5,0.43318,2,4,0.59228,5,0.40772,2,4,0.60983,5,0.39017,2,4,0.62678,5,0.37322,2,4,0.68778,5,0.31222,2,4,0.77726,5,0.22274,1,5,1,1,5,1,1,5,1,1,5,1,1,5,1,1,5,1,1,5,1,1,5,1,1,5,1,1,5,1,1,5,1,1,5,1,1,5,1,1,5,1,1,5,1,1,5,1,1,5,1,1,5,1,1,5,1,1,5,1,1,5,1,1,5,1,1,5,1,1,5,1,1,5,1,1,5,1,1,5,1,1,5,1,1,5,1,1,5,1,1,5,1,1,5,1,1,5,1,1,5,1,1,5,1,1,5,1,1,5,1,1,5,1,1,5,1,1,5,1,2,4,0.16973,5,0.83027,2,4,0.29735,5,0.70265,2,4,0.31031,5,0.68969,2,4,0.39134,5,0.60866,2,4,0.45499,5,0.54501,2,4,0.60721,5,0.39279,2,4,0.75419,5,0.24581,2,4,0.85329,5,0.14671,2,4,0.89565,5,0.10435,2,4,0.98478,6,0.01522,2,4,0.87759,6,0.12241,2,4,0.7293,6,0.2707,2,4,0.62285,6,0.37715,2,4,0.54055,6,0.45945,2,4,0.00972,6,0.99028,2,4,0.028,6,0.972,2,4,0.6567,6,0.3433,2,4,0.67376,6,0.32624,2,4,0.92583,6,0.07417,2,4,0.9729,5,0.0271,2,4,0.98608,5,0.01392,2,4,0.80153,6,0.19847,2,4,0.73349,6,0.26651,2,4,0.47314,6,0.52686,2,4,0.47328,6,0.52672,2,4,0.31382,6,0.68618,2,4,0.32299,6,0.67701,2,4,0.40328,6,0.59672,2,4,0.21315,6,0.78685,2,4,0.12277,6,0.87723,2,4,0.07484,6,0.92516,2,4,0.09289,6,0.90711,2,4,0.28789,6,0.71211,2,4,0.55177,6,0.44823,2,4,0.11628,6,0.88372,2,4,0.03525,6,0.96475,2,4,0.04305,6,0.95695,2,4,0.03957,6,0.96043,2,4,0.0269,6,0.9731,2,4,0.08018,6,0.91982,2,4,0.25941,6,0.74059,2,4,0.39731,6,0.60269,1,6,1,2,4,0.00305,6,0.99695,1,6,1,1,6,1,2,4,0.01352,6,0.98648,1,6,1,1,6,1,1,6,1,1,6,1,1,6,1,1,6,1,1,6,1,1,6,1,1,6,1,1,6,1,1,6,1,1,6,1,1,6,1,1,6,1,1,6,1,1,6,1,1,6,1,1,6,1,1,6,1,1,6,1,1,6,1,1,6,1,1,6,1,1,6,1,1,6,1,1,6,1,1,6,1,1,6,1,1,6,1,1,6,1,1,6,1,1,6,1,1,6,1,1,6,1,1,6,1,1,6,1,2,4,0.87961,5,0.12039,2,4,0.91385,5,0.08615,2,4,0.93471,5,0.06529,2,4,0.95755,5,0.04245,2,4,0.97737,5,0.02263,2,4,0.99627,5,0.00373,2,4,0.96421,5,0.03579,2,4,0.95775,5,0.04225,2,4,0.95253,5,0.04747,2,4,0.90293,5,0.09707,2,4,0.81893,5,0.18107,2,4,0.99649,6,0.00351,2,4,0.97316,6,0.02684,2,4,0.89301,6,0.10699,2,4,0.90287,6,0.09713,2,4,0.89146,6,0.10854,2,4,0.97853,6,0.02147,2,4,0.98341,6,0.01659,2,4,0.98119,6,0.01881,2,4,0.99236,6,0.00764,2,4,0.93345,6,0.06655,2,4,0.95537,6,0.04463,2,4,0.98767,6,0.01233,2,4,0.99461,6,0.00539,2,4,0.9596,6,0.0404,2,4,0.99574,5,0.00426,2,4,0.98123,5,0.01877,2,4,0.96531,5,0.03469,2,4,0.95129,5,0.04871,2,4,0.93281,5,0.06719]}],"name":"Bottom"},{"display":[{"bonePose":[8,-0.10400771851619084,-0.9945764900142456,0.9945764900142456,-0.10400771851619084,-2.95,-186.9,9,-0.8173460613843699,-0.5761470436784849,0.5761470436784849,-0.8173460613843699,-12.888977581407197,-281.94172938576133],"slotPose":[1,0,0,1,0,0],"uvs":[0.82701,0.46724,0.91001,0.31619,0.93372,0.19443,0.87088,0.10564,0.73571,0.02874,0.62425,0.00585,0.5377,0.01226,0.51517,0,0.4381,0.01684,0.14285,0.145,0.15708,0.17338,0.13574,0.17887,0.10728,0.21549,0.05037,0.21915,0.03614,0.24661,0.03614,0.26858,0.0065,0.28964,0.00531,0.31253,0,0.33358,0.0083,0.36654,0.02428,0.40041,0.0314,0.48463,0.1476,0.47914,0.19502,0.54779,0.2472,0.50751,0.31241,0.50751,0.30411,0.55603,0.34324,0.54962,0.36458,0.55329,0.38355,0.63293,0.40608,0.67412,0.42742,0.64758,0.42505,0.58716,0.44521,0.59082,0.45944,0.55969,0.4879,0.53406,0.49975,0.54779,0.52228,0.5304,0.58275,0.57617,0.60647,0.5542,0.61047,0.55684,0.61883,0.56235,0.63015,0.56832,0.61745,0.58111,0.60944,0.60265,0.61579,0.62547,0.62905,0.64295,0.59627,0.6592,0.57252,0.68138,0.56893,0.70974,0.55678,0.72652,0.567,0.73718,0.53767,0.75172,0.52137,0.75428,0.49458,0.7805,0.48823,0.80225,0.49031,0.83288,0.53285,0.87275,0.56876,0.90054,0.59638,0.92208,0.60108,0.93679,0.64637,0.9771,0.67316,0.97838,0.70523,0.99317,0.73313,0.99722,0.86103,0.94022,0.94333,0.8867,0.97136,0.84944,0.96998,0.82449,0.94374,0.79933,0.95009,0.78483,0.91695,0.73984,0.92707,0.70371,0.88924,0.65914,0.89338,0.64848,0.88178,0.63739,0.90751,0.63126,0.90861,0.58797,0.90309,0.56436,0.86829,0.53238,0.85807,0.52747,0.85034,0.4893,0.61514,0.54431,0.636,0.54941,0.64817,0.50406,0.70726,0.48983,0.73159,0.49815,0.77678,0.47802,0.80494,0.47722,0.56979,0.75828,0.61512,0.78628,0.64659,0.76981,0.64392,0.81304,0.70952,0.86698,0.80125,0.85175,0.83325,0.79616,0.81458,0.74098,0.74525,0.70969,0.68232,0.73933,0.72605,0.66357,0.65939,0.64463,0.76072,0.66686,0.79859,0.65081,0.83858,0.66234,0.87058,0.66769,0.75539,0.62775,0.75592,0.59645,0.74685,0.57422,0.76285,0.57339,0.77139,0.55486,0.75325,0.55363,0.65352,0.56969,0.69352,0.55404,0.73565,0.53675,0.66825,0.59966,0.626,0.68084,0.74986,0.7579,0.88028,0.69321,0.88392,0.59421,0.81398,0.51434,0.68283,0.53515,0.06977,0.40662,0.08908,0.42573,0.12325,0.41732,0.14653,0.42191,0.18961,0.40088,0.22676,0.39859,0.24062,0.37182,0.27826,0.36609,0.30055,0.32976,0.33175,0.31332,0.29857,0.23915,0.29411,0.21506,0.2431,0.19785,0.23666,0.18447,0.19704,0.18485,0.10394,0.36188,0.17872,0.30109,0.23369,0.24029,0.07059,0.44256,0.26646,0.48456,0.285,0.43294,0.30692,0.38695,0.32349,0.35658,0.36824,0.31452,0.44129,0.2694,0.48989,0.24077,0.47388,0.31235,0.44859,0.38285,0.40729,0.41582,0.35953,0.44206,0.31064,0.4673,0.37299,0.46094,0.34855,0.49977,0.34125,0.5271,0.39547,0.50346,0.43143,0.48871,0.4629,0.47461,0.48116,0.46094,0.49184,0.43578,0.5115,0.38936,0.52781,0.32772,0.48342,0.35028,0.67556,0.17378,0.45221,0.52543,0.45855,0.50459,0.46555,0.48696,0.45588,0.53611,0.47821,0.52389,0.49405,0.5087,0.51004,0.48348,0.52438,0.45865,0.53621,0.41801,0.54438,0.39575,0.54371,0.35959,0.52355,0.36828,0.5665,0.37051,0.59557,0.35352,0.61103,0.34725,0.64822,0.45745,0.58274,0.49692,0.6311,0.40403,0.59467,0.41148,0.54967,0.48372,0.4861,0.48786,0.50503,0.4578,0.52288,0.4112,0.38931,0.47903,0.43396,0.45615,0.46288,0.42251,0.48967,0.39107,0.31896,0.42416,0.36396,0.39659,0.40003,0.36598,0.42217,0.32876],"path":"Head Top","vertices":[14.94,-285.92,32.36,-327.01,37.34,-360.12,24.14,-384.28,-4.25,-405.2,-27.65,-411.41,-45.83,-409.67,-50.56,-413,-66.74,-408.42,-128.75,-373.56,-125.76,-365.84,-130.24,-364.34,-136.21,-354.38,-148.16,-353.39,-151.15,-345.91,-151.15,-339.93,-157.37,-334.21,-157.62,-327.99,-158.74,-322.26,-158.74,-313.04,-153.63,-304.08,-152.14,-281.17,-127.73,-282.67,-110.81,-265.74,-106.82,-274.95,-93.13,-274.96,-94.87,-261.76,-86.65,-263.5,-82.17,-262.51,-78.18,-240.84,-71.71,-230.88,-68.97,-236.86,-69.47,-253.3,-65.24,-252.3,-62.25,-260.76,-56.27,-267.74,-53.78,-264.01,-49.05,-268.74,-36.36,-256.28,-31.37,-262.26,-30.53,-261.54,-28.78,-260.05,-26.4,-258.42,-29.07,-254.94,-31.96,-249.26,-29.42,-242.88,-26.64,-238.12,-33.51,-233.7,-38.5,-227.67,-39.25,-219.95,-41.8,-215.39,-39.66,-212.49,-45.82,-208.54,-49.24,-207.84,-54.87,-200.71,-56.2,-194.79,-55.76,-186.46,-46.83,-175.61,-39.29,-168.06,-33.49,-162.2,-32.51,-158.2,-22.99,-147.24,-17.37,-146.88,-10.63,-142.86,-4.78,-141.77,22.09,-157.26,39.37,-171.83,45.26,-181.96,44.97,-188.74,39.46,-195.59,40.79,-199.54,33.83,-211.77,35.95,-221.59,28.01,-233.72,28.88,-236.62,26.44,-239.63,31.85,-241.3,32.08,-253.08,30.91,-259.5,23.61,-268.2,21.47,-269.54,19.84,-279.92,-29.55,-264.96,-25.17,-263.57,-22.61,-275.9,-10.21,-279.77,-5.1,-277.51,4.39,-282.99,10.31,-283.2,-39.07,-206.75,-29.56,-199.14,-22.95,-203.62,-23.51,-191.86,-9.73,-177.19,9.54,-181.33,16.25,-196.45,12.33,-211.46,-2.23,-219.97,-15.44,-211.91,-6.26,-232.51,-20.26,-237.66,1.02,-231.62,8.97,-235.99,17.37,-232.85,24.09,-231.39,-0.1,-242.26,0.01,-250.77,-1.9,-256.82,1.47,-257.04,3.26,-262.08,-0.55,-262.42,-21.49,-258.05,-13.09,-262.3,-4.25,-267.01,-18.4,-249.9,-27.27,-227.82,-1.26,-206.85,26.13,-224.46,26.9,-251.38,12.21,-273.1,-15.34,-267.45,-144.08,-302.39,-140.02,-297.2,-132.85,-299.48,-127.96,-298.24,-118.91,-303.96,-111.12,-304.58,-108.2,-311.86,-100.3,-313.42,-95.62,-323.3,-89.07,-327.77,-96.05,-347.95,-96.98,-354.51,-107.69,-359.18,-109.04,-362.82,-117.36,-362.72,-136.91,-314.56,-121.21,-331.1,-109.66,-347.64,-143.91,-292.62,-102.78,-281.19,-98.89,-295.24,-94.29,-307.75,-90.81,-316,-81.4,-327.45,-66.07,-339.73,-55.86,-347.52,-59.22,-328.05,-64.53,-308.86,-73.2,-299.9,-83.24,-292.76,-93.49,-285.89,-80.4,-287.63,-85.54,-277.07,-87.07,-269.63,-75.69,-276.06,-68.13,-280.08,-61.53,-283.91,-57.68,-287.63,-55.44,-294.47,-51.32,-307.1,-47.9,-323.87,-57.22,-317.73,-16.87,-365.74,-63.76,-270.09,-62.43,-275.76,-60.97,-280.55,-62.99,-267.18,-58.3,-270.51,-54.98,-274.64,-51.62,-281.5,-48.61,-288.26,-46.13,-299.3,-44.41,-305.36,-44.55,-315.2,-48.79,-312.83,-39.77,-312.23,-33.66,-316.85,-30.42,-318.55,-22.61,-288.58,-36.36,-277.84,-26.21,-303.11,-33.85,-301.08,-43.3,-281.43,-56.65,-280.31,-52.68,-288.48,-48.93,-301.16,-76.98,-282.7,-67.6,-288.93,-61.52,-298.08,-55.9,-306.63,-91.76,-297.63,-82.31,-305.13,-74.73,-313.46,-70.09,-323.58],"name":"Head Top","triangles":[69,66,67,69,67,68,69,95,66,95,94,66,71,69,70,73,117,72,163,1,2,71,95,69,94,65,66,3,163,2,77,118,76,117,71,72,181,0,1,117,96,71,96,95,71,104,117,73,78,118,77,163,178,1,178,181,1,118,75,76,181,87,0,79,118,78,74,75,73,75,104,73,102,103,75,103,104,75,79,80,118,80,109,118,109,108,118,102,75,118,106,102,118,108,106,118,104,103,117,103,96,117,4,163,3,119,109,80,81,119,80,94,93,65,93,64,65,101,96,103,106,105,102,101,97,96,102,101,103,0,88,81,88,119,81,87,88,0,96,116,95,116,94,95,62,63,93,93,63,64,181,179,87,116,93,94,113,109,119,88,87,119,97,116,96,87,86,119,86,113,119,179,85,87,105,101,102,92,93,116,113,110,109,85,86,87,105,99,101,99,97,101,107,106,108,110,108,109,5,163,4,91,92,116,110,107,108,98,116,97,98,91,116,107,114,106,100,99,105,114,100,105,106,114,105,112,107,110,113,112,110,60,62,93,112,114,107,99,98,97,59,60,93,115,98,99,120,112,113,120,113,86,85,120,86,60,61,62,146,178,163,100,115,99,146,161,178,5,6,163,111,114,112,84,120,85,92,58,93,58,59,93,179,84,85,120,111,112,6,146,163,83,111,120,84,83,120,51,91,98,115,51,98,49,51,115,45,46,100,45,100,114,91,90,92,46,115,100,44,45,114,111,43,114,43,44,114,51,89,91,181,182,179,82,83,84,179,180,84,57,58,92,42,43,111,178,177,181,83,42,111,89,90,91,182,180,179,180,82,84,90,57,92,8,146,6,47,115,46,183,180,182,177,176,182,177,182,181,41,42,83,82,41,83,161,177,178,82,40,41,56,57,90,48,49,115,171,183,182,47,48,115,55,56,90,172,171,182,39,40,82,180,39,82,89,55,90,180,37,39,37,38,39,54,55,89,161,174,177,176,173,182,173,172,182,174,176,177,52,54,89,49,50,51,183,37,180,146,147,161,53,54,52,52,89,51,174,173,176,8,132,146,170,169,37,174,175,173,170,37,183,7,8,6,175,160,173,186,172,173,171,170,183,159,171,172,161,175,174,160,186,173,159,185,171,162,175,161,186,159,172,145,147,146,185,170,171,147,162,161,35,36,37,169,35,37,160,190,186,190,159,186,190,160,175,162,190,175,189,159,190,185,158,170,184,169,170,132,145,146,168,35,169,158,184,170,159,158,185,162,148,190,134,132,8,167,34,35,158,157,184,184,165,169,165,168,169,166,165,184,189,158,159,148,189,190,157,166,184,147,194,162,189,188,158,168,167,35,194,148,162,188,157,158,165,164,168,164,167,168,145,194,147,132,131,145,194,193,148,148,149,189,156,165,166,157,156,166,188,156,157,32,33,34,149,188,189,156,164,165,164,28,167,32,34,167,28,32,167,29,31,32,144,194,145,155,28,164,156,155,164,193,149,148,131,144,145,9,134,8,149,152,188,152,187,188,188,187,156,187,155,156,150,152,149,193,192,149,29,30,31,28,29,32,144,193,194,131,130,144,144,143,193,154,28,155,192,150,149,143,192,193,153,154,155,187,153,155,152,153,187,130,143,144,154,27,28,191,150,192,150,151,152,151,153,152,143,142,192,142,191,192,191,151,150,129,143,130,25,154,153,151,25,153,131,129,130,26,27,154,25,26,154,134,133,132,131,138,129,141,151,191,151,140,25,142,141,191,129,128,143,128,142,143,138,137,129,140,24,25,126,141,142,141,140,151,128,126,142,127,128,129,137,127,129,127,126,128,138,131,132,133,138,132,9,135,134,126,140,141,126,125,140,125,22,140,22,24,140,124,22,125,22,23,24,135,138,133,134,135,133,9,10,135,125,126,127,137,125,127,135,12,138,12,137,138,137,136,125,10,11,135,11,12,135,123,124,125,136,123,125,15,136,137,12,15,137,124,123,22,123,122,22,122,139,22,14,15,12,139,21,22,15,17,136,136,121,123,13,14,12,121,122,123,18,19,136,17,18,136,19,121,136,16,17,15,19,20,121,121,139,122,121,20,139,20,21,139],"type":"mesh","transform":{},"userEdges":[40,82,82,83,83,84,84,85,85,86,86,87,51,89,89,90,90,91,91,92,92,93,93,94,94,95,95,96,96,97,97,98,97,99,99,100,99,101,101,102,102,103,103,104,102,105,105,106,106,107,107,108,108,109,109,110,42,111,111,112,112,113,20,121,121,122,122,123,123,124,124,125,125,126,126,127,127,128,128,129,129,130,130,131,131,132,132,133,133,134,134,135,135,10],"width":210,"edges":[18,19,19,20,20,21,21,22,22,23,23,24,24,25,25,26,26,27,27,28,28,29,29,30,30,31,31,32,32,33,33,34,34,35,35,36,36,37,37,38,38,39,39,40,40,41,41,42,42,43,43,44,44,45,45,46,46,47,47,48,48,49,49,50,50,51,51,52,52,53,53,54,54,55,55,56,56,57,57,58,58,59,59,60,60,61,61,62,62,63,63,64,64,65,65,66,66,67,67,68,68,69,69,70,70,71,71,72,72,73,73,74,74,75,75,76,76,77,77,78,78,79,79,80,80,81,81,0,0,1,1,2,2,3,3,4,4,5,5,6,6,7,7,8,8,9,9,10,10,11,11,12,12,13,13,14,14,15,15,16,16,17,17,18],"height":272,"weights":[2,8,0.65599,9,0.34401,2,8,0.02921,9,0.97079,2,8,0.00002,9,0.99998,1,9,1,1,9,1,1,9,1,1,9,1,1,9,1,1,9,1,1,9,1,1,9,1,1,9,1,1,9,1,1,9,1,1,9,1,1,9,1,1,9,1,1,9,1,1,9,1,1,9,1,1,9,1,1,9,1,1,9,1,1,9,1,1,9,1,1,9,1,1,9,1,2,8,0.00008,9,0.99992,2,8,0.00055,9,0.99945,1,9,1,1,9,1,1,9,1,2,8,0.00224,9,0.99776,2,8,0.00386,9,0.99614,2,8,0.01232,9,0.98768,2,8,0.05891,9,0.94109,2,8,0.08231,9,0.91769,2,8,0.13651,9,0.86349,2,8,0.42897,9,0.57103,2,8,0.53917,9,0.46083,2,8,0.60664,9,0.39336,2,8,0.71372,9,0.28628,2,8,0.85743,9,0.14257,2,8,0.93352,9,0.06648,2,8,0.97508,9,0.02492,2,8,0.99276,9,0.00724,2,8,0.99918,9,0.00082,1,8,1,1,8,1,1,8,1,1,8,1,1,8,1,1,8,1,1,8,1,1,8,1,1,8,1,1,8,1,1,8,1,1,8,1,1,8,1,1,8,1,1,8,1,1,8,1,1,8,1,1,8,1,1,8,1,1,8,1,1,8,1,1,8,1,1,8,1,1,8,1,1,8,1,1,8,1,1,8,1,1,8,1,1,8,1,1,8,1,1,8,1,2,8,0.99983,9,0.00017,2,8,0.98416,9,0.01584,2,8,0.97205,9,0.02795,2,8,0.8529,9,0.1471,2,8,0.57135,9,0.42865,2,8,0.73689,9,0.26311,2,8,0.45842,9,0.54158,2,8,0.84749,9,0.15251,2,8,0.92712,9,0.07288,2,8,0.71775,9,0.28225,2,8,0.72463,9,0.27537,1,8,1,1,8,1,1,8,1,1,8,1,1,8,1,1,8,1,1,8,1,1,8,1,1,8,1,1,8,1,1,8,1,1,8,1,1,8,1,1,8,1,1,8,1,1,8,1,1,8,1,1,8,1,1,8,1,1,8,1,2,8,0.99978,9,0.00022,1,8,1,2,8,0.91174,9,0.08826,2,8,0.98346,9,0.01654,1,8,1,2,8,0.98751,9,0.01249,1,8,1,1,8,1,1,8,1,1,8,1,2,8,0.92663,9,0.07337,2,8,0.9372,9,0.0628,1,9,1,1,9,1,1,9,1,1,9,1,1,9,1,1,9,1,1,9,1,1,9,1,1,9,1,1,9,1,1,9,1,1,9,1,1,9,1,1,9,1,1,9,1,1,9,1,1,9,1,1,9,1,1,9,1,1,9,1,1,9,1,1,9,1,1,9,1,1,9,1,1,9,1,1,9,1,1,9,1,1,9,1,1,9,1,1,9,1,1,9,1,2,8,0.00016,9,0.99984,2,8,0.00009,9,0.99991,2,8,0.00009,9,0.99991,2,8,0.00276,9,0.99724,2,8,0.00852,9,0.99148,2,8,0.01477,9,0.98523,2,8,0.01433,9,0.98567,2,8,0.00548,9,0.99452,1,9,1,1,9,1,1,9,1,1,9,1,2,8,0.02097,9,0.97903,2,8,0.02309,9,0.97691,2,8,0.02104,9,0.97896,2,8,0.0213,9,0.9787,2,8,0.04412,9,0.95588,2,8,0.05775,9,0.94225,2,8,0.04877,9,0.95123,2,8,0.02684,9,0.97316,2,8,0.00202,9,0.99798,1,9,1,1,9,1,1,9,1,1,9,1,1,9,1,1,9,1,2,8,0.00027,9,0.99973,2,8,0.18199,9,0.81801,1,9,1,1,9,1,2,8,0.08762,9,0.91238,2,8,0.03409,9,0.96591,2,8,0.02004,9,0.97996,2,8,0.00092,9,0.99908,2,8,0.00129,9,0.99871,2,8,0.00339,9,0.99661,2,8,0.00107,9,0.99893,1,9,1,1,9,1,1,9,1,1,9,1,1,9,1]}],"name":"Head Top"},{"display":[{"bonePose":[12,-0.40162812563256983,-0.9158028437938316,0.9158028437938316,-0.40162812563256983,-117.1301542943923,-372.6110912313827,16,-0.6275554844284543,0.7785718425192167,-0.7785718425192167,-0.6275554844284543,-157.83032682012345,-448.2864032979723],"slotPose":[1,0,0,1,0,0],"uvs":[0.8397,0.7369,0.80023,0.64365,0.78962,0.62959,0.789,0.54596,0.78276,0.51414,0.75906,0.52302,0.73098,0.52376,0.69979,0.51784,0.67796,0.48823,0.65987,0.45567,0.64739,0.4231,0.75594,0.36389,0.66673,0.31134,0.70167,0.29876,0.70291,0.26472,0.7245,0.22215,0.77083,0.1739,0.81217,0.13474,0.88483,0.08926,0.95148,0.046,1,0.01475,1,0,0.92548,0,0.79548,0,0.61631,0.04861,0.44131,0.12731,0.29083,0.26451,0.17416,0.37564,0.06084,0.56346,0,0.73154,0,0.91514,0,1,0.02266,1,0.11366,0.80718,0.25046,0.65437,0.36409,0.58002,0.47809,0.51872,0.48007,0.47023,0.48112,0.4448,0.48803,0.41197,0.49432,0.39887,0.49194,0.42169,0.49375,0.45107,0.50432,0.49389,0.52813,0.46937,0.54536,0.44168,0.54993,0.42925,0.54688,0.47287,0.55277,0.51692,0.56201,0.56494,0.57915,0.61368,0.61136,0.66792,0.63355,0.69131,0.65481,0.71297,0.67903,0.73901,0.70331,0.76918,0.74965,0.81331,0.80013,0.84415,0.82334,0.82772,0.8343,0.76727,0.83794,0.74768,0.76243,0.73457,0.69643,0.65073,0.6411,0.56293,0.60443,0.46643,0.59976,0.42135,0.58043,0.23626,0.42176,0.31615,0.26376,0.45931,0.1111,0.64914,0.05757,0.78933],"path":"Scythe","vertices":[-88.4,-362.57,-96.69,-379.07,-98.92,-381.57,-99.05,-396.37,-100.36,-402,-105.34,-400.43,-111.23,-400.3,-117.79,-401.35,-122.38,-406.58,-126.17,-412.35,-128.79,-418.11,-106.01,-428.59,-124.74,-437.89,-117.4,-440.11,-117.14,-446.15,-112.61,-453.68,-102.88,-462.22,-94.2,-469.16,-78.94,-477.2,-64.95,-484.87,-54.75,-490.4,-54.76,-493.01,-70.41,-493,-97.71,-493,-135.33,-484.39,-172.07,-470.45,-203.67,-446.17,-228.17,-426.49,-251.97,-393.24,-264.74,-363.5,-264.73,-331,-264.73,-315.98,-259.98,-315.98,-240.87,-350.11,-212.14,-377.16,-188.28,-390.32,-164.35,-401.18,-163.93,-409.76,-163.71,-414.26,-162.26,-420.07,-160.94,-422.39,-161.44,-418.35,-161.06,-413.15,-158.84,-405.57,-153.84,-409.92,-150.22,-414.82,-149.26,-417.02,-149.9,-409.3,-148.67,-401.5,-146.72,-393,-143.12,-384.37,-136.36,-374.77,-131.69,-370.64,-127.23,-366.81,-122.14,-362.19,-117.05,-356.86,-107.31,-349.04,-96.71,-343.59,-91.83,-346.49,-89.54,-357.2,-88.77,-360.66,-104.63,-362.98,-118.49,-377.82,-130.12,-393.36,-137.81,-410.44,-138.8,-418.41,-142.86,-451.17,-176.18,-437.03,-209.36,-411.69,-241.41,-378.08,-252.65,-353.27],"name":"Scythe","triangles":[22,19,21,21,19,20,22,18,19,23,18,22,23,17,18,61,60,0,1,61,0,56,58,59,61,56,59,60,61,59,23,16,17,56,57,58,24,16,23,5,6,3,3,6,2,62,61,2,2,61,1,6,62,2,4,5,3,24,15,16,55,56,61,7,62,6,54,55,61,62,54,61,12,10,11,63,62,7,24,66,15,53,54,62,66,14,15,66,12,14,14,12,13,8,63,7,63,51,62,51,52,62,52,53,62,65,10,12,64,63,8,9,64,8,50,51,63,66,65,12,10,64,9,64,48,63,48,49,63,65,64,10,66,46,65,25,66,24,49,50,63,40,46,66,47,48,64,46,64,65,67,40,66,25,67,66,41,45,46,40,41,46,42,44,45,41,42,45,42,43,44,67,39,40,67,38,39,68,35,37,35,36,37,68,37,38,67,68,38,26,67,25,26,68,67,68,34,35,69,34,68,27,68,26,69,33,34,27,28,68,28,69,68,30,32,33,70,30,33,28,29,69,29,70,69,70,33,69,29,30,70,30,31,32,46,47,64],"type":"mesh","transform":{},"userEdges":[],"width":210,"edges":[29,30,30,31,31,32,32,33,33,34,34,35,35,36,36,37,37,38,38,39,39,40,40,41,41,42,42,43,43,44,44,45,45,46,46,47,47,48,48,49,49,50,50,51,51,52,52,53,53,54,54,55,55,56,56,57,57,58,58,59,59,60,60,0,0,1,1,2,2,3,3,4,4,5,5,6,6,7,7,8,8,9,9,10,10,11,11,12,12,13,13,14,14,15,15,16,16,17,17,18,18,19,19,20,20,21,21,22,22,23,23,24,24,25,25,26,26,27,27,28,28,29],"height":177,"weights":[1,12,1,1,12,1,1,12,1,1,12,1,1,12,1,1,12,1,1,12,1,1,12,1,1,12,1,1,12,1,1,12,1,1,12,1,2,12,0.91697,16,0.08303,2,12,0.8287,16,0.1713,2,12,0.77176,16,0.22824,2,12,0.67346,16,0.32654,2,12,0.62957,16,0.37043,2,12,0.63462,16,0.36538,2,12,0.66021,16,0.33979,2,12,0.67625,16,0.32375,2,12,0.68061,16,0.31939,2,12,0.68073,16,0.31927,2,12,0.67369,16,0.32631,2,12,0.63228,16,0.36772,2,12,0.39311,16,0.60689,2,12,0.00286,16,0.99714,1,16,1,1,16,1,1,16,1,1,16,1,1,16,1,1,16,1,1,16,1,1,16,1,1,16,1,1,16,1,2,12,0.00207,16,0.99793,2,12,0.0237,16,0.9763,2,12,0.05884,16,0.94116,2,12,0.21351,16,0.78649,2,12,0.3793,16,0.6207,2,12,0.59562,16,0.40438,2,12,0.70935,16,0.29065,2,12,0.74651,16,0.25349,2,12,0.7498,16,0.2502,2,12,0.80411,16,0.19589,2,12,0.87233,16,0.12767,2,12,0.98326,16,0.01674,2,12,0.9991,16,0.0009,1,12,1,1,12,1,1,12,1,1,12,1,1,12,1,1,12,1,1,12,1,1,12,1,1,12,1,1,12,1,1,12,1,1,12,1,1,12,1,1,12,1,1,12,1,2,12,0.99939,16,0.00061,2,12,0.99711,16,0.00289,2,12,0.44444,16,0.55556,1,16,1,1,16,1,1,16,1,1,16,1]}],"name":"Scythe"},{"display":[{"path":"Shadow Botton","type":"image","name":"Shadow Botton","transform":{"y":-10.49,"x":-10.44}}],"name":"Shadow Botton"},{"display":[{"path":"Tentacle C","type":"image","name":"Tentacle C","transform":{"y":-10.85,"skX":25.16,"skY":25.16,"x":135.2}}],"name":"Tentacle C"},{"display":[{"path":"Tentacle B","type":"image","name":"Tentacle B","transform":{"y":33.09,"skX":60.45,"skY":60.45,"x":107.73}}],"name":"Tentacle B"},{"display":[{"bonePose":[14,0.014660240529660471,0.9998925328992176,-0.9998925328992176,0.014660240529660471,-107.9402713052672,-303.0998687515112,17,-0.9512181868388856,0.3085189800108631,-0.3085189800108631,-0.9512181868388856,-107.0725316683166,-243.91622972920655],"slotPose":[1,0,0,1,0,0],"uvs":[0.96378,0.25028,0.88927,0.22807,0.77441,0.20511,0.70878,0.11779,0.66088,0.01504,0.64315,0,0.62807,0,0.62762,0.0794,0.64226,0.15731,0.67596,0.309,0.66931,0.38766,0.73583,0.38916,0.762,0.38277,0.76865,0.43057,0.77441,0.44993,0.80014,0.45633,0.8263,0.46799,0.83188,0.47565,0.81696,0.49811,0.79574,0.47538,0.78278,0.46276,0.77358,0.46894,0.75984,0.48857,0.72777,0.44854,0.69171,0.41912,0.66694,0.44885,0.64224,0.4766,0.61407,0.45821,0.5858,0.42242,0.58445,0.3968,0.59193,0.37813,0.61435,0.35689,0.63731,0.32958,0.58592,0.327,0.52601,0.34743,0.49436,0.36905,0.48262,0.38089,0.49975,0.33403,0.51082,0.30684,0.46856,0.3188,0.43213,0.35302,0.40334,0.38136,0.37736,0.41839,0.35292,0.4609,0.333,0.4964,0.31283,0.54342,0.30648,0.57515,0.30257,0.61375,0.30579,0.64745,0.30474,0.67727,0.31727,0.68937,0.30805,0.6986,0.28236,0.71276,0.24855,0.71521,0.21498,0.70643,0.18743,0.68964,0.17308,0.6633,0.1711,0.63704,0.1784,0.60855,0.19436,0.5798,0.21752,0.54994,0.22795,0.51761,0.23053,0.47671,0.2247,0.45063,0.21844,0.42945,0.19436,0.40738,0.16522,0.39934,0.13913,0.39994,0.10247,0.4106,0.07125,0.43466,0.0429,0.46418,0.01687,0.50005,0.00426,0.53282,0,0.57482,0,0.62703,0.00342,0.66549,0.01536,0.6885,0.02771,0.70636,0.07067,0.73293,0.05936,0.68179,0.05573,0.63648,0.05965,0.60553,0.06834,0.57764,0.07881,0.54784,0.0896,0.52754,0.10718,0.51103,0.11231,0.52342,0.10527,0.54328,0.08637,0.59578,0.07976,0.6304,0.07817,0.66712,0.08026,0.69509,0.08582,0.72351,0.10504,0.75525,0.13003,0.77883,0.16056,0.79167,0.18112,0.79924,0.20433,0.80204,0.17555,0.8264,0.15237,0.86235,0.15063,0.88287,0.15011,0.90494,0.15924,0.92837,0.17524,0.95169,0.20771,0.97989,0.24453,0.99664,0.27801,1,0.3243,1,0.28316,0.97416,0.25212,0.94981,0.23734,0.93062,0.2318,0.91594,0.22763,0.898,0.23198,0.88228,0.24182,0.86849,0.26303,0.85793,0.28762,0.84974,0.31545,0.84841,0.3534,0.8412,0.37888,0.83153,0.39409,0.81847,0.41203,0.80636,0.42821,0.78584,0.42699,0.76883,0.4416,0.75385,0.44956,0.7346,0.45303,0.72383,0.46269,0.72516,0.46356,0.73711,0.47678,0.73728,0.47365,0.75211,0.47312,0.76731,0.48764,0.78251,0.51025,0.80015,0.5481,0.81783,0.58218,0.8292,0.65399,0.85037,0.62999,0.80963,0.61694,0.78152,0.6219,0.74521,0.62719,0.71717,0.63945,0.69724,0.62015,0.6864,0.61154,0.67289,0.60997,0.66669,0.61858,0.65872,0.64884,0.64544,0.67702,0.63503,0.68771,0.62042,0.69189,0.61245,0.70545,0.61267,0.72679,0.62948,0.75262,0.65073,0.80035,0.68947,0.85457,0.64609,0.87883,0.60247,0.88874,0.56882,0.93379,0.55553,0.94892,0.54291,0.97605,0.53272,0.99744,0.51324,0.97816,0.48427,0.94686,0.44973,0.95703,0.43069,0.95469,0.42161,0.96497,0.40535,0.9848,0.38852,1,0.38232,1,0.36631,0.99525,0.34601,0.98991,0.32108,0.98268,0.29569,0.96816,0.27665,0.97068,0.27075,0.282,0.78064,0.33414,0.74629,0.36994,0.6994,0.33336,0.71525,0.29678,0.74431,0.22752,0.75818,0.1925,0.75224,0.14658,0.7311,0.13179,0.69279,0.13257,0.63401,0.14415,0.57335,0.17382,0.52964,0.18783,0.47879,0.15592,0.45765,0.09132,0.47152,0.0563,0.51974,0.03762,0.55607,0.02828,0.60759,0.03373,0.65448,0.24974,0.97416,0.21585,0.95105,0.19717,0.91869,0.19222,0.88314,0.20012,0.8461,0.22518,0.82159,0.28667,0.81895,0.35515,0.79253,0.37383,0.76941,0.40029,0.72582,0.40099,0.6638,0.42201,0.56142,0.51773,0.48876,0.53485,0.55877,0.50295,0.5918,0.47726,0.61492,0.45002,0.63341,0.48193,0.71135,0.50761,0.71466,0.51773,0.70607,0.53719,0.70607,0.53719,0.67238,0.55431,0.6671,0.55742,0.65323,0.58233,0.62945,0.58466,0.61624,0.60178,0.60039,0.59244,0.58321,0.5761,0.58057,0.57454,0.56604,0.42042,0.68735,0.65765,0.55416,0.74597,0.56121,0.80624,0.57091,0.88631,0.50589,0.88314,0.4254,0.84365,0.3425,0.77922,0.29752,0.36113,0.62779,0.36782,0.56982,0.39059,0.51413,0.46022,0.44253],"path":"Left Arm","vertices":[-86.07,-320.17,-103.2,-326.19,-129.62,-332.42,-144.71,-356.08,-155.73,-383.92,-159.81,-388,-163.28,-388,-163.39,-366.47,-160.02,-345.36,-152.26,-304.26,-153.79,-282.94,-138.49,-282.53,-132.47,-284.27,-130.94,-271.31,-129.61,-266.07,-123.69,-264.33,-117.68,-261.17,-116.4,-259.09,-119.83,-253.01,-124.71,-259.17,-127.69,-262.59,-129.8,-260.91,-132.97,-255.6,-140.34,-266.44,-148.64,-274.41,-154.33,-266.36,-160.02,-258.83,-166.49,-263.82,-173,-273.52,-173.31,-280.45,-171.59,-285.52,-166.43,-291.27,-161.15,-298.67,-172.98,-299.38,-186.75,-293.84,-194.03,-287.98,-196.73,-284.77,-192.79,-297.46,-190.25,-304.84,-199.97,-301.59,-208.35,-292.32,-214.96,-284.64,-220.94,-274.6,-226.55,-263.08,-231.14,-253.46,-235.78,-240.72,-237.23,-232.11,-238.14,-221.65,-237.4,-212.53,-237.63,-204.44,-234.75,-201.17,-236.87,-198.66,-242.78,-194.82,-250.56,-194.16,-258.28,-196.54,-264.62,-201.09,-267.92,-208.23,-268.38,-215.35,-266.19,-220.9,-263.02,-230.86,-257.7,-238.95,-255.3,-247.71,-254.7,-258.79,-256.05,-265.86,-257.49,-271.6,-263.03,-277.58,-269.74,-279.76,-275.73,-279.6,-284.17,-276.71,-291.35,-270.19,-297.87,-262.18,-303.85,-252.46,-306.75,-243.59,-307.73,-232.2,-307.72,-218.05,-306.94,-207.63,-304.19,-201.4,-301.35,-196.56,-291.46,-189.36,-294.07,-203.22,-294.91,-215.49,-294.01,-223.88,-292.01,-231.44,-289.6,-239.52,-287.12,-245.01,-283.08,-249.49,-281.89,-246.13,-283.51,-240.76,-287.86,-226.52,-289.39,-217.14,-289.74,-207.19,-289.26,-199.61,-287.98,-191.91,-283.56,-183.31,-277.81,-176.92,-270.79,-173.44,-266.06,-171.39,-260.73,-170.63,-267.35,-164.03,-271.44,-154.38,-273.07,-148.72,-273.19,-142.74,-271.09,-136.39,-267.41,-130.08,-259.94,-122.43,-251.47,-117.89,-243.77,-116.98,-233.13,-116.98,-240.79,-123.93,-249.73,-130.59,-253.13,-135.78,-254.41,-139.76,-255.36,-144.62,-253.53,-149.31,-252.1,-152.62,-247.22,-155.49,-241.57,-157.71,-235.17,-158.07,-226.44,-160.02,-220.58,-162.64,-217.08,-166.19,-212.95,-169.47,-209.23,-175.03,-209.52,-179.63,-206.16,-183.7,-204.33,-188.91,-203.53,-191.83,-201.31,-191.47,-201.1,-188.23,-198.07,-188.18,-198.78,-184.17,-198.91,-180.05,-195.56,-175.93,-190.37,-171.15,-181.65,-166.36,-173.82,-163.28,-157.31,-157.54,-166.07,-173.44,-165.83,-176.2,-164.69,-186.04,-163.47,-193.64,-160.65,-199.04,-165.09,-201.98,-167.07,-205.64,-167.43,-207.32,-165.44,-209.48,-158.49,-213.08,-152.01,-215.9,-149.55,-219.86,-148.59,-222.02,-145.47,-221.96,-140.57,-217.41,-134.62,-211.65,-123.65,-201.15,-111.18,-212.91,-105.59,-224.73,-103.31,-233.85,-90.68,-237.03,-89.48,-240.87,-83.24,-243.64,-78.31,-248.91,-82.75,-256.76,-89.96,-266.12,-87.61,-271.28,-88.15,-273.75,-85.78,-278.15,-81.23,-282.71,-77.73,-284.39,-77.73,-288.73,-78.83,-294.24,-80.06,-300.99,-81.72,-307.86,-85.05,-313.03,-84.48,-314.63,-242.87,-176.43,-230.87,-185.73,-222.63,-198.45,-231.05,-194.15,-239.46,-186.28,-255.39,-182.51,-263.44,-184.13,-274.01,-189.86,-277.41,-200.23,-277.23,-216.17,-274.38,-231.74,-267.76,-244.45,-264.53,-258.23,-271.87,-263.96,-286.73,-260.19,-294.78,-247.13,-299.07,-237.29,-301.22,-223.32,-299.97,-210.61,-250.19,-123.98,-258.07,-130.25,-262.37,-139.02,-263.09,-148.87,-261.65,-158.71,-255.93,-165.33,-241.79,-166.04,-226.03,-173.22,-221.74,-179.48,-215.65,-191.29,-215.49,-208.1,-210.66,-235.84,-188.65,-255.54,-184.71,-236.56,-192.05,-227.61,-197.95,-221.35,-204.22,-216.33,-196.88,-195.21,-190.97,-194.32,-188.65,-196.64,-184.17,-196.64,-184.17,-205.78,-180.23,-207.2,-179.52,-210.97,-173.79,-217.41,-173.26,-220.99,-169.31,-225.29,-171.46,-229.94,-175.23,-230.65,-175.58,-234.6,-211.02,-201.72,-156.47,-237.82,-136.15,-235.9,-122.29,-233.28,-102.93,-250.73,-104.6,-272.72,-113.69,-295.18,-128.52,-307.37,-224.67,-217.85,-223.13,-233.57,-217.89,-248.66,-201.88,-268.07],"name":"Left Arm","triangles":[169,166,168,168,166,167,161,159,160,165,166,169,170,229,169,229,165,169,171,229,170,161,158,159,172,229,171,227,158,161,229,228,165,162,227,161,0,172,173,1,229,172,1,172,0,228,164,165,164,162,163,228,162,164,227,157,158,228,227,162,227,156,157,226,155,156,226,156,227,18,226,227,229,12,228,12,13,228,17,227,228,16,17,228,230,229,1,2,230,1,17,18,227,13,15,228,15,16,228,226,154,155,226,152,154,152,153,154,230,12,229,225,226,18,151,152,226,22,225,18,13,14,15,225,151,226,19,22,18,2,9,230,9,12,230,20,21,19,21,22,19,150,151,225,9,11,12,3,8,2,8,9,2,224,225,22,26,224,22,23,26,22,4,7,3,25,26,23,9,10,11,224,149,150,224,150,225,24,25,23,7,8,3,219,148,149,224,219,149,146,147,148,219,146,148,26,222,224,220,219,224,6,7,4,5,6,4,222,220,224,137,135,136,218,217,219,205,222,27,219,217,145,27,222,26,219,145,146,142,140,141,33,31,32,138,135,137,213,139,140,142,213,140,205,206,222,213,133,138,215,213,142,213,138,139,217,144,145,143,215,142,133,134,138,134,135,138,217,216,144,33,30,31,28,205,27,216,143,144,216,215,143,33,34,30,220,221,219,221,218,219,211,132,133,211,133,213,222,221,220,34,29,30,221,207,218,234,205,28,29,36,28,36,234,28,35,36,29,34,35,29,207,217,218,207,216,217,214,213,215,206,207,221,206,221,222,130,132,211,129,130,211,208,214,216,207,208,216,216,214,215,212,211,213,212,213,214,210,212,214,209,210,214,208,209,214,205,204,206,204,207,206,130,131,132,210,211,212,234,233,205,233,204,205,209,223,210,210,129,211,39,37,38,204,208,207,223,126,210,127,129,210,41,234,36,204,209,208,40,41,36,126,127,210,127,128,129,203,223,209,41,42,234,43,233,234,42,43,234,232,231,204,202,125,126,223,202,126,202,124,125,202,123,124,202,201,123,201,121,122,201,122,123,176,202,223,233,232,204,203,176,223,200,120,121,201,200,121,43,44,233,175,201,202,231,176,203,231,50,176,45,232,233,44,45,233,200,119,120,46,47,231,48,50,231,46,231,232,200,118,119,175,200,201,48,49,50,50,177,176,45,46,232,199,117,200,200,117,118,47,48,231,175,174,200,174,199,200,51,52,177,52,178,177,50,51,177,178,174,175,177,178,175,108,106,107,199,116,117,179,174,178,53,179,178,52,53,178,109,193,108,174,198,199,115,116,199,198,115,199,193,105,106,193,106,108,198,114,115,198,197,114,194,193,109,110,194,109,193,104,105,54,179,53,194,104,193,54,180,179,197,113,114,186,61,62,197,196,113,111,195,110,195,194,110,63,186,62,180,97,179,113,196,112,112,195,111,196,195,112,185,60,61,186,185,61,180,96,97,98,197,198,97,98,198,64,187,63,187,186,63,181,180,54,55,181,54,103,104,194,195,103,194,65,187,64,185,59,60,95,96,180,196,101,195,102,103,195,66,187,65,185,184,59,99,196,197,98,99,197,101,102,195,184,58,59,182,181,55,85,185,186,100,101,196,99,100,196,94,95,180,181,94,180,67,187,66,56,182,55,187,85,186,85,86,185,183,57,58,184,183,58,87,184,185,86,87,185,57,183,56,183,182,56,188,85,187,67,68,187,93,94,181,88,183,184,68,188,187,183,90,182,182,92,181,92,93,181,87,88,184,69,188,68,88,89,183,89,90,183,91,92,182,90,91,182,188,189,85,189,84,85,69,70,188,70,189,188,189,83,84,70,71,189,190,82,83,189,190,83,191,81,82,190,191,82,73,191,190,72,190,189,192,76,79,76,77,79,191,80,81,191,192,80,71,72,189,75,76,192,191,74,192,72,73,190,74,75,192,73,74,191,79,77,78,80,192,79,40,36,37,39,40,37,198,97,174,179,97,174,202,175,176,177,175,176,209,203,204,231,203,204],"type":"mesh","transform":{},"userEdges":[97,174,174,175,175,176,203,204,204,205,205,206,206,207,207,208,208,209,209,203,127,210,210,211,211,212,212,213,213,214,214,215,215,216,216,217,217,218,218,219,219,220,220,221,221,222,222,206,126,223],"width":230,"edges":[73,74,74,75,75,76,76,77,77,78,78,79,79,80,80,81,81,82,82,83,83,84,84,85,85,86,86,87,87,88,88,89,89,90,90,91,91,92,92,93,93,94,94,95,95,96,96,97,97,98,98,99,99,100,100,101,101,102,102,103,103,104,104,105,105,106,106,107,107,108,108,109,109,110,110,111,111,112,112,113,113,114,114,115,115,116,116,117,117,118,118,119,119,120,120,121,121,122,122,123,123,124,124,125,125,126,126,127,127,128,128,129,129,130,130,131,131,132,132,133,133,134,134,135,135,136,136,137,137,138,138,139,139,140,140,141,141,142,142,143,143,144,144,145,145,146,146,147,147,148,148,149,149,150,150,151,151,152,152,153,153,154,154,155,155,156,156,157,157,158,158,159,159,160,160,161,161,162,162,163,163,164,164,165,165,166,166,167,167,168,168,169,169,170,170,171,171,172,172,173,173,0,0,1,1,2,2,3,3,4,4,5,5,6,6,7,7,8,8,9,9,10,10,11,11,12,12,13,13,14,14,15,15,16,16,17,17,18,18,19,19,20,20,21,21,22,22,23,23,24,24,25,25,26,26,27,27,28,28,29,29,30,30,31,31,32,32,33,33,34,34,35,35,36,36,37,37,38,38,39,39,40,40,41,41,42,42,43,43,44,44,45,45,46,46,47,47,48,48,49,49,50,50,51,51,52,52,53,53,54,54,55,55,56,56,57,57,58,58,59,59,60,60,61,61,62,62,63,63,64,64,65,65,66,66,67,67,68,68,69,69,70,70,71,71,72,72,73],"height":271,"weights":[1,14,1,1,14,1,1,14,1,1,14,1,1,14,1,1,14,1,1,14,1,1,14,1,1,14,1,1,14,1,1,14,1,1,14,1,1,14,1,1,14,1,1,14,1,2,14,0.99591,17,0.00409,2,14,0.94983,17,0.05017,2,14,0.87384,17,0.12616,2,14,0.35583,17,0.64417,2,14,0.12015,17,0.87985,2,14,0.09482,17,0.90518,2,14,0.09307,17,0.90693,2,14,0.04134,17,0.95866,2,14,0.00067,17,0.99933,2,14,0.00001,17,0.99999,1,17,1,1,17,1,1,17,1,1,17,1,1,17,1,1,17,1,1,17,1,1,17,1,1,17,1,1,17,1,1,17,1,1,17,1,1,17,1,1,17,1,1,17,1,1,17,1,1,17,1,1,17,1,1,17,1,1,17,1,1,17,1,1,17,1,1,17,1,1,17,1,1,17,1,1,17,1,1,17,1,1,17,1,1,17,1,1,17,1,1,17,1,1,17,1,1,17,1,1,17,1,1,17,1,1,17,1,1,17,1,1,17,1,1,17,1,1,17,1,1,17,1,1,17,1,1,17,1,1,17,1,1,17,1,1,17,1,1,17,1,1,17,1,1,17,1,1,17,1,1,17,1,1,17,1,1,17,1,1,17,1,1,17,1,1,17,1,1,17,1,1,17,1,1,17,1,1,17,1,1,17,1,1,17,1,1,17,1,1,17,1,1,17,1,1,17,1,1,17,1,1,17,1,1,17,1,1,17,1,1,17,1,1,17,1,1,17,1,1,17,1,1,17,1,1,17,1,1,17,1,1,17,1,1,17,1,1,17,1,1,17,1,1,17,1,1,17,1,1,17,1,1,17,1,1,17,1,1,17,1,1,17,1,1,17,1,1,17,1,1,17,1,1,17,1,1,17,1,1,17,1,1,17,1,1,17,1,1,17,1,1,17,1,1,17,1,1,17,1,1,17,1,1,17,1,1,17,1,1,17,1,1,17,1,1,17,1,1,17,1,1,17,1,1,17,1,1,17,1,1,17,1,1,17,1,1,17,1,1,17,1,1,17,1,1,17,1,1,17,1,1,17,1,1,17,1,1,17,1,1,17,1,1,17,1,1,17,1,1,17,1,1,17,1,1,17,1,1,17,1,1,17,1,1,17,1,1,17,1,2,14,0.00607,17,0.99393,2,14,0.19067,17,0.80933,2,14,0.78384,17,0.21616,2,14,0.86435,17,0.13565,2,14,0.96853,17,0.03147,2,14,0.99638,17,0.00362,1,14,1,1,14,1,1,14,1,1,14,1,1,14,1,1,14,1,1,14,1,1,14,1,1,14,1,1,14,1,1,14,1,1,14,1,1,14,1,1,17,1,1,17,1,1,17,1,1,17,1,1,17,1,1,17,1,1,17,1,1,17,1,1,17,1,1,17,1,1,17,1,1,17,1,1,17,1,1,17,1,1,17,1,1,17,1,1,17,1,1,17,1,1,17,1,1,17,1,1,17,1,1,17,1,1,17,1,1,17,1,1,17,1,1,17,1,1,17,1,1,17,1,1,17,1,1,17,1,1,17,1,1,17,1,1,17,1,1,17,1,1,17,1,1,17,1,1,17,1,1,17,1,1,17,1,1,17,1,1,17,1,1,17,1,1,17,1,1,17,1,1,17,1,1,17,1,1,17,1,1,17,1,1,17,1,1,17,1,1,17,1,2,14,0.00003,17,0.99997,1,17,1,1,14,1,1,14,1,1,14,1,1,14,1,1,17,1,1,17,1,1,17,1,1,17,1]}],"name":"Left Arm"}]}],"slot":[{"color":{},"name":"Shadow Botton","parent":"shadow"},{"z":1,"color":{},"name":"Scythe","parent":"Scythe"},{"z":2,"color":{},"name":"Left Arm","parent":"Arm Left"},{"z":3,"color":{},"name":"Tentacle B","parent":"Tentacle B"},{"z":4,"color":{},"name":"Tentacle C","parent":"Tentacle C"},{"z":5,"color":{},"name":"Tentacle A","parent":"Tentacle A"},{"z":6,"color":{},"name":"Head Top","parent":"chest Mid"},{"z":7,"color":{},"name":"Bottom","parent":"Lower Section A"},{"z":8,"color":{},"name":"Right ARm","parent":"Arm Right"}],"aabb":{"width":859,"y":-562.0140448731509,"height":562.0140448731509,"x":-427.73},"name":"Shaccad","ik":[{"bone":"Chest Top4","chain":1,"name":"RightARmIK","target":"RightARmIK"},{"bone":"Chest Top3","chain":1,"name":"ARmLEft","target":"ARmLEft"}],"bone":[{"name":"root","transform":{}},{"transform":{"y":-14.01,"x":12.21},"name":"shadow","parent":"root"},{"transform":{"y":-181.28,"x":-2.52},"name":"Mid","parent":"root"},{"transform":{"y":-212.6,"x":227.64},"name":"RightARmIK","parent":"root"},{"length":149,"transform":{"y":-172.95,"skX":89.34,"skY":89.34,"x":-2.85},"parent":"root","name":"Lower Section A"},{"length":194,"transform":{"y":-42.66,"skX":-141.56,"skY":-141.56,"x":-152.92},"parent":"root","name":"Lower Section Left"},{"length":252,"transform":{"y":-57.71,"skX":-5.86,"skY":-5.86,"x":82.4},"parent":"root","name":"Lower Section Right"},{"transform":{"y":-186.85,"x":-281.64},"name":"ARmLEft","parent":"root"},{"length":95,"transform":{"y":-5.62,"skX":-95.97,"skY":-95.97,"x":-0.43},"parent":"Mid","name":"chest Mid"},{"length":114,"transform":{"skX":-48.85,"skY":-48.85,"x":95.56},"parent":"chest Mid","name":"Chest Top"},{"length":139,"transform":{"y":61.43,"skX":84.36,"skY":84.36,"x":48.51},"parent":"Chest Top","name":"Tentacle B"},{"length":82,"transform":{"y":76.31,"skX":-151.2,"skY":-151.2,"x":35.49},"parent":"Chest Top","name":"Arm Right"},{"length":64,"transform":{"y":14.05,"skX":31.14,"skY":31.14,"x":137.44},"parent":"Chest Top","name":"Scythe"},{"length":129,"transform":{"y":79.3,"skX":63.35,"skY":63.35,"x":79.01},"parent":"Chest Top","name":"Tentacle A"},{"length":59,"transform":{"y":-37.47,"skX":-126.02,"skY":-126.02,"x":89.88},"parent":"Chest Top","name":"Arm Left"},{"length":118,"transform":{"y":77.76,"skX":119.65,"skY":119.65,"x":29.87},"parent":"Chest Top","name":"Tentacle C"},{"length":167,"transform":{"y":-6.88,"skX":-117.45,"skY":-117.45,"x":85.65},"parent":"Scythe","name":"Chest Top5"},{"length":183,"transform":{"skX":72.87,"skY":72.87,"x":59.19},"parent":"Arm Left","name":"Chest Top3"},{"length":205,"transform":{"skX":-41.52,"skY":-41.52,"x":82.07},"parent":"Arm Right","name":"Chest Top4"}]}],"isGlobal":0,"name":"Shaccad","version":"5.0"}