{"SubTexture":[{"frameX":-1,"frameHeight":49,"y":481,"frameY":-1,"frameWidth":859,"width":857,"height":47,"name":"Shadow Botton","x":1},{"width":210,"y":280,"height":177,"name":"Scythe","x":723},{"width":230,"y":207,"height":271,"name":"Left Arm","x":1},{"frameX":-1,"frameHeight":185,"y":530,"frameY":-1,"frameWidth":193,"width":191,"height":183,"name":"Tentacle B","x":1},{"frameX":-1,"frameHeight":172,"y":280,"frameY":-1,"frameWidth":278,"width":276,"height":170,"name":"Tentacle C","x":445},{"frameX":-1,"frameHeight":208,"y":459,"frameY":-1,"frameWidth":131,"width":129,"height":206,"name":"Tentacle A","x":860},{"width":210,"y":207,"height":272,"name":"Head Top","x":233},{"width":709,"y":1,"height":204,"name":"Bottom","x":1},{"width":274,"y":1,"height":277,"name":"Right ARm","x":712}],"width":1024,"height":1024,"name":"Shaccad","imagePath":"Shaccad_tex.png"}