{"frameRate":30,"armature":[{"type":"Armature","frameRate":30,"ik":[{"bendPositive":"false","chain":1,"name":"Right Arm IK","bone":"arm right B","target":"Right Arm IK"},{"chain":1,"name":"left arm IK","bone":"arm left B","target":"left arm IK"},{"bendPositive":"false","chain":1,"name":"WingA","bone":"chest upper3","target":"WingA"},{"chain":1,"name":"WinbBIK","bone":"chest upper7","target":"WinbBIK"}],"animation":[{"frame":[],"ffd":[],"bone":[{"frame":[{"duration":10,"transform":{}},{"duration":5,"transform":{}},{"duration":15,"transform":{}},{"duration":0,"transform":{}}],"name":"chest upper"},{"frame":[{"duration":10,"transform":{"x":-7.34}},{"duration":5,"curve":[0.25,0,0.045,1],"transform":{"x":-7.34}},{"duration":15,"curve":[0.25,0,0.75,1],"transform":{"y":71.03,"x":-7.34}},{"duration":0,"transform":{"x":-7.34}}],"name":"WingA"},{"frame":[{"duration":10,"curve":[0.25,0,1,0.49],"transform":{}},{"duration":5,"curve":[0.25,0,0.045,1],"transform":{"y":-84.19}},{"duration":15,"curve":[0.25,0,0.75,1],"transform":{"y":36.15}},{"duration":0,"transform":{}}],"name":"mid"},{"frame":[{"duration":10,"transform":{}},{"duration":5,"transform":{}},{"duration":15,"transform":{}},{"duration":0,"transform":{}}],"name":"root"},{"frame":[{"duration":10,"transform":{}},{"duration":5,"transform":{}},{"duration":15,"transform":{}},{"duration":0,"transform":{}}],"name":"chest lower"},{"frame":[{"duration":10,"transform":{}},{"duration":5,"transform":{}},{"duration":15,"transform":{}},{"duration":0,"transform":{}}],"name":"head"},{"frame":[{"duration":10,"curve":[0.25,0,1,0.49],"transform":{}},{"duration":5,"curve":[0.25,0,0.045,1],"transform":{"x":9.58}},{"duration":15,"curve":[0.25,0,0.75,1],"transform":{"y":-12.02,"x":5.25}},{"duration":0,"transform":{}}],"name":"Right Arm IK"},{"frame":[{"duration":10,"curve":[0.25,0,1,0.49],"transform":{"skX":0.28,"skY":0.28}},{"duration":5,"curve":[0.25,0,0.045,1],"transform":{"skX":9.14,"skY":9.14}},{"duration":15,"curve":[0.25,0,0.75,1],"transform":{"skX":-55.43,"skY":-55.43}},{"duration":0,"transform":{"skX":0.28,"skY":0.28}}],"name":"arm right"},{"frame":[{"duration":10,"curve":[0.25,0,1,0.49],"transform":{"skX":0.43,"skY":0.43}},{"duration":5,"curve":[0.25,0,0.045,1],"transform":{"skX":76.77,"skY":76.77}},{"duration":15,"curve":[0.25,0,0.75,1],"transform":{"skX":50.61,"skY":50.61}},{"duration":0,"transform":{"skX":0.43,"skY":0.43}}],"name":"arm right B"},{"frame":[{"duration":10,"transform":{}},{"duration":5,"curve":[0.25,0,0.045,1],"transform":{}},{"duration":15,"curve":[0.25,0,0.75,1],"transform":{"y":-22.13}},{"duration":0,"transform":{}}],"name":"left arm IK"},{"frame":[{"duration":10,"curve":[0.25,0,1,0.49],"transform":{"skX":-1.16,"skY":-1.16}},{"duration":5,"curve":[0.25,0,0.045,1],"transform":{"skX":-5.81,"skY":-5.81}},{"duration":15,"curve":[0.25,0,0.75,1],"transform":{"skX":59.86,"skY":59.86}},{"duration":0,"transform":{"skX":-1.16,"skY":-1.16}}],"name":"arm left"},{"frame":[{"duration":10,"curve":[0.25,0,1,0.49],"transform":{"skX":0.99,"skY":0.99}},{"duration":5,"curve":[0.25,0,0.045,1],"transform":{"skX":-64.33,"skY":-64.33}},{"duration":15,"curve":[0.25,0,0.75,1],"transform":{"skX":-39.97,"skY":-39.97}},{"duration":0,"transform":{"skX":0.99,"skY":0.99}}],"name":"arm left B"},{"frame":[{"duration":10,"transform":{}},{"duration":5,"transform":{}},{"duration":15,"transform":{}},{"duration":0,"transform":{}}],"name":"legs lower"},{"frame":[{"duration":10,"curve":[0.25,0,1,0.49],"transform":{"skX":5.48,"skY":5.48}},{"duration":5,"curve":[0.25,0,0.045,1],"transform":{"skX":6.9,"skY":6.9}},{"duration":15,"curve":[0.25,0,0.75,1],"transform":{"skX":0.84,"skY":0.84}},{"duration":0,"transform":{"skX":5.48,"skY":5.48}}],"name":"right wing"},{"frame":[{"duration":10,"curve":[0.25,0,1,0.49],"transform":{"skX":-7.56,"skY":-7.56}},{"duration":5,"curve":[0.25,0,0.045,1],"transform":{"skX":40.6,"skY":40.6}},{"duration":15,"curve":[0.25,0,0.75,1],"transform":{"skX":25.08,"skY":25.08}},{"duration":0,"transform":{"skX":-7.56,"skY":-7.56}}],"name":"chest upper3"},{"frame":[{"duration":10,"transform":{}},{"duration":5,"transform":{}},{"duration":15,"transform":{}},{"duration":0,"transform":{}}],"name":"chest upper4"},{"frame":[{"duration":10,"transform":{}},{"duration":5,"transform":{}},{"duration":15,"transform":{}},{"duration":0,"transform":{}}],"name":"chest upper5"},{"frame":[{"duration":10,"transform":{}},{"duration":5,"transform":{}},{"duration":15,"transform":{}},{"duration":0,"transform":{}}],"name":"chest upper6"},{"frame":[{"duration":10,"transform":{}},{"duration":5,"curve":[0.25,0,0.045,1],"transform":{}},{"duration":15,"curve":[0.25,0,0.75,1],"transform":{"y":65.16}},{"duration":0,"transform":{}}],"name":"WinbBIK"},{"frame":[{"duration":10,"curve":[0.25,0,1,0.49],"transform":{"skX":-0.02,"skY":-0.02}},{"duration":5,"curve":[0.25,0,0.045,1],"transform":{"skX":-8.36,"skY":-8.36}},{"duration":15,"curve":[0.25,0,0.75,1],"transform":{"skX":-6.51,"skY":-6.51}},{"duration":0,"transform":{"skX":-0.02,"skY":-0.02}}],"name":"left Wing"},{"frame":[{"duration":10,"curve":[0.25,0,1,0.49],"transform":{"skX":-0.05,"skY":-0.05}},{"duration":5,"curve":[0.25,0,0.045,1],"transform":{"skX":-48.22,"skY":-48.22}},{"duration":15,"curve":[0.25,0,0.75,1],"transform":{"skX":-13.44,"skY":-13.44}},{"duration":0,"transform":{"skX":-0.05,"skY":-0.05}}],"name":"chest upper7"},{"frame":[{"duration":10,"transform":{}},{"duration":5,"transform":{}},{"duration":15,"transform":{}},{"duration":0,"transform":{}}],"name":"chest upper8"},{"frame":[{"duration":10,"transform":{}},{"duration":5,"transform":{}},{"duration":15,"transform":{}},{"duration":0,"transform":{}}],"name":"chest upper9"},{"frame":[{"duration":10,"curve":[0.25,0,1,0.49],"transform":{}},{"duration":5,"curve":[0.25,0,0.045,1],"transform":{"scX":0.84}},{"duration":15,"curve":[0.25,0,0.75,1],"transform":{"scX":1.34}},{"duration":0,"transform":{}}],"name":"shadow"}],"ik":[],"duration":30,"slot":[],"name":"Attack A"},{"frame":[],"ffd":[],"bone":[{"frame":[{"duration":10,"transform":{}},{"duration":5,"transform":{}},{"duration":10,"transform":{}},{"duration":15,"transform":{}},{"duration":0,"transform":{}}],"name":"chest upper8"},{"frame":[{"duration":10,"transform":{}},{"duration":5,"transform":{}},{"duration":10,"transform":{}},{"duration":15,"transform":{}},{"duration":0,"transform":{}}],"name":"legs lower"},{"frame":[{"duration":10,"transform":{}},{"duration":5,"transform":{}},{"duration":10,"transform":{}},{"duration":15,"transform":{}},{"duration":0,"transform":{}}],"name":"chest upper"},{"frame":[{"duration":10,"curve":[0.25,0,1,0.48],"transform":{}},{"duration":5,"curve":[0.25,0,0.224,1],"transform":{"scX":0.76}},{"duration":10,"curve":[0.25,0,0.75,1],"transform":{"scX":1.24}},{"duration":15,"transform":{}},{"duration":0,"transform":{}}],"name":"shadow"},{"frame":[{"duration":10,"curve":[0.25,0,1,0.48],"transform":{"skX":0.28,"skY":0.28}},{"duration":5,"curve":[0.25,0,0.224,1],"transform":{"skX":13.19,"skY":13.19}},{"duration":10,"curve":[0.25,0,0.75,1],"transform":{"skX":-10.88,"skY":-10.88}},{"duration":15,"curve":[0.25,0,0.75,1],"transform":{"skX":13.19,"skY":13.19}},{"duration":0,"transform":{"skX":0.28,"skY":0.28}}],"name":"arm right"},{"frame":[{"duration":10,"curve":[0.25,0,1,0.48],"transform":{}},{"duration":5,"curve":[0.25,0,0.224,1],"transform":{"y":-157.21,"x":-26.47}},{"duration":10,"curve":[0.25,0,0.75,1],"transform":{"y":-33.13,"x":-44.18}},{"duration":15,"curve":[0.25,0,0.75,1],"transform":{"y":-63.14,"x":-14.35}},{"duration":0,"transform":{}}],"name":"Right Arm IK"},{"frame":[{"duration":10,"curve":[0.25,0,1,0.48],"transform":{"skX":0.99,"skY":0.99}},{"duration":5,"curve":[0.25,0,0.224,1],"transform":{"skX":22.7,"skY":22.7}},{"duration":10,"curve":[0.25,0,0.75,1],"transform":{"skX":-64.33,"skY":-64.33}},{"duration":15,"curve":[0.25,0,0.75,1],"transform":{"skX":22.7,"skY":22.7}},{"duration":0,"transform":{"skX":0.99,"skY":0.99}}],"name":"arm left B"},{"frame":[{"duration":10,"curve":[0.25,0,1,0.48],"transform":{"skX":5.48,"skY":5.48}},{"duration":5,"curve":[0.25,0,0.224,1],"transform":{"skX":7.31,"skY":7.31}},{"duration":10,"curve":[0.25,0,0.75,1],"transform":{"skX":-7.86,"skY":-7.86}},{"duration":15,"curve":[0.25,0,0.75,1],"transform":{"skX":7.31,"skY":7.31}},{"duration":0,"transform":{"skX":5.48,"skY":5.48}}],"name":"right wing"},{"frame":[{"duration":10,"transform":{}},{"duration":5,"curve":[0.25,0,0.224,1],"transform":{}},{"duration":5,"curve":[0.25,0,0.625,0.5],"transform":{"y":17.41,"x":-9.79}},{"duration":5,"curve":[0.375,0.5,0.75,1],"transform":{"y":8.7,"x":22.58}},{"duration":15,"curve":[0.25,0,0.75,1],"transform":{"x":54.96}},{"duration":0,"transform":{}}],"name":"WinbBIK"},{"frame":[{"duration":10,"transform":{"x":-7.34}},{"duration":5,"curve":[0.25,0,0.224,1],"transform":{"x":-7.34}},{"duration":10,"curve":[0.25,0,0.75,1],"transform":{"y":-91.39,"x":-58.48}},{"duration":15,"curve":[0.25,0,0.75,1],"transform":{"y":-33.66,"x":-25.89}},{"duration":0,"transform":{"x":-7.34}}],"name":"WingA"},{"frame":[{"duration":10,"curve":[0.25,0,1,0.48],"transform":{"skX":-0.02,"skY":-0.02}},{"duration":5,"curve":[0.25,0,0.224,1],"transform":{"skX":-8.87,"skY":-8.87}},{"duration":10,"curve":[0.25,0,0.75,1],"transform":{"skX":-54.38,"skY":-54.38}},{"duration":15,"curve":[0.25,0,0.75,1],"transform":{"skX":-8.87,"skY":-8.87}},{"duration":0,"transform":{"skX":-0.02,"skY":-0.02}}],"name":"left Wing"},{"frame":[{"duration":10,"curve":[0.25,0,1,0.48],"transform":{"skX":-7.56,"skY":-7.56}},{"duration":5,"curve":[0.25,0,0.224,1],"transform":{"skX":40.6,"skY":40.6}},{"duration":10,"curve":[0.25,0,0.75,1],"transform":{"skX":-6.06,"skY":-6.06}},{"duration":15,"curve":[0.25,0,0.75,1],"transform":{"skX":40.6,"skY":40.6}},{"duration":0,"transform":{"skX":-7.56,"skY":-7.56}}],"name":"chest upper3"},{"frame":[{"duration":10,"curve":[0.25,0,1,0.48],"transform":{}},{"duration":5,"curve":[0.25,0,0.224,1],"transform":{"y":-85.85}},{"duration":10,"curve":[0.25,0,0.75,1],"transform":{"y":-61.37,"x":-55.49}},{"duration":15,"curve":[0.25,0,0.75,1],"transform":{"y":-85.85}},{"duration":0,"transform":{}}],"name":"mid"},{"frame":[{"duration":10,"curve":[0.25,0,1,0.48],"transform":{"skX":0.43,"skY":0.43}},{"duration":5,"transform":{"skX":76.77,"skY":76.77}},{"duration":10,"transform":{"skX":76.77,"skY":76.77}},{"duration":15,"curve":[0.25,0,0.75,1],"transform":{"skX":76.77,"skY":76.77}},{"duration":0,"transform":{"skX":0.43,"skY":0.43}}],"name":"arm right B"},{"frame":[{"duration":10,"transform":{}},{"duration":5,"transform":{}},{"duration":10,"transform":{}},{"duration":15,"transform":{}},{"duration":0,"transform":{}}],"name":"chest lower"},{"frame":[{"duration":10,"transform":{}},{"duration":5,"transform":{}},{"duration":10,"transform":{}},{"duration":15,"transform":{}},{"duration":0,"transform":{}}],"name":"head"},{"frame":[{"duration":10,"curve":[0.25,0,1,0.48],"transform":{}},{"duration":5,"curve":[0.25,0,0.224,1],"transform":{"y":-37.97,"x":50.28}},{"duration":10,"curve":[0.25,0,0.75,1],"transform":{"y":-45.82,"x":-106.88}},{"duration":15,"curve":[0.25,0,0.75,1],"transform":{"y":-147,"x":32.93}},{"duration":0,"transform":{}}],"name":"left arm IK"},{"frame":[{"duration":10,"transform":{}},{"duration":5,"transform":{}},{"duration":10,"transform":{}},{"duration":15,"transform":{}},{"duration":0,"transform":{}}],"name":"chest upper4"},{"frame":[{"duration":10,"transform":{}},{"duration":5,"transform":{}},{"duration":10,"transform":{}},{"duration":15,"transform":{}},{"duration":0,"transform":{}}],"name":"chest upper9"},{"frame":[{"duration":10,"transform":{}},{"duration":5,"transform":{}},{"duration":10,"transform":{}},{"duration":15,"transform":{}},{"duration":0,"transform":{}}],"name":"root"},{"frame":[{"duration":10,"curve":[0.25,0,1,0.48],"transform":{"skX":-1.16,"skY":-1.16}},{"duration":5,"curve":[0.25,0,0.224,1],"transform":{"skX":38.59,"skY":38.59}},{"duration":10,"curve":[0.25,0,0.75,1],"transform":{"skX":32.35,"skY":32.35}},{"duration":15,"curve":[0.25,0,0.75,1],"transform":{"skX":38.59,"skY":38.59}},{"duration":0,"transform":{"skX":-1.16,"skY":-1.16}}],"name":"arm left"},{"frame":[{"duration":10,"transform":{}},{"duration":5,"transform":{}},{"duration":10,"transform":{}},{"duration":15,"transform":{}},{"duration":0,"transform":{}}],"name":"chest upper5"},{"frame":[{"duration":10,"curve":[0.25,0,1,0.48],"transform":{"skX":-0.05,"skY":-0.05}},{"duration":5,"curve":[0.25,0,0.224,1],"transform":{"skX":-48.22,"skY":-48.22}},{"duration":10,"curve":[0.25,0,0.75,1],"transform":{"skX":10.89,"skY":10.89}},{"duration":15,"curve":[0.25,0,0.75,1],"transform":{"skX":-48.22,"skY":-48.22}},{"duration":0,"transform":{"skX":-0.05,"skY":-0.05}}],"name":"chest upper7"},{"frame":[{"duration":10,"transform":{}},{"duration":5,"transform":{}},{"duration":10,"transform":{}},{"duration":15,"transform":{}},{"duration":0,"transform":{}}],"name":"chest upper6"}],"ik":[],"duration":40,"slot":[],"name":"Attack B"},{"frame":[],"ffd":[],"bone":[{"frame":[{"duration":10,"transform":{}},{"duration":5,"transform":{}},{"duration":10,"transform":{}},{"duration":15,"transform":{}},{"duration":0,"transform":{}}],"name":"chest upper8"},{"frame":[{"duration":10,"transform":{}},{"duration":5,"transform":{}},{"duration":10,"transform":{}},{"duration":15,"transform":{}},{"duration":0,"transform":{}}],"name":"legs lower"},{"frame":[{"duration":10,"transform":{}},{"duration":5,"transform":{}},{"duration":10,"transform":{}},{"duration":15,"transform":{}},{"duration":0,"transform":{}}],"name":"chest upper"},{"frame":[{"duration":10,"curve":[0.25,0,1,0.48],"transform":{}},{"duration":5,"curve":[0.25,0,0.224,1],"transform":{"scX":0.76}},{"duration":10,"curve":[0.25,0,0.75,1],"transform":{"scX":1.24}},{"duration":15,"transform":{}},{"duration":0,"transform":{}}],"name":"shadow"},{"frame":[{"duration":10,"curve":[0.25,0,1,0.48],"transform":{"skX":0.28,"skY":0.28}},{"duration":5,"curve":[0.25,0,0.224,1],"transform":{"skX":13.19,"skY":13.19}},{"duration":10,"curve":[0.25,0,0.75,1],"transform":{"skX":-10.88,"skY":-10.88}},{"duration":15,"curve":[0.25,0,0.75,1],"transform":{"skX":13.19,"skY":13.19}},{"duration":0,"transform":{"skX":0.28,"skY":0.28}}],"name":"arm right"},{"frame":[{"duration":10,"curve":[0.25,0,1,0.48],"transform":{}},{"duration":5,"curve":[0.25,0,0.224,1],"transform":{"y":-55.16,"x":0.18}},{"duration":10,"curve":[0.25,0,0.75,1],"transform":{"y":-103.98,"x":-200.18}},{"duration":15,"curve":[0.25,0,0.75,1],"transform":{"y":-135.29,"x":-25.4}},{"duration":0,"transform":{}}],"name":"Right Arm IK"},{"frame":[{"duration":10,"curve":[0.25,0,1,0.48],"transform":{"skX":0.99,"skY":0.99}},{"duration":5,"curve":[0.25,0,0.224,1],"transform":{"skX":22.7,"skY":22.7}},{"duration":10,"curve":[0.25,0,0.75,1],"transform":{"skX":-64.33,"skY":-64.33}},{"duration":15,"curve":[0.25,0,0.75,1],"transform":{"skX":22.7,"skY":22.7}},{"duration":0,"transform":{"skX":0.99,"skY":0.99}}],"name":"arm left B"},{"frame":[{"duration":10,"curve":[0.25,0,1,0.48],"transform":{"skX":5.48,"skY":5.48}},{"duration":5,"curve":[0.25,0,0.224,1],"transform":{"skX":7.31,"skY":7.31}},{"duration":10,"curve":[0.25,0,0.75,1],"transform":{"skX":-7.86,"skY":-7.86}},{"duration":15,"curve":[0.25,0,0.75,1],"transform":{"skX":7.31,"skY":7.31}},{"duration":0,"transform":{"skX":5.48,"skY":5.48}}],"name":"right wing"},{"frame":[{"duration":10,"transform":{}},{"duration":5,"curve":[0.25,0,0.224,1],"transform":{}},{"duration":5,"curve":[0.25,0,0.625,0.5],"transform":{"y":17.41,"x":-9.79}},{"duration":5,"curve":[0.375,0.5,0.75,1],"transform":{"y":8.7,"x":22.58}},{"duration":15,"curve":[0.25,0,0.75,1],"transform":{"x":54.96}},{"duration":0,"transform":{}}],"name":"WinbBIK"},{"frame":[{"duration":10,"transform":{"x":-7.34}},{"duration":5,"curve":[0.25,0,0.224,1],"transform":{"x":-7.34}},{"duration":10,"curve":[0.25,0,0.75,1],"transform":{"y":-91.39,"x":-58.48}},{"duration":15,"curve":[0.25,0,0.75,1],"transform":{"y":-33.66,"x":-25.89}},{"duration":0,"transform":{"x":-7.34}}],"name":"WingA"},{"frame":[{"duration":10,"curve":[0.25,0,1,0.48],"transform":{"skX":-0.02,"skY":-0.02}},{"duration":5,"curve":[0.25,0,0.224,1],"transform":{"skX":-8.87,"skY":-8.87}},{"duration":10,"curve":[0.25,0,0.75,1],"transform":{"skX":-54.38,"skY":-54.38}},{"duration":15,"curve":[0.25,0,0.75,1],"transform":{"skX":-8.87,"skY":-8.87}},{"duration":0,"transform":{"skX":-0.02,"skY":-0.02}}],"name":"left Wing"},{"frame":[{"duration":10,"curve":[0.25,0,1,0.48],"transform":{"skX":-7.56,"skY":-7.56}},{"duration":5,"curve":[0.25,0,0.224,1],"transform":{"skX":40.6,"skY":40.6}},{"duration":10,"curve":[0.25,0,0.75,1],"transform":{"skX":-6.06,"skY":-6.06}},{"duration":15,"curve":[0.25,0,0.75,1],"transform":{"skX":40.6,"skY":40.6}},{"duration":0,"transform":{"skX":-7.56,"skY":-7.56}}],"name":"chest upper3"},{"frame":[{"duration":10,"curve":[0.25,0,1,0.48],"transform":{}},{"duration":5,"curve":[0.25,0,0.224,1],"transform":{"y":-85.85}},{"duration":10,"curve":[0.25,0,0.75,1],"transform":{"y":-61.37,"x":-55.49}},{"duration":15,"curve":[0.25,0,0.75,1],"transform":{"y":-85.85}},{"duration":0,"transform":{}}],"name":"mid"},{"frame":[{"duration":10,"curve":[0.25,0,1,0.48],"transform":{"skX":0.43,"skY":0.43}},{"duration":5,"transform":{"skX":76.77,"skY":76.77}},{"duration":10,"transform":{"skX":76.77,"skY":76.77}},{"duration":15,"curve":[0.25,0,0.75,1],"transform":{"skX":76.77,"skY":76.77}},{"duration":0,"transform":{"skX":0.43,"skY":0.43}}],"name":"arm right B"},{"frame":[{"duration":10,"transform":{}},{"duration":5,"transform":{}},{"duration":10,"transform":{}},{"duration":15,"transform":{}},{"duration":0,"transform":{}}],"name":"chest lower"},{"frame":[{"duration":10,"transform":{}},{"duration":5,"transform":{}},{"duration":10,"transform":{}},{"duration":15,"transform":{}},{"duration":0,"transform":{}}],"name":"head"},{"frame":[{"duration":10,"curve":[0.25,0,1,0.48],"transform":{}},{"duration":5,"curve":[0.25,0,0.224,1],"transform":{"y":-160.82,"x":32.08}},{"duration":10,"curve":[0.25,0,0.75,1],"transform":{"y":-32.17,"x":-14.58}},{"duration":15,"curve":[0.25,0,0.75,1],"transform":{"y":-58.27,"x":58.93}},{"duration":0,"transform":{}}],"name":"left arm IK"},{"frame":[{"duration":10,"transform":{}},{"duration":5,"transform":{}},{"duration":10,"transform":{}},{"duration":15,"transform":{}},{"duration":0,"transform":{}}],"name":"chest upper4"},{"frame":[{"duration":10,"transform":{}},{"duration":5,"transform":{}},{"duration":10,"transform":{}},{"duration":15,"transform":{}},{"duration":0,"transform":{}}],"name":"chest upper9"},{"frame":[{"duration":10,"transform":{}},{"duration":5,"transform":{}},{"duration":10,"transform":{}},{"duration":15,"transform":{}},{"duration":0,"transform":{}}],"name":"root"},{"frame":[{"duration":10,"curve":[0.25,0,1,0.48],"transform":{"skX":-1.16,"skY":-1.16}},{"duration":5,"curve":[0.25,0,0.224,1],"transform":{"skX":38.59,"skY":38.59}},{"duration":10,"curve":[0.25,0,0.75,1],"transform":{"skX":32.35,"skY":32.35}},{"duration":15,"curve":[0.25,0,0.75,1],"transform":{"skX":38.59,"skY":38.59}},{"duration":0,"transform":{"skX":-1.16,"skY":-1.16}}],"name":"arm left"},{"frame":[{"duration":10,"transform":{}},{"duration":5,"transform":{}},{"duration":10,"transform":{}},{"duration":15,"transform":{}},{"duration":0,"transform":{}}],"name":"chest upper5"},{"frame":[{"duration":10,"curve":[0.25,0,1,0.48],"transform":{"skX":-0.05,"skY":-0.05}},{"duration":5,"curve":[0.25,0,0.224,1],"transform":{"skX":-48.22,"skY":-48.22}},{"duration":10,"curve":[0.25,0,0.75,1],"transform":{"skX":10.89,"skY":10.89}},{"duration":15,"curve":[0.25,0,0.75,1],"transform":{"skX":-48.22,"skY":-48.22}},{"duration":0,"transform":{"skX":-0.05,"skY":-0.05}}],"name":"chest upper7"},{"frame":[{"duration":10,"transform":{}},{"duration":5,"transform":{}},{"duration":10,"transform":{}},{"duration":15,"transform":{}},{"duration":0,"transform":{}}],"name":"chest upper6"}],"ik":[],"duration":40,"slot":[],"name":"Attack C"},{"frame":[],"ffd":[],"bone":[{"frame":[{"duration":30,"transform":{}},{"duration":0,"transform":{}}],"name":"chest upper8"},{"frame":[{"duration":30,"transform":{}},{"duration":0,"transform":{}}],"name":"legs lower"},{"frame":[{"duration":30,"transform":{}},{"duration":0,"transform":{}}],"name":"chest upper5"},{"frame":[{"duration":30,"transform":{}},{"duration":0,"transform":{}}],"name":"shadow"},{"frame":[{"duration":30,"transform":{"skX":0.28,"skY":0.28}},{"duration":0,"transform":{"skX":0.28,"skY":0.28}}],"name":"arm right"},{"frame":[{"duration":10,"curve":[0.25,0,0,1],"transform":{}},{"duration":20,"curve":[0.25,0,0.75,1],"transform":{"y":42.35,"x":47.97}},{"duration":0,"transform":{}}],"name":"Right Arm IK"},{"frame":[{"duration":30,"transform":{"skX":0.99,"skY":0.99}},{"duration":0,"transform":{"skX":0.99,"skY":0.99}}],"name":"arm left B"},{"frame":[{"duration":30,"transform":{"skX":5.48,"skY":5.48}},{"duration":0,"transform":{"skX":5.48,"skY":5.48}}],"name":"right wing"},{"frame":[{"duration":30,"transform":{"x":-7.34}},{"duration":0,"transform":{"x":-7.34}}],"name":"WingA"},{"frame":[{"duration":30,"transform":{"skX":0.43,"skY":0.43}},{"duration":0,"transform":{"skX":0.43,"skY":0.43}}],"name":"arm right B"},{"frame":[{"duration":30,"transform":{"skX":-7.56,"skY":-7.56}},{"duration":0,"transform":{"skX":-7.56,"skY":-7.56}}],"name":"chest upper3"},{"frame":[{"duration":10,"curve":[0.25,0,0,1],"transform":{}},{"duration":20,"curve":[0.25,0,0.75,1],"transform":{"y":19.95,"x":35.91}},{"duration":0,"transform":{}}],"name":"mid"},{"frame":[{"duration":30,"transform":{"skX":-0.02,"skY":-0.02}},{"duration":0,"transform":{"skX":-0.02,"skY":-0.02}}],"name":"left Wing"},{"frame":[{"duration":30,"transform":{}},{"duration":0,"transform":{}}],"name":"chest upper4"},{"frame":[{"duration":10,"curve":[0.25,0,0,1],"transform":{}},{"duration":20,"curve":[0.25,0,0.75,1],"transform":{"y":55.1,"x":66.78}},{"duration":0,"transform":{}}],"name":"left arm IK"},{"frame":[{"duration":30,"transform":{}},{"duration":0,"transform":{}}],"name":"chest upper"},{"frame":[{"duration":30,"transform":{}},{"duration":0,"transform":{}}],"name":"chest upper9"},{"frame":[{"duration":30,"transform":{}},{"duration":0,"transform":{}}],"name":"root"},{"frame":[{"duration":30,"transform":{}},{"duration":0,"transform":{}}],"name":"chest lower"},{"frame":[{"duration":30,"transform":{"skX":-1.16,"skY":-1.16}},{"duration":0,"transform":{"skX":-1.16,"skY":-1.16}}],"name":"arm left"},{"frame":[{"duration":30,"transform":{}},{"duration":0,"transform":{}}],"name":"head"},{"frame":[{"duration":10,"curve":[0.25,0,0,1],"transform":{}},{"duration":20,"curve":[0.25,0,0.75,1],"transform":{"x":45.67}},{"duration":0,"transform":{}}],"name":"WinbBIK"},{"frame":[{"duration":30,"transform":{"skX":-0.05,"skY":-0.05}},{"duration":0,"transform":{"skX":-0.05,"skY":-0.05}}],"name":"chest upper7"},{"frame":[{"duration":30,"transform":{}},{"duration":0,"transform":{}}],"name":"chest upper6"}],"ik":[],"duration":30,"slot":[],"name":"Damage"},{"frame":[],"ffd":[],"bone":[{"frame":[{"duration":30,"curve":[0.25,0,0.75,1],"transform":{}},{"duration":30,"curve":[0.25,0,0.75,1],"transform":{"y":-28.92}},{"duration":0,"transform":{}}],"name":"mid"},{"frame":[{"duration":60,"transform":{"x":-7.34}}],"name":"WingA"},{"frame":[{"duration":30,"transform":{}},{"duration":30,"transform":{}},{"duration":0,"transform":{}}],"name":"chest upper"},{"frame":[{"duration":60,"transform":{}}],"name":"root"},{"frame":[{"duration":60,"transform":{}}],"name":"Right Arm IK"},{"frame":[{"duration":60,"transform":{}}],"name":"WinbBIK"},{"frame":[{"duration":60,"transform":{}}],"name":"shadow"},{"frame":[{"duration":60,"transform":{}}],"name":"left arm IK"},{"frame":[{"duration":60,"transform":{}}],"name":"chest lower"},{"frame":[{"duration":60,"transform":{}}],"name":"legs lower"},{"frame":[{"duration":60,"transform":{}}],"name":"arm right"},{"frame":[{"duration":60,"transform":{}}],"name":"arm left"},{"frame":[{"duration":60,"transform":{}}],"name":"right wing"},{"frame":[{"duration":60,"transform":{}}],"name":"left Wing"},{"frame":[{"duration":60,"transform":{}}],"name":"head"},{"frame":[{"duration":60,"transform":{}}],"name":"chest upper7"},{"frame":[{"duration":60,"transform":{}}],"name":"arm right B"},{"frame":[{"duration":60,"transform":{}}],"name":"arm left B"},{"frame":[{"duration":60,"transform":{}}],"name":"chest upper3"},{"frame":[{"duration":60,"transform":{}}],"name":"chest upper8"},{"frame":[{"duration":60,"transform":{}}],"name":"chest upper4"},{"frame":[{"duration":60,"transform":{}}],"name":"chest upper5"},{"frame":[{"duration":60,"transform":{}}],"name":"chest upper9"},{"frame":[{"duration":60,"transform":{}}],"name":"chest upper6"}],"ik":[],"duration":60,"slot":[],"name":"Idle"}],"skin":[{"name":"","slot":[{"display":[{"slotPose":[1,0,0,1,0,0],"uvs":[0.13352,0.38992,0.22119,0.35522,0.30886,0.32052,0.40905,0.27942,0.50924,0.23833,0.56434,0.2639,0.65326,0.18171,0.74218,0.09953,0.82358,0.05204,0.90499,0.00455,0.9651,0,0.89246,0.12509,0.79478,0.21367,0.69709,0.30225,0.81732,0.31321,0.92002,0.35887,0.99015,0.4648,0.94005,0.56708,0.89747,0.64927,0.76472,0.67392,0.63197,0.69858,0.57186,0.71136,0.64449,0.73693,0.5443,0.78807,0.63698,0.84469,0.72966,0.90131,0.65827,0.91957,0.58688,0.93784,0.48669,0.95519,0.3865,0.97254,0.24874,1,0.15607,1,0.12601,0.95975,0,0.98532,0,0.92505,0.06927,0.873,0.13853,0.82095,0.13853,0.75885,0.19113,0.77164,0.20616,0.73328,0.11849,0.70223,0.07216,0.64288,0.02582,0.58352,0.03959,0.50955,0.05337,0.43558,0.30545,0.61101,0.28898,0.81398,0.54875,0.45558,0.80076,0.4982,0.40617,0.478,0.66918,0.55664,0.19449,0.53168,0.38387,0.77165,0.46518,0.6056,0.26975,0.46619,0.68266,0.39847,0.57702,0.60562,0.51993,0.35213,0.47709,0.85489,0.21947,0.90533,0.47487,0.70651,0.35386,0.70713,0.09586,0.51672,0.78354,0.37425,0.81445,0.58905,0.88704,0.45254,0.4386,0.37707,0.20865,0.65447,0.36034,0.57351],"vertices":[-25.76,-229.85,-16.56,-234.85,-7.35,-239.84,3.17,-245.76,13.69,-251.68,19.48,-247.99,28.81,-259.84,38.15,-271.67,46.7,-278.51,55.25,-285.34,61.55,-286,53.93,-267.99,43.67,-255.23,33.41,-242.48,46.04,-240.9,56.82,-234.32,64.19,-219.06,58.93,-204.34,54.45,-192.5,40.52,-188.96,26.57,-185.4,20.27,-183.57,27.89,-179.89,17.38,-172.52,27.1,-164.37,36.83,-156.22,29.34,-153.58,21.84,-150.95,11.32,-148.45,0.8,-145.96,-13.66,-142,-23.4,-142,-26.55,-147.8,-39.77,-144.12,-39.77,-152.79,-32.51,-160.29,-25.24,-167.78,-25.24,-176.72,-19.71,-174.89,-18.13,-180.4,-27.34,-184.88,-32.2,-193.42,-37.07,-201.97,-35.63,-212.62,-34.18,-223.28,-7.71,-198.02,-9.44,-168.79,17.84,-220.4,44.3,-214.26,2.87,-217.17,30.48,-205.84,-19.36,-209.44,0.53,-174.88,9.06,-198.79,-11.46,-218.87,31.89,-228.62,20.81,-198.79,14.81,-235.3,10.31,-162.9,-16.73,-155.63,10.09,-184.26,-2.63,-184.17,-29.72,-211.59,42.5,-232.11,45.73,-201.17,53.35,-220.83,6.27,-231.7,-17.87,-191.76,-1.95,-203.41],"path":"Layer 7 Copy 2","weights":[2,7,0.08564,9,0.91436,2,7,0.03102,9,0.96898,2,7,0.00308,9,0.99692,1,9,1,1,9,1,1,9,1,1,9,1,1,9,1,1,9,1,1,9,1,1,9,1,1,9,1,1,9,1,1,9,1,2,7,0.00108,9,0.99892,2,7,0.01026,9,0.98974,2,7,0.0413,9,0.9587,2,7,0.10851,9,0.89149,2,7,0.18019,9,0.81981,2,7,0.31639,9,0.68361,2,7,0.6722,9,0.3278,2,7,0.93076,9,0.06924,1,7,1,1,7,1,1,7,1,1,7,1,1,7,1,1,7,1,1,7,1,1,7,1,1,7,1,1,7,1,1,7,1,1,7,1,1,7,1,2,7,0.99996,9,0.00004,2,7,0.99211,9,0.00789,2,7,0.97716,9,0.02284,2,7,0.95727,9,0.04273,2,7,0.8372,9,0.1628,2,7,0.61965,9,0.38035,2,7,0.46883,9,0.53117,2,7,0.34548,9,0.65452,2,7,0.23277,9,0.76723,2,7,0.14492,9,0.85508,2,7,0.52242,9,0.47758,2,7,0.98949,9,0.01051,2,7,0.00018,9,0.99982,2,7,0.06785,9,0.93215,2,7,0.00849,9,0.99151,2,7,0.16076,9,0.83924,2,7,0.24433,9,0.75567,2,7,0.99695,9,0.00305,2,7,0.52789,9,0.47211,2,7,0.08069,9,0.91931,2,7,0.00354,9,0.99646,2,7,0.39018,9,0.60982,1,9,1,1,7,1,2,7,0.99997,9,0.00003,1,7,1,2,7,0.93912,9,0.06088,2,7,0.23543,9,0.76457,2,7,0.00487,9,0.99513,2,7,0.17296,9,0.82704,2,7,0.03574,9,0.96426,1,9,1,2,7,0.61652,9,0.38348,2,7,0.2838,9,0.7162],"triangles":[9,11,10,65,17,16,15,65,16,8,11,9,65,48,17,48,64,17,64,18,17,63,65,15,14,63,15,64,19,18,8,7,11,7,12,11,63,48,65,7,6,12,63,55,48,48,50,64,50,19,64,13,63,14,55,50,48,6,13,12,13,55,63,56,20,50,47,50,55,50,20,19,6,5,13,24,26,25,57,55,13,5,57,13,57,47,55,24,27,26,47,56,50,56,21,20,58,27,24,21,23,22,23,58,24,49,53,47,60,23,21,60,21,56,53,60,56,47,53,56,58,28,27,57,66,47,4,57,5,4,3,57,60,52,23,66,49,47,52,58,23,49,68,53,3,66,57,58,29,28,53,61,60,45,61,53,46,29,58,52,46,58,61,52,60,68,45,53,46,59,29,3,2,66,54,49,66,2,54,66,1,54,2,54,68,49,61,46,52,59,30,29,51,45,68,54,51,68,39,46,61,45,67,61,67,39,61,39,38,46,51,67,45,1,0,54,36,59,46,38,36,46,32,31,59,59,31,30,0,51,54,0,62,51,44,62,0,62,41,51,51,41,67,67,40,39,36,35,59,35,32,59,42,41,62,41,40,67,37,36,38,35,34,32,44,43,62,34,33,32,43,42,62],"type":"mesh","transform":{},"userEdges":[],"width":105,"edges":[33,32,32,31,31,30,30,29,29,28,28,27,27,26,26,25,25,24,24,23,23,22,22,21,21,20,20,19,19,18,18,17,17,16,16,15,15,14,14,13,13,12,12,11,11,10,10,9,9,8,8,7,7,6,6,5,5,4,4,3,3,2,2,1,1,0,0,44,44,43,43,42,42,41,41,40,40,39,39,38,38,37,37,36,36,35,35,34,34,33],"height":144,"name":"Layer 7 Copy 2","bonePose":[7,0.2960414870755524,-0.955175082343596,0.955175082343596,0.2960414870755524,-1.25,-161.94,9,-0.15798572862639876,-0.9874413955017208,0.9874413955017208,-0.15798572862639876,10.18608264572859,-198.83841343093312]}],"name":"Layer 7 Copy 2"},{"display":[{"path":"Layer 7 Copy 3","type":"image","name":"Layer 7 Copy 3","transform":{"skX":112.29,"skY":112.29,"y":0.66,"x":18.92}}],"name":"Layer 7 Copy 3"},{"display":[{"path":"Layer 7 Copy","type":"image","name":"Layer 7 Copy","transform":{"skX":158.55,"skY":158.55,"y":-14.54,"x":58.53}}],"name":"Layer 7 Copy"},{"display":[{"path":"Layer 7 Copy 4","type":"image","name":"Layer 7 Copy 4","transform":{"skX":-137.12,"skY":-137.12,"y":55.62,"x":72.25}}],"name":"Layer 7 Copy 4"},{"display":[{"triangles":[15,13,14,54,12,13,15,54,13,16,54,15,11,9,10,54,48,12,48,11,12,16,65,54,11,60,9,65,48,54,60,8,9,48,60,11,18,57,17,17,57,16,44,7,8,60,44,8,57,65,16,57,41,48,53,3,4,57,48,65,45,53,4,48,41,60,53,2,3,5,45,4,44,6,7,46,41,57,44,64,6,55,44,60,41,55,60,43,55,41,45,61,53,51,1,2,53,51,2,19,57,18,45,5,6,64,45,6,19,46,57,37,38,0,40,51,53,55,64,44,37,0,1,51,37,1,55,42,64,64,61,45,61,40,53,40,58,51,20,46,19,47,61,64,46,43,41,52,43,46,42,47,64,43,56,55,49,37,51,66,47,42,35,36,37,62,40,61,20,52,46,58,49,51,52,39,43,56,42,55,47,62,61,21,52,20,56,50,42,49,35,37,50,66,42,62,58,40,59,56,43,39,59,43,34,35,49,21,63,52,33,49,58,62,33,58,32,62,47,33,34,49,63,39,52,66,32,47,59,30,50,50,31,66,59,50,56,30,31,50,32,33,62,27,59,39,31,32,66,63,25,39,22,63,21,25,27,39,22,23,63,29,30,59,27,29,59,23,25,63,27,28,29,26,27,25,24,25,23],"width":75,"edges":[28,29,29,30,30,31,31,32,32,33,33,34,34,35,35,36,36,37,37,38,38,0,0,1,1,2,2,3,3,4,4,5,5,6,6,7,7,8,8,9,9,10,10,11,11,12,12,13,13,14,14,15,15,16,16,17,17,18,18,19,19,20,20,21,21,22,22,23,23,24,24,25,25,26,26,27,27,28],"type":"mesh","vertices":[114.02,-6.52,99.84,-9.78,85.67,-13.04,71.5,-16.3,57.33,-19.56,52.55,-14.46,45.03,-14.57,40.05,-19.4,35.07,-24.23,30.08,-29.06,25.1,-33.89,21.48,-27.6,12.51,-32.78,3.54,-37.96,-9.59,-40.27,-7.24,-32.24,-4.89,-24.22,-17.59,-23.23,-18.91,-13.37,-17.16,-4.54,-15.4,4.3,-13.65,13.14,-11.9,21.98,-6.04,22.77,-3.76,27.74,2.16,24.77,6.56,29.35,12.48,26.33,18.27,32.11,26.7,26.21,35.13,20.31,51.36,19.37,54.91,17.31,74.54,17.47,94.16,17.64,104.12,12.61,114.08,7.58,99.09,1.73,114.2,-0.41,8.45,14.25,71.07,1.88,10.86,-8.46,39.8,2.28,15.53,2.57,31.74,-11.14,54.32,-8.15,-1.97,-3.72,55.27,7.09,12.56,-18.17,90.58,9.26,37.17,11.87,86.06,-3.14,-1.38,6.12,70.19,-8.87,4.64,-29.65,29.95,-2.46,27.64,8.14,-5.29,-13.67,75.51,6.51,24.59,17.84,26.13,-17.36,58.13,-1.15,66.26,10.05,-3.73,17.17,43.16,-5.87,-2.1,-21.77,50.79,11.33],"transform":{},"path":"Layer 7 Copy 6","uvs":[0.53337,0.99807,0.57411,0.89652,0.61484,0.79497,0.65557,0.69341,0.69631,0.59186,0.62737,0.55829,0.62737,0.50457,0.69082,0.46848,0.75427,0.4324,0.81772,0.39631,0.88117,0.36022,0.79657,0.33504,0.86394,0.27041,0.93131,0.20579,0.95951,0.11179,0.85297,0.12941,0.74644,0.14704,0.73077,0.0564,0.59917,0.048,0.48167,0.06143,0.36417,0.07486,0.24667,0.08829,0.12917,0.10172,0.11977,0.14368,0.05397,0.16047,0.09471,0.20243,0.03447,0.23432,0.07591,0.27629,0,0.31825,0.08025,0.37784,0.16051,0.43743,0.17617,0.55325,0.20437,0.57843,0.20594,0.71859,0.20751,0.85875,0.27644,0.92938,0.34537,1,0.42057,0.89232,0.45191,1,0.23618,0.24625,0.4131,0.69222,0.53937,0.26115,0.40183,0.4689,0.39324,0.29562,0.57911,0.41001,0.54366,0.57158,0.47374,0.16999,0.34062,0.57989,0.6692,0.27223,0.31854,0.83235,0.27348,0.45116,0.48298,0.79879,0.34271,0.17525,0.55632,0.68481,0.82064,0.2145,0.46306,0.3981,0.32135,0.38269,0.60576,0.14524,0.35219,0.72441,0.19136,0.36193,0.66099,0.36924,0.45108,0.5995,0.30324,0.65873,0.19488,0.1596,0.51105,0.49206,0.71431,0.16721,0.28327,0.54837],"height":140,"name":"Layer 7 Copy 6","userEdges":[]}],"name":"Layer 7 Copy 6"},{"display":[{"slotPose":[1,0,0,1,0,0],"uvs":[1,0.71607,0.87685,0.75814,0.75369,0.80021,0.64973,0.77134,0.54576,0.74247,0.54576,0.78536,0.46779,0.70535,0.38981,0.62533,0.40789,0.53789,0.37625,0.49665,0.45875,0.43066,0.54124,0.36466,0.67007,0.28877,0.79889,0.21288,0.83506,0.13699,0.74352,0.16421,0.65199,0.19144,0.71979,0.11885,0.78759,0.04625,0.80115,0,0.68589,0.02316,0.59887,0.09162,0.51186,0.16009,0.55254,0.04955,0.45536,0.1007,0.37851,0.18319,0.3932,0.10565,0.40789,0.02811,0.30619,0.0941,0.24969,0.16586,0.19318,0.23763,0.17962,0.29207,0.1525,0.23103,0.10504,0.31517,0.09826,0.35477,0.04176,0.29537,0.01916,0.42076,0.0395,0.50325,0.05984,0.58574,0,0.52964,0,0.61213,0.0847,0.72762,0.14346,0.77876,0.06888,0.81506,0.1864,0.8728,0.27907,0.89342,0.37173,0.91404,0.42598,0.91899,0.38529,0.97179,0.46892,0.97014,0.55254,0.96849,0.59548,0.95364,0.57288,1,0.64973,1,0.77177,0.96684,0.77177,1,0.80794,1,0.88365,0.9397,0.95936,0.8794,1,0.78371,0.18113,0.44618,0.30845,0.33682,0.22382,0.63579,0.32723,0.79013,0.42326,0.30828,0.3145,0.51313,0.66313,0.90099,0.83392,0.88092,0.15965,0.5206,0.55975,0.26246,0.22595,0.73838,0.42753,0.82263,0.29817,0.2421,0.25339,0.43422,0.53485,0.89168,0.12816,0.65694,0.32512,0.68059,0.3169,0.58646,0.10357,0.46568,0.24143,0.52307,0.46553,0.20306,0.35597,0.41997,0.73441,0.86426,0.38738,0.72481,0.88458,0.84034,0.23303,0.31986,0.59779,0.8606,0.16493,0.37554],"vertices":[-38.78,-163.29,-60.09,-153.32,-81.39,-143.35,-99.38,-150.19,-117.36,-157.03,-117.36,-146.88,-130.86,-165.84,-144.35,-184.8,-141.22,-205.52,-146.69,-215.3,-132.42,-230.94,-118.15,-246.57,-95.86,-264.56,-73.57,-282.54,-67.32,-300.53,-83.15,-294.08,-98.99,-287.62,-87.26,-304.83,-75.53,-322.04,-73.19,-333,-93.13,-327.51,-108.18,-311.29,-123.23,-295.06,-116.2,-321.26,-133.01,-309.14,-146.3,-289.59,-143.76,-307.96,-141.21,-326.34,-158.81,-310.7,-168.59,-293.69,-178.37,-276.69,-180.71,-263.78,-185.4,-278.24,-193.62,-258.31,-194.79,-248.92,-204.56,-263,-208.47,-233.28,-204.95,-213.74,-201.43,-194.18,-211.78,-207.48,-211.78,-187.92,-197.13,-160.55,-186.96,-148.44,-199.87,-139.84,-179.54,-126.15,-163.5,-121.26,-147.47,-116.38,-138.09,-115.2,-145.12,-102.68,-130.66,-103.08,-116.19,-103.47,-108.76,-106.99,-112.67,-96,-99.37,-96,-78.26,-103.86,-78.27,-96,-72.01,-96,-58.91,-110.29,-45.81,-124.59,-38.78,-147.26,-180.45,-227.26,-158.42,-253.17,-173.06,-182.32,-155.17,-145.74,-138.56,-259.94,-157.38,-211.39,-97.06,-119.47,-67.51,-124.22,-184.17,-209.62,-114.95,-270.8,-172.69,-158.01,-137.82,-138.04,-160.2,-275.62,-167.95,-230.09,-119.24,-121.68,-189.61,-177.3,-155.54,-171.71,-156.96,-194.01,-193.87,-222.63,-170.01,-209.03,-131.25,-284.88,-150.2,-233.46,-84.73,-128.17,-144.76,-161.22,-58.75,-133.84,-171.47,-257.19,-108.36,-129.04,-183.25,-243.99],"path":"left wing","weights":[1,13,1,2,13,0.99989,17,0.00011,2,13,0.81514,17,0.18486,2,13,0.20247,17,0.79753,3,13,0.03907,17,0.95223,19,0.0087,3,13,0.02202,17,0.94063,19,0.03736,2,17,0.47064,19,0.52936,3,17,0.05143,19,0.93547,22,0.0131,3,17,0.00015,19,0.83977,22,0.16008,2,19,0.59278,22,0.40722,2,19,0.10181,22,0.89819,2,19,0.00521,22,0.99479,1,22,1,1,22,1,1,22,1,1,22,1,1,22,1,1,22,1,1,22,1,1,22,1,1,22,1,1,22,1,1,22,1,1,22,1,1,22,1,1,22,1,1,22,1,1,22,1,1,22,1,1,22,1,1,22,1,1,22,1,2,19,0.00002,22,0.99998,2,19,0.00375,22,0.99625,2,19,0.05705,22,0.94295,2,19,0.04242,22,0.95758,2,19,0.35577,22,0.64423,2,19,0.84571,22,0.15429,1,19,1,1,19,1,1,19,1,2,17,0.00039,19,0.99961,2,17,0.06408,19,0.93592,2,17,0.12337,19,0.87663,2,17,0.39603,19,0.60397,2,17,0.8514,19,0.1486,1,17,1,1,17,1,1,17,1,1,17,1,1,17,1,2,13,0.01718,17,0.98282,2,13,0.03894,17,0.96106,2,13,0.14542,17,0.85458,2,13,0.89764,17,0.10236,2,13,0.97573,17,0.02427,2,13,0.98313,17,0.01687,1,13,1,1,13,1,1,13,1,2,19,0.27689,22,0.72311,1,22,1,1,19,1,2,17,0.28347,19,0.71653,2,19,0.00054,22,0.99946,2,19,0.77057,22,0.22943,1,17,1,1,13,1,1,19,1,1,22,1,2,17,0.00111,19,0.99889,2,17,0.97732,19,0.02268,1,22,1,2,19,0.19261,22,0.80739,1,17,1,1,19,1,2,17,0.04783,19,0.95217,3,17,0.00266,19,0.96556,22,0.03178,2,19,0.6885,22,0.3115,2,19,0.95504,22,0.04496,1,22,1,2,19,0.15945,22,0.84055,2,13,0.92529,17,0.07471,2,17,0.31957,19,0.68043,1,13,1,1,22,1,3,13,0.01466,17,0.98531,19,0.00004,2,19,0.01211,22,0.98789],"triangles":[84,58,59,0,1,59,1,84,59,67,57,58,84,67,58,1,2,84,2,67,84,67,54,57,54,56,57,15,13,14,82,54,67,2,82,67,82,66,54,54,55,56,16,12,13,20,18,19,15,16,13,20,17,18,66,53,54,3,82,2,20,21,17,3,86,82,86,66,82,51,53,66,21,16,17,16,69,12,5,86,3,21,22,16,69,11,12,86,51,66,86,74,51,22,69,16,51,52,53,4,5,3,22,80,69,5,74,86,74,50,51,71,74,5,74,49,50,64,11,69,80,64,69,47,49,74,6,71,5,64,10,11,71,47,74,83,71,6,25,80,22,24,25,22,25,72,64,71,46,47,64,81,10,47,48,49,7,83,6,25,64,80,7,76,83,83,63,71,61,81,64,81,9,10,63,45,46,77,7,8,63,46,71,72,61,64,28,25,26,9,65,8,65,77,8,28,26,27,28,29,25,81,65,9,77,76,7,76,63,83,76,70,63,73,65,81,29,72,25,77,62,76,61,73,81,42,44,70,72,85,61,85,73,61,73,79,65,65,79,77,44,45,63,70,44,63,62,70,76,85,87,73,79,62,77,29,30,72,30,85,72,30,31,85,68,62,79,60,79,73,62,75,70,60,68,79,87,60,73,68,38,62,38,75,62,75,41,70,31,87,85,41,42,70,33,34,87,33,87,31,42,43,44,87,78,60,78,68,60,34,78,87,32,33,31,36,78,34,78,37,68,37,38,68,40,41,75,38,40,75,36,37,78,35,36,34,39,40,38,24,22,23],"type":"mesh","transform":{},"userEdges":[],"width":173,"edges":[39,40,40,41,41,42,42,43,43,44,44,45,45,46,46,47,47,48,48,49,49,50,50,51,51,52,52,53,53,54,54,55,55,56,56,57,57,58,58,59,59,0,0,1,1,2,2,3,3,4,4,5,5,6,6,7,7,8,8,9,9,10,10,11,11,12,12,13,13,14,14,15,15,16,16,17,17,18,18,19,19,20,20,21,21,22,22,23,23,24,24,25,25,26,26,27,27,28,28,29,29,30,30,31,31,32,32,33,33,34,34,35,35,36,36,37,37,38,38,39],"height":237,"name":"left wing","bonePose":[13,-0.8661998839448094,0.49969766965035817,-0.49969766965035817,-0.8661998839448094,-43.53527914664919,-147.8002366690968,17,-0.9497537691320668,-0.31299804794827824,0.31299804794827824,-0.9497537691320668,-91.50542871951274,-120.12697972385996,19,-0.2466607473812384,-0.9691018912897283,0.9691018912897283,-0.2466607473812384,-157.56080336264796,-141.8959939586627,22,0.6969148113750004,-0.7171539204983455,0.7171539204983455,0.6969148113750004,-177.48925024639763,-228.34142879938497]}],"name":"left wing"},{"display":[{"path":"Layer 1","type":"image","name":"Layer 1","transform":{"skX":39.12,"skY":39.12,"y":1.12,"x":39.2}}],"name":"Layer 1"},{"display":[{"slotPose":[1,0,0,1,0,0],"uvs":[0,0.60996,0.13025,0.67081,0.26049,0.73166,0.40109,0.71978,0.475,0.66858,0.5489,0.61738,0.56513,0.64261,0.6192,0.54466,0.5471,0.41851,0.44706,0.36545,0.34702,0.3124,0.24697,0.25934,0.14693,0.20629,0.10908,0.15879,0.26951,0.19887,0.42993,0.23894,0.35558,0.19553,0.28122,0.15212,0.20687,0.10871,0.13251,0.0653,0.09285,0,0.1974,0,0.29294,0.02374,0.38848,0.04749,0.46328,0.08682,0.53809,0.12614,0.49663,0.01781,0.54169,0.01484,0.62461,0.06901,0.70753,0.12318,0.77963,0.19367,0.85174,0.26417,0.91032,0.3406,0.9689,0.41703,1,0.51943,1,0.58325,0.97431,0.68416,0.90041,0.80734,0.80577,0.89787,0.71114,0.9884,0.59397,1,0.53268,1,0.41461,0.96749,0.29654,0.93498,0.30736,1,0.27131,1,0.1974,0.93781,0.1235,0.87561,0.11088,0.90233,0.00453,0.77915,0.00226,0.69455,0.70791,0.7864,0.78759,0.41607,0.81922,0.62343,0.54406,0.86768,0.6437,0.26484,0.40698,0.8508,0.91507,0.51185,0.6779,0.64933,0.74896,0.5223,0.67538,0.38881,0.53013,0.29157,0.55007,0.73353,0.81424,0.74142,0.65216,0.87898,0.27154,0.87834,0.73319,0.29129,0.85144,0.37997,0.15817,0.78689,0.40977,0.14114,0.25022,0.06623,0.63727,0.17806,0.07319,0.71166,0.29967,0.79369,0.61634,0.75956,0.47526,0.76807,0.67569,0.45829,0.8877,0.69134,0.93234,0.60195,0.84242,0.50947,0.53147,0.20679,0.61439,0.3644,0.77599,0.66904,0.79221,0.82182,0.49846,0.93721,0.73365,0.87493,0.3234,0.25238],"vertices":[40.05,-182.39,70.41,-165.16,100.75,-147.94,133.51,-151.31,150.73,-165.8,167.95,-180.29,171.73,-173.15,184.33,-200.87,167.54,-236.58,144.23,-251.59,120.92,-266.6,97.61,-281.62,74.3,-296.63,65.48,-310.07,102.86,-298.74,140.24,-287.39,122.91,-299.68,105.59,-311.96,88.27,-324.25,70.95,-336.54,61.7,-355.02,86.06,-355.02,108.32,-348.29,130.58,-341.57,148.01,-330.45,165.45,-319.32,155.79,-349.98,166.28,-350.81,185.6,-335.48,204.92,-320.15,221.72,-300.2,238.52,-280.25,252.17,-258.62,265.82,-236.98,273.06,-208.01,273.06,-189.95,267.07,-161.39,249.85,-126.53,227.8,-100.92,205.75,-75.3,178.46,-72.01,164.17,-72,136.67,-81.21,109.15,-90.41,111.67,-72,103.27,-72,86.05,-89.6,68.83,-107.21,65.89,-99.64,41.11,-134.5,40.59,-158.44,205,-132.46,223.57,-237.26,230.94,-178.58,166.82,-109.46,190.05,-280.07,134.89,-114.23,253.27,-210.15,198.01,-171.25,214.57,-207.2,197.43,-244.97,163.58,-272.5,168.22,-147.42,229.77,-145.19,192.01,-106.26,103.32,-106.43,210.9,-272.58,238.46,-247.47,76.91,-132.31,135.54,-315.07,98.37,-336.28,188.55,-304.62,57.12,-153.6,109.88,-130.39,183.66,-140.06,150.79,-137.64,197.5,-225.32,246.89,-159.37,257.29,-184.66,236.34,-210.83,163.9,-296.49,183.22,-251.89,220.87,-165.67,224.64,-122.43,156.2,-89.78,211,-107.4,115.42,-283.59],"path":"Layer 7 Copy 12","weights":[1,12,1,1,12,1,4,12,0.85189,18,0.14743,20,0.00068,21,0.00001,4,12,0.15502,18,0.7609,20,0.07226,21,0.01182,4,12,0.01514,18,0.64181,20,0.27692,21,0.06613,5,12,0.00001,18,0.43121,20,0.42027,21,0.1485,23,0.00001,4,18,0.36322,20,0.4508,21,0.18529,23,0.00069,4,18,0.04005,20,0.1929,21,0.70139,23,0.06565,4,18,0.00013,20,0.00246,21,0.34393,23,0.65348,2,21,0.05241,23,0.94759,2,21,0.00159,23,0.99841,1,23,1,1,23,1,1,23,1,1,23,1,2,21,0.00052,23,0.99948,1,23,1,1,23,1,1,23,1,1,23,1,1,23,1,1,23,1,1,23,1,1,23,1,1,23,1,1,23,1,1,23,1,1,23,1,1,23,1,1,23,1,2,21,0.03154,23,0.96846,2,21,0.42183,23,0.57817,2,21,0.9356,23,0.0644,2,20,0.01759,21,0.98241,2,20,0.27371,21,0.72629,2,20,0.69596,21,0.30404,1,20,1,1,20,1,2,18,0.17598,20,0.82402,2,18,0.73007,20,0.26993,2,18,0.95954,20,0.04046,2,18,0.9967,20,0.0033,1,18,1,2,12,0.51873,18,0.48127,2,12,0.70899,18,0.29101,2,12,0.71329,18,0.28671,2,12,0.904,18,0.096,2,12,0.99996,18,0.00004,1,12,1,1,12,1,1,12,1,1,20,1,1,21,1,3,18,0.00036,20,0.67781,21,0.32183,1,18,1,1,23,1,4,12,0.00127,18,0.99853,20,0.00018,21,0.00002,2,20,0.09674,21,0.90326,4,18,0.08628,20,0.63333,21,0.27959,23,0.0008,4,18,0.00431,20,0.03578,21,0.94731,23,0.0126,3,20,0.00023,21,0.54495,23,0.45481,2,21,0.02374,23,0.97626,4,12,0.00228,18,0.6273,20,0.32437,21,0.04606,1,20,1,2,18,0.78856,20,0.21144,2,12,0.83801,18,0.16199,2,21,0.02901,23,0.97099,2,21,0.98488,23,0.01512,1,12,1,1,23,1,1,23,1,1,23,1,1,12,1,4,12,0.67819,18,0.32043,20,0.00134,21,0.00003,3,18,0.4162,20,0.55939,21,0.02442,4,12,0.02636,18,0.86852,20,0.09212,21,0.013,4,18,0.00228,20,0.01727,21,0.80654,23,0.17391,1,20,1,2,20,0.85497,21,0.14503,1,21,1,1,23,1,3,20,0.00004,21,0.24554,23,0.75442,3,18,0.0027,20,0.93498,21,0.06233,2,18,0.01373,20,0.98627,1,18,1,2,18,0.27647,20,0.72353,1,23,1],"triangles":[77,37,36,33,57,34,34,57,35,57,78,35,78,36,35,67,57,33,32,67,33,78,77,36,52,79,67,77,63,37,67,79,57,53,77,78,57,79,78,79,53,78,83,38,37,31,67,32,63,83,37,66,67,31,53,82,77,82,63,77,59,53,79,52,59,79,66,52,67,30,66,31,66,60,52,83,85,38,85,39,38,51,83,63,58,82,53,59,58,53,76,59,52,82,51,63,58,51,82,51,85,83,55,66,30,60,76,52,7,58,59,29,71,30,71,55,30,58,74,51,51,64,85,64,39,85,76,7,59,81,60,66,55,81,66,64,40,39,74,64,51,28,71,29,6,62,74,28,25,71,74,54,64,81,8,60,6,74,58,7,6,58,60,8,76,8,7,76,54,40,64,54,84,40,61,81,55,71,80,55,80,61,55,25,80,71,75,54,62,84,41,40,62,54,74,27,25,28,61,8,81,61,9,8,4,62,6,5,4,6,15,61,80,75,56,54,69,80,25,4,75,62,56,84,54,24,69,25,69,15,80,84,42,41,15,9,61,15,10,9,3,75,4,56,42,84,69,16,15,3,56,75,3,73,56,23,69,24,56,43,42,86,10,15,65,43,56,23,17,69,70,17,23,17,16,69,73,65,56,2,73,3,22,70,23,86,11,10,43,45,44,14,11,86,70,18,17,68,65,73,2,68,73,65,46,43,46,45,43,21,70,22,12,11,14,47,46,65,68,47,65,1,68,2,19,18,70,21,19,70,1,72,68,20,19,21,49,47,68,72,49,68,0,72,1,0,50,72,49,48,47,50,49,72,26,25,27,14,86,15,13,12,14],"type":"mesh","transform":{},"userEdges":[],"width":233,"edges":[0,50,50,49,49,48,48,47,47,46,46,45,45,44,44,43,43,42,42,41,41,40,40,39,39,38,38,37,37,36,36,35,35,34,34,33,33,32,32,31,31,30,30,29,29,28,28,27,27,26,26,25,25,24,24,23,23,22,22,21,21,20,20,19,19,18,18,17,17,16,16,15,15,14,14,13,13,12,12,11,11,10,10,9,9,8,8,7,7,6,6,5,5,4,4,3,3,2,2,1,1,0],"height":283,"name":"Layer 7 Copy 12","bonePose":[12,0.834463351791939,0.5510634396475258,-0.5510634396475258,0.834463351791939,52.94478908566151,-149.64588936900236,18,0.992546151641322,-0.12186934340514748,0.12186934340514748,0.992546151641322,111.24701102316774,-110.90455592331718,20,0.6142852000989432,-0.7890840848346905,0.7890840848346905,0.6142852000989432,192.42736076591143,-120.8722495204242,21,-0.31895930929806987,-0.9477684100095856,0.9477684100095856,-0.31895930929806987,240.03076585941255,-183.60058700440368,23,-0.8291351575007752,-0.5590482006018483,0.5590482006018483,-0.8291351575007752,214.9446161831194,-258.1425724516576]}],"name":"Layer 7 Copy 12"},{"display":[{"path":"Layer 1 Copy","type":"image","name":"Layer 1 Copy","transform":{"skX":-39.09,"skY":-39.09,"y":-18.37,"x":27.41}}],"name":"Layer 1 Copy"},{"display":[{"path":"Layer 7 Copy 7","type":"image","name":"Layer 7 Copy 7","transform":{"y":0.73,"x":36.79}}],"name":"Layer 7 Copy 7"}]}],"slot":[{"name":"Layer 7 Copy 7","parent":"shadow","color":{}},{"z":1,"name":"Layer 7 Copy 12","parent":"right wing","color":{}},{"z":2,"name":"left wing","parent":"left Wing","color":{}},{"z":3,"name":"Layer 7 Copy 6","parent":"legs lower","color":{}},{"z":4,"name":"Layer 7 Copy 4","parent":"arm left","color":{}},{"z":5,"name":"Layer 7 Copy","parent":"arm left B","color":{}},{"z":6,"name":"Layer 7 Copy 3","parent":"head","color":{}},{"z":7,"name":"Layer 7 Copy 2","parent":"chest lower","color":{}},{"z":8,"name":"Layer 1 Copy","parent":"arm right","color":{}},{"z":9,"name":"Layer 1","parent":"arm right B","color":{}}],"defaultActions":[{"gotoAndPlay":"Attack A"}],"name":"Pizarro","bone":[{"transform":{},"name":"root"},{"transform":{"y":-230.33,"x":125.87},"name":"Right Arm IK","parent":"root"},{"transform":{"y":-141.8,"x":-157.58},"name":"WinbBIK","parent":"root"},{"transform":{"y":-118.41,"x":195.39},"name":"WingA","parent":"root"},{"transform":{"y":-6.73,"x":12.42},"name":"shadow","parent":"root"},{"transform":{"y":-161.94,"x":-1.25},"name":"mid","parent":"root"},{"transform":{"y":-200.65,"x":-99.62},"name":"left arm IK","parent":"root"},{"length":38,"transform":{"skX":-72.78,"skY":-72.78},"parent":"mid","name":"chest lower"},{"length":112,"transform":{"skX":89.17,"skY":89.17,"y":14.76,"x":-3.69},"parent":"mid","name":"legs lower"},{"length":37,"transform":{"skX":-26.31,"skY":-26.31,"x":38.63},"parent":"chest lower","name":"chest upper"},{"length":45,"transform":{"skX":138.18,"skY":138.18,"y":48.11,"x":27.43},"parent":"chest upper","name":"arm right"},{"length":42,"transform":{"skX":-123.79,"skY":-123.79,"y":-25.58,"x":15.3},"parent":"chest upper","name":"arm left"},{"length":70,"transform":{"skX":132.53,"skY":132.53,"y":34.45,"x":-55.33},"parent":"chest upper","name":"right wing"},{"length":55,"transform":{"skX":-110.89,"skY":-110.89,"y":-61.11,"x":-41.91},"parent":"chest upper","name":"left Wing"},{"length":24,"transform":{"skX":-13.2,"skY":-13.2,"x":37.37},"parent":"chest upper","name":"head"},{"length":55,"transform":{"skX":64.33,"skY":64.33,"x":42.3},"parent":"arm left","name":"arm left B"},{"length":43,"transform":{"skX":-78.21,"skY":-78.21,"y":-1.24,"x":48.92},"parent":"arm right","name":"arm right B"},{"length":69,"transform":{"skX":48.22,"skY":48.22,"x":55.38},"parent":"left Wing","name":"chest upper7"},{"length":81,"transform":{"skX":-40.44,"skY":-40.44,"y":0.2,"x":70},"parent":"right wing","name":"chest upper3"},{"length":83,"transform":{"skX":57.48,"skY":57.48,"x":69.55},"parent":"chest upper7","name":"chest upper8"},{"length":78,"transform":{"skX":-45.1,"skY":-45.1,"x":81.79},"parent":"chest upper3","name":"chest upper4"},{"length":78,"transform":{"skX":-56.5,"skY":-56.5,"y":-0.97,"x":78.74},"parent":"chest upper4","name":"chest upper5"},{"length":127,"transform":{"skX":58.46,"skY":58.46,"y":2.01,"x":88.69},"parent":"chest upper8","name":"chest upper9"},{"length":157,"transform":{"skX":-37.41,"skY":-37.41,"x":78.65},"parent":"chest upper5","name":"chest upper6"}],"aabb":{"width":490.2165974139898,"y":-362.72282625720493,"height":362.72282625720493,"x":-217.3952711401747}}],"isGlobal":0,"name":"Pizarro","version":"5.0"}