{"width":1024,"SubTexture":[{"frameX":-1,"frameHeight":12,"y":493,"frameY":-1,"frameWidth":242,"width":240,"height":10,"name":"Layer 7 Copy 7","x":1},{"width":233,"y":1,"height":283,"name":"Layer 7 Copy 12","x":1},{"width":173,"y":1,"height":237,"name":"left wing","x":236},{"width":75,"y":147,"height":140,"name":"Layer 7 Copy 6","x":443},{"frameX":-1,"frameHeight":133,"y":286,"frameY":-1,"frameWidth":207,"width":205,"height":131,"name":"Layer 7 Copy 4","x":1},{"frameX":-1,"frameHeight":158,"y":240,"frameY":-1,"frameWidth":207,"width":205,"height":156,"name":"Layer 7 Copy","x":236},{"frameX":-1,"frameHeight":49,"y":419,"frameY":-1,"frameWidth":37,"width":35,"height":47,"name":"Layer 7 Copy 3","x":1},{"width":105,"y":1,"height":144,"name":"Layer 7 Copy 2","x":411},{"frameX":-1,"frameHeight":89,"y":1,"frameY":-1,"frameWidth":106,"width":104,"height":87,"name":"Layer 1 Copy","x":518},{"frameX":-1,"frameHeight":95,"y":398,"frameY":-1,"frameWidth":92,"width":90,"height":93,"name":"Layer 1","x":208}],"height":512,"name":"Pizarro","imagePath":"Pizarro_tex.png"}