{"imagePath":"Hades_tex.png","width":512,"SubTexture":[{"y":846,"frameX":-1,"frameHeight":18,"frameY":-1,"width":449,"frameWidth":451,"height":16,"name":"Layer 1","x":1},{"y":670,"frameX":-1,"frameHeight":167,"frameY":-1,"width":78,"frameWidth":80,"height":165,"name":"Eff2","x":1},{"y":846,"frameX":-1,"frameHeight":73,"frameY":-1,"width":52,"frameWidth":54,"height":71,"name":"Eff3","x":452},{"y":476,"frameX":-1,"frameHeight":244,"frameY":-1,"width":134,"frameWidth":136,"height":242,"name":"Eff1","x":250},{"width":142,"y":241,"height":198,"name":"Left Wing","x":327},{"width":247,"y":476,"height":192,"name":"Right Wing","x":1},{"width":324,"y":241,"height":233,"name":"left arm","x":1},{"width":331,"y":1,"height":238,"name":"Skirt Copy","x":1},{"y":441,"frameX":-1,"frameHeight":32,"frameY":-1,"width":28,"frameWidth":30,"height":30,"name":"backcoat thing Copy","x":327},{"width":111,"y":1,"height":164,"name":"body","x":334},{"width":96,"y":684,"height":160,"name":"Right ARm","x":386},{"width":108,"y":441,"height":241,"name":"Head","x":386}],"height":1024,"name":"Hades"}