{"width":1024,"imagePath":"Tiamat_tex.png","height":1024,"name":"Tiamat","SubTexture":[{"frameX":-1,"frameHeight":31,"y":775,"frameY":-1,"frameWidth":586,"width":584,"height":29,"name":"shadow","x":1},{"frameX":-1,"frameHeight":260,"y":1,"frameY":-1,"frameWidth":559,"width":557,"height":258,"name":"right wing","x":1},{"frameX":-1,"frameHeight":185,"y":581,"frameY":-1,"frameWidth":323,"width":321,"height":183,"name":"left wing","x":460},{"frameX":-1,"frameHeight":65,"y":574,"frameY":-1,"frameWidth":68,"width":66,"height":63,"name":"left shoulder","x":783},{"frameX":-1,"frameHeight":79,"y":492,"frameY":-1,"frameWidth":46,"width":44,"height":77,"name":"left horn","x":811},{"frameX":-1,"frameHeight":37,"y":894,"frameY":-1,"frameWidth":31,"width":29,"height":35,"name":"neck","x":992},{"frameX":-1,"frameHeight":192,"y":702,"frameY":-1,"frameWidth":87,"width":85,"height":190,"name":"Head","x":906},{"frameX":-1,"frameHeight":82,"y":492,"frameY":-1,"frameWidth":80,"width":78,"height":80,"name":"right mid arm","x":731},{"frameX":-1,"frameHeight":278,"y":1,"frameY":-1,"frameWidth":450,"width":448,"height":276,"name":"Layer 2","x":560},{"frameX":-1,"frameHeight":70,"y":766,"frameY":-1,"frameWidth":60,"width":58,"height":68,"name":"Left Arm","x":679},{"frameX":-1,"frameHeight":56,"y":639,"frameY":-1,"frameWidth":54,"width":52,"height":54,"name":"left palm","x":783},{"frameX":-1,"frameHeight":137,"y":846,"frameY":-1,"frameWidth":108,"width":106,"height":135,"name":"left gauntlet","x":783},{"frameX":-1,"frameHeight":196,"y":579,"frameY":-1,"frameWidth":459,"width":457,"height":194,"name":"Sword","x":1},{"frameX":-1,"frameHeight":60,"y":766,"frameY":-1,"frameWidth":44,"width":42,"height":58,"name":"Left fingers","x":739},{"frameX":-1,"frameHeight":29,"y":806,"frameY":-1,"frameWidth":46,"width":44,"height":27,"name":"neck base","x":1},{"frameX":-1,"frameHeight":318,"y":261,"frameY":-1,"frameWidth":348,"width":346,"height":316,"name":"Tail right","x":1},{"frameX":-1,"frameHeight":302,"y":279,"frameY":-1,"frameWidth":271,"width":269,"height":300,"name":"Tail Left","x":460},{"frameX":-1,"frameHeight":197,"y":505,"frameY":-1,"frameWidth":135,"width":133,"height":195,"name":"right leg bot","x":867},{"frameX":-1,"frameHeight":213,"y":279,"frameY":-1,"frameWidth":136,"width":134,"height":211,"name":"Right Leg Top","x":731},{"frameX":-1,"frameHeight":239,"y":261,"frameY":-1,"frameWidth":106,"width":104,"height":237,"name":"Left Leg Top","x":349},{"frameX":-1,"frameHeight":226,"y":279,"frameY":-1,"frameWidth":119,"width":117,"height":224,"name":"Left Leg bottom","x":867},{"frameX":-1,"frameHeight":41,"y":836,"frameY":-1,"frameWidth":100,"width":98,"height":39,"name":"crotch","x":679},{"frameX":-1,"frameHeight":144,"y":702,"frameY":-1,"frameWidth":123,"width":121,"height":142,"name":"torso","x":783},{"frameX":-1,"frameHeight":53,"y":864,"frameY":-1,"frameWidth":110,"width":108,"height":51,"name":"Belt","x":1},{"frameX":-1,"frameHeight":72,"y":500,"frameY":-1,"frameWidth":100,"width":98,"height":70,"name":"chest","x":349},{"frameX":-1,"frameHeight":96,"y":894,"frameY":-1,"frameWidth":101,"width":99,"height":94,"name":"Right Shoulder","x":891},{"frameX":-1,"frameHeight":98,"y":766,"frameY":-1,"frameWidth":92,"width":90,"height":96,"name":"Right Horn","x":587}]}