{"frameRate":30,"isGlobal":0,"name":"Tiamat","version":"5.0","armature":[{"animation":[{"ik":[],"frame":[],"ffd":[],"duration":40,"slot":[],"name":"Attack Gauntlet","bone":[{"frame":[{"duration":10,"transform":{}},{"duration":5,"transform":{}},{"duration":5,"transform":{}},{"duration":10,"transform":{}},{"duration":10,"transform":{}},{"duration":0,"transform":{}}],"name":"sword"},{"frame":[{"duration":10,"transform":{}},{"duration":5,"transform":{}},{"duration":5,"transform":{}},{"duration":10,"transform":{}},{"duration":10,"transform":{}},{"duration":0,"transform":{}}],"name":"Neck"},{"frame":[{"duration":10,"curve":[0.25,0,1,0.66],"transform":{}},{"duration":5,"curve":[0.25,0,0.129,1],"transform":{"skX":-32.46,"skY":-32.46}},{"duration":5,"transform":{"skX":101.89,"skY":101.89}},{"duration":10,"curve":[0.25,0,0.75,1],"transform":{"skX":101.89,"skY":101.89}},{"duration":10,"curve":[0.25,0,0.75,1],"transform":{"skX":-32.46,"skY":-32.46}},{"duration":0,"transform":{}}],"name":"Right Shoulder"},{"frame":[{"duration":10,"curve":[0.25,0,1,0.66],"transform":{"skX":-6,"skY":-6}},{"duration":5,"transform":{"skX":-10.8,"skY":-10.8}},{"duration":5,"transform":{"skX":-10.8,"skY":-10.8}},{"duration":10,"transform":{"skX":-10.8,"skY":-10.8}},{"duration":10,"curve":[0.25,0,0.75,1],"transform":{"skX":-10.8,"skY":-10.8}},{"duration":0,"transform":{"skX":-6,"skY":-6}}],"name":"Chest"},{"frame":[{"duration":10,"curve":[0.25,0,1,0.66],"transform":{}},{"duration":5,"curve":[0.25,0,0.129,1],"transform":{"skX":-21.99,"skY":-21.99}},{"duration":5,"transform":{"skX":-115.05,"skY":-115.05}},{"duration":10,"curve":[0.25,0,0.75,1],"transform":{"skX":-115.05,"skY":-115.05}},{"duration":10,"curve":[0.25,0,0.75,1],"transform":{"skX":-21.99,"skY":-21.99}},{"duration":0,"transform":{}}],"name":"Left Leg Bottom"},{"frame":[{"duration":10,"transform":{}},{"duration":5,"curve":[0.25,0,0.129,1],"transform":{}},{"duration":5,"transform":{"x":-132.58}},{"duration":10,"curve":[0.25,0,0.75,1],"transform":{"x":-132.58}},{"duration":10,"transform":{}},{"duration":0,"transform":{}}],"name":"root"},{"frame":[{"duration":10,"transform":{}},{"duration":5,"transform":{}},{"duration":5,"transform":{}},{"duration":10,"transform":{}},{"duration":10,"transform":{}},{"duration":0,"transform":{}}],"name":"Pelv"},{"frame":[{"duration":10,"curve":[0.25,0,1,0.66],"transform":{}},{"duration":5,"curve":[0.25,0,0.129,1],"transform":{"skX":16.95,"skY":16.95}},{"duration":5,"curve":[0.25,0,0.75,1],"transform":{"skX":33,"skY":33}},{"duration":10,"curve":[0.25,0,0.75,1],"transform":{"skX":42.39,"skY":42.39}},{"duration":10,"curve":[0.25,0,0.75,1],"transform":{"skX":9.94,"skY":9.94}},{"duration":0,"transform":{}}],"name":"Left Tail"},{"frame":[{"duration":10,"curve":[0.25,0,1,0.66],"transform":{}},{"duration":5,"transform":{"skX":-4.8,"skY":-4.8}},{"duration":5,"transform":{"skX":-4.8,"skY":-4.8}},{"duration":10,"transform":{"skX":-4.8,"skY":-4.8}},{"duration":10,"curve":[0.25,0,0.75,1],"transform":{"skX":-4.8,"skY":-4.8}},{"duration":0,"transform":{}}],"name":"Torso"},{"frame":[{"duration":10,"transform":{}},{"duration":5,"transform":{}},{"duration":5,"transform":{}},{"duration":10,"transform":{}},{"duration":10,"transform":{}},{"duration":0,"transform":{}}],"name":"Right Horn"},{"frame":[{"duration":10,"curve":[0.25,0,1,0.66],"transform":{}},{"duration":5,"transform":{"skX":44.61,"skY":44.61}},{"duration":5,"transform":{"skX":44.61,"skY":44.61}},{"duration":10,"transform":{"skX":44.61,"skY":44.61}},{"duration":10,"curve":[0.25,0,0.75,1],"transform":{"skX":44.61,"skY":44.61}},{"duration":0,"transform":{}}],"name":"Right Gauntlet"},{"frame":[{"duration":10,"transform":{}},{"duration":5,"transform":{}},{"duration":5,"transform":{}},{"duration":10,"transform":{}},{"duration":10,"transform":{}},{"duration":0,"transform":{}}],"name":"Head"},{"frame":[{"duration":10,"curve":[0.25,0,1,0.66],"transform":{}},{"duration":5,"curve":[0.25,0,0.129,1],"transform":{"skX":6.54,"skY":6.54}},{"duration":5,"transform":{"skX":-24.31,"skY":-24.31}},{"duration":10,"curve":[0.25,0,0.75,1],"transform":{"skX":-24.31,"skY":-24.31}},{"duration":10,"curve":[0.25,0,0.75,1],"transform":{"skX":6.54,"skY":6.54}},{"duration":0,"transform":{}}],"name":"Right Leg Top"},{"frame":[{"duration":10,"curve":[0.25,0,1,0.66],"transform":{}},{"duration":5,"curve":[0.25,0,0.129,1],"transform":{"skX":14.34,"skY":14.34}},{"duration":5,"transform":{"skX":43.83,"skY":43.83}},{"duration":10,"curve":[0.25,0,0.75,1],"transform":{"skX":43.83,"skY":43.83}},{"duration":10,"curve":[0.25,0,0.75,1],"transform":{"skX":14.34,"skY":14.34}},{"duration":0,"transform":{}}],"name":"Left Leg Top"},{"frame":[{"duration":10,"transform":{}},{"duration":5,"transform":{}},{"duration":5,"transform":{}},{"duration":10,"transform":{}},{"duration":10,"transform":{}},{"duration":0,"transform":{}}],"name":"Left Hormn"},{"frame":[{"duration":10,"curve":[0.25,0,1,0.66],"transform":{}},{"duration":5,"curve":[0.25,0,0.129,1],"transform":{"skX":-12.83,"skY":-12.83}},{"duration":5,"transform":{}},{"duration":10,"transform":{}},{"duration":10,"curve":[0.25,0,0.75,1],"transform":{}},{"duration":0,"transform":{}}],"name":"Right Wing"},{"frame":[{"duration":10,"curve":[0.25,0,1,0.66],"transform":{}},{"duration":5,"curve":[0.25,0,0.129,1],"transform":{"skX":-12.13,"skY":-12.13}},{"duration":5,"curve":[0.25,0,0.75,1],"transform":{"skX":-26.27,"skY":-26.27}},{"duration":10,"curve":[0.25,0,0.75,1],"transform":{"skX":-34.22,"skY":-34.22}},{"duration":10,"curve":[0.25,0,0.75,1],"transform":{"skX":-8.46,"skY":-8.46}},{"duration":0,"transform":{}}],"name":"Right Tail"},{"frame":[{"duration":10,"transform":{}},{"duration":5,"transform":{}},{"duration":5,"transform":{}},{"duration":10,"transform":{}},{"duration":10,"transform":{}},{"duration":0,"transform":{}}],"name":"Left FIngers"},{"frame":[{"duration":10,"curve":[0.25,0,1,0.66],"transform":{"skX":-2.49,"skY":-2.49}},{"duration":5,"curve":[0.25,0,0.129,1],"transform":{"skX":6.92,"skY":6.92}},{"duration":5,"transform":{"skX":-31.61,"skY":-31.61}},{"duration":10,"curve":[0.25,0,0.75,1],"transform":{"skX":-31.61,"skY":-31.61}},{"duration":10,"curve":[0.25,0,0.75,1],"transform":{"skX":6.92,"skY":6.92}},{"duration":0,"transform":{"skX":-2.49,"skY":-2.49}}],"name":"Left Shoulder"},{"frame":[{"duration":10,"transform":{}},{"duration":5,"transform":{}},{"duration":5,"transform":{}},{"duration":10,"transform":{}},{"duration":10,"transform":{}},{"duration":0,"transform":{}}],"name":"Left Palm"},{"frame":[{"duration":10,"curve":[0.25,0,1,0.66],"transform":{"y":-127.78}},{"duration":5,"curve":[0.25,0,0.129,1],"transform":{"y":99.33,"x":-175.46}},{"duration":5,"curve":[0.25,0,0.75,1],"transform":{"y":48.19,"x":-500.28}},{"duration":10,"curve":[0.25,0,0.75,1],"transform":{"y":48.19,"x":-557.64}},{"duration":10,"curve":[0.25,0,0.75,1],"transform":{"y":99.33,"x":-175.46}},{"duration":0,"transform":{"y":-127.78}}],"name":"Hip"},{"frame":[{"duration":10,"transform":{}},{"duration":5,"transform":{}},{"duration":5,"transform":{}},{"duration":10,"transform":{}},{"duration":10,"transform":{}},{"duration":0,"transform":{}}],"name":"Right Arm"},{"frame":[{"duration":10,"transform":{}},{"duration":5,"transform":{}},{"duration":5,"transform":{}},{"duration":10,"transform":{}},{"duration":10,"transform":{}},{"duration":0,"transform":{}}],"name":"Belt"},{"frame":[{"duration":10,"curve":[0.25,0,1,0.66],"transform":{}},{"duration":5,"curve":[0.25,0,0.129,1],"transform":{"skX":35.06,"skY":35.06}},{"duration":5,"transform":{"skX":16.97,"skY":16.97}},{"duration":10,"transform":{"skX":16.97,"skY":16.97}},{"duration":10,"curve":[0.25,0,0.75,1],"transform":{"skX":16.97,"skY":16.97}},{"duration":0,"transform":{}}],"name":"Left Wing"},{"frame":[{"duration":10,"transform":{}},{"duration":5,"curve":[0.25,0,0.129,1],"transform":{}},{"duration":5,"transform":{"skX":49.22,"skY":49.22}},{"duration":10,"curve":[0.25,0,0.75,1],"transform":{"skX":49.22,"skY":49.22}},{"duration":10,"transform":{}},{"duration":0,"transform":{}}],"name":"Left Gauntlet"},{"frame":[{"duration":10,"curve":[0.25,0,1,0.66],"transform":{}},{"duration":5,"curve":[0.25,0,0.129,1],"transform":{"skX":-13.99,"skY":-13.99}},{"duration":5,"transform":{"skX":3.27,"skY":3.27}},{"duration":10,"curve":[0.25,0,0.75,1],"transform":{"skX":3.27,"skY":3.27}},{"duration":10,"curve":[0.25,0,0.75,1],"transform":{"skX":-13.99,"skY":-13.99}},{"duration":0,"transform":{}}],"name":"Right Leg Bottom"},{"frame":[{"duration":10,"transform":{}},{"duration":5,"curve":[0.25,0,0.129,1],"transform":{}},{"duration":5,"transform":{"skX":4.88,"skY":4.88}},{"duration":10,"curve":[0.25,0,0.75,1],"transform":{"skX":4.88,"skY":4.88}},{"duration":10,"transform":{}},{"duration":0,"transform":{}}],"name":"Left Arm"},{"frame":[{"duration":10,"curve":[0.125,0,1,0.8300000000000001],"transform":{"x":93.01}},{"duration":5,"curve":[0.25,0,0.129,1],"transform":{"x":-287.55}},{"duration":5,"transform":{"y":-88.07,"x":-458.01}},{"duration":10,"curve":[0.25,0,0.75,1],"transform":{"y":-88.07,"x":-458.01}},{"duration":10,"curve":[0.0625,0,0.9375,1],"transform":{"x":-287.55}},{"duration":0,"transform":{"x":93.01}}],"name":"left Leg IK"},{"frame":[{"duration":10,"curve":[0.125,0,1,0.8300000000000001],"transform":{"x":-186.95}},{"duration":5,"curve":[0.25,0,0.129,1],"transform":{"x":-50.53}},{"duration":5,"transform":{"x":-340.31}},{"duration":10,"curve":[0.25,0,0.75,1],"transform":{"x":-340.31}},{"duration":10,"curve":[0.0625,0,0.9375,1],"transform":{"x":-50.53}},{"duration":0,"transform":{"x":-186.95}}],"name":"Right Leg IK"},{"frame":[{"duration":10,"transform":{},"tweenEasing":0},{"duration":5,"curve":[0.25,0,0.129,1],"transform":{"x":-181.82,"scX":1.14}},{"duration":5,"transform":{"x":-181.82,"scX":0.9}},{"duration":10,"curve":[0.25,0,0.75,1],"transform":{"x":-181.82,"scX":0.9}},{"duration":10,"curve":[0.0625,0,0.9375,1],"transform":{"x":-181.82}},{"duration":0,"transform":{}}],"name":"shadow"}]},{"ik":[],"frame":[],"ffd":[],"duration":40,"slot":[],"name":"Attack Skill","bone":[{"frame":[{"duration":10,"transform":{}},{"duration":5,"transform":{}},{"duration":25,"transform":{}},{"duration":0,"transform":{}}],"name":"sword"},{"frame":[{"duration":10,"transform":{}},{"duration":5,"transform":{}},{"duration":25,"transform":{}},{"duration":0,"transform":{}}],"name":"Neck"},{"frame":[{"duration":10,"transform":{}},{"duration":5,"transform":{}},{"duration":20,"curve":[0.25,0,1,0.29],"transform":{}},{"duration":5,"curve":[0.25,0,0.75,1],"transform":{"skX":-15.17,"skY":-15.17}},{"duration":0,"transform":{}}],"name":"Right Shoulder"},{"frame":[{"duration":10,"transform":{"skX":-6,"skY":-6}},{"duration":5,"transform":{"skX":-6,"skY":-6}},{"duration":25,"transform":{"skX":-6,"skY":-6}},{"duration":0,"transform":{"skX":-6,"skY":-6}}],"name":"Chest"},{"frame":[{"duration":10,"curve":[0.25,0,1,0.66],"transform":{}},{"duration":5,"curve":[0.25,0,0.129,1],"transform":{"skX":-21.99,"skY":-21.99}},{"duration":25,"curve":[0.25,0,1,0.29],"transform":{"skX":-4.2,"skY":-4.2}},{"duration":0,"transform":{}}],"name":"Left Leg Bottom"},{"frame":[{"duration":10,"transform":{}},{"duration":5,"transform":{}},{"duration":25,"transform":{}},{"duration":0,"transform":{}}],"name":"root"},{"frame":[{"duration":10,"transform":{}},{"duration":5,"transform":{}},{"duration":25,"transform":{}},{"duration":0,"transform":{}}],"name":"Pelv"},{"frame":[{"duration":10,"transform":{}},{"duration":5,"curve":[0.25,0,0.129,1],"transform":{}},{"duration":20,"curve":[0.25,0,1,0.29],"transform":{"skX":28.49,"skY":28.49}},{"duration":5,"curve":[0.25,0,0.75,1],"transform":{"skX":-1.51,"skY":-1.51}},{"duration":0,"transform":{}}],"name":"Left Tail"},{"frame":[{"duration":10,"transform":{}},{"duration":5,"transform":{}},{"duration":25,"transform":{}},{"duration":0,"transform":{}}],"name":"Torso"},{"frame":[{"duration":10,"transform":{}},{"duration":5,"transform":{}},{"duration":25,"transform":{}},{"duration":0,"transform":{}}],"name":"Right Horn"},{"frame":[{"duration":10,"transform":{}},{"duration":5,"transform":{}},{"duration":25,"transform":{}},{"duration":0,"transform":{}}],"name":"Right Gauntlet"},{"frame":[{"duration":10,"transform":{}},{"duration":5,"transform":{}},{"duration":25,"transform":{}},{"duration":0,"transform":{}}],"name":"Head"},{"frame":[{"duration":10,"curve":[0.25,0,1,0.66],"transform":{}},{"duration":5,"curve":[0.25,0,0.129,1],"transform":{"skX":6.54,"skY":6.54}},{"duration":25,"curve":[0.25,0,1,0.29],"transform":{"skX":26.56,"skY":26.56}},{"duration":0,"transform":{}}],"name":"Right Leg Top"},{"frame":[{"duration":10,"curve":[0.25,0,1,0.66],"transform":{}},{"duration":5,"curve":[0.25,0,0.129,1],"transform":{"skX":14.34,"skY":14.34}},{"duration":25,"curve":[0.25,0,1,0.29],"transform":{"skX":-4.12,"skY":-4.12}},{"duration":0,"transform":{}}],"name":"Left Leg Top"},{"frame":[{"duration":10,"transform":{}},{"duration":5,"transform":{}},{"duration":25,"transform":{}},{"duration":0,"transform":{}}],"name":"Left Hormn"},{"frame":[{"duration":10,"curve":[0.25,0,1,0.66],"transform":{}},{"duration":5,"curve":[0.25,0,0.129,1],"transform":{"skX":37.44,"skY":37.44}},{"duration":20,"curve":[0.25,0,1,0.29],"transform":{"skX":-22.57,"skY":-22.57}},{"duration":5,"curve":[0.25,0,0.75,1],"transform":{"skX":-0.88,"skY":-0.88}},{"duration":0,"transform":{}}],"name":"Right Wing"},{"frame":[{"duration":10,"transform":{}},{"duration":5,"curve":[0.25,0,0.129,1],"transform":{}},{"duration":20,"curve":[0.25,0,1,0.29],"transform":{"skX":-14.8,"skY":-14.8}},{"duration":5,"curve":[0.25,0,0.75,1],"transform":{"skX":3.99,"skY":3.99}},{"duration":0,"transform":{}}],"name":"Right Tail"},{"frame":[{"duration":10,"transform":{}},{"duration":5,"transform":{}},{"duration":25,"transform":{}},{"duration":0,"transform":{}}],"name":"Left FIngers"},{"frame":[{"duration":10,"transform":{"skX":-2.49,"skY":-2.49}},{"duration":5,"curve":[0.25,0,0.129,1],"transform":{"skX":-2.49,"skY":-2.49}},{"duration":20,"curve":[0.25,0,1,0.29],"transform":{"skX":87.24,"skY":87.24}},{"duration":5,"curve":[0.25,0,0.75,1],"transform":{"skX":1.26,"skY":1.26}},{"duration":0,"transform":{"skX":-2.49,"skY":-2.49}}],"name":"Left Shoulder"},{"frame":[{"duration":10,"transform":{}},{"duration":5,"transform":{}},{"duration":25,"transform":{}},{"duration":0,"transform":{}}],"name":"Left Palm"},{"frame":[{"duration":10,"curve":[0.25,0,1,0.66],"transform":{"y":-127.78}},{"duration":5,"curve":[0.25,0,0.129,1],"transform":{"y":4.69,"x":-175.46}},{"duration":20,"curve":[0.25,0,1,0.29],"transform":{"y":0.49,"x":-231.11}},{"duration":5,"curve":[0.25,0,0.75,1],"transform":{"y":19.78,"x":-231.11}},{"duration":0,"transform":{"y":-127.78}}],"name":"Hip"},{"frame":[{"duration":10,"transform":{}},{"duration":5,"transform":{}},{"duration":25,"transform":{}},{"duration":0,"transform":{}}],"name":"Right Arm"},{"frame":[{"duration":10,"transform":{}},{"duration":5,"transform":{}},{"duration":25,"transform":{}},{"duration":0,"transform":{}}],"name":"Belt"},{"frame":[{"duration":10,"curve":[0.25,0,1,0.66],"transform":{}},{"duration":5,"curve":[0.25,0,0.129,1],"transform":{"skX":-48.14,"skY":-48.14}},{"duration":20,"curve":[0.25,0,1,0.29],"transform":{"skX":41.42,"skY":41.42}},{"duration":5,"curve":[0.25,0,0.75,1],"transform":{"skX":6.51,"skY":6.51}},{"duration":0,"transform":{}}],"name":"Left Wing"},{"frame":[{"duration":10,"transform":{}},{"duration":5,"transform":{}},{"duration":25,"transform":{}},{"duration":0,"transform":{}}],"name":"Left Gauntlet"},{"frame":[{"duration":10,"curve":[0.25,0,1,0.66],"transform":{}},{"duration":5,"curve":[0.25,0,0.129,1],"transform":{"skX":-13.99,"skY":-13.99}},{"duration":25,"curve":[0.25,0,1,0.29],"transform":{"skX":-36.08,"skY":-36.08}},{"duration":0,"transform":{}}],"name":"Right Leg Bottom"},{"frame":[{"duration":10,"transform":{}},{"duration":5,"transform":{}},{"duration":25,"transform":{}},{"duration":0,"transform":{}}],"name":"Left Arm"},{"frame":[{"duration":10,"curve":[0.125,0,1,0.8300000000000001],"transform":{"x":93.01}},{"duration":5,"transform":{"x":-183.55}},{"duration":20,"curve":[0.0625,0,1,0.8225],"transform":{"x":-183.55}},{"duration":5,"curve":[0.25,0,0.75,1],"transform":{"x":-246.8}},{"duration":0,"transform":{"x":93.01}}],"name":"left Leg IK"},{"frame":[{"duration":10,"curve":[0.125,0,1,0.8300000000000001],"transform":{"x":-186.95}},{"duration":5,"curve":[0.25,0,0.129,1],"transform":{"x":-175.33}},{"duration":20,"curve":[0.0625,0,1,0.8225],"transform":{"x":-290.83}},{"duration":5,"curve":[0.25,0,0.75,1],"transform":{"x":-242.59}},{"duration":0,"transform":{"x":-186.95}}],"name":"Right Leg IK"},{"frame":[{"duration":10,"transform":{},"tweenEasing":0},{"duration":5,"transform":{}},{"duration":25,"transform":{}}],"name":"shadow"}]},{"ik":[],"frame":[],"ffd":[],"duration":40,"slot":[],"name":"Attack Slash","bone":[{"frame":[{"duration":10,"curve":[0.25,0,1,0.65],"transform":{}},{"duration":5,"transform":{"skX":19.46,"skY":19.46}},{"duration":10,"transform":{"skX":19.46,"skY":19.46}},{"duration":5,"transform":{"skX":19.46,"skY":19.46}},{"duration":10,"curve":[0.25,0,0.75,1],"transform":{"skX":19.46,"skY":19.46}},{"duration":0,"transform":{}}],"name":"Left Arm"},{"frame":[{"duration":10,"curve":[0.25,0,1,0.65],"transform":{}},{"duration":5,"curve":[0.25,0,0.096,0.99],"transform":{"skX":-26.1,"skY":-26.1}},{"duration":10,"transform":{"skX":20.18,"skY":20.18}},{"duration":5,"curve":[0.25,0,0.75,1],"transform":{"skX":20.18,"skY":20.18}},{"duration":10,"curve":[0.25,0,0.75,1],"transform":{"skX":-26.1,"skY":-26.1}},{"duration":0,"transform":{}}],"name":"Right Wing"},{"frame":[{"duration":15,"curve":[0.25,0,1,0.65],"transform":{}},{"duration":10,"transform":{"skX":-62.25,"skY":-62.25}},{"duration":15,"curve":[0.25,0,0.75,1],"transform":{"skX":-62.25,"skY":-62.25}},{"duration":0,"transform":{}}],"name":"Right Leg Bottom"},{"frame":[{"duration":15,"transform":{}},{"duration":10,"transform":{}},{"duration":15,"transform":{}},{"duration":0,"transform":{}}],"name":"Pelv"},{"frame":[{"duration":15,"transform":{}},{"duration":10,"transform":{}},{"duration":15,"transform":{}},{"duration":0,"transform":{}}],"name":"Head"},{"frame":[{"duration":10,"curve":[0.25,0,1,0.65],"transform":{}},{"duration":5,"curve":[0.25,0,0.096,0.99],"transform":{"skX":14.78,"skY":14.78}},{"duration":10,"transform":{"skX":1.81,"skY":1.81}},{"duration":5,"curve":[0.25,0,0.75,1],"transform":{"skX":1.81,"skY":1.81}},{"duration":10,"curve":[0.25,0,0.75,1],"transform":{"skX":-8.9,"skY":-8.9}},{"duration":0,"transform":{}}],"name":"Right Arm"},{"frame":[{"duration":10,"curve":[0.25,0,1,0.65],"transform":{"skX":-2.49,"skY":-2.49}},{"duration":5,"curve":[0.25,0,0.096,0.99],"transform":{"skX":121.66,"skY":121.66}},{"duration":10,"transform":{"skX":-20.5,"skY":-20.5}},{"duration":5,"curve":[0.25,0,0.75,1],"transform":{"skX":-20.5,"skY":-20.5}},{"duration":10,"curve":[0.25,0,0.75,1],"transform":{"skX":60.89,"skY":60.89}},{"duration":0,"transform":{"skX":-2.49,"skY":-2.49}}],"name":"Left Shoulder"},{"frame":[{"duration":15,"curve":[0.25,0,1,0.65],"transform":{}},{"duration":10,"transform":{"skX":-109.39,"skY":-109.39}},{"duration":15,"curve":[0.25,0,0.75,1],"transform":{"skX":-109.39,"skY":-109.39}},{"duration":0,"transform":{}}],"name":"Left Leg Bottom"},{"frame":[{"duration":10,"curve":[0.25,0,1,0.65],"transform":{}},{"duration":5,"curve":[0.25,0,0.096,0.99],"transform":{"skX":42.73,"skY":42.73}},{"duration":10,"transform":{"skX":18.88,"skY":18.88}},{"duration":5,"curve":[0.25,0,0.75,1],"transform":{"skX":18.88,"skY":18.88}},{"duration":10,"curve":[0.25,0,0.75,1],"transform":{"skX":42.73,"skY":42.73}},{"duration":0,"transform":{}}],"name":"Left Wing"},{"frame":[{"duration":15,"transform":{}},{"duration":10,"transform":{}},{"duration":15,"transform":{}},{"duration":0,"transform":{}}],"name":"Left Hormn"},{"frame":[{"duration":10,"curve":[0.25,0,1,0.65],"transform":{}},{"duration":5,"curve":[0.25,0,0.096,0.99],"transform":{"skX":-202.63,"skY":-202.63}},{"duration":10,"transform":{"skX":64,"skY":64}},{"duration":5,"curve":[0.25,0,0.75,1],"transform":{"skX":64,"skY":64}},{"duration":10,"curve":[0.25,0,0.75,1],"transform":{"skX":-226.31,"skY":-226.31}},{"duration":0,"transform":{}}],"name":"Right Shoulder"},{"frame":[{"duration":10,"curve":[0.239,0,0.597,0.38],"transform":{}},{"duration":5,"curve":[0.32,0.28,0.659,0.62],"transform":{"x":181.28}},{"duration":25,"curve":[0.335,0.31,0.673,0.64],"transform":{"x":-19.79}},{"duration":0,"transform":{}}],"name":"root"},{"frame":[{"duration":10,"curve":[0.25,0,1,0.65],"transform":{"y":-127.78}},{"duration":5,"curve":[0.25,0,0.096,0.99],"transform":{"y":-247.19,"x":243.74}},{"duration":10,"curve":[0.25,0,0.75,1],"transform":{"y":61,"x":-199.69}},{"duration":5,"curve":[0.25,0,0.75,1],"transform":{"y":-42.9,"x":-123.49}},{"duration":10,"curve":[0.25,0,0.75,1],"transform":{"y":-247.19,"x":243.74}},{"duration":0,"transform":{"y":-127.78}}],"name":"Hip"},{"frame":[{"duration":15,"curve":[0.25,0,1,0.65],"transform":{}},{"duration":10,"transform":{"skX":-6.32,"skY":-6.32}},{"duration":15,"curve":[0.25,0,0.75,1],"transform":{"skX":-6.32,"skY":-6.32}},{"duration":0,"transform":{}}],"name":"Torso"},{"frame":[{"duration":10,"curve":[0.25,0,1,0.65],"transform":{}},{"duration":5,"curve":[0.25,0,0.096,0.99],"transform":{"skX":21.15,"skY":21.15}},{"duration":10,"transform":{"skX":54.08,"skY":54.08}},{"duration":5,"curve":[0.25,0,0.75,1],"transform":{"skX":54.08,"skY":54.08}},{"duration":10,"curve":[0.25,0,0.75,1],"transform":{"skX":21.15,"skY":21.15}},{"duration":0,"transform":{}}],"name":"Left Tail"},{"frame":[{"duration":15,"curve":[0.25,0,1,0.65],"transform":{}},{"duration":10,"transform":{"skX":12.31,"skY":12.31}},{"duration":15,"curve":[0.25,0,0.75,1],"transform":{"skX":12.31,"skY":12.31}},{"duration":0,"transform":{}}],"name":"Right Leg Top"},{"frame":[{"duration":15,"transform":{}},{"duration":10,"transform":{}},{"duration":15,"transform":{}},{"duration":0,"transform":{}}],"name":"Neck"},{"frame":[{"duration":15,"curve":[0.25,0,1,0.65],"transform":{"skX":-6,"skY":-6}},{"duration":10,"curve":[0.25,0,0.75,1],"transform":{"skX":-18.17,"skY":-18.17}},{"duration":15,"curve":[0.25,0,0.75,1],"transform":{"skX":-13.37,"skY":-13.37}},{"duration":0,"transform":{"skX":-6,"skY":-6}}],"name":"Chest"},{"frame":[{"duration":10,"curve":[0.25,0,1,0.65],"transform":{}},{"duration":5,"transform":{"skX":34.72,"skY":34.72}},{"duration":10,"transform":{"skX":34.72,"skY":34.72}},{"duration":5,"transform":{"skX":34.72,"skY":34.72}},{"duration":10,"curve":[0.25,0,0.75,1],"transform":{"skX":34.72,"skY":34.72}},{"duration":0,"transform":{}}],"name":"Left Gauntlet"},{"frame":[{"duration":10,"curve":[0.25,0,1,0.65],"transform":{}},{"duration":5,"curve":[0.25,0,0.096,0.99],"transform":{"skX":-7,"skY":-7}},{"duration":10,"transform":{"skX":-50.19,"skY":-50.19}},{"duration":5,"curve":[0.25,0,0.75,1],"transform":{"skX":-50.19,"skY":-50.19}},{"duration":10,"curve":[0.25,0,0.75,1],"transform":{"skX":-7,"skY":-7}},{"duration":0,"transform":{}}],"name":"Right Tail"},{"frame":[{"duration":15,"curve":[0.25,0,1,0.65],"transform":{}},{"duration":10,"transform":{"skX":67.82,"skY":67.82}},{"duration":15,"curve":[0.25,0,0.75,1],"transform":{"skX":67.82,"skY":67.82}},{"duration":0,"transform":{}}],"name":"Left Leg Top"},{"frame":[{"duration":15,"curve":[0.25,0,1,0.65],"transform":{}},{"duration":10,"curve":[0.25,0,0.75,1],"transform":{"scY":1.16,"scX":1.14}},{"duration":15,"transform":{}},{"duration":0,"transform":{}}],"name":"sword"},{"frame":[{"duration":10,"curve":[0.25,0,1,0.65],"transform":{}},{"duration":5,"curve":[0.25,0,0.096,0.99],"transform":{"skX":64.75,"skY":64.75}},{"duration":10,"transform":{"skX":41.07,"skY":41.07}},{"duration":5,"transform":{"skX":41.07,"skY":41.07}},{"duration":10,"curve":[0.25,0,0.75,1],"transform":{"skX":41.07,"skY":41.07}},{"duration":0,"transform":{}}],"name":"Right Gauntlet"},{"frame":[{"duration":15,"transform":{}},{"duration":10,"transform":{}},{"duration":15,"transform":{}},{"duration":0,"transform":{}}],"name":"Right Horn"},{"frame":[{"duration":15,"transform":{}},{"duration":10,"transform":{}},{"duration":15,"transform":{}},{"duration":0,"transform":{}}],"name":"Belt"},{"frame":[{"duration":15,"transform":{}},{"duration":10,"transform":{}},{"duration":15,"transform":{}},{"duration":0,"transform":{}}],"name":"Left FIngers"},{"frame":[{"duration":10,"curve":[0.25,0,1,0.65],"transform":{}},{"duration":5,"transform":{"skX":15.29,"skY":15.29}},{"duration":10,"transform":{"skX":15.29,"skY":15.29}},{"duration":5,"transform":{"skX":15.29,"skY":15.29}},{"duration":10,"curve":[0.25,0,0.75,1],"transform":{"skX":15.29,"skY":15.29}},{"duration":0,"transform":{}}],"name":"Left Palm"},{"frame":[{"duration":10,"curve":[0.125,0,1,0.825],"transform":{"x":-186.95}},{"duration":5,"curve":[0.25,0,0,1],"transform":{"x":-84.77}},{"duration":10,"curve":[0.25,0,0.75,1],"transform":{"y":-47.51,"x":-143.47}},{"duration":5,"transform":{"y":-47.51,"x":-143.47},"tweenEasing":0},{"duration":10,"curve":[0.25,0,0.75,1],"transform":{"x":-84.77}},{"duration":0,"transform":{"x":-186.95}}],"name":"Right Leg IK"},{"frame":[{"duration":10,"curve":[0.125,0,1,0.825],"transform":{"x":93.01}},{"duration":5,"curve":[0.25,0,0.096,0.99],"transform":{"y":-370.82,"x":216.05,"skX":38.2,"skY":38.2}},{"duration":10,"curve":[0.25,0,0.75,1],"transform":{"y":-73.01,"x":-242.93,"skX":38.2,"skY":38.2}},{"duration":5,"curve":[0.125,0,0.875,1],"transform":{"y":-176.9,"x":-166.73,"skX":38.2,"skY":38.2}},{"duration":10,"curve":[0.125,0,0.875,1],"transform":{"y":-370.82,"x":216.05,"skX":38.2,"skY":38.2}},{"duration":0,"transform":{"x":93.01,"skX":38.2,"skY":38.2}}],"name":"left Leg IK"},{"frame":[{"duration":40,"transform":{}}],"name":"shadow"}]},{"ik":[],"frame":[],"ffd":[],"duration":35,"slot":[],"name":"Attack Thrust","bone":[{"frame":[{"duration":10,"transform":{}},{"duration":5,"transform":{}},{"duration":5,"transform":{}},{"duration":5,"transform":{}},{"duration":10,"transform":{}},{"duration":0,"transform":{}}],"name":"Right Horn"},{"frame":[{"duration":10,"curve":[0.25,0,1,0.56],"transform":{}},{"duration":5,"curve":[0.25,0,0.172,1],"transform":{"skX":26.65,"skY":26.65}},{"duration":5,"transform":{"skX":61.74,"skY":61.74}},{"duration":5,"curve":[0.25,0,0.75,1],"transform":{"skX":61.74,"skY":61.74}},{"duration":10,"curve":[0.25,0,0.75,1],"transform":{"skX":26.65,"skY":26.65}},{"duration":0,"transform":{}}],"name":"Left Leg Top"},{"frame":[{"duration":10,"transform":{"skX":-6,"skY":-6}},{"duration":5,"curve":[0.25,0,0.172,1],"transform":{"skX":-6,"skY":-6}},{"duration":5,"transform":{"y":1.08,"x":-4.62,"skX":-27.58,"skY":-27.58}},{"duration":5,"curve":[0.25,0,0.75,1],"transform":{"y":1.08,"x":-4.62,"skX":-27.58,"skY":-27.58}},{"duration":10,"transform":{"skX":-6,"skY":-6}},{"duration":0,"transform":{"skX":-6,"skY":-6}}],"name":"Chest"},{"frame":[{"duration":10,"curve":[0.25,0,1,0.56],"transform":{}},{"duration":5,"curve":[0.382,0.57,0.172,1],"transform":{"skX":-14.76,"skY":-14.76}},{"duration":5,"transform":{"skX":-20.6,"skY":-20.6}},{"duration":5,"curve":[0.25,0,0.75,1],"transform":{"skX":-20.6,"skY":-20.6}},{"duration":10,"curve":[0.382,0.57,0.735,1],"transform":{"skX":-14.76,"skY":-14.76}},{"duration":0,"transform":{}}],"name":"sword"},{"frame":[{"duration":10,"curve":[0.25,0,1,0.56],"transform":{}},{"duration":5,"transform":{"skX":35.49,"skY":35.49}},{"duration":5,"transform":{"skX":35.49,"skY":35.49}},{"duration":5,"transform":{"skX":35.49,"skY":35.49}},{"duration":10,"curve":[0.25,0,0.75,1],"transform":{"skX":35.49,"skY":35.49}},{"duration":0,"transform":{}}],"name":"Right Gauntlet"},{"frame":[{"duration":10,"curve":[0.25,0,1,0.56],"transform":{}},{"duration":5,"curve":[0.25,0,0.172,1],"transform":{"skX":14.52,"skY":14.52}},{"duration":5,"transform":{"skX":-4.27,"skY":-4.27}},{"duration":5,"curve":[0.25,0,0.75,1],"transform":{"skX":-4.27,"skY":-4.27}},{"duration":10,"curve":[0.25,0,0.75,1],"transform":{"skX":14.52,"skY":14.52}},{"duration":0,"transform":{}}],"name":"Left Gauntlet"},{"frame":[{"duration":10,"curve":[0.25,0,1,0.56],"transform":{"skX":-2.49,"skY":-2.49}},{"duration":5,"curve":[0.25,0,0.172,1],"transform":{"skX":-4.68,"skY":-4.68}},{"duration":5,"transform":{"skX":73.28,"skY":73.28}},{"duration":5,"curve":[0.25,0,0.75,1],"transform":{"skX":73.28,"skY":73.28}},{"duration":10,"curve":[0.25,0,0.75,1],"transform":{"skX":-4.68,"skY":-4.68}},{"duration":0,"transform":{"skX":-2.49,"skY":-2.49}}],"name":"Left Shoulder"},{"frame":[{"duration":10,"transform":{}},{"duration":5,"transform":{}},{"duration":5,"transform":{}},{"duration":5,"transform":{}},{"duration":10,"transform":{}},{"duration":0,"transform":{}}],"name":"Left Palm"},{"frame":[{"duration":10,"curve":[0.25,0,1,0.56],"transform":{}},{"duration":5,"curve":[0.25,0,0.172,1],"transform":{"skX":-89.59,"skY":-89.59}},{"duration":5,"transform":{"skX":-129.01,"skY":-129.01}},{"duration":5,"curve":[0.25,0,0.75,1],"transform":{"skX":-129.01,"skY":-129.01}},{"duration":10,"curve":[0.25,0,0.75,1],"transform":{"skX":-89.59,"skY":-89.59}},{"duration":0,"transform":{}}],"name":"Left Leg Bottom"},{"frame":[{"duration":10,"curve":[0.25,0,1,0.56],"transform":{}},{"duration":5,"curve":[0.25,0,0.172,1],"transform":{"skX":-27.66,"skY":-27.66}},{"duration":5,"transform":{"skX":-0.94,"skY":-0.94}},{"duration":5,"curve":[0.25,0,0.75,1],"transform":{"skX":-0.94,"skY":-0.94}},{"duration":10,"curve":[0.25,0,0.75,1],"transform":{"skX":-27.66,"skY":-27.66}},{"duration":0,"transform":{}}],"name":"Right Wing"},{"frame":[{"duration":10,"curve":[0.25,0,1,0.56],"transform":{}},{"duration":5,"curve":[0.25,0,0.172,1],"transform":{"x":125.64}},{"duration":5,"transform":{"x":-282.39}},{"duration":5,"curve":[0.25,0,0.75,1],"transform":{"x":-282.39}},{"duration":10,"curve":[0.25,0,0.75,1],"transform":{"x":125.64}},{"duration":0,"transform":{}}],"name":"root"},{"frame":[{"duration":10,"transform":{}},{"duration":5,"transform":{}},{"duration":5,"transform":{}},{"duration":5,"transform":{}},{"duration":10,"transform":{}},{"duration":0,"transform":{}}],"name":"Belt"},{"frame":[{"duration":10,"curve":[0.25,0,1,0.56],"transform":{}},{"duration":5,"curve":[0.25,0,0.172,1],"transform":{"skX":40.88,"skY":40.88}},{"duration":5,"transform":{"skX":70.61,"skY":70.61}},{"duration":5,"curve":[0.25,0,0.75,1],"transform":{"skX":70.61,"skY":70.61}},{"duration":10,"curve":[0.25,0,0.75,1],"transform":{"skX":40.88,"skY":40.88}},{"duration":0,"transform":{}}],"name":"Left Wing"},{"frame":[{"duration":10,"transform":{}},{"duration":5,"transform":{}},{"duration":5,"transform":{}},{"duration":5,"transform":{}},{"duration":10,"transform":{}},{"duration":0,"transform":{}}],"name":"Right Arm"},{"frame":[{"duration":10,"transform":{}},{"duration":5,"transform":{}},{"duration":5,"transform":{}},{"duration":5,"transform":{}},{"duration":10,"transform":{}},{"duration":0,"transform":{}}],"name":"Neck"},{"frame":[{"duration":10,"transform":{}},{"duration":5,"curve":[0.25,0,0.172,1],"transform":{}},{"duration":5,"transform":{"skX":-32.78,"skY":-32.78}},{"duration":5,"curve":[0.25,0,0.75,1],"transform":{"skX":-32.78,"skY":-32.78}},{"duration":10,"transform":{}},{"duration":0,"transform":{}}],"name":"Right Tail"},{"frame":[{"duration":10,"transform":{}},{"duration":5,"transform":{}},{"duration":5,"transform":{}},{"duration":5,"transform":{}},{"duration":10,"transform":{}},{"duration":0,"transform":{}}],"name":"Left FIngers"},{"frame":[{"duration":10,"transform":{}},{"duration":5,"transform":{}},{"duration":5,"transform":{}},{"duration":5,"transform":{}},{"duration":10,"transform":{}},{"duration":0,"transform":{}}],"name":"Torso"},{"frame":[{"duration":10,"curve":[0.25,0,1,0.56],"transform":{"y":-127.78}},{"duration":5,"curve":[0.25,0,0.172,1],"transform":{"y":-143.07,"x":263.42}},{"duration":5,"curve":[0.25,0,0.75,1],"transform":{"y":-10.47,"x":-406.4}},{"duration":5,"curve":[0.25,0,0.75,1],"transform":{"y":-10.47,"x":-456.75}},{"duration":10,"curve":[0.25,0,0.75,1],"transform":{"y":-143.07,"x":263.42}},{"duration":0,"transform":{"y":-127.78}}],"name":"Hip"},{"frame":[{"duration":10,"curve":[0.25,0,1,0.56],"transform":{}},{"duration":5,"curve":[0.25,0,0.172,1],"transform":{"skX":-24.63,"skY":-24.63}},{"duration":5,"transform":{"skX":-51.72,"skY":-51.72}},{"duration":5,"curve":[0.25,0,0.75,1],"transform":{"skX":-51.72,"skY":-51.72}},{"duration":10,"curve":[0.25,0,0.75,1],"transform":{"skX":-24.63,"skY":-24.63}},{"duration":0,"transform":{}}],"name":"Right Shoulder"},{"frame":[{"duration":10,"curve":[0.25,0,1,0.56],"transform":{}},{"duration":5,"curve":[0.25,0,0.172,1],"transform":{"skX":47.48,"skY":47.48}},{"duration":5,"transform":{"skX":-36.92,"skY":-36.92}},{"duration":5,"curve":[0.25,0,0.75,1],"transform":{"skX":-36.92,"skY":-36.92}},{"duration":10,"curve":[0.25,0,0.75,1],"transform":{"skX":47.48,"skY":47.48}},{"duration":0,"transform":{}}],"name":"Right Leg Top"},{"frame":[{"duration":10,"transform":{}},{"duration":5,"transform":{}},{"duration":5,"transform":{}},{"duration":5,"transform":{}},{"duration":10,"transform":{}},{"duration":0,"transform":{}}],"name":"Pelv"},{"frame":[{"duration":10,"transform":{}},{"duration":5,"transform":{}},{"duration":5,"transform":{}},{"duration":5,"transform":{}},{"duration":10,"transform":{}},{"duration":0,"transform":{}}],"name":"Left Hormn"},{"frame":[{"duration":10,"curve":[0.125,0,1,0.78],"transform":{"x":93.01}},{"duration":5,"curve":[0.25,0,0.172,1],"transform":{"y":-231.67,"x":337.61}},{"duration":5,"curve":[0.25,0,0.75,1],"transform":{"y":-179.02,"x":-400.46}},{"duration":5,"curve":[0.25,0,0.75,1],"transform":{"y":-180.5,"x":-433.04}},{"duration":10,"curve":[0.0625,0,0.9375,1],"transform":{"y":-231.67,"x":337.61}},{"duration":0,"transform":{"x":93.01}}],"name":"left Leg IK"},{"frame":[{"duration":10,"transform":{}},{"duration":5,"curve":[0.25,0,0.172,1],"transform":{}},{"duration":5,"transform":{"skX":6.9,"skY":6.9}},{"duration":5,"curve":[0.25,0,0.75,1],"transform":{"skX":6.9,"skY":6.9}},{"duration":10,"transform":{}},{"duration":0,"transform":{}}],"name":"Head"},{"frame":[{"duration":10,"transform":{}},{"duration":5,"curve":[0.25,0,0.172,1],"transform":{}},{"duration":5,"transform":{"skX":-96.98,"skY":-96.98}},{"duration":5,"curve":[0.25,0,0.75,1],"transform":{"skX":-96.98,"skY":-96.98}},{"duration":10,"transform":{}},{"duration":0,"transform":{}}],"name":"Left Tail"},{"frame":[{"duration":10,"curve":[0.25,0,1,0.56],"transform":{}},{"duration":5,"transform":{"skX":3.27,"skY":3.27}},{"duration":5,"transform":{"skX":3.27,"skY":3.27}},{"duration":5,"transform":{"skX":3.27,"skY":3.27}},{"duration":10,"curve":[0.25,0,0.75,1],"transform":{"skX":3.27,"skY":3.27}},{"duration":0,"transform":{}}],"name":"Right Leg Bottom"},{"frame":[{"duration":10,"curve":[0.125,0,1,0.78],"transform":{"x":-186.95}},{"duration":5,"curve":[0.25,0,0.172,1],"transform":{"y":-72.91,"x":-74.05}},{"duration":5,"transform":{"y":-61.21,"x":-61.38}},{"duration":5,"curve":[0.25,0,0.75,1],"transform":{"y":-61.21,"x":-61.38}},{"duration":10,"curve":[0.0625,0,0.9375,1],"transform":{"y":-72.91,"x":-74.05}},{"duration":0,"transform":{"x":-186.95}}],"name":"Right Leg IK"},{"frame":[{"duration":10,"transform":{}},{"duration":5,"transform":{}},{"duration":5,"transform":{}},{"duration":5,"transform":{}},{"duration":10,"transform":{}},{"duration":0,"transform":{}}],"name":"Left Arm"},{"frame":[{"duration":10,"transform":{},"tweenEasing":0},{"duration":5,"transform":{"scX":0.9},"tweenEasing":0},{"duration":10,"transform":{"scX":1.04},"tweenEasing":0},{"duration":10,"transform":{"scX":0.94},"tweenEasing":0},{"duration":0,"transform":{}}],"name":"shadow"}]},{"ik":[],"frame":[],"ffd":[],"duration":30,"slot":[],"name":"Damage","bone":[{"frame":[{"duration":30,"transform":{}},{"duration":0,"transform":{}}],"name":"Head"},{"frame":[{"duration":30,"transform":{}},{"duration":0,"transform":{}}],"name":"Left Leg Top"},{"frame":[{"duration":30,"transform":{"skX":-6,"skY":-6}},{"duration":0,"transform":{"skX":-6,"skY":-6}}],"name":"Chest"},{"frame":[{"duration":30,"transform":{}},{"duration":0,"transform":{}}],"name":"sword"},{"frame":[{"duration":10,"curve":[0.25,0,0,1],"transform":{}},{"duration":20,"curve":[0.25,0,0.959,0.83],"transform":{"skX":37.72,"skY":37.72}},{"duration":0,"transform":{}}],"name":"Right Gauntlet"},{"frame":[{"duration":10,"curve":[0.25,0,0,1],"transform":{}},{"duration":20,"curve":[0.25,0,0.959,0.83],"transform":{"skX":20.09,"skY":20.09}},{"duration":0,"transform":{}}],"name":"Left Gauntlet"},{"frame":[{"duration":30,"transform":{"skX":-2.49,"skY":-2.49}},{"duration":0,"transform":{"skX":-2.49,"skY":-2.49}}],"name":"Left Shoulder"},{"frame":[{"duration":30,"transform":{}},{"duration":0,"transform":{}}],"name":"Left Palm"},{"frame":[{"duration":30,"transform":{}},{"duration":0,"transform":{}}],"name":"Left Leg Bottom"},{"frame":[{"duration":10,"curve":[0.25,0,0,1],"transform":{}},{"duration":20,"curve":[0.25,0,0.959,0.83],"transform":{"skX":-11.17,"skY":-11.17}},{"duration":0,"transform":{}}],"name":"Right Wing"},{"frame":[{"duration":30,"transform":{}},{"duration":0,"transform":{}}],"name":"root"},{"frame":[{"duration":30,"transform":{}},{"duration":0,"transform":{}}],"name":"Belt"},{"frame":[{"duration":10,"curve":[0.25,0,0,1],"transform":{}},{"duration":20,"curve":[0.25,0,0.959,0.83],"transform":{"skX":40.59,"skY":40.59}},{"duration":0,"transform":{}}],"name":"Left Wing"},{"frame":[{"duration":30,"transform":{}},{"duration":0,"transform":{}}],"name":"Right Arm"},{"frame":[{"duration":30,"transform":{}},{"duration":0,"transform":{}}],"name":"Neck"},{"frame":[{"duration":10,"curve":[0.25,0,0,1],"transform":{}},{"duration":20,"curve":[0.25,0,0.959,0.83],"transform":{"skX":-15.18,"skY":-15.18}},{"duration":0,"transform":{}}],"name":"Right Tail"},{"frame":[{"duration":30,"transform":{}},{"duration":0,"transform":{}}],"name":"Left FIngers"},{"frame":[{"duration":30,"transform":{}},{"duration":0,"transform":{}}],"name":"Torso"},{"frame":[{"duration":10,"curve":[0.25,0,0,1],"transform":{"y":-127.78}},{"duration":20,"curve":[0.25,0,0.959,0.83],"transform":{"y":-67.57,"x":175.05}},{"duration":0,"transform":{"y":-127.78}}],"name":"Hip"},{"frame":[{"duration":10,"curve":[0.25,0,0,1],"transform":{}},{"duration":20,"curve":[0.25,0,0.959,0.83],"transform":{"skX":-22.24,"skY":-22.24}},{"duration":0,"transform":{}}],"name":"Right Shoulder"},{"frame":[{"duration":30,"transform":{}},{"duration":0,"transform":{}}],"name":"Right Leg Top"},{"frame":[{"duration":30,"transform":{}},{"duration":0,"transform":{}}],"name":"Pelv"},{"frame":[{"duration":30,"transform":{}},{"duration":0,"transform":{}}],"name":"Left Hormn"},{"frame":[{"duration":30,"transform":{}},{"duration":0,"transform":{}}],"name":"Right Horn"},{"frame":[{"duration":10,"curve":[0.25,0,0,1],"transform":{"x":93.01}},{"duration":20,"curve":[0.25,0,0.959,0.83],"transform":{"x":216.34}},{"duration":0,"transform":{"x":93.01}}],"name":"left Leg IK"},{"frame":[{"duration":10,"curve":[0.25,0,0,1],"transform":{}},{"duration":20,"curve":[0.25,0,0.959,0.83],"transform":{"skX":13.81,"skY":13.81}},{"duration":0,"transform":{}}],"name":"Left Tail"},{"frame":[{"duration":30,"transform":{}},{"duration":0,"transform":{}}],"name":"Right Leg Bottom"},{"frame":[{"duration":10,"curve":[0.25,0,0,1],"transform":{"x":-186.95}},{"duration":20,"curve":[0.25,0,0.959,0.83],"transform":{"x":-80.88}},{"duration":0,"transform":{"x":-186.95}}],"name":"Right Leg IK"},{"frame":[{"duration":30,"transform":{}},{"duration":0,"transform":{}}],"name":"Left Arm"},{"frame":[{"duration":30,"transform":{}}],"name":"shadow"}]},{"ik":[],"frame":[],"ffd":[],"duration":60,"slot":[],"name":"Idle","bone":[{"frame":[{"duration":60,"transform":{}},{"duration":0,"transform":{}}],"name":"root"},{"frame":[{"duration":60,"transform":{}},{"duration":0,"transform":{}}],"name":"Belt"},{"frame":[{"duration":60,"transform":{}},{"duration":0,"transform":{}}],"name":"Pelv"},{"frame":[{"duration":60,"transform":{}},{"duration":0,"transform":{}}],"name":"Torso"},{"frame":[{"duration":30,"curve":[0.25,0,0.75,1],"transform":{"y":-127.78}},{"duration":30,"curve":[0.25,0,0.75,1],"transform":{"y":-70.27}},{"duration":0,"transform":{"y":-127.78}}],"name":"Hip"},{"frame":[{"duration":60,"transform":{}},{"duration":0,"transform":{}}],"name":"Left Leg Top"},{"frame":[{"duration":60,"transform":{}},{"duration":0,"transform":{}}],"name":"Left Leg Bottom"},{"frame":[{"duration":60,"transform":{}},{"duration":0,"transform":{}}],"name":"Right Leg Top"},{"frame":[{"duration":60,"transform":{}},{"duration":0,"transform":{}}],"name":"Right Leg Bottom"},{"frame":[{"duration":30,"curve":[0.25,0,0.75,1],"transform":{}},{"duration":30,"curve":[0.25,0,0.75,1],"transform":{"skX":14.51,"skY":14.51}},{"duration":0,"transform":{}}],"name":"Left Tail"},{"frame":[{"duration":30,"curve":[0.25,0,0.75,1],"transform":{}},{"duration":30,"curve":[0.25,0,0.75,1],"transform":{"skX":-8.12,"skY":-8.12}},{"duration":0,"transform":{}}],"name":"Right Tail"},{"frame":[{"duration":60,"transform":{"skX":-6,"skY":-6}},{"duration":0,"transform":{"skX":-6,"skY":-6}}],"name":"Chest"},{"frame":[{"duration":60,"transform":{}},{"duration":0,"transform":{}}],"name":"Neck"},{"frame":[{"duration":60,"transform":{}},{"duration":0,"transform":{}}],"name":"Head"},{"frame":[{"duration":60,"transform":{}},{"duration":0,"transform":{}}],"name":"Left Hormn"},{"frame":[{"duration":60,"transform":{}},{"duration":0,"transform":{}}],"name":"Right Horn"},{"frame":[{"duration":30,"curve":[0.25,0,0.75,1],"transform":{}},{"duration":30,"curve":[0.25,0,0.75,1],"transform":{"skX":-3.82,"skY":-3.82}},{"duration":0,"transform":{}}],"name":"Right Shoulder"},{"frame":[{"duration":60,"transform":{}},{"duration":0,"transform":{}}],"name":"Right Arm"},{"frame":[{"duration":60,"transform":{}},{"duration":0,"transform":{}}],"name":"Right Gauntlet"},{"frame":[{"duration":30,"curve":[0.25,0,0.75,1],"transform":{"skX":-2.49,"skY":-2.49}},{"duration":30,"curve":[0.25,0,0.75,1],"transform":{"skX":15.87,"skY":15.87}},{"duration":0,"transform":{"skX":-2.49,"skY":-2.49}}],"name":"Left Shoulder"},{"frame":[{"duration":30,"curve":[0.25,0,0.75,1],"transform":{}},{"duration":30,"curve":[0.25,0,0.75,1],"transform":{"skX":-7.19,"skY":-7.19}},{"duration":0,"transform":{}}],"name":"Left Arm"},{"frame":[{"duration":60,"transform":{}},{"duration":0,"transform":{}}],"name":"Left Gauntlet"},{"frame":[{"duration":60,"transform":{}},{"duration":0,"transform":{}}],"name":"Left Palm"},{"frame":[{"duration":60,"transform":{}},{"duration":0,"transform":{}}],"name":"Left FIngers"},{"frame":[{"duration":60,"transform":{}},{"duration":0,"transform":{}}],"name":"sword"},{"frame":[{"duration":30,"curve":[0.25,0,0.75,1],"transform":{}},{"duration":30,"curve":[0.25,0,0.75,1],"transform":{"skX":-14.29,"skY":-14.29}},{"duration":0,"transform":{}}],"name":"Right Wing"},{"frame":[{"duration":30,"curve":[0.25,0,0.75,1],"transform":{}},{"duration":30,"curve":[0.25,0,0.75,1],"transform":{"skX":21.85,"skY":21.85}},{"duration":0,"transform":{}}],"name":"Left Wing"},{"frame":[{"duration":60,"transform":{"x":93.01}},{"duration":0,"transform":{"x":93.01}}],"name":"left Leg IK"},{"frame":[{"duration":60,"transform":{"x":-186.95}},{"duration":0,"transform":{"x":-186.95}}],"name":"Right Leg IK"},{"frame":[{"duration":60,"transform":{}}],"name":"shadow"}]}],"aabb":{"width":1088.9607099884217,"y":-655.766051442069,"height":656.7160514420691,"x":-495.1639106518998},"type":"Armature","frameRate":30,"skin":[{"name":"","slot":[{"display":[{"path":"Head","type":"image","name":"Head","transform":{"y":5.59,"x":56.09,"skX":100.23,"skY":100.23}}],"name":"Head"},{"display":[{"path":"Left fingers","type":"image","name":"Left fingers","transform":{"y":-1.37,"x":-8.55,"skX":-135,"skY":-135}}],"name":"Left fingers"},{"display":[{"path":"Left Leg bottom","type":"image","name":"Left Leg bottom","transform":{"y":0.06,"x":35.01,"skX":-93.68,"skY":-93.68}}],"name":"Left Leg bottom"},{"display":[{"path":"Belt","type":"image","name":"Belt","transform":{"y":-9.54,"x":8.93}}],"name":"Belt"},{"display":[{"path":"left wing","type":"image","name":"left wing","transform":{"y":16.47,"x":152.89,"skX":164.53,"skY":164.53}}],"name":"left wing"},{"display":[{"path":"Left Arm","type":"image","name":"Left Arm","transform":{"y":3.74,"x":14.16,"skX":-126.67,"skY":-126.67}}],"name":"Left Arm"},{"display":[{"path":"Tail Left","type":"image","name":"Tail Left","transform":{"y":-8.48,"x":162.94,"skX":-131.82,"skY":-131.82}}],"name":"Tail Left"},{"display":[{"path":"neck","type":"image","name":"neck","transform":{"y":6.35,"x":7.68,"skX":86.82,"skY":86.82}}],"name":"neck"},{"display":[{"path":"Sword","type":"image","name":"Sword","transform":{"y":21.05,"x":164.23,"skX":-162.58,"skY":-162.58}}],"name":"Sword"},{"display":[{"path":"Left Leg Top","type":"image","name":"Left Leg Top","transform":{"y":6.57,"x":74.13,"skX":-90.55,"skY":-90.55}}],"name":"Left Leg Top"},{"display":[{"path":"chest","type":"image","name":"chest","transform":{"y":3.56,"x":19.64,"skX":78.16,"skY":78.16}}],"name":"chest"},{"display":[{"path":"right wing","type":"image","name":"right wing","transform":{"y":7.43,"x":267.71,"skX":11.56,"skY":11.56}}],"name":"right wing"},{"display":[{"path":"Layer 2","type":"image","name":"Layer 2","transform":{"y":120.79,"x":-26.6,"skX":-54.82,"skY":-54.82}}],"name":"Layer 2"},{"display":[{"path":"Tail right","type":"image","name":"Tail right","transform":{"y":18.88,"x":194.11,"skX":-35.72,"skY":-35.72}}],"name":"Tail right"},{"display":[{"path":"torso","type":"image","name":"torso","transform":{"y":5,"x":45.52,"skX":76.79,"skY":76.79}}],"name":"torso"},{"display":[{"path":"left horn","type":"image","name":"left horn","transform":{"y":-7.85,"x":15.61,"skX":-101.63,"skY":-101.63}}],"name":"left horn"},{"display":[{"path":"left gauntlet","type":"image","name":"left gauntlet","transform":{"y":17.66,"x":14.08,"skX":-129.05,"skY":-129.05}}],"name":"left gauntlet"},{"display":[{"path":"Right Leg Top","type":"image","name":"Right Leg Top","transform":{"y":-3.42,"x":76.76,"skX":-65.53,"skY":-65.53}}],"name":"Right Leg Top"},{"display":[{"path":"Right Shoulder","type":"image","name":"Right Shoulder","transform":{"y":-24.78,"x":15.75,"skX":-56.56,"skY":-56.56}}],"name":"Right Shoulder"},{"display":[{"path":"shadow","type":"image","name":"shadow","transform":{}}],"name":"shadow"},{"display":[{"path":"right mid arm","type":"image","name":"right mid arm","transform":{"y":-3.64,"x":23.85,"skX":-49.9,"skY":-49.9}}],"name":"right mid arm"},{"display":[{"path":"neck base","type":"image","name":"neck base","transform":{"y":4.41,"x":-2.44,"skX":86.82,"skY":86.82}}],"name":"neck base"},{"display":[{"path":"crotch","type":"image","name":"crotch","transform":{"y":-5.98,"x":-1.64,"skX":-78.69,"skY":-78.69}}],"name":"crotch"},{"display":[{"path":"left shoulder","type":"image","name":"left shoulder","transform":{"y":11.12,"x":6.96,"skX":-112.38,"skY":-112.38}}],"name":"left shoulder"},{"display":[{"path":"left palm","type":"image","name":"left palm","transform":{"y":-1.77,"x":8.49,"skX":-135,"skY":-135}}],"name":"left palm"},{"display":[{"path":"right leg bot","type":"image","name":"right leg bot","transform":{"y":2.68,"x":71.7,"skX":-63.19,"skY":-63.19}}],"name":"right leg bot"},{"display":[{"path":"Right Horn","type":"image","name":"Right Horn","transform":{"y":-4.1,"x":36.14,"skX":-128.43,"skY":-128.43}}],"name":"Right Horn"}]}],"ik":[{"target":"Right Leg IK","bendPositive":"false","name":"Right Leg IK","bone":"Right Leg Bottom","chain":1},{"target":"left Leg IK","bendPositive":"false","name":"left Leg IK","bone":"Left Leg Bottom","chain":1}],"slot":[{"color":{},"name":"shadow","parent":"shadow"},{"z":1,"color":{},"name":"right wing","parent":"Right Wing"},{"z":2,"color":{},"name":"left wing","parent":"Left Wing"},{"z":3,"color":{},"name":"left shoulder","parent":"Left Shoulder"},{"z":4,"color":{},"name":"left horn","parent":"Left Hormn"},{"z":5,"color":{},"name":"neck","parent":"Neck"},{"z":6,"color":{},"name":"Head","parent":"Head"},{"z":7,"color":{},"name":"right mid arm","parent":"Right Arm"},{"z":8,"color":{},"name":"Layer 2","parent":"Right Gauntlet"},{"z":9,"color":{},"name":"Left Arm","parent":"Left Arm"},{"z":10,"color":{},"name":"left palm","parent":"Left Palm"},{"z":11,"color":{},"name":"left gauntlet","parent":"Left Gauntlet"},{"z":12,"color":{},"name":"Sword","parent":"sword"},{"z":13,"color":{},"name":"Left fingers","parent":"Left FIngers"},{"z":14,"color":{},"name":"neck base","parent":"Neck"},{"z":15,"color":{},"name":"Tail right","parent":"Right Tail"},{"z":16,"color":{},"name":"Tail Left","parent":"Left Tail"},{"z":17,"color":{},"name":"right leg bot","parent":"Right Leg Bottom"},{"z":18,"color":{},"name":"Right Leg Top","parent":"Right Leg Top"},{"z":19,"color":{},"name":"Left Leg Top","parent":"Left Leg Top"},{"z":20,"color":{},"name":"Left Leg bottom","parent":"Left Leg Bottom"},{"z":21,"color":{},"name":"crotch","parent":"Pelv"},{"z":22,"color":{},"name":"torso","parent":"Torso"},{"z":23,"color":{},"name":"Belt","parent":"Belt"},{"z":24,"color":{},"name":"chest","parent":"Chest"},{"z":25,"color":{},"name":"Right Shoulder","parent":"Right Shoulder"},{"z":26,"color":{},"name":"Right Horn","parent":"Right Horn"}],"defaultActions":[{"gotoAndPlay":"Attack Gauntlet"}],"name":"Tiamat","bone":[{"transform":{"x":-1.7},"name":"root"},{"transform":{"y":-0.23,"x":194.94},"name":"Right Leg IK","parent":"root"},{"transform":{"y":-14.55,"x":41.95},"name":"shadow","parent":"root"},{"transform":{"y":-0.44,"x":-45.23},"name":"left Leg IK","parent":"root"},{"transform":{"y":-351.89,"x":0.64},"name":"Hip","parent":"root"},{"length":77,"transform":{"y":-7.7,"x":13.09,"skX":-76.79,"skY":-76.79},"parent":"Hip","name":"Torso"},{"transform":{"y":22.74,"x":6.38},"name":"Belt","parent":"Hip"},{"length":189,"transform":{"y":16.17,"x":36.96,"skX":65.53,"skY":65.53},"parent":"Hip","name":"Right Leg Top"},{"length":374,"transform":{"y":18.48,"x":49.28,"skX":35.72,"skY":35.72},"parent":"Hip","name":"Right Tail"},{"length":343,"transform":{"y":30.03,"x":-12.32,"skX":131.82,"skY":131.82},"parent":"Hip","name":"Left Tail"},{"length":169,"transform":{"y":36.27,"x":-23.87,"skX":90.55,"skY":90.55},"parent":"Hip","name":"Left Leg Top"},{"length":181,"transform":{"y":3.07,"x":188.95,"skX":-2.34,"skY":-2.34},"parent":"Right Leg Top","name":"Right Leg Bottom"},{"length":147,"transform":{"y":-3.15,"x":168.61,"skX":3.13,"skY":3.13},"parent":"Left Leg Top","name":"Left Leg Bottom"},{"length":48,"transform":{"y":1.68,"x":77.11,"skX":-1.37,"skY":-1.37},"parent":"Torso","name":"Chest"},{"length":15,"transform":{"y":9.24,"x":5.39,"skX":78.69,"skY":78.69},"parent":"Belt","name":"Pelv"},{"length":13,"transform":{"y":7.62,"x":57.46,"skX":-8.66,"skY":-8.66},"parent":"Chest","name":"Neck"},{"length":441,"transform":{"y":14.1,"x":26.56,"skX":66.59,"skY":66.59},"parent":"Chest","name":"Right Wing"},{"length":254,"transform":{"y":-26.23,"x":27.54,"skX":-86.37,"skY":-86.37},"parent":"Chest","name":"Left Wing"},{"length":48,"transform":{"y":34.07,"x":55.14,"skX":134.72,"skY":134.72},"parent":"Chest","name":"Right Shoulder"},{"length":42,"transform":{"y":-18.73,"x":33.05,"skX":-169.46,"skY":-169.46},"parent":"Chest","name":"Left Shoulder"},{"length":112,"transform":{"y":-1.58,"x":14.56,"skX":-13.41,"skY":-13.41},"parent":"Neck","name":"Head"},{"length":45,"transform":{"y":-8,"x":41.67,"skX":14.29,"skY":14.29},"parent":"Left Shoulder","name":"Left Arm"},{"length":57,"transform":{"y":8.13,"x":44.46,"skX":-6.66,"skY":-6.66},"parent":"Right Shoulder","name":"Right Arm"},{"length":53,"transform":{"y":-34.06,"x":28.06,"skX":-158.13,"skY":-158.13},"parent":"Head","name":"Left Hormn"},{"length":90,"transform":{"y":67.24,"x":38.72,"skX":-131.33,"skY":-131.33},"parent":"Head","name":"Right Horn"},{"length":89,"transform":{"y":2.8,"x":52.97,"skX":2.37,"skY":2.37},"parent":"Left Arm","name":"Left Gauntlet"},{"length":114,"transform":{"y":-3.1,"x":68.04,"skX":4.92,"skY":4.92},"parent":"Right Arm","name":"Right Gauntlet"},{"length":27,"transform":{"y":9.41,"x":84.96,"skX":5.95,"skY":5.95},"parent":"Left Gauntlet","name":"Left Palm"},{"transform":{"y":-15.25,"x":16.33},"name":"Left FIngers","parent":"Left Palm"},{"length":383,"transform":{"y":10.34,"x":15.79,"skX":27.58,"skY":27.58},"parent":"Left FIngers","name":"sword"}]}]}