{"frameRate":30,"armature":[{"bone":[{"name":"root","transform":{}},{"transform":{"y":-75.44,"x":128.18},"name":"mid","parent":"root"},{"transform":{"y":-19.17,"x":4.29},"name":"shadow","parent":"root"},{"length":73,"transform":{"y":15.15,"x":-3.25,"skX":172.82,"skY":172.82},"parent":"mid","name":"bodytop"},{"length":186,"transform":{"y":-13.88,"x":-29.03,"skX":167.32,"skY":167.32},"parent":"mid","name":"bodybot"},{"length":61,"transform":{"x":73.61,"skX":-4.92,"skY":-4.92},"parent":"bodytop","name":"bone3"},{"length":113,"transform":{"x":186.46,"skX":34.66,"skY":34.66},"parent":"bodybot","name":"mid3"},{"length":64,"transform":{"x":113.25,"skX":31.14,"skY":31.14},"parent":"mid3","name":"mid4"},{"length":79,"transform":{"x":61.97,"skX":46.86,"skY":46.86},"parent":"bone3","name":"bone4"},{"length":76,"transform":{"x":79.69,"skX":92.5,"skY":92.5},"parent":"bone4","name":"bone5"},{"length":158,"transform":{"y":0.3,"x":64.48,"skX":9.67,"skY":9.67},"parent":"mid4","name":"mid5"},{"length":81,"transform":{"x":76.82,"skX":33.45,"skY":33.45},"parent":"bone5","name":"bone6"},{"length":64,"transform":{"y":-0.51,"x":82.13,"skX":-15.48,"skY":-15.48},"parent":"bone6","name":"bone7"},{"length":34,"transform":{"y":-0.24,"x":67.99,"skX":-57.06,"skY":-57.06},"parent":"bone7","name":"bone8"},{"length":71,"transform":{"y":-0.49,"x":35.74,"skX":-62.59,"skY":-62.59},"parent":"bone8","name":"bone9"},{"length":40,"transform":{"x":71.38,"skX":-30.23,"skY":-30.23},"parent":"bone9","name":"bone10"},{"length":118,"transform":{"x":40.17,"skX":1.5,"skY":1.5},"parent":"bone10","name":"head"},{"length":84,"transform":{"y":-2.75,"x":19.11,"skX":-57.16,"skY":-57.16},"parent":"head","name":"bone12"}],"type":"Armature","frameRate":30,"animation":[{"bone":[{"frame":[{"transform":{},"duration":10},{"transform":{},"duration":5},{"transform":{},"duration":5},{"transform":{},"duration":15},{"transform":{},"duration":0}],"name":"root"},{"frame":[{"curve":[0.25,0,1,0],"duration":10,"transform":{}},{"curve":[0.25,0,0,1],"duration":5,"transform":{"x":23.03}},{"curve":[0.25,0,0.75,1],"duration":5,"transform":{"x":-68.09}},{"curve":[0.25,0,0.874,0.24],"duration":15,"transform":{"x":23.03}},{"transform":{},"duration":0}],"name":"mid"},{"frame":[{"curve":[0.25,0,1,0],"duration":10,"transform":{}},{"transform":{"x":7.71},"duration":5},{"transform":{"x":7.71},"duration":5},{"curve":[0.25,0,0.874,0.24],"duration":15,"transform":{"x":7.71}},{"transform":{},"duration":0}],"name":"bodytop"},{"frame":[{"curve":[0.25,0,1,0],"duration":10,"transform":{}},{"transform":{"y":-0.9,"x":-7.16},"duration":5},{"transform":{"y":-0.9,"x":-7.16},"duration":5},{"curve":[0.25,0,0.874,0.24],"duration":15,"transform":{"y":-0.9,"x":-7.16}},{"transform":{},"duration":0}],"name":"bone3"},{"frame":[{"curve":[0.25,0,1,0],"duration":10,"transform":{}},{"transform":{"y":-4.77,"x":-22.25},"duration":5},{"transform":{"y":-4.77,"x":-22.25},"duration":5},{"curve":[0.25,0,0.874,0.24],"duration":15,"transform":{"y":-4.77,"x":-22.25}},{"transform":{},"duration":0}],"name":"bone4"},{"frame":[{"curve":[0.25,0,1,0],"duration":10,"transform":{}},{"curve":[0.25,0,0,1],"duration":5,"transform":{"y":-8.12,"x":11.69,"skX":-7.19,"skY":-7.19}},{"curve":[0.25,0,0.75,1],"duration":5,"transform":{"y":-8.12,"x":11.69,"skX":-31.01,"skY":-31.01}},{"curve":[0.25,0,0.874,0.24],"duration":15,"transform":{"y":-8.12,"x":11.69,"skX":-7.19,"skY":-7.19}},{"transform":{},"duration":0}],"name":"bone5"},{"frame":[{"curve":[0.25,0,1,0],"duration":10,"transform":{}},{"transform":{"skX":-7.96,"skY":-7.96},"duration":5},{"transform":{"skX":-7.96,"skY":-7.96},"duration":5},{"curve":[0.25,0,0.874,0.24],"duration":15,"transform":{"skX":-7.96,"skY":-7.96}},{"transform":{},"duration":0}],"name":"bone6"},{"frame":[{"transform":{},"duration":10},{"transform":{},"duration":5},{"transform":{},"duration":5},{"transform":{},"duration":15},{"transform":{},"duration":0}],"name":"bone7"},{"frame":[{"transform":{},"duration":10},{"transform":{},"duration":5},{"transform":{},"duration":5},{"transform":{},"duration":15},{"transform":{},"duration":0}],"name":"bone8"},{"frame":[{"curve":[0.25,0,1,0],"duration":10,"transform":{}},{"curve":[0.25,0,0,1],"duration":5,"transform":{"skX":24.24,"skY":24.24}},{"curve":[0.25,0,0.75,1],"duration":5,"transform":{"skX":44.39,"skY":44.39}},{"curve":[0.25,0,0.874,0.24],"duration":15,"transform":{"skX":24.24,"skY":24.24}},{"transform":{},"duration":0}],"name":"bone9"},{"frame":[{"transform":{},"duration":10},{"transform":{},"duration":5},{"transform":{},"duration":5},{"transform":{},"duration":15},{"transform":{},"duration":0}],"name":"bone10"},{"frame":[{"transform":{},"duration":10},{"transform":{},"duration":5},{"transform":{},"duration":5},{"transform":{},"duration":15},{"transform":{},"duration":0}],"name":"head"},{"frame":[{"transform":{},"duration":10},{"curve":[0.25,0,0,1],"duration":5,"transform":{}},{"curve":[0.25,0,0.75,1],"duration":5,"transform":{"skX":-15.51,"skY":-15.51}},{"transform":{},"duration":15},{"transform":{},"duration":0}],"name":"bone12"},{"frame":[{"curve":[0.25,0,1,0],"duration":10,"transform":{}},{"curve":[0.25,0,0,1],"duration":5,"transform":{"scX":0.76}},{"curve":[0.25,0,0.75,1],"duration":5,"transform":{"scX":1.2}},{"curve":[0.25,0,0.874,0.24],"duration":15,"transform":{"scX":0.76}},{"transform":{},"duration":0}],"name":"shadow"},{"frame":[{"curve":[0.25,0,1,0],"duration":10,"transform":{}},{"curve":[0.25,0,0,1],"duration":5,"transform":{"x":-8.1,"skX":23.46,"skY":23.46}},{"curve":[0.25,0,0.75,1],"duration":5,"transform":{"x":-8.1,"skX":-2.97,"skY":-2.97}},{"curve":[0.25,0,0.874,0.24],"duration":15,"transform":{"x":-8.1,"skX":23.46,"skY":23.46}},{"transform":{},"duration":0}],"name":"bodybot"},{"frame":[{"curve":[0.25,0,1,0],"duration":10,"transform":{}},{"curve":[0.25,0,0,1],"duration":5,"transform":{"skX":28.37,"skY":28.37}},{"curve":[0.25,0,0.75,1],"duration":5,"transform":{"y":11.48,"x":40.99,"skX":-13.95,"skY":-13.95}},{"curve":[0.25,0,0.874,0.24],"duration":15,"transform":{"skX":28.37,"skY":28.37}},{"transform":{},"duration":0}],"name":"mid3"},{"frame":[{"transform":{},"duration":10},{"curve":[0.25,0,0,1],"duration":5,"transform":{}},{"curve":[0.25,0,0.75,1],"duration":5,"transform":{"y":-2.75,"x":31.03,"skX":-5.69,"skY":-5.69}},{"transform":{},"duration":15},{"transform":{},"duration":0}],"name":"mid4"},{"frame":[{"transform":{},"duration":10},{"curve":[0.25,0,0,1],"duration":5,"transform":{}},{"curve":[0.25,0,0.75,1],"duration":5,"transform":{"skX":-32.42,"skY":-32.42}},{"transform":{},"duration":15},{"transform":{},"duration":0}],"name":"mid5"}],"frame":[],"ik":[],"ffd":[],"slot":[],"duration":35,"name":"Attack A"},{"bone":[{"frame":[{"transform":{},"duration":10},{"transform":{},"duration":5},{"transform":{},"duration":5},{"transform":{},"duration":20},{"transform":{},"duration":0}],"name":"root"},{"frame":[{"curve":[0.25,0,1,0],"duration":10,"transform":{}},{"curve":[0.25,0,0,1],"duration":5,"transform":{"x":23.03}},{"curve":[0.25,0,0.75,1],"duration":5,"transform":{"x":-68.09}},{"curve":[0.25,0,1,0.22],"duration":20,"transform":{"x":23.03}},{"transform":{},"duration":0}],"name":"mid"},{"frame":[{"curve":[0.25,0,1,0],"duration":10,"transform":{}},{"transform":{"x":7.71},"duration":5},{"transform":{"x":7.71},"duration":5},{"curve":[0.25,0,1,0.22],"duration":20,"transform":{"x":7.71}},{"transform":{},"duration":0}],"name":"bodytop"},{"frame":[{"curve":[0.25,0,1,0],"duration":10,"transform":{}},{"curve":[0.25,0,0,1],"duration":5,"transform":{"y":-1.21,"x":-9.58}},{"curve":[0.25,0,0.75,1],"duration":5,"transform":{"y":-0.9,"x":-7.16}},{"curve":[0.25,0,1,0.22],"duration":20,"transform":{"y":-1.21,"x":-9.58}},{"transform":{},"duration":0}],"name":"bone3"},{"frame":[{"curve":[0.25,0,1,0],"duration":10,"transform":{}},{"transform":{"y":-4.77,"x":-22.25},"duration":5},{"transform":{"y":-4.77,"x":-22.25},"duration":5},{"curve":[0.25,0,1,0.22],"duration":20,"transform":{"y":-4.77,"x":-22.25}},{"transform":{},"duration":0}],"name":"bone4"},{"frame":[{"curve":[0.25,0,1,0],"duration":10,"transform":{}},{"curve":[0.25,0,0,1],"duration":5,"transform":{"y":-8.12,"x":11.69,"skX":-7.19,"skY":-7.19}},{"curve":[0.25,0,0.75,1],"duration":5,"transform":{"y":-8.12,"x":11.69,"skX":-31.01,"skY":-31.01}},{"curve":[0.25,0,1,0.22],"duration":20,"transform":{"y":-8.12,"x":11.69,"skX":-7.19,"skY":-7.19}},{"transform":{},"duration":0}],"name":"bone5"},{"frame":[{"curve":[0.25,0,1,0],"duration":10,"transform":{}},{"transform":{"skX":-7.96,"skY":-7.96},"duration":5},{"transform":{"skX":-7.96,"skY":-7.96},"duration":5},{"curve":[0.25,0,1,0.22],"duration":20,"transform":{"skX":-7.96,"skY":-7.96}},{"transform":{},"duration":0}],"name":"bone6"},{"frame":[{"curve":[0.25,0,1,0],"duration":10,"transform":{}},{"curve":[0.25,0,0,1],"duration":5,"transform":{"skX":-11.65,"skY":-11.65}},{"curve":[0.25,0,0.75,1],"duration":5,"transform":{}},{"curve":[0.25,0,1,0.22],"duration":20,"transform":{"skX":-11.65,"skY":-11.65}},{"transform":{},"duration":0}],"name":"bone7"},{"frame":[{"transform":{},"duration":10},{"transform":{},"duration":5},{"transform":{},"duration":5},{"transform":{},"duration":20},{"transform":{},"duration":0}],"name":"bone8"},{"frame":[{"curve":[0.25,0,1,0],"duration":10,"transform":{}},{"curve":[0.25,0,0,1],"duration":5,"transform":{"skX":24.24,"skY":24.24}},{"curve":[0.25,0,0.75,1],"duration":5,"transform":{"skX":44.39,"skY":44.39}},{"curve":[0.25,0,1,0.22],"duration":20,"transform":{"skX":24.24,"skY":24.24}},{"transform":{},"duration":0}],"name":"bone9"},{"frame":[{"transform":{},"duration":10},{"transform":{},"duration":5},{"transform":{},"duration":5},{"transform":{},"duration":20},{"transform":{},"duration":0}],"name":"bone10"},{"frame":[{"transform":{},"duration":10},{"transform":{},"duration":5},{"transform":{},"duration":5},{"transform":{},"duration":20},{"transform":{},"duration":0}],"name":"head"},{"frame":[{"transform":{},"duration":10},{"curve":[0.25,0,0,1],"duration":5,"transform":{}},{"curve":[0.25,0,0.75,1],"duration":5,"transform":{"skX":-15.51,"skY":-15.51}},{"transform":{},"duration":20},{"transform":{},"duration":0}],"name":"bone12"},{"frame":[{"curve":[0.25,0,1,0],"duration":10,"transform":{}},{"curve":[0.25,0,0,1],"duration":5,"transform":{"scX":0.76}},{"curve":[0.25,0,0.75,1],"duration":5,"transform":{"scX":1.2}},{"curve":[0.25,0,1,0.22],"duration":20,"transform":{"scX":0.76}},{"transform":{},"duration":0}],"name":"shadow"},{"frame":[{"curve":[0.25,0,1,0],"duration":10,"transform":{}},{"curve":[0.25,0,0,1],"duration":5,"transform":{"x":48.83,"skX":23.46,"skY":23.46}},{"curve":[0.25,0,0.75,1],"duration":5,"transform":{"x":-8.1,"skX":-2.97,"skY":-2.97}},{"curve":[0.25,0,1,0.22],"duration":20,"transform":{"x":48.83,"skX":23.46,"skY":23.46}},{"transform":{},"duration":0}],"name":"bodybot"},{"frame":[{"curve":[0.25,0,1,0],"duration":10,"transform":{}},{"curve":[0.25,0,0,1],"duration":5,"transform":{"y":15.83,"x":-83.15,"skX":-41.42,"skY":-41.42}},{"curve":[0.25,0,0.75,1],"duration":5,"transform":{"y":11.48,"x":40.99,"skX":-13.95,"skY":-13.95}},{"curve":[0.25,0,1,0.22],"duration":20,"transform":{"y":15.83,"x":-83.15,"skX":-41.42,"skY":-41.42}},{"transform":{},"duration":0}],"name":"mid3"},{"frame":[{"curve":[0.25,0,1,0],"duration":10,"transform":{}},{"curve":[0.25,0,0,1],"duration":5,"transform":{"y":4.03,"x":-57.27,"skX":-28.84,"skY":-28.84}},{"curve":[0.25,0,0.75,1],"duration":5,"transform":{"y":-2.75,"x":31.03,"skX":-5.69,"skY":-5.69}},{"curve":[0.25,0,1,0.22],"duration":20,"transform":{"y":4.03,"x":-57.27,"skX":-28.84,"skY":-28.84}},{"transform":{},"duration":0}],"name":"mid4"},{"frame":[{"curve":[0.25,0,1,0],"duration":10,"transform":{}},{"curve":[0.25,0,0,1],"duration":5,"transform":{"y":1.18,"x":-10.65,"skX":-14.12,"skY":-14.12}},{"curve":[0.25,0,0.75,1],"duration":5,"transform":{"skX":-32.42,"skY":-32.42}},{"curve":[0.25,0,1,0.22],"duration":20,"transform":{"y":1.18,"x":-10.65,"skX":-14.12,"skY":-14.12}},{"transform":{},"duration":0}],"name":"mid5"}],"frame":[],"ik":[],"ffd":[],"slot":[],"duration":40,"name":"Attack B"},{"bone":[{"frame":[{"transform":{},"duration":10},{"transform":{},"duration":5},{"transform":{},"duration":10},{"transform":{},"duration":10},{"transform":{},"duration":10},{"transform":{},"duration":10},{"transform":{},"duration":10},{"transform":{},"duration":0}],"name":"root"},{"frame":[{"curve":[0.25,0,1,0],"duration":10,"transform":{}},{"curve":[0.25,0,0,1],"duration":5,"transform":{"x":23.03}},{"transform":{"x":-68.09},"duration":10},{"transform":{"x":-68.09},"duration":10},{"transform":{"x":-68.09},"duration":10},{"transform":{"x":-68.09},"duration":10},{"curve":[0.25,0,0.75,1],"duration":10,"transform":{"x":-68.09}},{"transform":{},"duration":0}],"name":"mid"},{"frame":[{"curve":[0.25,0,1,0],"duration":10,"transform":{}},{"transform":{"x":7.71},"duration":5},{"curve":[0.25,0,0.75,1],"duration":10,"transform":{"x":7.71}},{"curve":[0.25,0,0.75,1],"duration":10,"transform":{"x":16.51}},{"curve":[0.25,0,0.75,1],"duration":10,"transform":{"x":7.71}},{"curve":[0.25,0,0.75,1],"duration":10,"transform":{"x":16.51}},{"curve":[0.25,0,0.75,1],"duration":10,"transform":{"x":7.71}},{"transform":{},"duration":0}],"name":"bodytop"},{"frame":[{"curve":[0.25,0,1,0],"duration":10,"transform":{}},{"curve":[0.25,0,0,1],"duration":5,"transform":{"y":-1.21,"x":-9.58}},{"curve":[0.25,0,0.75,1],"duration":10,"transform":{"y":-2.22,"x":-17.67}},{"curve":[0.25,0,0.75,1],"duration":10,"transform":{"y":-3.12,"x":-24.81}},{"curve":[0.25,0,0.75,1],"duration":10,"transform":{"y":-2.22,"x":-17.67}},{"curve":[0.25,0,0.75,1],"duration":10,"transform":{"y":-3.12,"x":-24.81}},{"curve":[0.25,0,0.75,1],"duration":10,"transform":{"y":-2.22,"x":-17.67}},{"transform":{},"duration":0}],"name":"bone3"},{"frame":[{"curve":[0.25,0,1,0],"duration":10,"transform":{}},{"curve":[0.25,0,0,1],"duration":5,"transform":{"y":-4.77,"x":-22.25}},{"curve":[0.25,0,0.75,1],"duration":10,"transform":{"y":-14.8,"x":-34.31}},{"curve":[0.25,0,0.75,1],"duration":10,"transform":{"y":-8.1,"x":-27.18}},{"curve":[0.25,0,0.75,1],"duration":10,"transform":{"y":-14.8,"x":-34.31}},{"curve":[0.25,0,0.75,1],"duration":10,"transform":{"y":-8.1,"x":-27.18}},{"curve":[0.25,0,0.75,1],"duration":10,"transform":{"y":-14.8,"x":-34.31}},{"transform":{},"duration":0}],"name":"bone4"},{"frame":[{"curve":[0.25,0,1,0],"duration":10,"transform":{}},{"curve":[0.25,0,0,1],"duration":5,"transform":{"y":-8.12,"x":11.69,"skX":-7.19,"skY":-7.19}},{"curve":[0.25,0,0.75,1],"duration":10,"transform":{"y":-27.34,"x":-1.65,"skX":-31.01,"skY":-31.01}},{"curve":[0.25,0,0.75,1],"duration":10,"transform":{"y":-28.9,"x":-8.05,"skX":-31.01,"skY":-31.01}},{"curve":[0.25,0,0.75,1],"duration":10,"transform":{"y":-27.34,"x":-1.65,"skX":-31.01,"skY":-31.01}},{"curve":[0.25,0,0.75,1],"duration":10,"transform":{"y":-28.9,"x":-8.05,"skX":-31.01,"skY":-31.01}},{"curve":[0.25,0,0.75,1],"duration":10,"transform":{"y":-27.34,"x":-1.65,"skX":-31.01,"skY":-31.01}},{"transform":{},"duration":0}],"name":"bone5"},{"frame":[{"curve":[0.25,0,1,0],"duration":10,"transform":{}},{"curve":[0.25,0,0,1],"duration":5,"transform":{"skX":-7.96,"skY":-7.96}},{"curve":[0.25,0,0.75,1],"duration":10,"transform":{"y":-9.28,"x":-9.02,"skX":-7.96,"skY":-7.96}},{"curve":[0.25,0,0.75,1],"duration":10,"transform":{"y":0.53,"x":-14.75,"skX":-7.96,"skY":-7.96}},{"curve":[0.25,0,0.75,1],"duration":10,"transform":{"y":-9.28,"x":-9.02,"skX":-7.96,"skY":-7.96}},{"curve":[0.25,0,0.75,1],"duration":10,"transform":{"y":0.53,"x":-14.75,"skX":-7.96,"skY":-7.96}},{"curve":[0.25,0,0.75,1],"duration":10,"transform":{"y":-9.28,"x":-9.02,"skX":-7.96,"skY":-7.96}},{"transform":{},"duration":0}],"name":"bone6"},{"frame":[{"curve":[0.25,0,1,0],"duration":10,"transform":{}},{"curve":[0.25,0,0,1],"duration":5,"transform":{"skX":-11.65,"skY":-11.65}},{"curve":[0.25,0,0.75,1],"duration":10,"transform":{"y":13.63,"x":-22.03,"skX":-3.57,"skY":-3.57}},{"curve":[0.25,0,0.75,1],"duration":10,"transform":{"y":21.22,"x":-19.22}},{"curve":[0.25,0,0.75,1],"duration":10,"transform":{"y":13.63,"x":-22.03,"skX":-3.57,"skY":-3.57}},{"curve":[0.25,0,0.75,1],"duration":10,"transform":{"y":21.22,"x":-19.22}},{"curve":[0.25,0,0.75,1],"duration":10,"transform":{"y":13.63,"x":-22.03,"skX":-3.57,"skY":-3.57}},{"transform":{},"duration":0}],"name":"bone7"},{"frame":[{"transform":{},"duration":10},{"curve":[0.25,0,0,1],"duration":5,"transform":{}},{"transform":{"y":3.41,"x":-11.69},"duration":10},{"transform":{"y":3.41,"x":-11.69},"duration":10},{"transform":{"y":3.41,"x":-11.69},"duration":10},{"transform":{"y":3.41,"x":-11.69},"duration":10},{"curve":[0.25,0,0.75,1],"duration":10,"transform":{"y":3.41,"x":-11.69}},{"transform":{},"duration":0}],"name":"bone8"},{"frame":[{"curve":[0.25,0,1,0],"duration":10,"transform":{}},{"curve":[0.25,0,0,1],"duration":5,"transform":{"skX":24.24,"skY":24.24}},{"curve":[0.25,0,0.75,1],"duration":10,"transform":{"skX":52.37,"skY":52.37}},{"curve":[0.25,0,0.75,1],"duration":10,"transform":{"skX":51.08,"skY":51.08}},{"curve":[0.25,0,0.75,1],"duration":10,"transform":{"skX":52.37,"skY":52.37}},{"curve":[0.25,0,0.75,1],"duration":10,"transform":{"skX":51.08,"skY":51.08}},{"curve":[0.25,0,0.75,1],"duration":10,"transform":{"skX":52.37,"skY":52.37}},{"transform":{},"duration":0}],"name":"bone9"},{"frame":[{"transform":{},"duration":10},{"transform":{},"duration":5},{"transform":{},"duration":10},{"transform":{},"duration":10},{"transform":{},"duration":10},{"transform":{},"duration":10},{"transform":{},"duration":10},{"transform":{},"duration":0}],"name":"bone10"},{"frame":[{"transform":{},"duration":10},{"curve":[0.25,0,0,1],"duration":5,"transform":{}},{"transform":{"y":1.25,"x":0.8},"duration":10},{"transform":{"y":1.25,"x":0.8},"duration":10},{"transform":{"y":1.25,"x":0.8},"duration":10},{"transform":{"y":1.25,"x":0.8},"duration":10},{"curve":[0.25,0,0.75,1],"duration":10,"transform":{"y":1.25,"x":0.8}},{"transform":{},"duration":0}],"name":"head"},{"frame":[{"curve":[0.25,0,1,0],"duration":10,"transform":{}},{"curve":[0.25,0,0,1],"duration":5,"transform":{"y":-2.29,"x":1.32,"skX":16.03,"skY":16.03}},{"transform":{"skX":-11.41,"skY":-11.41},"duration":10},{"transform":{"skX":-11.41,"skY":-11.41},"duration":10},{"transform":{"skX":-11.41,"skY":-11.41},"duration":10},{"transform":{"skX":-11.41,"skY":-11.41},"duration":10},{"curve":[0.25,0,0.75,1],"duration":10,"transform":{"skX":-11.41,"skY":-11.41}},{"transform":{},"duration":0}],"name":"bone12"},{"frame":[{"curve":[0.25,0,1,0],"duration":10,"transform":{}},{"curve":[0.25,0,0,1],"duration":5,"transform":{"scX":0.76}},{"curve":[0.25,0,0.75,1],"duration":10,"transform":{"scX":1.2}},{"curve":[0.25,0,0.75,1],"duration":10,"transform":{"scX":0.96}},{"curve":[0.25,0,0.75,1],"duration":10,"transform":{"scX":1.2}},{"curve":[0.25,0,0.75,1],"duration":10,"transform":{"scX":0.96}},{"curve":[0.25,0,0.75,1],"duration":10,"transform":{"scX":1.2}},{"transform":{},"duration":0}],"name":"shadow"},{"frame":[{"curve":[0.25,0,1,0],"duration":10,"transform":{}},{"curve":[0.25,0,0,1],"duration":5,"transform":{"x":48.83,"skX":23.46,"skY":23.46}},{"transform":{"x":32.85,"skX":-2.97,"skY":-2.97},"duration":10},{"transform":{"x":32.85,"skX":-2.97,"skY":-2.97},"duration":10},{"transform":{"x":32.85,"skX":-2.97,"skY":-2.97},"duration":10},{"transform":{"x":32.85,"skX":-2.97,"skY":-2.97},"duration":10},{"curve":[0.25,0,0.75,1],"duration":10,"transform":{"x":32.85,"skX":-2.97,"skY":-2.97}},{"transform":{},"duration":0}],"name":"bodybot"},{"frame":[{"curve":[0.25,0,1,0],"duration":10,"transform":{}},{"curve":[0.25,0,0,1],"duration":5,"transform":{"y":15.83,"x":-83.15,"skX":-41.42,"skY":-41.42}},{"curve":[0.25,0,0.75,1],"duration":10,"transform":{"y":0.77,"x":-51.22,"skX":-13.95,"skY":-13.95}},{"curve":[0.25,0,0.75,1],"duration":10,"transform":{"y":-4.57,"x":-70.28,"skX":-13.95,"skY":-13.95}},{"curve":[0.25,0,0.75,1],"duration":10,"transform":{"y":0.77,"x":-51.22,"skX":-13.95,"skY":-13.95}},{"curve":[0.25,0,0.75,1],"duration":10,"transform":{"y":-4.57,"x":-70.28,"skX":-13.95,"skY":-13.95}},{"curve":[0.25,0,0.75,1],"duration":10,"transform":{"y":0.77,"x":-51.22,"skX":-13.95,"skY":-13.95}},{"transform":{},"duration":0}],"name":"mid3"},{"frame":[{"curve":[0.25,0,1,0],"duration":10,"transform":{}},{"curve":[0.25,0,0,1],"duration":5,"transform":{"y":4.03,"x":-57.27,"skX":-28.84,"skY":-28.84}},{"curve":[0.25,0,0.75,1],"duration":10,"transform":{"y":2.07,"x":-23.35,"skX":-5.69,"skY":-5.69}},{"curve":[0.25,0,0.75,1],"duration":10,"transform":{"y":2.07,"x":-23.35,"skX":0.33,"skY":0.33}},{"curve":[0.25,0,0.75,1],"duration":10,"transform":{"y":2.07,"x":-23.35,"skX":-5.69,"skY":-5.69}},{"curve":[0.25,0,0.75,1],"duration":10,"transform":{"y":2.07,"x":-23.35,"skX":0.33,"skY":0.33}},{"curve":[0.25,0,0.75,1],"duration":10,"transform":{"y":2.07,"x":-23.35,"skX":-5.69,"skY":-5.69}},{"transform":{},"duration":0}],"name":"mid4"},{"frame":[{"curve":[0.25,0,1,0],"duration":10,"transform":{}},{"curve":[0.25,0,0,1],"duration":5,"transform":{"y":1.18,"x":-10.65,"skX":-14.12,"skY":-14.12}},{"transform":{"skX":-32.42,"skY":-32.42},"duration":10},{"transform":{"skX":-32.42,"skY":-32.42},"duration":10},{"transform":{"skX":-32.42,"skY":-32.42},"duration":10},{"transform":{"skX":-32.42,"skY":-32.42},"duration":10},{"curve":[0.25,0,0.75,1],"duration":10,"transform":{"skX":-32.42,"skY":-32.42}},{"transform":{},"duration":0}],"name":"mid5"}],"frame":[],"ik":[],"ffd":[],"slot":[],"duration":65,"name":"Attack C"},{"bone":[{"frame":[{"transform":{},"duration":10},{"transform":{},"duration":5},{"transform":{},"duration":25},{"transform":{},"duration":0}],"name":"root"},{"frame":[{"curve":[0.25,0,1,0],"duration":10,"transform":{}},{"curve":[0.25,0,0,1],"duration":5,"transform":{"x":23.03}},{"curve":[0.25,0,0.75,1],"duration":25,"transform":{"x":-68.09}},{"transform":{},"duration":0}],"name":"mid"},{"frame":[{"curve":[0.25,0,1,0],"duration":10,"transform":{}},{"transform":{"x":7.71},"duration":5},{"curve":[0.25,0,0.75,1],"duration":25,"transform":{"x":7.71}},{"transform":{},"duration":0}],"name":"bodytop"},{"frame":[{"curve":[0.25,0,1,0],"duration":10,"transform":{}},{"curve":[0.25,0,0,1],"duration":5,"transform":{"y":-1.21,"x":-9.58}},{"curve":[0.25,0,0.75,1],"duration":25,"transform":{"y":2.81,"x":22.33}},{"transform":{},"duration":0}],"name":"bone3"},{"frame":[{"curve":[0.25,0,1,0],"duration":10,"transform":{}},{"curve":[0.25,0,0,1],"duration":5,"transform":{"y":-4.77,"x":-22.25}},{"curve":[0.25,0,0.75,1],"duration":25,"transform":{"y":-10.21,"x":-20.44}},{"transform":{},"duration":0}],"name":"bone4"},{"frame":[{"curve":[0.25,0,1,0],"duration":10,"transform":{}},{"curve":[0.25,0,0,1],"duration":5,"transform":{"y":-8.12,"x":11.69,"skX":-7.19,"skY":-7.19}},{"curve":[0.25,0,0.75,1],"duration":25,"transform":{"y":-14.74,"x":3.47,"skX":-88,"skY":-88}},{"transform":{},"duration":0}],"name":"bone5"},{"frame":[{"curve":[0.25,0,1,0],"duration":10,"transform":{}},{"curve":[0.25,0,0,1],"duration":5,"transform":{"skX":-7.96,"skY":-7.96}},{"curve":[0.25,0,0.75,1],"duration":25,"transform":{"y":9.87,"x":-12.07,"skX":-42.51,"skY":-42.51}},{"transform":{},"duration":0}],"name":"bone6"},{"frame":[{"curve":[0.25,0,1,0],"duration":10,"transform":{}},{"curve":[0.25,0,0,1],"duration":5,"transform":{"skX":-11.65,"skY":-11.65}},{"curve":[0.25,0,0.75,1],"duration":25,"transform":{"y":2.62,"x":-4.49}},{"transform":{},"duration":0}],"name":"bone7"},{"frame":[{"transform":{},"duration":10},{"curve":[0.25,0,0,1],"duration":5,"transform":{}},{"curve":[0.25,0,0.75,1],"duration":25,"transform":{"y":3.17,"x":-12.05,"skX":31.78,"skY":31.78}},{"transform":{},"duration":0}],"name":"bone8"},{"frame":[{"curve":[0.25,0,1,0],"duration":10,"transform":{}},{"curve":[0.25,0,0,1],"duration":5,"transform":{"skX":24.24,"skY":24.24}},{"curve":[0.25,0,0.75,1],"duration":25,"transform":{"y":0.26,"x":-0.6,"skX":79,"skY":79}},{"transform":{},"duration":0}],"name":"bone9"},{"frame":[{"transform":{},"duration":10},{"curve":[0.25,0,0,1],"duration":5,"transform":{}},{"curve":[0.25,0,0.75,1],"duration":25,"transform":{"skX":16.99,"skY":16.99}},{"transform":{},"duration":0}],"name":"bone10"},{"frame":[{"transform":{},"duration":10},{"curve":[0.25,0,0,1],"duration":5,"transform":{}},{"curve":[0.25,0,0.75,1],"duration":25,"transform":{"skX":14.46,"skY":14.46}},{"transform":{},"duration":0}],"name":"head"},{"frame":[{"curve":[0.25,0,1,0],"duration":10,"transform":{}},{"curve":[0.25,0,0,1],"duration":5,"transform":{"skX":-10.32,"skY":-10.32}},{"curve":[0.25,0,0.75,1],"duration":25,"transform":{"skX":10.79,"skY":10.79}},{"transform":{},"duration":0}],"name":"bone12"},{"frame":[{"curve":[0.25,0,1,0],"duration":10,"transform":{}},{"curve":[0.25,0,0,1],"duration":5,"transform":{"scX":0.76}},{"curve":[0.25,0,0.75,1],"duration":25,"transform":{"scX":1.2}},{"transform":{},"duration":0}],"name":"shadow"},{"frame":[{"curve":[0.25,0,1,0],"duration":10,"transform":{}},{"curve":[0.25,0,0,1],"duration":5,"transform":{"x":48.83,"skX":23.46,"skY":23.46}},{"curve":[0.25,0,0.75,1],"duration":25,"transform":{"x":27.09,"skX":-2.97,"skY":-2.97}},{"transform":{},"duration":0}],"name":"bodybot"},{"frame":[{"curve":[0.25,0,1,0],"duration":10,"transform":{}},{"curve":[0.25,0,0,1],"duration":5,"transform":{"y":15.83,"x":-83.15,"skX":-41.42,"skY":-41.42}},{"curve":[0.25,0,0.75,1],"duration":25,"transform":{"y":-18.95,"x":-67.63,"skX":-13.95,"skY":-13.95}},{"transform":{},"duration":0}],"name":"mid3"},{"frame":[{"curve":[0.25,0,1,0],"duration":10,"transform":{}},{"curve":[0.25,0,0,1],"duration":5,"transform":{"y":4.03,"x":-57.27,"skX":-28.84,"skY":-28.84}},{"curve":[0.25,0,0.75,1],"duration":25,"transform":{"y":0.06,"x":-0.69,"skX":-5.69,"skY":-5.69}},{"transform":{},"duration":0}],"name":"mid4"},{"frame":[{"curve":[0.25,0,1,0],"duration":10,"transform":{}},{"curve":[0.25,0,0,1],"duration":5,"transform":{"y":1.18,"x":-10.65,"skX":-14.12,"skY":-14.12}},{"curve":[0.25,0,0.75,1],"duration":25,"transform":{"skX":-32.42,"skY":-32.42}},{"transform":{},"duration":0}],"name":"mid5"}],"frame":[],"ik":[],"ffd":[{"frame":[{"tweenEasing":null,"offset":0,"vertices":[],"duration":10},{"tweenEasing":0,"offset":0,"vertices":[],"duration":5},{"tweenEasing":0,"offset":124,"vertices":[-2.88,-1.15,0,0,0,0,0,0,0,0,0,0,0,0,4.78,-6.48,0,0,0,0,0,0,0,0,0,0,0,0,0,0,0,0,0,0,0,0,0,0,0,0,0,0,0,0,0,0,0,0,0,0,0,0,0,0,0,0,0,0,0,0,0,0,0,0,0,0,0,0,0,0,-3.81,-5.16,0,0,3.14,-4.64,-4.2,-13.71,0,0,0,0,2.55,-2.8,0,0,0,0,0,0,0,0,0,0,0,0,-0.48,8.3,7.34,11.47,0,0,0,0,0,0,0,0,0,0,0,0,0,0,-1.53,-2.38,0,0,0,0,0,0,0,0,0,0,0,0,0,0,0,0,0,0,0,0,0,0,0,0,0,0,0,0,0,0,0,0,0,0,0,0,0,0,0,0,0,0,0,0,4.69,-16.13,2.11,-3.42,0,0,0,0,0,0,0,0,0,0],"duration":25},{"tweenEasing":null,"offset":0,"vertices":[],"duration":0}],"scale":1,"skin":"","slot":"Folder 12 Copy 2","offset":0,"name":"Folder 12 Copy 2"}],"slot":[],"duration":40,"name":"Attack D"},{"bone":[{"frame":[{"transform":{},"duration":30},{"transform":{},"duration":0}],"name":"root"},{"frame":[{"transform":{},"duration":30},{"transform":{},"duration":0}],"name":"mid"},{"frame":[{"curve":[0.25,0,0,1],"duration":10,"transform":{}},{"curve":[0.25,0,0.75,1],"duration":20,"transform":{"x":20.5}},{"transform":{},"duration":0}],"name":"bodytop"},{"frame":[{"curve":[0.25,0,0,1],"duration":10,"transform":{}},{"curve":[0.25,0,0.75,1],"duration":20,"transform":{"y":-1.52,"x":-12.09}},{"transform":{},"duration":0}],"name":"bone3"},{"frame":[{"transform":{},"duration":30},{"transform":{},"duration":0}],"name":"bone4"},{"frame":[{"transform":{},"duration":30},{"transform":{},"duration":0}],"name":"bone5"},{"frame":[{"curve":[0.25,0,0,1],"duration":10,"transform":{}},{"curve":[0.25,0,0.75,1],"duration":20,"transform":{"skX":10.08,"skY":10.08}},{"transform":{},"duration":0}],"name":"bone6"},{"frame":[{"curve":[0.25,0,0,1],"duration":10,"transform":{}},{"curve":[0.25,0,0.75,1],"duration":20,"transform":{"skX":5.69,"skY":5.69}},{"transform":{},"duration":0}],"name":"bone7"},{"frame":[{"transform":{},"duration":30},{"transform":{},"duration":0}],"name":"bone8"},{"frame":[{"curve":[0.25,0,0,1],"duration":10,"transform":{}},{"curve":[0.25,0,0.75,1],"duration":20,"transform":{"skX":11.03,"skY":11.03}},{"transform":{},"duration":0}],"name":"bone9"},{"frame":[{"transform":{},"duration":30},{"transform":{},"duration":0}],"name":"bone10"},{"frame":[{"transform":{},"duration":30},{"transform":{},"duration":0}],"name":"head"},{"frame":[{"curve":[0.25,0,0,1],"duration":10,"transform":{}},{"curve":[0.25,0,0.75,1],"duration":20,"transform":{"skX":-11.46,"skY":-11.46}},{"transform":{},"duration":0}],"name":"bone12"},{"frame":[{"curve":[0.25,0,0,1],"duration":10,"transform":{}},{"curve":[0.25,0,0.75,1],"duration":20,"transform":{"scX":1.16}},{"transform":{},"duration":0}],"name":"shadow"},{"frame":[{"curve":[0.25,0,0,1],"duration":10,"transform":{}},{"curve":[0.25,0,0.75,1],"duration":20,"transform":{"x":10.53}},{"transform":{},"duration":0}],"name":"bodybot"},{"frame":[{"curve":[0.25,0,0,1],"duration":10,"transform":{}},{"curve":[0.25,0,0.75,1],"duration":20,"transform":{"y":4.26,"x":18.92}},{"transform":{},"duration":0}],"name":"mid3"},{"frame":[{"curve":[0.25,0,0,1],"duration":10,"transform":{}},{"curve":[0.25,0,0.75,1],"duration":20,"transform":{"y":1.08,"x":16.57}},{"transform":{},"duration":0}],"name":"mid4"},{"frame":[{"curve":[0.25,0,0,1],"duration":10,"transform":{}},{"curve":[0.25,0,0.75,1],"duration":20,"transform":{"skX":-15.7,"skY":-15.7}},{"transform":{},"duration":0}],"name":"mid5"}],"frame":[],"ik":[],"ffd":[],"slot":[],"duration":30,"name":"Damage"},{"bone":[{"frame":[{"transform":{},"duration":60},{"transform":{},"duration":0}],"name":"root"},{"frame":[{"transform":{},"duration":60},{"transform":{},"duration":0}],"name":"mid"},{"frame":[{"curve":[0.25,0,0.75,1],"duration":30,"transform":{}},{"curve":[0.25,0,0.75,1],"duration":30,"transform":{"x":-12.93}},{"transform":{},"duration":0}],"name":"bodytop"},{"frame":[{"transform":{},"duration":60},{"transform":{},"duration":0}],"name":"bone3"},{"frame":[{"transform":{},"duration":60},{"transform":{},"duration":0}],"name":"bone4"},{"frame":[{"curve":[0.25,0,0.75,1],"duration":30,"transform":{}},{"curve":[0.25,0,0.75,1],"duration":30,"transform":{"skX":-8.76,"skY":-8.76}},{"transform":{},"duration":0}],"name":"bone5"},{"frame":[{"curve":[0.25,0,0.75,1],"duration":30,"transform":{}},{"curve":[0.25,0,0.75,1],"duration":30,"transform":{"skX":7.02,"skY":7.02}},{"transform":{},"duration":0}],"name":"bone6"},{"frame":[{"curve":[0.25,0,0.75,1],"duration":30,"transform":{}},{"curve":[0.25,0,0.75,1],"duration":30,"transform":{"skX":-8.84,"skY":-8.84}},{"transform":{},"duration":0}],"name":"bone7"},{"frame":[{"curve":[0.25,0,0.75,1],"duration":30,"transform":{}},{"curve":[0.25,0,0.75,1],"duration":30,"transform":{"skX":4.27,"skY":4.27}},{"transform":{},"duration":0}],"name":"bone8"},{"frame":[{"curve":[0.25,0,0.75,1],"duration":30,"transform":{}},{"curve":[0.25,0,0.75,1],"duration":30,"transform":{"skX":11.14,"skY":11.14}},{"transform":{},"duration":0}],"name":"bone9"},{"frame":[{"curve":[0.25,0,0.75,1],"duration":30,"transform":{}},{"curve":[0.25,0,0.75,1],"duration":30,"transform":{"skX":9.66,"skY":9.66}},{"transform":{},"duration":0}],"name":"bone10"},{"frame":[{"curve":[0.25,0,0.75,1],"duration":30,"transform":{}},{"curve":[0.25,0,0.75,1],"duration":30,"transform":{"skX":-2.66,"skY":-2.66}},{"transform":{},"duration":0}],"name":"head"},{"frame":[{"curve":[0.25,0,0.75,1],"duration":30,"transform":{}},{"curve":[0.25,0,0.75,1],"duration":30,"transform":{"skX":-10.02,"skY":-10.02}},{"transform":{},"duration":0}],"name":"bone12"},{"frame":[{"curve":[0.25,0,0.75,1],"duration":30,"transform":{}},{"curve":[0.25,0,0.75,1],"duration":30,"transform":{"scX":0.94}},{"transform":{},"duration":0}],"name":"shadow"},{"frame":[{"curve":[0.25,0,0.75,1],"duration":30,"transform":{}},{"curve":[0.25,0,0.75,1],"duration":30,"transform":{"x":7.24}},{"transform":{},"duration":0}],"name":"bodybot"},{"frame":[{"curve":[0.25,0,0.75,1],"duration":30,"transform":{}},{"curve":[0.25,0,0.75,1],"duration":30,"transform":{"skX":10.73,"skY":10.73}},{"transform":{},"duration":0}],"name":"mid3"},{"frame":[{"transform":{},"duration":60},{"transform":{},"duration":0}],"name":"mid4"},{"frame":[{"transform":{},"duration":60},{"transform":{},"duration":0}],"name":"mid5"}],"frame":[],"ik":[],"ffd":[],"slot":[],"duration":60,"name":"Idle"}],"defaultActions":[{"gotoAndPlay":"Attack A"}],"slot":[{"name":"Layer 113 Copy","parent":"shadow","color":{}},{"z":1,"name":"Folder 12 Copy 3","parent":"root","color":{}},{"z":2,"name":"Folder 12 Copy 2","parent":"bodytop","color":{}},{"z":3,"name":"Folder 12 Copy 8","parent":"bone12","color":{}},{"z":4,"name":"Folder 12 Copy 4","parent":"head","color":{}},{"z":5,"name":"Folder 12 Copy 5","parent":"bone12","color":{}},{"z":6,"name":"Folder 12 Copy 7","parent":"bone12","color":{}}],"ik":[],"name":"MechaSnake","aabb":{"width":617.0581826049181,"y":-323.7320465534824,"height":358.36417121577756,"x":-324.7681826049181},"skin":[{"name":"","slot":[{"display":[{"width":68,"uvs":[1,0.10993,0.35983,0.87414,0,1,0.16815,0.63981,0.79012,0.07615,0.90161,0,1,0],"triangles":[5,4,0,4,1,0,5,0,6,3,1,4,3,2,1],"type":"mesh","vertices":[79.85,11.5,143.24,25.45,162.25,42.78,136.87,44.09,85.07,24.95,77.15,20.74,73.83,14.93],"transform":{},"path":"Folder 12 Copy 7","userEdges":[],"edges":[2,1,1,0,0,6,6,5,5,4,4,3,3,2],"height":63,"name":"Folder 12 Copy 7"}],"name":"Folder 12 Copy 7"},{"display":[{"width":126,"uvs":[0.1561,0.94269,0.08677,0.93855,0,0.68623,0,0.53112,0.18499,0.26433,0.32221,0.1423,0.43777,0.03062,0.5331,0,0.73821,0.01861,0.84366,0.06992,1,0.20849,1,0.33258,0.98954,0.54353,0.79021,0.78964,0.69199,0.88064,0.63277,0.81653,0.57932,0.56421,0.42332,0.6821,0.34966,0.88891,0.29333,0.77723,0.24181,0.80785,0.21677,0.82273,0.24855,1,0.19221,1,0.17055,0.70071,0.1301,0.48148,0.22833,0.29535],"triangles":[16,12,11,9,16,11,10,9,11,16,13,12,8,16,9,7,16,8,15,14,13,16,15,13,7,6,16,6,5,16,5,26,17,5,17,16,26,25,17,24,19,17,25,24,17,19,18,17,4,26,5,24,20,19,0,23,21,4,25,26,21,23,22,24,21,20,24,1,21,1,0,21,25,2,24,2,1,24,3,25,4,3,2,25],"type":"mesh","vertices":[111.68,-49.44,120.39,-48.6,130.09,-25.83,129.34,-12.2,104.78,9.96,86.93,19.74,71.85,28.76,59.71,30.79,29,29.11,20.98,22.5,1.98,9.25,2.57,-1.65,4.9,-20.12,31.17,-40.37,43.96,-47.69,51.11,-41.64,56.61,-19.11,76.81,-28.39,87.07,-46.05,93.62,-35.85,100.25,-38.19,103.47,-39.32,100.33,-55.12,107.42,-54.73,108.7,-28.28,112.73,-8.74,99.48,6.94],"transform":{},"path":"Folder 12 Copy 4","userEdges":[20,24,24,25,25,26,26,5],"edges":[2,1,1,0,0,23,23,22,22,21,21,20,20,19,19,18,18,17,17,16,16,15,15,14,14,13,13,12,12,11,11,10,10,9,9,8,8,7,7,6,6,5,5,4,4,3,3,2],"height":88,"name":"Folder 12 Copy 4"}],"name":"Folder 12 Copy 4"},{"display":[{"width":58,"uvs":[0.46015,1,0.62546,0.90362,0.70811,0.85542,0.79077,0.80723,0.89538,0.66831,1,0.52938,0.99488,0.36673,0.98977,0.20408,0.92149,0.10236,0.85322,0.00064,0.80315,0,0.67267,0.02965,0.54218,0.05931,0.42991,0.13785,0.31763,0.21638,0.2137,0.28262,0.10977,0.34885,0.05489,0.43449,0,0.52012,0.07488,0.60528,0.17805,0.67057,0.05364,0.75573,0.14922,0.85225,0.27027,0.95669,0.36521,0.97835,0.28729,0.49646,0.76597,0.13238,0.6377,0.39809,0.39746,0.7401,0.58667,0.63012,0.85779,0.38643,0.4747,0.3965,0.54715,0.24066,0.79432,0.56997,0.41161,0.61939,0.75967,0.27238,0.54537,0.78329,0.15185,0.50239,0.70635,0.72703,0.25944,0.37375,0.33367,0.83409,0.68212,0.53801,0.43879,0.86965,0.51285,0.51358,0.40609,0.27312,0.90828,0.50409,0.27718,0.63391,0.23702,0.77723,0.8815,0.24441],"triangles":[30,45,6,48,30,6,48,6,7,8,48,7,45,33,5,33,4,5,6,45,5,35,30,48,9,10,8,10,26,8,26,48,8,38,3,4,30,41,45,41,33,45,33,38,4,27,41,30,26,35,48,29,38,33,11,26,10,35,27,30,32,35,26,41,29,33,38,2,3,38,36,2,32,27,35,11,12,26,12,32,26,13,32,12,27,43,41,29,36,38,36,1,2,32,31,27,43,29,41,44,31,32,28,36,29,36,42,1,31,43,27,42,0,1,43,34,29,34,28,29,42,24,0,13,44,32,28,42,36,28,40,42,14,44,13,31,25,43,25,34,43,44,39,31,39,25,31,34,46,28,23,24,42,25,46,34,40,23,42,15,39,44,47,40,28,46,47,28,14,15,44,20,47,46,22,23,40,25,37,46,47,22,40,17,37,39,39,37,25,19,20,46,37,19,46,20,21,47,16,17,39,15,16,39,21,22,47,18,19,37,17,18,37],"type":"mesh","vertices":[88.64,-3.52,76.1,-7.41,69.83,-9.35,63.56,-11.3,49.33,-10.17,35.1,-9.03,22.11,-1.28,9.12,6.47,2.86,14.6,-3.39,22.72,-2,25.27,4.14,30.48,10.29,35.69,19.86,37.73,29.43,39.77,37.77,41.95,46.1,44.13,54.6,42.95,63.09,41.77,67.82,34.08,70.13,25.87,80.58,28.21,85.63,18.95,90.59,8.04,89.61,2.26,52.93,28.39,9.76,21.05,34.91,15.27,69.44,11.61,55.12,7.15,27.64,4.72,39.47,23.55,24.79,27.08,44.29,-0.54,59.28,16.46,21.25,14.92,68.68,2.17,57.3,34.94,59.51,-3.35,43.81,35.45,78.87,10.5,44.94,6.58,78.72,3.56,47.83,16.24,31.47,32.69,35.7,-3.25,64.32,22.57,77.05,17.98,15.49,10.07],"transform":{},"path":"Folder 12 Copy 8","userEdges":[],"edges":[18,19,19,20,20,21,21,22,22,23,23,24,24,0,0,1,1,2,2,3,3,4,4,5,5,6,6,7,7,8,8,9,9,10,10,11,11,12,12,13,13,14,14,15,15,16,16,17,17,18],"height":93,"name":"Folder 12 Copy 8"}],"name":"Folder 12 Copy 8"},{"display":[{"width":576,"uvs":[0,0.38095,0.05064,0.17588,0.21771,0,0.51589,0,0.90101,0,0.98297,0.22667,1,0.43175,1,0.76252,0.87547,1,0.64989,1,0.1574,1,0.01842,0.94492,0,0.73323],"triangles":[5,8,7,5,7,6,3,9,4,4,8,5,9,8,4,3,10,9,2,10,3,1,10,2,1,11,10,0,12,11,0,11,1],"type":"mesh","vertices":[-301.35,-4.97,-272.18,-12.97,-175.95,-19.83,-4.2,-19.83,217.63,-19.83,264.84,-10.99,274.65,-2.99,274.65,9.91,202.92,19.17,72.99,19.17,-210.68,19.17,-290.74,17.02,-301.35,8.77],"transform":{},"path":"Layer 113 Copy","userEdges":[],"edges":[0,12,12,11,11,10,10,9,9,8,8,7,7,6,6,5,5,4,4,3,3,2,2,1,1,0],"height":39,"name":"Layer 113 Copy"}],"name":"Layer 113 Copy"},{"display":[{"weights":[2,14,0.01636,15,0.98364,2,14,0.00848,15,0.99152,1,15,1,1,15,1,1,15,1,1,15,1,2,14,0.00417,15,0.99583,2,14,0.01717,15,0.98283,2,14,0.20325,15,0.79675,2,14,0.64453,15,0.35547,2,14,0.70121,15,0.29879,2,14,0.95705,15,0.04295,2,14,0.98663,15,0.01337,1,14,1,2,13,0.03268,14,0.96732,2,13,0.13738,14,0.86262,2,13,0.42942,14,0.57058,2,13,0.63462,14,0.36538,2,13,0.79805,14,0.20195,2,13,0.94049,14,0.05951,2,13,0.96455,14,0.03545,2,13,0.99511,14,0.00489,1,13,1,1,13,1,2,12,0.05163,13,0.94837,3,11,0.00094,12,0.80426,13,0.1948,3,11,0.05351,12,0.8944,13,0.05208,4,5,0.00033,11,0.71304,12,0.28486,13,0.00177,4,5,0.00117,8,0.00024,11,0.89142,12,0.10717,5,5,0.00511,8,0.00328,9,0.00695,11,0.96326,12,0.02139,5,5,0.00837,8,0.00618,9,0.01491,11,0.96457,12,0.00596,4,5,0.04901,8,0.04836,9,0.13122,11,0.77141,5,3,0.00081,5,0.11611,8,0.11778,9,0.25763,11,0.50766,5,3,0.00557,5,0.25063,8,0.21328,9,0.2796,11,0.25092,5,3,0.0898,5,0.58456,8,0.16223,9,0.10385,11,0.05956,5,3,0.10739,5,0.59651,8,0.14986,9,0.09363,11,0.05261,5,3,0.2025,5,0.61528,8,0.09496,9,0.05711,11,0.03015,5,3,0.55312,5,0.40812,8,0.0184,9,0.01421,11,0.00615,5,3,0.77926,5,0.20855,8,0.00511,9,0.00514,11,0.00194,5,3,0.95456,5,0.04491,8,0.00002,9,0.00045,11,0.00006,2,3,0.99154,5,0.00846,1,3,1,1,3,1,1,3,1,1,3,1,1,3,1,1,3,1,1,3,1,1,3,1,2,3,0.99938,5,0.00062,2,3,0.78013,5,0.21987,2,3,0.57311,5,0.42689,2,3,0.13167,5,0.86833,3,3,0.03336,5,0.95749,8,0.00915,2,5,0.13995,8,0.86005,2,5,0.02174,8,0.97826,2,5,0.00326,8,0.99674,1,8,1,1,8,1,1,8,1,2,8,0.9976,9,0.0024,2,8,0.96788,9,0.03212,2,8,0.81683,9,0.18317,2,8,0.33184,9,0.66816,2,8,0.16479,9,0.83521,2,8,0.00483,9,0.99517,2,9,0.97941,11,0.02059,2,9,0.75615,11,0.24385,2,9,0.48309,11,0.5169,3,9,0.04493,11,0.9522,12,0.00287,2,11,0.92699,12,0.07301,2,11,0.67348,12,0.32652,2,11,0.54992,12,0.45008,4,11,0.37952,12,0.61721,13,0.00025,14,0.00302,5,11,0.10039,12,0.81059,13,0.03483,14,0.05418,15,0.00001,5,11,0.0809,12,0.80006,13,0.04744,14,0.0714,15,0.00021,5,11,0.02904,12,0.67615,13,0.11758,14,0.17414,15,0.00309,5,11,0.01441,12,0.52369,13,0.14824,14,0.30298,15,0.01068,5,11,0.00291,12,0.26747,13,0.15763,14,0.54011,15,0.03189,5,11,0.0001,12,0.08824,13,0.06145,14,0.69517,15,0.15504,4,12,0.05123,13,0.03757,14,0.68775,15,0.22345,4,12,0.01399,13,0.0119,14,0.55798,15,0.41613,4,12,0.00049,13,0.00072,14,0.23624,15,0.76255,3,13,0.00001,14,0.13362,15,0.86637,2,14,0.05732,15,0.94268,2,14,0.01909,15,0.98091,2,5,0.08893,8,0.91107,4,5,0.98705,8,0.0099,9,0.00219,11,0.00086,5,3,0.07059,5,0.79101,8,0.08486,9,0.03646,11,0.01707,5,3,0.35853,5,0.57002,8,0.03731,9,0.02317,11,0.01097,2,3,0.75278,5,0.24722,2,3,0.9759,5,0.0241,1,3,1,3,3,0.9885,5,0.01134,9,0.00016,1,3,1,1,3,1,1,3,1,2,8,0.58481,9,0.41519,4,5,0.00311,8,0.16001,9,0.83573,11,0.00115,2,9,0.8885,11,0.1115,2,9,0.35556,11,0.64444,4,5,0.01457,8,0.01638,9,0.1059,11,0.86316,4,5,0.02939,8,0.03163,9,0.12833,11,0.81065,3,9,0.00057,11,0.97002,12,0.0294,2,11,0.92749,12,0.07251,1,11,1,3,5,0.00026,11,0.88566,12,0.11408,3,11,0.46109,12,0.53855,13,0.00037,3,11,0.39616,12,0.60345,14,0.00039,3,11,0.50375,12,0.49582,14,0.00043,5,11,0.0234,12,0.76417,13,0.1025,14,0.10924,15,0.00069,4,11,0.00636,12,0.86338,13,0.07988,14,0.05038,2,12,0.69606,13,0.30394,2,12,0.65183,13,0.34817,5,11,0.00563,12,0.72054,13,0.1785,14,0.09509,15,0.00025,1,13,1,1,13,1,1,13,1,2,13,0.81688,14,0.18312,4,12,0.11636,13,0.1225,14,0.75093,15,0.01021,1,14,1,2,13,0.18179,14,0.81821,1,14,1,2,13,0.00049,14,0.99951,1,14,1,4,12,0.06807,13,0.05773,14,0.83198,15,0.04222,2,14,0.98245,15,0.01755,4,12,0.00347,13,0.00337,14,0.46618,15,0.52698,2,14,0.8062,15,0.1938,2,14,0.40342,15,0.59658,2,14,0.03189,15,0.96811,1,15,1,1,8,1,5,3,0.00022,5,0.26348,8,0.52902,9,0.16346,11,0.04383,5,3,0.00008,5,0.15762,8,0.41356,9,0.34325,11,0.0855,4,5,0.13229,8,0.26958,9,0.44458,11,0.15356,4,5,0.32709,8,0.59935,9,0.05799,11,0.01558,2,8,0.0992,9,0.9008,2,8,0.00186,9,0.99814,4,5,0.00428,8,0.03512,9,0.95696,11,0.00363,4,5,0.00158,8,0.00233,9,0.72465,11,0.27144,4,5,0.00661,8,0.00487,9,0.0114,11,0.97712,2,9,0.25637,11,0.74363,2,11,0.8742,12,0.1258,4,11,0.31816,12,0.67552,13,0.00102,14,0.0053,4,11,0.09844,12,0.82252,13,0.0308,14,0.04824,5,11,0.00493,12,0.51557,13,0.25643,14,0.22038,15,0.00269,5,11,0.00057,12,0.25123,13,0.33117,14,0.41283,15,0.0042,5,11,0.00038,12,0.19689,13,0.21744,14,0.57631,15,0.00898],"userEdges":[56,86,86,87,87,88,88,35,36,89,89,90,90,52,50,91,91,92,92,93,93,38,40,94,94,95,95,96,96,48,62,97,97,98,66,99,99,100,100,101,101,102,102,32,69,103,103,104,104,105,105,106,106,29,27,107,107,108,108,109,109,71,74,110,110,111,111,112,112,113,113,25,76,114,114,115,115,116,116,21,117,118,118,18,78,119,119,120,120,121,121,15,119,122,122,123,123,124,124,12,80,125,125,126,126,10,82,127,127,128,128,129,129,7,1,130,130,131,131,4,59,132,132,133,133,134,33,135,135,98,134,135,133,136,136,87,97,137,137,138,138,99,98,139,139,140,140,100,102,141,141,106,99,142,142,103,103,143,143,71,109,144,144,145,145,110,110,114,114,146,78,147,147,117,146,147,147,148,148,119],"edges":[63,62,62,61,61,60,60,59,59,58,58,57,57,56,56,55,55,54,54,53,53,52,52,51,51,50,50,49,49,48,48,47,47,46,46,45,45,44,44,43,43,42,42,41,41,40,40,39,39,38,38,37,37,36,36,35,35,34,34,33,33,32,32,31,31,30,30,29,29,28,28,27,27,26,26,25,25,24,24,23,23,22,22,21,21,20,20,19,19,18,18,17,17,16,16,15,15,14,14,13,13,12,12,11,11,10,10,9,9,8,8,7,7,6,6,5,5,4,4,3,3,2,2,1,1,0,0,85,85,84,84,83,83,82,82,81,81,80,80,79,79,78,78,77,77,76,76,75,75,74,74,73,73,72,72,71,71,70,70,69,69,68,68,67,67,66,66,65,65,64,64,63],"vertices":[-20.66,-218.84,-26.88,-225.07,-51.14,-242.33,-70.58,-290.84,-58.39,-301.13,-14.59,-320,2.31,-320.01,8.79,-317.4,29.67,-318.91,54.18,-316.71,56.53,-314.09,80.35,-314.79,87.66,-307.71,105.18,-308.2,129.57,-300.15,129.28,-284.93,144.11,-276.51,156.67,-263.36,151.34,-250.3,160.89,-239.03,160.89,-230.62,145.88,-219.77,147.18,-203.46,145.11,-180.46,129.24,-174.55,92.01,-165.4,83.73,-148.42,54.31,-146.29,54.18,-136.59,40.43,-131.02,37.54,-126.45,14.22,-111.11,1.85,-109.96,-0.09,-102.51,21.54,-94.99,22.46,-92.79,28.21,-90.02,47.72,-102.13,60.96,-93.26,75.31,-104.07,89.93,-100.39,113.04,-109.27,122.83,-109.68,136.17,-101.68,155.84,-78.65,154.88,-64.75,146.52,-43.46,125.41,-22.72,115.06,-26.07,103.65,-17.5,71.09,-20.77,63.08,-11.57,37.5,-11.67,26.92,-5,-31.23,-4.99,-49.06,-10.64,-56.47,-16.94,-68.16,-13.4,-91.32,-20.9,-104.34,-34.6,-113.8,-50.2,-112.57,-62.12,-104.56,-72.6,-116.07,-92.5,-116.07,-109.72,-91.85,-132.47,-72.11,-143.41,-62.91,-163.56,-51.28,-175.61,-22.44,-185.96,-2.02,-202.14,19.23,-206.56,22.36,-213.46,34.71,-219.76,56.49,-222.07,57.59,-225.85,66.61,-226.31,64.36,-231.83,69.83,-237.54,59.34,-231.74,53.69,-233.3,42.23,-225.15,19,-228.69,10.41,-222.41,-2.88,-222.69,-17.19,-216.39,-28.14,-24.41,16.01,-46.17,24.14,-70.56,39.24,-81.69,57.34,-43.35,80.01,-40.43,81.67,-61.35,78.17,-71.65,108.55,-92.22,128.31,-64.34,130.47,-53.06,-88.35,-83.42,-55.75,-96.38,-51.18,-148.04,-27.98,-148.47,-5.83,-137.4,2.33,-129.88,-6.85,-190.45,14.79,-182.83,35.83,-167.46,45.31,-154.43,51.33,-170.05,42.96,-193.54,30.78,-207.43,71.13,-220.66,79.86,-214.88,95.37,-188.2,96.85,-177.62,79.9,-220.72,107.95,-213.64,138.15,-215.63,105.95,-237.51,139.5,-247.21,75.29,-246.89,100.18,-260.26,124.96,-276.38,88.86,-262.09,99.96,-283.51,100.37,-291.06,65.94,-249.42,75.01,-292.37,34.23,-249.01,44.94,-280.33,39.79,-294.91,-3.33,-251,-6.47,-276.03,-86.53,-57.44,-13.41,-77,-19.56,-90.57,-17.94,-100.54,-10.51,-62.88,-94.14,-105.63,-83.83,-126.09,-48.89,-109.44,-27,-139.85,26.66,-138.83,-35.16,-170.19,9.84,-195.05,41.82,-210.56,58.13,-217.33,78.05,-228.41,80.52,-237.53,76.83,-241.45],"path":"Folder 12 Copy 2","uvs":[0.3446,0.32112,0.32213,0.30137,0.23456,0.24654,0.16441,0.09252,0.21026,0.05685,0.3666,0,0.42758,0,0.45096,0.00826,0.52636,0.00348,0.61487,0.01049,0.62334,0.01881,0.70932,0.01662,0.73573,0.03911,0.79898,0.03758,0.88699,0.06314,0.88594,0.11146,0.93945,0.13819,0.98479,0.17995,0.96552,0.22143,1,0.25718,1,0.28389,0.94579,0.31835,0.95048,0.3701,0.94301,0.44312,0.88572,0.46186,0.75127,0.4909,0.72138,0.54478,0.61515,0.55151,0.61465,0.58233,0.565,0.59999,0.55456,0.6145,0.47036,0.66313,0.42569,0.66678,0.41872,0.69044,0.49677,0.7143,0.50009,0.72131,0.52085,0.73007,0.59126,0.69166,0.63905,0.71981,0.69086,0.68549,0.74367,0.69717,0.82706,0.669,0.86243,0.66769,0.91059,0.6931,0.9816,0.76622,0.97811,0.81032,0.94794,0.87792,0.87171,0.94378,0.83435,0.93312,0.79318,0.96029,0.67561,0.94992,0.64668,0.97916,0.55434,0.97884,0.51617,1,0.30625,1,0.24184,0.98204,0.2151,0.96203,0.17292,0.97328,0.08932,0.94947,0.04233,0.90595,0.00815,0.85641,0.01263,0.81859,0.04152,0.78529,0,0.72211,0,0.66745,0.08748,0.59529,0.15872,0.56054,0.19199,0.49658,0.23397,0.45834,0.33809,0.42549,0.41186,0.37416,0.48858,0.36014,0.49988,0.33824,0.54448,0.31825,0.62311,0.31093,0.6271,0.29896,0.65965,0.2975,0.65151,0.27997,0.67127,0.26187,0.63341,0.28027,0.61298,0.2753,0.57163,0.30115,0.48777,0.2899,0.45674,0.30981,0.40875,0.30893,0.3571,0.32894,0.31737,0.93834,0.47678,0.86931,0.50614,0.79184,0.56068,0.75653,0.626,0.87827,0.70781,0.88751,0.7138,0.82111,0.70122,0.78844,0.81089,0.7231,0.8822,0.81163,0.88999,0.84746,0.10005,0.75099,0.21775,0.70986,0.23431,0.54584,0.31806,0.54452,0.39804,0.57968,0.42747,0.60357,0.39439,0.41126,0.47254,0.43547,0.54847,0.48428,0.58266,0.52567,0.60442,0.47608,0.57423,0.4015,0.53027,0.35738,0.67594,0.31543,0.70747,0.33378,0.76342,0.41852,0.76875,0.4521,0.70762,0.31523,0.80888,0.33775,0.91789,0.33147,0.80166,0.26198,0.9228,0.23122,0.69099,0.23217,0.78084,0.18976,0.87032,0.13859,0.73996,0.18393,0.7801,0.11593,0.78157,0.09197,0.65724,0.22415,0.69002,0.08782,0.54274,0.22541,0.58146,0.12599,0.56287,0.07969,0.40717,0.21904,0.39588,0.1396,0.10661,0.83348,0.3706,0.77142,0.34838,0.72833,0.35425,0.69667,0.38105,0.81624,0.07917,0.68046,0.11641,0.61553,0.24252,0.66839,0.32159,0.57186,0.51531,0.57518,0.29215,0.47556,0.45467,0.39668,0.57012,0.34748,0.62904,0.32597,0.70097,0.29083,0.70985,0.2619,0.69653,0.24944],"triangles":[18,118,19,19,118,20,118,21,20,96,46,45,44,95,45,118,18,17,16,118,17,43,95,44,95,96,45,21,116,22,115,24,116,121,118,16,118,116,21,24,23,22,116,24,22,96,47,46,94,95,43,117,116,118,15,121,16,48,47,96,117,115,116,121,120,118,120,117,118,115,112,24,42,94,43,95,92,96,92,48,96,13,124,14,14,124,15,124,121,15,112,113,24,113,25,24,92,91,48,41,94,42,124,123,121,94,92,95,123,120,121,93,92,94,91,49,48,40,94,41,146,114,117,120,147,117,40,93,94,111,112,115,117,114,115,114,111,115,123,122,120,147,146,117,12,124,13,91,50,49,126,122,123,126,123,124,12,126,124,119,148,147,107,25,112,112,25,113,39,93,40,111,108,112,108,107,112,39,38,93,107,26,25,145,108,111,126,125,122,125,119,122,128,125,126,11,126,12,90,91,92,107,27,26,110,145,111,10,126,11,93,90,92,90,50,91,78,146,147,148,78,147,110,111,114,78,76,146,38,89,93,89,90,93,77,76,78,119,78,148,10,129,126,125,78,119,129,128,126,90,51,50,107,106,27,125,79,78,144,108,145,90,52,51,75,74,76,127,80,125,128,127,125,80,79,125,89,88,90,37,89,38,87,52,90,88,87,90,9,129,10,74,144,145,108,105,107,127,81,80,29,28,27,106,29,27,8,129,9,36,89,37,105,106,107,144,109,108,141,29,106,104,105,108,127,82,81,131,127,128,105,141,106,129,131,128,109,104,108,87,53,52,73,109,144,71,104,109,131,130,127,141,30,29,8,7,129,7,131,129,36,88,89,141,31,30,143,104,71,72,109,73,104,141,105,104,101,141,130,82,127,87,86,53,102,31,141,35,88,36,72,71,109,101,102,141,86,54,53,33,133,35,136,87,88,35,133,88,133,136,88,103,101,104,33,35,34,103,100,101,6,131,7,130,84,83,70,143,71,130,83,82,5,131,6,102,32,31,136,86,87,143,103,104,70,103,143,134,133,33,1,84,130,135,134,33,101,135,32,101,32,102,140,135,101,135,33,32,5,4,131,1,0,84,0,85,84,131,2,130,2,1,130,100,140,101,4,2,131,140,139,135,132,86,136,4,3,2,134,98,133,132,56,86,68,142,69,55,54,86,142,99,100,100,99,140,99,139,140,56,55,86,68,67,99,68,99,142,132,57,56,97,132,98,138,98,139,132,58,57,67,66,99,138,137,98,137,97,98,59,58,132,65,138,66,60,59,132,97,62,132,65,137,138,64,137,65,137,63,97,62,61,132,61,60,132,63,62,97,64,63,137,73,144,74,103,69,70,145,74,110,76,74,110,110,76,114,146,76,114,147,119,120,119,122,120,136,132,133,98,132,133,139,135,98,98,134,135,139,138,99,66,138,99,100,142,103,69,142,103],"type":"mesh","transform":{},"bonePose":[14,-0.9019832978386229,-0.43177092354645896,0.43177092354645896,-0.9019832978386229,103.77716582289769,-246.96471256782672,15,-0.9967085121555866,0.08106874734813913,-0.08106874734813913,-0.9967085121555866,39.39359802317679,-277.784521090573,13,-0.03193409515970691,-0.9994899767212928,0.9994899767212928,-0.03193409515970691,105.40824047249905,-211.25858850643596,12,0.8214479214839502,-0.570283536751411,0.570283536751411,0.8214479214839502,49.69486433962561,-172.2878633415514,11,0.9438586228518068,-0.33034966333915183,0.33034966333915183,0.9438586228518068,-27.655766026890305,-144.67487759385244,5,-0.977783236758606,0.2096185629038221,-0.2096185629038221,-0.977783236758606,51.89722088101722,-51.08971336545048,8,-0.8215474422259403,-0.5701401583575878,0.5701401583575878,-0.8215474422259403,-8.696006300913602,-38.09965102230062,9,0.605432907381001,-0.7958963466810162,0.7958963466810162,0.605432907381001,-74.1651219718988,-83.5341202418168,3,-0.9921583904222632,0.12498691257369272,-0.12498691257369272,-0.9921583904222632,124.93,-60.29],"width":277,"slotPose":[1,0,0,1,0,0],"height":315,"name":"Folder 12 Copy 2"}],"name":"Folder 12 Copy 2"},{"display":[{"width":99,"uvs":[0.00001,0.66117,0.22243,0.76499,0.27193,0.74848,0.25354,0.63886,0.29031,0.63489,0.40132,0.68178,0.50031,0.60584,0.5431,0.54348,0.62088,0.48405,0.62536,0.32449,0.55607,0.10393,0.50941,0.03525,0.62395,0,0.80072,0,0.86265,0.00685,0.9482,0.09204,0.99558,0.14157,1,0.25581,0.95033,0.42421,0.82447,0.50081,0.75456,0.60985,0.63931,0.8106,0.54505,0.94094,0.46303,1,0.42131,1,0.2297,0.93632,0.12788,0.88085,0.04091,0.86698,0.00839,0.8016,0,0.68868],"triangles":[15,9,17,9,18,17,15,17,16,9,19,18,14,13,15,13,9,15,10,9,13,12,10,13,9,8,19,8,20,19,8,7,20,6,21,20,7,6,20,11,10,12,5,22,21,6,5,21,5,2,24,5,24,22,24,23,22,2,25,24,4,2,5,1,26,25,1,25,2,3,2,4,28,26,1,29,28,1,28,27,26,0,29,1],"type":"mesh","vertices":[83.43,41.68,82.08,17.1,78.13,13.71,68.94,21.05,66.77,18.1,65.65,6.09,53.8,1.57,45.96,1.16,36.67,-2.41,21.76,5.59,4.85,23.13,0.81,30.75,-8.05,22.75,-16.72,7.55,-19.13,1.86,-15.48,-9.97,-13.24,-16.64,-2.94,-23.02,15,-27.6,28.23,-20.8,41.7,-20.51,65.83,-21.14,82.46,-19.88,91.92,-15.93,93.97,-12.34,97.5,7.48,97.39,19.15,100.38,27.36,95.95,33.59,85.97,40.24],"transform":{},"path":"Folder 12 Copy 5","userEdges":[],"edges":[29,28,28,27,27,26,26,25,25,24,24,23,23,22,22,21,21,20,20,19,19,18,18,17,17,16,16,15,15,14,14,13,13,12,12,11,11,10,10,9,9,8,8,7,7,6,6,5,5,4,4,3,3,2,2,1,1,0,0,29],"height":106,"name":"Folder 12 Copy 5"}],"name":"Folder 12 Copy 5"},{"display":[{"weights":[1,10,1,1,10,1,1,10,1,1,10,1,1,10,1,1,10,1,2,7,0.04741,10,0.95259,2,7,0.29418,10,0.70582,2,7,0.77544,10,0.22456,2,7,0.99975,10,0.00025,3,6,0.0273,7,0.97247,10,0.00023,3,6,0.26072,7,0.73916,10,0.00011,3,6,0.63289,7,0.36706,10,0.00005,3,6,0.80847,7,0.1915,10,0.00003,3,6,0.91169,7,0.0883,10,0.00001,3,6,0.96511,7,0.03488,10,0.00001,2,6,0.9996,7,0.0004,1,6,1,1,6,1,2,4,0.00081,6,0.99919,2,4,0.06237,6,0.93763,2,4,0.60789,6,0.39211,2,4,0.80212,6,0.19788,2,4,0.91458,6,0.08542,1,4,1,1,4,1,1,4,1,1,4,1,1,4,1,1,4,1,1,4,1,1,4,1,1,4,1,1,4,1,1,4,1,1,4,1,1,4,1,1,4,1,1,4,1,1,4,1,2,4,0.9991,6,0.0009,2,4,0.99656,6,0.00344,2,4,0.9758,6,0.0242,2,4,0.95166,6,0.04834,2,4,0.9069,6,0.0931,2,4,0.84724,6,0.15276,2,4,0.54666,6,0.45334,2,4,0.29307,6,0.70693,3,4,0.15147,6,0.84843,7,0.0001,3,4,0.02785,6,0.94933,7,0.02283,3,4,0.0001,6,0.7753,7,0.2246,2,6,0.61096,7,0.38904,2,6,0.22697,7,0.77303,2,6,0.14722,7,0.85278,3,6,0.03571,7,0.9497,10,0.01459,3,6,0.00899,7,0.91984,10,0.07117,2,7,0.71772,10,0.28228,2,7,0.43591,10,0.56409,2,7,0.21944,10,0.78056,1,10,1,1,10,1,2,7,0.16835,10,0.83165,1,7,1,2,7,0.99988,10,0.00012,3,6,0.56267,7,0.43729,10,0.00003,2,6,0.2544,7,0.7456,2,6,0.99308,7,0.00691,2,6,0.99426,7,0.00574,2,6,0.9929,7,0.0071,1,6,1,2,4,0.00053,6,0.99947,2,4,0.1284,6,0.8716,2,4,0.41576,6,0.58424,1,4,1,2,4,0.89358,6,0.10642,2,4,0.9999,6,0.0001,2,4,0.9604,6,0.0396,1,4,1,2,4,0.99998,6,0.00002,1,4,1,1,4,1,1,4,1,1,4,1,1,4,1],"userEdges":[7,61,61,57,9,62,11,63,14,64,64,65,17,66,66,67,67,68,20,69,69,70,23,71,71,72,72,46,24,73,73,74,74,45,26,75,75,76,42,76,27,77,75,77,40,78,78,77,76,78,78,79,79,39,79,80,80,38,79,81,81,30,81,82,82,83,83,35,65,51,63,53,62,55,68,49],"edges":[2,3,3,4,4,5,5,6,6,7,7,8,8,9,9,10,10,11,11,12,12,13,13,14,14,15,15,16,16,17,17,18,18,19,19,20,20,21,21,22,22,23,23,24,24,25,25,26,26,27,27,28,28,29,29,30,30,31,31,32,32,33,33,34,34,35,35,36,36,37,37,38,38,39,39,40,40,41,41,42,42,43,43,44,44,45,45,46,46,47,47,48,48,49,49,50,50,51,51,52,52,53,53,54,54,55,55,56,56,57,57,58,58,59,59,60,60,0,0,1,1,2],"vertices":[-294.83,-299.96,-298.59,-299.96,-304.09,-269.87,-304.08,-245.03,-286.8,-200.32,-245.58,-140.53,-237.3,-144.76,-234.91,-142.55,-240.47,-134.07,-232,-107.69,-228.13,-85.19,-214.32,-74.9,-208.65,-57.55,-197.28,-49.45,-188.81,-48.12,-186.88,-40.49,-170.9,-25.86,-154.44,-28.64,-145.24,-18.84,-131.82,-17.99,-110.43,-18.46,-81.97,-19.09,-75.07,-21.27,-68.89,-17.99,-26.54,-22.27,-3.31,-35.62,0.92,-42.52,39.52,-54.74,56.89,-51.77,76.01,-51.53,78.67,-53.83,95.97,-52.74,118.72,-62.79,132.7,-75.34,138.94,-88.41,138.25,-103.17,117.08,-121.69,87.19,-132.09,84.53,-130.16,45.57,-132.33,11.81,-117.08,3.83,-117.6,-12.51,-112.75,-21.46,-116.99,-32.35,-114.33,-41.67,-117.71,-70.7,-114.93,-91.28,-118.19,-106.41,-114.56,-128.21,-114.46,-154.92,-124.21,-163.39,-121.43,-177.49,-134.62,-184.02,-132.68,-193.59,-140.31,-201.69,-140.78,-206.29,-150.95,-214.64,-150.46,-210.69,-154.58,-222.56,-175.74,-220.76,-184.5,-225.11,-147.31,-230.71,-120.85,-214.32,-102.09,-194.44,-78.99,-189.26,-92.99,-170.46,-45.11,-168.79,-60.51,-159.28,-85.15,-137.71,-40.77,-133.93,-71.99,-87.1,-47.85,-81.25,-88.88,-44.61,-51.08,-44.04,-86.83,-17.37,-63.98,-26.75,-90.05,30.77,-74.44,19.37,-100.08,45.98,-103.83,64.73,-118.48,63.26,-77.75,93.96,-103.43,113.64,-109.35],"path":"Folder 12 Copy 3","uvs":[0.0209,0,0.01241,0,0,0.10672,0,0.1948,0.03899,0.35335,0.13203,0.56541,0.15072,0.5504,0.15612,0.55823,0.14356,0.58833,0.16268,0.68187,0.17142,0.76168,0.20256,0.79815,0.21535,0.85966,0.24103,0.88841,0.26015,0.89313,0.26452,0.92016,0.30057,0.97208,0.33772,0.96221,0.35848,0.99696,0.38879,1,0.43707,0.99833,0.50133,0.9961,0.51689,0.98838,0.53084,1,0.62644,0.98486,0.67888,0.93751,0.68844,0.91305,0.77557,0.86972,0.81478,0.88025,0.84455,0.87982,0.86395,0.87296,0.90301,0.87682,0.95435,0.84121,0.98589,0.79667,1,0.75033,0.99845,0.69798,0.95066,0.63234,0.88319,0.59544,0.87718,0.6023,0.78923,0.59458,0.71303,0.64864,0.69501,0.64682,0.65814,0.66399,0.63793,0.64897,0.61335,0.65841,0.57565,0.64725,0.52676,0.65626,0.48033,0.64468,0.44619,0.65755,0.39696,0.65789,0.33667,0.62332,0.31755,0.63319,0.28573,0.58642,0.27098,0.59328,0.2494,0.56625,0.2311,0.56453,0.22073,0.52849,0.20188,0.53021,0.21078,0.51562,0.184,0.44055,0.18807,0.40949,0.17823,0.54137,0.1656,0.63521,0.20257,0.70173,0.24745,0.78364,0.25914,0.734,0.30155,0.90382,0.30534,0.84921,0.32683,0.76183,0.3755,0.91921,0.38403,0.8085,0.48974,0.89409,0.50296,0.74863,0.58564,0.88267,0.58696,0.75591,0.64715,0.83695,0.62598,0.74448,0.75581,0.79986,0.73009,0.70895,0.79015,0.69564,0.83248,0.64369,0.82917,0.78812,0.89845,0.69704,0.94288,0.6761],"triangles":[83,33,34,83,34,35,36,83,35,83,82,32,83,32,33,82,31,32,82,83,36,37,82,36,82,81,31,81,30,31,38,80,82,37,38,82,80,81,82,79,81,80,81,29,30,39,80,38,81,28,29,79,77,81,27,28,81,77,27,81,39,79,80,78,77,79,40,78,79,40,79,39,77,26,27,78,75,77,75,26,77,41,42,78,42,76,78,76,75,78,40,41,78,75,25,26,73,24,75,75,24,25,44,76,43,43,76,42,76,74,75,74,73,75,44,74,76,73,23,24,45,74,44,45,46,74,46,72,74,74,72,73,72,71,73,71,21,22,47,72,46,47,48,72,70,71,72,48,70,72,71,20,21,69,20,71,70,69,71,69,19,20,49,70,48,69,18,19,68,70,49,50,68,49,17,18,69,67,69,70,51,68,50,68,67,70,66,17,69,67,66,69,0,2,60,51,65,68,66,16,17,2,3,60,64,67,68,65,64,68,52,53,51,53,65,51,66,15,16,14,66,67,64,14,67,14,15,66,64,13,14,63,65,53,3,4,60,12,13,64,54,55,53,55,63,53,63,64,65,62,63,55,11,12,64,63,11,64,10,11,63,57,61,55,61,62,55,56,57,55,62,9,63,59,57,58,7,62,61,59,61,57,9,10,63,7,8,62,6,61,59,4,59,60,5,6,59,4,5,59,6,7,61,8,9,62,1,2,0,73,23,71,71,22,23],"type":"mesh","transform":{},"bonePose":[10,-0.4572531525372575,-0.8893365811068041,0.8893365811068041,-0.4572531525372575,-226.23796943921943,-142.53573470106429,7,-0.6001410461464957,-0.7998941959598092,0.7998941959598092,-0.6001410461464957,-187.78084304248137,-90.77851463173184,6,-0.9273145604459576,-0.37428292237947536,0.37428292237947536,-0.9273145604459576,-82.76246907197665,-48.39097367225626,4,-0.975611225313615,0.2195056651707805,-0.2195056651707805,-0.975611225313615,99.15,-89.32],"width":443,"slotPose":[1,0,0,1,0,0],"height":282,"name":"Folder 12 Copy 3"}],"name":"Folder 12 Copy 3"}]}]}],"isGlobal":0,"name":"MechaSnake","version":"5.0"}