{"width":1024,"imagePath":"MechaSnake_tex.png","height":512,"name":"MechaSnake","SubTexture":[{"width":576,"y":318,"height":39,"name":"Layer 113 Copy","x":1},{"width":443,"y":1,"height":282,"name":"Folder 12 Copy 3","x":1},{"width":277,"y":1,"height":315,"name":"Folder 12 Copy 2","x":446},{"width":58,"y":318,"height":93,"name":"Folder 12 Copy 8","x":808},{"width":126,"y":318,"height":88,"name":"Folder 12 Copy 4","x":579},{"width":99,"y":318,"height":106,"name":"Folder 12 Copy 5","x":707},{"width":68,"y":413,"height":63,"name":"Folder 12 Copy 7","x":808}]}