{"frameRate":30,"armature":[{"aabb":{"width":257.1858668348095,"y":-162.6390909090909,"height":164.05828562204496,"x":-140.42586683480948},"type":"Armature","name":"Dagon","defaultActions":[{"gotoAndPlay":"Attack A"}],"animation":[{"frame":[],"ffd":[],"bone":[{"frame":[{"duration":10,"transform":{}},{"duration":5,"transform":{}},{"duration":6,"transform":{}},{"duration":0,"transform":{}}],"name":"root"},{"frame":[{"duration":10,"transform":{},"tweenEasing":0},{"duration":5,"transform":{"y":7.49,"x":-3.3},"tweenEasing":0},{"duration":6,"curve":[0.25,0,0.75,1],"transform":{"y":16.48,"x":-19.73}},{"duration":0,"transform":{}}],"name":"mid"},{"frame":[{"duration":10,"transform":{}},{"duration":5,"transform":{}},{"duration":6,"transform":{}},{"duration":0,"transform":{}}],"name":"chedst"},{"frame":[{"duration":10,"transform":{}},{"duration":5,"transform":{}},{"duration":6,"transform":{}},{"duration":0,"transform":{}}],"name":"head"},{"frame":[{"duration":10,"transform":{},"tweenEasing":0},{"duration":5,"transform":{"y":-75.04,"x":28.41},"tweenEasing":0},{"duration":6,"curve":[0.25,0,0.75,1],"transform":{"y":-13.13,"x":-46.36}},{"duration":0,"transform":{}}],"name":"IKArmRight"},{"frame":[{"duration":10,"transform":{"skX":0.58,"skY":0.58},"tweenEasing":0},{"duration":5,"transform":{"skX":106.6,"skY":106.6},"tweenEasing":0},{"duration":6,"curve":[0.25,0,0.75,1],"transform":{"skX":69.92,"skY":69.92}},{"duration":0,"transform":{"skX":0.58,"skY":0.58}}],"name":"armLeft"},{"frame":[{"duration":10,"transform":{"skX":-0.51,"skY":-0.51},"tweenEasing":0},{"duration":5,"transform":{"skX":-20.36,"skY":-20.36},"tweenEasing":0},{"duration":6,"curve":[0.25,0,0.75,1],"transform":{"skX":-82.11,"skY":-82.11}},{"duration":0,"transform":{"skX":-0.51,"skY":-0.51}}],"name":"chedst3"},{"frame":[{"duration":10,"transform":{}},{"duration":5,"transform":{},"tweenEasing":0},{"duration":6,"curve":[0.25,0,0.75,1],"transform":{"skX":33.85,"skY":33.85}},{"duration":0,"transform":{}}],"name":"chedst4"},{"frame":[{"duration":10,"transform":{},"tweenEasing":0},{"duration":5,"transform":{"y":2.78,"x":-44.42},"tweenEasing":0},{"duration":6,"curve":[0.25,0,0.75,1],"transform":{"y":6.09,"x":-13.03}},{"duration":0,"transform":{}}],"name":"IKArmLeft"},{"frame":[{"duration":10,"transform":{"skX":-0.13,"skY":-0.13},"tweenEasing":0},{"duration":5,"transform":{"skX":25.44,"skY":25.44},"tweenEasing":0},{"duration":6,"curve":[0.25,0,0.75,1],"transform":{"skX":-18.52,"skY":-18.52}},{"duration":0,"transform":{"skX":-0.13,"skY":-0.13}}],"name":"arm Right"},{"frame":[{"duration":10,"transform":{"skX":0.32,"skY":0.32},"tweenEasing":0},{"duration":5,"transform":{"skX":24.79,"skY":24.79},"tweenEasing":0},{"duration":6,"curve":[0.25,0,0.75,1],"transform":{"skX":15.51,"skY":15.51}},{"duration":0,"transform":{"skX":0.32,"skY":0.32}}],"name":"chedst5"},{"frame":[{"duration":10,"transform":{},"tweenEasing":0},{"duration":5,"transform":{"y":22.55,"x":-29.84},"tweenEasing":0},{"duration":6,"curve":[0.25,0,0.75,1],"transform":{"y":-4.85,"x":-33.82}},{"duration":0,"transform":{}}],"name":"IKFin"},{"frame":[{"duration":10,"transform":{"skX":0.35,"skY":0.35},"tweenEasing":0},{"duration":5,"transform":{"skX":-29.54,"skY":-29.54},"tweenEasing":0},{"duration":6,"curve":[0.25,0,0.75,1],"transform":{"skX":-3.99,"skY":-3.99}},{"duration":0,"transform":{"skX":0.35,"skY":0.35}}],"name":"fin"},{"frame":[{"duration":10,"transform":{}},{"duration":5,"transform":{},"tweenEasing":0},{"duration":6,"curve":[0.25,0,0.75,1],"transform":{"skX":-136.9,"skY":-136.9,"y":-24.06,"x":-14.92}},{"duration":0,"transform":{}}],"name":"FinLeft"},{"frame":[{"duration":10,"transform":{}},{"duration":5,"transform":{},"tweenEasing":0},{"duration":6,"curve":[0.25,0,0.75,1],"transform":{"x":-35.38}},{"duration":0,"transform":{}}],"name":"IKlegLeft"},{"frame":[{"duration":10,"transform":{"skX":2.39,"skY":2.39},"tweenEasing":0},{"duration":5,"transform":{"skX":25.1,"skY":25.1,"x":8.2},"tweenEasing":0},{"duration":6,"curve":[0.25,0,0.75,1],"transform":{"skX":30.1,"skY":30.1,"x":8.2}},{"duration":0,"transform":{"skX":2.39,"skY":2.39}}],"name":"mid2"},{"frame":[{"duration":10,"transform":{"skX":-4.51,"skY":-4.51},"tweenEasing":0},{"duration":5,"transform":{"skX":-37.07,"skY":-37.07},"tweenEasing":0},{"duration":6,"curve":[0.25,0,0.75,1],"transform":{"skX":-17.5,"skY":-17.5}},{"duration":0,"transform":{"skX":-4.51,"skY":-4.51}}],"name":"mid3"},{"frame":[{"duration":10,"transform":{}},{"duration":5,"transform":{}},{"duration":6,"transform":{}},{"duration":0,"transform":{}}],"name":"IKLegRight"},{"frame":[{"duration":10,"transform":{"skX":1.53,"skY":1.53},"tweenEasing":0},{"duration":5,"transform":{"skX":11.81,"skY":11.81},"tweenEasing":0},{"duration":6,"curve":[0.25,0,0.75,1],"transform":{"skX":-7.71,"skY":-7.71}},{"duration":0,"transform":{"skX":1.53,"skY":1.53}}],"name":"mid4"},{"frame":[{"duration":10,"transform":{"skX":-3.28,"skY":-3.28},"tweenEasing":0},{"duration":5,"transform":{"skX":-35.32,"skY":-35.32},"tweenEasing":0},{"duration":6,"curve":[0.25,0,0.75,1],"transform":{"skX":-20.17,"skY":-20.17}},{"duration":0,"transform":{"skX":-3.28,"skY":-3.28}}],"name":"mid5"},{"frame":[{"duration":10,"transform":{}},{"duration":5,"transform":{},"tweenEasing":0},{"duration":6,"curve":[0.25,0,0.75,1],"transform":{"scX":1.26}},{"duration":0,"transform":{}}],"name":"shadow"},{"frame":[{"duration":10,"transform":{}},{"duration":5,"transform":{}},{"duration":6,"transform":{}},{"duration":0,"transform":{}}],"name":"bone"},{"frame":[{"duration":10,"transform":{}},{"duration":5,"transform":{}},{"duration":6,"transform":{}},{"duration":0,"transform":{}}],"name":"bone10"},{"frame":[{"duration":10,"transform":{},"tweenEasing":0},{"duration":5,"transform":{"y":-0.92,"x":-13.97},"tweenEasing":0},{"duration":6,"curve":[0.25,0,0.75,1],"transform":{"y":11.34,"x":-27.03}},{"duration":0,"transform":{}}],"name":"skirtL"},{"frame":[{"duration":10,"transform":{"skX":-0.04,"skY":-0.04},"tweenEasing":0},{"duration":5,"transform":{"skX":19.81,"skY":19.81,"y":-4.97,"x":6.59},"tweenEasing":0},{"duration":6,"curve":[0.25,0,0.75,1],"transform":{"skX":2.82,"skY":2.82,"y":-4.97,"x":6.59}},{"duration":0,"transform":{"skX":-0.04,"skY":-0.04}}],"name":"chedst2"},{"frame":[{"duration":10,"transform":{}},{"duration":5,"transform":{}},{"duration":6,"transform":{}},{"duration":0,"transform":{}}],"name":"SkirtR"},{"frame":[{"duration":10,"transform":{"skX":0.05,"skY":0.05},"tweenEasing":0},{"duration":5,"transform":{"skX":-32.37,"skY":-32.37},"tweenEasing":0},{"duration":6,"curve":[0.25,0,0.75,1],"transform":{"skX":-33.51,"skY":-33.51,"y":15.04,"x":7.07}},{"duration":0,"transform":{"skX":0.05,"skY":0.05}}],"name":"chedst6"},{"frame":[{"duration":10,"transform":{},"tweenEasing":0},{"duration":5,"transform":{}},{"duration":6,"transform":{}}],"name":"bone2"},{"frame":[{"duration":10,"transform":{},"tweenEasing":0},{"duration":5,"transform":{}},{"duration":6,"transform":{}}],"name":"bone3"},{"frame":[{"duration":10,"transform":{},"tweenEasing":0},{"duration":5,"transform":{}},{"duration":6,"transform":{}}],"name":"bone4"},{"frame":[{"duration":10,"transform":{},"tweenEasing":0},{"duration":5,"transform":{}},{"duration":6,"transform":{}}],"name":"bone5"},{"frame":[{"duration":10,"transform":{},"tweenEasing":0},{"duration":5,"transform":{}},{"duration":6,"transform":{}}],"name":"bone6"},{"frame":[{"duration":10,"transform":{},"tweenEasing":0},{"duration":5,"transform":{}},{"duration":6,"transform":{}}],"name":"bone7"},{"frame":[{"duration":10,"transform":{},"tweenEasing":0},{"duration":5,"transform":{}},{"duration":6,"transform":{}}],"name":"bone8"},{"frame":[{"duration":10,"transform":{},"tweenEasing":0},{"duration":5,"transform":{}},{"duration":6,"transform":{}}],"name":"bone9"},{"frame":[{"duration":10,"transform":{},"tweenEasing":0},{"duration":5,"transform":{}},{"duration":6,"transform":{}}],"name":"bone11"}],"duration":21,"slot":[],"name":"Attack A","ik":[]},{"frame":[],"ffd":[],"bone":[{"frame":[{"duration":10,"transform":{}},{"duration":5,"transform":{}},{"duration":15,"transform":{}},{"duration":5,"transform":{}},{"duration":10,"transform":{}},{"duration":0,"transform":{}}],"name":"root"},{"frame":[{"duration":10,"transform":{},"tweenEasing":0},{"duration":5,"curve":[0.25,0,0,1],"transform":{"y":7.49,"x":-3.3}},{"duration":8,"curve":[0.248,0,0.628,0.52],"transform":{"y":16.48,"x":-19.73}},{"duration":7,"curve":[0.378,0.52,0.748,1],"transform":{"y":14.68,"x":-19.73}},{"duration":5,"curve":[0.25,0,0,1],"transform":{"y":16.48,"x":-19.73}},{"duration":10,"curve":[0.25,0,0.75,1],"transform":{"y":20.99,"x":-37.32}},{"duration":0,"transform":{}}],"name":"mid"},{"frame":[{"duration":10,"transform":{}},{"duration":5,"transform":{}},{"duration":15,"transform":{}},{"duration":5,"transform":{}},{"duration":10,"transform":{}},{"duration":0,"transform":{}}],"name":"chedst"},{"frame":[{"duration":10,"transform":{}},{"duration":5,"transform":{}},{"duration":15,"transform":{}},{"duration":5,"transform":{}},{"duration":10,"transform":{}},{"duration":0,"transform":{}}],"name":"head"},{"frame":[{"duration":10,"transform":{},"tweenEasing":0},{"duration":5,"curve":[0.25,0,0,1],"transform":{"y":-75.04,"x":28.41}},{"duration":5,"curve":[0.25,0,0.75,1],"transform":{"y":30.84,"x":-11.47}},{"duration":5,"curve":[0.25,0,0.75,1],"transform":{"y":-0.03,"x":-34.09}},{"duration":5,"curve":[0.25,0,0.75,1],"transform":{"y":2.48,"x":20.12}},{"duration":5,"curve":[0.25,0,0,1],"transform":{"y":40.9,"x":3.61}},{"duration":10,"curve":[0.25,0,0.75,1],"transform":{"y":-20.89,"x":-93.81}},{"duration":0,"transform":{}}],"name":"IKArmRight"},{"frame":[{"duration":10,"transform":{"skX":0.58,"skY":0.58},"tweenEasing":0},{"duration":5,"curve":[0.25,0,0,1],"transform":{"skX":106.6,"skY":106.6}},{"duration":15,"curve":[0.25,0,0.75,1],"transform":{"skX":69.92,"skY":69.92}},{"duration":5,"curve":[0.25,0,0,1],"transform":{"skX":-36.57,"skY":-36.57}},{"duration":10,"curve":[0.25,0,0.75,1],"transform":{"skX":74.92,"skY":74.92}},{"duration":0,"transform":{"skX":0.58,"skY":0.58}}],"name":"armLeft"},{"frame":[{"duration":10,"transform":{"skX":-0.51,"skY":-0.51},"tweenEasing":0},{"duration":5,"curve":[0.25,0,0,1],"transform":{"skX":-20.36,"skY":-20.36}},{"duration":15,"curve":[0.25,0,0.75,1],"transform":{"skX":-82.11,"skY":-82.11}},{"duration":5,"curve":[0.25,0,0,1],"transform":{"skX":2.27,"skY":2.27}},{"duration":10,"curve":[0.25,0,0.75,1],"transform":{"skX":-82.11,"skY":-82.11}},{"duration":0,"transform":{"skX":-0.51,"skY":-0.51}}],"name":"chedst3"},{"frame":[{"duration":10,"transform":{}},{"duration":5,"curve":[0.25,0,0,1],"transform":{}},{"duration":15,"transform":{"skX":33.85,"skY":33.85}},{"duration":5,"transform":{"skX":33.85,"skY":33.85}},{"duration":10,"curve":[0.25,0,0.75,1],"transform":{"skX":33.85,"skY":33.85}},{"duration":0,"transform":{}}],"name":"chedst4"},{"frame":[{"duration":10,"transform":{},"tweenEasing":0},{"duration":5,"curve":[0.25,0,0,1],"transform":{"y":2.78,"x":-44.42}},{"duration":15,"transform":{"y":6.09,"x":-13.03}},{"duration":5,"curve":[0.25,0,0,1],"transform":{"y":6.09,"x":-13.03}},{"duration":10,"curve":[0.25,0,0.75,1],"transform":{"y":-1.13,"x":-14.39}},{"duration":0,"transform":{}}],"name":"IKArmLeft"},{"frame":[{"duration":10,"transform":{"skX":-0.13,"skY":-0.13},"tweenEasing":0},{"duration":5,"curve":[0.25,0,0,1],"transform":{"skX":25.44,"skY":25.44}},{"duration":15,"transform":{"skX":-18.52,"skY":-18.52}},{"duration":5,"curve":[0.25,0,0,1],"transform":{"skX":-18.52,"skY":-18.52}},{"duration":10,"curve":[0.25,0,0.75,1],"transform":{"skX":-32.56,"skY":-32.56}},{"duration":0,"transform":{"skX":-0.13,"skY":-0.13}}],"name":"arm Right"},{"frame":[{"duration":10,"transform":{"skX":0.32,"skY":0.32},"tweenEasing":0},{"duration":5,"curve":[0.25,0,0,1],"transform":{"skX":24.79,"skY":24.79}},{"duration":15,"transform":{"skX":15.51,"skY":15.51}},{"duration":5,"curve":[0.25,0,0,1],"transform":{"skX":15.51,"skY":15.51}},{"duration":10,"curve":[0.25,0,0.75,1],"transform":{"skX":7.23,"skY":7.23}},{"duration":0,"transform":{"skX":0.32,"skY":0.32}}],"name":"chedst5"},{"frame":[{"duration":10,"transform":{},"tweenEasing":0},{"duration":5,"curve":[0.25,0,0,1],"transform":{"y":22.55,"x":-29.84}},{"duration":15,"transform":{"y":-4.85,"x":-33.82}},{"duration":5,"curve":[0.25,0,0,1],"transform":{"y":-4.85,"x":-33.82}},{"duration":10,"curve":[0.25,0,0.75,1],"transform":{"y":-33.26,"x":-25.25}},{"duration":0,"transform":{}}],"name":"IKFin"},{"frame":[{"duration":10,"transform":{"skX":0.35,"skY":0.35},"tweenEasing":0},{"duration":5,"curve":[0.25,0,0,1],"transform":{"skX":-29.54,"skY":-29.54}},{"duration":15,"transform":{"skX":-3.99,"skY":-3.99}},{"duration":5,"curve":[0.25,0,0,1],"transform":{"skX":-3.99,"skY":-3.99}},{"duration":10,"curve":[0.25,0,0.75,1],"transform":{"skX":4.39,"skY":4.39}},{"duration":0,"transform":{"skX":0.35,"skY":0.35}}],"name":"fin"},{"frame":[{"duration":10,"transform":{}},{"duration":5,"curve":[0.25,0,0,1],"transform":{}},{"duration":15,"transform":{"skX":-136.9,"skY":-136.9,"y":-24.06,"x":-14.92}},{"duration":5,"transform":{"skX":-136.9,"skY":-136.9,"y":-24.06,"x":-14.92}},{"duration":10,"curve":[0.25,0,0.75,1],"transform":{"skX":-136.9,"skY":-136.9,"y":-24.06,"x":-14.92}},{"duration":0,"transform":{}}],"name":"FinLeft"},{"frame":[{"duration":10,"transform":{}},{"duration":5,"curve":[0.25,0,0,1],"transform":{}},{"duration":15,"transform":{"x":-35.38}},{"duration":5,"transform":{"x":-35.38}},{"duration":10,"curve":[0.25,0,0.75,1],"transform":{"x":-35.38}},{"duration":0,"transform":{}}],"name":"IKlegLeft"},{"frame":[{"duration":10,"transform":{"skX":2.39,"skY":2.39},"tweenEasing":0},{"duration":5,"curve":[0.25,0,0,1],"transform":{"skX":25.1,"skY":25.1,"x":8.2}},{"duration":15,"transform":{"skX":30.1,"skY":30.1,"x":8.2}},{"duration":5,"curve":[0.25,0,0,1],"transform":{"skX":30.1,"skY":30.1,"x":8.2}},{"duration":10,"curve":[0.25,0,0.75,1],"transform":{"skX":49.19,"skY":49.19,"x":8.2}},{"duration":0,"transform":{"skX":2.39,"skY":2.39}}],"name":"mid2"},{"frame":[{"duration":10,"transform":{"skX":-4.51,"skY":-4.51},"tweenEasing":0},{"duration":5,"curve":[0.25,0,0,1],"transform":{"skX":-37.07,"skY":-37.07}},{"duration":15,"transform":{"skX":-17.5,"skY":-17.5}},{"duration":5,"curve":[0.25,0,0,1],"transform":{"skX":-17.5,"skY":-17.5}},{"duration":10,"curve":[0.25,0,0.75,1],"transform":{"skX":-69.9,"skY":-69.9}},{"duration":0,"transform":{"skX":-4.51,"skY":-4.51}}],"name":"mid3"},{"frame":[{"duration":10,"transform":{}},{"duration":5,"transform":{}},{"duration":15,"transform":{}},{"duration":5,"curve":[0.25,0,0,1],"transform":{}},{"duration":10,"curve":[0.25,0,0.75,1],"transform":{"x":-19.39}},{"duration":0,"transform":{}}],"name":"IKLegRight"},{"frame":[{"duration":10,"transform":{"skX":1.53,"skY":1.53},"tweenEasing":0},{"duration":5,"curve":[0.25,0,0,1],"transform":{"skX":11.81,"skY":11.81}},{"duration":15,"transform":{"skX":-7.71,"skY":-7.71}},{"duration":5,"curve":[0.25,0,0,1],"transform":{"skX":-7.71,"skY":-7.71}},{"duration":10,"curve":[0.25,0,0.75,1],"transform":{"skX":0.14,"skY":0.14}},{"duration":0,"transform":{"skX":1.53,"skY":1.53}}],"name":"mid4"},{"frame":[{"duration":10,"transform":{"skX":-3.28,"skY":-3.28},"tweenEasing":0},{"duration":5,"curve":[0.25,0,0,1],"transform":{"skX":-35.32,"skY":-35.32}},{"duration":15,"transform":{"skX":-20.17,"skY":-20.17}},{"duration":5,"curve":[0.25,0,0,1],"transform":{"skX":-20.17,"skY":-20.17}},{"duration":10,"curve":[0.25,0,0.75,1],"transform":{"skX":-40.23,"skY":-40.23}},{"duration":0,"transform":{"skX":-3.28,"skY":-3.28}}],"name":"mid5"},{"frame":[{"duration":10,"transform":{}},{"duration":5,"curve":[0.25,0,0,1],"transform":{}},{"duration":15,"transform":{"scX":1.26}},{"duration":5,"transform":{"scX":1.26}},{"duration":10,"curve":[0.25,0,0.75,1],"transform":{"scX":1.26}},{"duration":0,"transform":{}}],"name":"shadow"},{"frame":[{"duration":10,"transform":{}},{"duration":5,"transform":{}},{"duration":15,"transform":{}},{"duration":5,"transform":{}},{"duration":10,"transform":{}},{"duration":0,"transform":{}}],"name":"bone"},{"frame":[{"duration":10,"transform":{}},{"duration":5,"transform":{}},{"duration":15,"transform":{}},{"duration":5,"transform":{}},{"duration":10,"transform":{}},{"duration":0,"transform":{}}],"name":"bone10"},{"frame":[{"duration":10,"transform":{},"tweenEasing":0},{"duration":5,"curve":[0.25,0,0,1],"transform":{"y":-0.92,"x":-13.97}},{"duration":15,"transform":{"y":11.34,"x":-27.03}},{"duration":5,"curve":[0.25,0,0,1],"transform":{"y":11.34,"x":-27.03}},{"duration":10,"curve":[0.25,0,0.75,1],"transform":{"skX":43.57,"skY":43.57,"y":1.26,"x":-58.84}},{"duration":0,"transform":{}}],"name":"skirtL"},{"frame":[{"duration":10,"transform":{"skX":-0.04,"skY":-0.04},"tweenEasing":0},{"duration":5,"curve":[0.25,0,0,1],"transform":{"skX":19.81,"skY":19.81,"y":-4.97,"x":6.59}},{"duration":15,"transform":{"skX":2.82,"skY":2.82,"y":-4.97,"x":6.59}},{"duration":5,"curve":[0.25,0,0,1],"transform":{"skX":2.82,"skY":2.82,"y":-4.97,"x":6.59}},{"duration":10,"curve":[0.25,0,0.75,1],"transform":{"skX":11.44,"skY":11.44,"y":-15.53,"x":21.16}},{"duration":0,"transform":{"skX":-0.04,"skY":-0.04}}],"name":"chedst2"},{"frame":[{"duration":10,"transform":{}},{"duration":5,"transform":{}},{"duration":15,"transform":{}},{"duration":5,"curve":[0.25,0,0,1],"transform":{}},{"duration":10,"curve":[0.25,0,0.75,1],"transform":{"y":16.24,"x":-13.98}},{"duration":0,"transform":{}}],"name":"SkirtR"},{"frame":[{"duration":10,"transform":{"skX":0.05,"skY":0.05},"tweenEasing":0},{"duration":5,"curve":[0.25,0,0,1],"transform":{"skX":-32.37,"skY":-32.37}},{"duration":15,"transform":{"skX":-33.51,"skY":-33.51,"y":15.04,"x":7.07}},{"duration":5,"curve":[0.25,0,0,1],"transform":{"skX":-33.51,"skY":-33.51,"y":15.04,"x":7.07}},{"duration":10,"curve":[0.25,0,0.75,1],"transform":{"skX":-8.85,"skY":-8.85,"y":15.04,"x":7.07}},{"duration":0,"transform":{"skX":0.05,"skY":0.05}}],"name":"chedst6"},{"frame":[{"duration":10,"transform":{},"tweenEasing":0},{"duration":5,"transform":{}},{"duration":15,"transform":{}},{"duration":5,"transform":{}},{"duration":10,"transform":{}}],"name":"bone2"},{"frame":[{"duration":10,"transform":{},"tweenEasing":0},{"duration":5,"transform":{}},{"duration":15,"transform":{}},{"duration":5,"transform":{}},{"duration":10,"transform":{}}],"name":"bone3"},{"frame":[{"duration":10,"transform":{},"tweenEasing":0},{"duration":5,"transform":{}},{"duration":15,"transform":{}},{"duration":5,"transform":{}},{"duration":10,"transform":{}}],"name":"bone4"},{"frame":[{"duration":10,"transform":{},"tweenEasing":0},{"duration":5,"transform":{}},{"duration":15,"transform":{}},{"duration":5,"transform":{}},{"duration":10,"transform":{}}],"name":"bone5"},{"frame":[{"duration":10,"transform":{},"tweenEasing":0},{"duration":5,"transform":{}},{"duration":15,"transform":{}},{"duration":5,"transform":{}},{"duration":10,"transform":{}}],"name":"bone6"},{"frame":[{"duration":10,"transform":{},"tweenEasing":0},{"duration":5,"transform":{}},{"duration":15,"transform":{}},{"duration":5,"transform":{}},{"duration":10,"transform":{}}],"name":"bone7"},{"frame":[{"duration":10,"transform":{},"tweenEasing":0},{"duration":5,"transform":{}},{"duration":15,"transform":{}},{"duration":5,"transform":{}},{"duration":10,"transform":{}}],"name":"bone8"},{"frame":[{"duration":10,"transform":{},"tweenEasing":0},{"duration":5,"transform":{}},{"duration":15,"transform":{}},{"duration":5,"transform":{}},{"duration":10,"transform":{}}],"name":"bone9"},{"frame":[{"duration":10,"transform":{},"tweenEasing":0},{"duration":5,"transform":{}},{"duration":15,"transform":{}},{"duration":5,"transform":{}},{"duration":10,"transform":{}}],"name":"bone11"}],"duration":45,"slot":[],"name":"Attack B","ik":[]},{"frame":[],"ffd":[],"bone":[{"frame":[{"duration":10,"transform":{}},{"duration":5,"transform":{}},{"duration":15,"transform":{}},{"duration":5,"transform":{}},{"duration":15,"transform":{}},{"duration":0,"transform":{}}],"name":"root"},{"frame":[{"duration":10,"transform":{},"tweenEasing":0},{"duration":5,"curve":[0.25,0,0,1],"transform":{"y":7.49,"x":-3.3}},{"duration":8,"curve":[0.248,0,0.628,0.52],"transform":{"y":16.48,"x":-19.73}},{"duration":7,"curve":[0.378,0.52,0.748,1],"transform":{"y":14.68,"x":-19.73}},{"duration":5,"curve":[0.25,0,0,1],"transform":{"y":16.48,"x":-19.73}},{"duration":15,"curve":[0.25,0,0.75,1],"transform":{"y":20.99,"x":-37.32}},{"duration":0,"transform":{}}],"name":"mid"},{"frame":[{"duration":10,"transform":{}},{"duration":5,"transform":{}},{"duration":15,"transform":{}},{"duration":5,"transform":{}},{"duration":15,"transform":{}},{"duration":0,"transform":{}}],"name":"chedst"},{"frame":[{"duration":10,"transform":{}},{"duration":5,"transform":{}},{"duration":15,"transform":{}},{"duration":5,"transform":{}},{"duration":15,"transform":{}},{"duration":0,"transform":{}}],"name":"head"},{"frame":[{"duration":10,"transform":{},"tweenEasing":0},{"duration":5,"curve":[0.25,0,0,1],"transform":{"y":-75.04,"x":28.41}},{"duration":5,"curve":[0.25,0,0.75,1],"transform":{"y":30.84,"x":-11.47}},{"duration":5,"curve":[0.25,0,0.75,1],"transform":{"y":-0.03,"x":-34.09}},{"duration":5,"curve":[0.25,0,0.75,1],"transform":{"y":2.48,"x":20.12}},{"duration":5,"curve":[0.25,0,0,1],"transform":{"y":40.9,"x":3.61}},{"duration":15,"curve":[0.25,0,0.75,1],"transform":{"y":-20.89,"x":-93.81}},{"duration":0,"transform":{}}],"name":"IKArmRight"},{"frame":[{"duration":10,"transform":{"skX":0.58,"skY":0.58},"tweenEasing":0},{"duration":5,"curve":[0.25,0,0,1],"transform":{"skX":106.6,"skY":106.6}},{"duration":15,"curve":[0.25,0,0.75,1],"transform":{"skX":69.92,"skY":69.92}},{"duration":5,"curve":[0.25,0,0,1],"transform":{"skX":-36.57,"skY":-36.57}},{"duration":15,"curve":[0.25,0,0.75,1],"transform":{"skX":74.92,"skY":74.92}},{"duration":0,"transform":{"skX":0.58,"skY":0.58}}],"name":"armLeft"},{"frame":[{"duration":10,"transform":{"skX":-0.51,"skY":-0.51},"tweenEasing":0},{"duration":5,"curve":[0.25,0,0,1],"transform":{"skX":-20.36,"skY":-20.36}},{"duration":15,"curve":[0.25,0,0.75,1],"transform":{"skX":-82.11,"skY":-82.11}},{"duration":5,"curve":[0.25,0,0,1],"transform":{"skX":2.27,"skY":2.27}},{"duration":15,"curve":[0.25,0,0.75,1],"transform":{"skX":-82.11,"skY":-82.11}},{"duration":0,"transform":{"skX":-0.51,"skY":-0.51}}],"name":"chedst3"},{"frame":[{"duration":10,"transform":{}},{"duration":5,"curve":[0.25,0,0,1],"transform":{}},{"duration":15,"transform":{"skX":33.85,"skY":33.85}},{"duration":5,"transform":{"skX":33.85,"skY":33.85}},{"duration":15,"curve":[0.25,0,0.75,1],"transform":{"skX":33.85,"skY":33.85}},{"duration":0,"transform":{}}],"name":"chedst4"},{"frame":[{"duration":10,"transform":{},"tweenEasing":0},{"duration":5,"curve":[0.25,0,0,1],"transform":{"y":2.78,"x":-44.42}},{"duration":15,"transform":{"y":6.09,"x":-13.03}},{"duration":5,"curve":[0.25,0,0,1],"transform":{"y":6.09,"x":-13.03}},{"duration":15,"curve":[0.25,0,0.75,1],"transform":{"y":-1.13,"x":-14.39}},{"duration":0,"transform":{}}],"name":"IKArmLeft"},{"frame":[{"duration":10,"transform":{"skX":-0.13,"skY":-0.13},"tweenEasing":0},{"duration":5,"curve":[0.25,0,0,1],"transform":{"skX":25.44,"skY":25.44}},{"duration":15,"transform":{"skX":-18.52,"skY":-18.52}},{"duration":5,"curve":[0.25,0,0,1],"transform":{"skX":-18.52,"skY":-18.52}},{"duration":15,"curve":[0.25,0,0.75,1],"transform":{"skX":-32.56,"skY":-32.56}},{"duration":0,"transform":{"skX":-0.13,"skY":-0.13}}],"name":"arm Right"},{"frame":[{"duration":10,"transform":{"skX":0.32,"skY":0.32},"tweenEasing":0},{"duration":5,"curve":[0.25,0,0,1],"transform":{"skX":24.79,"skY":24.79}},{"duration":15,"transform":{"skX":15.51,"skY":15.51}},{"duration":5,"curve":[0.25,0,0,1],"transform":{"skX":15.51,"skY":15.51}},{"duration":15,"curve":[0.25,0,0.75,1],"transform":{"skX":7.23,"skY":7.23}},{"duration":0,"transform":{"skX":0.32,"skY":0.32}}],"name":"chedst5"},{"frame":[{"duration":10,"transform":{},"tweenEasing":0},{"duration":5,"curve":[0.25,0,0,1],"transform":{"y":22.55,"x":-29.84}},{"duration":15,"transform":{"y":-4.85,"x":-33.82}},{"duration":5,"curve":[0.25,0,0,1],"transform":{"y":-4.85,"x":-33.82}},{"duration":15,"curve":[0.25,0,0.75,1],"transform":{"y":-33.26,"x":-25.25}},{"duration":0,"transform":{}}],"name":"IKFin"},{"frame":[{"duration":10,"transform":{"skX":0.35,"skY":0.35},"tweenEasing":0},{"duration":5,"curve":[0.25,0,0,1],"transform":{"skX":-29.54,"skY":-29.54}},{"duration":15,"transform":{"skX":-3.99,"skY":-3.99}},{"duration":5,"curve":[0.25,0,0,1],"transform":{"skX":-3.99,"skY":-3.99}},{"duration":15,"curve":[0.25,0,0.75,1],"transform":{"skX":4.39,"skY":4.39}},{"duration":0,"transform":{"skX":0.35,"skY":0.35}}],"name":"fin"},{"frame":[{"duration":10,"transform":{}},{"duration":5,"curve":[0.25,0,0,1],"transform":{}},{"duration":15,"transform":{"skX":-136.9,"skY":-136.9,"y":-24.06,"x":-14.92}},{"duration":5,"transform":{"skX":-136.9,"skY":-136.9,"y":-24.06,"x":-14.92}},{"duration":15,"curve":[0.25,0,0.75,1],"transform":{"skX":-136.9,"skY":-136.9,"y":-24.06,"x":-14.92}},{"duration":0,"transform":{}}],"name":"FinLeft"},{"frame":[{"duration":10,"transform":{}},{"duration":5,"curve":[0.25,0,0,1],"transform":{}},{"duration":15,"transform":{"x":-35.38}},{"duration":5,"transform":{"x":-35.38}},{"duration":15,"curve":[0.25,0,0.75,1],"transform":{"x":-35.38}},{"duration":0,"transform":{}}],"name":"IKlegLeft"},{"frame":[{"duration":10,"transform":{"skX":2.39,"skY":2.39},"tweenEasing":0},{"duration":5,"curve":[0.25,0,0,1],"transform":{"skX":25.1,"skY":25.1,"x":8.2}},{"duration":15,"transform":{"skX":30.1,"skY":30.1,"x":8.2}},{"duration":5,"curve":[0.25,0,0,1],"transform":{"skX":30.1,"skY":30.1,"x":8.2}},{"duration":15,"curve":[0.25,0,0.75,1],"transform":{"skX":49.19,"skY":49.19,"x":8.2}},{"duration":0,"transform":{"skX":2.39,"skY":2.39}}],"name":"mid2"},{"frame":[{"duration":10,"transform":{"skX":-4.51,"skY":-4.51},"tweenEasing":0},{"duration":5,"curve":[0.25,0,0,1],"transform":{"skX":-37.07,"skY":-37.07}},{"duration":15,"transform":{"skX":-17.5,"skY":-17.5}},{"duration":5,"curve":[0.25,0,0,1],"transform":{"skX":-17.5,"skY":-17.5}},{"duration":15,"curve":[0.25,0,0.75,1],"transform":{"skX":-69.9,"skY":-69.9}},{"duration":0,"transform":{"skX":-4.51,"skY":-4.51}}],"name":"mid3"},{"frame":[{"duration":10,"transform":{}},{"duration":5,"transform":{}},{"duration":15,"transform":{}},{"duration":5,"curve":[0.25,0,0,1],"transform":{}},{"duration":15,"curve":[0.25,0,0.75,1],"transform":{"x":-19.39}},{"duration":0,"transform":{}}],"name":"IKLegRight"},{"frame":[{"duration":10,"transform":{"skX":1.53,"skY":1.53},"tweenEasing":0},{"duration":5,"curve":[0.25,0,0,1],"transform":{"skX":11.81,"skY":11.81}},{"duration":15,"transform":{"skX":-7.71,"skY":-7.71}},{"duration":5,"curve":[0.25,0,0,1],"transform":{"skX":-7.71,"skY":-7.71}},{"duration":15,"curve":[0.25,0,0.75,1],"transform":{"skX":0.14,"skY":0.14}},{"duration":0,"transform":{"skX":1.53,"skY":1.53}}],"name":"mid4"},{"frame":[{"duration":10,"transform":{"skX":-3.28,"skY":-3.28},"tweenEasing":0},{"duration":5,"curve":[0.25,0,0,1],"transform":{"skX":-35.32,"skY":-35.32}},{"duration":15,"transform":{"skX":-20.17,"skY":-20.17}},{"duration":5,"curve":[0.25,0,0,1],"transform":{"skX":-20.17,"skY":-20.17}},{"duration":15,"curve":[0.25,0,0.75,1],"transform":{"skX":-40.23,"skY":-40.23}},{"duration":0,"transform":{"skX":-3.28,"skY":-3.28}}],"name":"mid5"},{"frame":[{"duration":10,"transform":{}},{"duration":5,"curve":[0.25,0,0,1],"transform":{}},{"duration":15,"transform":{"scX":1.26}},{"duration":5,"transform":{"scX":1.26}},{"duration":15,"curve":[0.25,0,0.75,1],"transform":{"scX":1.26}},{"duration":0,"transform":{}}],"name":"shadow"},{"frame":[{"duration":10,"transform":{}},{"duration":5,"transform":{}},{"duration":15,"transform":{}},{"duration":5,"curve":[0.25,0,0,1],"transform":{}},{"duration":15,"curve":[0.25,0,0.75,1],"transform":{"x":-356.4}},{"duration":0,"transform":{}}],"name":"bone"},{"frame":[{"duration":10,"transform":{}},{"duration":5,"transform":{}},{"duration":15,"transform":{}},{"duration":5,"curve":[0.25,0,0,1],"transform":{}},{"duration":15,"curve":[0.25,0,0.75,1],"transform":{"x":-595}},{"duration":0,"transform":{}}],"name":"bone10"},{"frame":[{"duration":10,"transform":{},"tweenEasing":0},{"duration":5,"curve":[0.25,0,0,1],"transform":{"y":-0.92,"x":-13.97}},{"duration":15,"transform":{"y":11.34,"x":-27.03}},{"duration":5,"curve":[0.25,0,0,1],"transform":{"y":11.34,"x":-27.03}},{"duration":15,"curve":[0.25,0,0.75,1],"transform":{"skX":43.57,"skY":43.57,"y":1.26,"x":-58.84}},{"duration":0,"transform":{}}],"name":"skirtL"},{"frame":[{"duration":10,"transform":{"skX":-0.04,"skY":-0.04},"tweenEasing":0},{"duration":5,"curve":[0.25,0,0,1],"transform":{"skX":19.81,"skY":19.81,"y":-4.97,"x":6.59}},{"duration":15,"transform":{"skX":2.82,"skY":2.82,"y":-4.97,"x":6.59}},{"duration":5,"curve":[0.25,0,0,1],"transform":{"skX":2.82,"skY":2.82,"y":-4.97,"x":6.59}},{"duration":15,"curve":[0.25,0,0.75,1],"transform":{"skX":11.44,"skY":11.44,"y":-15.53,"x":21.16}},{"duration":0,"transform":{"skX":-0.04,"skY":-0.04}}],"name":"chedst2"},{"frame":[{"duration":10,"transform":{}},{"duration":5,"transform":{}},{"duration":15,"transform":{}},{"duration":5,"curve":[0.25,0,0,1],"transform":{}},{"duration":15,"curve":[0.25,0,0.75,1],"transform":{"y":16.24,"x":-13.98}},{"duration":0,"transform":{}}],"name":"SkirtR"},{"frame":[{"duration":10,"transform":{"skX":0.05,"skY":0.05},"tweenEasing":0},{"duration":5,"curve":[0.25,0,0,1],"transform":{"skX":-32.37,"skY":-32.37}},{"duration":15,"transform":{"skX":-33.51,"skY":-33.51,"y":15.04,"x":7.07}},{"duration":5,"curve":[0.25,0,0,1],"transform":{"skX":-33.51,"skY":-33.51,"y":15.04,"x":7.07}},{"duration":15,"curve":[0.25,0,0.75,1],"transform":{"skX":-8.85,"skY":-8.85,"y":15.04,"x":7.07}},{"duration":0,"transform":{"skX":0.05,"skY":0.05}}],"name":"chedst6"},{"frame":[{"duration":10,"transform":{},"tweenEasing":0},{"duration":5,"transform":{}},{"duration":15,"transform":{}},{"duration":5,"curve":[0.25,0,0,1],"transform":{}},{"duration":10,"transform":{"x":-526.72},"tweenEasing":0},{"duration":5,"transform":{"x":-362.12}}],"name":"bone2"},{"frame":[{"duration":10,"transform":{},"tweenEasing":0},{"duration":5,"transform":{}},{"duration":15,"transform":{}},{"duration":5,"curve":[0.25,0,0,1],"transform":{}},{"duration":10,"curve":[0.0625,0,0.9375,1],"transform":{"x":-582.47}},{"duration":5,"transform":{"x":-121.74}}],"name":"bone3"},{"frame":[{"duration":10,"transform":{},"tweenEasing":0},{"duration":5,"transform":{}},{"duration":15,"transform":{}},{"duration":5,"curve":[0.25,0,0,1],"transform":{}},{"duration":10,"curve":[0.0625,0,0.9375,1],"transform":{"x":-597.05}},{"duration":5,"transform":{"x":-287.23}}],"name":"bone4"},{"frame":[{"duration":10,"transform":{},"tweenEasing":0},{"duration":5,"transform":{}},{"duration":15,"transform":{}},{"duration":5,"curve":[0.25,0,0,1],"transform":{}},{"duration":10,"curve":[0.0625,0,0.9375,1],"transform":{"x":-634.54}},{"duration":5,"transform":{"x":-251.97}}],"name":"bone5"},{"frame":[{"duration":10,"transform":{},"tweenEasing":0},{"duration":5,"transform":{}},{"duration":15,"transform":{}},{"duration":5,"curve":[0.25,0,0,1],"transform":{}},{"duration":10,"curve":[0.0625,0,0.9375,1],"transform":{"y":-73.83,"x":-480.24}},{"duration":5,"transform":{"y":-73.83,"x":-282.22}}],"name":"bone6"},{"frame":[{"duration":10,"transform":{},"tweenEasing":0},{"duration":5,"transform":{}},{"duration":15,"transform":{}},{"duration":5,"curve":[0.25,0,0,1],"transform":{}},{"duration":10,"curve":[0.0625,0,0.9375,1],"transform":{"x":-816.33}},{"duration":5,"transform":{"x":-446.84}}],"name":"bone7"},{"frame":[{"duration":10,"transform":{},"tweenEasing":0},{"duration":5,"transform":{}},{"duration":15,"transform":{}},{"duration":5,"curve":[0.25,0,0,1],"transform":{}},{"duration":10,"curve":[0.0625,0,0.9375,1],"transform":{"x":-599.24}},{"duration":5,"transform":{"x":-237.65}}],"name":"bone8"},{"frame":[{"duration":10,"transform":{},"tweenEasing":0},{"duration":5,"transform":{}},{"duration":15,"transform":{}},{"duration":5,"curve":[0.25,0,0,1],"transform":{}},{"duration":10,"curve":[0.0625,0,0.9375,1],"transform":{"x":-729.74}},{"duration":5,"transform":{"x":-327.86}}],"name":"bone9"},{"frame":[{"duration":10,"transform":{},"tweenEasing":0},{"duration":5,"transform":{}},{"duration":15,"transform":{}},{"duration":5,"curve":[0.25,0,0,1],"transform":{}},{"duration":10,"curve":[0.0625,0,0.9375,1],"transform":{"x":-749.75}},{"duration":5,"transform":{"x":-421.69}}],"name":"bone11"}],"duration":50,"slot":[{"frame":[{"displayIndex":-1,"duration":30,"tweenEasing":0},{"duration":5,"tweenEasing":0},{"duration":10,"tweenEasing":0},{"duration":5,"color":{"aM":0},"tweenEasing":null}],"name":"Betafish"},{"frame":[{"displayIndex":-1,"duration":30,"tweenEasing":0},{"duration":5,"tweenEasing":0},{"duration":10,"tweenEasing":0},{"duration":5,"color":{"aM":0},"tweenEasing":null}],"name":"arman"},{"frame":[{"displayIndex":-1,"duration":30,"tweenEasing":0},{"duration":5,"tweenEasing":0},{"duration":10,"tweenEasing":0},{"duration":5,"color":{"aM":0},"tweenEasing":null}],"name":"armes"},{"frame":[{"displayIndex":-1,"duration":30,"tweenEasing":0},{"duration":5,"tweenEasing":0},{"duration":10,"tweenEasing":0},{"duration":5,"color":{"aM":0},"tweenEasing":null}],"name":"armon"},{"frame":[{"displayIndex":-1,"duration":30,"tweenEasing":0},{"duration":5,"tweenEasing":0},{"duration":10,"tweenEasing":0},{"duration":5,"color":{"aM":0},"tweenEasing":null}],"name":"bIG fISH"},{"frame":[{"displayIndex":-1,"duration":30,"tweenEasing":0},{"duration":5,"tweenEasing":0},{"curve":[0.25,0,0.75,1],"duration":10},{"duration":5,"color":{"aM":0},"tweenEasing":null}],"name":"bIOFISH"},{"frame":[{"displayIndex":-1,"duration":30,"tweenEasing":0},{"duration":5,"tweenEasing":0},{"curve":[0.25,0,0.75,1],"duration":10},{"duration":5,"color":{"aM":0},"tweenEasing":null}],"name":"bdraon"},{"frame":[{"displayIndex":-1,"duration":30,"tweenEasing":0},{"duration":5,"tweenEasing":0},{"duration":10,"tweenEasing":0},{"duration":5,"color":{"aM":0},"tweenEasing":null}],"name":"dark star"},{"frame":[{"displayIndex":-1,"duration":30,"tweenEasing":0},{"duration":5,"tweenEasing":0},{"duration":10,"tweenEasing":0},{"duration":5,"color":{"aM":0},"tweenEasing":null}],"name":"fisha"},{"frame":[{"displayIndex":-1,"duration":30,"tweenEasing":0},{"duration":5,"tweenEasing":0},{"duration":10,"tweenEasing":0},{"duration":5,"color":{"aM":0},"tweenEasing":null}],"name":"fishb"},{"frame":[{"displayIndex":-1,"duration":30,"tweenEasing":0},{"duration":5,"tweenEasing":0},{"curve":[0.25,0,0.75,1],"duration":10},{"duration":5,"color":{"aM":0},"tweenEasing":null}],"name":"fishc"}],"name":"Attack C","ik":[]},{"frame":[],"ffd":[],"bone":[{"frame":[{"duration":30,"transform":{}},{"duration":0,"transform":{}}],"name":"root"},{"frame":[{"duration":10,"curve":[0.25,0,0,1],"transform":{}},{"duration":20,"curve":[0.25,0,0.75,1],"transform":{"y":5.66,"x":12.74}},{"duration":0,"transform":{}}],"name":"mid"},{"frame":[{"duration":30,"transform":{}},{"duration":0,"transform":{}}],"name":"chedst"},{"frame":[{"duration":30,"transform":{}},{"duration":0,"transform":{}}],"name":"head"},{"frame":[{"duration":10,"curve":[0.25,0,0,1],"transform":{}},{"duration":20,"curve":[0.25,0,0.75,1],"transform":{"y":11.8,"x":18.88}},{"duration":0,"transform":{}}],"name":"IKArmRight"},{"frame":[{"duration":30,"transform":{"skX":0.58,"skY":0.58}},{"duration":0,"transform":{"skX":0.58,"skY":0.58}}],"name":"armLeft"},{"frame":[{"duration":30,"transform":{"skX":-0.51,"skY":-0.51}},{"duration":0,"transform":{"skX":-0.51,"skY":-0.51}}],"name":"chedst3"},{"frame":[{"duration":30,"transform":{}},{"duration":0,"transform":{}}],"name":"chedst4"},{"frame":[{"duration":30,"transform":{}},{"duration":0,"transform":{}}],"name":"IKArmLeft"},{"frame":[{"duration":30,"transform":{"skX":-0.13,"skY":-0.13}},{"duration":0,"transform":{"skX":-0.13,"skY":-0.13}}],"name":"arm Right"},{"frame":[{"duration":30,"transform":{"skX":0.32,"skY":0.32}},{"duration":0,"transform":{"skX":0.32,"skY":0.32}}],"name":"chedst5"},{"frame":[{"duration":30,"transform":{}},{"duration":0,"transform":{}}],"name":"IKFin"},{"frame":[{"duration":30,"transform":{"skX":0.35,"skY":0.35}},{"duration":0,"transform":{"skX":0.35,"skY":0.35}}],"name":"fin"},{"frame":[{"duration":30,"transform":{}},{"duration":0,"transform":{}}],"name":"FinLeft"},{"frame":[{"duration":30,"transform":{}},{"duration":0,"transform":{}}],"name":"IKlegLeft"},{"frame":[{"duration":30,"transform":{"skX":2.39,"skY":2.39}},{"duration":0,"transform":{"skX":2.39,"skY":2.39}}],"name":"mid2"},{"frame":[{"duration":30,"transform":{"skX":-4.51,"skY":-4.51}},{"duration":0,"transform":{"skX":-4.51,"skY":-4.51}}],"name":"mid3"},{"frame":[{"duration":30,"transform":{}},{"duration":0,"transform":{}}],"name":"IKLegRight"},{"frame":[{"duration":30,"transform":{"skX":1.53,"skY":1.53}},{"duration":0,"transform":{"skX":1.53,"skY":1.53}}],"name":"mid4"},{"frame":[{"duration":30,"transform":{"skX":-3.28,"skY":-3.28}},{"duration":0,"transform":{"skX":-3.28,"skY":-3.28}}],"name":"mid5"},{"frame":[{"duration":10,"curve":[0.25,0,0,1],"transform":{}},{"duration":20,"curve":[0.25,0,0.75,1],"transform":{"scX":0.9}},{"duration":0,"transform":{}}],"name":"shadow"},{"frame":[{"duration":30,"transform":{}},{"duration":0,"transform":{}}],"name":"bone"},{"frame":[{"duration":30,"transform":{}},{"duration":0,"transform":{}}],"name":"bone2"},{"frame":[{"duration":30,"transform":{}},{"duration":0,"transform":{}}],"name":"bone3"},{"frame":[{"duration":30,"transform":{}},{"duration":0,"transform":{}}],"name":"bone6"},{"frame":[{"duration":30,"transform":{}},{"duration":0,"transform":{}}],"name":"bone10"},{"frame":[{"duration":30,"transform":{}},{"duration":0,"transform":{}}],"name":"skirtL"},{"frame":[{"duration":30,"transform":{"skX":-0.04,"skY":-0.04}},{"duration":0,"transform":{"skX":-0.04,"skY":-0.04}}],"name":"chedst2"},{"frame":[{"duration":30,"transform":{}},{"duration":0,"transform":{}}],"name":"SkirtR"},{"frame":[{"duration":30,"transform":{"skX":0.05,"skY":0.05}},{"duration":0,"transform":{"skX":0.05,"skY":0.05}}],"name":"chedst6"},{"frame":[{"duration":30,"transform":{}}],"name":"bone5"},{"frame":[{"duration":30,"transform":{}}],"name":"bone7"},{"frame":[{"duration":30,"transform":{}}],"name":"bone4"},{"frame":[{"duration":30,"transform":{}}],"name":"bone11"},{"frame":[{"duration":30,"transform":{}}],"name":"bone8"},{"frame":[{"duration":30,"transform":{}}],"name":"bone9"}],"duration":30,"slot":[],"name":"Damage","ik":[]},{"frame":[],"ffd":[],"bone":[{"frame":[{"duration":60,"transform":{}},{"duration":0,"transform":{}}],"name":"bone"},{"frame":[{"duration":60,"transform":{}},{"duration":0,"transform":{}}],"name":"root"},{"frame":[{"duration":30,"curve":[0.25,0,0.75,1],"transform":{}},{"duration":30,"curve":[0.25,0,0.75,1],"transform":{"y":4.9}},{"duration":0,"transform":{}}],"name":"mid"},{"frame":[{"duration":60,"transform":{}},{"duration":0,"transform":{}}],"name":"chedst"},{"frame":[{"duration":60,"transform":{}},{"duration":0,"transform":{}}],"name":"head"},{"frame":[{"duration":60,"transform":{}},{"duration":0,"transform":{}}],"name":"IKArmRight"},{"frame":[{"duration":60,"transform":{"skX":0.58,"skY":0.58}},{"duration":0,"transform":{"skX":0.58,"skY":0.58}}],"name":"armLeft"},{"frame":[{"duration":60,"transform":{"skX":-0.51,"skY":-0.51}},{"duration":0,"transform":{"skX":-0.51,"skY":-0.51}}],"name":"chedst3"},{"frame":[{"duration":60,"transform":{}},{"duration":0,"transform":{}}],"name":"chedst4"},{"frame":[{"duration":30,"curve":[0.25,0,0.75,1],"transform":{}},{"duration":30,"curve":[0.25,0,0.75,1],"transform":{"y":1.78,"x":-16.43}},{"duration":0,"transform":{}}],"name":"IKArmLeft"},{"frame":[{"duration":60,"transform":{"skX":-0.13,"skY":-0.13}},{"duration":0,"transform":{"skX":-0.13,"skY":-0.13}}],"name":"arm Right"},{"frame":[{"duration":60,"transform":{"skX":0.32,"skY":0.32}},{"duration":0,"transform":{"skX":0.32,"skY":0.32}}],"name":"chedst5"},{"frame":[{"duration":60,"transform":{}},{"duration":0,"transform":{}}],"name":"IKFin"},{"frame":[{"duration":60,"transform":{"skX":0.35,"skY":0.35}},{"duration":0,"transform":{"skX":0.35,"skY":0.35}}],"name":"fin"},{"frame":[{"duration":60,"transform":{}},{"duration":0,"transform":{}}],"name":"FinLeft"},{"frame":[{"duration":60,"transform":{}},{"duration":0,"transform":{}}],"name":"IKlegLeft"},{"frame":[{"duration":30,"curve":[0.25,0,0.75,1],"transform":{"skX":2.39,"skY":2.39}},{"duration":30,"curve":[0.25,0,0.75,1],"transform":{"skX":2.39,"skY":2.39,"x":8.21}},{"duration":0,"transform":{"skX":2.39,"skY":2.39}}],"name":"mid2"},{"frame":[{"duration":60,"transform":{"skX":-4.51,"skY":-4.51}},{"duration":0,"transform":{"skX":-4.51,"skY":-4.51}}],"name":"mid3"},{"frame":[{"duration":60,"transform":{}},{"duration":0,"transform":{}}],"name":"IKLegRight"},{"frame":[{"duration":60,"transform":{"skX":1.53,"skY":1.53}},{"duration":0,"transform":{"skX":1.53,"skY":1.53}}],"name":"mid4"},{"frame":[{"duration":60,"transform":{"skX":-3.28,"skY":-3.28}},{"duration":0,"transform":{"skX":-3.28,"skY":-3.28}}],"name":"mid5"},{"frame":[{"duration":30,"curve":[0.25,0,0.75,1],"transform":{}},{"duration":30,"curve":[0.25,0,0.75,1],"transform":{"scX":1.2}},{"duration":0,"transform":{}}],"name":"shadow"},{"frame":[{"duration":60,"transform":{}},{"duration":0,"transform":{}}],"name":"bone2"},{"frame":[{"duration":60,"transform":{}},{"duration":0,"transform":{}}],"name":"bone3"},{"frame":[{"duration":60,"transform":{}},{"duration":0,"transform":{}}],"name":"bone4"},{"frame":[{"duration":60,"transform":{}},{"duration":0,"transform":{}}],"name":"bone5"},{"frame":[{"duration":60,"transform":{}},{"duration":0,"transform":{}}],"name":"bone6"},{"frame":[{"duration":60,"transform":{}},{"duration":0,"transform":{}}],"name":"bone7"},{"frame":[{"duration":60,"transform":{}},{"duration":0,"transform":{}}],"name":"bone8"},{"frame":[{"duration":60,"transform":{}},{"duration":0,"transform":{}}],"name":"bone9"},{"frame":[{"duration":60,"transform":{}},{"duration":0,"transform":{}}],"name":"bone10"},{"frame":[{"duration":60,"transform":{}},{"duration":0,"transform":{}}],"name":"bone11"},{"frame":[{"duration":60,"transform":{}},{"duration":0,"transform":{}}],"name":"skirtL"},{"frame":[{"duration":60,"transform":{"skX":-0.04,"skY":-0.04}},{"duration":0,"transform":{"skX":-0.04,"skY":-0.04}}],"name":"chedst2"},{"frame":[{"duration":60,"transform":{}},{"duration":0,"transform":{}}],"name":"SkirtR"},{"frame":[{"duration":30,"transform":{"skX":0.05,"skY":0.05}},{"duration":30,"transform":{"skX":0.05,"skY":0.05}},{"duration":0,"transform":{"skX":0.05,"skY":0.05}}],"name":"chedst6"}],"duration":60,"slot":[{"frame":[{"displayIndex":-1,"duration":60,"tweenEasing":0},{"displayIndex":-1,"duration":0,"tweenEasing":null}],"name":"Betafish"}],"name":"Idle","ik":[]}],"skin":[{"name":"","slot":[{"display":[{"path":"Sea Fish C","type":"image","name":"Sea Fish C","transform":{"y":25.9,"x":-6.81}}],"name":"fishc"},{"display":[{"path":"Sea Blue Dragon","type":"image","name":"Sea Blue Dragon","transform":{"y":11.79,"x":1.11}}],"name":"bdraon"},{"display":[{"path":"Boss Big Fish","type":"image","name":"Boss Big Fish","transform":{"y":66.44,"x":-8.17}}],"name":"bIG fISH"},{"display":[{"path":"Sea Beach Dark Star","type":"image","name":"Sea Beach Dark Star","transform":{"y":13.06,"x":8.7}}],"name":"dark star"},{"display":[{"slotPose":[1,0,0,1,0,0],"uvs":[0.65164,0.41081,0.72273,0.28575,0.76559,0.11325,0.75932,0.02959,0.73946,0,0.68091,0.00026,0.51155,0.0477,0.28783,0.18828,0.13101,0.31334,0.0526,0.43668,0.04842,0.52034,0.07246,0.55139,0.02437,0.5764,0.01183,0.62125,0.16996,0.73773,0.20238,0.73488,0.19238,0.80013,0.17888,0.86133,0.14221,0.94333,0.12189,0.98972,0.25916,1,0.36401,1,0.39635,0.95797,0.48059,0.86236,0.53696,0.79361,0.56024,0.87306,0.53448,0.94806,0.64993,0.93331,0.71417,0.89643,0.78236,0.83543,0.83563,0.84718,0.88684,0.78593,0.98411,0.80293,0.98896,0.74118,0.96552,0.67382,0.88915,0.59982,0.7837,0.56032,0.70491,0.58607,0.7078,0.57926,0.73775,0.50864,0.73411,0.42039,0.70381,0.39214,0.62217,0.69563,0.19836,0.5808,0.52808,0.47453,0.34018,0.81285,0.33309,0.68122,0.24091,0.65295,0.40518,0.3663,0.58481,0.12451],"vertices":[-11.22,-55.13,-6.54,-65.14,-3.71,-78.93,-4.12,-85.64,-5.43,-88,-9.3,-87.97,-20.47,-84.18,-35.23,-72.94,-45.59,-62.93,-50.76,-53.07,-51.04,-46.37,-49.45,-43.88,-52.63,-41.89,-53.45,-38.3,-42.89,-29.88,-40.87,-29.21,-41.54,-23.99,-42.42,-19.09,-44.84,-12.53,-46.18,-8.82,-37.13,-8,-30.2,-8,-28.07,-11.36,-22.51,-19.01,-18.79,-24.51,-17.25,-18.16,-18.96,-12.15,-11.33,-13.34,-7.1,-16.28,-2.59,-21.17,0.92,-20.22,4.3,-25.12,10.72,-23.76,11.04,-28.71,9.49,-34.09,4.45,-40.02,-2.5,-43.17,-7.71,-41.12,-7.52,-41.66,-5.54,-47.31,-5.78,-54.37,-7.78,-56.62,-13.16,-32.35,-41.14,-41.53,-19.38,-50.04,-31.78,-22.97,-32.25,-33.51,-38.33,-35.76,-27.49,-58.7,-15.63,-78.03],"path":"Folder 54 Copy 8","weights":[2,22,0.9465,27,0.0535,1,22,1,1,22,1,1,22,1,1,22,1,1,22,1,1,22,1,2,22,0.93808,27,0.06192,2,22,0.62832,27,0.37168,2,22,0.33689,27,0.66311,2,22,0.20051,27,0.79949,2,22,0.12797,27,0.87203,2,22,0.06897,27,0.93103,2,22,0.05352,27,0.94648,2,22,0.00398,27,0.99602,2,22,0.00089,27,0.99911,1,27,1,1,27,1,1,27,1,1,27,1,1,27,1,1,27,1,1,27,1,1,27,1,2,22,0.00124,27,0.99876,1,27,1,1,27,1,1,27,1,1,27,1,2,22,0.00306,27,0.99694,2,22,0.0026,27,0.9974,2,22,0.00522,27,0.99478,2,22,0.00072,27,0.99928,2,22,0.00393,27,0.99607,2,22,0.01568,27,0.98432,2,22,0.05108,27,0.94892,2,22,0.11422,27,0.88578,2,22,0.28169,27,0.71831,2,22,0.35061,27,0.64939,2,22,0.70599,27,0.29401,2,22,0.89062,27,0.10938,2,22,0.90964,27,0.09036,2,22,0.05529,27,0.94471,2,22,0.08237,27,0.91763,2,22,0.92687,27,0.07313,1,27,1,1,27,1,2,22,0.01158,27,0.98842,2,22,0.93081,27,0.06919,1,22,1],"triangles":[34,31,33,33,31,32,35,31,34,36,37,35,42,29,31,37,42,31,35,37,31,29,30,31,49,1,2,24,28,29,42,24,29,24,25,28,5,49,2,5,2,3,4,5,3,44,38,39,0,44,39,40,0,39,41,0,40,48,0,1,49,48,1,25,27,28,6,49,5,44,46,42,48,44,0,25,26,27,7,48,49,46,24,42,6,7,49,43,46,44,45,23,24,46,45,24,48,43,44,45,22,23,8,9,43,43,47,46,17,20,45,45,20,22,7,8,48,8,43,48,20,21,22,46,15,45,47,15,46,16,17,45,15,16,45,9,11,43,17,18,20,9,10,11,18,19,20,14,15,47,43,14,47,13,14,43,11,13,43,12,13,11,37,42,38,44,42,38],"type":"mesh","transform":{},"userEdges":[24,42,42,38,11,43,43,44,44,0,20,45,45,46,15,46,46,47,47,43,43,48,48,49],"width":66,"edges":[13,14,14,15,15,16,16,17,17,18,18,19,19,20,20,21,21,22,22,23,23,24,24,25,25,26,26,27,27,28,28,29,29,30,30,31,31,32,32,33,33,34,34,35,35,36,36,37,37,38,38,39,39,40,40,41,41,0,0,1,1,2,2,3,3,4,4,5,5,6,6,7,7,8,8,9,9,10,10,11,11,12,12,13],"height":80,"name":"Folder 54 Copy 8","bonePose":[22,-0.40178795726384553,0.9157327325141033,-0.9157327325141033,-0.40178795726384553,-8.28,-82.82000000000001,27,-0.34906275921997754,0.9370993491224588,-0.9370993491224588,-0.34906275921997754,-23.67249664277792,-47.73827901738471]}],"name":"Folder 54 Copy 8"},{"display":[{"path":"Sea Fish A","type":"image","name":"Sea Fish A","transform":{"y":7.96,"x":16.23}}],"name":"fisha"},{"display":[{"path":"Layer 81","type":"image","name":"Layer 81","transform":{"y":-0.77,"x":3.23}}],"name":"Layer 81"},{"display":[{"path":"Megapack II Betafish","type":"image","name":"Megapack II Betafish","transform":{"y":12.01,"x":-6.28}}],"name":"Betafish"},{"display":[{"slotPose":[1,0,0,1,0,0],"uvs":[0.01307,0.07905,0,0.17385,0,0.35115,0.05977,0.44305,0.12411,0.42207,0.13189,0.5668,0.22373,0.56536,0.22425,0.6218,0.27562,0.71588,0.22661,0.88484,0.29821,0.96011,0.31014,0.99774,0.33557,1,0.37292,0.98833,0.40302,1,0.43467,0.96951,0.47566,0.95866,0.5016,0.87326,0.54726,0.78353,0.70237,0.87712,0.85751,0.8887,0.93637,0.80331,0.97685,0.64338,0.90628,0.6441,0.89798,0.59995,0.8959,0.52976,0.92185,0.46752,0.89902,0.31555,0.94571,0.26274,0.92185,0.17662,0.98307,0.07748,1,0.06807,1,0.01958,0.90991,0,0.75944,0.05504,0.70392,0.13392,0.58044,0.3228,0.54411,0.36912,0.50624,0.37129,0.47511,0.34089,0.45331,0.27215,0.3644,0.27997,0.31926,0.28503,0.28709,0.26332,0.29436,0.18372,0.27204,0.12293,0.19473,0.05925,0.07143,0.03032,0.13525,0.3538,0.211,0.29519,0.26651,0.44529,0.34998,0.38812,0.4588,0.36005,0.55589,0.58165,0.46317,0.84027,0.46906,0.78177,0.47642,0.57959,0.41534,0.4277,0.26155,0.38049,0.11953,0.15881],"vertices":[-0.86,-121.99,-2.24,-114.78,-2.25,-101.31,4.09,-94.32,10.92,-95.92,11.74,-84.92,21.48,-85.03,21.53,-80.74,26.98,-73.59,21.78,-60.74,29.37,-55.02,30.63,-52.16,33.33,-51.99,37.29,-52.88,40.48,-52,43.83,-54.31,48.18,-55.13,50.93,-61.63,55.77,-68.44,72.21,-61.32,88.65,-60.45,97.01,-66.94,101.3,-79.09,93.83,-79.04,92.94,-82.4,92.72,-87.72,95.47,-92.46,93.06,-104.01,98,-108.02,95.47,-114.57,101.96,-122.1,103.76,-122.82,103.76,-126.5,94.21,-127.99,78.26,-123.81,72.38,-117.81,57.69,-106.48,55.44,-99.94,51.42,-99.78,48.12,-102.08,45.81,-107.31,36.39,-106.72,31.6,-106.33,28.19,-107.99,28.96,-114.03,26.59,-118.65,18.4,-123.49,5.34,-125.69,12.09,-101.1,20.12,-105.56,26.01,-94.16,34.86,-98.5,46.39,-100.63,56.68,-83.79,46.85,-64.13,47.48,-68.58,48.26,-83.94,41.79,-95.49,25.48,-99.08,10.43,-115.93],"path":"Folder 54 Copy 7","weights":[1,24,1,1,24,1,2,24,0.99962,31,0.00038,2,24,0.9883,31,0.0117,2,24,0.9305,31,0.0695,2,24,0.76254,31,0.23746,2,24,0.49033,31,0.50967,2,24,0.27739,31,0.72261,2,24,0.04702,31,0.95298,1,31,1,1,31,1,1,31,1,1,31,1,1,31,1,2,31,0.99699,33,0.00301,2,31,0.97844,33,0.02156,2,31,0.94545,33,0.05455,2,31,0.80792,33,0.19208,2,31,0.31657,33,0.68343,2,31,0.00027,33,0.99973,1,33,1,1,33,1,1,33,1,1,33,1,1,33,1,1,33,1,1,33,1,1,33,1,1,33,1,1,33,1,1,33,1,1,33,1,1,33,1,1,33,1,1,33,1,1,33,1,3,24,0.01331,31,0.03484,33,0.95185,3,24,0.07321,31,0.13331,33,0.79348,3,24,0.23787,31,0.27112,33,0.49101,3,24,0.56048,31,0.23749,33,0.20203,3,24,0.85159,31,0.08208,33,0.06633,2,24,0.99748,33,0.00252,2,24,0.99999,31,0.00001,1,24,1,1,24,1,1,24,1,1,24,1,1,24,1,2,24,0.97174,31,0.02826,2,24,0.99511,31,0.00489,2,24,0.74838,31,0.25162,2,24,0.9945,31,0.0055,3,24,0.55726,31,0.25997,33,0.18278,1,33,1,2,31,0.84032,33,0.15968,2,31,0.72723,33,0.27277,2,31,0.4198,33,0.5802,3,24,0.2687,31,0.6639,33,0.0674,2,24,0.93239,31,0.06761,1,24,1],"triangles":[23,21,22,33,30,32,32,30,31,33,29,30,29,27,28,23,20,21,27,25,26,35,27,29,34,35,29,33,34,29,27,36,25,24,19,23,19,20,23,53,19,24,35,36,27,53,24,25,36,53,25,37,53,36,53,18,19,38,56,53,53,56,18,56,55,18,38,53,37,57,56,38,55,17,18,54,16,17,55,54,17,52,57,38,39,52,38,57,8,56,40,52,39,56,8,55,54,15,16,8,54,55,50,6,8,50,8,57,41,52,40,10,13,54,8,10,54,13,15,54,51,57,52,41,51,52,51,50,57,13,14,15,6,7,8,8,9,10,10,12,13,42,51,41,10,11,12,42,58,51,58,50,51,43,58,42,49,58,43,49,43,44,45,49,44,59,49,45,46,59,45,4,6,50,49,48,58,4,50,58,48,4,58,4,5,6,59,48,49,47,59,46,1,2,59,59,2,48,3,4,48,2,3,48,47,0,59,0,1,59],"type":"mesh","transform":{},"userEdges":[4,48,48,49,49,43,6,50,50,51,51,52,52,38,18,53,53,37,15,54,54,55,55,56,56,57,57,51,51,58,58,49,49,59,59,0],"width":106,"edges":[1,2,2,3,3,4,4,5,5,6,6,7,7,8,8,9,9,10,10,11,11,12,12,13,13,14,14,15,15,16,16,17,17,18,18,19,19,20,20,21,21,22,22,23,23,24,24,25,25,26,26,27,27,28,28,29,29,30,30,31,31,32,32,33,33,34,34,35,35,36,36,37,37,38,38,39,39,40,40,41,41,42,42,43,43,44,44,45,45,46,46,47,47,0,0,1],"height":76,"name":"Folder 54 Copy 7","bonePose":[24,0.8415107819453063,0.5402403204776548,-0.5402403204776548,0.8415107819453063,9.063865637018402,-115.09780544506953,31,-0.04518863418348712,0.9989784719104966,-0.9989784719104966,-0.04518863418348712,39.01375504696822,-96.0010354477172,33,0.9917384636605426,-0.12827634113984687,0.12827634113984687,0.9917384636605426,54.0856043476908,-83.73450135465292]}],"name":"Folder 54 Copy 7"},{"display":[{"slotPose":[1,0,0,1,0,0],"uvs":[0.12787,0.54325,0.05881,0.50257,0,0.45038,0.00323,0.38168,0.03966,0.30622,0.12429,0.20093,0.20301,0.10743,0.26485,0.06849,0.37433,0.03148,0.42738,0.01538,0.50216,0.00435,0.66385,0.00872,0.75752,0.01625,0.85436,0.0728,0.77443,0.18918,0.75738,0.25654,0.8583,0.30815,0.91152,0.36083,0.98246,0.44704,1,0.48816,1,0.54012,0.92993,0.53759,0.81537,0.52417,0.73179,0.53267,0.65621,0.50233,0.59977,0.53723,0.55205,0.58818,0.52356,0.61861,0.56053,0.68863,0.50201,0.72357,0.48483,0.89495,0.43346,0.88185,0.31405,1,0.28205,0.9474,0.24899,0.98396,0.22882,0.99075,0.19998,0.91121,0.16192,0.85604,0.14613,0.82961,0.06065,0.78156,0.07992,0.70963,0.11445,0.66802,0.08546,0.59836,0.11872,0.56181,0.196,0.53673,0.233,0.54692,0.307,0.52179,0.32258,0.54006,0.37165,0.51921,0.37647,0.51357,0.3901,0.50718,0.40646,0.50122,0.42632,0.43486,0.51629,0.54242,0.21752,0.77554,0.22712,0.67515,0.21672,0.62191,0.37432,0.84454,0.39592,0.73275,0.40712,0.66026,0.41752,0.56943,0.17042,0.43496,0.20442,0.33664,0.36642,0.39016,0.16142,0.28857,0.25942,0.18374,0.38342,0.12368,0.31642,0.08326,0.59842,0.22085,0.66342,0.31803,0.50847,0.11155,0.62747,0.10171,0.72746,0.11591,0.74446,0.41292,0.82846,0.41728,0.68747,0.25022,0.68347,0.15959,0.60047,0.14758,0.58547,0.06131,0.69847,0.06349,0.77146,0.08533,0.43847,0.0635,0.52547,0.14867,0.58316,0.42579,0.49316,0.32229,0.39356,0.27119,0.30596,0.22793,0.14876,0.23054,0.09956,0.41533],"vertices":[-37.09,-115.73,-43.64,-119.25,-49.24,-123.79,-48.92,-129.77,-45.46,-136.33,-37.43,-145.5,-29.95,-153.62,-24.07,-157.01,-13.67,-160.24,-8.64,-161.63,-1.53,-162.59,13.83,-162.21,22.73,-161.55,31.93,-156.63,24.34,-146.52,22.72,-140.65,32.31,-136.16,37.36,-131.57,44.1,-124.08,45.76,-120.5,45.77,-115.98,39.11,-116.2,28.22,-117.37,20.28,-116.63,13.1,-119.27,7.74,-116.23,3.21,-111.8,0.5,-109.15,4.02,-103.06,-1.54,-100.02,-3.18,-85.11,-8.06,-86.25,-19.4,-75.97,-22.43,-80.55,-25.58,-77.37,-27.5,-76.77,-30.23,-83.7,-33.85,-88.49,-35.35,-90.79,-43.47,-94.98,-41.64,-101.24,-38.36,-104.85,-41.12,-110.91,-37.96,-114.1,-30.61,-116.29,-27.1,-115.41,-20.07,-117.59,-18.59,-116,-13.93,-117.81,-13.47,-118.3,-12.18,-118.86,-10.62,-119.38,-8.73,-125.14,-0.19,-115.79,-28.57,-95.5,-27.65,-104.24,-28.64,-108.88,-13.68,-89.5,-11.62,-99.23,-10.56,-105.53,-9.57,-113.44,-33.05,-125.14,-29.82,-133.69,-14.42,-129.04,-33.9,-137.87,-24.59,-146.99,-12.81,-152.22,-19.17,-155.72,7.62,-143.76,13.79,-135.31,-0.92,-153.27,10.38,-154.13,19.88,-152.89,21.49,-127.05,29.47,-126.67,16.08,-141.21,15.7,-149.09,7.81,-150.13,6.39,-157.64,17.12,-157.45,24.06,-155.55,-7.58,-157.45,0.68,-150.04,6.16,-125.93,-2.38,-134.94,-11.85,-139.38,-20.17,-143.14,-35.1,-142.91,-39.78,-126.84],"path":"Layer 82","weights":[1,30,1,1,30,1,1,30,1,1,30,1,1,30,1,1,30,1,1,30,1,1,30,1,1,30,1,1,30,1,1,30,1,1,30,1,1,30,1,1,30,1,1,30,1,1,30,1,1,30,1,1,30,1,1,30,1,1,30,1,1,30,1,1,30,1,1,30,1,1,30,1,1,30,1,1,30,1,1,30,1,1,30,1,1,30,1,1,30,1,1,30,1,1,30,1,1,30,1,1,30,1,1,30,1,1,30,1,1,30,1,1,30,1,1,30,1,1,30,1,1,30,1,1,30,1,1,30,1,1,30,1,1,30,1,1,30,1,1,30,1,1,30,1,1,30,1,1,30,1,1,30,1,1,30,1,1,30,1,1,30,1,1,30,1,1,30,1,1,30,1,1,30,1,1,30,1,1,30,1,1,30,1,1,30,1,1,30,1,1,30,1,1,30,1,1,30,1,1,30,1,1,30,1,1,30,1,1,30,1,1,30,1,1,30,1,1,30,1,1,30,1,1,30,1,1,30,1,1,30,1,1,30,1,1,30,1,1,30,1,1,30,1,1,30,1,1,30,1,1,30,1,1,30,1,1,30,1,1,30,1,1,30,1,1,30,1],"triangles":[21,20,19,18,21,19,74,21,18,17,74,18,74,22,21,16,74,17,12,80,13,80,14,13,73,74,16,15,73,16,73,23,22,73,22,74,80,72,14,69,73,15,75,69,15,12,79,80,72,76,14,75,15,14,76,75,14,24,23,73,79,72,80,11,79,12,79,76,72,76,68,75,71,76,79,11,71,79,77,68,76,68,69,75,71,77,76,84,83,69,10,78,11,78,71,11,68,84,69,83,25,24,78,77,71,70,82,78,78,82,77,77,82,68,83,53,25,53,26,25,10,70,78,52,53,83,84,52,83,27,29,28,31,30,29,53,27,26,58,31,29,52,51,53,10,81,70,59,29,27,53,60,27,70,66,82,60,59,27,51,60,53,81,66,70,58,57,31,59,58,29,9,81,10,63,52,84,85,63,84,86,85,66,51,50,60,9,8,81,8,66,81,57,32,31,33,32,57,50,51,52,63,50,52,47,59,60,48,47,60,50,48,60,50,63,49,48,50,49,67,66,8,55,58,59,47,55,59,86,63,85,63,46,49,54,57,58,55,54,58,46,48,49,7,67,8,54,33,57,56,55,47,86,62,63,46,47,48,61,46,63,62,61,63,54,36,33,61,45,46,46,45,47,45,56,47,65,62,86,37,36,54,61,44,45,64,62,65,87,64,65,36,34,33,36,35,34,6,87,65,5,87,6,38,37,54,41,54,55,44,56,45,56,41,55,44,43,56,40,38,54,41,40,54,43,41,56,0,43,44,61,0,44,64,88,62,88,61,62,88,1,0,43,42,41,40,39,38,88,0,61,87,4,64,4,88,64,5,4,87,4,3,88,2,1,88,3,2,88,86,65,66,65,67,66,65,6,67,7,6,67,85,84,68,66,85,68,82,66,68,83,69,24,69,24,73],"type":"mesh","transform":{},"userEdges":[0,44,44,45,45,46,46,47,47,48,49,50,50,51,51,52,52,53,53,26,33,54,54,55,55,56,56,45,44,61,61,62,62,63,63,52,62,64,64,65,65,66,6,67,67,66,66,68,68,69,69,24],"width":95,"edges":[2,1,1,0,0,43,43,42,42,41,41,40,40,39,39,38,38,37,37,36,36,35,35,34,34,33,33,32,32,31,31,30,30,29,29,28,28,27,27,26,26,25,25,24,24,23,23,22,22,21,21,20,20,19,19,18,18,17,17,16,16,15,15,14,14,13,13,12,12,11,11,10,10,9,9,8,8,7,7,6,6,5,5,4,4,3,3,2],"height":87,"name":"Layer 82","bonePose":[30,-0.4996976696503584,-0.8661998839448093,0.8661998839448093,-0.4996976696503584,-10.427451653672328,-109.0626625077713]}],"name":"Layer 82"},{"display":[{"path":"Sea Armon","type":"image","name":"Sea Armon","transform":{"y":-11.03,"x":-5.69}}],"name":"armon"},{"display":[{"slotPose":[1,0,0,1,0,0],"uvs":[0.70121,0.27735,0.69025,0.09742,0.62977,0.03709,0.58296,0.00209,0.37465,0.00164,0.21279,0.07578,0.12276,0.19366,0.09282,0.29462,0.1071,0.41192,0.16108,0.53039,0.14126,0.56853,0.15222,0.59545,0.02318,0.64791,0,0.6708,0.03245,0.75516,0.11098,0.8501,0.22947,0.90081,0.22982,0.90192,0.25646,1,0.48377,0.9015,0.52088,0.87233,0.59879,0.91188,0.77842,0.79791,0.89229,0.65728,0.99265,0.47735,1,0.37685,0.78897,0.38583,0.74427,0.31179,0.20098,0.66212,0.26301,0.69012,0.54396,0.6905,0.64107,0.63717,0.71249,0.53316,0.74068,0.4685,0.37476,0.69017,0.33968,0.56184,0.29802,0.36584,0.26513,0.25151,0.29034,0.13484,0.47453,0.53617,0.47892,0.45567,0.46467,0.33084,0.45919,0.22701,0.46138,0.14067,0.68477,0.57352,0.64776,0.47667,0.59185,0.36001,0.59623,0.22117,0.58308,0.13484],"vertices":[12.96,-100.36,12.05,-114.39,7.04,-119.1,3.16,-121.83,-14.14,-121.87,-27.57,-116.08,-35.04,-106.89,-37.53,-99.01,-36.35,-89.87,-31.86,-80.63,-33.51,-77.65,-32.6,-75.55,-43.31,-71.46,-45.23,-69.67,-42.54,-63.1,-36.03,-55.69,-26.19,-51.74,-26.16,-51.65,-23.94,-43.99,-5.08,-51.68,-2,-53.95,4.46,-50.87,19.38,-59.77,28.83,-70.73,37.16,-84.77,37.77,-92.61,20.25,-91.9,16.54,-97.68,-28.55,-70.35,-23.4,-68.17,-0.08,-68.13,7.97,-72.3,13.9,-80.42,16.24,-85.46,-14.13,-68.17,-17.04,-78.17,-20.5,-93.46,-23.23,-102.38,-21.13,-111.48,-5.85,-80.17,-5.48,-86.45,-6.67,-96.19,-7.12,-104.29,-6.94,-111.02,11.6,-77.27,8.54,-84.82,3.89,-93.92,4.25,-104.75,3.16,-111.48],"path":"Folder 54 Copy 4","weights":[2,23,0.60231,28,0.39769,2,23,0.91525,28,0.08475,2,23,0.95584,28,0.04416,2,23,0.97458,28,0.02542,2,23,0.99907,26,0.00093,2,23,0.96512,26,0.03488,2,23,0.89143,26,0.10857,2,23,0.81678,26,0.18322,2,23,0.69038,26,0.30962,2,23,0.36858,26,0.63142,2,23,0.21964,26,0.78036,2,23,0.13111,26,0.86889,1,26,1,1,26,1,1,26,1,1,26,1,2,23,0.04886,26,0.95114,2,23,0.05021,26,0.94979,2,23,0.08634,26,0.91366,3,23,0.41444,26,0.44307,28,0.14249,3,23,0.45702,26,0.27309,28,0.2699,3,23,0.39739,26,0.11264,28,0.48997,3,23,0.06129,26,0.00331,28,0.9354,1,28,1,1,28,1,1,28,1,2,23,0.12804,28,0.87196,2,23,0.39681,28,0.60319,2,23,0.03039,26,0.96961,2,23,0.02058,26,0.97942,3,23,0.66504,26,0.04827,28,0.28668,3,23,0.20102,26,0.00107,28,0.79792,2,23,0.01268,28,0.98732,2,23,0.08083,28,0.91917,3,23,0.48375,26,0.51352,28,0.00274,2,23,0.61647,26,0.38353,2,23,0.85317,26,0.14683,2,23,0.91977,26,0.08023,2,23,0.97546,26,0.02454,2,23,0.99942,26,0.00058,2,23,0.98418,28,0.01582,2,23,0.98937,28,0.01063,2,23,0.99213,28,0.00787,2,23,0.99384,28,0.00616,1,28,1,2,23,0.2707,28,0.7293,2,23,0.69986,28,0.30014,2,23,0.86335,28,0.13665,2,23,0.93898,28,0.06102],"triangles":[33,23,24,26,33,24,25,26,24,44,22,23,32,44,23,33,32,23,44,31,22,27,33,26,27,45,33,31,30,22,30,21,22,47,0,1,0,46,27,46,45,27,45,32,33,30,20,21,48,47,1,45,44,32,47,46,0,2,48,1,45,31,44,39,30,31,46,40,45,39,31,45,40,39,45,3,48,2,43,42,48,43,48,3,48,42,47,41,46,47,42,41,47,41,40,46,4,43,3,34,19,20,34,20,30,39,34,30,35,34,39,17,18,19,41,36,40,35,39,40,36,35,40,4,38,43,43,38,42,38,37,42,36,41,42,37,36,42,5,38,4,35,29,34,28,29,35,9,28,35,36,9,35,9,11,28,15,16,29,28,15,29,6,37,38,37,7,36,7,8,36,8,9,36,5,6,38,6,7,37,14,15,28,11,9,10,11,12,28,12,14,28,13,14,12,16,29,17,17,34,19,17,29,34],"type":"mesh","transform":{},"userEdges":[11,28,28,29,29,17,20,30,30,31,32,33,33,26,34,35,35,36,36,37,37,38,30,39,39,40,40,41,41,42,42,43,31,44,44,32,44,45,45,46,46,47,47,48],"width":83,"edges":[13,14,14,15,15,16,16,17,17,18,18,19,19,20,20,21,21,22,22,23,23,24,24,25,25,26,26,27,27,0,0,1,1,2,2,3,3,4,4,5,5,6,6,7,7,8,8,9,9,10,10,11,11,12,12,13],"height":78,"name":"Folder 54 Copy 4","bonePose":[23,-0.1579857286263989,-0.9874413955017208,0.9874413955017208,-0.1579857286263989,-4.8,-73.89,28,0.6809765331917575,0.7323052377541315,-0.7323052377541315,0.6809765331917575,10.66610403987286,-77.80256000948592,26,-0.5546992156114052,0.8320509480795583,-0.8320509480795583,-0.5546992156114052,-24.110418124927893,-67.8635456659445]}],"name":"Folder 54 Copy 4"},{"display":[{"slotPose":[1,0,0,1,0,0],"uvs":[1,0.1517,0.99384,0.04935,0.93549,0,0.81337,0,0.75863,0.0625,0.73758,0.1564,0.74901,0.24279,0.78871,0.27566,0.76405,0.33387,0.70991,0.2935,0.60824,0.25406,0.54207,0.25218,0.45966,0.28411,0.44221,0.30476,0.45545,0.37895,0.42801,0.41428,0.38348,0.43526,0.38161,0.46551,0.33753,0.49395,0.2777,0.53395,0.19644,0.60219,0.19144,0.4778,0.14353,0.53301,0.10884,0.58716,0.04433,0.54057,0.0423,0.69057,0,0.76125,0,0.8432,0.08876,0.82174,0.11701,0.90675,0.17919,0.94041,0.18404,0.80113,0.27031,0.81427,0.25531,0.71208,0.3746,0.65879,0.49281,0.57502,0.50484,0.57868,0.52172,0.57014,0.55781,0.52624,0.47297,0.68282,0.46362,0.73126,0.46143,0.85809,0.47487,0.94248,0.52737,1,0.58455,1,0.55361,0.92395,0.62736,0.9698,0.67298,0.89321,0.71767,0.9698,0.74205,0.86102,0.77522,0.8059,0.81866,0.79468,0.79241,0.6659,0.83741,0.59934,0.84334,0.55397,0.91608,0.37994,0.95272,0.30929,0.96787,0.28007,0.99287,0.22544,1,0.15958,0.8328,0.29946,0.91715,0.31313,0.88511,0.14476,0.80775,0.41956,0.71295,0.54864,0.65026,0.69398,0.62998,0.4256,0.40802,0.50002,0.50242,0.49539,0.48728,0.51995,0.19535,0.65438],"vertices":[-16.23,-108.56,-17.02,-116.95,-24.49,-120.99,-40.12,-121,-47.12,-115.87,-49.82,-108.18,-48.36,-101.09,-43.28,-98.4,-46.43,-93.62,-53.36,-96.93,-66.38,-100.17,-74.84,-100.32,-85.39,-97.7,-87.63,-96.01,-85.93,-89.93,-89.44,-87.03,-95.14,-85.31,-95.38,-82.83,-101.03,-80.5,-108.68,-77.22,-119.09,-71.62,-119.72,-81.82,-125.85,-77.29,-130.3,-72.86,-138.55,-76.68,-138.82,-64.37,-144.23,-58.58,-144.23,-51.86,-132.86,-53.62,-129.26,-46.65,-121.29,-43.88,-120.68,-55.31,-109.63,-54.23,-111.55,-62.61,-96.28,-66.97,-81.15,-73.85,-79.61,-73.55,-77.45,-74.25,-72.83,-77.84,-83.69,-65.01,-84.89,-61.03,-85.17,-50.64,-83.45,-43.71,-76.73,-38.99,-69.41,-39,-73.38,-45.24,-63.93,-41.47,-58.1,-47.75,-52.38,-41.47,-49.25,-50.39,-45,-54.92,-39.44,-55.83,-42.8,-66.39,-37.04,-71.85,-36.28,-75.58,-26.97,-89.84,-22.28,-95.63,-20.34,-98.02,-17.15,-102.51,-16.23,-107.91,-37.63,-96.44,-26.83,-95.32,-30.93,-109.12,-40.84,-86.59,-52.98,-76.01,-61,-64.09,-63.6,-86.1,-92.01,-80,-79.92,-80.38,-81.86,-78.36,-119.22,-67.35],"path":"Folder 54 Copy 6","weights":[1,25,1,1,25,1,1,25,1,1,25,1,1,25,1,1,25,1,2,25,0.99895,32,0.00105,2,25,0.97223,32,0.02777,2,25,0.72626,32,0.27374,2,25,0.27137,32,0.72863,3,25,0.02918,32,0.94829,35,0.02253,3,25,0.00197,32,0.77964,35,0.21839,2,32,0.21351,35,0.78649,2,32,0.16702,35,0.83298,2,32,0.03255,35,0.96745,1,35,1,1,35,1,1,35,1,1,35,1,1,35,1,1,35,1,1,35,1,1,35,1,1,35,1,1,35,1,1,35,1,1,35,1,1,35,1,1,35,1,1,35,1,1,35,1,1,35,1,1,35,1,1,35,1,1,35,1,3,32,0.254,35,0.74059,34,0.00541,3,32,0.33356,35,0.65539,34,0.01105,3,32,0.43747,35,0.54064,34,0.02189,3,32,0.74445,35,0.0945,34,0.16105,2,32,0.08006,34,0.91994,2,32,0.04034,34,0.95966,2,32,0.0005,34,0.9995,1,34,1,1,34,1,1,34,1,1,34,1,2,32,0.00008,34,0.99992,2,32,0.04321,34,0.95679,2,32,0.06841,34,0.93159,2,32,0.1669,34,0.8331,3,25,0.00361,32,0.35279,34,0.64359,3,25,0.0082,32,0.42279,34,0.56901,3,25,0.19347,32,0.52369,34,0.28284,3,25,0.84357,32,0.12681,34,0.02963,3,25,0.9739,32,0.02115,34,0.00495,1,25,1,1,25,1,1,25,1,1,25,1,1,25,1,2,25,0.9948,32,0.0052,1,25,1,1,25,1,2,25,0.9818,32,0.0182,2,32,0.94184,34,0.05816,2,32,0.15701,34,0.84299,2,25,0.01745,32,0.98255,2,32,0.00095,35,0.99905,3,32,0.37282,35,0.62057,34,0.00661,3,32,0.22998,35,0.76674,34,0.00328,1,35,1],"triangles":[62,0,1,2,62,1,62,58,59,0,62,59,62,57,58,61,56,57,62,61,57,61,55,56,62,60,61,63,54,55,3,62,2,61,60,55,60,63,55,5,7,62,4,5,62,3,4,62,7,60,62,5,6,7,8,63,60,64,53,54,63,64,54,64,52,53,7,8,60,52,50,51,8,64,63,65,50,52,64,65,52,66,64,8,9,66,8,65,49,50,47,48,49,65,47,49,38,65,64,66,38,64,10,66,9,65,45,47,45,46,47,40,45,65,39,40,65,68,38,66,11,68,66,10,11,66,14,68,11,40,41,45,45,43,44,12,14,11,68,37,38,42,43,45,41,42,45,69,36,37,68,69,37,69,35,36,14,15,68,13,14,12,67,34,35,69,67,35,16,17,67,18,34,67,16,67,15,17,18,67,18,19,34,19,33,34,20,70,33,20,33,19,33,31,32,70,31,33,25,28,23,31,29,30,28,31,70,23,28,70,23,70,20,22,23,20,22,20,21,28,29,31,24,25,23,25,26,28,26,27,28,38,39,65,69,67,68,15,67,68],"type":"mesh","transform":{},"userEdges":[7,60,60,61,61,56,60,62,60,63,8,63,63,54,63,64,38,65,65,52,64,66,17,67,67,68,68,69,69,35,20,70,70,33],"width":128,"edges":[26,27,27,28,28,29,29,30,30,31,31,32,32,33,33,34,34,35,35,36,36,37,37,38,38,39,39,40,40,41,41,42,42,43,43,44,44,45,45,46,46,47,47,48,48,49,49,50,50,51,51,52,52,53,53,54,54,55,55,56,56,57,57,58,58,59,59,0,0,1,1,2,2,3,3,4,4,5,5,6,6,7,7,8,8,9,9,10,10,11,11,12,12,13,13,14,14,15,15,16,16,17,17,18,18,19,19,20,20,21,21,22,22,23,23,24,24,25,25,26],"height":82,"name":"Folder 54 Copy 6","bonePose":[25,-0.427673421688682,0.9039333185479418,-0.9039333185479418,-0.427673421688682,-28.9154971607485,-109.66943538808196,32,-0.954083620325553,-0.29954039030902996,0.29954039030902996,-0.954083620325553,-44.79501130804927,-76.10639127039687,35,-0.9028105756982938,0.4300384452666008,-0.4300384452666008,-0.9028105756982938,-79.16221256116366,-86.95907195435385,34,-0.43428804928980463,0.9007740506053982,-0.9007740506053982,-0.43428804928980463,-63.29000050594975,-62.034352520821734]}],"name":"Folder 54 Copy 6"},{"display":[{"path":"Sea Armes","type":"image","name":"Sea Armes","transform":{"y":-13.04,"x":-2.84}}],"name":"armes"},{"display":[{"path":"Sea Arman","type":"image","name":"Sea Arman","transform":{"y":-14.36,"x":-1.07}}],"name":"arman"},{"display":[{"slotPose":[1,0,0,1,0,0],"uvs":[0.37727,0.3625,0.30912,0.15747,0.18875,0.01958,0.13388,0,0.03475,0.08405,0,0.3043,0.01351,0.50038,0.09494,0.61499,0.24097,0.68393,0.29319,0.81644,0.36488,0.78869,0.40736,0.86479,0.4525,0.99939,0.53229,0.99967,0.6242,1,0.68438,0.80868,0.76846,0.8436,0.81449,0.84628,0.78971,0.75138,0.77997,0.69049,0.82157,0.61887,0.88352,0.56515,0.90388,0.51859,0.94193,0.48815,1,0.46397,1,0.43263,0.90565,0.41652,0.77466,0.4013,0.58614,0.50695,0.54455,0.44606,0.52419,0.36548,0.46047,0.42189,0.2889,0.59038,0.34643,0.41758,0.34643,0.57695,0.48981,0.66111,0.63407,0.71036,0.63938,0.63783,0.58097,0.57516,0.50839,0.80347,0.46691,0.68449,0.41015,0.61814,0.36716,0.54876,0.30624,0.5383,0.21278,0.52591,0.16322,0.39878,0.12959,0.25194,0.10658,0.12032],"vertices":[28.59,-63.83,22.66,-81.46,12.19,-93.31,7.41,-95,-1.21,-87.77,-4.23,-68.83,-3.05,-51.97,4.03,-42.11,16.73,-36.19,21.28,-24.8,27.52,-27.18,31.21,-20.63,35.14,-9.06,42.08,-9.03,50.08,-9.01,55.31,-25.46,62.63,-22.46,66.63,-22.23,64.47,-30.39,63.63,-35.63,67.25,-41.79,72.64,-46.41,74.41,-50.41,77.72,-53.03,82.77,-55.11,82.77,-57.81,74.55,-59.19,63.16,-60.49,46.76,-51.41,43.14,-56.64,41.37,-63.57,35.83,-58.72,20.91,-44.23,25.91,-59.09,25.91,-45.39,38.39,-38.15,50.94,-33.91,51.39,-40.16,46.31,-45.54,40,-25.91,36.39,-36.14,31.46,-41.85,27.72,-47.81,22.41,-48.71,14.29,-49.77,9.97,-60.7,7.04,-73.33,5.04,-84.65],"path":"Folder 54 Copy 5","weights":[2,21,0.97205,29,0.02795,1,21,1,1,21,1,1,21,1,1,21,1,1,21,1,1,21,1,2,21,0.9623,29,0.0377,2,21,0.37223,29,0.62777,1,29,1,1,29,1,1,29,1,1,29,1,1,29,1,1,29,1,1,29,1,1,29,1,1,29,1,1,29,1,2,21,0.00097,29,0.99903,2,21,0.00141,29,0.99859,2,21,0.00002,29,0.99998,1,29,1,1,29,1,1,29,1,1,29,1,2,21,0.00002,29,0.99998,2,21,0.00586,29,0.99414,2,21,0.20096,29,0.79904,2,21,0.48755,29,0.51245,2,21,0.58716,29,0.41284,2,21,0.68666,29,0.31334,2,21,0.76961,29,0.23039,2,21,0.97271,29,0.02729,2,21,0.76551,29,0.23449,2,21,0.03238,29,0.96762,2,21,0.00654,29,0.99346,2,21,0.0297,29,0.9703,2,21,0.11996,29,0.88004,1,29,1,2,21,0.00988,29,0.99012,2,21,0.07651,29,0.92349,2,21,0.77454,29,0.22546,1,21,1,2,21,0.98444,29,0.01556,1,21,1,1,21,1,1,21,1],"triangles":[26,23,25,25,23,24,26,22,23,27,22,26,27,21,22,27,20,21,18,16,17,27,28,20,28,37,20,37,19,20,15,16,18,15,18,19,36,15,19,37,36,19,39,13,14,28,38,37,36,39,15,39,14,15,38,35,37,37,35,36,35,39,36,35,40,39,39,11,13,11,12,13,31,41,29,42,41,31,30,31,29,40,10,39,10,11,39,41,40,35,33,42,31,41,10,40,0,33,31,33,43,42,8,10,41,42,34,41,8,9,10,1,46,0,45,33,0,46,45,0,43,34,42,43,32,34,44,43,33,45,44,33,2,47,1,47,46,1,44,32,43,44,8,32,44,7,8,45,6,44,6,7,44,3,47,2,46,5,45,5,6,45,4,5,47,47,5,46,4,47,3,41,8,34,8,32,34,38,35,28,29,41,28,41,35,28],"type":"mesh","transform":{},"userEdges":[8,32,33,0,8,34,35,28,15,36,36,37,37,38,38,28,13,39,10,40,40,35,39,40,40,41,31,42,42,34,41,42,32,43,43,33,42,43,43,44,44,45,45,46,46,47],"width":87,"edges":[5,6,6,7,7,8,8,9,9,10,10,11,11,12,12,13,13,14,14,15,15,16,16,17,17,18,18,19,19,20,20,21,21,22,22,23,23,24,24,25,25,26,26,27,27,28,28,29,29,30,30,31,31,0,0,1,1,2,2,3,3,4,4,5],"height":86,"name":"Folder 54 Copy 5","bonePose":[21,0.43491680232534546,0.900470640862375,-0.900470640862375,0.43491680232534546,4.72,-86.85000000000001,29,0.49394186658423095,0.8694949295052191,-0.8694949295052191,0.49394186658423095,25.295913918012097,-44.24873398080104]}],"name":"Folder 54 Copy 5"},{"display":[{"path":"Megapack II Biofish","type":"image","name":"Megapack II Biofish","transform":{"y":15.3,"x":-15.97}}],"name":"bIOFISH"},{"display":[{"path":"Sea Fish B","type":"image","name":"Sea Fish B","transform":{"y":-0.3,"x":8.3}}],"name":"fishb"}]}],"slot":[{"name":"Layer 81","parent":"shadow","color":{}},{"z":1,"name":"Folder 54 Copy 5","parent":"root","color":{}},{"z":2,"name":"Folder 54 Copy 8","parent":"root","color":{}},{"z":3,"name":"Folder 54 Copy 6","parent":"root","color":{}},{"z":4,"name":"Folder 54 Copy 4","parent":"root","color":{}},{"z":5,"name":"Layer 82","parent":"root","color":{}},{"z":6,"name":"Folder 54 Copy 7","parent":"root","color":{}},{"displayIndex":-1,"z":7,"name":"Betafish","parent":"bone","color":{}},{"displayIndex":-1,"z":8,"name":"bIG fISH","parent":"bone5","color":{}},{"displayIndex":-1,"z":9,"name":"bIOFISH","parent":"bone6","color":{}},{"displayIndex":-1,"z":10,"name":"arman","parent":"bone2","color":{}},{"displayIndex":-1,"z":11,"name":"armes","parent":"bone3","color":{}},{"displayIndex":-1,"z":12,"name":"armon","parent":"bone4","color":{}},{"displayIndex":-1,"z":13,"name":"dark star","parent":"bone8","color":{}},{"displayIndex":-1,"z":14,"name":"bdraon","parent":"bone7","color":{}},{"displayIndex":-1,"z":15,"name":"fisha","parent":"bone9","color":{}},{"displayIndex":-1,"z":16,"name":"fishb","parent":"bone10","color":{}},{"displayIndex":-1,"z":17,"name":"fishc","parent":"bone11","color":{}}],"frameRate":30,"ik":[{"bendPositive":"false","bone":"mid5","name":"IKLegRight","chain":1,"target":"IKLegRight"},{"bendPositive":"false","bone":"mid3","name":"IKlegLeft","chain":1,"target":"IKlegLeft"},{"bone":"chedst5","name":"IKArmLeft","chain":1,"target":"IKArmLeft"},{"bone":"chedst3","name":"IKArmRight","chain":1,"target":"IKArmRight"},{"bendPositive":"false","name":"skirtL","bone":"chedst2","target":"skirtL"},{"bendPositive":"false","name":"SkirtR","bone":"chedst6","target":"SkirtR"},{"bendPositive":"false","name":"IKFin","bone":"fin","target":"IKFin"}],"bone":[{"transform":{},"name":"root"},{"transform":{"y":-73.09,"x":-4.8},"name":"mid","parent":"root"},{"transform":{"y":-241.72,"x":208.38},"name":"bone5","parent":"root"},{"transform":{"y":-87.16,"x":-79.7},"name":"IKArmRight","parent":"root"},{"transform":{"y":-97.43,"x":322.47},"name":"bone7","parent":"root"},{"transform":{"y":-55.3,"x":204.32},"name":"bone2","parent":"root"},{"transform":{"y":-11.23,"x":3.53},"name":"shadow","parent":"root"},{"transform":{"skX":2.18,"skY":2.18,"y":-56.08,"x":37.13},"name":"IKArmLeft","parent":"root"},{"transform":{"y":-88.86,"x":94.11},"name":"IKFin","parent":"root"},{"transform":{"y":-9.17,"x":45.19},"name":"IKLegRight","parent":"root"},{"transform":{"y":-8.2,"x":-38.44},"name":"IKlegLeft","parent":"root"},{"transform":{"y":-66.76,"x":20.91},"name":"SkirtR","parent":"root"},{"transform":{"y":-180.74,"x":254.58},"name":"bone4","parent":"root"},{"transform":{"y":-170.69,"x":327.42},"name":"bone11","parent":"root"},{"transform":{"y":-158.79,"x":119.62},"name":"bone","parent":"root"},{"transform":{"y":-55.7,"x":-32.21},"name":"skirtL","parent":"root"},{"transform":{"y":-111.67,"x":227.23},"name":"bone3","parent":"root"},{"transform":{"y":-104.03,"x":174.63},"name":"bone10","parent":"root"},{"transform":{"y":-147.59,"x":292.11},"name":"bone8","parent":"root"},{"transform":{"y":-168.17,"x":180.69},"name":"bone6","parent":"root"},{"transform":{"y":-42.65,"x":251.52},"name":"bone9","parent":"root"},{"length":47,"transform":{"skX":64.22,"skY":64.22,"y":-13.76,"x":9.52},"parent":"mid","name":"mid4"},{"length":38,"transform":{"skX":113.69,"skY":113.69,"y":-9.73,"x":-3.48},"parent":"mid","name":"mid2"},{"length":35,"transform":{"skX":-99.09,"skY":-99.09,"y":-0.8},"parent":"mid","name":"chedst"},{"length":35,"transform":{"skX":131.79,"skY":131.79,"y":20.2,"x":38.5},"parent":"chedst","name":"arm Right"},{"length":37,"transform":{"skX":-145.59,"skY":-145.59,"y":-18.16,"x":39.14},"parent":"chedst","name":"armLeft"},{"length":14,"transform":{"skX":-137.22,"skY":-137.22,"y":-20.02,"x":-2.9},"parent":"chedst","name":"chedst2"},{"length":42,"transform":{"skX":-3.26,"skY":-3.26,"x":38.31},"parent":"mid2","name":"mid3"},{"length":15,"transform":{"skX":146.17,"skY":146.17,"y":15.89,"x":1.42},"parent":"chedst","name":"chedst6"},{"length":40,"transform":{"skX":-3.82,"skY":-3.82,"x":47.31},"parent":"mid4","name":"mid5"},{"length":42,"transform":{"skX":-20.89,"skY":-20.89,"x":35.62},"parent":"chedst","name":"head"},{"length":40,"transform":{"skX":59.89,"skY":59.89,"y":-0.11,"x":35.52},"parent":"arm Right","name":"chedst5"},{"length":36,"transform":{"skX":82.11,"skY":82.11,"x":37.13},"parent":"armLeft","name":"chedst3"},{"length":40,"transform":{"skX":-40.07,"skY":-40.07,"y":2.07,"x":54.83},"parent":"arm Right","name":"fin"},{"length":24,"transform":{"skX":0.42,"skY":0.42,"y":10.7,"x":57.76},"parent":"armLeft","name":"FinLeft"},{"length":56,"transform":{"skX":-42.9,"skY":-42.9,"y":0.06,"x":36.04},"parent":"chedst3","name":"chedst4"}]}],"isGlobal":0,"name":"Dagon","version":"5.0"}