{"width":1024,"SubTexture":[{"frameX":-1,"frameHeight":24,"y":407,"frameY":-1,"frameWidth":220,"width":218,"height":22,"name":"Layer 81","x":400},{"width":87,"y":319,"height":86,"name":"Folder 54 Copy 5","x":788},{"width":66,"y":245,"height":80,"name":"Folder 54 Copy 8","x":506},{"width":128,"y":146,"height":82,"name":"Folder 54 Copy 6","x":690},{"width":83,"y":364,"height":78,"name":"Folder 54 Copy 4","x":877},{"width":95,"y":230,"height":87,"name":"Layer 82","x":788},{"width":106,"y":286,"height":76,"name":"Folder 54 Copy 7","x":885},{"frameX":0,"frameHeight":157,"y":124,"frameY":0,"frameWidth":111,"width":111,"height":144,"name":"Megapack II Betafish","x":577},{"frameX":0,"frameHeight":495,"y":1,"frameY":0,"frameWidth":397,"width":397,"height":406,"name":"Boss Big Fish","x":1},{"frameX":0,"frameHeight":131,"y":1,"frameY":0,"frameWidth":127,"width":118,"height":108,"name":"Megapack II Biofish","x":902},{"width":188,"y":1,"height":120,"name":"Sea Arman","x":400},{"width":175,"y":123,"height":120,"name":"Sea Armes","x":400},{"width":185,"y":1,"height":121,"name":"Sea Armon","x":590},{"frameX":0,"frameHeight":136,"y":245,"frameY":0,"frameWidth":104,"width":104,"height":104,"name":"Sea Beach Dark Star","x":400},{"frameX":0,"frameHeight":129,"y":230,"frameY":0,"frameWidth":96,"width":96,"height":92,"name":"Sea Blue Dragon","x":690},{"frameX":0,"frameHeight":116,"y":146,"frameY":0,"frameWidth":78,"width":78,"height":80,"name":"Sea Fish A","x":820},{"width":123,"y":1,"height":143,"name":"Sea Fish B","x":777},{"width":107,"y":124,"height":160,"name":"Sea Fish C","x":902}],"height":512,"name":"Dagon","imagePath":"Dagon_tex.png"}