{"frameRate":30,"armature":[{"ik":[{"target":"WingLeftA","bone":"Mid13","bendPositive":"false","name":"WingLeftA","chain":1},{"target":"ClawLeft","bone":"arm left b","name":"ClawLeft","chain":1},{"target":"WingrightA","bone":"top3","bendPositive":"false","name":"WingrightA","chain":1},{"target":"clawRight","bone":"arm right b","name":"clawRight","chain":1},{"target":"Wing Left B","bendPositive":"false","name":"Wing Left B","bone":"Mid14"},{"target":"Wing RightA","bendPositive":"false","name":"Wing RightA","bone":"top4"},{"target":"HeadIK","bendPositive":"false","name":"HeadIK","bone":"head topp"},{"target":"MouthIK","bendPositive":"false","name":"MouthIK","bone":"head bottom"},{"target":"WhiskerLeftA","bone":"head bottom3","name":"WhiskerLeftA","chain":1},{"target":"WhiskerRightA","bone":"head bottom9","bendPositive":"false","name":"WhiskerRightA","chain":1},{"target":"WhiskerRightB","bone":"head bottom11","name":"WhiskerRightB","chain":1},{"target":"WhiskerLeftB","bone":"head bottom5","name":"WhiskerLeftB","chain":1},{"target":"WhiskerLeftC","bone":"head bottom7","bendPositive":"false","name":"WhiskerLeftC","chain":1},{"target":"WhiskerRightC","bone":"head bottom13","name":"WhiskerRightC","chain":1},{"target":"WhiskerRightD","bendPositive":"false","name":"WhiskerRightD","bone":"head bottom14"},{"target":"WhiskerLeftD","bendPositive":"false","name":"WhiskerLeftD","bone":"head bottom8"}],"aabb":{"width":1099.6028585381196,"y":-1657.1554906821978,"height":1657.1554906821978,"x":-518.54},"type":"Armature","frameRate":30,"bone":[{"name":"root","transform":{}},{"transform":{"y":-988.43,"x":139.71},"name":"Mid","parent":"root"},{"transform":{"y":-1614.76,"x":493.15},"name":"Wing RightA","parent":"root"},{"transform":{"y":-970.84,"x":-26.19},"name":"ClawLeft","parent":"root"},{"transform":{"y":-971.2,"x":-404.1},"name":"HeadIK","parent":"root"},{"transform":{"y":-986.86,"x":-102.75},"name":"WhiskerRightB","parent":"root"},{"transform":{"y":-31.02,"x":7.91},"name":"shadow","parent":"root"},{"transform":{"y":-928.48,"x":187.41},"name":"clawRight","parent":"root"},{"transform":{"y":-1306.27,"x":177.45},"name":"WingrightA","parent":"root"},{"transform":{"y":-1313.64,"x":61.21},"name":"WingLeftA","parent":"root"},{"transform":{"y":-920.07,"x":-11.68},"name":"WhiskerRightD","parent":"root"},{"transform":{"y":-882.4,"x":-221.32},"name":"WhiskerLeftB","parent":"root"},{"transform":{"y":-933.89,"x":-229.96},"name":"WhiskerLeftA","parent":"root"},{"transform":{"y":-964.03,"x":-34.65},"name":"WhiskerRightC","parent":"root"},{"transform":{"y":-833.81,"x":-207.66},"name":"WhiskerLeftC","parent":"root"},{"transform":{"y":-708.44,"x":-310.74},"name":"MouthIK","parent":"root"},{"transform":{"y":-1698.6,"x":171.76},"name":"Wing Left B","parent":"root"},{"transform":{"y":-967.45,"x":-190.36},"name":"WhiskerRightA","parent":"root"},{"transform":{"y":-803.91,"x":-169.32},"name":"WhiskerLeftD","parent":"root"},{"length":108,"transform":{"skX":-123.16,"skY":-123.16,"y":-9.58,"x":39.76},"parent":"Mid","name":"top"},{"length":226,"transform":{"skX":142.69,"skY":142.69,"y":62.94,"x":51.47},"parent":"Mid","name":"Bottom"},{"length":110,"transform":{"skX":-27.48,"skY":-27.48,"x":108.13},"parent":"top","name":"Mid9"},{"length":107,"transform":{"skX":59.72,"skY":59.72,"y":-41.42,"x":207.75},"parent":"top","name":"wing left"},{"length":107,"transform":{"skX":-141.91,"skY":-141.91,"y":-47.13,"x":129.14},"parent":"top","name":"arm left"},{"length":90,"transform":{"skX":62.21,"skY":62.21,"y":56.25,"x":149.18},"parent":"top","name":"wing Right"},{"transform":{"y":57.24,"x":93.38},"name":"shoulder Right","parent":"top"},{"length":221,"transform":{"skX":-8.4,"skY":-8.4,"x":226.56},"parent":"Bottom","name":"Mid3"},{"length":69,"transform":{"skX":-41.19,"skY":-41.19,"x":107.66},"parent":"wing left","name":"Mid13"},{"length":188,"transform":{"skX":-38.58,"skY":-38.58,"x":110.79},"parent":"Mid9","name":"Mid10"},{"length":135,"transform":{"skX":152.62,"skY":152.62,"y":0.2,"x":-0.88},"parent":"shoulder Right","name":"arm right"},{"length":74,"transform":{"skX":-31.3,"skY":-31.3,"x":90.13},"parent":"wing Right","name":"top3"},{"length":122,"transform":{"skX":-46.11,"skY":-46.11,"x":221.79},"parent":"Mid3","name":"Mid4"},{"length":82,"transform":{"skX":81.86,"skY":81.86,"x":107.01},"parent":"arm left","name":"arm left b"},{"length":149,"transform":{"skX":107.2,"skY":107.2,"y":5.63,"x":139.73},"parent":"arm right","name":"arm right b"},{"length":215,"transform":{"skX":-61.27,"skY":-61.27,"x":122.79},"parent":"Mid4","name":"Mid5"},{"length":302,"transform":{"skX":38.22,"skY":38.22,"x":69.36},"parent":"Mid13","name":"Mid14"},{"length":163,"transform":{"skX":-31.29,"skY":-31.29,"x":188.31},"parent":"Mid10","name":"Mid11"},{"length":423,"transform":{"skX":52.41,"skY":52.41,"x":74.47},"parent":"top3","name":"top4"},{"transform":{"y":-28.83,"x":138.75},"name":"gear","parent":"Mid11"},{"length":161,"transform":{"skX":96.49,"skY":96.49,"y":16.86,"x":-109.41},"parent":"Mid5","name":"Mid6"},{"length":94,"transform":{"skX":32.67,"skY":32.67,"y":-15.04,"x":160.09},"parent":"Mid11","name":"head topp"},{"length":106,"transform":{"skX":-24.46,"skY":-24.46,"y":1.63,"x":162.08},"parent":"Mid6","name":"Mid7"},{"length":193,"transform":{"skX":-69.43,"skY":-69.43,"y":-23.35,"x":-4.52},"parent":"head topp","name":"head bottom"},{"length":12,"transform":{"skX":-86.78,"skY":-86.78,"y":-9.98,"x":23.82},"parent":"head bottom","name":"whisker left"},{"length":111,"transform":{"skX":-25.17,"skY":-25.17,"x":106.49},"parent":"Mid7","name":"Mid8"},{"length":12,"transform":{"skX":-47.02,"skY":-47.02,"y":-33.56,"x":-12.61},"parent":"head bottom","name":"whiskerright"},{"length":25,"transform":{"skX":10.62,"skY":10.62,"x":12.65},"parent":"whisker left","name":"head bottom3"},{"length":33,"transform":{"skX":-54.08,"skY":-54.08,"x":12.62},"parent":"whiskerright","name":"head bottom9"},{"length":39,"transform":{"skX":-25.46,"skY":-25.46,"x":33.19},"parent":"head bottom9","name":"head bottom10"},{"length":21,"transform":{"skX":49.4,"skY":49.4,"y":4.66,"x":28.22},"parent":"head bottom3","name":"head bottom4"},{"length":27,"transform":{"skX":19.98,"skY":19.98,"x":21.49},"parent":"head bottom4","name":"head bottom5"},{"length":37,"transform":{"skX":21.68,"skY":21.68,"y":-1.27,"x":48.75},"parent":"head bottom10","name":"head bottom11"},{"length":22,"transform":{"skX":3.03,"skY":3.03,"y":1.19,"x":33.31},"parent":"head bottom5","name":"head bottom6"},{"length":37,"transform":{"skX":11.61,"skY":11.61,"y":0.14,"x":41.74},"parent":"head bottom11","name":"head bottom12"},{"length":25,"transform":{"skX":-40.84,"skY":-40.84,"y":-1.72,"x":22},"parent":"head bottom6","name":"head bottom7"},{"length":34,"transform":{"skX":35.54,"skY":35.54,"y":1.4,"x":37.72},"parent":"head bottom12","name":"head bottom13"},{"length":38,"transform":{"skX":26.11,"skY":26.11,"x":34.86},"parent":"head bottom13","name":"head bottom14"},{"length":38,"transform":{"skX":-18.66,"skY":-18.66,"y":-0.49,"x":25.53},"parent":"head bottom7","name":"head bottom8"}],"slot":[{"color":{},"name":"shadow","parent":"shadow"},{"z":1,"color":{},"name":"Whisker Left","parent":"whisker left"},{"z":2,"color":{},"name":"Wing Right Copy","parent":"wing left"},{"z":3,"color":{},"name":"Wing Right","parent":"wing Right"},{"z":4,"color":{},"name":"Left Claw A","parent":"arm left"},{"z":5,"color":{},"name":"left claw B","parent":"arm left b"},{"z":6,"color":{},"name":"body","parent":"Mid"},{"z":7,"color":{},"name":"right shoulder","parent":"shoulder Right"},{"z":8,"color":{},"name":"arm right A","parent":"arm right"},{"z":9,"color":{},"name":"Arm Right B","parent":"arm right b"},{"z":10,"color":{},"name":"head bottom","parent":"head bottom"},{"z":11,"color":{},"name":"head top","parent":"head topp"},{"z":12,"color":{},"name":"Whisker Right","parent":"whiskerright"},{"z":13,"color":{},"name":"gear head","parent":"gear"}],"defaultActions":[{"gotoAndPlay":"Attack"}],"name":"Ladon","animation":[{"ik":[],"frame":[],"ffd":[],"bone":[{"frame":[{"curve":[0.25,0,0.959,0.59],"duration":10,"transform":{}},{"curve":[0.25,0,0.241,0.95],"duration":5,"transform":{"y":-43.7,"x":136.8}},{"curve":[0.25,0,0.75,1],"duration":15,"transform":{"y":3.33,"x":-56.94}},{"duration":0,"transform":{}}],"name":"Mid"},{"frame":[{"curve":[0.25,0,0.959,0.59],"duration":10,"transform":{}},{"curve":[0.25,0,0.241,0.95],"duration":5,"transform":{"x":85.5}},{"curve":[0.25,0,0.75,1],"duration":15,"transform":{"x":10.26}},{"duration":0,"transform":{}}],"name":"root"},{"frame":[{"duration":30,"transform":{}},{"duration":0,"transform":{}}],"name":"Bottom"},{"frame":[{"curve":[0.25,0,0.959,0.59],"duration":10,"transform":{}},{"curve":[0.25,0,0.241,0.95],"duration":20,"transform":{"skX":-9.47,"skY":-9.47}},{"duration":0,"transform":{}}],"name":"Mid3"},{"frame":[{"duration":30,"transform":{}},{"duration":0,"transform":{}}],"name":"Mid4"},{"frame":[{"duration":30,"transform":{}},{"duration":0,"transform":{}}],"name":"Mid5"},{"frame":[{"duration":30,"transform":{}},{"duration":0,"transform":{}}],"name":"Mid6"},{"frame":[{"duration":30,"transform":{}},{"duration":0,"transform":{}}],"name":"Mid7"},{"frame":[{"duration":30,"transform":{}},{"duration":0,"transform":{}}],"name":"Mid8"},{"frame":[{"curve":[0.25,0,0.959,0.59],"duration":10,"transform":{}},{"curve":[0.367,0.145,0.4645,0.77],"duration":5,"transform":{"x":-43.7}},{"curve":[0.378,0.15,0.8505,0.8400000000000001],"duration":15,"transform":{"scX":1.16,"scY":1.08,"x":-83.63}},{"duration":0,"transform":{}}],"name":"top"},{"frame":[{"duration":30,"transform":{}},{"duration":0,"transform":{}}],"name":"Mid9"},{"frame":[{"duration":30,"transform":{}},{"duration":0,"transform":{}}],"name":"Mid10"},{"frame":[{"duration":30,"transform":{}},{"duration":0,"transform":{}}],"name":"Mid11"},{"frame":[{"duration":30,"transform":{}},{"duration":0,"transform":{}}],"name":"shoulder Right"},{"frame":[{"curve":[0.25,0,0.959,0.59],"duration":10,"transform":{}},{"curve":[0.25,0,0.241,0.95],"duration":5,"transform":{"y":-28.5,"x":45.6}},{"curve":[0.25,0,0.75,1],"duration":15,"transform":{"y":-101.75,"x":-76.48}},{"duration":0,"transform":{}}],"name":"clawRight"},{"frame":[{"duration":30,"transform":{"skX":0.43,"skY":0.43}},{"duration":0,"transform":{"skX":0.43,"skY":0.43}}],"name":"arm right"},{"frame":[{"duration":30,"transform":{"skX":-1,"skY":-1}},{"duration":0,"transform":{"skX":-1,"skY":-1}}],"name":"arm right b"},{"frame":[{"curve":[0.25,0,0.959,0.59],"duration":10,"transform":{}},{"curve":[0.25,0,0.241,0.95],"duration":5,"transform":{"y":-53.2,"x":93.1}},{"curve":[0.25,0,0.75,1],"duration":15,"transform":{"y":-0.52,"x":-9.7}},{"duration":0,"transform":{}}],"name":"ClawLeft"},{"frame":[{"duration":30,"transform":{"skX":2.29,"skY":2.29}},{"duration":0,"transform":{"skX":2.29,"skY":2.29}}],"name":"arm left"},{"frame":[{"duration":30,"transform":{"skX":-1.41,"skY":-1.41}},{"duration":0,"transform":{"skX":-1.41,"skY":-1.41}}],"name":"arm left b"},{"frame":[{"curve":[0.218,0,0.623,0.42],"duration":10,"transform":{}},{"curve":[0.318,0,0.373,0.69],"duration":5,"transform":{}},{"curve":[0.381,0.42,0.772,0.8],"duration":15,"transform":{"skX":19.3,"skY":19.3,"y":3.01,"x":-48.88}},{"duration":0,"transform":{}}],"name":"WingrightA"},{"frame":[{"duration":30,"transform":{"skX":-0.23,"skY":-0.23}},{"duration":0,"transform":{"skX":-0.23,"skY":-0.23}}],"name":"wing Right"},{"frame":[{"duration":30,"transform":{"skX":-6.01,"skY":-6.01}},{"duration":0,"transform":{"skX":-6.01,"skY":-6.01}}],"name":"top3"},{"frame":[{"curve":[0.25,0,0.959,0.59],"duration":10,"transform":{}},{"tweenEasing":0,"duration":20,"transform":{"y":-66.5,"x":-136.8}},{"duration":0,"transform":{}}],"name":"Wing RightA"},{"frame":[{"duration":30,"transform":{"skX":1.73,"skY":1.73}},{"duration":0,"transform":{"skX":1.73,"skY":1.73}}],"name":"top4"},{"frame":[{"duration":30,"transform":{}},{"duration":0,"transform":{}}],"name":"WingLeftA"},{"frame":[{"duration":30,"transform":{"skX":-0.88,"skY":-0.88}},{"duration":0,"transform":{"skX":-0.88,"skY":-0.88}}],"name":"wing left"},{"frame":[{"duration":30,"transform":{"skX":1.64,"skY":1.64}},{"duration":0,"transform":{"skX":1.64,"skY":1.64}}],"name":"Mid13"},{"frame":[{"duration":30,"transform":{"skX":-8.33,"skY":-8.33}},{"duration":0,"transform":{"skX":-8.33,"skY":-8.33}}],"name":"Mid14"},{"frame":[{"curve":[0.264,0,0.608,0.36],"duration":5,"transform":{}},{"curve":[0.305,0.24,0.647,0.58],"duration":5,"transform":{"skX":-276,"skY":-276}},{"curve":[0.331,0.29,0.672,0.63],"duration":5,"transform":{"skX":-236.73,"skY":-236.73}},{"curve":[0.506,0.3,0.951,0.68],"duration":15,"transform":{"skX":-301.08,"skY":-301.08}},{"duration":0,"transform":{}}],"name":"gear"},{"frame":[{"curve":[0.25,0,0.959,0.59],"duration":10,"transform":{}},{"curve":[0.25,0,0.241,0.95],"duration":5,"transform":{"y":-79.8,"x":-26.6}},{"curve":[0.25,0,0.75,1],"duration":15,"transform":{"y":-70.4,"x":-158.27}},{"duration":0,"transform":{}}],"name":"HeadIK"},{"frame":[{"duration":30,"transform":{"skX":-3.48,"skY":-3.48}},{"duration":0,"transform":{"skX":-3.48,"skY":-3.48}}],"name":"head topp"},{"frame":[{"curve":[0.25,0,0.959,0.59],"duration":10,"transform":{}},{"curve":[0.25,0,0.241,0.95],"duration":5,"transform":{"y":-209.23,"x":85.35}},{"curve":[0.25,0,0.75,1],"duration":15,"transform":{"y":46.59,"x":-46.32}},{"duration":0,"transform":{}}],"name":"MouthIK"},{"frame":[{"curve":[0.25,0,0.959,0.59],"duration":10,"transform":{"skX":0.47,"skY":0.47}},{"curve":[0.25,0,0.241,0.95],"duration":5,"transform":{"skX":0.47,"skY":0.47,"y":0.61,"x":-15.04}},{"curve":[0.25,0,0.75,1],"duration":15,"transform":{"skX":0.47,"skY":0.47,"y":26.13,"x":-8.55}},{"duration":0,"transform":{"skX":0.47,"skY":0.47}}],"name":"head bottom"},{"frame":[{"duration":30,"transform":{}},{"duration":0,"transform":{}}],"name":"WhiskerLeftA"},{"frame":[{"duration":30,"transform":{}},{"duration":0,"transform":{}}],"name":"whisker left"},{"frame":[{"duration":30,"transform":{}},{"duration":0,"transform":{}}],"name":"head bottom3"},{"frame":[{"duration":30,"transform":{}},{"duration":0,"transform":{}}],"name":"WhiskerLeftB"},{"frame":[{"duration":30,"transform":{}},{"duration":0,"transform":{}}],"name":"head bottom4"},{"frame":[{"duration":30,"transform":{}},{"duration":0,"transform":{}}],"name":"head bottom5"},{"frame":[{"duration":30,"transform":{}},{"duration":0,"transform":{}}],"name":"WhiskerLeftC"},{"frame":[{"duration":30,"transform":{}},{"duration":0,"transform":{}}],"name":"head bottom6"},{"frame":[{"duration":30,"transform":{}},{"duration":0,"transform":{}}],"name":"head bottom7"},{"frame":[{"duration":30,"transform":{}},{"duration":0,"transform":{}}],"name":"WhiskerLeftD"},{"frame":[{"duration":30,"transform":{}},{"duration":0,"transform":{}}],"name":"head bottom8"},{"frame":[{"duration":30,"transform":{}},{"duration":0,"transform":{}}],"name":"WhiskerRightA"},{"frame":[{"duration":30,"transform":{}},{"duration":0,"transform":{}}],"name":"whiskerright"},{"frame":[{"duration":30,"transform":{}},{"duration":0,"transform":{}}],"name":"head bottom9"},{"frame":[{"duration":30,"transform":{}},{"duration":0,"transform":{}}],"name":"WhiskerRightB"},{"frame":[{"duration":30,"transform":{}},{"duration":0,"transform":{}}],"name":"head bottom10"},{"frame":[{"duration":30,"transform":{}},{"duration":0,"transform":{}}],"name":"head bottom11"},{"frame":[{"duration":30,"transform":{}},{"duration":0,"transform":{}}],"name":"WhiskerRightC"},{"frame":[{"duration":30,"transform":{}},{"duration":0,"transform":{}}],"name":"head bottom12"},{"frame":[{"duration":30,"transform":{}},{"duration":0,"transform":{}}],"name":"head bottom13"},{"frame":[{"duration":30,"transform":{}},{"duration":0,"transform":{}}],"name":"WhiskerRightD"},{"frame":[{"duration":30,"transform":{}},{"duration":0,"transform":{}}],"name":"head bottom14"},{"frame":[{"curve":[0.25,0,0.959,0.59],"duration":10,"transform":{}},{"curve":[0.25,0,0.241,0.95],"duration":5,"transform":{"scX":0.96,"scY":0.96}},{"duration":15,"transform":{}},{"duration":0,"transform":{}}],"name":"shadow"},{"frame":[{"curve":[0.25,0,0.959,0.59],"duration":10,"transform":{"y":24.73,"x":41.22}},{"tweenEasing":0,"duration":20,"transform":{"y":66.53,"x":56.42}},{"duration":0,"transform":{"y":24.73,"x":41.22}}],"name":"Wing Left B"}],"slot":[],"duration":30,"name":"Attack"},{"ik":[],"frame":[],"ffd":[],"bone":[{"frame":[{"tweenEasing":0,"duration":10,"transform":{}},{"curve":[0.25,0,0.241,0.95],"duration":5,"transform":{"x":85.5}},{"duration":25,"transform":{"x":10.26}},{"tweenEasing":0,"duration":10,"transform":{"x":10.26}},{"duration":0,"transform":{}}],"name":"root"},{"frame":[{"tweenEasing":0,"duration":10,"transform":{}},{"curve":[0.25,0,0.241,0.95],"duration":5,"transform":{"y":-43.7,"x":136.8}},{"curve":[0.25,0,0.75,1],"duration":5,"transform":{"y":3.33,"x":-56.94}},{"tweenEasing":0,"duration":5,"transform":{"y":26.49,"x":-56.94}},{"tweenEasing":0,"duration":5,"transform":{"y":-7.37,"x":-56.94}},{"tweenEasing":0,"duration":5,"transform":{"y":26.49,"x":-56.94}},{"tweenEasing":0,"duration":5,"transform":{"y":-5.58,"x":-56.94}},{"tweenEasing":0,"duration":10,"transform":{"y":4.92,"x":83.06}},{"duration":0,"transform":{}}],"name":"Mid"},{"frame":[{"duration":40,"transform":{}},{"duration":10,"transform":{}},{"duration":0,"transform":{}}],"name":"Bottom"},{"frame":[{"tweenEasing":0,"duration":10,"transform":{}},{"duration":30,"transform":{"skX":-9.47,"skY":-9.47}},{"tweenEasing":0,"duration":10,"transform":{"skX":-9.47,"skY":-9.47}},{"duration":0,"transform":{}}],"name":"Mid3"},{"frame":[{"duration":40,"transform":{}},{"duration":10,"transform":{}},{"duration":0,"transform":{}}],"name":"Mid4"},{"frame":[{"duration":40,"transform":{}},{"duration":10,"transform":{}},{"duration":0,"transform":{}}],"name":"Mid5"},{"frame":[{"duration":40,"transform":{}},{"duration":10,"transform":{}},{"duration":0,"transform":{}}],"name":"Mid6"},{"frame":[{"duration":40,"transform":{}},{"duration":10,"transform":{}},{"duration":0,"transform":{}}],"name":"Mid7"},{"frame":[{"duration":40,"transform":{}},{"duration":10,"transform":{}},{"duration":0,"transform":{}}],"name":"Mid8"},{"frame":[{"tweenEasing":0,"duration":10,"transform":{}},{"curve":[0.367,0.145,0.4645,0.77],"duration":5,"transform":{"x":-43.7}},{"duration":25,"transform":{"scX":1.16,"scY":1.08,"x":-83.63}},{"tweenEasing":0,"duration":10,"transform":{"scX":1.16,"scY":1.08,"x":-83.63}},{"duration":0,"transform":{}}],"name":"top"},{"frame":[{"duration":40,"transform":{}},{"duration":10,"transform":{}},{"duration":0,"transform":{}}],"name":"Mid9"},{"frame":[{"duration":40,"transform":{}},{"duration":10,"transform":{}},{"duration":0,"transform":{}}],"name":"Mid10"},{"frame":[{"duration":40,"transform":{}},{"duration":10,"transform":{}},{"duration":0,"transform":{}}],"name":"Mid11"},{"frame":[{"duration":40,"transform":{}},{"duration":10,"transform":{}},{"duration":0,"transform":{}}],"name":"shoulder Right"},{"frame":[{"tweenEasing":0,"duration":10,"transform":{}},{"curve":[0.25,0,0.241,0.95],"duration":5,"transform":{"y":-28.5,"x":45.6}},{"duration":25,"transform":{"y":-101.75,"x":-76.48}},{"tweenEasing":0,"duration":10,"transform":{"y":-101.75,"x":-76.48}},{"duration":0,"transform":{}}],"name":"clawRight"},{"frame":[{"tweenEasing":0,"duration":40,"transform":{"skX":0.43,"skY":0.43}},{"tweenEasing":0,"duration":10,"transform":{"skX":18.87,"skY":18.87}},{"duration":0,"transform":{"skX":0.43,"skY":0.43}}],"name":"arm right"},{"frame":[{"tweenEasing":0,"duration":40,"transform":{"skX":-1,"skY":-1}},{"tweenEasing":0,"duration":10,"transform":{"skX":36.03,"skY":36.03}},{"duration":0,"transform":{"skX":-1,"skY":-1}}],"name":"arm right b"},{"frame":[{"tweenEasing":0,"duration":10,"transform":{}},{"curve":[0.25,0,0.241,0.95],"duration":5,"transform":{"y":-53.2,"x":93.1}},{"curve":[0.25,0,0.75,1],"duration":25,"transform":{"y":-0.52,"x":-9.7}},{"tweenEasing":0,"duration":10,"transform":{"y":25.26,"x":29.72}},{"duration":0,"transform":{}}],"name":"ClawLeft"},{"frame":[{"tweenEasing":0,"duration":40,"transform":{"skX":2.29,"skY":2.29}},{"tweenEasing":0,"duration":10,"transform":{"skX":-3.26,"skY":-3.26}},{"duration":0,"transform":{"skX":2.29,"skY":2.29}}],"name":"arm left"},{"frame":[{"tweenEasing":0,"duration":40,"transform":{"skX":-1.41,"skY":-1.41}},{"tweenEasing":0,"duration":10,"transform":{"skX":5.9,"skY":5.9}},{"duration":0,"transform":{"skX":-1.41,"skY":-1.41}}],"name":"arm left b"},{"frame":[{"tweenEasing":0,"duration":10,"transform":{}},{"curve":[0.318,0,0.373,0.69],"duration":5,"transform":{}},{"duration":25,"transform":{"skX":19.3,"skY":19.3,"y":3.01,"x":-48.88}},{"tweenEasing":0,"duration":10,"transform":{"skX":19.3,"skY":19.3,"y":3.01,"x":-48.88}},{"duration":0,"transform":{}}],"name":"WingrightA"},{"frame":[{"tweenEasing":0,"duration":40,"transform":{"skX":-0.23,"skY":-0.23}},{"tweenEasing":0,"duration":10,"transform":{"skX":9.77,"skY":9.77}},{"duration":0,"transform":{"skX":-0.23,"skY":-0.23}}],"name":"wing Right"},{"frame":[{"tweenEasing":0,"duration":40,"transform":{"skX":-6.01,"skY":-6.01}},{"tweenEasing":0,"duration":10,"transform":{"skX":-59.4,"skY":-59.4}},{"duration":0,"transform":{"skX":-6.01,"skY":-6.01}}],"name":"top3"},{"frame":[{"tweenEasing":0,"duration":10,"transform":{}},{"duration":30,"transform":{"y":-66.5,"x":-136.8}},{"tweenEasing":0,"duration":10,"transform":{"y":-66.5,"x":-136.8}},{"duration":0,"transform":{}}],"name":"Wing RightA"},{"frame":[{"tweenEasing":0,"duration":40,"transform":{"skX":1.73,"skY":1.73}},{"tweenEasing":0,"duration":10,"transform":{"skX":32.1,"skY":32.1}},{"duration":0,"transform":{"skX":1.73,"skY":1.73}}],"name":"top4"},{"frame":[{"duration":40,"transform":{}},{"duration":10,"transform":{}},{"duration":0,"transform":{}}],"name":"WingLeftA"},{"frame":[{"tweenEasing":0,"duration":40,"transform":{"skX":-0.88,"skY":-0.88}},{"tweenEasing":0,"duration":10,"transform":{"skX":24.99,"skY":24.99}},{"duration":0,"transform":{"skX":-0.88,"skY":-0.88}}],"name":"wing left"},{"frame":[{"tweenEasing":0,"duration":40,"transform":{"skX":1.64,"skY":1.64}},{"tweenEasing":0,"duration":10,"transform":{"skX":-39.13,"skY":-39.13}},{"duration":0,"transform":{"skX":1.64,"skY":1.64}}],"name":"Mid13"},{"frame":[{"tweenEasing":0,"duration":10,"transform":{}},{"duration":30,"transform":{"y":66.53,"x":56.42}},{"tweenEasing":0,"duration":10,"transform":{"y":66.53,"x":56.42}},{"duration":0,"transform":{}}],"name":"Wing Left B"},{"frame":[{"tweenEasing":0,"duration":40,"transform":{"skX":-8.33,"skY":-8.33}},{"tweenEasing":0,"duration":10,"transform":{"skX":19.92,"skY":19.92}},{"duration":0,"transform":{"skX":-8.33,"skY":-8.33}}],"name":"Mid14"},{"frame":[{"tweenEasing":0,"duration":10,"transform":{}},{"curve":[0.331,0.29,0.672,0.63],"duration":5,"transform":{"skX":-236.73,"skY":-236.73}},{"curve":[0.506,0.3,0.951,0.68],"duration":25,"transform":{"skX":-301.08,"skY":-301.08}},{"tweenEasing":0,"duration":10,"transform":{"skX":58.92,"skY":58.92}},{"duration":0,"transform":{}}],"name":"gear"},{"frame":[{"tweenEasing":0,"duration":10,"transform":{}},{"curve":[0.25,0,0.241,0.95],"duration":5,"transform":{"y":-79.8,"x":-26.6}},{"duration":25,"transform":{"y":-70.4,"x":-158.27}},{"tweenEasing":0,"duration":10,"transform":{"y":-70.4,"x":-158.27}},{"duration":0,"transform":{}}],"name":"HeadIK"},{"frame":[{"tweenEasing":0,"duration":40,"transform":{"skX":-3.48,"skY":-3.48}},{"tweenEasing":0,"duration":10,"transform":{"skX":13.58,"skY":13.58}},{"duration":0,"transform":{"skX":-3.48,"skY":-3.48}}],"name":"head topp"},{"frame":[{"tweenEasing":0,"duration":10,"transform":{}},{"curve":[0.25,0,0.241,0.95],"duration":5,"transform":{"y":-209.23,"x":85.35}},{"curve":[0.25,0,0.75,1],"duration":5,"transform":{"y":46.59,"x":-89.54}},{"tweenEasing":0,"duration":5,"transform":{"y":46.59,"x":-132.76}},{"tweenEasing":0,"duration":5,"transform":{"y":46.59,"x":-79.94}},{"tweenEasing":0,"duration":5,"transform":{"y":46.59,"x":-175.98}},{"duration":5,"transform":{"y":46.59,"x":-113.55}},{"tweenEasing":0,"duration":10,"transform":{"y":46.59,"x":-113.55}},{"duration":0,"transform":{}}],"name":"MouthIK"},{"frame":[{"tweenEasing":0,"duration":10,"transform":{"skX":0.47,"skY":0.47}},{"curve":[0.25,0,0.241,0.95],"duration":5,"transform":{"skX":0.47,"skY":0.47,"y":0.61,"x":-15.04}},{"curve":[0.25,0,0.75,1],"duration":5,"transform":{"skX":0.47,"skY":0.47,"y":42.15,"x":-4.77}},{"tweenEasing":0,"duration":5,"transform":{"skX":0.47,"skY":0.47,"y":47.14,"x":-2.47}},{"tweenEasing":0,"duration":5,"transform":{"skX":0.47,"skY":0.47,"y":33.54,"x":-4.28}},{"tweenEasing":0,"duration":5,"transform":{"skX":0.47,"skY":0.47,"y":46,"x":1.46}},{"duration":5,"transform":{"skX":0.47,"skY":0.47,"y":36.5,"x":0.03}},{"tweenEasing":0,"duration":10,"transform":{"skX":-7.59,"skY":-7.59,"y":36.5,"x":0.03}},{"duration":0,"transform":{"skX":0.47,"skY":0.47}}],"name":"head bottom"},{"frame":[{"duration":40,"transform":{}},{"duration":10,"transform":{}},{"duration":0,"transform":{}}],"name":"WhiskerLeftA"},{"frame":[{"duration":40,"transform":{}},{"duration":10,"transform":{}},{"duration":0,"transform":{}}],"name":"whisker left"},{"frame":[{"duration":40,"transform":{}},{"duration":10,"transform":{}},{"duration":0,"transform":{}}],"name":"head bottom3"},{"frame":[{"duration":40,"transform":{}},{"duration":10,"transform":{}},{"duration":0,"transform":{}}],"name":"WhiskerLeftB"},{"frame":[{"duration":40,"transform":{}},{"duration":10,"transform":{}},{"duration":0,"transform":{}}],"name":"head bottom4"},{"frame":[{"duration":40,"transform":{}},{"duration":10,"transform":{}},{"duration":0,"transform":{}}],"name":"head bottom5"},{"frame":[{"duration":40,"transform":{}},{"duration":10,"transform":{}},{"duration":0,"transform":{}}],"name":"WhiskerLeftC"},{"frame":[{"duration":40,"transform":{}},{"duration":10,"transform":{}},{"duration":0,"transform":{}}],"name":"head bottom6"},{"frame":[{"duration":40,"transform":{}},{"duration":10,"transform":{}},{"duration":0,"transform":{}}],"name":"head bottom7"},{"frame":[{"duration":40,"transform":{}},{"duration":10,"transform":{}},{"duration":0,"transform":{}}],"name":"WhiskerLeftD"},{"frame":[{"duration":40,"transform":{}},{"duration":10,"transform":{}},{"duration":0,"transform":{}}],"name":"head bottom8"},{"frame":[{"duration":40,"transform":{}},{"duration":10,"transform":{}},{"duration":0,"transform":{}}],"name":"WhiskerRightA"},{"frame":[{"duration":40,"transform":{}},{"duration":10,"transform":{}},{"duration":0,"transform":{}}],"name":"whiskerright"},{"frame":[{"duration":40,"transform":{}},{"duration":10,"transform":{}},{"duration":0,"transform":{}}],"name":"head bottom9"},{"frame":[{"duration":40,"transform":{}},{"duration":10,"transform":{}},{"duration":0,"transform":{}}],"name":"WhiskerRightB"},{"frame":[{"duration":40,"transform":{}},{"duration":10,"transform":{}},{"duration":0,"transform":{}}],"name":"head bottom10"},{"frame":[{"duration":40,"transform":{}},{"duration":10,"transform":{}},{"duration":0,"transform":{}}],"name":"head bottom11"},{"frame":[{"duration":40,"transform":{}},{"duration":10,"transform":{}},{"duration":0,"transform":{}}],"name":"WhiskerRightC"},{"frame":[{"duration":40,"transform":{}},{"duration":10,"transform":{}},{"duration":0,"transform":{}}],"name":"head bottom12"},{"frame":[{"duration":40,"transform":{}},{"duration":10,"transform":{}},{"duration":0,"transform":{}}],"name":"head bottom13"},{"frame":[{"duration":40,"transform":{}},{"duration":10,"transform":{}},{"duration":0,"transform":{}}],"name":"WhiskerRightD"},{"frame":[{"duration":40,"transform":{}},{"duration":10,"transform":{}},{"duration":0,"transform":{}}],"name":"head bottom14"},{"frame":[{"tweenEasing":0,"duration":10,"transform":{}},{"curve":[0.25,0,0.241,0.95],"duration":5,"transform":{"scX":0.96,"scY":0.96}},{"curve":[0.284,0,0.625,0.38],"duration":5,"transform":{}},{"curve":[0.311,0.26,0.651,0.61],"duration":5,"transform":{"scX":1.02,"scY":1.02}},{"curve":[0.33,0.32,0.67,0.68],"duration":5,"transform":{"scX":0.99,"scY":0.99}},{"curve":[0.349,0.39,0.689,0.74],"duration":5,"transform":{"scX":1.01,"scY":1.01}},{"curve":[0.375,0.62,0.716,1],"duration":5,"transform":{"scX":1.04,"scY":1.06}},{"tweenEasing":0,"duration":10,"transform":{"scX":0.94,"scY":0.92}},{"duration":0,"transform":{}}],"name":"shadow"}],"slot":[],"duration":50,"name":"Attack B"},{"ik":[],"frame":[],"ffd":[],"bone":[{"frame":[{"curve":[0.252,0,0.606,0.39],"duration":10,"transform":{}},{"curve":[0.321,0.29,0.658,0.63],"duration":5,"transform":{"x":90.4}},{"curve":[0.434,0.36,0.896,0.87],"duration":25,"transform":{"x":-63.02}},{"duration":0,"transform":{}}],"name":"root"},{"frame":[{"curve":[0.25,0,0.9,0.85],"duration":10,"transform":{}},{"curve":[0.25,0,0.389,0.94],"duration":5,"transform":{"skX":-8.4,"skY":-8.4,"y":-97.52,"x":364.44}},{"curve":[0.25,0,0.75,1],"duration":15,"transform":{"skX":-22.8,"skY":-22.8,"y":9.72,"x":-404.83}},{"curve":[0.25,0,0.75,1],"duration":10,"transform":{"skX":-8.4,"skY":-8.4,"y":-97.52,"x":364.44}},{"duration":0,"transform":{}}],"name":"Mid"},{"frame":[{"duration":40,"transform":{}},{"duration":0,"transform":{}}],"name":"Bottom"},{"frame":[{"duration":40,"transform":{}},{"duration":0,"transform":{}}],"name":"Mid3"},{"frame":[{"duration":40,"transform":{}},{"duration":0,"transform":{}}],"name":"Mid4"},{"frame":[{"duration":40,"transform":{}},{"duration":0,"transform":{}}],"name":"Mid5"},{"frame":[{"duration":40,"transform":{}},{"duration":0,"transform":{}}],"name":"Mid6"},{"frame":[{"duration":40,"transform":{}},{"duration":0,"transform":{}}],"name":"Mid7"},{"frame":[{"duration":40,"transform":{}},{"duration":0,"transform":{}}],"name":"Mid8"},{"frame":[{"duration":40,"transform":{}},{"duration":0,"transform":{}}],"name":"top"},{"frame":[{"duration":40,"transform":{}},{"duration":0,"transform":{}}],"name":"Mid9"},{"frame":[{"duration":40,"transform":{}},{"duration":0,"transform":{}}],"name":"Mid10"},{"frame":[{"curve":[0.234,0,0.61,0.43],"duration":15,"transform":{}},{"curve":[0.434,0.36,0.896,0.87],"duration":25,"transform":{"y":74,"x":-13.69}},{"duration":0,"transform":{}}],"name":"Mid11"},{"frame":[{"curve":[0.25,0,0.9,0.85],"duration":10,"transform":{}},{"curve":[0.25,0,0.389,0.94],"duration":5,"transform":{"skX":56.4,"skY":56.4,"y":16.29,"x":-19.62}},{"curve":[0.25,0,0.75,1],"duration":15,"transform":{"skX":56.4,"skY":56.4,"y":-83.37,"x":-38.91}},{"curve":[0.25,0,0.75,1],"duration":10,"transform":{"skX":56.4,"skY":56.4,"y":16.29,"x":-19.62}},{"duration":0,"transform":{}}],"name":"shoulder Right"},{"frame":[{"curve":[0.25,0,0.9,0.85],"duration":10,"transform":{}},{"curve":[0.25,0,0.389,0.94],"duration":5,"transform":{"y":-195.55,"x":367.83}},{"curve":[0.25,0,0.75,1],"duration":15,"transform":{"y":343.32,"x":-919.45}},{"curve":[0.25,0,0.75,1],"duration":10,"transform":{"y":-195.55,"x":367.83}},{"duration":0,"transform":{}}],"name":"clawRight"},{"frame":[{"curve":[0.237,0,0.643,0.475],"duration":10,"transform":{"skX":0.43,"skY":0.43}},{"curve":[0.437,0.375,0.883,0.86],"duration":5,"transform":{"skX":-87.68,"skY":-87.68,"y":-12.66,"x":-11.25}},{"curve":[0.25,0,0.75,1],"duration":25,"transform":{"skX":-87.68,"skY":-87.68,"y":-65.34,"x":-69.05}},{"duration":0,"transform":{"skX":0.43,"skY":0.43}}],"name":"arm right"},{"frame":[{"curve":[0.237,0,0.643,0.475],"duration":10,"transform":{"skX":-1,"skY":-1}},{"curve":[0.3435,0.1875,0.636,0.8999999999999999],"duration":5,"transform":{"skX":44.55,"skY":44.55,"y":-1.1,"x":1.15}},{"curve":[0.25,0,0.75,1],"duration":15,"transform":{"skX":44.55,"skY":44.55,"scX":1.48,"y":48.99,"scY":1.42,"x":24.58}},{"duration":10,"transform":{"skX":44.55,"skY":44.55,"y":48.99,"x":24.58}},{"duration":0,"transform":{"skX":-1,"skY":-1}}],"name":"arm right b"},{"frame":[{"curve":[0.25,0,0.9,0.85],"duration":10,"transform":{}},{"curve":[0.25,0,0.389,0.94],"duration":5,"transform":{"skX":1.2,"skY":1.2,"y":-88.04,"x":440.38}},{"curve":[0.25,0,0.75,1],"duration":15,"transform":{"skX":1.2,"skY":1.2,"y":-18.69,"x":-293.53}},{"curve":[0.25,0,0.75,1],"duration":10,"transform":{"skX":1.2,"skY":1.2,"y":-88.04,"x":440.38}},{"duration":0,"transform":{}}],"name":"ClawLeft"},{"frame":[{"duration":40,"transform":{"skX":2.29,"skY":2.29}},{"duration":0,"transform":{"skX":2.29,"skY":2.29}}],"name":"arm left"},{"frame":[{"duration":40,"transform":{"skX":-1.41,"skY":-1.41}},{"duration":0,"transform":{"skX":-1.41,"skY":-1.41}}],"name":"arm left b"},{"frame":[{"curve":[0.25,0,0.9,0.85],"duration":10,"transform":{}},{"duration":20,"transform":{"y":-243.91,"x":458.91}},{"curve":[0.25,0,0.75,1],"duration":10,"transform":{"y":-243.91,"x":458.91}},{"duration":0,"transform":{}}],"name":"WingrightA"},{"frame":[{"duration":40,"transform":{"skX":-0.23,"skY":-0.23}},{"duration":0,"transform":{"skX":-0.23,"skY":-0.23}}],"name":"wing Right"},{"frame":[{"curve":[0.25,0,0.9,0.85],"duration":10,"transform":{"skX":-6.01,"skY":-6.01}},{"duration":20,"transform":{"skX":-6.01,"skY":-6.01,"y":-3.79,"x":-1.7}},{"curve":[0.25,0,0.75,1],"duration":10,"transform":{"skX":-6.01,"skY":-6.01,"y":-3.79,"x":-1.7}},{"duration":0,"transform":{"skX":-6.01,"skY":-6.01}}],"name":"top3"},{"frame":[{"curve":[0.25,0,0.9,0.85],"duration":10,"transform":{}},{"duration":20,"transform":{"y":-434.12,"x":512.43}},{"curve":[0.25,0,0.75,1],"duration":10,"transform":{"y":-434.12,"x":512.43}},{"duration":0,"transform":{}}],"name":"Wing RightA"},{"frame":[{"duration":40,"transform":{"skX":1.73,"skY":1.73}},{"duration":0,"transform":{"skX":1.73,"skY":1.73}}],"name":"top4"},{"frame":[{"curve":[0.25,0,0.9,0.85],"duration":10,"transform":{}},{"duration":20,"transform":{"y":-71.54,"x":286.16}},{"curve":[0.25,0,0.75,1],"duration":10,"transform":{"y":-71.54,"x":286.16}},{"duration":0,"transform":{}}],"name":"WingLeftA"},{"frame":[{"duration":40,"transform":{"skX":-0.88,"skY":-0.88}},{"duration":0,"transform":{"skX":-0.88,"skY":-0.88}}],"name":"wing left"},{"frame":[{"duration":40,"transform":{"skX":1.64,"skY":1.64}},{"duration":0,"transform":{"skX":1.64,"skY":1.64}}],"name":"Mid13"},{"frame":[{"tweenEasing":0,"duration":10,"transform":{}},{"duration":10,"transform":{"y":-174.35,"x":84.24}},{"tweenEasing":0,"duration":10,"transform":{"y":-174.35,"x":84.24}},{"duration":10,"transform":{}}],"name":"Wing Left B"},{"frame":[{"duration":40,"transform":{"skX":-8.33,"skY":-8.33}},{"duration":0,"transform":{"skX":-8.33,"skY":-8.33}}],"name":"Mid14"},{"frame":[{"duration":40,"transform":{}},{"duration":0,"transform":{}}],"name":"gear"},{"frame":[{"curve":[0.25,0,0.9,0.85],"duration":15,"transform":{}},{"curve":[0.25,0,0.75,1],"duration":25,"transform":{"y":44.82,"x":-598.84}},{"duration":0,"transform":{}}],"name":"HeadIK"},{"frame":[{"duration":40,"transform":{"skX":-3.48,"skY":-3.48}},{"duration":0,"transform":{"skX":-3.48,"skY":-3.48}}],"name":"head topp"},{"frame":[{"curve":[0.25,0,0.9,0.85],"duration":10,"transform":{}},{"curve":[0.25,0,0.389,0.94],"duration":5,"transform":{"y":36.72,"x":367.64}},{"curve":[0.25,0,0.75,1],"duration":15,"transform":{"y":197.04,"x":-237.62}},{"curve":[0.25,0,0.75,1],"duration":10,"transform":{"y":36.72,"x":367.64}},{"duration":0,"transform":{}}],"name":"MouthIK"},{"frame":[{"curve":[0.25,0,0.9,0.85],"duration":15,"transform":{"skX":0.47,"skY":0.47}},{"curve":[0.25,0,0.75,1],"duration":25,"transform":{"skX":0.47,"skY":0.47,"y":34.97,"x":-17.47}},{"duration":0,"transform":{"skX":0.47,"skY":0.47}}],"name":"head bottom"},{"frame":[{"duration":40,"transform":{}},{"duration":0,"transform":{}}],"name":"WhiskerLeftA"},{"frame":[{"duration":40,"transform":{}},{"duration":0,"transform":{}}],"name":"whisker left"},{"frame":[{"duration":40,"transform":{}},{"duration":0,"transform":{}}],"name":"head bottom3"},{"frame":[{"duration":40,"transform":{}},{"duration":0,"transform":{}}],"name":"WhiskerLeftB"},{"frame":[{"duration":40,"transform":{}},{"duration":0,"transform":{}}],"name":"head bottom4"},{"frame":[{"duration":40,"transform":{}},{"duration":0,"transform":{}}],"name":"head bottom5"},{"frame":[{"duration":40,"transform":{}},{"duration":0,"transform":{}}],"name":"WhiskerLeftC"},{"frame":[{"duration":40,"transform":{}},{"duration":0,"transform":{}}],"name":"head bottom6"},{"frame":[{"duration":40,"transform":{}},{"duration":0,"transform":{}}],"name":"head bottom7"},{"frame":[{"duration":40,"transform":{}},{"duration":0,"transform":{}}],"name":"WhiskerLeftD"},{"frame":[{"duration":40,"transform":{}},{"duration":0,"transform":{}}],"name":"head bottom8"},{"frame":[{"duration":40,"transform":{}},{"duration":0,"transform":{}}],"name":"WhiskerRightA"},{"frame":[{"duration":40,"transform":{}},{"duration":0,"transform":{}}],"name":"whiskerright"},{"frame":[{"duration":40,"transform":{}},{"duration":0,"transform":{}}],"name":"head bottom9"},{"frame":[{"duration":40,"transform":{}},{"duration":0,"transform":{}}],"name":"WhiskerRightB"},{"frame":[{"duration":40,"transform":{}},{"duration":0,"transform":{}}],"name":"head bottom10"},{"frame":[{"duration":40,"transform":{}},{"duration":0,"transform":{}}],"name":"head bottom11"},{"frame":[{"duration":40,"transform":{}},{"duration":0,"transform":{}}],"name":"WhiskerRightC"},{"frame":[{"duration":40,"transform":{}},{"duration":0,"transform":{}}],"name":"head bottom12"},{"frame":[{"duration":40,"transform":{}},{"duration":0,"transform":{}}],"name":"head bottom13"},{"frame":[{"duration":40,"transform":{}},{"duration":0,"transform":{}}],"name":"WhiskerRightD"},{"frame":[{"duration":40,"transform":{}},{"duration":0,"transform":{}}],"name":"head bottom14"},{"frame":[{"curve":[0.252,0,0.606,0.39],"duration":10,"transform":{}},{"curve":[0.321,0.29,0.658,0.63],"duration":5,"transform":{"scX":0.9,"scY":0.9}},{"curve":[0.434,0.36,0.896,0.87],"duration":25,"transform":{"scX":1.07,"scY":1.03}},{"duration":0,"transform":{}}],"name":"shadow"}],"slot":[],"duration":40,"name":"Attack C"},{"ik":[],"frame":[],"ffd":[],"bone":[{"frame":[{"curve":[0.25,0,0.134,0.98],"duration":10,"transform":{}},{"curve":[0.25,0,0.885,0.56],"duration":10,"transform":{"x":47.73}},{"duration":0,"transform":{}}],"name":"root"},{"frame":[{"curve":[0.25,0,0.134,0.98],"duration":10,"transform":{}},{"curve":[0.25,0,0.885,0.56],"duration":10,"transform":{"y":55.05,"x":67.29}},{"duration":0,"transform":{}}],"name":"Mid"},{"frame":[{"duration":20,"transform":{}},{"duration":0,"transform":{}}],"name":"Bottom"},{"frame":[{"duration":20,"transform":{}},{"duration":0,"transform":{}}],"name":"Mid3"},{"frame":[{"duration":20,"transform":{}},{"duration":0,"transform":{}}],"name":"Mid4"},{"frame":[{"duration":20,"transform":{}},{"duration":0,"transform":{}}],"name":"Mid5"},{"frame":[{"duration":20,"transform":{}},{"duration":0,"transform":{}}],"name":"Mid6"},{"frame":[{"duration":20,"transform":{}},{"duration":0,"transform":{}}],"name":"Mid7"},{"frame":[{"duration":20,"transform":{}},{"duration":0,"transform":{}}],"name":"Mid8"},{"frame":[{"curve":[0.25,0,0.134,0.98],"duration":10,"transform":{}},{"curve":[0.25,0,0.885,0.56],"duration":10,"transform":{"y":-8.16,"x":-40.4}},{"duration":0,"transform":{}}],"name":"top"},{"frame":[{"duration":20,"transform":{}},{"duration":0,"transform":{}}],"name":"Mid9"},{"frame":[{"curve":[0.25,0,0.134,0.98],"duration":10,"transform":{}},{"curve":[0.25,0,0.885,0.56],"duration":10,"transform":{"y":30.91,"x":-51.64}},{"duration":0,"transform":{}}],"name":"Mid10"},{"frame":[{"duration":20,"transform":{}},{"duration":0,"transform":{}}],"name":"Mid11"},{"frame":[{"duration":20,"transform":{}},{"duration":0,"transform":{}}],"name":"shoulder Right"},{"frame":[{"duration":20,"transform":{}},{"duration":0,"transform":{}}],"name":"clawRight"},{"frame":[{"duration":20,"transform":{"skX":0.43,"skY":0.43}},{"duration":0,"transform":{"skX":0.43,"skY":0.43}}],"name":"arm right"},{"frame":[{"duration":20,"transform":{"skX":-1,"skY":-1}},{"duration":0,"transform":{"skX":-1,"skY":-1}}],"name":"arm right b"},{"frame":[{"duration":20,"transform":{}},{"duration":0,"transform":{}}],"name":"ClawLeft"},{"frame":[{"duration":20,"transform":{"skX":2.29,"skY":2.29}},{"duration":0,"transform":{"skX":2.29,"skY":2.29}}],"name":"arm left"},{"frame":[{"duration":20,"transform":{"skX":-1.41,"skY":-1.41}},{"duration":0,"transform":{"skX":-1.41,"skY":-1.41}}],"name":"arm left b"},{"frame":[{"curve":[0.25,0,0.134,0.98],"duration":10,"transform":{}},{"curve":[0.25,0,0.885,0.56],"duration":10,"transform":{"y":53.87,"x":19.4}},{"duration":0,"transform":{}}],"name":"WingrightA"},{"frame":[{"duration":20,"transform":{"skX":-0.23,"skY":-0.23}},{"duration":0,"transform":{"skX":-0.23,"skY":-0.23}}],"name":"wing Right"},{"frame":[{"duration":20,"transform":{"skX":-6.01,"skY":-6.01}},{"duration":0,"transform":{"skX":-6.01,"skY":-6.01}}],"name":"top3"},{"frame":[{"curve":[0.25,0,0.134,0.98],"duration":10,"transform":{}},{"curve":[0.25,0,0.885,0.56],"duration":10,"transform":{"y":58.19,"x":86.2}},{"duration":0,"transform":{}}],"name":"Wing RightA"},{"frame":[{"duration":20,"transform":{"skX":1.73,"skY":1.73}},{"duration":0,"transform":{"skX":1.73,"skY":1.73}}],"name":"top4"},{"frame":[{"duration":20,"transform":{}},{"duration":0,"transform":{}}],"name":"WingLeftA"},{"frame":[{"duration":20,"transform":{"skX":-0.88,"skY":-0.88}},{"duration":0,"transform":{"skX":-0.88,"skY":-0.88}}],"name":"wing left"},{"frame":[{"duration":20,"transform":{"skX":1.64,"skY":1.64}},{"duration":0,"transform":{"skX":1.64,"skY":1.64}}],"name":"Mid13"},{"frame":[{"curve":[0.25,0,0.134,0.98],"duration":10,"transform":{}},{"curve":[0.25,0,0.885,0.56],"duration":10,"transform":{"y":49.56,"x":-92.67}},{"duration":0,"transform":{}}],"name":"Wing Left B"},{"frame":[{"duration":20,"transform":{"skX":-8.33,"skY":-8.33}},{"duration":0,"transform":{"skX":-8.33,"skY":-8.33}}],"name":"Mid14"},{"frame":[{"duration":20,"transform":{}},{"duration":0,"transform":{}}],"name":"gear"},{"frame":[{"curve":[0.25,0,0.134,0.98],"duration":10,"transform":{}},{"curve":[0.25,0,0.885,0.56],"duration":10,"transform":{"y":50.97,"x":-24.47}},{"duration":0,"transform":{}}],"name":"HeadIK"},{"frame":[{"duration":20,"transform":{"skX":-3.48,"skY":-3.48}},{"duration":0,"transform":{"skX":-3.48,"skY":-3.48}}],"name":"head topp"},{"frame":[{"curve":[0.25,0,0.134,0.98],"duration":10,"transform":{"y":22.43,"x":61.17}},{"curve":[0.25,0,0.885,0.56],"duration":10,"transform":{"y":101.65,"x":9.54}},{"duration":0,"transform":{"y":22.43,"x":61.17}}],"name":"MouthIK"},{"frame":[{"curve":[0.25,0,0.134,0.98],"duration":10,"transform":{"skX":0.47,"skY":0.47}},{"curve":[0.25,0,0.885,0.56],"duration":10,"transform":{"skX":0.47,"skY":0.47,"y":19.05,"x":-17.26}},{"duration":0,"transform":{"skX":0.47,"skY":0.47}}],"name":"head bottom"},{"frame":[{"duration":20,"transform":{}},{"duration":0,"transform":{}}],"name":"WhiskerLeftA"},{"frame":[{"duration":20,"transform":{}},{"duration":0,"transform":{}}],"name":"whisker left"},{"frame":[{"duration":20,"transform":{}},{"duration":0,"transform":{}}],"name":"head bottom3"},{"frame":[{"duration":20,"transform":{}},{"duration":0,"transform":{}}],"name":"WhiskerLeftB"},{"frame":[{"duration":20,"transform":{}},{"duration":0,"transform":{}}],"name":"head bottom4"},{"frame":[{"duration":20,"transform":{}},{"duration":0,"transform":{}}],"name":"head bottom5"},{"frame":[{"duration":20,"transform":{}},{"duration":0,"transform":{}}],"name":"WhiskerLeftC"},{"frame":[{"duration":20,"transform":{}},{"duration":0,"transform":{}}],"name":"head bottom6"},{"frame":[{"duration":20,"transform":{}},{"duration":0,"transform":{}}],"name":"head bottom7"},{"frame":[{"duration":20,"transform":{}},{"duration":0,"transform":{}}],"name":"WhiskerLeftD"},{"frame":[{"duration":20,"transform":{}},{"duration":0,"transform":{}}],"name":"head bottom8"},{"frame":[{"duration":20,"transform":{}},{"duration":0,"transform":{}}],"name":"WhiskerRightA"},{"frame":[{"duration":20,"transform":{}},{"duration":0,"transform":{}}],"name":"whiskerright"},{"frame":[{"duration":20,"transform":{}},{"duration":0,"transform":{}}],"name":"head bottom9"},{"frame":[{"duration":20,"transform":{}},{"duration":0,"transform":{}}],"name":"WhiskerRightB"},{"frame":[{"duration":20,"transform":{}},{"duration":0,"transform":{}}],"name":"head bottom10"},{"frame":[{"duration":20,"transform":{}},{"duration":0,"transform":{}}],"name":"head bottom11"},{"frame":[{"duration":20,"transform":{}},{"duration":0,"transform":{}}],"name":"WhiskerRightC"},{"frame":[{"duration":20,"transform":{}},{"duration":0,"transform":{}}],"name":"head bottom12"},{"frame":[{"duration":20,"transform":{}},{"duration":0,"transform":{}}],"name":"head bottom13"},{"frame":[{"duration":20,"transform":{}},{"duration":0,"transform":{}}],"name":"WhiskerRightD"},{"frame":[{"duration":20,"transform":{}},{"duration":0,"transform":{}}],"name":"head bottom14"},{"frame":[{"duration":20,"transform":{}},{"duration":0,"transform":{}}],"name":"shadow"}],"slot":[],"duration":20,"name":"Damage"},{"ik":[],"frame":[],"ffd":[],"bone":[{"frame":[{"curve":[0.25,0,0.328,0.93],"duration":30,"transform":{}},{"curve":[0.25,0,0.867,0.85],"duration":30,"transform":{"y":-12.86,"x":-9.14}},{"duration":0,"transform":{}}],"name":"Mid"},{"frame":[{"duration":60,"transform":{}},{"duration":0,"transform":{}}],"name":"root"},{"frame":[{"curve":[0.366,0,0.259,0.95],"duration":30,"transform":{}},{"curve":[0.25,0,0.892,0.73],"duration":30,"transform":{"skX":-3.6,"skY":-3.6}},{"duration":0,"transform":{}}],"name":"Bottom"},{"frame":[{"duration":60,"transform":{}},{"duration":0,"transform":{}}],"name":"Mid3"},{"frame":[{"duration":60,"transform":{}},{"duration":0,"transform":{}}],"name":"Mid4"},{"frame":[{"duration":60,"transform":{}},{"duration":0,"transform":{}}],"name":"Mid5"},{"frame":[{"duration":60,"transform":{}},{"duration":0,"transform":{}}],"name":"Mid6"},{"frame":[{"duration":60,"transform":{}},{"duration":0,"transform":{}}],"name":"Mid7"},{"frame":[{"duration":60,"transform":{}},{"duration":0,"transform":{}}],"name":"Mid8"},{"frame":[{"duration":60,"transform":{}},{"duration":0,"transform":{}}],"name":"top"},{"frame":[{"duration":60,"transform":{}},{"duration":0,"transform":{}}],"name":"Mid9"},{"frame":[{"duration":60,"transform":{}},{"duration":0,"transform":{}}],"name":"Mid10"},{"frame":[{"duration":60,"transform":{}},{"duration":0,"transform":{}}],"name":"Mid11"},{"frame":[{"duration":60,"transform":{}},{"duration":0,"transform":{}}],"name":"shoulder Right"},{"frame":[{"curve":[0.25,0,0.328,0.93],"duration":30,"transform":{}},{"curve":[0.25,0,0.867,0.85],"duration":30,"transform":{"y":-50.58,"x":25.85}},{"duration":0,"transform":{}}],"name":"clawRight"},{"frame":[{"duration":60,"transform":{"skX":0.43,"skY":0.43}},{"duration":0,"transform":{"skX":0.43,"skY":0.43}}],"name":"arm right"},{"frame":[{"duration":60,"transform":{"skX":-1,"skY":-1}},{"duration":0,"transform":{"skX":-1,"skY":-1}}],"name":"arm right b"},{"frame":[{"curve":[0.25,0,0.328,0.93],"duration":30,"transform":{}},{"curve":[0.25,0,0.867,0.85],"duration":30,"transform":{"y":-33.13,"x":1.9}},{"duration":0,"transform":{}}],"name":"ClawLeft"},{"frame":[{"duration":60,"transform":{"skX":2.29,"skY":2.29}},{"duration":0,"transform":{"skX":2.29,"skY":2.29}}],"name":"arm left"},{"frame":[{"duration":60,"transform":{"skX":-1.41,"skY":-1.41}},{"duration":0,"transform":{"skX":-1.41,"skY":-1.41}}],"name":"arm left b"},{"frame":[{"tweenEasing":0,"duration":30,"transform":{}},{"tweenEasing":0,"duration":30,"transform":{"y":-5.51,"x":-14.7}},{"duration":0,"transform":{}}],"name":"WingrightA"},{"frame":[{"duration":60,"transform":{"skX":-0.23,"skY":-0.23}},{"duration":0,"transform":{"skX":-0.23,"skY":-0.23}}],"name":"wing Right"},{"frame":[{"duration":60,"transform":{"skX":-6.01,"skY":-6.01}},{"duration":0,"transform":{"skX":-6.01,"skY":-6.01}}],"name":"top3"},{"frame":[{"curve":[0.25,0,0.727,0.93],"duration":30,"transform":{}},{"curve":[0.25,0,0.75,1],"duration":30,"transform":{"y":-103.05,"x":-152.51}},{"duration":0,"transform":{}}],"name":"Wing RightA"},{"frame":[{"duration":60,"transform":{"skX":1.73,"skY":1.73}},{"duration":0,"transform":{"skX":1.73,"skY":1.73}}],"name":"top4"},{"frame":[{"duration":60,"transform":{}},{"duration":0,"transform":{}}],"name":"WingLeftA"},{"frame":[{"duration":60,"transform":{"skX":-0.88,"skY":-0.88}},{"duration":0,"transform":{"skX":-0.88,"skY":-0.88}}],"name":"wing left"},{"frame":[{"duration":60,"transform":{"skX":1.64,"skY":1.64}},{"duration":0,"transform":{"skX":1.64,"skY":1.64}}],"name":"Mid13"},{"frame":[{"duration":60,"transform":{"skX":-8.33,"skY":-8.33}},{"duration":0,"transform":{"skX":-8.33,"skY":-8.33}}],"name":"Mid14"},{"frame":[{"curve":[0.351,0,0.682,0.35],"duration":5,"transform":{}},{"curve":[0.344,0.23,0.675,0.57],"duration":5,"transform":{"skX":-21.6,"skY":-21.6}},{"curve":[0.336,0.28,0.667,0.62],"duration":5,"transform":{"skX":-59.09,"skY":-59.09}},{"curve":[0.328,0.3,0.659,0.64],"duration":5,"transform":{"skX":-74.1,"skY":-74.1}},{"curve":[0.321,0.32,0.651,0.65],"duration":5,"transform":{"skX":-81.92,"skY":-81.92}},{"curve":[0.315,0.33,0.646,0.66],"duration":5,"transform":{"skX":-108.43,"skY":-108.43}},{"curve":[0.205,0.46,0.489,0.93],"duration":30,"transform":{"skX":-108.29,"skY":-108.29}},{"duration":0,"transform":{}}],"name":"gear"},{"frame":[{"curve":[0.25,0,0.328,0.93],"duration":30,"transform":{}},{"curve":[0.25,0,0.867,0.85],"duration":30,"transform":{"y":-53.24,"x":-31.21}},{"duration":0,"transform":{}}],"name":"HeadIK"},{"frame":[{"duration":60,"transform":{"skX":-3.48,"skY":-3.48}},{"duration":0,"transform":{"skX":-3.48,"skY":-3.48}}],"name":"head topp"},{"frame":[{"curve":[0.25,0,0.328,0.93],"duration":30,"transform":{}},{"curve":[0.25,0,0.867,0.85],"duration":30,"transform":{"x":39.96}},{"duration":0,"transform":{}}],"name":"MouthIK"},{"frame":[{"duration":60,"transform":{"skX":0.47,"skY":0.47}},{"duration":0,"transform":{"skX":0.47,"skY":0.47}}],"name":"head bottom"},{"frame":[{"duration":60,"transform":{}},{"duration":0,"transform":{}}],"name":"WhiskerLeftA"},{"frame":[{"duration":60,"transform":{}},{"duration":0,"transform":{}}],"name":"whisker left"},{"frame":[{"duration":60,"transform":{}},{"duration":0,"transform":{}}],"name":"head bottom3"},{"frame":[{"duration":60,"transform":{}},{"duration":0,"transform":{}}],"name":"WhiskerLeftB"},{"frame":[{"duration":60,"transform":{}},{"duration":0,"transform":{}}],"name":"head bottom4"},{"frame":[{"duration":60,"transform":{}},{"duration":0,"transform":{}}],"name":"head bottom5"},{"frame":[{"duration":60,"transform":{}},{"duration":0,"transform":{}}],"name":"WhiskerLeftC"},{"frame":[{"duration":60,"transform":{}},{"duration":0,"transform":{}}],"name":"head bottom6"},{"frame":[{"duration":60,"transform":{}},{"duration":0,"transform":{}}],"name":"head bottom7"},{"frame":[{"duration":60,"transform":{}},{"duration":0,"transform":{}}],"name":"WhiskerLeftD"},{"frame":[{"duration":60,"transform":{}},{"duration":0,"transform":{}}],"name":"head bottom8"},{"frame":[{"duration":60,"transform":{}},{"duration":0,"transform":{}}],"name":"WhiskerRightA"},{"frame":[{"duration":60,"transform":{}},{"duration":0,"transform":{}}],"name":"whiskerright"},{"frame":[{"duration":60,"transform":{}},{"duration":0,"transform":{}}],"name":"head bottom9"},{"frame":[{"duration":60,"transform":{}},{"duration":0,"transform":{}}],"name":"WhiskerRightB"},{"frame":[{"duration":60,"transform":{}},{"duration":0,"transform":{}}],"name":"head bottom10"},{"frame":[{"duration":60,"transform":{}},{"duration":0,"transform":{}}],"name":"head bottom11"},{"frame":[{"duration":60,"transform":{}},{"duration":0,"transform":{}}],"name":"WhiskerRightC"},{"frame":[{"duration":60,"transform":{}},{"duration":0,"transform":{}}],"name":"head bottom12"},{"frame":[{"duration":60,"transform":{}},{"duration":0,"transform":{}}],"name":"head bottom13"},{"frame":[{"duration":60,"transform":{}},{"duration":0,"transform":{}}],"name":"WhiskerRightD"},{"frame":[{"duration":60,"transform":{}},{"duration":0,"transform":{}}],"name":"head bottom14"},{"frame":[{"tweenEasing":0,"duration":30,"transform":{}},{"tweenEasing":0,"duration":30,"transform":{"scX":1.08}},{"duration":0,"transform":{}}],"name":"shadow"},{"frame":[{"curve":[0.25,0,0.429,0.96],"duration":30,"transform":{"y":24.73,"x":41.22}},{"curve":[0.25,0,0.75,1],"duration":30,"transform":{"y":-43.28,"x":-123.66}},{"duration":0,"transform":{"y":24.73,"x":41.22}}],"name":"Wing Left B"}],"slot":[],"duration":60,"name":"Idle"}],"skin":[{"name":"","slot":[{"display":[{"path":"Arm Right B","type":"image","name":"Arm Right B","transform":{"skX":-136.66,"skY":-136.66,"y":-39.91,"x":99.38}}],"name":"Arm Right B"},{"display":[{"slotPose":[1,0,0,1,0,0],"uvs":[0,0.81299,0.1235,0.74174,0.19375,0.65816,0.17731,0.56088,0.20571,0.55677,0.25205,0.43893,0.4359,0.26767,0.60629,0.13202,0.80509,0.03885,0.95307,0,1,0,0.81107,0.15394,0.8589,0.15531,0.84096,0.23615,0.95307,0.27315,0.85143,0.44716,1,0.58828,0.95307,0.69789,1,0.77736,1,0.79904,1,0.82806,0.86936,0.77462,0.87385,0.84861,0.75427,0.83765,0.54352,0.89931,0.36863,1,0.27746,1,0.24158,1,0.18927,0.93219,0.0951,0.86505,0,0.84587,0.22915,0.80035,0.28301,0.61233,0.31509,0.5388,0.49614,0.3928,0.26179,0.85497,0.31029,0.89656,0.30559,0.75745,0.36348,0.78039,0.4464,0.85067,0.33845,0.65419,0.46361,0.70582,0.59189,0.75601,0.84065,0.59826,0.46204,0.53946,0.51836,0.47636,0.72487,0.45772,0.70297,0.28132,0.72175,0.39032,0.78589,0.52799,0.63883,0.48353,0.60597,0.40753,0.43075,0.50648],"vertices":[75.45,-1176.5,133.86,-1213.27,167.09,-1256.4,159.3,-1306.6,172.74,-1308.72,194.64,-1369.53,281.59,-1457.91,362.18,-1527.92,456.2,-1576.01,526.19,-1596.07,548.39,-1596.07,459.04,-1516.62,481.66,-1515.92,473.19,-1474.21,526.22,-1455.12,478.16,-1365.34,548.44,-1292.51,526.25,-1235.95,548.46,-1194.96,548.45,-1183.76,548.46,-1168.79,486.66,-1196.35,488.79,-1158.17,432.23,-1163.82,332.53,-1131.99,249.82,-1080.01,206.69,-1080.01,189.73,-1080.01,164.98,-1115,120.43,-1149.64,75.45,-1159.54,183.83,-1183.03,209.3,-1280.05,224.48,-1318,310.1,-1393.37,199.28,-1154.85,222.22,-1133.4,219.99,-1205.17,247.38,-1193.35,286.6,-1157.08,235.53,-1258.45,294.73,-1231.82,355.42,-1205.94,473.06,-1287.35,293.98,-1317.66,320.62,-1350.23,418.29,-1359.86,407.92,-1450.87,416.8,-1394.63,447.16,-1323.61,377.6,-1346.54,362.05,-1385.74,279.18,-1334.69],"path":"Wing Right","width":473,"weights":[1,24,1,2,24,0.99097,30,0.00903,2,24,0.11978,30,0.88022,2,30,0.96298,37,0.03702,2,30,0.73999,37,0.26001,1,37,1,1,37,1,1,37,1,1,37,1,1,37,1,1,37,1,2,30,0.0001,37,0.9999,2,30,0.00024,37,0.99976,3,24,0.00008,30,0.00406,37,0.99586,3,24,0.00002,30,0.00867,37,0.99131,3,24,0.0266,30,0.06355,37,0.90986,3,24,0.07026,30,0.13295,37,0.79679,3,24,0.09485,30,0.15467,37,0.75048,3,24,0.10226,30,0.16378,37,0.73397,3,24,0.10224,30,0.16407,37,0.73369,3,24,0.10211,30,0.1642,37,0.73369,3,24,0.12827,30,0.17229,37,0.69944,3,24,0.15262,30,0.18269,37,0.66469,3,24,0.20205,30,0.19482,37,0.60313,3,24,0.55002,30,0.17992,37,0.27006,3,24,0.93362,30,0.02995,37,0.03643,3,24,0.98832,30,0.00407,37,0.00761,3,24,0.9962,30,0.00067,37,0.00313,1,24,1,1,24,1,1,24,1,2,24,0.99648,37,0.00352,2,30,0.7816,37,0.2184,3,24,0.00003,30,0.11422,37,0.88575,3,24,0.00089,30,0.00459,37,0.99453,3,24,0.97981,30,0.00893,37,0.01126,3,24,0.94719,30,0.02581,37,0.02701,3,24,0.73805,30,0.20805,37,0.0539,3,24,0.65855,30,0.22464,37,0.11682,3,24,0.66497,30,0.1615,37,0.17353,3,24,0.09034,30,0.65482,37,0.25484,3,24,0.28407,30,0.33267,37,0.38326,3,24,0.29281,30,0.22972,37,0.47748,3,24,0.07488,30,0.13186,37,0.79326,3,24,0.02865,30,0.14584,37,0.82551,3,24,0.01431,30,0.05844,37,0.92725,3,24,0.02496,30,0.06157,37,0.91347,3,24,0.00066,30,0.00388,37,0.99545,3,24,0.01,30,0.0305,37,0.95949,3,24,0.05038,30,0.10123,37,0.84839,3,24,0.02885,30,0.0735,37,0.89765,3,24,0.0077,30,0.02596,37,0.96633,3,24,0.00935,30,0.0812,37,0.90945],"type":"mesh","transform":{},"triangles":[43,17,16,15,43,16,21,19,18,17,21,18,49,43,15,13,15,14,43,21,17,47,48,13,13,48,15,11,13,12,21,23,22,46,49,15,48,46,15,11,47,13,8,7,11,46,50,49,42,24,23,44,41,42,47,51,48,48,51,46,51,50,46,34,51,47,45,44,50,51,45,50,39,24,42,34,45,51,41,39,42,39,25,24,38,39,41,44,40,41,34,52,45,52,44,45,6,5,34,36,25,39,52,33,44,33,40,44,40,38,41,38,36,39,33,32,40,35,36,38,37,35,38,40,37,38,36,26,25,31,35,37,27,26,36,28,27,36,4,32,33,5,4,33,35,28,36,4,2,32,2,1,31,31,28,35,3,2,4,29,28,31,1,29,31,0,29,1,0,30,29,19,21,20,8,11,9,9,11,10,32,37,40,32,31,37,2,31,32,52,33,34,5,33,34,47,34,11,7,34,11,6,34,7,23,42,21,43,42,21,49,50,43,50,44,43,44,42,43],"edges":[0,30,30,29,29,28,28,27,27,26,26,25,25,24,24,23,23,22,22,21,21,20,20,19,19,18,18,17,17,16,16,15,15,14,14,13,13,12,12,11,11,10,10,9,9,8,8,7,7,6,6,5,5,4,4,3,3,2,2,1,1,0],"height":516,"name":"Wing Right","bonePose":[24,0.48557268522727515,-0.8741962979566853,0.8741962979566853,0.48557268522727515,144.96116886940757,-1153.6630612419822,30,-0.03925981575906867,-0.999229036240723,0.999229036240723,-0.03925981575906867,188.72583498894187,-1232.4543735768182,37,0.7678364555305974,-0.6406459065335618,0.6406459065335618,0.7678364555305974,185.80215650936404,-1306.8669599056648],"userEdges":[29,31,31,32,33,34,34,11,32,40,40,41,41,42,42,21,21,19,17,43,43,44,44,33,33,4,4,32]}],"name":"Wing Right"},{"display":[{"path":"shadow","type":"image","name":"shadow","transform":{"y":1.52,"x":17.05}}],"name":"shadow"},{"display":[{"path":"arm right A","type":"image","name":"arm right A","transform":{"skX":-29.46,"skY":-29.46,"y":-18.24,"x":74.69}}],"name":"arm right A"},{"display":[{"path":"right shoulder","type":"image","name":"right shoulder","transform":{"skX":123.16,"skY":123.16,"y":-13.41,"x":9.38}}],"name":"right shoulder"},{"display":[{"slotPose":[1,0,0,1,0,0],"uvs":[0,0.9232,0.09251,0.81908,0.11856,0.77049,0.09114,0.69214,0.06509,0.67033,0.09388,0.66339,0.09655,0.61925,0.10073,0.55034,0.20904,0.33217,0.36327,0.17616,0.50037,0.05816,0.60319,0.0056,0.64843,0,0.52779,0.19104,0.58674,0.14245,0.57166,0.25153,0.69642,0.23071,0.7019,0.40722,0.75948,0.42111,0.77182,0.43896,0.92674,0.48656,0.9048,0.57779,1,0.61448,1,0.6353,0.86916,0.64522,0.89246,0.70274,0.79724,0.71618,0.65055,0.77172,0.53402,0.86593,0.50851,0.87299,0.50576,0.89877,0.47834,0.89084,0.45367,0.98207,0.3481,1,0.28093,0.97414,0.12738,0.95394,0.09996,0.95034,0.02044,0.95827,0.19809,0.61687,0.48789,0.55555,0.60504,0.69938,0.20117,0.68823,0.21351,0.79638,0.3123,0.53915,0.39307,0.45256,0.44067,0.50994,0.445,0.38057,0.50269,0.41291,0.56039,0.47968,0.49981,0.31379,0.5676,0.34196,0.63251,0.43273,0.35413,0.73094,0.26181,0.80501,0.22143,0.86657,0.34547,0.8937,0.4724,0.82588,0.5777,0.76015,0.47673,0.74659,0.39163,0.80188,0.29787,0.74033],"vertices":[-1.54,-1150.07,38.6,-1212.54,49.89,-1241.7,37.99,-1288.7,26.68,-1301.79,39.18,-1305.95,40.33,-1332.43,42.14,-1373.79,89.13,-1504.69,156.05,-1598.3,215.54,-1669.12,260.16,-1700.66,279.8,-1704.02,227.45,-1589.39,253.04,-1618.55,246.5,-1553.1,300.64,-1565.61,303.03,-1459.69,328.03,-1451.36,333.38,-1440.65,400.63,-1412.11,391.11,-1357.36,432.43,-1335.36,432.43,-1322.86,375.64,-1316.89,385.76,-1282.4,344.44,-1274.32,280.78,-1241,230.21,-1184.46,219.14,-1180.21,217.95,-1164.75,206.05,-1169.51,195.35,-1114.77,149.53,-1103.99,120.37,-1119.52,53.73,-1131.63,41.84,-1133.79,7.33,-1129.03,84.4,-1333.87,210.17,-1370.69,261.02,-1284.39,85.75,-1291.06,91.11,-1226.17,133.96,-1380.51,169.01,-1432.46,189.67,-1398.05,191.54,-1475.67,216.58,-1456.27,241.63,-1416.21,215.32,-1515.73,244.75,-1498.84,272.92,-1444.38,152.13,-1265.45,112.07,-1220.99,94.55,-1184.07,148.39,-1167.78,203.47,-1208.48,249.16,-1247.92,205.34,-1256.07,168.41,-1222.87,127.71,-1259.81],"path":"Wing Right Copy","width":434,"weights":[1,22,1,2,22,0.99918,27,0.00082,2,22,0.7027,27,0.2973,2,22,0.0037,27,0.9963,2,27,0.95627,35,0.04373,2,27,0.81501,35,0.18499,2,27,0.05737,35,0.94263,1,35,1,1,35,1,1,35,1,1,35,1,1,35,1,1,35,1,2,27,0.0014,35,0.9986,2,27,0.00083,35,0.99917,2,27,0.01293,35,0.98707,2,27,0.02441,35,0.97559,3,22,0.00246,27,0.1092,35,0.88834,3,22,0.00503,27,0.14822,35,0.84675,3,22,0.00626,27,0.16139,35,0.83235,3,22,0.01047,27,0.20736,35,0.78217,3,22,0.0216,27,0.22893,35,0.74947,3,22,0.02123,27,0.23833,35,0.74044,3,22,0.0212,27,0.23839,35,0.74041,3,22,0.03878,27,0.24405,35,0.71716,3,22,0.05345,27,0.25466,35,0.69189,3,22,0.07591,27,0.26213,35,0.66196,3,22,0.23274,27,0.29063,35,0.47664,3,22,0.57293,27,0.22338,35,0.20369,3,22,0.64046,27,0.19536,35,0.16417,3,22,0.69752,27,0.16929,35,0.13319,3,22,0.73848,27,0.14921,35,0.11231,3,22,0.94414,27,0.03638,35,0.01948,3,22,0.9822,27,0.01274,35,0.00505,3,22,0.99482,27,0.00385,35,0.00133,1,22,1,1,22,1,1,22,1,2,27,0.09014,35,0.90986,3,22,0.02819,27,0.17617,35,0.79564,3,22,0.16781,27,0.28938,35,0.54281,2,27,0.85893,35,0.14107,3,22,0.9444,27,0.04746,35,0.00814,3,22,0.00161,27,0.06548,35,0.93291,3,22,0.00046,27,0.03604,35,0.96349,3,22,0.00802,27,0.10445,35,0.88753,2,27,0.02224,35,0.97776,3,22,0.00061,27,0.05244,35,0.94695,3,22,0.00842,27,0.11801,35,0.87357,2,27,0.0154,35,0.9846,2,27,0.03568,35,0.96432,3,22,0.00322,27,0.10436,35,0.89242,3,22,0.2784,27,0.46062,35,0.26098,3,22,0.81478,27,0.15246,35,0.03276,3,22,0.99268,27,0.00417,35,0.00316,3,22,0.90878,27,0.05958,35,0.03164,3,22,0.56702,27,0.23617,35,0.19681,3,22,0.28939,27,0.29632,35,0.41428,3,22,0.32543,27,0.32784,35,0.34674,3,22,0.57942,27,0.26523,35,0.15535,3,22,0.28405,27,0.55594,35,0.16001],"type":"mesh","transform":{},"triangles":[24,23,22,21,24,22,19,21,20,24,26,25,40,26,24,16,50,17,51,48,19,40,27,26,18,17,19,17,51,19,15,50,16,50,51,17,13,15,14,50,47,51,40,57,27,57,28,27,47,48,51,49,50,15,56,28,57,58,57,40,58,56,57,45,39,48,46,47,50,49,46,50,13,49,15,10,9,13,47,45,48,44,45,47,56,29,28,59,56,58,31,30,29,56,31,29,46,44,47,56,55,31,55,32,31,45,43,39,59,55,56,52,59,58,55,33,32,44,43,45,55,34,33,41,60,52,53,55,59,52,60,59,60,53,59,53,54,55,54,34,55,54,35,34,42,53,60,41,42,60,41,2,42,42,54,53,38,5,41,3,2,41,2,1,42,6,5,38,7,6,38,5,3,41,1,0,36,4,3,5,0,37,36,10,13,11,11,13,12,9,8,13,8,38,13,7,38,8,46,49,13,38,46,13,38,44,46,38,43,44,43,38,39,39,24,21,39,40,24,19,48,21,48,39,21,39,41,40,38,41,39,52,58,40,41,52,40,1,36,35,1,35,42,42,35,54],"edges":[0,37,37,36,36,35,35,34,34,33,33,32,32,31,31,30,30,29,29,28,28,27,27,26,26,25,25,24,24,23,23,22,22,21,21,20,20,19,19,18,18,17,17,16,16,15,15,14,14,13,13,12,12,11,11,10,10,9,9,8,8,7,7,6,6,5,5,4,4,3,3,2,2,1,1,0],"height":600,"name":"Wing Right Copy","bonePose":[22,0.4471347413551672,-0.8944666137275599,0.8944666137275599,0.4471347413551672,31.160526609563483,-1149.271293801988,27,-0.2525760150036391,-0.9675770546291812,0.9675770546291812,-0.2525760150036391,79.2990528638608,-1245.5695694358972,35,0.40018909099230826,-0.9164325896926352,0.9164325896926352,0.40018909099230826,61.78038046320839,-1312.6807139449772],"userEdges":[13,38,38,39,39,21,24,40,40,41,41,3,38,6,41,42,42,35]}],"name":"Wing Right Copy"},{"display":[{"path":"gear head","type":"image","name":"gear head","transform":{"skX":-139.49,"skY":-139.49,"y":6.95,"x":2.17}}],"name":"gear head"},{"display":[{"slotPose":[1,0,0,1,0,0],"uvs":[0.53638,0.27498,0.47075,0.25653,0.39336,0.26246,0.28462,0.29473,0.20722,0.33623,0.11514,0.33952,0.10043,0.32416,0.07791,0.30066,0.07889,0.24995,0.12102,0.22163,0.11122,0.18936,0.10926,0.12745,0.14257,0.06356,0.22976,0.01548,0.31401,0,0.5403,0,0.5403,0.03919,0.57851,0.03656,0.57949,0.07212,0.63141,0.0741,0.67843,0.10637,0.68333,0.17355,0.75753,0.20044,0.92407,0.16949,0.93386,0.21559,0.94856,0.23074,1,0.23403,1,0.2887,1,0.34336,0.89174,0.43294,0.80259,0.43689,0.81435,0.4606,0.76145,0.51329,0.68014,0.55676,0.63507,0.5337,0.53025,0.58573,0.63115,0.60483,0.68308,0.63649,0.63899,0.75241,0.529,0.82969,0.40361,0.84748,0.25471,0.80203,0.20474,0.75461,0.15501,0.80068,0.08938,0.88564,0.10211,0.94755,0.13738,1,0.08154,1,0,0.87576,0,0.78685,0.01003,0.68608,0.07272,0.64459,0.09134,0.65644,0.15403,0.61693,0.17754,0.61298,0.1942,0.55699,0.29706,0.47467,0.33723,0.45594,0.35192,0.42432,0.41854,0.4151,0.43225,0.42366,0.47144,0.40852,0.44499,0.36966,0.49299,0.35583,0.5263,0.31763,0.18034,0.72271,0.14839,0.66418,0.15558,0.6427,0.15854,0.68277,0.07476,0.75502,0.04547,0.81113,0.03899,0.88592,0.44397,0.59758,0.411,0.63874,0.43102,0.6886,0.45927,0.69019,0.71826,0.46632,0.77242,0.40459,0.7889,0.32227,0.74652,0.25104,0.25914,0.22967,0.43573,0.19406,0.5664,0.21384,0.66293,0.2732,0.67942,0.33731,0.64292,0.41883,0.42395,0.51697,0.2921,0.566,0.26503,0.64277,0.28386,0.70767,0.3851,0.77258,0.56875,0.74092,0.56993,0.66335,0.48988,0.61903,0.424,0.62252],"vertices":[67.33,-1039.49,12.53,-1062.39,-52.09,-1055.03,-142.89,-1014.95,-207.51,-963.41,-284.4,-959.32,-296.69,-978.39,-315.49,-1007.58,-314.67,-1070.57,-279.5,-1105.75,-287.68,-1145.83,-289.31,-1222.72,-261.5,-1302.08,-188.69,-1361.76,-118.35,-1381.01,70.61,-1381,70.62,-1332.32,102.52,-1335.6,103.33,-1291.43,146.68,-1288.97,185.95,-1248.88,190.04,-1165.45,251.99,-1132.06,391.05,-1170.5,399.23,-1113.24,411.5,-1094.42,454.45,-1090.34,454.46,-1022.44,454.46,-954.54,364.06,-843.29,289.62,-838.38,299.43,-808.93,255.25,-743.49,187.37,-689.52,149.73,-718.14,62.21,-653.53,146.45,-629.8,189.81,-590.49,153.01,-446.52,61.17,-350.54,-43.53,-328.45,-167.86,-384.88,-209.59,-443.77,-251.12,-386.55,-305.91,-281.03,-295.27,-204.14,-265.81,-139,-312.44,-139,-380.54,-293.29,-380.55,-403.72,-355.01,-546.05,-319.83,-580.42,-304.3,-565.69,-251.94,-614.78,-232.3,-619.68,-218.4,-689.23,-132.5,-791.48,-98.96,-814.74,-86.69,-854,-31.07,-865.46,-19.62,-854.82,13.1,-873.63,-8.98,-921.89,31.1,-939.07,58.91,-986.5,-229.97,-483.39,-256.65,-556.09,-250.65,-582.77,-248.18,-532.99,-311.62,-449.76,-341.11,-375.05,-347.98,-280.68,-9.84,-638.81,-37.37,-587.7,-20.66,-525.76,2.93,-523.8,219.2,-801.83,264.42,-878.5,278.19,-980.74,242.8,-1069.21,-164.16,-1095.75,-16.72,-1139.99,92.39,-1115.41,173.01,-1041.69,186.77,-962.06,156.3,-860.81,-26.55,-738.93,-136.65,-678.03,-159.26,-582.68,-143.53,-502.08,-58.99,-421.47,94.36,-460.81,95.33,-557.12,28.49,-612.17,-26.52,-607.84],"path":"body","width":835,"weights":[4,28,0.02953,21,0.51194,19,0.37406,20,0.08448,4,28,0.45384,21,0.51883,19,0.02404,20,0.00329,3,36,0.06343,28,0.89536,21,0.04121,2,36,0.71892,28,0.28108,2,36,0.98931,28,0.01069,1,36,1,1,36,1,1,36,1,1,36,1,2,36,0.97706,28,0.02294,2,36,0.864,28,0.136,2,36,0.58967,28,0.41033,3,36,0.35384,28,0.64501,21,0.00116,3,36,0.16778,28,0.806,21,0.02621,3,36,0.07439,28,0.84402,21,0.08159,2,28,0.62871,21,0.37129,2,28,0.55366,21,0.44634,2,28,0.49071,21,0.50929,3,28,0.37375,21,0.62426,19,0.00199,3,28,0.21302,21,0.77116,19,0.01582,3,28,0.11629,21,0.82301,19,0.0607,3,28,0.01221,21,0.56452,19,0.42327,3,21,0.08882,19,0.88202,20,0.02916,2,19,0.88571,20,0.11429,2,19,0.84086,20,0.15914,2,19,0.79693,20,0.20307,2,19,0.75926,20,0.24074,2,19,0.68639,20,0.31361,2,19,0.5736,20,0.4264,2,19,0.26553,20,0.73447,2,19,0.07738,20,0.92262,2,19,0.02411,20,0.97589,2,20,0.99081,26,0.00919,3,20,0.93952,26,0.05681,34,0.00368,4,20,0.84816,26,0.13595,31,0.0002,34,0.0157,4,20,0.11281,26,0.55773,31,0.03141,34,0.29805,4,20,0.00393,26,0.3362,31,0.01176,34,0.6481,3,26,0.28471,31,0.00453,34,0.71076,2,26,0.0894,34,0.9106,1,34,1,1,34,1,3,31,0.0196,34,0.87292,39,0.10748,4,31,0.11846,34,0.32719,39,0.53531,41,0.01903,5,31,0.00833,34,0.02733,39,0.5754,41,0.38785,44,0.00109,3,39,0.00366,41,0.11039,44,0.88595,1,44,1,1,44,1,1,44,1,2,41,0.38499,44,0.61501,2,39,0.22944,41,0.77056,1,39,1,1,39,1,2,26,0.00033,39,0.99967,3,26,0.07181,31,0.24608,39,0.68211,3,26,0.16698,31,0.36157,39,0.47144,3,26,0.7538,31,0.15783,39,0.08837,2,20,0.00655,26,0.99345,2,20,0.06712,26,0.93288,2,20,0.183,26,0.817,3,19,0.00217,20,0.43552,26,0.56232,3,19,0.0057,20,0.55073,26,0.44357,4,21,0.00035,19,0.03974,20,0.9015,26,0.05841,3,21,0.00325,19,0.10405,20,0.8927,3,21,0.01517,19,0.17776,20,0.80707,3,21,0.10186,19,0.45125,20,0.44688,4,31,0.13283,34,0.10995,39,0.75306,41,0.00417,2,26,0.00327,39,0.99673,3,26,0.02705,31,0.1456,39,0.82735,2,34,0.00091,39,0.99909,1,39,1,1,41,1,1,44,1,4,20,0.01097,26,0.67179,31,0.09354,34,0.2237,3,26,0.394,31,0.25931,34,0.34669,3,26,0.14825,31,0.13409,34,0.71765,3,26,0.16364,31,0.09179,34,0.74456,3,19,0.00061,20,0.99495,26,0.00444,2,19,0.09488,20,0.90512,2,19,0.5904,20,0.4096,3,21,0.01582,19,0.93651,20,0.04767,2,36,0.76897,28,0.23103,1,28,1,1,21,1,1,19,1,2,19,0.50251,20,0.49749,1,20,1,4,20,0.00302,26,0.99137,31,0.00089,34,0.00472,2,26,0.99413,39,0.00587,2,31,0.93086,39,0.06914,3,31,0.44325,34,0.53777,39,0.01898,2,34,0.99858,39,0.00142,3,26,0.07514,31,0.00325,34,0.92162,4,20,0.00129,26,0.27157,31,0.02225,34,0.70488,4,20,0.01867,26,0.4985,31,0.07732,34,0.4055,4,20,0.0016,26,0.51766,31,0.18615,34,0.29459],"type":"mesh","transform":{},"triangles":[25,78,27,26,25,27,27,78,28,78,29,28,78,77,29,24,79,25,79,78,25,23,22,24,22,79,24,77,30,29,84,77,78,30,76,31,76,32,31,77,76,30,79,83,78,83,84,78,85,76,77,84,85,77,21,79,22,76,34,32,34,33,32,21,83,79,82,83,21,92,38,37,85,34,76,92,91,38,19,18,20,83,64,84,64,85,84,20,18,21,18,82,21,36,92,37,64,63,85,91,39,38,82,0,83,0,64,83,63,61,85,81,82,18,86,35,34,35,92,36,60,86,61,35,93,92,90,39,91,92,75,91,16,81,18,16,18,17,1,0,82,93,75,92,75,90,91,81,1,82,86,72,35,14,81,16,14,16,15,90,40,39,72,93,35,73,74,75,74,90,75,73,75,93,94,73,93,62,61,63,72,94,93,57,86,60,14,13,81,13,80,81,81,2,1,86,87,72,13,12,80,89,90,74,58,57,60,87,94,72,59,58,60,80,2,81,73,89,74,87,73,94,57,56,86,56,87,86,87,88,73,88,89,73,12,11,80,90,41,40,80,3,2,89,41,90,42,41,89,11,10,80,55,87,56,54,88,87,55,54,87,88,68,89,68,65,89,65,42,89,80,4,3,10,9,80,54,67,88,67,68,88,67,66,68,8,7,9,6,5,4,65,69,42,69,43,42,53,67,54,68,69,65,70,44,43,53,52,67,66,52,68,52,69,68,52,66,67,69,70,43,50,69,52,45,47,46,70,71,44,44,71,45,71,47,45,48,71,70,49,70,69,71,48,47,51,50,52,50,49,69,49,48,70,4,6,80,7,6,9,9,6,80,61,85,86,86,34,85],"edges":[48,47,47,46,46,45,45,44,44,43,43,42,42,41,41,40,40,39,39,38,38,37,37,36,36,35,35,34,34,33,33,32,32,31,31,30,30,29,29,28,28,27,27,26,26,25,25,24,24,23,23,22,22,21,21,20,20,19,19,18,18,17,17,16,16,15,15,14,14,13,13,12,12,11,11,10,10,9,9,8,8,7,7,6,6,5,5,4,4,3,3,2,2,1,1,0,0,64,64,63,63,62,62,61,61,60,60,59,59,58,58,57,57,56,56,55,55,54,54,53,53,52,52,51,51,50,50,49,49,48],"height":1242,"name":"body","bonePose":[28,-0.987080395871597,0.16022575350414547,-0.16022575350414547,-0.987080395871597,23.765445496109095,-1142.8504668528926,21,-0.8715563142552756,-0.4902954120545688,0.4902954120545688,-0.8715563142552756,120.32516955245109,-1088.530638151367,19,-0.5469789184088496,-0.8371463807580398,0.8371463807580398,-0.5469789184088496,179.47,-998.01,20,-0.7953677038115436,0.6061272273488072,-0.6061272273488072,-0.7953677038115436,191.18,-925.49,36,-0.7602926039513211,0.6495807543153655,-0.6495807543153655,-0.7602926039513211,-162.11166385047133,-1112.678355210527,26,-0.6982903628478098,0.7158146192652636,-0.7158146192652636,-0.6982903628478098,10.981493024456682,-788.1658153718543,34,0.8917185512694841,0.4525903504515455,-0.4525903504515455,0.8917185512694841,-139.99255903414146,-506.6772342163197,31,0.03175965076486337,0.9994955350492036,-0.9994955350492036,0.03175965076486337,-143.89232655155905,-629.4052909650114,39,-0.5504807400849955,0.8348478632634068,-0.8348478632634068,-0.5504807400849955,-245.18615903714877,-541.1607696848198,41,-0.1554000746428687,0.9878516167932264,-0.9878516167932264,-0.1554000746428687,-335.7688794072442,-406.7459116134254,44,0.27949387637079304,0.9601474746471128,-0.9601474746471128,0.27949387637079304,-352.31743335596326,-301.5495929411147],"userEdges":[42,65,66,67,67,54,65,68,68,66,68,69,69,70,70,71,35,72,73,74,74,75,34,76,76,77,77,78,78,79,79,21,6,80,80,81,81,82,82,83,83,84,84,85,85,86,86,87,87,88,88,89,89,90,90,91,91,92,92,93,72,94,94,73,93,94]}],"name":"body"},{"display":[{"slotPose":[1,0,0,1,0,0],"uvs":[0,0.0085,0,0.12891,0,0.2268,0.09674,0.40541,0.26351,0.45701,0.36641,0.33397,0.46577,0.2268,0.6148,0.21093,0.76028,0.24665,0.83303,0.36175,0.8898,0.48876,0.94835,0.81422,0.97851,1,1,0.94123,1,0.59989,0.8827,0.13551,0.75141,0,0.58109,0,0.36819,0.04026,0.25287,0.19108,0.16061,0.22283,0.08432,0.15536,0.0715,0.24717,0.16698,0.33666,0.27537,0.29913,0.38763,0.13171,0.55408,0.08841,0.7115,0.10862,0.7915,0.16058,0.85989,0.26449,0.92698,0.43192,0.96956,0.68594],"vertices":[-244.54,-998.19,-244.54,-986.51,-244.54,-977.01,-223.55,-959.68,-187.36,-954.69,-165.04,-966.63,-143.48,-977.02,-111.13,-978.56,-79.56,-975.1,-63.78,-963.94,-51.45,-951.61,-38.75,-920.04,-32.2,-902.02,-27.54,-907.72,-27.54,-940.83,-52.99,-985.88,-81.49,-999.02,-118.45,-999.02,-164.66,-995.11,-189.68,-980.48,-209.69,-977.4,-226.25,-983.94,-229.03,-975.03,-208.31,-966.35,-184.79,-970,-160.43,-986.24,-124.32,-990.44,-90.15,-988.49,-72.79,-983.45,-57.95,-973.37,-43.39,-957.13,-34.14,-932.49],"path":"Whisker Right","width":217,"weights":[1,45,1,1,45,1,1,45,1,2,45,0.08697,47,0.91303,2,47,0.46103,48,0.53897,1,48,1,2,48,0.39514,51,0.60486,2,51,0.75833,53,0.24167,2,53,0.61457,55,0.38543,1,55,1,2,55,0.39988,56,0.60012,1,56,1,1,56,1,1,56,1,1,56,1,2,53,0.268,55,0.732,1,53,1,1,51,1,2,48,0.96605,51,0.03395,2,47,0.24868,48,0.75132,2,45,0.04894,47,0.95106,2,45,0.954,47,0.046,1,45,1,1,47,1,1,48,1,2,48,0.98786,51,0.01214,1,51,1,1,53,1,2,53,0.81808,55,0.18192,2,53,0.00064,55,0.99936,2,55,0.30694,56,0.69306,1,56,1],"type":"mesh","transform":{},"triangles":[15,29,30,30,10,31,11,12,13,31,11,13,30,31,14,15,30,14,31,13,14,10,11,31,9,10,30,29,9,30,16,28,15,28,29,15,28,9,29,28,8,9,27,8,28,16,27,28,27,7,8,17,27,16,26,6,7,18,26,17,25,6,26,18,25,26,25,5,6,18,19,25,19,24,25,24,5,25,24,4,5,23,3,4,23,4,24,19,23,24,20,23,19,20,22,23,22,3,23,21,22,20,0,1,21,22,2,3,1,22,21,1,2,22,7,26,27,17,26,27],"edges":[0,1,1,2,2,3,3,4,4,5,5,6,6,7,7,8,8,9,9,10,10,11,11,12,12,13,13,14,14,15,15,16,16,17,17,18,18,19,19,20,20,21,21,0],"height":97,"name":"Whisker Right","bonePose":[45,0.56338185900347,0.8261966357628151,-0.8261966357628151,0.56338185900347,-230.8805800101793,-979.6418456851096,47,0.9995953582807826,0.02844502950452682,-0.02844502950452682,0.9995953582807826,-223.7707009495555,-969.2152441417828,48,0.9147482466157196,-0.4040243127751918,0.4040243127751918,0.9147482466157196,-190.59413100821632,-968.2711536125277,51,0.9992960355983392,-0.03751577318198446,0.03751577318198446,0.9992960355983392,-146.5132648629245,-989.1290691335204,53,0.9864005861418532,0.16435900845103774,-0.16435900845103774,0.9864005861418532,-104.79739612880434,-990.5550760611524,55,0.7071067811865472,0.7071067811865476,-0.7071067811865476,0.7071067811865472,-67.82046863136509,-982.9744934417809,56,0.3237522902202785,0.9461418786720754,-0.9461418786720754,0.3237522902202785,-43.170726239202054,-958.3247510496176],"userEdges":[1,22,22,23,23,24,24,25,25,26,26,27,27,28,28,29,29,30,30,31,31,13]}],"name":"Whisker Right"},{"display":[{"triangles":[15,12,14,14,12,13,10,11,12,15,10,12,15,16,10,16,9,10,8,36,7,36,6,7,16,17,9,9,36,8,17,36,9,47,5,6,36,47,6,47,37,5,38,3,5,37,38,5,3,4,5,17,18,36,23,21,22,18,35,36,36,46,47,49,1,2,48,38,37,47,48,37,49,2,3,38,49,3,49,39,1,44,48,47,35,46,36,48,49,38,44,43,48,43,49,48,18,45,35,1,30,0,29,30,1,50,39,49,39,29,1,43,42,49,45,44,35,34,43,44,42,50,49,40,29,39,18,34,45,45,34,44,42,41,50,50,40,39,29,27,28,32,41,42,51,40,50,41,51,50,18,33,34,34,33,43,33,42,43,40,27,29,18,24,33,23,20,21,31,26,27,31,27,40,33,32,42,23,19,20,51,31,40,24,32,33,41,31,51,19,24,18,23,24,19,32,31,41,25,31,32,24,25,32,25,26,31,47,44,46,35,44,46],"edges":[24,25,25,26,26,27,27,28,28,29,29,30,30,0,0,1,1,2,2,3,3,4,4,5,5,6,6,7,7,8,8,9,9,10,10,11,11,12,12,13,13,14,14,15,15,16,16,17,17,18,18,19,19,20,20,21,21,22,22,23,23,24],"type":"mesh","vertices":[35.99,-83.86,38.7,-67.99,26.72,-63.94,21.18,-41.45,10.12,-47.05,6.07,-23.55,-25.59,-12.82,-42.38,23.2,-39.38,39.92,-40.41,62.21,-52.2,70.78,-59.39,72.65,-76.88,104.9,-111.02,179.28,-93.81,180.46,-41.72,130.95,-14.95,126.08,40.05,76.15,60.25,47.94,59.17,61.66,53.32,68.6,44.45,88.58,25.26,168.73,72.85,134.09,121.78,-8.43,123.87,-23.64,108.69,-66.92,86.49,-89.28,58.07,-93.19,65.76,-83.84,44.3,-90.88,84.42,-53.89,77.44,-24.84,66.14,-6,54.85,2.76,29.42,14.38,18.36,16.52,18.78,-19.85,24.55,-35.1,52.58,-58.96,73.25,-60.93,74.7,-46.52,65.11,-20.12,53.83,-8.15,38.3,6.44,40.99,10.24,23.38,13.32,21.36,1.35,25.68,-20.05,39.95,-37.1,57.93,-49.52,73.61,-53.55],"transform":{},"path":"head top","width":205,"uvs":[0.46478,0.95819,0.44113,0.90579,0.49631,0.88649,0.50814,0.80789,0.56529,0.82168,0.56923,0.74033,0.71506,0.68931,0.77221,0.5597,0.74659,0.50455,0.73674,0.42871,0.78798,0.39424,0.82148,0.38459,0.88455,0.26739,1,0,0.91608,0.00403,0.69733,0.19569,0.5712,0.22465,0.33865,0.41906,0.25982,0.52385,0.25588,0.47697,0.27953,0.45077,0.30909,0.37907,0.34851,0.09917,0.14158,0.23843,0,0.74309,0,0.79548,0.10217,0.93475,0.22435,1,0.36427,1,0.32092,0.97197,0.42931,0.98576,0.21077,0.8794,0.22517,0.77791,0.26725,0.70896,0.31597,0.6741,0.43113,0.62296,0.48317,0.61057,0.50532,0.73375,0.4876,0.78798,0.36801,0.88173,0.26946,0.898,0.25285,0.84996,0.28164,0.75622,0.32815,0.71051,0.39348,0.65395,0.37798,0.64233,0.46103,0.62374,0.47874,0.66325,0.4721,0.73763,0.41452,0.80193,0.3359,0.85229,0.26282,0.87321],"height":293,"name":"head top","userEdges":[41,42,42,43,43,44,44,46,46,47,47,48,48,49,49,50,50,51]}],"name":"head top"},{"display":[{"path":"left claw B","type":"image","name":"left claw B","transform":{"skX":-176.79,"skY":-176.79,"y":-34.74,"x":63.26}}],"name":"left claw B"},{"display":[{"path":"Left Claw A","type":"image","name":"Left Claw A","transform":{"skX":-94.93,"skY":-94.93,"y":1.1,"x":56.14}}],"name":"Left Claw A"},{"display":[{"path":"head bottom","type":"image","name":"head bottom","transform":{"skX":-102.73,"skY":-102.73,"y":-34.59,"x":101.61}}],"name":"head bottom"},{"display":[{"slotPose":[1,0,0,1,0,0],"uvs":[0,0.04575,0,0.08451,0.26765,0.16852,0.3765,0.27859,0.35836,0.47847,0.36743,0.61462,0.40371,0.74497,0.51256,0.85505,0.64408,0.92457,0.82096,1,1,1,1,0.94485,0.6078,0.75077,0.53523,0.6349,0.58966,0.41474,0.59873,0.23804,0.55338,0.12217,0.38557,0.05265,0.2223,0.02657,0,0,0.20612,0.08399,0.38261,0.1323,0.48346,0.19671,0.50867,0.36781,0.4677,0.54092,0.45509,0.67578,0.53703,0.79656,0.73243,0.8972,0.8963,0.96765],"vertices":[-271.55,-948.92,-271.54,-942.92,-245.05,-929.89,-234.28,-912.83,-236.08,-881.84,-235.18,-860.73,-231.58,-840.53,-220.81,-823.47,-207.8,-812.69,-190.29,-801,-172.55,-801,-172.56,-809.54,-211.39,-839.63,-218.57,-857.59,-213.17,-891.72,-212.28,-919.11,-216.76,-937.07,-233.37,-947.85,-249.54,-951.89,-271.55,-956.01,-251.14,-942.99,-233.67,-935.5,-223.69,-925.51,-221.19,-898.99,-225.25,-872.15,-226.5,-851.25,-218.38,-832.54,-199.04,-816.93,-182.83,-806.01],"path":"Whisker Left","width":99,"weights":[1,43,1,2,43,0.99997,46,0.00003,3,43,0.02152,46,0.74106,49,0.23742,3,46,0.0033,49,0.81931,50,0.17739,2,50,0.56669,52,0.43331,1,52,1,2,52,0.13694,54,0.86306,2,54,0.78532,57,0.21468,2,54,0.02753,57,0.97247,1,57,1,1,57,1,1,57,1,2,54,0.41014,57,0.58986,2,52,0.36278,54,0.63722,1,50,1,3,46,0.00491,49,0.99171,50,0.00338,2,46,0.7474,49,0.2526,1,46,1,2,43,0.75868,46,0.24132,1,43,1,3,43,0.50981,46,0.48867,49,0.00152,2,46,0.90906,49,0.09094,2,46,0.01599,49,0.98401,1,50,1,3,50,0.00731,52,0.99159,54,0.00109,1,54,1,1,54,1,2,54,0.00013,57,0.99987,1,57,1],"type":"mesh","transform":{},"triangles":[27,28,11,12,27,11,11,28,10,28,9,10,27,9,28,24,13,14,27,8,9,15,23,14,26,7,8,26,8,27,12,26,27,16,22,15,13,25,12,25,6,26,25,26,12,21,22,16,17,21,16,6,7,26,3,4,23,21,3,22,21,2,3,4,5,24,5,6,25,20,21,17,20,2,21,18,20,17,20,1,2,0,20,18,19,0,18,0,1,20,3,22,23,22,23,15,4,23,24,24,23,14,5,24,25,25,24,13],"edges":[0,1,1,2,2,3,3,4,4,5,5,6,6,7,7,8,8,9,9,10,10,11,11,12,12,13,13,14,14,15,15,16,16,17,17,18,18,19,19,0],"height":155,"name":"Whisker Left","bonePose":[43,0.9615018688565148,0.27479839189018074,-0.27479839189018074,0.9615018688565148,-261.9085712390992,-949.3033378065394,46,0.8943885603700832,0.44729084841871025,-0.44729084841871025,0.8943885603700832,-249.7455725980643,-945.8271381491286,49,0.2424299080685701,0.9701689232674195,-0.9701689232674195,0.2424299080685701,-226.59030277805175,-929.036739715428,50,-0.10366053949845536,0.9946127349631556,-0.9946127349631556,-0.10366053949845536,-221.38048405365825,-908.1878095544112,52,-0.15608968724616107,0.9877428863501854,-0.9877428863501854,-0.15608968724616107,-226.01700577895792,-875.1806153947916,54,0.5278455119450663,0.8493404002633165,-0.8493404002633165,0.5278455119450663,-227.75206113385116,-853.1817976330242,57,0.7718465695580349,0.6358088337397441,-0.6358088337397441,0.7718465695580349,-213.85998841776455,-831.7567815151548],"userEdges":[0,20,20,21,21,22,22,23,23,24,24,25,25,26,26,27,27,28]}],"name":"Whisker Left"}]}]}],"isGlobal":0,"name":"Ladon","version":"5.0"}