{"width":2048,"SubTexture":[{"frameX":-1,"frameHeight":59,"y":1847,"frameY":-1,"frameWidth":1087,"width":1085,"height":57,"name":"shadow","x":1},{"width":99,"y":1,"height":155,"name":"Whisker Left","x":838},{"width":434,"y":1245,"height":600,"name":"Wing Right Copy","x":1},{"width":473,"y":1245,"height":516,"name":"Wing Right","x":437},{"frameX":-1,"frameHeight":137,"y":1906,"frameY":-1,"frameWidth":108,"width":106,"height":135,"name":"Left Claw A","x":1},{"frameX":-1,"frameHeight":125,"y":1774,"frameY":-1,"frameWidth":207,"width":205,"height":123,"name":"left claw B","x":1088},{"width":835,"y":1,"height":1242,"name":"body","x":1},{"frameX":-1,"frameHeight":148,"y":1899,"frameY":-1,"frameWidth":137,"width":135,"height":146,"name":"right shoulder","x":1376},{"frameX":-1,"frameHeight":118,"y":1899,"frameY":-1,"frameWidth":151,"width":149,"height":116,"name":"arm right A","x":1513},{"frameX":-1,"frameHeight":234,"y":1540,"frameY":-1,"frameWidth":245,"width":243,"height":232,"name":"Arm Right B","x":912},{"frameX":-1,"frameHeight":316,"y":1,"frameY":-1,"frameWidth":161,"width":159,"height":314,"name":"head bottom","x":1119},{"width":205,"y":1245,"height":293,"name":"head top","x":912},{"width":217,"y":1899,"height":97,"name":"Whisker Right","x":1157},{"frameX":-1,"frameHeight":77,"y":1763,"frameY":-1,"frameWidth":77,"width":75,"height":75,"name":"gear head","x":437}],"height":2048,"name":"Ladon","imagePath":"Ladon_tex.png"}