{"imagePath":"ClockworkKing_tex.png","width":1024,"SubTexture":[{"frameX":-1,"frameHeight":25,"y":926,"frameY":-1,"frameWidth":423,"width":421,"height":23,"name":"shadow","x":1},{"frameX":-1,"frameHeight":124,"y":775,"frameY":-1,"frameWidth":160,"width":158,"height":122,"name":"Ornament C","x":1},{"frameX":-1,"frameHeight":120,"y":292,"frameY":-1,"frameWidth":51,"width":49,"height":118,"name":"Ornament B","x":395},{"frameX":-1,"frameHeight":95,"y":292,"frameY":-1,"frameWidth":15,"width":13,"height":93,"name":"ornament A","x":446},{"width":462,"y":1,"height":289,"name":"cape","x":1},{"width":115,"y":775,"height":149,"name":"Left Arm","x":161},{"width":128,"y":292,"height":177,"name":"chest","x":265},{"frameX":-1,"frameHeight":442,"y":1,"frameY":-1,"frameWidth":303,"width":301,"height":440,"name":"skirt","x":465},{"width":262,"y":292,"height":481,"name":"right  arm","x":1},{"frameX":-1,"frameHeight":70,"y":412,"frameY":-1,"frameWidth":55,"width":53,"height":68,"name":"head","x":395},{"frameX":-1,"frameHeight":81,"y":775,"frameY":-1,"frameWidth":76,"width":74,"height":79,"name":"scar top","x":424}],"height":1024,"name":"ClockworkKing"}