{"imagePath":"CultistMAge_tex.png","width":512,"SubTexture":[{"width":126,"y":408,"height":54,"name":"Top Summon","x":198},{"width":98,"y":281,"height":125,"name":"Left Summon","x":115},{"width":112,"y":281,"height":162,"name":"Right Summon","x":1},{"frameX":-1,"frameHeight":14,"y":479,"frameY":-1,"frameWidth":191,"width":189,"height":12,"name":"shadow","x":198},{"width":74,"y":445,"height":62,"name":"Right Arm A","x":1},{"width":76,"y":408,"height":69,"name":"Left Arm A","x":326},{"width":217,"y":1,"height":278,"name":"body","x":1},{"frameX":-1,"frameHeight":93,"y":408,"frameY":-1,"frameWidth":83,"width":81,"height":91,"name":"head","x":115},{"frameX":-1,"frameHeight":51,"y":281,"frameY":-1,"frameWidth":56,"width":54,"height":49,"name":"right orb","x":215},{"frameX":-1,"frameHeight":41,"y":332,"frameY":-1,"frameWidth":44,"width":42,"height":39,"name":"Left ORb","x":215}],"height":512,"name":"CultistMAge"}