{"frameRate":30,"armature":[{"defaultActions":[{"gotoAndPlay":"Attack"}],"animation":[{"frame":[],"slot":[],"duration":30,"name":"Attack","bone":[{"frame":[{"curve":[0.433,0,0.741,0.38],"transform":{},"duration":5},{"curve":[0.37,0.25,0.668,0.6],"transform":{"scX":0.86},"duration":5},{"curve":[0.107,0.4,0.258,1],"transform":{"scX":1.15},"duration":20},{"duration":0,"transform":{}}],"name":"shadow"},{"frame":[{"curve":[0.25,0,0.069,1],"transform":{},"duration":5},{"curve":[0.25,0,0.667,0.42],"transform":{"y":-32.29,"x":44.46},"duration":5},{"curve":[0.25,0,0.75,1],"transform":{"y":22,"x":-87.98},"duration":20},{"duration":0,"transform":{}}],"name":"mID"},{"frame":[{"curve":[0.433,0,0.741,0.38],"transform":{},"duration":5},{"curve":[0.37,0.25,0.668,0.6],"transform":{"skX":12,"skY":12},"duration":5},{"curve":[0.107,0.4,0.258,1],"transform":{"skX":-4.55,"skY":-4.55},"duration":20},{"duration":0,"transform":{}}],"name":"top chjest"},{"frame":[{"curve":[0.25,0,0.069,1],"transform":{},"duration":5},{"curve":[0.25,0,0.667,0.42],"transform":{"skX":-45.66,"skY":-45.66},"duration":5},{"curve":[0.25,0,0.75,1],"transform":{"skX":-9.6,"skY":-9.6},"duration":20},{"duration":0,"transform":{}}],"name":"right Arm"},{"frame":[{"curve":[0.25,0,0.069,1],"transform":{},"duration":10},{"curve":[0.25,0,0.75,1],"transform":{"skX":-33.92,"skY":-33.92},"duration":20},{"duration":0,"transform":{}}],"name":"fingers"},{"frame":[{"curve":[0.25,0,0.069,1],"transform":{},"duration":10},{"curve":[0.25,0,0.75,1],"transform":{"skX":-44.1,"skY":-44.1},"duration":20},{"duration":0,"transform":{}}],"name":"thumb"},{"frame":[{"curve":[0.25,0,0.069,1],"transform":{},"duration":5},{"curve":[0.25,0,0.667,0.42],"transform":{"skX":43.45,"skY":43.45},"duration":25},{"duration":0,"transform":{}}],"name":"left arm"},{"frame":[{"curve":[0.25,0,0.069,1],"transform":{},"duration":5},{"curve":[0.25,0,0.667,0.42],"transform":{"skX":17.76,"skY":17.76},"duration":5},{"curve":[0.25,0,0.75,1],"transform":{"skX":-43.09,"skY":-43.09},"duration":20},{"duration":0,"transform":{}}],"name":"bone3"},{"frame":[{"curve":[0.509,0,0.726,0.43],"transform":{},"duration":10},{"curve":[0.107,0.4,0.258,1],"transform":{"skX":7.46,"skY":7.46},"duration":20},{"duration":0,"transform":{}}],"name":"bottomchest"},{"frame":[{"curve":[0.25,0,0.069,1],"transform":{},"duration":5},{"curve":[0.125,0,0.8335,0.71],"transform":{"y":-68.8,"x":17.32},"duration":5},{"curve":[0.125,0,0.875,1],"transform":{"y":140.64,"x":-176.99,"scY":1.88,"scX":2.02},"duration":20},{"duration":0,"transform":{}}],"name":"orb Left"},{"frame":[{"curve":[0.25,0,0.069,1],"transform":{},"duration":5},{"curve":[0.125,0,0.8335,0.71],"transform":{"y":-46.33,"x":-47.74},"duration":5},{"curve":[0.125,0,0.875,1],"transform":{"y":156.07,"x":-322.3,"scY":1.58,"scX":1.44},"duration":20},{"duration":0,"transform":{}}],"name":"Orb Right"},{"frame":[{"curve":[0.25,0,0.069,1],"transform":{},"duration":5},{"curve":[0.25,0,0.667,0.42],"transform":{"skX":39.09,"skY":39.09},"duration":25},{"duration":0,"transform":{}}],"name":"bone2"},{"frame":[{"curve":[0.25,0,0.069,1],"transform":{},"duration":10},{"curve":[0.25,0,0.75,1],"transform":{"skX":-59.16,"skY":-59.16},"duration":20},{"duration":0,"transform":{}}],"name":"bone5"},{"frame":[{"curve":[0,0,1,1],"transform":{},"duration":5},{"curve":[0.25,0,0.667,0.42],"transform":{},"duration":5},{"curve":[0.25,0,0.75,1],"transform":{"skX":126.15,"skY":126.15},"duration":20},{"duration":0,"transform":{}}],"name":"bone7"},{"frame":[{"curve":[0.25,0,0.069,1],"transform":{},"duration":5},{"curve":[0.25,0,0.667,0.42],"transform":{"skX":34.8,"skY":34.8},"duration":5},{"curve":[0.25,0,0.75,1],"transform":{"skX":-13.8,"skY":-13.8},"duration":20},{"duration":0,"transform":{}}],"name":"bone12"},{"frame":[{"curve":[0.25,0,0.069,1],"transform":{},"duration":10},{"curve":[0.25,0,0.75,1],"transform":{"skX":48.24,"skY":48.24},"duration":20},{"duration":0,"transform":{}}],"name":"bone14"},{"frame":[{"curve":[0.25,0,0.069,1],"transform":{},"duration":10},{"curve":[0.25,0,0.75,1],"transform":{"skX":54.74,"skY":54.74},"duration":20},{"duration":0,"transform":{}}],"name":"bone15"},{"frame":[{"curve":[0.25,0,0.069,1],"transform":{},"duration":5},{"curve":[0.25,0,0.667,0.42],"transform":{"skX":26.4,"skY":26.4},"duration":25},{"duration":0,"transform":{}}],"name":"bone20"},{"frame":[{"curve":[0.25,0,0.069,1],"transform":{},"duration":10},{"curve":[0.25,0,0.75,1],"transform":{"skX":-22.15,"skY":-22.15},"duration":20},{"duration":0,"transform":{}}],"name":"bone21"},{"frame":[{"curve":[0,0,1,1],"transform":{},"duration":10},{"curve":[0,0,1,1],"transform":{"skX":20.72,"skY":20.72},"duration":20},{"duration":0,"transform":{}}],"name":"bone22"},{"frame":[{"curve":[0.25,0,0.069,1],"transform":{},"duration":10},{"curve":[0.25,0,0.75,1],"transform":{"skX":19.6,"skY":19.6},"duration":20},{"duration":0,"transform":{}}],"name":"bone23"},{"frame":[{"duration":30,"transform":{}}],"name":"root"},{"frame":[{"duration":30,"transform":{}}],"name":"Left Summon"},{"frame":[{"duration":30,"transform":{}}],"name":"Right Summon"},{"frame":[{"duration":30,"transform":{}}],"name":"Top Summon"},{"frame":[{"duration":30,"transform":{}}],"name":"chest"},{"frame":[{"duration":30,"transform":{}}],"name":"bone13"},{"frame":[{"duration":30,"transform":{}}],"name":"head"},{"frame":[{"duration":30,"transform":{}}],"name":"bone6"},{"frame":[{"duration":30,"transform":{}}],"name":"bone4"},{"frame":[{"duration":30,"transform":{}}],"name":"bone16"},{"frame":[{"duration":30,"transform":{}}],"name":"bone8"},{"frame":[{"duration":30,"transform":{}}],"name":"hand"},{"frame":[{"duration":30,"transform":{}}],"name":"bone24"},{"frame":[{"duration":30,"transform":{}}],"name":"bone9"},{"frame":[{"duration":30,"transform":{}}],"name":"bone17"},{"frame":[{"duration":30,"transform":{}}],"name":"bone18"},{"frame":[{"duration":30,"transform":{}}],"name":"bone10"},{"frame":[{"duration":30,"transform":{}}],"name":"bone19"},{"frame":[{"duration":30,"transform":{}}],"name":"bone11"}],"ffd":[]},{"frame":[],"slot":[],"duration":30,"name":"Damage","bone":[{"frame":[{"curve":[0.25,0,0.618,0.48],"transform":{},"duration":5},{"curve":[0.25,0,0.521,0.77],"transform":{"y":18.67,"x":29.28},"duration":25},{"duration":0,"transform":{}}],"name":"mID"},{"frame":[{"curve":[0.25,0,0.618,0.48],"transform":{},"duration":5},{"curve":[0.25,0,0.521,0.77],"transform":{"skX":-3.6,"skY":-3.6},"duration":25},{"duration":0,"transform":{}}],"name":"top chjest"},{"frame":[{"curve":[0.25,0,0.618,0.48],"transform":{},"duration":5},{"curve":[0.25,0,0.521,0.77],"transform":{"skX":15.52,"skY":15.52},"duration":25},{"duration":0,"transform":{}}],"name":"left arm"},{"frame":[{"curve":[0.25,0,0.618,0.48],"transform":{},"duration":5},{"curve":[0.25,0,0.521,0.77],"transform":{"skX":-340.29,"skY":-340.29},"duration":25},{"duration":0,"transform":{}}],"name":"right Arm"},{"frame":[{"duration":30,"transform":{}},{"duration":0,"transform":{}}],"name":"orb Left"},{"frame":[{"duration":30,"transform":{}}],"name":"bone2"},{"frame":[{"curve":[0.25,0,0.618,0.48],"transform":{},"duration":5},{"curve":[0.25,0,0.521,0.77],"transform":{"skX":9.6,"skY":9.6},"duration":25},{"duration":0,"transform":{}}],"name":"bone5"},{"frame":[{"curve":[0.25,0,0.618,0.48],"transform":{},"duration":5},{"curve":[0.25,0,0.521,0.77],"transform":{"skX":7.2,"skY":7.2},"duration":25},{"duration":0,"transform":{}}],"name":"bone20"},{"frame":[{"curve":[0.25,0,0.618,0.48],"transform":{},"duration":5},{"curve":[0.25,0,0.521,0.77],"transform":{"skX":366,"skY":366},"duration":25},{"duration":0,"transform":{}}],"name":"bone13"},{"frame":[{"curve":[0.25,0,0.618,0.48],"transform":{},"duration":5},{"curve":[0.25,0,0.521,0.77],"transform":{"scX":1.2},"duration":25},{"duration":0,"transform":{}}],"name":"shadow"},{"frame":[{"duration":30,"transform":{}}],"name":"root"},{"frame":[{"duration":30,"transform":{}}],"name":"Left Summon"},{"frame":[{"duration":30,"transform":{}}],"name":"Right Summon"},{"frame":[{"duration":30,"transform":{}}],"name":"Top Summon"},{"frame":[{"duration":30,"transform":{}}],"name":"Orb Right"},{"frame":[{"duration":30,"transform":{}}],"name":"chest"},{"frame":[{"duration":30,"transform":{}}],"name":"bone12"},{"frame":[{"duration":30,"transform":{}}],"name":"bone21"},{"frame":[{"duration":30,"transform":{}}],"name":"bottomchest"},{"frame":[{"duration":30,"transform":{}}],"name":"bone22"},{"frame":[{"duration":30,"transform":{}}],"name":"bone14"},{"frame":[{"duration":30,"transform":{}}],"name":"head"},{"frame":[{"duration":30,"transform":{}}],"name":"bone6"},{"frame":[{"duration":30,"transform":{}}],"name":"bone7"},{"frame":[{"duration":30,"transform":{}}],"name":"bone4"},{"frame":[{"duration":30,"transform":{}}],"name":"bone3"},{"frame":[{"duration":30,"transform":{}}],"name":"bone15"},{"frame":[{"duration":30,"transform":{}}],"name":"bone23"},{"frame":[{"duration":30,"transform":{}}],"name":"bone16"},{"frame":[{"duration":30,"transform":{}}],"name":"bone8"},{"frame":[{"duration":30,"transform":{}}],"name":"hand"},{"frame":[{"duration":30,"transform":{}}],"name":"bone24"},{"frame":[{"duration":30,"transform":{}}],"name":"bone9"},{"frame":[{"duration":30,"transform":{}}],"name":"bone17"},{"frame":[{"duration":30,"transform":{}}],"name":"thumb"},{"frame":[{"duration":30,"transform":{}}],"name":"fingers"},{"frame":[{"duration":30,"transform":{}}],"name":"bone18"},{"frame":[{"duration":30,"transform":{}}],"name":"bone10"},{"frame":[{"duration":30,"transform":{}}],"name":"bone19"},{"frame":[{"duration":30,"transform":{}}],"name":"bone11"}],"ffd":[]},{"frame":[],"slot":[],"duration":60,"name":"Idle","bone":[{"frame":[{"curve":[0.25,0,0.75,1],"transform":{},"duration":30},{"curve":[0.25,0,0.344,0.91],"transform":{"y":-12.62},"duration":30},{"duration":0,"transform":{}}],"name":"mID"},{"frame":[{"curve":[0.25,0,0.75,1],"transform":{},"duration":30},{"curve":[0.25,0,0.344,0.91],"transform":{"skX":18,"skY":18},"duration":30},{"duration":0,"transform":{}}],"name":"bone2"},{"frame":[{"curve":[0.25,0,0.75,1],"transform":{},"duration":30},{"curve":[0.25,0,0.344,0.91],"transform":{"skX":20.4,"skY":20.4},"duration":30},{"duration":0,"transform":{}}],"name":"bone6"},{"frame":[{"curve":[0.25,0,0.75,1],"transform":{},"duration":30},{"curve":[0.25,0,0.344,0.91],"transform":{"skX":33.21,"skY":33.21},"duration":30},{"duration":0,"transform":{}}],"name":"bone5"},{"frame":[{"curve":[0.25,0,0.75,1],"transform":{},"duration":30},{"curve":[0.25,0,0.344,0.91],"transform":{"skX":13.2,"skY":13.2},"duration":30},{"duration":0,"transform":{}}],"name":"bone20"},{"frame":[{"curve":[0.25,0,0.75,1],"transform":{},"duration":30},{"curve":[0.25,0,0.344,0.91],"transform":{"skX":379.2,"skY":379.2},"duration":30},{"duration":0,"transform":{}}],"name":"bone13"},{"frame":[{"curve":[0.25,0,0.75,1],"transform":{},"duration":30},{"curve":[0.25,0,0.344,0.91],"transform":{"skX":7.2,"skY":7.2},"duration":30},{"duration":0,"transform":{}}],"name":"bone3"},{"frame":[{"curve":[0.25,0,0,1],"transform":{},"duration":30},{"curve":[0.25,0,0.635,0.77],"transform":{"y":-12.37},"duration":30},{"duration":0,"transform":{}}],"name":"orb Left"},{"frame":[{"curve":[0.25,0,0.75,1],"transform":{},"duration":30},{"curve":[0.25,0,0.344,0.91],"transform":{"skX":-13.2,"skY":-13.2},"duration":30},{"duration":0,"transform":{}}],"name":"fingers"},{"frame":[{"curve":[0.25,0,0.75,1],"transform":{},"duration":30},{"curve":[0.25,0,0.344,0.91],"transform":{"skX":-9.6,"skY":-9.6},"duration":30},{"duration":0,"transform":{}}],"name":"thumb"},{"frame":[{"curve":[0.25,0,0.75,1],"transform":{},"duration":30},{"curve":[0.25,0,0.344,0.91],"transform":{"skX":-6,"skY":-6},"duration":30},{"duration":0,"transform":{}}],"name":"bone4"},{"frame":[{"curve":[0.25,0,0.087,0.95],"transform":{},"duration":30},{"curve":[0.25,0,0.656,0.78],"transform":{"y":-11.61},"duration":30},{"duration":0,"transform":{}}],"name":"Orb Right"},{"frame":[{"curve":[0.25,0,0.75,1],"transform":{},"duration":30},{"curve":[0.25,0,0.344,0.91],"transform":{"skX":363.6,"skY":363.6},"duration":30},{"duration":0,"transform":{}}],"name":"bottomchest"},{"frame":[{"curve":[0,0,1,1],"transform":{},"duration":30},{"curve":[0,0,1,1],"transform":{"scY":0.9,"scX":0.9},"duration":30},{"duration":0,"transform":{}}],"name":"shadow"},{"frame":[{"duration":60,"transform":{}}],"name":"root"},{"frame":[{"duration":60,"transform":{}}],"name":"Left Summon"},{"frame":[{"duration":60,"transform":{}}],"name":"Right Summon"},{"frame":[{"duration":60,"transform":{}}],"name":"Top Summon"},{"frame":[{"duration":60,"transform":{}}],"name":"chest"},{"frame":[{"duration":60,"transform":{}}],"name":"bone12"},{"frame":[{"duration":60,"transform":{}}],"name":"bone21"},{"frame":[{"duration":60,"transform":{}}],"name":"top chjest"},{"frame":[{"duration":60,"transform":{}}],"name":"bone22"},{"frame":[{"duration":60,"transform":{}}],"name":"left arm"},{"frame":[{"duration":60,"transform":{}}],"name":"bone14"},{"frame":[{"duration":60,"transform":{}}],"name":"head"},{"frame":[{"duration":60,"transform":{}}],"name":"right Arm"},{"frame":[{"duration":60,"transform":{}}],"name":"bone7"},{"frame":[{"duration":60,"transform":{}}],"name":"bone15"},{"frame":[{"duration":60,"transform":{}}],"name":"bone23"},{"frame":[{"duration":60,"transform":{}}],"name":"bone16"},{"frame":[{"duration":60,"transform":{}}],"name":"bone8"},{"frame":[{"duration":60,"transform":{}}],"name":"hand"},{"frame":[{"duration":60,"transform":{}}],"name":"bone24"},{"frame":[{"duration":60,"transform":{}}],"name":"bone9"},{"frame":[{"duration":60,"transform":{}}],"name":"bone17"},{"frame":[{"duration":60,"transform":{}}],"name":"bone18"},{"frame":[{"duration":60,"transform":{}}],"name":"bone10"},{"frame":[{"duration":60,"transform":{}}],"name":"bone19"},{"frame":[{"duration":60,"transform":{}}],"name":"bone11"}],"ffd":[]},{"frame":[],"slot":[],"duration":30,"name":"Skill","bone":[{"frame":[{"duration":30,"transform":{}},{"duration":0,"transform":{}}],"name":"root"},{"frame":[{"duration":30,"transform":{}},{"duration":0,"transform":{}}],"name":"shadow"},{"frame":[{"curve":[0.25,0,0.215,0.97],"transform":{},"duration":10},{"curve":[0.25,0,0,0.83],"transform":{"y":-36.65},"duration":5},{"curve":[0.25,0,0.75,1],"transform":{"y":1.9},"duration":15},{"duration":0,"transform":{}}],"name":"mID"},{"frame":[{"duration":30,"transform":{}},{"duration":0,"transform":{}}],"name":"chest"},{"frame":[{"curve":[0.25,0,0.215,0.97],"transform":{},"duration":10},{"curve":[0.25,0,0,0.83],"transform":{"skX":13.38,"skY":13.38},"duration":20},{"duration":0,"transform":{}}],"name":"top chjest"},{"frame":[{"duration":30,"transform":{}},{"duration":0,"transform":{}}],"name":"head"},{"frame":[{"curve":[0.25,0,0.215,0.97],"transform":{},"duration":10},{"curve":[0.25,0,0,0.83],"transform":{"skX":-48.32,"skY":-48.32},"duration":5},{"curve":[0.25,0,0.75,1],"transform":{"skX":-351.68,"skY":-351.68},"duration":15},{"duration":0,"transform":{}}],"name":"right Arm"},{"frame":[{"duration":30,"transform":{}},{"duration":0,"transform":{}}],"name":"bone4"},{"frame":[{"duration":30,"transform":{}},{"duration":0,"transform":{}}],"name":"hand"},{"frame":[{"duration":30,"transform":{}},{"duration":0,"transform":{}}],"name":"fingers"},{"frame":[{"duration":30,"transform":{}},{"duration":0,"transform":{}}],"name":"thumb"},{"frame":[{"curve":[0.25,0,0.215,0.97],"transform":{},"duration":10},{"curve":[0.25,0,0,0.83],"transform":{"skX":62.31,"skY":62.31},"duration":5},{"curve":[0.25,0,0.75,1],"transform":{"skX":-17.27,"skY":-17.27},"duration":15},{"duration":0,"transform":{}}],"name":"left arm"},{"frame":[{"duration":30,"transform":{}},{"duration":0,"transform":{}}],"name":"bone3"},{"frame":[{"curve":[0.25,0,0.215,0.97],"transform":{},"duration":10},{"curve":[0.25,0,0,0.83],"transform":{"skX":-2.46,"skY":-2.46},"duration":20},{"duration":0,"transform":{}}],"name":"bottomchest"},{"frame":[{"curve":[0.25,0,0.215,0.97],"transform":{},"duration":10},{"curve":[0.27249999999999996,0.155,0.3055,0.74],"transform":{"y":-100.44,"x":19.04},"duration":5},{"curve":[0.211,0.24,0.595,0.985],"transform":{"y":-5.21,"x":15.6,"scY":0.94,"scX":0.94},"duration":15},{"duration":0,"transform":{}}],"name":"orb Left"},{"frame":[{"curve":[0.25,0,0.215,0.97],"transform":{},"duration":10},{"curve":[0.27249999999999996,0.155,0.3055,0.74],"transform":{"y":-71.88,"x":-38.08},"duration":5},{"curve":[0.211,0.24,0.595,0.985],"transform":{"y":20.62,"x":-28.56,"scY":0.82,"scX":0.82},"duration":15},{"duration":0,"transform":{}}],"name":"Orb Right"},{"frame":[{"duration":30,"transform":{}},{"duration":0,"transform":{}}],"name":"Left Summon"},{"frame":[{"duration":30,"transform":{}},{"duration":0,"transform":{}}],"name":"bone2"},{"frame":[{"curve":[0.25,0,0.215,0.97],"transform":{},"duration":10},{"curve":[0.27249999999999996,0.155,0.3055,0.74],"transform":{"skX":10.7,"skY":10.7},"duration":5},{"curve":[0.211,0.24,0.595,0.985],"transform":{"y":-46.47,"x":190.53,"skX":325.2,"scY":1.26,"skY":325.2,"scX":1.5},"duration":15},{"duration":0,"transform":{}}],"name":"bone5"},{"frame":[{"duration":30,"transform":{}},{"duration":0,"transform":{}}],"name":"bone6"},{"frame":[{"duration":30,"transform":{}},{"duration":0,"transform":{}}],"name":"bone7"},{"frame":[{"duration":30,"transform":{}},{"duration":0,"transform":{}}],"name":"bone8"},{"frame":[{"duration":30,"transform":{}},{"duration":0,"transform":{}}],"name":"bone9"},{"frame":[{"duration":30,"transform":{}},{"duration":0,"transform":{}}],"name":"bone10"},{"frame":[{"duration":30,"transform":{}},{"duration":0,"transform":{}}],"name":"bone11"},{"frame":[{"duration":30,"transform":{}},{"duration":0,"transform":{}}],"name":"Right Summon"},{"frame":[{"duration":30,"transform":{}},{"duration":0,"transform":{}}],"name":"bone12"},{"frame":[{"duration":30,"transform":{}},{"duration":0,"transform":{}}],"name":"bone13"},{"frame":[{"curve":[0.25,0,0.215,0.97],"transform":{},"duration":10},{"curve":[0.25,0,0,0.83],"transform":{"skX":13.2,"skY":13.2},"duration":5},{"curve":[0.25,0,0.75,1],"transform":{"y":71.21,"x":158.25,"skX":13.2,"skY":13.2},"duration":15},{"duration":0,"transform":{}}],"name":"bone14"},{"frame":[{"duration":30,"transform":{}},{"duration":0,"transform":{}}],"name":"bone15"},{"frame":[{"duration":30,"transform":{}},{"duration":0,"transform":{}}],"name":"bone16"},{"frame":[{"duration":30,"transform":{}},{"duration":0,"transform":{}}],"name":"bone17"},{"frame":[{"duration":30,"transform":{}},{"duration":0,"transform":{}}],"name":"bone18"},{"frame":[{"duration":30,"transform":{}},{"duration":0,"transform":{}}],"name":"bone19"},{"frame":[{"duration":30,"transform":{}},{"duration":0,"transform":{}}],"name":"Top Summon"},{"frame":[{"curve":[0.25,0,0.215,0.97],"transform":{},"duration":10},{"curve":[0.25,0,0,0.83],"transform":{"skX":12,"skY":12},"duration":5},{"curve":[0.25,0,0.75,1],"transform":{"y":-39.92,"x":239.51,"skX":12,"skY":12},"duration":15},{"duration":0,"transform":{}}],"name":"bone20"},{"frame":[{"duration":30,"transform":{}},{"duration":0,"transform":{}}],"name":"bone21"},{"frame":[{"duration":30,"transform":{}},{"duration":0,"transform":{}}],"name":"bone22"},{"frame":[{"duration":30,"transform":{}},{"duration":0,"transform":{}}],"name":"bone23"},{"frame":[{"duration":30,"transform":{}},{"duration":0,"transform":{}}],"name":"bone24"}],"ffd":[]}],"type":"Armature","frameRate":30,"skin":[{"slot":[{"display":[{"edges":[0,1,1,2,2,3,3,4,4,5,5,6,6,7,7,8,8,9,9,10,10,11,11,12,12,13,13,14,14,15,15,16,16,17,17,18,18,19,19,20,20,21,21,22,22,23,23,24,24,25,25,26,26,27,27,28,28,29,29,30,30,31,31,32,32,33,33,34,34,35,35,0],"vertices":[-86.91,-307.93,-78.74,-318.89,-67.19,-327.62,-53.6,-334.13,-40.71,-336.16,-25.57,-334.6,-18.79,-331.11,-8.79,-324.72,-0.65,-319.09,7.31,-317.64,9.44,-317.15,12.65,-309.68,17.78,-304.26,24.77,-304.16,30.68,-304.16,36.8,-309.39,39.09,-320.74,39.09,-331.99,39.09,-345.67,35.44,-354.31,30.01,-358.15,17.78,-358.15,12.06,-351.98,9.73,-343.73,9.44,-340.43,0.71,-344.4,-8.99,-348.48,-19.56,-351,-30.33,-354.2,-41.77,-354.78,-52.54,-353.32,-59.04,-349.54,-67.57,-344.01,-73.78,-340.24,-84.26,-334.02,-86.91,-323.74,12.66,-339.83,18.65,-341.12,25.49,-334.06,25.34,-325.43,22.26,-319.73,13.26,-318.31,16.56,-328.85,-0.17,-331.47,-10.86,-338.28,-22.42,-343.52,-34.86,-344.81,-53.68,-344.05,-64.25,-337.75,-73.55,-330.7,-81.13,-324.4,-84.2,-317.63],"triangles":[40,15,16,39,40,16,19,37,18,37,38,18,39,16,17,38,39,17,18,38,17,20,37,19,40,14,15,40,13,14,21,37,20,21,22,37,11,12,40,41,11,40,40,12,13,42,39,38,37,42,38,42,40,39,36,42,37,42,41,40,23,36,37,22,23,37,41,10,11,9,41,42,43,9,42,36,24,42,24,43,42,9,10,41,23,24,36,43,8,9,25,43,24,26,44,25,25,44,43,44,7,43,43,7,8,45,44,26,27,45,26,44,6,7,45,6,44,45,5,6,28,45,27,46,5,45,28,46,45,46,4,5,29,46,28,47,4,46,29,47,46,30,47,29,47,3,4,48,3,47,31,47,30,48,2,3,31,48,47,32,48,31,32,33,48,49,2,48,33,49,48,49,1,2,51,0,1,50,1,49,33,34,49,34,50,49,50,51,1,34,35,50,35,51,50,35,0,51],"slotPose":[1,0,0,1,0,0],"path":"Top Summon","weights":[1,31,1,2,23,0.03502,31,0.96498,2,23,0.77664,31,0.22336,2,17,0.36535,23,0.63465,3,14,0.00826,17,0.9686,23,0.02314,2,14,0.95689,17,0.04311,2,11,0.00145,14,0.99855,2,11,0.67012,14,0.32988,3,5,0.02108,11,0.97414,14,0.00478,2,5,0.37985,11,0.62015,2,5,0.58154,11,0.41846,2,5,0.87856,11,0.12144,2,5,0.94732,11,0.05268,2,5,0.97936,11,0.02064,2,5,0.99468,11,0.00532,1,5,1,1,5,1,1,5,1,1,5,1,1,5,1,1,5,1,1,5,1,2,5,0.99843,11,0.00157,3,5,0.92205,11,0.07789,14,0.00006,3,5,0.71961,11,0.27451,14,0.00588,3,5,0.0623,11,0.65851,14,0.27918,2,11,0.12141,14,0.87859,3,11,0.00008,14,0.95225,17,0.04767,2,14,0.27018,17,0.72982,1,17,1,2,17,0.99752,23,0.00248,2,17,0.3223,23,0.6777,1,23,1,1,23,1,1,31,1,1,31,1,3,5,0.91246,11,0.08753,14,0.00001,2,5,0.99716,11,0.00284,1,5,1,2,5,0.99841,11,0.00159,2,5,0.96879,11,0.03121,2,5,0.75039,11,0.24961,2,5,0.99847,11,0.00153,1,11,1,2,11,0.01294,14,0.98706,1,14,1,1,17,1,2,17,0.69914,23,0.30086,3,17,0.00388,23,0.99571,31,0.00041,2,23,0.52475,31,0.47525,2,23,0.03022,31,0.96978,2,23,0.00136,31,0.99864],"bonePose":[31,-0.7216394153331461,0.6922691342517264,-0.6922691342517264,-0.7216394153331461,-77.99179748205628,-334.6268952621835,23,-0.8975663802247975,0.4408793407386586,-0.4408793407386586,-0.8975663802247975,-57.72348400068056,-344.76083174415743,17,-0.9906766441575646,-0.1362343081632017,0.1362343081632017,-0.9906766441575646,-29.715283515374733,-343.27126617832465,14,-0.9259365163656276,-0.3776791861629203,0.3776791861629203,-0.9259365163656276,-7.06687632507148,-334.0332332847796,11,-0.97130057100502,-0.23785541987796305,0.23785541987796305,-0.97130057100502,7.53177125713397,-330.45826632401383,5,-0.9864005861418532,-0.16435900845103757,0.16435900845103757,-0.9864005861418532,15.88,-329.27],"uvs":[0,0.92991,0.06491,0.72693,0.15652,0.56526,0.2643,0.44491,0.36668,0.40719,0.48678,0.43593,0.54067,0.5006,0.61996,0.61915,0.68463,0.72334,0.74775,0.75028,0.76469,0.75926,0.79009,0.89758,0.83089,0.99817,0.88632,1,0.93328,0.99996,0.98178,0.90296,1,0.6928,1,0.48443,1,0.23116,0.971,0.07129,0.92789,0,0.83089,0,0.78547,0.1144,0.767,0.26708,0.76469,0.32815,0.6954,0.25451,0.61842,0.17906,0.53451,0.13236,0.44906,0.07308,0.35822,0.06231,0.27276,0.08925,0.22118,0.1593,0.15344,0.26169,0.10417,0.33175,0.02103,0.44671,0,0.63711,0.79021,0.33922,0.83783,0.31561,0.892,0.44616,0.89081,0.60588,0.8664,0.71144,0.79498,0.73783,0.82117,0.54261,0.68843,0.494,0.60349,0.36794,0.51183,0.27072,0.41302,0.24711,0.26374,0.261,0.17981,0.37767,0.10601,0.50822,0.04589,0.62489,0.02154,0.75036],"type":"mesh","transform":{},"width":126,"height":54,"name":"Top Summon","userEdges":[]}],"name":"Top Summon"},{"display":[{"edges":[46,45,45,44,44,43,43,42,42,41,41,40,40,39,39,38,38,37,37,36,36,35,35,34,34,33,33,32,32,31,31,30,30,29,29,28,28,27,27,26,26,25,25,24,24,23,23,22,22,21,21,20,20,19,19,18,18,17,17,16,16,15,15,14,14,13,13,12,12,11,11,10,10,9,9,8,8,7,7,6,6,5,5,4,4,3,3,2,2,1,1,0,0,76,76,75,75,74,74,73,73,72,72,71,71,70,70,69,69,68,68,67,67,66,66,65,65,64,64,63,63,62,62,61,61,60,60,59,59,58,58,57,57,56,56,55,55,54,54,53,53,52,52,51,51,50,50,49,49,48,48,47,47,46],"vertices":[-96.75,-184.92,-99.22,-182.89,-106.33,-180.57,-109.66,-182.75,-112.13,-190.72,-120.68,-189.85,-124.16,-190.42,-127.5,-191.16,-134.61,-195.07,-142.87,-201.17,-149.69,-210.73,-152.15,-212.48,-151.43,-208.13,-146.64,-199.57,-141.13,-191.02,-136.64,-182.75,-135.42,-176.82,-134.53,-171.79,-134.85,-168.26,-135.42,-159.25,-136.68,-155.66,-140.71,-151.31,-145.89,-146.27,-153.82,-139.91,-158.24,-137.01,-165.98,-133.3,-171.46,-131.22,-183.5,-130.01,-181.54,-132.55,-179.21,-134.82,-173.41,-139.1,-168.62,-141.93,-163.71,-145.9,-159.24,-151.63,-156.97,-157.17,-156.3,-162.02,-156.36,-168.51,-159.5,-173.1,-164.48,-179.97,-169.4,-185.96,-176.38,-192.03,-183.44,-199.74,-186.34,-206.29,-188.61,-212.85,-189.99,-218.14,-190.56,-225.88,-190.56,-235.96,-188.11,-244.57,-182.13,-250.49,-178.6,-252.95,-173.43,-254.65,-163.6,-254.58,-158.24,-252.76,-150.65,-250.12,-144.92,-244.57,-140.13,-238.52,-136.03,-232.28,-131.44,-226.49,-126.52,-223.08,-120.41,-222.26,-119.34,-222.38,-118.46,-238.07,-116.08,-243.37,-113.37,-246.14,-110.16,-246.83,-106.63,-246.77,-103.16,-244.56,-100.2,-241.16,-97.68,-235.68,-95.92,-231.14,-95.04,-226.98,-93.78,-219.18,-93.08,-213,-92.83,-205.7,-93.21,-199.9,-94.6,-194.67,-96.24,-187.8,-108.75,-192.1,-103.32,-196.65,-101.23,-203.82,-101.39,-213.1,-105.07,-220.45,-109.62,-224.12,-114.17,-223.25,-108.01,-206.8,-114.14,-205.75,-125.69,-207.5,-133.05,-211.87,-141.44,-220.98,-148.09,-226.4,-156.67,-230.08,-167.52,-230.08,-171.9,-223.43,-173.3,-211.88,-158.07,-198.58,-150.37,-186.15,-147.22,-178.1,-145.12,-169,-145.65,-159.02,-150.56,-152.9,-158.26,-143.98,-165.44,-137.86,-171.39,-134.18],"triangles":[79,74,73,80,79,73,70,81,71,71,80,72,80,73,72,81,80,71,78,75,74,79,78,74,78,76,75,68,82,69,81,70,69,82,81,69,77,1,76,78,77,76,76,1,0,67,82,68,77,3,2,84,79,80,77,2,1,66,61,67,61,82,67,64,62,66,62,61,66,84,78,79,81,84,80,83,84,81,65,64,66,85,77,78,84,85,78,63,62,64,83,85,84,4,3,77,82,83,81,61,83,82,85,4,77,60,85,83,85,5,4,6,5,85,86,6,85,60,59,85,59,86,85,61,60,83,86,7,6,58,87,86,58,86,59,8,7,86,57,87,58,87,8,86,9,8,87,88,87,57,56,88,57,88,10,87,10,9,87,97,98,19,89,88,56,97,19,18,16,97,17,97,18,17,15,96,16,96,97,16,98,20,19,55,89,56,14,96,15,95,96,14,98,21,20,98,99,21,54,90,55,90,89,55,99,22,21,89,11,88,11,10,88,13,95,14,94,95,13,96,36,97,36,35,97,53,90,54,97,35,98,35,99,98,99,23,22,52,90,53,100,23,99,35,34,99,90,11,89,12,94,13,95,37,96,37,36,96,94,38,95,38,37,95,34,33,99,33,100,99,39,38,94,52,91,90,94,12,11,93,94,11,90,92,11,92,93,11,51,91,52,91,92,90,100,24,23,50,91,51,32,100,33,32,101,100,40,39,94,93,40,94,100,101,24,101,25,24,41,40,93,50,49,91,49,48,91,31,101,32,48,47,91,47,46,91,31,30,101,30,102,101,101,102,25,102,26,25,46,92,91,42,41,93,44,43,93,29,28,26,28,27,26,29,26,102,30,29,102,44,93,92,45,44,92,46,45,92,43,42,93],"slotPose":[1,0,0,1,0,0],"path":"Left Summon","weights":[2,1,0.70408,6,0.29592,2,1,0.68273,6,0.31727,3,1,0.62964,6,0.36992,13,0.00044,3,1,0.61027,6,0.38739,13,0.00234,3,1,0.40655,6,0.55102,13,0.04243,3,1,0.0614,6,0.74805,13,0.19056,3,1,0.01981,6,0.71964,13,0.26054,3,1,0.00312,6,0.65901,13,0.33787,3,6,0.4096,13,0.58966,29,0.00073,4,6,0.10564,13,0.87699,21,0.00164,29,0.01573,6,6,0.0009,13,0.69468,21,0.12893,27,0.00981,29,0.16425,34,0.00143,5,13,0.37831,21,0.22601,27,0.03476,29,0.35494,34,0.00598,5,13,0.12939,21,0.1247,27,0.00991,29,0.70144,34,0.03456,4,13,0.01866,21,0.02192,29,0.73761,34,0.22181,4,13,0.0009,21,0.0012,29,0.29313,34,0.70477,2,29,0.01112,34,0.98888,1,34,1,1,34,1,2,34,0.98435,37,0.01565,2,34,0.60515,37,0.39485,2,34,0.37987,37,0.62013,2,34,0.07368,37,0.92632,1,37,1,2,37,0.34212,39,0.65788,1,39,1,1,39,1,1,39,1,1,39,1,1,39,1,1,39,1,1,39,1,2,37,0.00067,39,0.99933,2,37,0.14312,39,0.85688,2,37,0.84096,39,0.15904,3,34,0.0535,37,0.94189,39,0.00461,3,29,0.00628,34,0.46191,37,0.53181,3,29,0.1075,34,0.86535,37,0.02715,2,29,0.48801,34,0.51199,3,27,0.00163,29,0.97333,34,0.02504,2,27,0.05468,29,0.94532,2,27,0.37503,29,0.62497,2,27,0.88283,29,0.11717,2,27,0.99555,29,0.00445,1,27,1,1,27,1,1,27,1,2,21,0.0052,27,0.9948,2,21,0.17841,27,0.82159,2,21,0.61082,27,0.38918,2,21,0.82148,27,0.17852,2,21,0.96702,27,0.03298,2,13,0.00208,21,0.99792,2,13,0.01667,21,0.98333,2,13,0.07628,21,0.92372,2,13,0.21403,21,0.78597,3,6,0.00047,13,0.48562,21,0.51391,3,6,0.02104,13,0.80196,21,0.177,4,1,0.00327,6,0.15558,13,0.83045,21,0.0107,3,1,0.051,6,0.53952,13,0.40948,3,1,0.28537,6,0.68745,13,0.02717,3,1,0.37533,6,0.61735,13,0.00731,2,1,0.73212,6,0.26788,2,1,0.75572,6,0.24428,2,1,0.76529,6,0.23471,2,1,0.77285,6,0.22715,2,1,0.78053,6,0.21947,2,1,0.79035,6,0.20965,2,1,0.80566,6,0.19434,2,1,0.8385,6,0.1615,2,1,0.87611,6,0.12389,2,1,0.91475,6,0.08525,2,1,0.98351,6,0.01649,1,1,1,2,1,0.9845,6,0.0155,2,1,0.92265,6,0.07735,2,1,0.83209,6,0.16791,2,1,0.72718,6,0.27282,3,1,0.52811,6,0.45276,13,0.01913,3,1,0.74905,6,0.24804,13,0.00292,2,1,0.94676,6,0.05324,1,1,1,2,1,0.8964,6,0.1036,2,1,0.74832,6,0.25168,2,1,0.59367,6,0.40633,3,1,0.96214,6,0.03706,13,0.0008,3,1,0.13966,6,0.84433,13,0.01601,2,6,0.61659,13,0.38341,2,13,0.99849,29,0.00151,3,6,0.00017,13,0.99961,29,0.00023,3,13,0.4832,21,0.51522,29,0.00157,2,13,0.00559,21,0.99441,3,21,0.55566,27,0.44355,29,0.00079,3,21,0.02008,27,0.97882,29,0.0011,1,27,1,4,13,0.01246,21,0.01698,29,0.93683,34,0.03373,4,13,0.00014,21,0.00019,29,0.49082,34,0.50885,1,34,1,1,34,1,2,34,0.19491,37,0.80509,1,37,1,2,37,0.18027,39,0.81973,1,39,1,1,39,1],"bonePose":[1,-0.9988650731575204,-0.04762946174398176,0.04762946174398176,-0.9988650731575204,-106.3,-208.28,6,-0.9715077691458852,-0.23700770976739452,0.23700770976739452,-0.9715077691458852,-113.75439121345974,-208.57538388022064,13,-0.8447952010360833,-0.5350897759314821,0.5350897759314821,-0.8447952010360833,-126.57261453478702,-211.55839425307911,29,0.5422949044166031,0.8401882150112482,-0.8401882150112482,0.5422949044166031,-168.59203102376077,-205.01016142862315,21,-0.8244226452511755,-0.5659746478395076,0.5659746478395076,-0.8244226452511755,-153.0922415955707,-226.16593615981176,27,0.11042819994545122,0.9938841042379174,-0.9938841042379174,0.11042819994545122,-174.25484699899562,-238.6807526801979,34,0.14349262199117946,0.9896513868196702,-0.9896513868196702,0.14349262199117946,-150.71017931097458,-180.27431943119103,37,-0.3687735693616874,0.9295192599081749,-0.9295192599081749,-0.3687735693616874,-148.33272662113455,-160.6018839259575,39,-0.9041571239084388,0.4272000647069472,-0.4272000647069472,-0.9041571239084388,-155.4890577609724,-143.32313036509592],"uvs":[0.9565,0.56061,0.93199,0.57685,0.85949,0.59541,0.82546,0.57801,0.80031,0.51421,0.71301,0.52117,0.6775,0.51653,0.64347,0.51073,0.57097,0.47941,0.48663,0.43069,0.41709,0.35413,0.39194,0.34021,0.39934,0.37501,0.44817,0.44345,0.50439,0.51189,0.55026,0.57801,0.56273,0.62542,0.57173,0.66574,0.56852,0.69396,0.56273,0.76603,0.54987,0.79476,0.50873,0.82954,0.45602,0.86986,0.37502,0.92076,0.33002,0.94394,0.25095,0.97368,0.19502,0.99031,0.07223,1,0.09216,0.97973,0.11595,0.96158,0.17509,0.92731,0.22395,0.90463,0.27409,0.87288,0.31973,0.82702,0.34287,0.78267,0.34962,0.74386,0.34898,0.69195,0.31698,0.65522,0.26619,0.60028,0.21605,0.5524,0.14469,0.50379,0.07269,0.4421,0.04312,0.38969,0.01998,0.33727,0.00584,0.29494,0.00005,0.23295,0,0.15231,0.025,0.08347,0.08607,0.0361,0.12207,0.01644,0.17479,0.00284,0.27507,0.00334,0.32971,0.01796,0.40723,0.03912,0.46573,0.08347,0.51459,0.13186,0.55638,0.18175,0.6033,0.22812,0.65345,0.25534,0.7158,0.26189,0.72673,0.26088,0.73573,0.13539,0.75995,0.09306,0.78759,0.07088,0.82037,0.06534,0.85637,0.06584,0.89173,0.08348,0.92194,0.1107,0.94766,0.15455,0.96566,0.19083,0.97466,0.2241,0.98752,0.28659,0.99459,0.33599,0.99716,0.39445,0.9933,0.44082,0.97916,0.48265,0.96245,0.53758,0.83477,0.50321,0.89013,0.46681,0.91156,0.40941,0.90977,0.33521,0.87227,0.27641,0.82584,0.24701,0.77942,0.25401,0.84225,0.38561,0.77975,0.39401,0.66189,0.38001,0.58689,0.34501,0.50118,0.27221,0.43332,0.22881,0.34582,0.19941,0.23511,0.19941,0.19047,0.25261,0.17618,0.34501,0.33154,0.45141,0.41011,0.55081,0.44225,0.61521,0.46368,0.68801,0.45832,0.76781,0.40832,0.8168,0.32975,0.8882,0.25654,0.9372,0.19582,0.9666],"type":"mesh","transform":{},"width":98,"height":125,"name":"Left Summon","userEdges":[]}],"name":"Left Summon"},{"display":[{"edges":[12,11,11,10,10,9,9,8,8,7,7,6,6,5,5,4,4,3,3,2,2,1,1,0,0,62,62,61,61,60,60,59,59,58,58,57,57,56,56,55,55,54,54,53,53,52,52,51,51,50,50,49,49,48,48,47,47,46,46,45,45,44,44,43,43,42,42,41,41,40,40,39,39,38,38,37,37,36,36,35,35,34,34,33,33,32,32,31,31,30,30,29,29,28,28,27,27,26,26,25,25,24,24,23,23,22,22,21,21,20,20,19,19,18,18,17,17,16,16,15,15,14,14,13,13,12],"vertices":[132.26,-195.06,133.81,-189.69,139.63,-181.32,144.45,-171.32,147,-159.77,146.81,-152.49,145.17,-142.47,141.72,-134.64,137.71,-128,129.25,-120.62,118.06,-113.71,111.33,-111.62,98.69,-110.01,98.68,-113.07,114.51,-121.63,120.34,-126.36,126.79,-133.37,128.06,-139.47,127.61,-145.47,124.61,-155.21,120.06,-163.66,113.42,-169.12,107.78,-175.86,102.52,-182.52,99.43,-191.53,99.43,-197.63,99.98,-208.27,102.35,-214.46,105.99,-219.55,110.63,-224.2,115,-227.75,122.09,-231.2,129.28,-234.1,130.2,-241.53,135.65,-252.45,141.75,-259.55,148.12,-266.38,154.76,-269.92,165.5,-271.74,174.6,-271.84,180.6,-270.11,188.52,-266.65,192.25,-262.01,199.8,-254.2,203.9,-246.28,208.05,-237.08,209.6,-230.89,210.69,-222.43,210.69,-214.6,210.69,-207.51,209.6,-193.04,206.39,-186.03,203.39,-180.58,198.93,-175.66,192.56,-171.29,188.37,-169.19,177.18,-165.29,172.08,-164.55,164.53,-165.56,155.34,-166.46,149.79,-172.11,139.05,-186.58,134.5,-198.13,138.38,-199.37,144.87,-198.93,154.44,-196.18,161.37,-194.53,167.86,-197.17,176.55,-205.1,176.22,-216.64,173.25,-226.87,164.23,-232.91,149.6,-236.66,134.1,-234.79,166.57,-213.12,148.76,-216.2,137.1,-216.85,127.2,-212.24,115.21,-202.79,116.42,-194.87,121.25,-184.52,127.75,-178.26,134.12,-166.16,135.55,-152.96,135.88,-144.37,133.02,-133.26,129.51,-129.3,121.26,-122.04,112.56,-116.87,116.85,-118.96,106.32,-113.39],"triangles":[46,69,47,47,69,48,69,68,48,48,68,49,68,50,49,68,51,50,45,70,46,70,69,46,44,70,45,68,52,51,68,54,53,68,53,52,43,70,44,67,55,54,68,67,54,71,70,42,42,70,43,67,56,55,41,40,42,40,71,42,38,71,39,67,57,56,39,71,40,37,71,38,67,66,57,66,58,57,36,72,37,37,72,71,70,74,69,69,74,68,74,67,68,66,60,58,36,35,72,60,59,58,71,74,70,65,66,74,75,65,74,71,75,74,74,66,67,65,60,66,72,75,71,75,64,65,35,34,72,64,61,65,76,75,72,73,76,72,33,73,34,76,63,64,76,64,75,34,73,72,3,82,4,84,6,5,63,61,64,83,84,5,83,5,4,82,83,4,84,7,6,2,82,3,73,32,76,76,77,63,77,62,63,81,82,2,85,8,7,84,85,7,32,31,76,1,81,2,17,85,84,82,19,83,31,77,76,85,86,8,86,9,8,83,18,84,18,17,84,19,18,83,33,32,73,80,81,1,81,20,82,20,19,82,78,0,62,77,78,62,0,80,1,16,86,85,17,16,85,31,30,77,79,80,0,78,79,0,21,20,81,87,10,9,16,15,86,87,9,86,15,87,86,80,21,81,30,29,77,29,78,77,29,28,78,22,21,80,89,10,87,79,23,80,23,22,80,15,14,87,14,89,87,28,27,78,89,88,10,88,11,10,27,26,78,14,88,89,24,23,79,78,25,79,25,24,79,26,25,78,90,88,14,13,90,14,90,12,11,90,11,88,13,12,90,62,61,63,61,60,65],"slotPose":[1,0,0,1,0,0],"path":"Right Summon","weights":[6,3,0.0164,9,0.07442,16,0.29774,19,0.07182,26,0.53951,28,0.00011,6,3,0.00283,9,0.01842,16,0.11044,19,0.01309,26,0.83867,28,0.01655,4,9,0.00067,16,0.01297,26,0.69123,28,0.29513,3,16,0.0001,26,0.15593,28,0.84397,2,28,0.99851,33,0.00149,2,28,0.86945,33,0.13055,2,28,0.13828,33,0.86172,2,33,0.96743,36,0.03257,2,33,0.25239,36,0.74761,1,36,1,1,38,1,1,38,1,1,38,1,1,38,1,1,38,1,2,36,0.29512,38,0.70488,4,28,0.00118,33,0.25627,36,0.71112,38,0.03143,3,28,0.08039,33,0.79357,36,0.12604,3,28,0.46307,33,0.53317,36,0.00376,3,26,0.02815,28,0.9428,33,0.02905,3,19,0.0004,26,0.42474,28,0.57486,3,19,0.03225,26,0.84887,28,0.11888,3,19,0.20283,26,0.79255,28,0.00462,2,19,0.56071,26,0.43929,2,19,0.92292,26,0.07708,2,19,0.99711,26,0.00289,2,16,0.00225,19,0.99775,2,16,0.05376,19,0.94624,2,16,0.20743,19,0.79257,2,16,0.47403,19,0.52597,3,9,0.00069,16,0.69033,19,0.30898,3,9,0.03856,16,0.86444,19,0.097,4,3,0.00186,9,0.24287,16,0.74485,19,0.01041,3,3,0.01487,9,0.45937,16,0.52576,3,3,0.06461,9,0.619,16,0.31639,3,3,0.12677,9,0.6641,16,0.20913,3,3,0.19549,9,0.66581,16,0.13871,3,3,0.24949,9,0.64803,16,0.10248,3,3,0.34642,9,0.59476,16,0.05883,3,3,0.43012,9,0.5362,16,0.03369,3,3,0.48601,9,0.49209,16,0.0219,3,3,0.56178,9,0.42754,16,0.01068,3,3,0.61676,9,0.37745,16,0.00579,3,3,0.73132,9,0.26814,16,0.00054,2,3,0.8158,9,0.1842,2,3,0.90147,9,0.09853,2,3,0.94098,9,0.05902,2,3,0.97801,9,0.02199,2,3,0.9954,9,0.00461,2,3,0.99992,9,0.00008,1,3,1,3,3,0.99847,9,0.00141,16,0.00013,3,3,0.99294,9,0.00609,16,0.00098,3,3,0.98073,9,0.01608,16,0.00319,3,3,0.95501,9,0.03671,16,0.00828,3,3,0.93312,9,0.05402,16,0.01286,4,3,0.85368,9,0.11545,16,0.03085,26,0.00001,4,3,0.81511,9,0.14431,16,0.04037,26,0.00021,4,3,0.74353,9,0.19577,16,0.0594,26,0.0013,4,3,0.65862,9,0.25311,16,0.08445,26,0.00382,4,3,0.58275,9,0.29882,16,0.11031,26,0.00812,4,3,0.29361,9,0.40925,16,0.25198,26,0.04515,5,3,0.06094,9,0.2191,16,0.45727,19,0.04019,26,0.22249,5,3,0.09557,9,0.34271,16,0.44326,19,0.00948,26,0.10898,4,3,0.16692,9,0.49575,16,0.29016,26,0.04716,4,3,0.4003,9,0.46058,16,0.12421,26,0.01491,4,3,0.62472,9,0.30288,16,0.06668,26,0.00572,4,3,0.81622,9,0.15345,16,0.02881,26,0.00152,3,3,0.99248,9,0.00509,16,0.00243,2,3,0.98679,9,0.01321,3,3,0.76412,9,0.2352,16,0.00068,3,3,0.37705,9,0.601,16,0.02195,3,3,0.07509,9,0.73005,16,0.19486,4,3,0.00538,9,0.36988,16,0.62405,19,0.0007,3,3,0.99954,16,0.00043,26,0.00002,4,3,0.00016,9,0.99617,16,0.00339,26,0.00028,1,16,1,1,16,1,1,19,1,5,3,0.00001,9,0.00056,16,0.01015,19,0.6475,26,0.34178,4,3,0.00002,9,0.00035,16,0.00342,26,0.99621,4,9,0.0002,16,0.00399,26,0.98029,28,0.01551,1,28,1,1,28,1,1,33,1,3,33,0.53411,36,0.46522,38,0.00067,3,33,0.02841,36,0.95354,38,0.01805,1,38,1,1,38,1,1,38,1,1,38,1],"bonePose":[3,-0.9740155105600358,-0.22648131311097824,0.22648131311097824,-0.9740155105600358,176.2,-211.86,9,-0.9920269604457442,-0.12602582968890874,0.12602582968890874,-0.9920269604457442,161.89986839442872,-215.13378008781007,16,-0.9119769704732384,0.41024139884518535,-0.41024139884518535,-0.9119769704732384,139.55231096985284,-217.5191683487193,19,-0.44729084841871025,0.8943885603700835,-0.8943885603700835,-0.44729084841871025,120.1818904694277,-208.5863239172568,26,0.5583244309018015,0.8296227033165015,-0.8296227033165015,0.5583244309018015,116.3029787976997,-190.4118983625678,28,0.282174020669259,0.959363237808988,-0.959363237808988,0.282174020669259,131.19836701453318,-167.16815060387324,33,-0.15798572862639898,0.9874413955017208,-0.9874413955017208,-0.15798572862639898,137.15562266430524,-147.19759464958747,36,-0.6363475293115823,0.7714025031972901,-0.7714025031972901,-0.6363475293115823,134.4773607282061,-132.29354778299307,38,-0.9164325896926356,0.4001890909923082,-0.4001890909923082,-0.9164325896926356,123.15414836881924,-120.37434638926584],"uvs":[0.30136,0.47501,0.31354,0.50815,0.36554,0.55983,0.40861,0.62154,0.43136,0.69288,0.42973,0.73782,0.41511,0.79961,0.38423,0.84792,0.34848,0.88892,0.27292,0.93442,0.17298,0.97711,0.11286,0.99003,0,1,0,0.98105,0.14129,0.92824,0.19329,0.89903,0.25098,0.85578,0.26236,0.81815,0.25829,0.78107,0.23148,0.72097,0.19086,0.66881,0.13154,0.63511,0.08117,0.59354,0.03424,0.55239,0.00661,0.49678,0.00661,0.45915,0.01149,0.39343,0.03261,0.35523,0.06511,0.32377,0.10655,0.29512,0.14555,0.27322,0.20892,0.25187,0.27311,0.2339,0.28124,0.18808,0.32999,0.12067,0.38442,0.07685,0.4413,0.03473,0.50061,0.01282,0.59648,0.00158,0.67773,0.00102,0.73136,0.01169,0.80205,0.03304,0.83536,0.06169,0.90278,0.10989,0.93934,0.15876,0.97648,0.21557,0.99029,0.25376,1,0.306,1,0.35431,1,0.39813,0.99029,0.48744,0.96162,0.53067,0.93481,0.56438,0.89499,0.59471,0.83812,0.62167,0.80074,0.63459,0.70081,0.65875,0.65531,0.66324,0.58787,0.65706,0.50581,0.65144,0.45625,0.61662,0.36037,0.5273,0.31975,0.45596,0.3544,0.44835,0.41234,0.45106,0.49779,0.46804,0.55966,0.47822,0.61761,0.46193,0.6952,0.41304,0.69225,0.34174,0.66574,0.2786,0.5852,0.24125,0.45458,0.21816,0.31609,0.22971,0.60615,0.36347,0.44704,0.34446,0.34293,0.34039,0.25539,0.3689,0.14796,0.4273,0.15863,0.47619,0.20167,0.54001,0.25951,0.57872,0.31642,0.65341,0.32918,0.73489,0.33213,0.78785,0.30659,0.85643,0.27516,0.88088,0.2015,0.92569,0.12391,0.95761,0.16222,0.9447,0.06813,0.97906],"type":"mesh","transform":{},"width":112,"height":162,"name":"Right Summon","userEdges":[]}],"name":"Right Summon"},{"display":[{"path":"shadow","type":"image","name":"shadow","transform":{"y":2.71,"x":4.84}}],"name":"shadow"},{"display":[{"edges":[0,1,1,2,2,3,3,4,4,5,5,6,6,7,7,8,8,9,9,10,10,11,11,12,12,13,13,14,14,15,15,16,16,17,17,18,18,19,19,20,20,21,21,22,22,23,23,24,24,25,25,26,26,27,27,28,28,29,29,30,30,31,31,32,32,33,33,34,34,35,35,36,36,37,37,38,38,39,39,40,40,41,41,42,42,43,43,44,44,45,45,46,46,47,47,48,48,0],"vertices":[15.51,-241.77,20.22,-238.54,27.38,-239.08,31.32,-236.04,35.26,-232.99,36.43,-229.15,37.59,-225.3,38.76,-221.45,39.92,-217.6,45.2,-216.62,50.48,-215.63,55.76,-214.66,61.04,-213.67,66.05,-210.45,71.42,-211.16,74.91,-209.65,78.4,-208.13,84.13,-204.02,89.51,-207.05,89.52,-210.99,87.59,-213.95,85.66,-216.9,83.73,-219.85,81.79,-222.81,77.77,-226.12,73.75,-229.42,74.82,-232.83,75.27,-236.51,75.72,-240.17,74.1,-243.39,70.52,-239.63,66.59,-239.63,62.47,-242.31,59.88,-247.95,57.28,-253.58,53.7,-252.33,52.27,-256.36,50.83,-260.39,47.25,-264.5,40.45,-266.01,35.7,-266,30.96,-266.01,27.11,-264.44,23.26,-262.88,19.39,-259.39,15.51,-255.9,15.51,-252.37,15.51,-248.83,15.51,-245.3,35.28,-255.35,52.07,-230.51,65.31,-223.26,44.57,-242.23,24.16,-249.5,65.14,-234.75,40.47,-253.67,55.58,-240.43,35.81,-244.11,51.09,-221.02,72.92,-216.98,43.49,-235.93,25.84,-257.93,60.48,-229.9,48.32,-246.81,43.26,-227.22,32.77,-249.57,56.76,-222.32,79.95,-214.5,40.38,-247.28,51.24,-235.8,46,-253.3,34.96,-260.91,42.19,-259.19,73.03,-222.64,66.64,-217.22,36.31,-238.4,24.5,-244.49,68.75,-228.8,20.08,-254.31,54.08,-245.34,52.71,-226.18,46.53,-230.8,44.07,-222.2,59.09,-236.19,27.63,-253.32,84.52,-210.27,61.1,-218.22,19.96,-244.63,78.67,-218.76,60.85,-224.79,28.94,-245.35,49.56,-241.08,41,-231.22,29.57,-261.25,46.51,-257.9,55.12,-231.71,71.38,-233.66],"triangles":[85,17,18,85,18,19,20,85,19,21,85,20,16,17,85,22,67,21,67,85,21,67,16,85,23,88,22,88,67,22,24,88,23,24,73,88,15,16,67,88,59,67,59,15,67,73,59,88,25,73,24,59,14,15,29,30,28,28,30,27,30,96,27,96,26,27,96,25,26,77,73,25,96,77,25,73,74,59,74,14,59,77,51,73,51,74,73,54,77,96,74,13,14,54,96,30,31,54,30,62,51,77,54,62,77,62,89,51,83,54,31,32,83,31,51,86,74,86,12,74,74,12,13,83,62,54,89,86,51,79,56,33,66,86,89,33,56,32,56,83,32,83,95,62,66,11,86,62,80,89,80,66,89,86,11,12,95,80,62,34,35,33,35,79,33,69,95,83,56,69,83,50,80,95,58,10,11,58,11,66,80,58,66,63,79,35,79,91,56,91,69,56,69,50,95,63,91,79,36,70,35,70,63,35,81,50,69,81,64,80,82,58,80,64,82,80,50,81,80,37,94,36,94,70,36,91,60,69,60,81,69,82,9,58,58,9,10,38,94,37,52,60,91,63,52,91,38,72,94,68,52,63,70,68,63,39,72,38,72,70,94,72,55,70,55,68,70,60,92,81,92,64,81,82,8,9,68,57,52,57,75,52,75,60,52,64,6,82,6,7,82,7,8,82,75,92,60,75,4,92,39,71,72,92,6,64,5,6,92,49,55,72,71,49,72,40,71,39,65,68,55,49,65,55,4,5,92,65,57,68,2,3,57,90,2,57,57,3,75,3,4,75,41,71,40,65,90,57,84,65,49,71,93,49,93,84,49,41,93,71,61,84,93,84,90,65,84,53,90,42,93,41,76,2,90,42,61,93,43,61,42,53,76,90,76,1,2,61,78,84,78,53,84,43,44,61,44,78,61,53,87,76,87,1,76,47,87,53,78,47,53,45,46,78,46,47,78,0,1,87,48,0,87,47,48,87,45,78,44],"slotPose":[1,0,0,1,0,0],"path":"Right Arm A","weights":[1,22,1,1,22,1,2,22,0.98509,24,0.01491,3,22,0.87862,24,0.12134,30,0.00004,3,22,0.56091,24,0.42886,30,0.01022,3,22,0.26846,24,0.67938,30,0.05216,3,22,0.11367,24,0.7595,30,0.12682,3,22,0.04026,24,0.74144,30,0.2183,3,22,0.01536,24,0.70377,30,0.28087,3,22,0.00337,24,0.59728,30,0.39935,3,24,0.38034,30,0.61739,35,0.00227,3,24,0.16222,30,0.7987,35,0.03908,3,24,0.03403,30,0.75906,35,0.20691,3,24,0.00099,30,0.49767,35,0.50133,2,30,0.21138,35,0.78862,2,30,0.05052,35,0.94948,2,30,0.00475,35,0.99525,1,35,1,1,35,1,1,35,1,1,35,1,1,35,1,1,35,1,1,35,1,2,32,0.03604,35,0.96396,3,30,0.09502,32,0.43929,35,0.46568,3,30,0.02154,32,0.88486,35,0.0936,3,30,0.00005,32,0.99925,35,0.00071,3,30,0.00001,32,0.99982,35,0.00017,3,30,0.00001,32,0.99978,35,0.00021,3,24,0.01301,32,0.98695,35,0.00004,4,22,0.00049,24,0.13506,30,0.01216,32,0.85228,4,22,0.02441,24,0.51009,30,0.0299,32,0.4356,3,22,0.15756,24,0.67443,32,0.16801,3,22,0.30517,24,0.59836,32,0.09647,3,22,0.46051,24,0.47645,32,0.06304,3,22,0.76728,24,0.21296,32,0.01976,3,22,0.89703,24,0.09643,32,0.00655,3,22,0.96705,24,0.03191,32,0.00105,2,22,0.99768,24,0.00232,1,22,1,1,22,1,1,22,1,1,22,1,1,22,1,1,22,1,1,22,1,1,22,1,1,22,1,1,22,1,2,24,0.85483,30,0.14517,3,24,0.00032,30,0.94886,35,0.05082,3,22,0.76386,24,0.23537,32,0.00077,1,22,1,3,24,0.05833,30,0.11257,32,0.8291,3,22,0.9932,24,0.00645,32,0.00035,4,22,0.0289,24,0.81041,30,0.01589,32,0.1448,2,22,0.99427,24,0.00573,4,22,0.00011,24,0.41663,30,0.58291,35,0.00035,2,30,0.11603,35,0.88397,3,22,0.22286,24,0.77499,30,0.00216,1,22,1,3,24,0.00226,30,0.96601,32,0.03172,3,22,0.53499,24,0.44064,32,0.02438,3,22,0.07258,24,0.79244,30,0.13498,1,22,1,3,24,0.13744,30,0.85598,35,0.00658,1,35,1,1,22,1,2,24,0.9991,32,0.0009,3,22,0.86649,24,0.12436,32,0.00914,1,22,1,3,22,0.98289,24,0.01651,32,0.0006,2,32,0.0004,35,0.9996,3,24,0.00178,30,0.58641,35,0.41182,3,22,0.83224,24,0.16768,30,0.00008,1,22,1,3,30,0.51853,32,0.36639,35,0.11508,1,22,1,3,22,0.18155,24,0.71688,32,0.10156,3,22,0.00002,24,0.45418,30,0.5458,3,22,0.03758,24,0.89819,30,0.06423,3,22,0.02012,24,0.69655,30,0.28333,4,22,0.0008,24,0.44271,30,0.28179,32,0.27471,1,22,1,1,35,1,3,24,0.03849,30,0.84766,35,0.11385,1,22,1,1,35,1,3,24,0.01206,30,0.9853,35,0.00264,2,22,0.99948,24,0.00052,3,22,0.05482,24,0.92569,32,0.01949,3,22,0.22489,24,0.73591,30,0.0392,1,22,1,3,22,0.91878,24,0.07624,32,0.00498,2,24,0.85472,30,0.14528,3,30,0.02069,32,0.93997,35,0.03934],"bonePose":[22,0.37007106319219835,0.9290034489644244,-0.9290034489644244,0.37007106319219835,37.370640984023275,-257.6224965148751,24,0.761764497661001,0.6478540345658755,-0.6478540345658755,0.761764497661001,45.45924301908837,-240.424882810691,30,0.881220962975094,0.4727045741403906,-0.4727045741403906,0.881220962975094,55.897338758865935,-231.6132849234042,35,0.6230608484538036,0.7821733689688153,-0.7821733689688153,0.6230608484538036,71.9186921474623,-223.82481038741756,32,0.9230088740101036,-0.3847786616986455,0.3847786616986455,0.9230088740101036,67.21785309499839,-233.52965001529552],"uvs":[0,0.39091,0.0637,0.44288,0.16045,0.43421,0.21367,0.48329,0.26689,0.53238,0.28261,0.59445,0.29833,0.65652,0.31405,0.71859,0.32978,0.78067,0.40114,0.79654,0.47249,0.81242,0.54385,0.8283,0.61521,0.84418,0.68294,0.89615,0.75551,0.8846,0.80268,0.90914,0.84984,0.93368,0.92725,1,1,0.951,1,0.88749,0.97395,0.83985,0.9479,0.79221,0.92185,0.74458,0.8958,0.69694,0.84138,0.64353,0.78695,0.59012,0.80147,0.53526,0.80751,0.47608,0.81356,0.41689,0.79179,0.36492,0.74341,0.42555,0.6902,0.42555,0.63456,0.38225,0.59949,0.2913,0.56441,0.20036,0.51603,0.22057,0.49668,0.15561,0.47733,0.09065,0.42895,0.02425,0.33703,0,0.27293,0,0.20883,0,0.15682,0.02512,0.10482,0.05023,0.05241,0.10653,0,0.16283,0,0.21985,0,0.27687,0,0.33389,0.26729,0.17187,0.49394,0.57252,0.6729,0.68946,0.39261,0.38338,0.11693,0.26617,0.6706,0.50418,0.33732,0.19896,0.54153,0.4126,0.27436,0.35313,0.48072,0.7257,0.77588,0.79086,0.37808,0.48507,0.13961,0.13027,0.60778,0.58244,0.44338,0.30971,0.37484,0.62564,0.23316,0.26515,0.55731,0.7047,0.8708,0.83098,0.33616,0.30198,0.48278,0.4872,0.41207,0.20487,0.26284,0.08208,0.36066,0.10991,0.77723,0.69964,0.69092,0.78706,0.28102,0.44524,0.12144,0.34708,0.71948,0.60019,0.0618,0.18853,0.52127,0.3333,0.5027,0.64231,0.41913,0.56781,0.38597,0.70644,0.58891,0.48111,0.16375,0.20453,0.93243,0.89911,0.61608,0.7708,0.06025,0.34473,0.85347,0.76221,0.61271,0.66493,0.18149,0.33306,0.46004,0.40208,0.34444,0.56097,0.19003,0.0766,0.41883,0.13072,0.53527,0.5531,0.75487,0.52194],"type":"mesh","transform":{},"width":74,"height":62,"name":"Right Arm A","userEdges":[]}],"name":"Right Arm A"},{"display":[{"edges":[26,27,27,28,28,29,29,30,30,31,31,32,32,33,33,34,34,35,35,36,36,37,37,38,38,39,39,40,40,41,41,42,42,43,43,44,44,45,45,46,46,47,47,48,48,49,49,50,50,51,51,52,52,53,53,54,54,55,55,56,56,57,57,58,58,59,59,60,60,61,61,0,0,1,1,2,2,3,3,4,4,5,5,6,6,7,7,8,8,9,9,10,10,11,11,12,12,13,13,14,14,15,15,16,16,17,17,18,18,19,19,20,20,21,21,22,22,23,23,24,24,25,25,26],"vertices":[-12.83,-245.91,-15.14,-242.59,-17.45,-239.27,-17.24,-235.41,-17.03,-231.55,-14.09,-229.03,-11.15,-226.51,-12.83,-223.99,-12.08,-219.28,-17.04,-217.77,-20.7,-215.18,-24.38,-212.58,-28.05,-209.98,-31.72,-207.38,-37.77,-205.87,-39.28,-204.77,-39.95,-206.88,-44.49,-206.12,-46.93,-208.64,-46.76,-210.83,-51.41,-209.39,-56.08,-207.97,-54.99,-204.94,-58.93,-205.28,-62.21,-201.32,-64.06,-196.88,-65.49,-193.35,-62.22,-189.57,-60.86,-188.81,-59.78,-185.71,-55.91,-183.11,-51.03,-181.08,-48.09,-179.99,-42.93,-182.26,-37.76,-184.53,-34.99,-181.6,-30.71,-183.27,-29.11,-186.05,-27.51,-188.82,-23.49,-190.42,-18.16,-192.56,-12.82,-194.71,-7.49,-196.84,-2.15,-198.99,1.96,-200.92,3.98,-204.2,7.76,-206.14,10.51,-211.18,9.77,-215.8,10.14,-219.28,10.51,-222.77,9.19,-227.22,9.85,-230.5,10.51,-233.77,10.51,-237.05,10.51,-240.32,9.26,-243.18,8.01,-246.04,3.98,-249.01,0.28,-249.01,-3.41,-249.01,-9.46,-249,-1.73,-237.42,-53.35,-192.25,0.18,-212.05,0.67,-223.01,-45.47,-193.93,-9.54,-206.67,-23.46,-199.74,-34.72,-197.82,-19.82,-206.47,0.14,-227.98,-6.4,-219.92,-48.59,-185.82,-38.81,-190.19,-45.62,-201.22,-15.21,-199.5,-10.01,-234.77,-16.57,-212.55,-29.6,-193.39,-5.58,-244.18,-55.85,-198.17,-6.96,-214.58,5.72,-233.34,2.62,-217.04,-29.51,-201.78,-2.08,-206.24,-4.75,-228.27,1.96,-244.33,-40.78,-197.59,-10.45,-240.69,-51.04,-198.09,4.88,-240.29,-15.28,-206.28,-26.16,-206.32,-12.91,-212.85,-9.23,-201.32,-6.92,-230.67,-44.49,-188.16,-49.08,-204.73,-1.5,-231.55,-33.23,-186.97,-60.58,-194.34,-5.64,-211.43,-2.59,-216.31,-54.91,-186.13,-18.89,-197.49,-35.43,-193.19,-23.86,-195.89,-19.81,-202.63,4.68,-210.38,-4.3,-225.12,-35.63,-202.54,4.01,-228.93,6.19,-223.03,-1.56,-242.1,-4.75,-201.83,-5.4,-237.34,2.72,-236.96,-28.22,-197.72,-20.48,-209.9,-48.58,-191.65],"triangles":[92,83,54,54,83,53,48,110,47,110,46,47,51,114,50,92,54,55,56,92,55,84,48,49,114,84,49,50,114,49,113,51,52,83,113,52,53,83,52,118,83,92,84,110,48,57,92,56,113,114,51,58,88,57,88,92,57,110,45,46,84,64,110,113,65,114,65,84,114,118,100,83,88,118,92,83,100,113,71,65,113,59,88,58,86,45,110,64,86,110,100,71,113,86,44,45,65,104,84,104,64,84,115,62,118,62,100,118,115,118,88,59,115,88,86,43,44,116,43,86,60,80,115,60,115,59,103,86,64,72,104,65,111,72,65,71,111,65,100,87,71,87,111,71,104,103,64,82,103,104,80,117,115,115,117,62,97,87,100,62,117,100,117,97,100,103,67,86,67,116,86,116,42,43,72,82,104,77,97,117,90,117,80,61,80,60,87,6,111,6,72,111,96,42,116,67,96,116,97,6,87,61,0,80,0,90,80,90,77,117,82,67,103,6,7,72,7,8,72,8,82,72,95,67,82,8,95,82,77,5,97,5,6,97,96,41,42,2,3,90,95,93,67,90,3,77,76,41,96,67,93,96,93,76,96,0,1,90,4,5,77,3,4,77,8,9,95,1,2,90,78,93,95,9,78,95,109,76,93,76,106,41,106,40,41,78,120,93,10,78,9,109,106,76,120,70,93,70,109,93,10,120,78,109,68,106,106,108,40,108,39,40,68,108,106,120,94,70,94,109,70,11,120,10,11,94,120,94,68,109,12,94,11,94,85,68,119,108,68,85,119,68,108,79,39,79,38,39,119,79,108,12,13,94,13,85,94,101,37,38,79,101,38,69,79,119,85,69,119,101,36,37,13,112,85,112,69,85,107,101,79,69,107,79,101,35,36,14,112,13,34,35,101,107,74,101,74,34,101,112,89,69,69,89,107,89,74,107,14,15,112,15,89,112,75,89,15,89,66,74,74,98,34,98,33,34,66,98,74,17,75,15,17,15,16,75,66,89,66,121,98,98,73,33,73,32,33,75,91,66,121,73,98,99,75,17,18,99,17,91,121,66,99,91,75,31,32,73,20,99,18,20,18,19,22,91,99,91,63,121,105,31,73,121,63,73,63,105,73,20,22,99,105,30,31,21,22,20,81,63,91,22,81,91,28,105,63,102,28,63,81,102,63,29,30,105,28,29,105,22,23,81,23,24,81,24,102,81,24,25,102,102,27,28,26,27,102,25,26,102],"slotPose":[1,0,0,1,0,0],"path":"Left Arm A","weights":[1,18,1,1,18,1,2,25,0.00022,18,0.99978,2,25,0.00364,18,0.99636,2,25,0.01182,18,0.98818,2,25,0.0337,18,0.9663,2,25,0.12284,18,0.87716,2,25,0.25041,18,0.74959,2,25,0.57006,18,0.42994,2,25,0.87981,18,0.12019,2,25,0.9643,18,0.0357,2,25,0.99511,18,0.00489,1,25,1,1,25,1,1,25,1,1,25,1,1,25,1,1,25,1,1,25,1,1,25,1,1,25,1,1,25,1,1,25,1,1,25,1,1,25,1,1,25,1,1,25,1,1,25,1,1,25,1,1,25,1,1,25,1,1,25,1,1,25,1,1,25,1,1,25,1,1,25,1,1,25,1,1,25,1,1,25,1,1,25,1,1,25,1,1,25,1,1,25,1,2,25,0.97952,18,0.02048,2,25,0.85111,18,0.14889,2,25,0.53988,18,0.46012,2,25,0.15247,18,0.84753,2,25,0.0037,18,0.9963,1,18,1,1,18,1,1,18,1,1,18,1,1,18,1,1,18,1,1,18,1,1,18,1,1,18,1,1,18,1,1,18,1,1,18,1,1,18,1,1,18,1,2,25,0.00003,18,0.99997,1,25,1,2,25,0.14064,18,0.85936,2,25,0.00155,18,0.99845,1,25,1,1,25,1,1,25,1,1,25,1,2,25,0.99903,18,0.00097,2,25,0.00198,18,0.99803,2,25,0.30579,18,0.69421,1,25,1,1,25,1,1,25,1,1,25,1,2,25,0.00762,18,0.99238,2,25,0.94883,18,0.05117,1,25,1,1,18,1,1,25,1,2,25,0.6892,18,0.3108,1,18,1,1,18,1,1,25,1,2,25,0.96059,18,0.03941,2,25,0.03563,18,0.96437,1,18,1,1,25,1,2,25,0.00004,18,0.99996,1,25,1,1,18,1,2,25,0.99763,18,0.00237,1,25,1,2,25,0.89889,18,0.10111,1,25,1,2,25,0.02697,18,0.97303,1,25,1,1,25,1,2,25,0.00266,18,0.99734,1,25,1,1,25,1,2,25,0.89962,18,0.10038,2,25,0.26549,18,0.73451,1,25,1,1,25,1,1,25,1,1,25,1,1,25,1,2,25,0.05373,18,0.94627,2,25,0.06939,18,0.93061,1,25,1,1,18,1,1,18,1,1,18,1,2,25,0.99668,18,0.00332,2,25,0.00071,18,0.99929,1,18,1,1,25,1,2,25,0.99224,18,0.00776,1,25,1],"bonePose":[18,0.00017453292431357514,0.999999984769129,-0.999999984769129,0.00017453292431357514,0.8672439452705234,-237.24594615346268,25,-0.9147482466157196,0.4040243127751923,-0.4040243127751923,-0.9147482466157196,-1.5880383923173382,-210.21551721415932],"uvs":[0.69293,0.04474,0.66253,0.09283,0.63214,0.14092,0.6349,0.19692,0.63767,0.25292,0.67635,0.28944,0.71503,0.32596,0.69293,0.36248,0.70288,0.43065,0.63767,0.45257,0.58934,0.49019,0.54102,0.52782,0.4927,0.56544,0.44438,0.60306,0.3648,0.62498,0.3449,0.6408,0.33606,0.61037,0.27638,0.62132,0.24433,0.5848,0.24654,0.55315,0.18519,0.57385,0.12385,0.59454,0.13822,0.63837,0.08627,0.6335,0.04317,0.69072,0.01885,0.75524,0,0.80637,0.04317,0.86115,0.06085,0.87211,0.07522,0.91715,0.12606,0.95489,0.19017,0.98411,0.22885,1,0.29683,0.9671,0.3648,0.93419,0.40127,0.9768,0.45764,0.95245,0.47864,0.91228,0.49964,0.87211,0.55269,0.84898,0.62288,0.81793,0.69306,0.78689,0.76324,0.75585,0.83343,0.7248,0.88759,0.6968,0.91411,0.64932,0.96385,0.62132,1,0.54828,0.99038,0.48133,0.99519,0.4308,1,0.38028,0.98264,0.31576,0.99132,0.26828,1,0.2208,1,0.17333,1,0.12585,0.98358,0.08446,0.96717,0.04307,0.91411,0,0.86548,0,0.81685,0,0.73727,0,0.839,0.16791,0.15974,0.82238,0.8641,0.53564,0.87056,0.37681,0.26351,0.79806,0.73627,0.6135,0.55307,0.71397,0.40498,0.74151,0.60093,0.6163,0.86365,0.30474,0.77749,0.42137,0.22241,0.91555,0.35107,0.85227,0.26153,0.6924,0.66159,0.71737,0.73006,0.20619,0.64376,0.52818,0.47229,0.80576,0.78837,0.06981,0.12687,0.73658,0.77029,0.4989,0.937,0.22702,0.89627,0.46334,0.4734,0.68427,0.8343,0.6198,0.79925,0.30046,0.88752,0.06779,0.32517,0.74501,0.7242,0.12042,0.19019,0.7376,0.926,0.12628,0.66068,0.61908,0.51759,0.61848,0.69203,0.52394,0.74034,0.69105,0.77071,0.26569,0.2764,0.88155,0.21597,0.64139,0.84207,0.253,0.42442,0.89891,0.06466,0.79206,0.78747,0.54454,0.82772,0.47373,0.13913,0.91101,0.61318,0.74647,0.39559,0.80869,0.54785,0.76968,0.60113,0.67204,0.92332,0.55988,0.80524,0.34604,0.39297,0.67329,0.91456,0.29092,0.94321,0.37647,0.84126,0.10012,0.7992,0.68362,0.79067,0.16901,0.89758,0.1746,0.49038,0.74312,0.59224,0.5666,0.22254,0.83105],"type":"mesh","transform":{},"width":76,"height":69,"name":"Left Arm A","userEdges":[]}],"name":"Left Arm A"},{"display":[{"edges":[20,21,21,22,22,23,23,24,24,25,25,26,26,27,27,28,28,29,29,30,30,31,31,32,32,33,33,34,34,35,35,36,36,37,37,38,38,39,39,40,40,41,41,42,42,43,43,44,44,45,45,46,46,47,47,48,48,49,49,50,50,51,51,52,52,53,53,54,54,55,55,56,56,57,57,58,58,59,59,60,60,61,61,62,62,63,63,64,64,65,65,66,66,67,67,68,68,69,69,70,70,71,71,72,72,73,73,74,74,0,0,1,1,2,2,3,3,4,4,5,5,6,6,7,7,8,8,9,9,10,10,11,11,12,12,13,13,14,14,15,15,16,16,17,17,18,18,19,19,20],"vertices":[6.14,-266.29,-14.5,-244.27,-12.81,-233.95,-10.34,-227.78,-5.88,-226.86,-0.48,-218.25,-2.02,-213.93,2.44,-212.85,0.29,-210.7,-2.63,-210.08,-4.18,-206.84,-7.56,-207,-16.65,-200.07,-14.49,-192.52,-27.74,-184.03,-57.61,-173.4,-83.95,-163.55,-105.04,-145.99,-101.19,-138.75,-109.05,-129.51,-112.47,-116.88,-112.48,-103.33,-112.47,-91.01,-102.87,-105.33,-98.1,-107.49,-91.62,-91.78,-81.15,-79,-76.22,-73.31,-70.68,-76.23,-61.9,-74.84,-51.43,-68.54,-40.41,-61.73,-24.86,-55.72,-17.01,-52.18,-11.45,-42.33,-2.21,-41.55,-1.45,-30,17.65,-30.01,21.96,-41.25,28.27,-47.56,26.58,-50.33,36.75,-50.8,50.45,-54.96,65.85,-67.44,71.7,-81.14,78.01,-92.54,87.41,-96.54,96.49,-99.78,98.71,-113.88,104.53,-120.96,100.24,-127.28,84.84,-140.36,87.77,-144.83,72.67,-169.16,67.9,-165.93,66.82,-169.47,41.72,-182.03,47.41,-189.88,42.02,-195.43,35.7,-214.98,37.7,-222.53,42.94,-225.61,37.09,-230.38,38.63,-235.63,43.4,-238.54,38.17,-241.16,39.85,-245.94,35.39,-247.47,38.47,-251.95,36.47,-254.1,39.55,-258.72,44.16,-259.34,47.7,-264.88,40.47,-274.58,21.22,-270.42,5.2,-223.15,12.74,-230.97,21.57,-239.15,6.39,-219,24.15,-225.63,29.49,-231.06,13.66,-216.61,8.88,-211.73,3.36,-207.5,6.77,-196.83,15.87,-201.34,22.13,-207.97,30.59,-214.13,32.71,-218.64,0.01,-201.23,-10.01,-185.24,-5.13,-181.84,0.85,-174.29,6.46,-168.4,14.37,-170.89,17.32,-168.4,33.48,-165.69,43.69,-159.34,48.57,-156.12,57.59,-157.04,65.4,-159.43,13.97,-188.96,24.37,-186.2,34.86,-181.05,10.15,-163.86,6.71,-129.89,33.16,-125.59,39.82,-125.17,43.91,-138.72,45.63,-152.47,47.99,-120.01,58.96,-117.21,72.72,-120.01,78.31,-123.24,82.18,-127.53,73.36,-146.24,67.99,-155.06,-8.17,-52.12,5.14,-49.85,-84.3,-125.97,-51.19,-143.24,-8.46,-170.69,-48.07,-100.51,-25.44,-123.15,-1.38,-150.32,2.3,-75.61,4,-105.32,37.11,-103.63,37.11,-87.49,41.93,-73.92,57.21,-89.48,64.84,-99.96,80.98,-108.73,-54.31,-122.01,-24.31,-155.69,-44.97,-162.76,-64.78,-152.02,-91.37,-138.14],"triangles":[50,48,49,132,47,48,114,48,50,51,114,50,114,113,48,113,132,48,53,116,52,132,46,47,132,45,46,116,115,52,115,51,52,113,112,132,115,114,51,54,116,53,115,112,113,131,45,132,115,113,114,112,131,132,54,100,116,115,111,112,111,131,112,131,44,45,131,130,44,108,111,115,116,99,115,99,108,115,130,43,44,109,108,99,108,110,111,130,129,43,100,99,116,55,100,54,97,99,55,56,97,55,55,99,100,129,42,43,111,127,131,127,130,131,98,109,99,97,98,99,110,127,111,108,107,110,128,129,130,127,128,130,56,96,97,129,41,42,103,96,56,107,127,110,97,109,98,70,71,72,73,70,72,58,56,57,106,127,107,59,87,58,106,107,108,97,96,109,96,108,109,40,41,129,87,86,58,103,56,58,96,104,108,105,106,108,104,105,108,65,63,64,74,70,73,102,103,58,62,60,61,125,40,129,86,102,58,128,125,129,88,59,60,67,65,66,95,104,96,74,69,70,65,80,63,80,62,63,106,126,127,127,126,128,69,67,68,67,77,65,77,80,65,62,80,60,80,88,60,86,85,102,95,96,103,126,125,128,77,67,69,74,77,69,124,105,104,80,79,88,105,126,106,102,95,103,88,87,59,74,0,77,125,118,40,79,87,88,94,95,102,79,81,87,81,86,87,85,101,102,77,79,80,40,38,39,77,76,79,101,94,102,118,38,40,76,81,79,0,1,76,82,85,86,81,82,86,0,76,77,118,37,38,76,75,81,75,78,81,92,94,101,84,101,85,118,35,37,35,36,37,94,104,95,2,4,76,1,2,76,92,93,94,82,83,85,83,84,85,93,104,94,84,91,101,91,92,101,125,117,118,78,82,81,4,75,76,123,126,105,83,89,84,78,7,82,93,124,104,121,124,93,7,83,82,90,91,89,122,125,126,124,123,105,89,91,84,75,5,78,5,7,78,92,121,93,8,83,7,123,122,126,117,35,118,4,5,75,13,90,89,33,117,125,122,31,125,32,33,125,10,89,83,8,10,83,5,6,7,134,123,124,9,10,8,31,32,125,121,134,124,91,121,92,12,13,11,10,11,89,11,13,89,2,3,4,117,34,35,90,121,91,33,34,117,90,14,121,14,134,121,13,14,90,122,30,31,14,135,134,120,123,134,133,122,123,120,133,123,135,120,134,15,135,14,29,30,122,136,120,135,15,136,135,119,25,133,133,25,122,25,28,122,28,29,122,25,26,28,136,119,133,136,133,120,24,25,119,16,136,15,137,119,136,16,137,136,26,27,28,17,137,16,137,19,119,19,24,119,19,20,24,17,18,137,18,19,137,21,22,23,20,23,24,20,21,23],"slotPose":[1,0,0,1,0,0],"path":"body","weights":[1,12,1,2,7,0.04191,12,0.95809,2,7,0.09503,12,0.90497,2,7,0.14471,12,0.85529,2,7,0.20515,12,0.79485,3,7,0.57807,15,0.01338,12,0.40856,3,7,0.68821,15,0.02841,12,0.28338,3,7,0.77093,15,0.05797,12,0.1711,3,7,0.8151,15,0.13709,12,0.04781,3,7,0.79602,15,0.18169,12,0.02229,3,7,0.75442,15,0.24079,12,0.00478,3,7,0.71333,15,0.28614,12,0.00053,2,7,0.61102,15,0.38898,2,7,0.49348,15,0.50652,2,7,0.24973,15,0.75027,2,7,0.09239,15,0.90761,2,7,0.04625,15,0.95375,2,7,0.02828,15,0.97172,2,7,0.025,15,0.975,2,7,0.01807,15,0.98193,2,7,0.01423,15,0.98577,2,7,0.01208,15,0.98792,2,7,0.01149,15,0.98851,2,7,0.01252,15,0.98748,2,7,0.01248,15,0.98752,2,7,0.00725,15,0.99275,2,7,0.00397,15,0.99603,2,7,0.00334,15,0.99666,2,7,0.00308,15,0.99692,2,7,0.00202,15,0.99798,2,7,0.00061,15,0.99939,2,7,0.00003,15,0.99997,1,15,1,1,15,1,1,15,1,1,15,1,1,15,1,1,15,1,1,15,1,1,15,1,1,15,1,1,15,1,1,15,1,1,15,1,1,15,1,1,15,1,1,15,1,1,15,1,1,15,1,1,15,1,1,15,1,1,15,1,1,15,1,1,15,1,1,15,1,1,15,1,2,7,0.08067,15,0.91933,3,7,0.23153,15,0.76668,12,0.00179,3,7,0.35735,15,0.62318,12,0.01947,3,7,0.44855,15,0.0328,12,0.51865,3,7,0.11664,15,0.0008,12,0.88255,2,7,0.05623,12,0.94377,2,7,0.02515,12,0.97485,2,7,0.0013,12,0.9987,1,12,1,1,12,1,1,12,1,1,12,1,1,12,1,1,12,1,1,12,1,1,12,1,1,12,1,1,12,1,1,12,1,3,7,0.39176,15,0.00106,12,0.60719,2,7,0.0376,12,0.9624,1,12,1,3,7,0.5884,15,0.00817,12,0.40342,1,12,1,2,7,0.00688,12,0.99312,3,7,0.76018,15,0.00181,12,0.23801,3,7,0.8899,15,0.03881,12,0.07128,3,7,0.83219,15,0.13959,12,0.02822,2,7,0.67316,15,0.32684,2,7,0.87234,15,0.12766,2,7,0.95885,12,0.04115,3,7,0.51731,15,0.0238,12,0.4589,3,7,0.28516,15,0.0087,12,0.70614,2,7,0.729,15,0.271,2,7,0.39271,15,0.60729,2,7,0.33702,15,0.66298,2,7,0.19083,15,0.80917,2,7,0.08477,15,0.91523,2,7,0.03632,15,0.96368,2,7,0.0118,15,0.9882,1,15,1,1,15,1,1,15,1,1,15,1,1,15,1,2,7,0.3685,15,0.6315,2,7,0.0959,15,0.9041,2,7,0.05264,15,0.94736,2,7,0.03573,15,0.96427,2,7,0.00264,15,0.99736,1,15,1,1,15,1,1,15,1,1,15,1,1,15,1,1,15,1,1,15,1,1,15,1,1,15,1,1,15,1,1,15,1,1,15,1,1,15,1,2,7,0.02134,15,0.97866,2,7,0.05379,15,0.94621,2,7,0.19245,15,0.80755,2,7,0.00701,15,0.99299,2,7,0.01893,15,0.98107,2,7,0.03926,15,0.96074,1,15,1,2,7,0.00022,15,0.99978,1,15,1,1,15,1,1,15,1,1,15,1,1,15,1,1,15,1,2,7,0.02331,15,0.97669,2,7,0.10206,15,0.89794,2,7,0.10364,15,0.89636,2,7,0.05581,15,0.94419,2,7,0.02707,15,0.97293],"bonePose":[12,-0.3418561308153426,-0.93975230024936,0.93975230024936,-0.3418561308153426,20.00516174089351,-220.49942106770305,7,-0.1521233861899167,-0.9883615104677608,0.9883615104677608,-0.1521233861899167,20.01,-205.02,15,-0.13260238168806257,0.99116931367484,-0.99116931367484,-0.13260238168806257,22.683098625202856,-183.3140159462894],"uvs":[0.54668,0.15004,0.45158,0.22926,0.45939,0.26637,0.47074,0.28853,0.49132,0.29185,0.51616,0.32287,0.50906,0.33838,0.52964,0.34226,0.51971,0.35002,0.50622,0.35223,0.49913,0.36387,0.48351,0.36331,0.44164,0.38824,0.45158,0.41538,0.39052,0.44592,0.25284,0.48414,0.13149,0.5196,0.03426,0.58275,0.052,0.60878,0.01581,0.64202,0,0.68745,0,0.73619,0,0.7805,0.04426,0.72898,0.06626,0.72123,0.09607,0.77773,0.14433,0.82371,0.16704,0.8442,0.19259,0.83368,0.23304,0.83866,0.2813,0.86138,0.33206,0.88587,0.40373,0.90748,0.43993,0.92022,0.46547,0.95567,0.50806,0.95844,0.5116,1,0.5996,1,0.61947,0.95955,0.64857,0.93684,0.64076,0.92687,0.6876,0.92521,0.75076,0.91025,0.82173,0.86538,0.8487,0.81608,0.8778,0.77508,0.92109,0.76068,0.96296,0.74905,0.97316,0.69833,1,0.67285,0.98026,0.65014,0.90929,0.60305,0.92278,0.58699,0.85323,0.49946,0.83123,0.51109,0.82626,0.49835,0.71058,0.45315,0.73684,0.4249,0.712,0.40496,0.68291,0.33461,0.69213,0.30746,0.71626,0.29638,0.68929,0.27921,0.69639,0.26038,0.71839,0.24985,0.69426,0.24043,0.70207,0.22326,0.68149,0.21772,0.69568,0.20166,0.68646,0.1939,0.70065,0.17728,0.72194,0.17507,0.73826,0.15512,0.70491,0.12022,0.6162,0.13518,0.54235,0.30525,0.57711,0.27712,0.61781,0.24766,0.54786,0.32014,0.62968,0.29631,0.65427,0.27679,0.58135,0.32874,0.5593,0.34628,0.53387,0.36151,0.54955,0.39989,0.59153,0.38368,0.62036,0.35985,0.65936,0.33768,0.66911,0.32146,0.51844,0.38404,0.47223,0.44159,0.4947,0.45384,0.52226,0.48097,0.54812,0.50215,0.58458,0.49322,0.59815,0.50215,0.67262,0.51194,0.71968,0.53478,0.74215,0.54636,0.7837,0.54305,0.81974,0.53445,0.58274,0.42822,0.63065,0.43814,0.67898,0.45668,0.5651,0.51849,0.54925,0.64068,0.67112,0.65615,0.70183,0.6577,0.72066,0.60897,0.72858,0.55948,0.73948,0.67626,0.79001,0.68631,0.85342,0.67626,0.87918,0.66466,0.89702,0.64919,0.85639,0.58191,0.83162,0.5502,0.48065,0.92045,0.54195,0.92859,0.12984,0.65475,0.28242,0.59265,0.47935,0.49391,0.29677,0.74637,0.4011,0.66493,0.51195,0.5672,0.52891,0.83595,0.53673,0.72906,0.68932,0.73517,0.68932,0.7932,0.71149,0.84206,0.78191,0.78607,0.81712,0.74841,0.89146,0.71685,0.26808,0.669,0.40632,0.54786,0.31112,0.52241,0.21982,0.5611,0.09723,0.61098],"type":"mesh","transform":{},"width":217,"height":278,"name":"body","userEdges":[]}],"name":"body"},{"display":[{"path":"head","type":"image","name":"head","transform":{"y":7.53,"x":26.99,"skX":119.45,"skY":119.45}}],"name":"head"},{"display":[{"path":"right orb","type":"image","name":"right orb","transform":{"y":1.41,"x":-7.13}}],"name":"right orb"},{"display":[{"path":"Left ORb","type":"image","name":"Left ORb","transform":{"y":-2.5,"x":-2.23}}],"name":"Left ORb"}],"name":""}],"aabb":{"width":394.6928631301588,"y":-360.43240433333335,"height":360.43240433333335,"x":-190.2557950857143},"ik":[],"slot":[{"color":{},"name":"Top Summon","parent":"Top Summon"},{"z":1,"color":{},"name":"Left Summon","parent":"Left Summon"},{"z":2,"color":{},"name":"Right Summon","parent":"Right Summon"},{"z":3,"color":{},"name":"shadow","parent":"shadow"},{"z":4,"color":{},"name":"Right Arm A","parent":"right Arm"},{"z":5,"color":{},"name":"Left Arm A","parent":"left arm"},{"z":6,"color":{},"name":"body","parent":"chest"},{"z":7,"color":{},"name":"head","parent":"head"},{"z":8,"color":{},"name":"right orb","parent":"Orb Right"},{"z":9,"color":{},"name":"Left ORb","parent":"orb Left"}],"name":"CultistMage","bone":[{"name":"root","transform":{}},{"length":6,"transform":{"y":-208.28,"x":-106.3,"skX":-177.27,"skY":-177.27},"parent":"root","name":"Left Summon"},{"transform":{"y":-194.8,"x":16.33},"name":"mID","parent":"root"},{"length":13,"transform":{"y":-211.86,"x":176.2,"skX":-166.91,"skY":-166.91},"parent":"root","name":"Right Summon"},{"transform":{"y":-9.71,"x":9.17},"name":"shadow","parent":"root"},{"length":7,"transform":{"y":-329.27,"x":15.88,"skX":-170.54,"skY":-170.54},"parent":"root","name":"Top Summon"},{"length":12,"transform":{"y":-0.06,"x":7.46,"skX":10.98,"skY":10.98},"parent":"Left Summon","name":"bone2"},{"length":10,"transform":{"y":-10.22,"x":3.68,"skX":-98.75,"skY":-98.75},"parent":"mID","name":"chest"},{"transform":{"y":-73.11,"x":91.31},"name":"Orb Right","parent":"mID"},{"length":18,"transform":{"y":-0.05,"x":14.67,"skX":-5.85,"skY":-5.85},"parent":"Right Summon","name":"bone12"},{"transform":{"y":-34.21,"x":-71.59},"name":"orb Left","parent":"mID"},{"length":15,"transform":{"y":-0.2,"x":8.43,"skX":4.3,"skY":4.3},"parent":"Top Summon","name":"bone20"},{"length":27,"transform":{"y":2.35,"x":15.3,"skX":-11.24,"skY":-11.24},"parent":"chest","name":"top chjest"},{"length":21,"transform":{"y":-0.14,"x":13.16,"skX":18.64,"skY":18.64},"parent":"bone2","name":"bone5"},{"length":24,"transform":{"x":15.03,"skX":8.43,"skY":8.43},"parent":"bone20","name":"bone21"},{"length":122,"transform":{"y":-0.66,"x":-21.86,"skX":-163.63,"skY":-163.63},"parent":"chest","name":"bottomchest"},{"length":19,"transform":{"y":-0.45,"x":22.47,"skX":-31.46,"skY":-31.46},"parent":"bone12","name":"bone13"},{"length":24,"transform":{"x":24.46,"skX":-14.36,"skY":-14.36},"parent":"bone21","name":"bone22"},{"length":25,"transform":{"y":-12.26,"x":22.28,"skX":-160.02,"skY":-160.02},"parent":"top chjest","name":"left arm"},{"length":17,"transform":{"y":-0.2,"x":21.33,"skX":-39.21,"skY":-39.21},"parent":"bone13","name":"bone14"},{"length":36,"transform":{"y":0.09,"x":27.42,"skX":-9.46,"skY":-9.46},"parent":"top chjest","name":"head"},{"length":24,"transform":{"y":-1.85,"x":30.22,"skX":2.12,"skY":2.12},"parent":"bone5","name":"bone6"},{"length":17,"transform":{"y":29.01,"x":28.95,"skX":178.27,"skY":178.27},"parent":"top chjest","name":"right Arm"},{"length":18,"transform":{"y":-2.34,"x":27.95,"skX":-33.99,"skY":-33.99},"parent":"bone22","name":"bone23"},{"length":12,"transform":{"y":-1.15,"x":18.97,"skX":-27.9,"skY":-27.9},"parent":"right Arm","name":"bone4"},{"length":45,"transform":{"y":2.46,"x":27.03,"skX":66.18,"skY":66.18},"parent":"left arm","name":"bone3"},{"length":18,"transform":{"y":-4.66,"x":17.99,"skX":-60.51,"skY":-60.51},"parent":"bone14","name":"bone15"},{"length":32,"transform":{"y":-1.66,"x":24.53,"skX":-130.81,"skY":-130.81},"parent":"bone6","name":"bone7"},{"length":21,"transform":{"y":0.62,"x":27.6,"skX":17.55,"skY":17.55},"parent":"bone15","name":"bone16"},{"length":28,"transform":{"y":-1.91,"x":34.09,"skX":-26.5,"skY":-26.5},"parent":"bone7","name":"bone8"},{"length":13,"transform":{"y":-0.05,"x":13.66,"skX":-12.17,"skY":-12.17},"parent":"bone4","name":"hand"},{"length":20,"transform":{"y":-0.16,"x":22.66,"skX":-17.65,"skY":-17.65},"parent":"bone23","name":"bone24"},{"length":9,"transform":{"y":-7.04,"x":9.07,"skX":-50.84,"skY":-50.84},"parent":"hand","name":"thumb"},{"length":15,"transform":{"y":-0.08,"x":20.84,"skX":25.48,"skY":25.48},"parent":"bone16","name":"bone17"},{"length":18,"transform":{"y":-1.61,"x":30.48,"skX":24.59,"skY":24.59},"parent":"bone8","name":"bone9"},{"length":21,"transform":{"y":-0.71,"x":17.8,"skX":23.25,"skY":23.25},"parent":"hand","name":"fingers"},{"length":15,"transform":{"y":0.29,"x":15.14,"skX":30.43,"skY":30.43},"parent":"bone17","name":"bone18"},{"length":18,"transform":{"y":0.47,"x":19.81,"skX":29.89,"skY":29.89},"parent":"bone9","name":"bone10"},{"length":23,"transform":{"y":1.15,"x":16.4,"skX":26.89,"skY":26.89},"parent":"bone18","name":"bone19"},{"length":18,"transform":{"y":0.28,"x":18.7,"skX":43.07,"skY":43.07},"parent":"bone10","name":"bone11"}]}],"isGlobal":0,"name":"CultistMAge","version":"5.0"}