{"SubTexture":[{"frameX":-1,"y":334,"frameY":-1,"frameWidth":90,"width":88,"frameHeight":14,"height":12,"name":"shadow","x":110},{"width":108,"y":258,"height":74,"name":"Tail","x":110},{"width":256,"y":1,"height":136,"name":"Right Wing","x":1},{"width":254,"y":139,"height":117,"name":"Layer 1","x":1},{"width":203,"y":1,"height":170,"name":"backhair","x":259},{"width":40,"y":1,"height":66,"name":"left arm","x":464},{"width":58,"y":173,"height":124,"name":"Right Arm","x":426},{"width":167,"y":173,"height":154,"name":"body","x":257},{"frameX":-1,"y":461,"frameY":-1,"frameWidth":117,"width":115,"frameHeight":49,"height":47,"name":"Sword","x":1},{"width":107,"y":258,"height":201,"name":"head","x":1}],"width":512,"height":512,"name":"Succubus","imagePath":"Succubus_tex.png"}