{"frameRate":30,"isGlobal":0,"name":"Succubus","version":"5.0","armature":[{"bone":[{"transform":{},"name":"root"},{"transform":{"y":-140.45,"x":6.83},"name":"mid","parent":"root"},{"length":25,"transform":{"y":2.92,"skX":-97.54,"skY":-97.54,"x":-2.56},"parent":"mid","name":"body"},{"length":7,"transform":{"y":0.02,"skX":-6.5,"skY":-6.5,"x":26.58},"parent":"body","name":"neck"},{"length":108,"transform":{"y":5.31,"skX":88.42,"skY":88.42,"x":16.25},"parent":"body","name":"Right Wing"},{"length":21,"transform":{"y":-4.84,"skX":149.21,"skY":149.21,"x":-15.01},"parent":"body","name":"Tail"},{"length":20,"transform":{"y":-11.58,"skX":-169.89,"skY":-169.89,"x":21.26},"parent":"body","name":"LEft Arm"},{"length":60,"transform":{"y":-2.17,"skX":-84.18,"skY":-84.18,"x":13.78},"parent":"body","name":"Left Wing"},{"length":47,"transform":{"y":-17.13,"skX":-173.88,"skY":-173.88,"x":-10.13},"parent":"body","name":"left Leg"},{"length":27,"transform":{"y":8.18,"skX":170.21,"skY":170.21,"x":29.58},"parent":"body","name":"Right Arm"},{"length":41,"transform":{"y":5.03,"skX":-165.56,"skY":-165.56,"x":-15.44},"parent":"body","name":"Right Leg"},{"length":47,"transform":{"y":0.18,"skX":2.68,"skY":2.68,"x":49.66},"parent":"left Leg","name":"Left Leg Foot"},{"length":31,"transform":{"y":-0.89,"skX":-15.84,"skY":-15.84,"x":28.88},"parent":"Right Arm","name":"Right Arm Bottom"},{"length":9,"transform":{"y":3.19,"skX":32.4,"skY":32.4,"x":-1.13},"parent":"Left Wing","name":"bone"},{"length":13,"transform":{"y":-6.38,"skX":7.44,"skY":7.44,"x":-2.41},"parent":"Right Wing","name":"bone16"},{"length":20,"transform":{"y":1.04,"skX":29.9,"skY":29.9,"x":22.74},"parent":"LEft Arm","name":"Left ARm Bottom"},{"length":22,"transform":{"y":-0.39,"skX":-21.06,"skY":-21.06,"x":23.61},"parent":"Tail","name":"bone3"},{"length":25,"transform":{"y":0.29,"skX":-28.19,"skY":-28.19,"x":8.39},"parent":"neck","name":"HEad"},{"length":14,"transform":{"y":0.01,"skX":-23.56,"skY":-23.56,"x":13.52},"parent":"bone16","name":"bone17"},{"length":12,"transform":{"y":-0.81,"skX":-30.35,"skY":-30.35,"x":10.83},"parent":"bone","name":"bone2"},{"length":53,"transform":{"y":5.27,"skX":-157.12,"skY":-157.12,"x":-2},"parent":"HEad","name":"Back Hair"},{"length":89,"transform":{"y":0.28,"skX":35.78,"skY":35.78,"x":22.17},"parent":"Left ARm Bottom","name":"Sword"},{"length":17,"transform":{"y":-0.54,"skX":-29.06,"skY":-29.06,"x":23.7},"parent":"bone3","name":"bone4"},{"length":13,"transform":{"y":-0.51,"skX":-15.58,"skY":-15.58,"x":18.76},"parent":"bone4","name":"bone5"},{"length":6,"transform":{"skX":40.99,"skY":40.99,"x":12.53},"parent":"bone2","name":"bone8"},{"length":10,"transform":{"y":0.22,"skX":-40.06,"skY":-40.06,"x":16.75},"parent":"bone17","name":"bone18"},{"length":57,"transform":{"y":12.1959,"skX":38.7406,"skY":38.7406,"x":-3.044},"parent":"Back Hair","name":"bone1"},{"length":48,"transform":{"y":-8.4017,"skX":-20.3918,"skY":-20.3918,"x":5.4535},"parent":"Back Hair","name":"bone29"},{"length":11,"transform":{"y":0.46,"skX":23.67,"skY":23.67,"x":7.11},"parent":"bone8","name":"bone9"},{"length":12,"transform":{"y":-3.17,"skX":-95.07,"skY":-95.07,"x":2.34},"parent":"bone8","name":"bone10"},{"length":8,"transform":{"y":-0.93,"skX":-15.86,"skY":-15.86,"x":11.26},"parent":"bone18","name":"bone19"},{"length":9,"transform":{"y":0.15,"skX":46.14,"skY":46.14,"x":14.38},"parent":"bone5","name":"bone6"},{"length":32,"transform":{"y":0.87,"skX":33.82,"skY":33.82,"x":10.87},"parent":"bone6","name":"bone7"},{"length":21,"transform":{"skX":114.56,"skY":114.56,"x":8.79},"parent":"bone19","name":"bone20"},{"length":26,"transform":{"y":-0.15,"skX":-28.49,"skY":-28.49,"x":14.3},"parent":"bone10","name":"bone11"},{"length":26,"transform":{"y":-1.4,"skX":-98.38,"skY":-98.38,"x":11.08},"parent":"bone9","name":"bone12"},{"length":11,"transform":{"skX":-15.38,"skY":-15.38,"x":26.83},"parent":"bone12","name":"bone13"},{"length":21,"transform":{"skX":11.25,"skY":11.25,"x":21.04},"parent":"bone20","name":"bone21"},{"length":15,"transform":{"y":-0.05,"skX":-6.46,"skY":-6.46,"x":11.31},"parent":"bone13","name":"bone14"},{"length":22,"transform":{"skX":6.85,"skY":6.85,"x":21.97},"parent":"bone21","name":"bone22"},{"length":17,"transform":{"y":0.12,"skX":18.64,"skY":18.64,"x":23.09},"parent":"bone22","name":"bone23"},{"length":21,"transform":{"y":0.04,"skX":-11.23,"skY":-11.23,"x":15.79},"parent":"bone14","name":"bone15"},{"length":18,"transform":{"y":26.18,"skX":-77.84,"skY":-77.84,"x":-58.1},"parent":"bone23","name":"bone24"},{"length":29,"transform":{"y":0.3,"skX":20.04,"skY":20.04,"x":22.36},"parent":"bone24","name":"bone25"},{"length":34,"transform":{"y":-0.16,"skX":8.53,"skY":8.53,"x":30.58},"parent":"bone25","name":"bone26"},{"length":29,"transform":{"y":0.02,"skX":13.05,"skY":13.05,"x":35.74},"parent":"bone26","name":"bone27"},{"length":27,"transform":{"y":-0.7,"skX":15.41,"skY":15.41,"x":31.15},"parent":"bone27","name":"bone28"}],"type":"Armature","frameRate":30,"slot":[{"color":{},"name":"shadow","parent":"root"},{"z":1,"color":{},"name":"Tail","parent":"Tail"},{"z":2,"color":{},"name":"Right Wing","parent":"Left Wing"},{"z":3,"color":{},"name":"Layer 1","parent":"Right Wing"},{"z":4,"color":{},"name":"backhair","parent":"Back Hair"},{"z":5,"color":{},"name":"left arm","parent":"Right Arm"},{"z":6,"color":{},"name":"Right Arm","parent":"LEft Arm"},{"z":7,"color":{},"name":"body","parent":"body"},{"z":8,"color":{},"name":"Sword","parent":"Sword"},{"z":9,"color":{},"name":"head","parent":"HEad"}],"animation":[{"frame":[],"bone":[{"frame":[{"duration":20,"transform":{},"tweenEasing":0},{"duration":0,"transform":{},"tweenEasing":null}],"name":"root"},{"frame":[{"duration":5,"transform":{},"curve":[0.3090349075975359,0.02631578947368421,0.555441478439425,0.956140350877193]},{"duration":15,"transform":{"y":-0.8832,"skX":10.6256,"skY":10.6256,"x":-0.2453},"tweenEasing":0},{"tweenEasing":null,"duration":0,"transform":{}}],"name":"mid"},{"frame":[{"duration":20,"transform":{},"curve":[0.5,0,0.7027027027027026,0.9649122807017544]},{"duration":0,"transform":{},"tweenEasing":null}],"name":"body"},{"frame":[{"duration":20,"transform":{},"tweenEasing":0},{"duration":0,"transform":{},"tweenEasing":null}],"name":"neck"},{"frame":[{"duration":20,"transform":{},"tweenEasing":0},{"duration":0,"transform":{},"tweenEasing":null}],"name":"Right Wing"},{"frame":[{"duration":5,"transform":{},"tweenEasing":0},{"duration":15,"transform":{"skX":-21.2926,"skY":-21.2926},"tweenEasing":0},{"duration":0,"transform":{},"tweenEasing":null}],"name":"Tail"},{"frame":[{"duration":5,"transform":{},"tweenEasing":0},{"duration":15,"transform":{"skX":16.8648,"skY":16.8648},"tweenEasing":0},{"duration":0,"transform":{},"tweenEasing":null}],"name":"LEft Arm"},{"frame":[{"duration":5,"transform":{},"tweenEasing":0},{"duration":15,"transform":{"skX":47.9776,"skY":47.9776},"tweenEasing":0},{"duration":0,"transform":{},"tweenEasing":null}],"name":"Left Wing"},{"frame":[{"duration":5,"transform":{},"tweenEasing":0},{"duration":15,"transform":{"skX":-13.9252,"skY":-13.9252},"tweenEasing":0},{"duration":0,"transform":{},"tweenEasing":null}],"name":"left Leg"},{"frame":[{"duration":5,"transform":{},"tweenEasing":0},{"duration":15,"transform":{"skX":-12.05,"skY":-12.05},"tweenEasing":0},{"duration":0,"transform":{},"tweenEasing":null}],"name":"Right Arm"},{"frame":[{"duration":20,"transform":{},"tweenEasing":0},{"duration":0,"transform":{},"tweenEasing":null}],"name":"Right Leg"},{"frame":[{"duration":20,"transform":{},"tweenEasing":0},{"duration":0,"transform":{},"tweenEasing":null}],"name":"Left Leg Foot"},{"frame":[{"duration":20,"transform":{},"tweenEasing":0},{"duration":0,"transform":{},"tweenEasing":null}],"name":"Right Arm Bottom"},{"frame":[{"duration":20,"transform":{},"tweenEasing":0},{"duration":0,"transform":{},"tweenEasing":null}],"name":"bone"},{"frame":[{"duration":20,"transform":{},"tweenEasing":0},{"duration":0,"transform":{},"tweenEasing":null}],"name":"bone16"},{"frame":[{"duration":20,"transform":{},"tweenEasing":0},{"duration":0,"transform":{},"tweenEasing":null}],"name":"Left ARm Bottom"},{"frame":[{"duration":20,"transform":{},"tweenEasing":0},{"duration":0,"transform":{},"tweenEasing":null}],"name":"bone3"},{"frame":[{"duration":20,"transform":{},"tweenEasing":0},{"duration":0,"transform":{},"tweenEasing":null}],"name":"HEad"},{"frame":[{"duration":20,"transform":{},"tweenEasing":0},{"duration":0,"transform":{},"tweenEasing":null}],"name":"Back Hair"},{"frame":[{"duration":20,"transform":{},"tweenEasing":0},{"duration":0,"transform":{},"tweenEasing":null}],"name":"bone2"},{"frame":[{"duration":20,"transform":{},"tweenEasing":0},{"duration":0,"transform":{},"tweenEasing":null}],"name":"bone17"},{"frame":[{"duration":20,"transform":{},"tweenEasing":0},{"duration":0,"transform":{},"tweenEasing":null}],"name":"Sword"},{"frame":[{"duration":20,"transform":{},"tweenEasing":0},{"duration":0,"transform":{},"tweenEasing":null}],"name":"bone4"},{"frame":[{"duration":20,"transform":{},"tweenEasing":0},{"duration":0,"transform":{},"tweenEasing":null}],"name":"bone18"},{"frame":[{"duration":20,"transform":{},"tweenEasing":0},{"duration":0,"transform":{},"tweenEasing":null}],"name":"bone8"},{"frame":[{"duration":20,"transform":{},"tweenEasing":0},{"duration":0,"transform":{},"tweenEasing":null}],"name":"bone5"},{"frame":[{"duration":20,"transform":{},"tweenEasing":0},{"duration":0,"transform":{},"tweenEasing":null}],"name":"bone10"},{"frame":[{"duration":20,"transform":{},"tweenEasing":0},{"duration":0,"transform":{},"tweenEasing":null}],"name":"bone9"},{"frame":[{"duration":20,"transform":{},"tweenEasing":0},{"duration":0,"transform":{},"tweenEasing":null}],"name":"bone6"},{"frame":[{"duration":20,"transform":{},"tweenEasing":0},{"duration":0,"transform":{},"tweenEasing":null}],"name":"bone19"},{"frame":[{"duration":5,"transform":{},"tweenEasing":0},{"duration":15,"transform":{"skX":51.8557,"skY":51.8557},"tweenEasing":0},{"duration":0,"transform":{},"tweenEasing":null}],"name":"bone12"},{"frame":[{"duration":20,"transform":{},"tweenEasing":0},{"duration":0,"transform":{},"tweenEasing":null}],"name":"bone7"},{"frame":[{"duration":5,"transform":{},"tweenEasing":0},{"duration":15,"transform":{"skX":-18.9598,"skY":-18.9598},"tweenEasing":0},{"duration":0,"transform":{},"tweenEasing":null}],"name":"bone20"},{"frame":[{"duration":20,"transform":{},"tweenEasing":0},{"duration":0,"transform":{},"tweenEasing":null}],"name":"bone11"},{"frame":[{"duration":20,"transform":{},"tweenEasing":0},{"duration":0,"transform":{},"tweenEasing":null}],"name":"bone21"},{"frame":[{"duration":20,"transform":{},"tweenEasing":0},{"duration":0,"transform":{},"tweenEasing":null}],"name":"bone13"},{"frame":[{"duration":20,"transform":{},"tweenEasing":0},{"duration":0,"transform":{},"tweenEasing":null}],"name":"bone22"},{"frame":[{"duration":20,"transform":{},"tweenEasing":0},{"duration":0,"transform":{},"tweenEasing":null}],"name":"bone14"},{"frame":[{"duration":20,"transform":{},"tweenEasing":0},{"duration":0,"transform":{},"tweenEasing":null}],"name":"bone15"},{"frame":[{"duration":20,"transform":{},"tweenEasing":0},{"duration":0,"transform":{},"tweenEasing":null}],"name":"bone23"},{"frame":[{"duration":5,"transform":{},"tweenEasing":0},{"duration":15,"transform":{"skX":-35.0886,"skY":-35.0886},"tweenEasing":0},{"duration":0,"transform":{},"tweenEasing":null}],"name":"bone24"},{"frame":[{"duration":20,"transform":{},"tweenEasing":0},{"duration":0,"transform":{},"tweenEasing":null}],"name":"bone25"},{"frame":[{"duration":20,"transform":{},"tweenEasing":0},{"duration":0,"transform":{},"tweenEasing":null}],"name":"bone26"},{"frame":[{"duration":20,"transform":{},"tweenEasing":0},{"duration":0,"transform":{},"tweenEasing":null}],"name":"bone27"},{"frame":[{"duration":20,"transform":{},"tweenEasing":0},{"duration":0,"transform":{},"tweenEasing":null}],"name":"bone28"},{"frame":[{"duration":5,"transform":{},"tweenEasing":0},{"duration":15,"transform":{"skX":12.3086,"skY":12.3086},"tweenEasing":0},{"duration":0,"transform":{},"tweenEasing":null}],"name":"bone1"},{"frame":[{"duration":5,"transform":{},"tweenEasing":0},{"duration":15,"transform":{"skX":-32.4086,"skY":-32.4086},"tweenEasing":0},{"duration":0,"transform":{},"tweenEasing":null}],"name":"bone29"}],"slot":[{"frame":[{"duration":20,"tweenEasing":0},{"duration":0,"tweenEasing":null}],"name":"shadow"},{"frame":[{"duration":20,"tweenEasing":0},{"duration":0,"tweenEasing":null}],"name":"Tail"},{"frame":[{"duration":20,"tweenEasing":0},{"duration":0,"tweenEasing":null}],"name":"Right Wing"},{"frame":[{"duration":20,"tweenEasing":0},{"duration":0,"tweenEasing":null}],"name":"Layer 1"},{"frame":[{"duration":20,"tweenEasing":0},{"duration":0,"tweenEasing":null}],"name":"backhair"},{"frame":[{"duration":20,"tweenEasing":0},{"duration":0,"tweenEasing":null}],"name":"left arm"},{"frame":[{"duration":20,"tweenEasing":0},{"duration":0,"tweenEasing":null}],"name":"Right Arm"},{"frame":[{"duration":20,"tweenEasing":0},{"duration":0,"tweenEasing":null}],"name":"body"},{"frame":[{"duration":20,"tweenEasing":0},{"duration":0,"tweenEasing":null}],"name":"Sword"},{"frame":[{"duration":5,"tweenEasing":0},{"duration":15,"tweenEasing":0},{"duration":0,"tweenEasing":null}],"name":"head"}],"ffd":[{"frame":[{"offset":0,"duration":5,"vertices":[],"tweenEasing":0},{"offset":62,"duration":15,"vertices":[2.65,4,2,3.55,0,0,0,0,0,0,0,0,0,0],"tweenEasing":0},{"offset":0,"duration":0,"vertices":[],"tweenEasing":null}],"offset":0,"scale":1,"skin":"","slot":"head","name":"head"}],"name":"Damage","duration":20},{"frame":[],"bone":[{"frame":[{"duration":20,"transform":{},"tweenEasing":0},{"duration":35,"transform":{},"tweenEasing":null}],"name":"root"},{"frame":[{"duration":5,"transform":{},"curve":[0.3090349075975359,0.02631578947368421,0.555441478439425,0.956140350877193]},{"duration":40,"transform":{"y":-21.9871,"x":-10.0262},"tweenEasing":0},{"duration":10,"transform":{"y":-21.9871,"x":-10.0262},"tweenEasing":0},{"tweenEasing":null,"duration":0,"transform":{}}],"name":"mid"},{"frame":[{"duration":20,"transform":{},"tweenEasing":0},{"duration":35,"transform":{},"tweenEasing":null}],"name":"body"},{"frame":[{"duration":20,"transform":{},"tweenEasing":0},{"tweenEasing":null,"duration":35,"transform":{}}],"name":"neck"},{"frame":[{"duration":5,"transform":{"skX":30.4806,"skY":30.4806},"tweenEasing":0},{"duration":10,"transform":{"skX":-25.6817,"skY":-25.6817},"tweenEasing":0},{"duration":5,"transform":{"skX":18.7572,"skY":18.7572},"curve":[0.5,0,0.5,1]},{"duration":10,"transform":{"skX":-18.3983,"skY":-18.3983},"tweenEasing":0},{"duration":10,"transform":{"skX":29.6125,"skY":29.6125},"tweenEasing":0},{"duration":15,"transform":{"skX":-8.357,"skY":-8.357},"tweenEasing":0},{"duration":0,"transform":{"skX":12.9276,"skY":12.9276},"tweenEasing":null}],"name":"Right Wing"},{"frame":[{"duration":20,"transform":{},"tweenEasing":0},{"duration":35,"transform":{},"tweenEasing":null}],"name":"Tail"},{"frame":[{"duration":5,"transform":{},"tweenEasing":0},{"duration":40,"transform":{"skX":115.0084,"skY":115.0084},"tweenEasing":0},{"duration":10,"transform":{"skX":115.0084,"skY":115.0084},"tweenEasing":0},{"duration":0,"transform":{},"tweenEasing":null}],"name":"LEft Arm"},{"frame":[{"duration":5,"transform":{"skX":-43.6094,"skY":-43.6094},"tweenEasing":0},{"duration":10,"transform":{"skX":33.5485,"skY":33.5485},"tweenEasing":0},{"duration":5,"transform":{"skX":-21.0164,"skY":-21.0164},"tweenEasing":0},{"duration":10,"transform":{"skX":23.9332,"skY":23.9332},"tweenEasing":0},{"duration":10,"transform":{"skX":-26.6574,"skY":-26.6574},"tweenEasing":0},{"duration":15,"transform":{"skX":23.0185,"skY":23.0185},"tweenEasing":0},{"duration":0,"transform":{"skX":-13.4992,"skY":-13.4992},"tweenEasing":null}],"name":"Left Wing"},{"frame":[{"duration":5,"transform":{},"tweenEasing":0},{"duration":23,"transform":{"skX":-15.7501,"skY":-15.7501},"tweenEasing":0},{"duration":17,"transform":{"skX":-11.0271,"skY":-11.0271},"tweenEasing":0},{"duration":10,"transform":{"skX":-15.7501,"skY":-15.7501},"tweenEasing":0},{"duration":0,"transform":{},"tweenEasing":null}],"name":"left Leg"},{"frame":[{"duration":5,"transform":{},"tweenEasing":0},{"duration":45,"transform":{"skX":-66.0419,"skY":-66.0419},"tweenEasing":0},{"duration":5,"transform":{"skX":-66.0419,"skY":-66.0419},"curve":[0.7162162162162162,0.008771929824561403,0.6283783783783784,0.9736842105263158]},{"duration":0,"transform":{},"tweenEasing":null}],"name":"Right Arm"},{"frame":[{"duration":5,"transform":{},"tweenEasing":0},{"duration":15,"transform":{"skX":1.442,"skY":1.442},"tweenEasing":0},{"duration":8,"transform":{},"tweenEasing":0},{"duration":27,"transform":{"skX":6.395,"skY":6.395},"tweenEasing":null}],"name":"Right Leg"},{"frame":[{"duration":20,"transform":{},"tweenEasing":0},{"duration":35,"transform":{},"tweenEasing":null}],"name":"Left Leg Foot"},{"frame":[{"duration":5,"transform":{},"tweenEasing":0},{"duration":50,"transform":{},"tweenEasing":0},{"duration":0,"transform":{},"tweenEasing":null}],"name":"Right Arm Bottom"},{"frame":[{"duration":20,"transform":{},"tweenEasing":0},{"duration":35,"transform":{},"tweenEasing":null}],"name":"bone"},{"frame":[{"duration":20,"transform":{},"tweenEasing":0},{"duration":35,"transform":{},"tweenEasing":null}],"name":"bone16"},{"frame":[{"duration":20,"transform":{},"tweenEasing":0},{"duration":35,"transform":{},"tweenEasing":null}],"name":"Left ARm Bottom"},{"frame":[{"duration":20,"transform":{},"tweenEasing":0},{"duration":35,"transform":{},"tweenEasing":null}],"name":"bone3"},{"frame":[{"duration":20,"transform":{},"tweenEasing":0},{"duration":35,"transform":{},"tweenEasing":null}],"name":"HEad"},{"frame":[{"duration":20,"transform":{},"tweenEasing":0},{"duration":35,"transform":{},"tweenEasing":null}],"name":"Back Hair"},{"frame":[{"duration":20,"transform":{},"tweenEasing":0},{"duration":35,"transform":{},"tweenEasing":null}],"name":"bone2"},{"frame":[{"duration":20,"transform":{},"tweenEasing":0},{"duration":35,"transform":{},"tweenEasing":null}],"name":"bone17"},{"frame":[{"duration":20,"transform":{},"tweenEasing":0},{"duration":35,"transform":{},"tweenEasing":null}],"name":"Sword"},{"frame":[{"duration":20,"transform":{},"tweenEasing":0},{"duration":35,"transform":{},"tweenEasing":null}],"name":"bone4"},{"frame":[{"duration":20,"transform":{},"tweenEasing":0},{"duration":35,"transform":{},"tweenEasing":null}],"name":"bone18"},{"frame":[{"duration":20,"transform":{},"tweenEasing":0},{"duration":35,"transform":{},"tweenEasing":null}],"name":"bone8"},{"frame":[{"duration":20,"transform":{},"tweenEasing":0},{"duration":35,"transform":{},"tweenEasing":null}],"name":"bone5"},{"frame":[{"duration":20,"transform":{},"tweenEasing":0},{"duration":35,"transform":{},"tweenEasing":null}],"name":"bone10"},{"frame":[{"duration":20,"transform":{},"tweenEasing":0},{"duration":35,"transform":{},"tweenEasing":null}],"name":"bone9"},{"frame":[{"duration":20,"transform":{},"tweenEasing":0},{"duration":35,"transform":{},"tweenEasing":null}],"name":"bone6"},{"frame":[{"duration":20,"transform":{},"tweenEasing":0},{"duration":35,"transform":{},"tweenEasing":null}],"name":"bone19"},{"frame":[{"duration":5,"transform":{},"tweenEasing":0},{"duration":15,"transform":{"skX":37.5192,"skY":37.5192},"tweenEasing":0},{"duration":35,"transform":{},"tweenEasing":null}],"name":"bone12"},{"frame":[{"duration":20,"transform":{},"tweenEasing":0},{"duration":35,"transform":{},"tweenEasing":null}],"name":"bone7"},{"frame":[{"duration":20,"transform":{},"tweenEasing":0},{"duration":35,"transform":{},"tweenEasing":null}],"name":"bone20"},{"frame":[{"duration":20,"transform":{},"tweenEasing":0},{"duration":35,"transform":{},"tweenEasing":null}],"name":"bone11"},{"frame":[{"duration":20,"transform":{},"tweenEasing":0},{"duration":35,"transform":{},"tweenEasing":null}],"name":"bone21"},{"frame":[{"duration":20,"transform":{},"tweenEasing":0},{"duration":35,"transform":{},"tweenEasing":null}],"name":"bone13"},{"frame":[{"duration":20,"transform":{},"tweenEasing":0},{"duration":35,"transform":{},"tweenEasing":null}],"name":"bone22"},{"frame":[{"duration":20,"transform":{},"tweenEasing":0},{"duration":35,"transform":{},"tweenEasing":null}],"name":"bone14"},{"frame":[{"duration":20,"transform":{},"tweenEasing":0},{"duration":35,"transform":{},"tweenEasing":null}],"name":"bone15"},{"frame":[{"duration":20,"transform":{},"tweenEasing":0},{"duration":35,"transform":{},"tweenEasing":null}],"name":"bone23"},{"frame":[{"duration":5,"transform":{},"tweenEasing":0},{"duration":15,"transform":{"skX":-30.3352,"skY":-30.3352},"tweenEasing":0},{"duration":35,"transform":{},"tweenEasing":null}],"name":"bone24"},{"frame":[{"duration":20,"transform":{},"tweenEasing":0},{"duration":35,"transform":{},"tweenEasing":null}],"name":"bone25"},{"frame":[{"duration":20,"transform":{},"tweenEasing":0},{"duration":35,"transform":{},"tweenEasing":null}],"name":"bone26"},{"frame":[{"duration":20,"transform":{},"tweenEasing":0},{"duration":35,"transform":{},"tweenEasing":null}],"name":"bone27"},{"frame":[{"duration":20,"transform":{},"tweenEasing":0},{"duration":35,"transform":{},"tweenEasing":null}],"name":"bone28"},{"frame":[{"duration":20,"transform":{},"tweenEasing":0},{"duration":35,"transform":{},"tweenEasing":null}],"name":"bone1"},{"frame":[{"duration":20,"transform":{},"tweenEasing":0},{"duration":35,"transform":{},"tweenEasing":null}],"name":"bone29"}],"slot":[{"frame":[{"duration":20,"tweenEasing":0},{"duration":35,"tweenEasing":null}],"name":"shadow"},{"frame":[{"duration":20,"tweenEasing":0},{"duration":35,"tweenEasing":null}],"name":"Tail"},{"frame":[{"duration":5,"tweenEasing":0},{"duration":15,"tweenEasing":0},{"duration":35,"tweenEasing":null}],"name":"Right Wing"},{"frame":[{"duration":5,"tweenEasing":0},{"duration":15,"curve":[0.5,0,0.5,1]},{"duration":35,"tweenEasing":null}],"name":"Layer 1"},{"frame":[{"duration":20,"tweenEasing":0},{"duration":35,"tweenEasing":null}],"name":"backhair"},{"frame":[{"duration":55,"tweenEasing":0},{"duration":0,"tweenEasing":null}],"name":"left arm"},{"frame":[{"duration":55,"tweenEasing":0},{"duration":0,"tweenEasing":null}],"name":"Right Arm"},{"frame":[{"duration":20,"tweenEasing":0},{"duration":35,"tweenEasing":null}],"name":"body"},{"frame":[{"duration":20,"tweenEasing":0},{"duration":35,"tweenEasing":null}],"name":"Sword"},{"frame":[{"duration":20,"tweenEasing":0},{"duration":35,"tweenEasing":null}],"name":"head"}],"ffd":[{"frame":[{"offset":0,"duration":20,"vertices":[],"tweenEasing":0},{"offset":0,"duration":35,"vertices":[],"tweenEasing":null}],"offset":0,"scale":1,"skin":"","slot":"head","name":"head"}],"name":"Skill","duration":55},{"frame":[],"bone":[{"frame":[{"duration":20,"transform":{},"tweenEasing":0},{"duration":0,"transform":{},"tweenEasing":null}],"name":"root"},{"frame":[{"duration":20,"transform":{},"curve":[0.3090349075975359,0.02631578947368421,0.555441478439425,0.956140350877193]},{"tweenEasing":null,"duration":0,"transform":{}}],"name":"mid"},{"frame":[{"duration":10,"transform":{},"curve":[0.5,0,0.5,1]},{"duration":5,"transform":{"y":-45.6455,"x":47.5273},"curve":[0.5,0,0.5,1]},{"duration":5,"transform":{"y":17.7951,"x":-19.5953},"curve":[0.5,0,1,1]},{"duration":0,"transform":{},"tweenEasing":null}],"name":"body"},{"frame":[{"duration":20,"transform":{},"tweenEasing":0},{"duration":0,"transform":{},"tweenEasing":null}],"name":"neck"},{"frame":[{"duration":10,"transform":{},"tweenEasing":0},{"duration":5,"transform":{"skX":25.0686,"skY":25.0686},"tweenEasing":0},{"duration":5,"transform":{"skX":-32.4312,"skY":-32.4312},"tweenEasing":0},{"duration":0,"transform":{},"tweenEasing":null}],"name":"Right Wing"},{"frame":[{"duration":10,"transform":{},"tweenEasing":0},{"duration":5,"transform":{"skX":41.4786,"skY":41.4786},"tweenEasing":0},{"duration":5,"transform":{"skX":-42.141,"skY":-42.141},"tweenEasing":0},{"duration":0,"transform":{},"tweenEasing":null}],"name":"Tail"},{"frame":[{"duration":10,"transform":{},"tweenEasing":0},{"duration":5,"transform":{"skX":137.03,"skY":137.03},"tweenEasing":0},{"duration":5,"transform":{"skX":-10.11,"skY":-10.11},"tweenEasing":0},{"duration":0,"transform":{},"tweenEasing":null}],"name":"LEft Arm"},{"frame":[{"duration":10,"transform":{},"tweenEasing":0},{"duration":5,"transform":{"skX":-28.6435,"skY":-28.6435},"tweenEasing":0},{"duration":5,"transform":{"skX":42.6207,"skY":42.6207},"tweenEasing":0},{"duration":0,"transform":{},"tweenEasing":null}],"name":"Left Wing"},{"frame":[{"duration":10,"transform":{},"tweenEasing":0},{"duration":5,"transform":{"skX":-13.6599,"skY":-13.6599},"tweenEasing":0},{"duration":5,"transform":{"skX":6.7446,"skY":6.7446},"tweenEasing":0},{"duration":0,"transform":{},"tweenEasing":null}],"name":"left Leg"},{"frame":[{"duration":10,"transform":{},"tweenEasing":0},{"duration":10,"transform":{"skX":-71,"skY":-71},"tweenEasing":0},{"duration":0,"transform":{},"tweenEasing":null}],"name":"Right Arm"},{"frame":[{"duration":20,"transform":{},"tweenEasing":0},{"duration":0,"transform":{},"tweenEasing":null}],"name":"Right Leg"},{"frame":[{"duration":20,"transform":{},"tweenEasing":0},{"duration":0,"transform":{},"tweenEasing":null}],"name":"Left Leg Foot"},{"frame":[{"duration":20,"transform":{},"tweenEasing":0},{"duration":0,"transform":{},"tweenEasing":null}],"name":"Right Arm Bottom"},{"frame":[{"duration":20,"transform":{},"tweenEasing":0},{"duration":0,"transform":{},"tweenEasing":null}],"name":"bone"},{"frame":[{"duration":20,"transform":{},"tweenEasing":0},{"duration":0,"transform":{},"tweenEasing":null}],"name":"bone16"},{"frame":[{"duration":20,"transform":{},"tweenEasing":0},{"duration":0,"transform":{},"tweenEasing":null}],"name":"Left ARm Bottom"},{"frame":[{"duration":20,"transform":{},"tweenEasing":0},{"duration":0,"transform":{},"tweenEasing":null}],"name":"bone3"},{"frame":[{"duration":20,"transform":{},"tweenEasing":0},{"duration":0,"transform":{},"tweenEasing":null}],"name":"HEad"},{"frame":[{"duration":20,"transform":{},"tweenEasing":0},{"duration":0,"transform":{},"tweenEasing":null}],"name":"Back Hair"},{"frame":[{"duration":20,"transform":{},"tweenEasing":0},{"duration":0,"transform":{},"tweenEasing":null}],"name":"bone2"},{"frame":[{"duration":20,"transform":{},"tweenEasing":0},{"duration":0,"transform":{},"tweenEasing":null}],"name":"bone17"},{"frame":[{"duration":20,"transform":{},"tweenEasing":0},{"duration":0,"transform":{},"tweenEasing":null}],"name":"Sword"},{"frame":[{"duration":20,"transform":{},"tweenEasing":0},{"duration":0,"transform":{},"tweenEasing":null}],"name":"bone4"},{"frame":[{"duration":20,"transform":{},"tweenEasing":0},{"duration":0,"transform":{},"tweenEasing":null}],"name":"bone18"},{"frame":[{"duration":20,"transform":{},"tweenEasing":0},{"duration":0,"transform":{},"tweenEasing":null}],"name":"bone8"},{"frame":[{"duration":20,"transform":{},"tweenEasing":0},{"duration":0,"transform":{},"tweenEasing":null}],"name":"bone5"},{"frame":[{"duration":20,"transform":{},"tweenEasing":0},{"duration":0,"transform":{},"tweenEasing":null}],"name":"bone10"},{"frame":[{"duration":20,"transform":{},"tweenEasing":0},{"duration":0,"transform":{},"tweenEasing":null}],"name":"bone9"},{"frame":[{"duration":20,"transform":{},"tweenEasing":0},{"duration":0,"transform":{},"tweenEasing":null}],"name":"bone6"},{"frame":[{"duration":20,"transform":{},"tweenEasing":0},{"duration":0,"transform":{},"tweenEasing":null}],"name":"bone19"},{"frame":[{"duration":20,"transform":{},"tweenEasing":0},{"duration":0,"transform":{},"tweenEasing":null}],"name":"bone12"},{"frame":[{"duration":20,"transform":{},"tweenEasing":0},{"duration":0,"transform":{},"tweenEasing":null}],"name":"bone7"},{"frame":[{"duration":20,"transform":{},"tweenEasing":0},{"duration":0,"transform":{},"tweenEasing":null}],"name":"bone20"},{"frame":[{"duration":20,"transform":{},"tweenEasing":0},{"duration":0,"transform":{},"tweenEasing":null}],"name":"bone11"},{"frame":[{"duration":20,"transform":{},"tweenEasing":0},{"duration":0,"transform":{},"tweenEasing":null}],"name":"bone21"},{"frame":[{"duration":20,"transform":{},"tweenEasing":0},{"duration":0,"transform":{},"tweenEasing":null}],"name":"bone13"},{"frame":[{"duration":20,"transform":{},"tweenEasing":0},{"duration":0,"transform":{},"tweenEasing":null}],"name":"bone22"},{"frame":[{"duration":20,"transform":{},"tweenEasing":0},{"duration":0,"transform":{},"tweenEasing":null}],"name":"bone14"},{"frame":[{"duration":20,"transform":{},"tweenEasing":0},{"duration":0,"transform":{},"tweenEasing":null}],"name":"bone15"},{"frame":[{"duration":20,"transform":{},"tweenEasing":0},{"duration":0,"transform":{},"tweenEasing":null}],"name":"bone23"},{"frame":[{"duration":20,"transform":{},"tweenEasing":0},{"duration":0,"transform":{},"tweenEasing":null}],"name":"bone24"},{"frame":[{"duration":20,"transform":{},"tweenEasing":0},{"duration":0,"transform":{},"tweenEasing":null}],"name":"bone25"},{"frame":[{"duration":20,"transform":{},"tweenEasing":0},{"duration":0,"transform":{},"tweenEasing":null}],"name":"bone26"},{"frame":[{"duration":20,"transform":{},"tweenEasing":0},{"duration":0,"transform":{},"tweenEasing":null}],"name":"bone27"},{"frame":[{"duration":20,"transform":{},"tweenEasing":0},{"duration":0,"transform":{},"tweenEasing":null}],"name":"bone28"},{"frame":[{"duration":20,"transform":{},"tweenEasing":0},{"duration":0,"transform":{},"tweenEasing":null}],"name":"bone1"},{"frame":[{"duration":20,"transform":{},"tweenEasing":0},{"duration":0,"transform":{},"tweenEasing":null}],"name":"bone29"}],"slot":[{"frame":[{"duration":20,"tweenEasing":0},{"duration":0,"tweenEasing":null}],"name":"shadow"},{"frame":[{"duration":20,"tweenEasing":0},{"duration":0,"tweenEasing":null}],"name":"Tail"},{"frame":[{"duration":20,"tweenEasing":0},{"duration":0,"tweenEasing":null}],"name":"Right Wing"},{"frame":[{"duration":20,"tweenEasing":0},{"duration":0,"tweenEasing":null}],"name":"Layer 1"},{"frame":[{"duration":20,"tweenEasing":0},{"duration":0,"tweenEasing":null}],"name":"backhair"},{"frame":[{"duration":20,"tweenEasing":0},{"duration":0,"tweenEasing":null}],"name":"left arm"},{"frame":[{"duration":20,"tweenEasing":0},{"duration":0,"tweenEasing":null}],"name":"Right Arm"},{"frame":[{"duration":20,"tweenEasing":0},{"duration":0,"tweenEasing":null}],"name":"body"},{"frame":[{"duration":20,"tweenEasing":0},{"duration":0,"tweenEasing":null}],"name":"Sword"},{"frame":[{"duration":20,"tweenEasing":0},{"duration":0,"tweenEasing":null}],"name":"head"}],"ffd":[{"frame":[{"offset":0,"duration":20,"vertices":[],"tweenEasing":0},{"offset":0,"duration":0,"vertices":[],"tweenEasing":null}],"offset":0,"scale":1,"skin":"","slot":"head","name":"head"}],"name":"Attack","duration":20},{"frame":[],"bone":[{"frame":[{"duration":60,"transform":{},"tweenEasing":null}],"name":"root"},{"frame":[{"duration":30,"transform":{},"curve":[0.3090349075975359,0.02631578947368421,0.555441478439425,0.956140350877193]},{"duration":30,"transform":{"y":-9.2025,"x":-2.5563},"curve":[0,0,0.04391891891891886,1]},{"duration":0,"transform":{},"tweenEasing":null}],"name":"mid"},{"frame":[{"duration":60,"transform":{},"tweenEasing":null}],"name":"body"},{"frame":[{"duration":60,"transform":{},"tweenEasing":null}],"name":"neck"},{"frame":[{"duration":10,"transform":{},"tweenEasing":0},{"duration":10,"transform":{"skX":-25.254,"skY":-25.254},"tweenEasing":0},{"duration":10,"transform":{},"tweenEasing":0},{"duration":10,"transform":{"skX":-25.254,"skY":-25.254},"tweenEasing":0},{"duration":10,"transform":{},"tweenEasing":0},{"duration":10,"transform":{"skX":-25.254,"skY":-25.254},"tweenEasing":0},{"duration":0,"transform":{},"tweenEasing":null}],"name":"Right Wing"},{"frame":[{"duration":15,"transform":{},"curve":[0.5,0,0.5,1]},{"duration":15,"transform":{"skX":21.7181,"skY":21.7181},"tweenEasing":0},{"duration":15,"transform":{},"tweenEasing":0},{"duration":15,"transform":{"skX":21.7181,"skY":21.7181},"tweenEasing":0},{"duration":0,"transform":{},"tweenEasing":null}],"name":"Tail"},{"frame":[{"duration":60,"transform":{},"tweenEasing":null}],"name":"LEft Arm"},{"frame":[{"duration":10,"transform":{},"tweenEasing":0},{"duration":10,"transform":{"skX":50.1604,"skY":50.1604},"tweenEasing":0},{"duration":10,"transform":{},"tweenEasing":0},{"duration":10,"transform":{"skX":50.1604,"skY":50.1604},"tweenEasing":0},{"duration":10,"transform":{},"tweenEasing":0},{"duration":10,"transform":{"skX":50.1604,"skY":50.1604},"tweenEasing":0},{"duration":0,"transform":{},"tweenEasing":null}],"name":"Left Wing"},{"frame":[{"duration":30,"transform":{},"tweenEasing":0},{"duration":30,"transform":{"skX":-3.5379,"skY":-3.5379},"tweenEasing":0},{"duration":0,"transform":{},"tweenEasing":null}],"name":"left Leg"},{"frame":[{"duration":60,"transform":{},"tweenEasing":null}],"name":"Right Arm"},{"frame":[{"duration":30,"transform":{},"tweenEasing":0},{"duration":30,"transform":{"skX":10.0967,"skY":10.0967},"tweenEasing":0},{"duration":0,"transform":{},"tweenEasing":null}],"name":"Right Leg"},{"frame":[{"duration":60,"transform":{},"tweenEasing":null}],"name":"Left Leg Foot"},{"frame":[{"duration":60,"transform":{},"tweenEasing":null}],"name":"Right Arm Bottom"},{"frame":[{"duration":60,"transform":{},"tweenEasing":null}],"name":"bone"},{"frame":[{"duration":60,"transform":{},"tweenEasing":null}],"name":"bone16"},{"frame":[{"duration":60,"transform":{},"tweenEasing":null}],"name":"Left ARm Bottom"},{"frame":[{"duration":60,"transform":{},"tweenEasing":null}],"name":"bone3"},{"frame":[{"duration":60,"transform":{},"tweenEasing":null}],"name":"HEad"},{"frame":[{"duration":60,"transform":{},"tweenEasing":null}],"name":"Back Hair"},{"frame":[{"duration":60,"transform":{},"tweenEasing":null}],"name":"bone2"},{"frame":[{"duration":60,"transform":{},"tweenEasing":null}],"name":"bone17"},{"frame":[{"duration":60,"transform":{},"tweenEasing":null}],"name":"Sword"},{"frame":[{"duration":60,"transform":{},"tweenEasing":null}],"name":"bone4"},{"frame":[{"duration":60,"transform":{},"tweenEasing":null}],"name":"bone18"},{"frame":[{"duration":60,"transform":{},"tweenEasing":null}],"name":"bone8"},{"frame":[{"duration":60,"transform":{},"tweenEasing":null}],"name":"bone5"},{"frame":[{"duration":60,"transform":{},"tweenEasing":null}],"name":"bone10"},{"frame":[{"duration":60,"transform":{},"tweenEasing":null}],"name":"bone9"},{"frame":[{"duration":60,"transform":{},"tweenEasing":null}],"name":"bone6"},{"frame":[{"duration":60,"transform":{},"tweenEasing":null}],"name":"bone19"},{"frame":[{"duration":10,"transform":{},"tweenEasing":0},{"duration":10,"transform":{"skX":33.877,"skY":33.877},"tweenEasing":0},{"duration":10,"transform":{},"tweenEasing":0},{"duration":10,"transform":{"skX":14.6743,"skY":14.6743},"tweenEasing":0},{"duration":10,"transform":{},"tweenEasing":0},{"duration":10,"transform":{"skX":33.877,"skY":33.877},"tweenEasing":0},{"duration":0,"transform":{},"tweenEasing":null}],"name":"bone12"},{"frame":[{"duration":60,"transform":{},"tweenEasing":null}],"name":"bone7"},{"frame":[{"duration":60,"transform":{},"tweenEasing":null}],"name":"bone20"},{"frame":[{"duration":60,"transform":{},"tweenEasing":null}],"name":"bone11"},{"frame":[{"duration":60,"transform":{},"tweenEasing":null}],"name":"bone21"},{"frame":[{"duration":60,"transform":{},"tweenEasing":null}],"name":"bone13"},{"frame":[{"duration":60,"transform":{},"tweenEasing":null}],"name":"bone22"},{"frame":[{"duration":60,"transform":{},"tweenEasing":null}],"name":"bone14"},{"frame":[{"duration":60,"transform":{},"tweenEasing":null}],"name":"bone15"},{"frame":[{"duration":60,"transform":{},"tweenEasing":null}],"name":"bone23"},{"frame":[{"duration":10,"transform":{},"tweenEasing":0},{"duration":10,"transform":{"skX":-29.8251,"skY":-29.8251},"tweenEasing":0},{"duration":20,"transform":{},"tweenEasing":0},{"duration":10,"transform":{},"tweenEasing":0},{"duration":10,"transform":{"skX":-29.8251,"skY":-29.8251},"tweenEasing":0},{"duration":0,"transform":{},"tweenEasing":null}],"name":"bone24"},{"frame":[{"duration":60,"transform":{},"tweenEasing":null}],"name":"bone25"},{"frame":[{"duration":60,"transform":{},"tweenEasing":null}],"name":"bone26"},{"frame":[{"duration":60,"transform":{},"tweenEasing":null}],"name":"bone27"},{"frame":[{"duration":60,"transform":{},"tweenEasing":null}],"name":"bone28"},{"frame":[{"duration":30,"transform":{},"tweenEasing":0},{"duration":30,"transform":{"skX":-12.6826,"skY":-12.6826},"tweenEasing":0},{"duration":0,"transform":{},"tweenEasing":null}],"name":"bone1"},{"frame":[{"duration":30,"transform":{},"tweenEasing":0},{"duration":30,"transform":{"skX":-20.8454,"skY":-20.8454},"tweenEasing":0},{"duration":0,"transform":{},"tweenEasing":null}],"name":"bone29"}],"playTimes":0,"slot":[],"ffd":[],"name":"Idle","duration":60}],"skin":[{"name":"","slot":[{"display":[{"bonePose":[16,0.8606531694072055,0.5091916358202794,-0.5091916358202794,0.8606531694072055,16.39005471008761,-103.73565565598068,22,0.9996341006403823,0.02704930381533155,-0.02704930381533155,0.9996341006403823,37.06249830838133,-92.13256659851994,23,0.9701689232674197,-0.24242990806857045,0.24242990806857045,0.9701689232674197,55.829429181340714,-92.13493505027091,31,0.8470291619316733,0.5315464220906083,-0.5315464220906083,0.8470291619316733,69.81682278413649,-95.47555178980684,32,0.4078524455726448,0.9130478534230354,-0.9130478534230354,0.4078524455726448,78.56158438711495,-88.96072681080138],"slotPose":[1,2.7755575615628914e-16,-2.7755575615628914e-16,1,39.941224327783104,-92.8442228008171],"edges":[0,1,1,2,2,3,3,4,4,5,5,6,6,7,7,8,8,9,9,10,10,11,11,12,12,13,13,14,14,15,15,16,16,17,17,18,18,19,19,20,20,21,21,22,22,23,23,24,24,0],"path":"Tail","userEdges":[],"vertices":[-44.3,-26.25,-38.95,-18.3,-30.75,-6.5,-11.7,5.1,6.35,10.45,22.55,5.2,30.25,4.6,37.35,11.55,42.35,22.4,49.7,37,54,37,54,26.4,46.2,6.45,37,-5.85,31.15,-8.7,21.9,-5.5,13.45,-4.35,7.5,-4.35,-1.35,-7.1,-11.05,-10.7,-23.15,-19.2,-28.75,-28.65,-33.95,-33.1,-42.2,-37,-44.95,-30.5,-36.64,-27.46,-32.34,-20.41,-22.94,-10.96,-17.09,-5.46,-6.04,-0.96,9.76,1.24,21.06,-1.16,31.31,-1.06,37.66,4.54,43.91,16.04,48.91,27.34,50.06,31.89],"uvs":[0.08981,0.14527,0.13935,0.2527,0.21528,0.41216,0.39167,0.56892,0.5588,0.64122,0.7088,0.57027,0.78009,0.56216,0.84583,0.65608,0.89213,0.8027,0.96019,1,1,1,1,0.85676,0.92778,0.58716,0.84259,0.42095,0.78843,0.38243,0.70278,0.42568,0.62454,0.44122,0.56944,0.44122,0.4875,0.40405,0.39769,0.35541,0.28565,0.24054,0.2338,0.11284,0.18565,0.0527,0.10926,0,0.0838,0.08784,0.16073,0.12898,0.20054,0.22425,0.28758,0.35195,0.34175,0.42627,0.44406,0.48708,0.59036,0.51681,0.69499,0.48438,0.7899,0.48573,0.84869,0.56141,0.90656,0.71681,0.95286,0.86952,0.96351,0.931],"triangles":[34,8,35,34,35,11,12,34,11,35,36,11,11,36,10,36,9,10,13,33,12,8,9,36,35,8,36,7,34,12,33,7,12,7,8,34,32,6,33,32,33,13,33,6,7,14,32,13,31,5,6,31,6,32,15,31,32,14,15,32,31,30,5,30,4,5,16,31,15,16,30,31,17,30,16,17,29,30,29,4,30,18,29,17,29,3,4,19,29,18,19,28,29,28,3,29,27,28,19,20,27,19,28,2,3,27,2,28,26,2,27,26,27,20,21,26,20,26,1,2,25,26,21,22,25,21,25,1,26,23,25,22,23,24,25,24,0,25,0,1,25],"type":"mesh","transform":{"y":-12.11,"skX":-51.67,"skY":-51.67,"x":46.76},"name":"Tail","width":108,"height":74,"weights":[3,16,0.7012457655013989,22,0.1913124338245211,23,0.10744180067408032,3,16,0.7921897906677977,22,0.13913798226887036,23,0.06867222706333229,3,16,0.894676052648048,22,0.0767582800568696,23,0.02856566729508249,3,16,0.591065389363723,22,0.3636946154655874,23,0.0452399951706896,4,22,0.49713079691101675,23,0.24064446477006732,16,0.20049765558845412,31,0.061727082730461874,4,23,0.5389597502663092,22,0.21997035595866607,31,0.1671423804716297,32,0.07392751330339507,4,31,0.43598805544902797,23,0.29078900553201253,32,0.21694952965913117,22,0.056273409359828296,4,32,0.7671979525095524,31,0.1595984197403905,23,0.05143338904525301,22,0.021770238704804077,4,32,0.9304914080312338,31,0.03690874537981002,23,0.01977821946551564,22,0.012821627123440501,4,32,0.9699230277678238,31,0.01358205847275486,23,0.009233967765258281,22,0.007260945994163105,4,32,0.970500569312772,31,0.013463260213822017,23,0.009073239084795235,22,0.006962931388610774,4,32,0.9487891206184396,31,0.0260399548630399,23,0.015113750092585245,22,0.010057174425935443,4,32,0.6725329339989237,31,0.24638100804905125,23,0.05914013649788555,22,0.021945921454139483,4,31,0.49612224198707666,23,0.25098816867521195,32,0.21616018389050973,22,0.036729405447201685,4,31,0.4736088854410439,23,0.39436869194301577,32,0.08504115902515995,22,0.046981263590780246,4,23,0.6470786681036348,31,0.18783810187209915,22,0.1283763893710278,32,0.03670684065323823,4,22,0.46350269888725854,23,0.444767867967221,31,0.05143287411170352,16,0.040296559033817084,4,22,0.6565618792482952,23,0.19514766917748907,16,0.11110764132121399,31,0.03718281025300162,3,22,0.47058062444976484,16,0.44844713171996636,23,0.08097224383026866,3,16,0.8063845865309549,22,0.1573880735923194,23,0.0362273398767256,3,16,0.8914798655310501,22,0.07639890242386155,23,0.03212123204508879,3,16,0.7443102041448174,22,0.16641165953152376,23,0.08927813632365796,3,16,0.6891851718100881,22,0.19654532589227222,23,0.114269502297641,3,16,0.6404341574086474,22,0.22210661201917128,23,0.13745923057218057,3,16,0.6724211111290013,22,0.20642074917820122,23,0.12115813969279707,3,16,0.7374545435312182,22,0.1700210138885252,23,0.09252444258013857,3,16,0.8415914131052802,22,0.10746606825462098,23,0.050942518640049055,3,16,0.9996699980910119,22,0.00024855610231819595,23,0.00008144580666986773,3,16,0.9903443333481633,22,0.007958587542775642,23,0.001697079109061117,3,16,0.9894282518190597,22,0.01029956743889518,23,0.0002721807420452035,4,22,0.998781052685957,23,0.0009578323483301499,16,0.00017472183158146094,31,0.00008639313413132914,4,23,0.9895544740255227,22,0.005702373095300796,31,0.0038269652993379246,32,0.0009161875798385327,4,31,0.9627003663561265,23,0.032192896446678144,32,0.004056140004076084,22,0.0010505971931194305,4,32,0.8055342596739994,31,0.18459758320326997,23,0.007993247648247577,22,0.0018749094744831105,4,32,0.9998812180588287,31,0.00007353903159211245,23,0.000029719925649730366,22,0.00001552298392941985,4,32,0.9999205914343002,31,0.00003990211738224522,23,0.000023407543626599392,22,0.000016098904690905853,4,32,0.9980668471349204,31,0.0009204215052492041,23,0.0005836436354643427,22,0.0004290877243661576]}],"name":"Tail"},{"display":[{"bonePose":[15,-0.5368579359867562,0.8436726596068168,-0.8436726596068168,-0.5368579359867562,-12.058188729266265,-134.41617292630656],"slotPose":[1,2.7755575615628914e-17,-2.7755575615628914e-17,1,-7.063710710848569,-159.827780300173],"edges":[0,1,1,2,2,3,3,4,4,5,5,6,6,7,7,8,8,9,9,0],"path":"Right Arm","userEdges":[],"vertices":[-19.15,47.85,-17.9,33.5,-8.7,20.65,-8.1,5.55,-6.6,-5.7,5,-3.7,4.8,20.95,-3.45,34.65,-7.75,44.15,-9.95,54.5],"uvs":[0.16983,0.88589,0.19138,0.77016,0.35,0.66653,0.36034,0.54476,0.38621,0.45403,0.58621,0.47016,0.58276,0.66895,0.44052,0.77944,0.36638,0.85605,0.32845,0.93952],"triangles":[2,7,6,3,2,6,3,6,5,4,3,5,1,8,7,2,1,7,0,9,8,1,0,8],"type":"mesh","transform":{"y":-2.81,"skX":-92.57,"skY":-92.57,"x":-2.87},"name":"Right Arm","width":58,"height":124,"weights":[1,15,1.0000000000000002,1,15,1,1,15,1,1,15,0.9999999999999999,1,15,1,1,15,1,1,15,1,1,15,1,1,15,1.0000000000000002,1,15,0.9999999999999998]}],"name":"Right Arm"},{"display":[{"path":"shadow","type":"image","name":"shadow","transform":{"y":-7.73,"x":8.66}}],"name":"shadow"},{"display":[{"bonePose":[12,0.5471250196837962,0.8370509021774037,-0.8370509021774037,0.5471250196837962,17.950054752011184,-140.62371942067534],"slotPose":[1,0,0,1,20.939634338014667,-139.83859911209123],"edges":[0,1,1,2,2,3,3,4,4,5,5,6,6,7,7,8,8,9,9,10,10,11,11,12,12,13,13,14,14,15,15,16,16,17,17,18,18,19,19,20,20,21,21,0],"path":"left arm","userEdges":[],"vertices":[-20,-19.25,-15.65,-7.55,-13,-0.2,-6.2,6.2,1.5,15.2,4.45,21.2,3.4,29.2,9.3,27.85,17.85,33,20,33,20,25.95,17.15,19,14.75,15,13.3,8.2,5.3,-1.35,1.8,-5.2,-0.15,-7.9,-2.8,-13.5,-4.85,-21,-6.5,-32.95,-15.65,-32.95,-20,-29],"uvs":[0,0.20833,0.10875,0.38561,0.175,0.49697,0.345,0.59394,0.5375,0.7303,0.61125,0.82121,0.585,0.94242,0.7325,0.92197,0.94625,1,1,1,1,0.89318,0.92875,0.78788,0.86875,0.72727,0.8325,0.62424,0.6325,0.47955,0.545,0.42121,0.49625,0.3803,0.43,0.29545,0.37875,0.18182,0.3375,0.00076,0.10875,0.00076,0,0.06061],"triangles":[11,7,10,7,8,10,10,8,9,12,5,11,5,7,11,13,4,12,4,5,12,14,4,13,3,4,14,5,6,7,15,3,14,16,2,15,2,3,15,17,1,16,1,2,16,18,1,17,20,21,18,21,0,18,19,20,18,0,1,18],"type":"mesh","transform":{"y":-3.51,"skX":-72.67,"skY":-72.67,"x":30.52},"name":"left arm","width":40,"height":66,"weights":[1,12,1,1,12,1,1,12,1,1,12,1,1,12,1,1,12,1,1,12,1,1,12,1,1,12,1,1,12,1,1,12,1,1,12,1,1,12,1,1,12,1,1,12,1,1,12,1,1,12,1,1,12,1,1,12,1,1,12,1,1,12,1,1,12,1]}],"name":"left arm"},{"display":[{"bonePose":[20,0.33133788846257134,0.9435121640281934,-0.9435121640281934,0.33133788846257134,4.294376233648045,-174.15362179864792,26,-0.3320059406935186,0.9432772950433033,-0.9432772950433033,-0.3320059406935186,-8.221154723546828,-172.98471993852456,27,0.6393294280539263,0.7689329505387574,-0.7689329505387574,0.6393294280539263,14.028454811901286,-171.7920034705131],"slotPose":[1,-4.996003610813204e-16,4.996003610813204e-16,1,57.43829476598249,-117.83065292245497],"edges":[0,1,1,2,2,3,3,4,4,5,5,6,6,7,7,8,8,10,10,9,9,11,11,12,12,13,13,14,14,15,15,16,16,17,17,18,18,19,19,20,20,21,21,22,22,23,23,24,24,25,25,26,26,27,27,0],"path":"backhair","userEdges":[],"vertices":[-99.85,4.45,-92.1,-2.7,-84.15,6.45,-73.35,-3.8,-64.35,8.7,-55.15,-1.05,-46.15,8.4,-39.8,-0.45,-31.6,6.15,-25.9,-4.4,-26.35,-3.55,-16.85,2.6,-9,-6.85,0.95,-5.15,-3.2,-24.65,2.6,-35.95,14.15,-30.45,10.45,-46.15,-20.55,-65.5,-36.4,-68.85,-50.35,-78.45,-63.1,-80.9,-75.3,-73.6,-77.7,-60.2,-73,-48.6,-87,-35.35,-99.4,-24.65,-101.55,-8.35],"uvs":[0.00813,0.52618,0.04631,0.48412,0.08547,0.53794,0.13867,0.47765,0.183,0.55118,0.22833,0.49382,0.27266,0.54941,0.30394,0.49735,0.34433,0.53618,0.37241,0.47412,0.3702,0.47912,0.417,0.51529,0.45567,0.45971,0.50468,0.46971,0.48424,0.355,0.51281,0.28853,0.5697,0.32088,0.55148,0.22853,0.39877,0.11471,0.32069,0.095,0.25197,0.03853,0.18916,0.02412,0.12906,0.06706,0.11724,0.14588,0.14039,0.21412,0.07143,0.29206,0.01034,0.355,-0.00025,0.45088],"triangles":[17,15,16,18,15,17,14,12,13,18,14,15,19,9,18,9,12,14,18,9,14,19,24,9,24,7,9,9,11,12,24,5,7,9,7,10,7,8,10,24,3,5,20,24,19,23,24,20,5,6,7,25,3,24,22,23,21,21,23,20,3,4,5,25,26,3,26,1,3,1,2,3,26,27,1,27,0,1],"type":"mesh","transform":{"y":-31.48,"skX":-70.65,"skY":-70.65,"x":70.75},"name":"backhair","width":203,"height":170,"weights":[3,20,0.05860435741075459,26,0.9043405016845845,27,0.037055140904660916,3,20,0.018987442882578878,26,0.9695627918135955,27,0.011449765303825724,3,20,0.023709890225992562,26,0.9641496269259292,27,0.012140482848078138,3,20,0.06536820619802627,26,0.9059894520832209,27,0.02864234171875286,3,20,0.2946410812745346,26,0.6069935501038071,27,0.09836536862165837,3,20,0.5721575461932598,26,0.30063759584907007,27,0.12720485795767025,3,20,0.7160059390943961,26,0.15060967959849514,27,0.13338438130710856,3,20,0.9245110856970808,27,0.04883817409116703,26,0.02665074021175217,3,20,0.7976851965517237,27,0.15270672845896022,26,0.04960807498931613,3,20,0.754761446289931,27,0.22034723690626884,26,0.024891316803800145,3,20,0.7787928466548365,27,0.19658900057687376,26,0.024618152768289762,3,20,0.46113004063259067,27,0.4922008774678497,26,0.046669081899559754,3,20,0.14005209138321714,27,0.8394401660988717,26,0.02050774251791109,3,20,0.18947997563420385,27,0.7703985410497113,26,0.04012148331608489,3,20,0.09687419368384018,27,0.875861973713498,26,0.027263832602661648,3,20,0.19574171458326395,27,0.7224392989579669,26,0.0818189864587691,3,20,0.20931333225967297,27,0.7002360537793517,26,0.0904506139609754,3,20,0.2522853160086753,27,0.609966383680227,26,0.1377483003110976,3,20,0.2969995055746554,27,0.5446492004055821,26,0.1583512940197625,3,20,0.32962927846943263,27,0.5322631456843726,26,0.13810757584619468,3,20,0.41530308800318855,27,0.3188599370987759,26,0.2658369748980356,3,20,0.3728616755670643,26,0.391660708543373,27,0.23547761588956276,3,20,0.295417904700784,26,0.5383269338500355,27,0.1662551614491806,3,20,0.19474354875304875,26,0.7061749543013348,27,0.09908149694561633,3,20,0.04626981455144551,26,0.9305314938048267,27,0.023198691643727832,3,20,0.10094909611968207,26,0.8310778725691211,27,0.06797303131119671,3,20,0.12565297802480163,26,0.7821413977593092,27,0.09220562421588922,3,20,0.07696094768663818,26,0.8696170670479332,27,0.053421985265428684]}],"name":"backhair"},{"display":[{"edges":[0,1,1,2,2,3,3,4,4,5,5,6,6,7,7,8,8,9,9,10,10,11,11,12,12,13,13,14,14,15,15,16,16,17,17,18,18,19,19,20,20,21,21,22,22,23,23,24,24,25,25,26,26,0],"width":107,"triangles":[30,10,11,14,15,13,15,12,13,16,30,12,12,30,11,15,16,12,37,30,16,30,29,10,29,28,10,28,9,10,28,27,9,18,37,16,17,18,16,18,36,37,32,28,29,31,32,29,31,29,30,37,31,30,18,19,36,32,27,28,36,31,37,27,8,9,19,20,36,36,32,31,33,8,27,32,33,27,20,21,35,34,33,32,20,35,36,35,32,36,35,34,32,4,8,34,34,8,33,21,34,35,8,6,7,21,4,34,8,5,6,23,4,21,4,5,8,23,1,4,25,0,24,22,23,21,1,2,4,24,0,23,0,1,23,2,3,4,0,25,26],"type":"mesh","vertices":[-27.4,-86.05,-31.85,-61.2,-29.55,-45.05,-24.95,-42.1,-17.7,-48.55,-17.6,-39.95,-5.1,-34.35,-2.65,-39,-7.1,-42.6,1.9,-41.95,13.9,-50.45,28.3,-72,25.85,-75.5,30.1,-94.5,26.9,-100.5,17,-87.45,6.85,-78.15,-2.15,-78.25,-2.75,-76.25,-10.3,-74,-13.65,-70.5,-15.45,-66.7,-16.2,-68.85,-19.15,-66.1,-19.05,-81.2,-19.35,-92.95,-17.9,-99.4,0.46,-51.97,3.31,-53.57,4.76,-55.82,3.86,-60.12,1.26,-59.42,-0.59,-57.12,-2.24,-54.57,-3.79,-56.37,-2.49,-58.82,-0.49,-60.87,2.51,-61.97],"transform":{"y":-39.01,"skX":132.23,"skY":132.23,"x":-33.14},"path":"head","userEdges":[],"height":201,"uvs":[0.24393,0.07189,0.20234,0.19552,0.22383,0.27587,0.26682,0.29055,0.33458,0.25846,0.33551,0.30124,0.45234,0.3291,0.47523,0.30597,0.43364,0.28806,0.51776,0.29129,0.62991,0.249,0.76449,0.14179,0.74159,0.12438,0.78131,0.02985,0.7514,0,0.65888,0.06493,0.56402,0.11119,0.47991,0.1107,0.4743,0.12065,0.40374,0.13184,0.37243,0.14925,0.35561,0.16816,0.3486,0.15746,0.32103,0.17114,0.32196,0.09602,0.31916,0.03756,0.33271,0.00547,0.50433,0.24147,0.53097,0.23351,0.54452,0.22231,0.53611,0.20092,0.51181,0.2044,0.49452,0.21585,0.4791,0.22853,0.46461,0.21958,0.47676,0.20739,0.49545,0.19719,0.52349,0.19172],"name":"head"}],"name":"head"},{"display":[{"bonePose":[14,0.999570154695225,-0.029317330072228948,0.029317330072228948,0.999570154695225,4.011007872337903,-160.25361947434922,18,0.9045295819683239,-0.4264108762029993,0.4264108762029993,0.9045295819683239,17.525489537118066,-160.6399940753788,25,0.41786707380107624,-0.9085081775267223,0.9085081775267223,0.41786707380107624,32.77017042785215,-167.58337974374604,30,0.15367571250699152,-0.988121336367892,0.988121336367892,0.15367571250699152,36.63044107375242,-178.2017982013319,33,0.8348478632634072,0.5504807400849948,-0.5504807400849948,0.8348478632634072,37.98125058668888,-186.88738474800567,37,0.7114130308179802,0.7027741454993743,-0.7027741454993743,0.7114130308179802,55.54644962975097,-175.30526997661738,39,0.6225146366376201,0.7826081568524136,-0.7826081568524136,0.6225146366376201,71.17619391682199,-159.86532199999613,40,0.33972302236859575,0.9405255276029176,-0.9405255276029176,0.33972302236859575,85.45614389796235,-141.72019790187738,42,0.9909831997148362,-0.13398618541829244,0.13398618541829244,0.9909831997148362,41.09527798570255,-187.47078232999706,43,0.976896613081381,0.21371244079399396,-0.21371244079399396,0.976896613081381,63.29385818695178,-190.16941847603564,44,0.9343911338334203,0.35624880212218946,-0.35624880212218946,0.9343911338334203,93.20155060550745,-183.79039549464832,45,0.8298175447613098,0.5580348039381695,-0.5580348039381695,0.8298175447613098,126.58956475267145,-171.0393754841246,46,0.6517013562501202,0.7584756701844519,-0.7584756701844519,0.6517013562501202,152.82900563474297,-154.23746362278354],"slotPose":[1,-6.661338147750939e-16,6.661338147750939e-16,1,46.93413584142721,-148.3262733592579],"edges":[0,1,1,2,2,3,3,4,4,5,5,6,6,7,7,8,9,10,10,11,11,12,12,13,13,14,14,15,15,16,16,17,17,18,18,19,19,20,20,21,21,22,22,23,23,24,24,25,25,26,26,27,27,28,28,29,29,30,30,31,31,32,32,33,33,0,8,48,48,9],"path":"Layer 1","userEdges":[],"vertices":[-52.6,-4.3,-44.5,6.7,-36.3,8.9,-24.1,8.4,3.5,8.55,18.75,13.95,35.7,21.6,42.1,28.35,44.25,32.6,48.6,25.6,63.5,13.75,72.35,4.15,98.35,10.85,116.95,17.5,127,21.85,127,10.85,113.7,-8.3,91.95,-27.5,69.8,-40.35,52.75,-46.4,18.85,-49.65,-8,-50.5,-14.75,-48.2,-15.6,-41.8,-17.65,-33.95,-19.25,-31.85,-18.05,-30.8,-17.2,-27.65,-21.4,-21.95,-28.2,-18.8,-35.35,-18.55,-44.65,-17.25,-49.7,-16.4,-53.1,-11.55,117.42,12.08,105.27,1.98,96.22,-3.47,82.17,-11.92,65.72,-19.82,51.77,-24.67,29.92,-29.02,15.62,-30.37,20.92,-26.12,24.17,-21.97,32.82,-12.07,36.02,-5.72,43.62,11.23,45.62,20.73,45.88,29.97,41.87,23.38,27.57,1.03,18.87,-8.22,2.42,-17.02,-6.08,-21.52],"uvs":[0.29291,0.46325,0.3248,0.55726,0.35709,0.57607,0.40512,0.57179,0.51378,0.57308,0.57382,0.61923,0.64055,0.68462,0.66575,0.74231,0.67421,0.77863,0.69134,0.7188,0.75,0.61752,0.78484,0.53547,0.8872,0.59274,0.96043,0.64957,1,0.68675,1,0.59274,0.94764,0.42906,0.86201,0.26496,0.7748,0.15513,0.70768,0.10342,0.57421,0.07564,0.4685,0.06838,0.44193,0.08803,0.43858,0.14274,0.43051,0.20983,0.42421,0.22778,0.42894,0.23675,0.43228,0.26368,0.41575,0.31239,0.38898,0.33932,0.36083,0.34145,0.32421,0.35256,0.30433,0.35983,0.29094,0.40128,0.96227,0.60322,0.91443,0.51689,0.8788,0.47031,0.82349,0.39809,0.75872,0.33057,0.7038,0.28911,0.61778,0.25193,0.56148,0.2404,0.58235,0.27672,0.59514,0.31219,0.6292,0.39681,0.64179,0.45108,0.67172,0.59595,0.67959,0.67715,0.68065,0.75615,0.66483,0.6998,0.60853,0.50877,0.57428,0.42971,0.50951,0.3545,0.47605,0.31604],"triangles":[34,13,15,16,34,15,15,13,14,16,35,34,12,13,34,35,12,34,36,35,16,17,36,16,17,37,36,36,12,35,36,11,12,37,11,36,38,37,17,18,38,17,38,11,37,45,46,38,39,38,18,38,46,11,46,10,11,39,45,38,19,39,18,47,9,10,46,47,10,20,40,19,44,45,39,19,40,39,40,44,39,7,48,9,49,7,9,47,49,9,45,50,46,7,8,48,46,6,47,6,49,47,50,6,46,6,7,49,40,43,44,44,50,45,50,5,6,20,41,40,51,50,44,43,51,44,41,42,40,42,43,40,51,5,50,4,5,51,52,51,42,42,51,43,41,52,42,21,41,20,52,4,51,53,52,41,21,53,41,21,23,53,23,24,53,52,53,4,53,3,4,28,3,53,29,3,28,26,27,24,22,23,21,27,28,53,24,27,53,30,2,29,29,2,3,25,26,24,1,2,30,31,0,1,31,1,30,33,0,31,32,33,31],"type":"mesh","transform":{"y":12.2,"skX":9.12,"skY":9.12,"x":38.08},"name":"Layer 1","width":254,"height":117,"weights":[4,14,0.7124753416737751,18,0.17966152522805248,25,0.06358846744847155,30,0.04427466564970084,4,14,0.5123832904997778,18,0.3038668755650198,25,0.11233035572851964,30,0.07141947820668268,4,14,0.41080406153074334,18,0.3645765548009597,25,0.14139203030865644,30,0.08322735335964068,4,14,0.3536484237732126,18,0.35796018015983955,25,0.18951604298137276,30,0.09887535308557505,4,39,0.28711949337251225,37,0.28450256295742027,25,0.21850666588874046,18,0.20987127778132708,4,39,0.3680612399729851,40,0.3364664976495614,37,0.21140850812302078,33,0.08406375425443259,4,40,0.7703646517087025,39,0.178895960950945,37,0.03580995800213711,33,0.014929429338215236,4,40,0.9085533562363071,39,0.06488941198461949,37,0.017325418748687708,44,0.009231813030385626,4,40,0.8359905487001392,39,0.10944494235134088,37,0.03433478318157464,44,0.02022972576694538,4,40,0.9293304735210034,39,0.050134198955232114,37,0.012438815874287966,44,0.008096511649476354,4,40,0.45772263336034114,39,0.2826561303124621,45,0.13169121183906363,44,0.12793002448813312,4,45,0.32054017066862983,44,0.2825797888777663,40,0.2090561750131884,39,0.1878238654404154,4,46,0.47550604141608005,45,0.39816718304927806,44,0.08326421735915136,40,0.043062558175490644,4,46,0.9203873349568941,45,0.05776334105468565,44,0.013655058698084675,40,0.008194265290335685,4,46,0.9321676995285026,45,0.04520944822846197,44,0.013717620751660234,40,0.008905231491375254,4,46,0.9600789534334047,45,0.02940628830031433,44,0.0069577769691000785,40,0.0035569812971807673,4,46,0.6282906803675051,45,0.3418951776384527,44,0.023439961747359166,43,0.006374180246683047,4,45,0.5600872062159322,44,0.3118248970004804,46,0.09950860156422663,43,0.028579295219360618,4,44,0.5763557481546908,45,0.23674787982585496,43,0.1480683155204588,46,0.03882805649899541,4,44,0.4797952455651355,43,0.4168898853862874,45,0.05860196714075287,42,0.044712901907824155,4,43,0.5525275196860213,42,0.3270748820152555,33,0.06096076887914724,37,0.05943682941957604,4,42,0.3309595392306585,33,0.30828568759053393,30,0.27140104315407415,25,0.08935373002473335,4,33,0.3349134535895105,30,0.3009770515686645,42,0.2625077863359524,25,0.10160170850587263,4,33,0.36735242664825846,30,0.3419198431709501,42,0.1962720871586525,25,0.09445564302213881,4,30,0.3697606534671304,25,0.2548949134030017,33,0.2372528637099708,42,0.13809156941989711,4,30,0.35104502286391676,25,0.3004824292838578,33,0.1942706930094231,18,0.15420185484280235,4,30,0.3728573670732931,25,0.3251595517251622,33,0.15869423962131896,18,0.14328884158022578,4,25,0.4160120531263271,30,0.31098666197166663,18,0.18570365713502798,33,0.08729762776697837,4,14,0.09463763387839709,18,0.5579719081974165,25,0.2630562095132869,30,0.08433424841089943,4,14,0.3440672012606008,18,0.5421476443922155,25,0.07873068168801922,30,0.035054472659164435,4,14,0.5892854607846344,18,0.32511301194867825,25,0.05367868928376232,30,0.03192283798292493,4,14,0.8482282226285418,18,0.10348223729647757,25,0.028454660866180894,30,0.019834879208799727,4,14,0.8039939783134836,18,0.1237238212827927,25,0.04170649983543534,30,0.030575700568288275,4,14,0.7702577022833289,18,0.14217738539709596,25,0.05070684314986531,30,0.03685806916970983,4,46,0.9789641396564421,45,0.016331574257716728,44,0.0031068238363418893,40,0.0015974622494993112,4,46,0.6884277852905525,45,0.2906199609935295,44,0.01570803298242209,40,0.005244220733496013,4,45,0.6537223374011578,46,0.2966651857667845,44,0.040731146362819035,40,0.008881330469238587,4,45,0.6620378469027975,44,0.2557497273687196,46,0.0630170384864094,43,0.01919538724207365,4,44,0.7049514997110568,45,0.20547781600631082,43,0.06013940873749452,39,0.02943127554513802,4,44,0.6466946518113236,43,0.2503801105087605,45,0.05459784094873937,39,0.048327396731176496,4,43,0.5214664434521721,37,0.1790828254064328,44,0.15645143925109312,39,0.14299929189030205,4,37,0.3716629429526111,33,0.328556340784668,43,0.15494068775722744,42,0.14484002850549357,4,37,0.4942003489850916,33,0.20874270154854963,43,0.15436390435507455,39,0.14269304511128433,4,37,0.5336617200363379,39,0.2661940911489151,33,0.1080632532761704,43,0.09208093553857657,4,39,0.5606228687799577,37,0.3239392707545079,40,0.07289026799212968,43,0.04254759247340466,4,39,0.7202121781529044,40,0.14237548490889335,37,0.11408578587727225,43,0.023326551060929967,4,40,0.8469071971538361,39,0.1394408960381416,37,0.009228228784747897,44,0.00442367802327427,4,40,0.9844280597168713,39,0.012126385781360502,37,0.002201120687149544,44,0.00124443381461874,4,40,0.8871311147695184,39,0.0772747887691954,37,0.02215097744326007,44,0.013443119018026065,4,40,0.974732895906285,39,0.01931945627410853,37,0.003962035841140363,44,0.001985611978466117,4,39,0.7427445823190674,40,0.13392268477980288,37,0.10566721727498993,33,0.01766551562613996,4,37,0.47886626393672854,39,0.452046958480396,33,0.03934124155855384,40,0.029745536024321652,4,37,0.34935965150354703,33,0.3322782880631953,25,0.17859371299030175,30,0.13976834744295588,4,25,0.48739075126699516,30,0.22753869805875354,18,0.16046182032555353,33,0.12460873034869774]}],"name":"Layer 1"},{"display":[{"path":"Sword","type":"image","name":"Sword","transform":{"y":6.46,"skX":-158.25,"skY":-158.25,"x":52.72}}],"name":"Sword"},{"display":[{"bonePose":[13,-0.8600304323058651,-0.5102427417492452,0.5102427417492452,-0.8600304323058651,1.3443170019156658,-154.12858726216632,19,-0.9999834136273442,-0.005759554687996049,0.005759554687996049,-0.9999834136273442,-8.383109200773742,-158.9578915051429,24,-0.7510337036950708,-0.6602638683996458,0.6602638683996458,-0.7510337036950708,-20.912901373524363,-159.0300587253835,29,-0.5913096483635821,0.8064446042674829,-0.8064446042674829,-0.5913096483635821,-24.763356702997704,-158.1942993367253,34,-0.13502386694249868,0.9908423463679248,-0.9908423463679248,-0.13502386694249868,-33.098117983956804,-146.57344504844576,28,-0.4227764358522552,-0.906234012431703,0.906234012431703,-0.4227764358522552,-25.94902962733248,-164.07001033340472,35,-0.8349439275612913,0.5503350232617628,-0.5503350232617628,-0.8349439275612913,-31.90212015397985,-173.51919618095485,36,-0.6590833333339927,0.7520699167772588,-0.7520699167772588,-0.6590833333339927,-54.303665730449296,-158.75370750684175,38,-0.57028353675141,0.8214479214839507,-0.8214479214839507,-0.57028353675141,-61.72029473461789,-150.21484258142425,41,-0.3993892004099766,0.9167814715600874,-0.9167814715600874,-0.3993892004099766,-70.757929696782,-137.26699124266273],"slotPose":[0.9999999999999999,-4.0592529337857286e-16,4.0592529337857286e-16,0.9999999999999999,45.94360571056461,-127.83539524060724],"edges":[0,1,1,2,2,3,3,4,4,5,5,6,6,7,7,8,8,9,9,10,10,11,11,12,12,13,13,14,14,15,15,16,16,17,17,18,18,19,19,20,20,21,21,22,22,23,23,24,25,26,26,27,27,28,28,29,29,0,24,41,41,25],"path":"Right Wing","userEdges":[],"vertices":[-128,14.5,-126.55,-2.35,-119.75,-15.5,-106.6,-33.7,-93.15,-45.1,-73.85,-54.65,-68.4,-55.85,-66.15,-55.95,-64.55,-39.85,-62.85,-36.3,-58.55,-35.5,-52.35,-35.4,-46.45,-34.35,-39.15,-30.55,-37.2,-25.7,-36.75,-22.45,-36.65,-19.5,-37.6,-16.1,-39.55,-11.9,-47.5,-4.2,-52,-3,-60.9,-2.75,-68.35,1.6,-77.05,7.85,-81.1,14,-90.8,6.15,-96.65,-2,-101.75,-0.9,-110.4,3.95,-118.7,9,-121.69,7.84,-107.74,-12.16,-101.34,-19.56,-92.59,-26.61,-85.04,-30.61,-80.59,-31.26,-82.99,-24.76,-85.84,-15.81,-86.94,-8.51,-87.89,-3.66,-88.24,2.09,-87.16,9.1,-83.59,2.94,-76.29,-12.91,-70.64,-20.96,-64.39,-24.76,-60.99,-25.61,-47.94,-21.56,-38.94,-23.66,-100.54,-5.96,-96.24,-12.61,-89.69,-23.86,-84.19,-28.26,-89.34,-15.56,-91.69,-8.06,-92.79,-2.61,-72.19,-1.01,-71.24,-8.21,-69.34,-15.96,-62.14,-16.21,-59.09,-7.36],"uvs":[0,0.60662,0.00566,0.48272,0.03223,0.38603,0.08359,0.25221,0.13613,0.16838,0.21152,0.09816,0.23281,0.08934,0.2416,0.0886,0.24785,0.20699,0.25449,0.23309,0.27129,0.23897,0.29551,0.23971,0.31855,0.24743,0.34707,0.27537,0.35469,0.31103,0.35645,0.33493,0.35684,0.35662,0.35313,0.38162,0.34551,0.4125,0.31445,0.46912,0.29688,0.47794,0.26211,0.47978,0.23301,0.51176,0.19902,0.55772,0.1832,0.60294,0.14531,0.54522,0.12246,0.48529,0.10254,0.49338,0.06875,0.52904,0.03633,0.56618,0.02463,0.55761,0.07913,0.41055,0.10413,0.35614,0.13831,0.3043,0.1678,0.27489,0.18518,0.27011,0.17581,0.31791,0.16467,0.38372,0.16038,0.43739,0.15667,0.47305,0.1553,0.51533,0.15953,0.56688,0.17346,0.52158,0.20198,0.40504,0.22405,0.34585,0.24846,0.31791,0.26174,0.31166,0.31272,0.34144,0.34788,0.326,0.10725,0.45614,0.12405,0.40725,0.14963,0.32452,0.17112,0.29217,0.151,0.38555,0.14182,0.4407,0.13752,0.48077,0.21799,0.49254,0.2217,0.4396,0.22913,0.38261,0.25725,0.38077,0.26917,0.44585],"triangles":[48,17,16,14,48,15,48,16,15,13,48,14,48,47,17,47,18,17,12,47,13,13,47,48,47,19,18,59,60,47,11,46,47,47,60,19,60,20,19,11,47,12,46,59,47,60,21,20,10,46,11,9,45,46,45,59,46,9,46,10,57,21,60,59,57,60,6,5,8,7,6,8,58,57,59,45,44,59,44,58,59,57,22,21,57,56,22,8,35,9,35,45,9,35,44,45,5,35,8,4,35,5,43,57,58,56,23,22,35,36,44,44,43,58,36,43,44,43,56,57,39,42,56,38,39,56,43,38,56,42,23,56,36,37,43,4,34,35,37,38,43,41,24,23,42,41,23,34,52,35,52,36,35,39,40,42,40,41,42,52,51,36,51,37,36,4,33,34,53,38,37,51,53,37,34,51,52,40,25,41,33,51,34,4,3,33,53,54,38,55,40,39,38,54,39,54,55,39,51,32,53,50,54,53,55,25,40,55,26,25,33,32,51,32,50,53,26,55,54,49,26,54,50,49,54,3,32,33,31,49,50,32,31,50,49,27,26,31,27,49,31,28,27,3,2,32,2,31,32,1,28,31,2,1,31,30,29,28,1,30,28,30,0,29,1,0,30],"type":"mesh","transform":{"y":-24.43,"skX":-178.28,"skY":-178.28,"x":-44.92},"name":"Right Wing","width":256,"height":136,"weights":[4,41,0.9327282874436289,38,0.038182442405973,36,0.015736031721449724,34,0.013353238428948453,4,41,0.7660043036871532,38,0.17724705747963368,36,0.03800487042568514,35,0.018743768407528064,4,38,0.4960980585001141,41,0.3878800352230539,36,0.08891342617153672,35,0.027108480105295263,4,36,0.45552344980652265,35,0.36167208701016756,38,0.1539922162529974,41,0.028812246930312372,4,35,0.6299409074307385,36,0.1577154953357945,28,0.14318986253880903,24,0.06915373469465812,4,28,0.46505808312402763,35,0.37935820682014526,24,0.09465320167454837,29,0.06093050838127884,4,28,0.4077387390043295,35,0.33744157174265027,24,0.14869771543131416,19,0.106121973821706,4,28,0.38296024951013125,35,0.3210274705819921,24,0.16918194596058442,19,0.1268303339472923,4,24,0.3011045373813798,28,0.2894953587752263,19,0.2579546895051704,29,0.15144541433822356,4,19,0.4506397677863744,24,0.28228018055332715,28,0.14493333411934756,29,0.12214671754095086,4,13,0.19280277552356953,19,0.609091290869353,24,0.13185735637541865,29,0.0662485772316587,4,13,0.4846110636073574,19,0.44483490546221605,24,0.04329806236659692,29,0.027255968563829787,4,13,0.6106549147268757,19,0.30185513125600244,24,0.05129734275582579,29,0.03619261126129625,4,13,0.7589765365360697,19,0.1573333845743513,24,0.04724929862444815,29,0.03644078026513103,4,13,0.7815828064576767,19,0.13344454361184038,24,0.04734118967672888,29,0.03763146025375395,4,13,0.7466161115847949,19,0.1484502597952891,24,0.058021482575936485,29,0.04691214604397951,4,13,0.6973084353848218,19,0.17035635972669688,24,0.0726676431304737,29,0.059667561758007526,4,13,0.6405267747310563,19,0.1937467333335372,24,0.0903595011999794,29,0.07536699073542698,4,13,0.5613897755899304,19,0.22218472290387126,24,0.11683434752567325,29,0.09959115398052516,4,13,0.3931310115551921,19,0.2530365640571854,34,0.1769236618441474,24,0.1769087625434751,4,13,0.3251440725870936,19,0.24390992118808982,34,0.23223645271141388,29,0.19870955351340253,4,13,0.18630704383897947,34,0.37499695359266294,29,0.2503465790864258,19,0.18834942348193182,4,34,0.6120869595835237,29,0.1859324865869919,24,0.10106817004834719,19,0.10091238378113716,4,34,0.9294536643117264,29,0.035322513835231446,24,0.017670376581113784,19,0.01755344527192833,4,34,0.9102105331360036,29,0.038079786062547596,41,0.026203556171965896,38,0.025506124629482808,4,34,0.8131502210712199,29,0.06292813886032583,41,0.062277409888247655,38,0.06164423018020657,4,34,0.4051380224026059,38,0.2187208976488913,41,0.20433940976788217,36,0.17180167018062056,4,38,0.3027899664987842,41,0.3025288385003443,34,0.21951810162024277,36,0.1751630933806288,4,41,0.5353275683468401,38,0.28780530923756753,36,0.09251090598401464,34,0.0843562164315777,4,41,0.8824348663326098,38,0.07304077279109307,36,0.023939170305195177,34,0.020585190571101832,4,41,0.9769094686352906,38,0.01501197594326314,36,0.004649071125922012,34,0.003429484295524197,4,38,0.5694263638284707,41,0.21537571769738764,36,0.1718796781361056,35,0.04331824033803606,4,36,0.4223223265556145,38,0.39114772504186557,35,0.1312223984583511,41,0.055307549944168866,4,35,0.4372937653767628,36,0.34554952591726307,38,0.10872068221026236,34,0.10843602649571174,4,35,0.43008589565765976,29,0.2329752144576823,34,0.1805017829240488,28,0.15643710696060908,4,29,0.32302724895801926,24,0.23303288058555485,28,0.23290856880338387,35,0.2110313016530419,4,29,0.4501666285666011,34,0.37762156807493674,35,0.09158978833591819,24,0.08062201502254392,4,34,0.6081629654693222,29,0.27713247629987525,35,0.05804499573652243,36,0.05665956249428014,4,34,0.7608717790764566,29,0.13664329573440084,36,0.05157237008934324,38,0.05091255509979937,4,34,0.8067925628597814,29,0.09351519861911818,38,0.050533805918818724,36,0.049158432602281504,4,34,0.869532881627845,29,0.05511618078054079,38,0.03866425978228025,41,0.03668667780933389,4,34,0.9356586432272117,29,0.02451828092032039,41,0.020089677029554463,38,0.019733398822913483,4,34,0.9916387469553448,29,0.00420659018350597,38,0.0021254501588331685,36,0.002029212702316107,4,34,0.7973038810652714,29,0.15684062220459308,24,0.02320002068695886,19,0.02265547604317685,4,29,0.5166683173199482,34,0.21510830813306794,24,0.13645518816986976,19,0.13176818637711424,4,13,0.08413584329546817,19,0.3735718079108375,24,0.3243300541079573,29,0.21796229468573705,4,13,0.147410988716801,19,0.492036599080691,24,0.2310341580659892,29,0.12951825413651877,4,13,0.723448597671137,19,0.18253159184412282,24,0.05353024798004931,29,0.04048956250469073,4,13,0.8220056358416479,19,0.10939879473366278,24,0.038252805405994,29,0.030342764018695335,4,38,0.31656817867416986,41,0.2681697441556379,36,0.2242359621373299,34,0.1910261150328624,4,38,0.2899335780814344,36,0.28513269866534147,34,0.24637997161585287,35,0.17855375163737133,4,35,0.267998998396536,34,0.26241326260653497,29,0.24200962367535359,36,0.22757811532157532,4,29,0.3343974919016252,34,0.26481101219112124,35,0.2543621034263217,24,0.1464293924809318,4,34,0.4640514104595446,29,0.278442562095586,36,0.13222790593808878,35,0.12527812150678083,4,34,0.5297824132953813,29,0.18519025487605248,38,0.1439805968653537,36,0.14104673496321243,4,34,0.5925079778359597,29,0.1409149710837552,38,0.14079140382069244,36,0.12578564725959274,4,34,0.7245068749331119,29,0.14593119663298149,24,0.06497876867734291,19,0.0645831597565637,4,34,0.5793356409603735,29,0.2442884463938147,24,0.08857223505801194,19,0.08780367758779992,4,29,0.37065489498709014,34,0.3434888307385529,24,0.14377066151266926,19,0.14208561276168774,4,19,0.27536223518274705,29,0.2640523939670241,24,0.24964600769144685,34,0.21093936315878195,4,13,0.233151175265129,34,0.2880079056451297,29,0.24784464581311696,19,0.2309962732766243]}],"name":"Right Wing"},{"display":[{"bonePose":[10,-0.12013683883464665,0.9927573419294455,-0.9927573419294455,-0.12013683883464665,11.282518933552092,-122.88353017937177,8,0.02478113830774885,0.9996929004370154,-0.9996929004370154,0.02478113830774885,-11.382643798526665,-125.23981928056205,11,-0.021989376092505047,0.9997582044369842,-0.9997582044369842,-0.021989376092505047,-10.33195719224252,-75.59060923996446,3,-0.24259923079540785,-0.9701265964901057,0.9701265964901057,-0.24259923079540785,0.8020441391188958,-163.88280027145086],"slotPose":[1,2.220446049250313e-16,-2.220446049250313e-16,1,19.439570184555983,-97.83732258443845],"edges":[0,1,1,2,2,3,3,4,4,5,5,6,6,7,7,8,8,9,9,10,10,11,11,12,12,13,13,14,14,15,15,16,16,17,17,18,18,19,19,20,20,21,21,22,22,23,23,24,24,25,25,26,26,27,27,0],"path":"body","userEdges":[],"vertices":[-39.75,75.95,-42.3,33.5,-39.75,23.8,-44.5,-16.9,-37.8,-33.45,-30.05,-40.6,-30.25,-51.35,-33.9,-60.4,-27.25,-68.15,-25.5,-76.35,-15.4,-77,-12.15,-72.25,0.55,-67.7,-1.6,-56.3,-6.15,-45.55,-0.55,-30.45,4.2,-14.5,4.2,1.2,-3.55,16.7,-7.45,28.15,-16.9,28.35,-20.55,19.1,-21,8.1,-24,18.45,-20.35,26,-23.6,36.95,-23.6,62.4,-27.45,77,-22.34,1.04,-21.89,-10.16,-21.24,-15.56],"uvs":[0.26198,0.99318,0.24671,0.71753,0.26198,0.65455,0.23353,0.39026,0.27365,0.28279,0.32006,0.23636,0.31886,0.16656,0.29701,0.10779,0.33683,0.05747,0.34731,0.00422,0.40778,0,0.42725,0.03084,0.50329,0.06039,0.49042,0.13442,0.46317,0.20422,0.49671,0.30227,0.52515,0.40584,0.52515,0.50779,0.47874,0.60844,0.45539,0.68279,0.3988,0.68409,0.37695,0.62403,0.37425,0.5526,0.35629,0.61981,0.37814,0.66883,0.35868,0.73994,0.35868,0.90519,0.33563,1,0.36623,0.50674,0.36892,0.43401,0.37282,0.39894],"triangles":[15,30,16,30,29,16,22,18,17,28,22,17,16,29,17,29,28,17,11,13,12,14,5,15,5,30,15,11,8,13,8,6,13,6,14,13,21,19,18,22,21,18,21,20,19,6,5,14,10,8,11,7,6,8,5,4,30,9,8,10,25,1,26,2,25,24,23,2,24,3,29,30,4,3,30,28,2,22,2,23,22,3,28,29,2,1,25,0,27,26,1,0,26,3,2,28],"type":"mesh","transform":{"y":9.83,"skX":97.54,"skY":97.54,"x":-41.34},"name":"body","width":167,"height":154,"weights":[4,10,0.02682392143883618,8,0.03555493348895665,11,0.9319638640846573,3,0.005657280987549891,4,10,0.08195349081074536,8,0.2717066622789502,11,0.6371651340423132,3,0.009174712867991224,4,10,0.06470299956168893,8,0.42045653294320773,11,0.5089348350924189,3,0.005905632402684342,4,10,0.11834656291818718,8,0.7510245352677077,11,0.08335064165721365,3,0.04727826015689149,4,10,0.07634700533804352,8,0.8500684426804854,3,0.050696024091836996,11,0.022888527889633983,4,10,0.16034285501709425,8,0.6616837596122132,3,0.14869516283553072,11,0.029278222535161817,4,10,0.15065023928997262,8,0.3097982782009254,3,0.5067334775748755,11,0.032818004934226534,4,10,0.09762684922685803,8,0.17000708520891314,3,0.7050977926082143,11,0.027268272956014587,4,10,0.02582946812062282,8,0.03431040427434793,3,0.9328405691652435,11,0.00701955843978568,4,10,0.012872878959507119,8,0.015574029177625284,3,0.9676767030516822,11,0.0038763888111854024,4,10,0.014644504722846646,8,0.014937094590776898,3,0.9664113556435563,11,0.004007045042820218,4,10,0.02558209572119125,8,0.024326720303428657,3,0.9438780959896691,11,0.006213087985711021,4,10,0.1419118615330261,8,0.10311914162249225,3,0.7251186873090842,11,0.02985030953539744,4,10,0.22741094124808434,8,0.13730724652708284,3,0.6019764764015443,11,0.03330533582328852,4,10,0.44020502381777254,8,0.19917687611645973,3,0.32436966622268754,11,0.03624843384308021,4,10,0.8527671212276333,8,0.08020888315688122,3,0.04657449262470045,11,0.02044950299078494,4,10,0.7794324322438707,8,0.11863528947579076,11,0.05701174867362109,3,0.04492052960671737,4,10,0.7152345713054485,8,0.14454417540697148,11,0.10649846453222017,3,0.03372278875535979,4,10,0.784163007845306,8,0.1052711606302819,11,0.10037393166079638,3,0.010191899863615638,4,10,0.5796708282513581,8,0.19215005178455852,11,0.21608018843420906,3,0.012098931529874438,4,10,0.35815542219072133,8,0.262605724887429,11,0.3721795004905744,3,0.007059352431275262,4,10,0.39446523968448355,8,0.3209137477701885,11,0.2809437976832564,3,0.003677214862071623,4,10,0.4437709779458313,8,0.42690178227174136,11,0.12312804611811769,3,0.006199193664309792,4,10,0.13141648028158714,8,0.5165773851304297,11,0.3496780073877382,3,0.0023281272002448564,4,10,0.24758225507166834,8,0.3095492883612176,11,0.4382004898759469,3,0.0046679666911671885,4,10,0.06212339556283534,8,0.10357087452647516,11,0.8310103848138951,3,0.0032953450967944642,4,10,0.020613024423471297,8,0.02530395529551936,11,0.9512192338397694,3,0.002863786441239862,4,10,0.017278333632012803,8,0.02077330773017359,11,0.9586092261484449,3,0.003339132489368685,4,10,0.3080956520028281,8,0.6106356815139472,11,0.07309023780693934,3,0.008178428676285196,4,10,0.3213787617996205,8,0.6236999660414058,11,0.040531211742488645,3,0.014390060416484957,4,10,0.36018891412254805,8,0.5863649013454901,11,0.033657635571478856,3,0.01978854896048313]}],"name":"body"}]}],"ik":[],"defaultActions":[{"gotoAndPlay":"Idle"}],"name":"Succubus","aabb":{"width":349.47816146726814,"y":-226.86101006531212,"height":226.1310100653121,"x":-155.81316848298377}}]}