{"SubTexture":[{"width":112,"y":1,"height":416,"name":"weapon","x":343},{"frameY":-1,"y":1,"frameWidth":286,"frameX":-1,"frameHeight":18,"width":284,"height":16,"name":"Shadow","x":457},{"width":340,"y":1,"height":152,"name":"cape","x":1},{"width":272,"y":155,"height":121,"name":"ChainB","x":1},{"width":62,"y":155,"height":81,"name":"Left Arm Joint","x":275},{"frameY":-1,"y":495,"frameWidth":21,"frameX":-1,"frameHeight":18,"width":19,"height":16,"name":"palm","x":1},{"frameY":-1,"y":1,"frameWidth":70,"frameX":-1,"frameHeight":58,"width":68,"height":56,"name":"Left Gauntlet","x":743},{"frameY":-1,"y":371,"frameWidth":22,"frameX":-1,"frameHeight":34,"width":20,"height":32,"name":"Left Grip","x":303},{"frameY":-1,"y":238,"frameWidth":17,"frameX":-1,"frameHeight":24,"width":15,"height":22,"name":"thumb","x":275},{"frameY":-1,"y":419,"frameWidth":77,"frameX":-1,"frameHeight":78,"width":75,"height":76,"name":"Left Shoulder","x":761},{"width":76,"y":419,"height":90,"name":"Torso","x":528},{"width":76,"y":419,"height":86,"name":"Left Leg Bottom","x":606},{"width":75,"y":419,"height":78,"name":"Left Leg Top","x":684},{"width":87,"y":383,"height":117,"name":"Right Leg Bottom","x":104},{"width":88,"y":419,"height":81,"name":"RightLegTop","x":438},{"frameY":-1,"y":419,"frameWidth":135,"frameX":-1,"frameHeight":63,"width":133,"height":61,"name":"Torso Lower","x":303},{"frameY":-1,"y":278,"frameWidth":134,"frameX":-1,"frameHeight":105,"width":132,"height":103,"name":"chest","x":1},{"width":31,"y":1,"height":106,"name":"chain Right A","x":988},{"frameY":-1,"y":1,"frameWidth":62,"frameX":-1,"frameHeight":65,"width":60,"height":63,"name":"Right Arm Mid","x":926},{"frameY":-1,"y":61,"frameWidth":52,"frameX":-1,"frameHeight":61,"width":50,"height":59,"name":"Right Hand","x":838},{"frameY":-1,"y":278,"frameWidth":94,"frameX":-1,"frameHeight":93,"width":92,"height":91,"name":"Right Gauntlet","x":247},{"width":108,"y":383,"height":91,"name":"chain right","x":193},{"frameY":-1,"y":383,"frameWidth":103,"frameX":-1,"frameHeight":112,"width":101,"height":110,"name":"Right Shoulder","x":1},{"frameY":-1,"y":1,"frameWidth":88,"frameX":-1,"frameHeight":60,"width":86,"height":58,"name":"scarf Back","x":838},{"width":54,"y":66,"height":50,"name":"Head","x":890},{"width":110,"y":278,"height":81,"name":"Scarf Front","x":135},{"frameY":-1,"y":371,"frameWidth":14,"frameX":-1,"frameHeight":38,"width":12,"height":36,"name":"hair strand Front","x":325}],"width":1024,"height":512,"name":"Regulus","imagePath":"Regulus_tex.png"}