{"width":1024,"SubTexture":[{"frameX":-1,"frameHeight":32,"y":980,"frameY":-1,"frameWidth":425,"width":423,"height":30,"name":"Layer 20","x":288},{"width":308,"y":494,"height":178,"name":"Folder 11 Copy 8","x":217},{"width":285,"y":800,"height":205,"name":"Folder 11 Copy 7","x":1},{"width":279,"y":1,"height":220,"name":"Folder 11 Copy 6","x":261},{"width":214,"y":494,"height":304,"name":"Folder 11 Copy 5","x":1},{"width":162,"y":674,"height":304,"name":"Folder 11","x":466},{"width":176,"y":674,"height":292,"name":"Folder 11 Copy","x":288},{"width":258,"y":1,"height":262,"name":"Folder 11 Copy 2","x":1},{"width":297,"y":265,"height":227,"name":"Folder 11 Copy 4","x":1},{"width":307,"y":223,"height":175,"name":"Folder 11 Copy 3","x":300},{"width":59,"y":407,"height":128,"name":"Folder 13 Copy 8","x":625},{"width":55,"y":264,"height":141,"name":"Folder 13 Copy 6","x":625},{"width":149,"y":1,"height":123,"name":"Folder 13 Copy 2","x":542},{"width":107,"y":126,"height":136,"name":"Folder 13 Copy 7","x":609},{"width":96,"y":400,"height":156,"name":"Folder 13 Copy 5","x":527},{"frameX":-1,"frameHeight":57,"y":126,"frameY":-1,"frameWidth":32,"width":30,"height":55,"name":"Folder 13 Copy 4","x":542},{"frameX":-1,"frameHeight":111,"y":1,"frameY":-1,"frameWidth":96,"width":94,"height":109,"name":"Folder 13 Copy 3","x":693}],"height":1024,"name":"Kitsune","imagePath":"Kitsune_tex.png"}