{"width":512,"imagePath":"Isis_tex.png","height":1024,"name":"Isis","SubTexture":[{"frameWidth":360,"y":709,"frameX":-1,"frameHeight":23,"frameY":-1,"width":358,"height":21,"name":"Shadow","x":116},{"width":167,"y":499,"height":111,"name":"tail","x":1},{"width":105,"y":565,"height":142,"name":"Left Leg Back","x":170},{"width":59,"y":1,"height":186,"name":"Left Leg Front","x":452},{"width":154,"y":462,"height":101,"name":"Body Lower","x":264},{"width":102,"y":313,"height":184,"name":"Right Leg Back","x":1},{"width":92,"y":313,"height":196,"name":"Right Leg Front","x":170},{"width":178,"y":1,"height":337,"name":"Left Wing","x":272},{"width":269,"y":1,"height":310,"name":"Right Wing","x":1},{"width":139,"y":340,"height":120,"name":"Back Hair","x":264},{"width":79,"y":511,"height":37,"name":"Left Arm","x":170},{"frameWidth":14,"y":340,"frameX":-1,"frameHeight":29,"frameY":-1,"width":12,"height":27,"name":"Neckl","x":405},{"width":64,"y":464,"height":93,"name":"Chest","x":420},{"frameWidth":31,"y":612,"frameX":-1,"frameHeight":54,"frameY":-1,"width":29,"height":52,"name":"Left Head Piece","x":116},{"width":113,"y":612,"height":101,"name":"Right Arm","x":1},{"width":68,"y":340,"height":122,"name":"Head","x":420}]}