{"width":1024,"imagePath":"ArcaneGolem_tex.png","height":1024,"name":"ArcaneGolem","SubTexture":[{"frameWidth":450,"y":850,"frameX":-1,"frameHeight":33,"frameY":-1,"width":448,"height":31,"name":"Layer 1 Copy 10","x":348},{"frameWidth":70,"y":850,"frameX":-1,"frameHeight":134,"frameY":-1,"width":68,"height":132,"name":"Layer 1 Copy 12","x":798},{"width":181,"y":736,"height":207,"name":"Layer 1 Copy 11","x":1},{"width":221,"y":406,"height":442,"name":"Layer 1 Copy","x":310},{"frameWidth":28,"y":762,"frameX":-1,"frameHeight":22,"frameY":-1,"width":26,"height":20,"name":"Layer 1 Copy 9","x":184},{"frameWidth":24,"y":736,"frameX":-1,"frameHeight":32,"frameY":-1,"width":22,"height":30,"name":"Layer 1 Copy 7","x":224},{"frameWidth":29,"y":736,"frameX":-1,"frameHeight":20,"frameY":-1,"width":27,"height":18,"name":"Layer 1 Copy 6","x":248},{"frameWidth":40,"y":736,"frameX":-1,"frameHeight":26,"frameY":-1,"width":38,"height":24,"name":"Layer 1 Copy 5","x":184},{"width":309,"y":1,"height":403,"name":"Layer 1 Copy 3","x":1},{"width":307,"y":406,"height":328,"name":"Layer 1 Copy 2","x":1},{"frameWidth":164,"y":850,"frameX":-1,"frameHeight":150,"frameY":-1,"width":162,"height":148,"name":"Layer 1 Copy 4","x":184}]}