{"width":512,"imagePath":"ColossalCrow_tex.png","height":1024,"name":"CrowCutUp","SubTexture":[{"frameY":-1,"y":525,"frameWidth":323,"frameX":-1,"frameHeight":20,"width":321,"height":18,"name":"Shadow","x":1},{"frameY":-1,"y":314,"frameWidth":198,"frameX":-1,"frameHeight":156,"width":196,"height":154,"name":"Tail","x":1},{"width":180,"y":1,"height":269,"name":"Left Wing","x":317},{"width":314,"y":1,"height":311,"name":"Right Wing","x":1},{"width":125,"y":436,"height":87,"name":"left leg","x":199},{"width":117,"y":272,"height":162,"name":"body","x":317},{"frameY":-1,"y":314,"frameWidth":62,"frameX":-1,"frameHeight":83,"width":60,"height":81,"name":"right Leg","x":199}]}