{"frameRate":30,"isGlobal":0,"name":"SpellcasterWitch","version":"5.0","armature":[{"bone":[{"transform":{},"name":"root"},{"transform":{"y":-176.5,"x":0.39},"name":"Mid","parent":"root"},{"transform":{"y":-14.97,"x":4.31},"name":"shadow","parent":"root"},{"length":11,"transform":{"y":-4.91,"skX":-119.74,"skY":-119.74,"x":3.93},"parent":"Mid","name":"Body Main"},{"length":87,"transform":{"y":10.08,"skX":171.71,"skY":171.71,"x":25.4},"parent":"Mid","name":"broom"},{"length":37,"transform":{"y":13.12,"skX":158.05,"skY":158.05,"x":-79.99},"parent":"broom","name":"bone21"},{"length":40,"transform":{"y":-35.2,"skX":-109.65,"skY":-109.65,"x":-4.2},"parent":"Body Main","name":"Left Leg"},{"length":30,"transform":{"y":4.69,"skX":-15.26,"skY":-15.26,"x":9.2},"parent":"Body Main","name":"Upper Body"},{"length":5,"transform":{"y":15.9,"skX":174.75,"skY":174.75,"x":32.76},"parent":"Body Main","name":"Left Arm Main"},{"length":41,"transform":{"y":-9.14,"skX":151.53,"skY":151.53,"x":-61.51},"parent":"Body Main","name":"back Part"},{"length":34,"transform":{"y":-12.06,"skX":-128.75,"skY":-128.75,"x":-15.16},"parent":"Body Main","name":"Right Leg"},{"length":9,"transform":{"y":-10.66,"skX":-119.79,"skY":-119.79,"x":29.84},"parent":"Body Main","name":"Spell Arm Main"},{"length":49,"transform":{"y":-2.64,"skX":-35.4,"skY":-35.4,"x":34.84},"parent":"Right Leg","name":"bone3"},{"length":24,"transform":{"y":-4.34,"skX":-9.2,"skY":-9.2,"x":6.64},"parent":"Left Arm Main","name":"bone11"},{"length":56,"transform":{"y":-4.21,"skX":-32.05,"skY":-32.05,"x":40.37},"parent":"Left Leg","name":"bone2"},{"length":30,"transform":{"y":3.47,"skX":4.6,"skY":4.6,"x":30.55},"parent":"Upper Body","name":"head"},{"length":51,"transform":{"y":-17.8,"skX":-72.92,"skY":-72.92,"x":54.82},"parent":"back Part","name":"bone4"},{"length":48,"transform":{"y":5.82,"skX":16.6,"skY":16.6,"x":0.35},"parent":"bone21","name":"bone22"},{"length":26,"transform":{"y":2.27,"skX":-2.46,"skY":-2.46,"x":8.74},"parent":"Spell Arm Main","name":"bone13"},{"length":34,"transform":{"y":1.48,"skX":95.22,"skY":95.22,"x":28.59},"parent":"bone13","name":"bone14"},{"length":12,"transform":{"y":7.75,"skX":-178.26,"skY":-178.26,"x":7.59},"parent":"head","name":"HAir Main"},{"length":13,"transform":{"y":4.36,"skX":50.89,"skY":50.89,"x":32.4},"parent":"head","name":"Hat Main"},{"length":30,"transform":{"y":10.44,"skX":14.07,"skY":14.07,"x":5.79},"parent":"bone22","name":"bone23"},{"length":34,"transform":{"y":-1.44,"skX":-5.38,"skY":-5.38,"x":28.1},"parent":"bone11","name":"bone12"},{"length":46,"transform":{"y":-5.25,"skX":-100.23,"skY":-100.23,"x":13.9},"parent":"bone14","name":"bone19"},{"length":51,"transform":{"y":-10.75,"skX":12.92,"skY":12.92,"x":9.49},"parent":"Hat Main","name":"bone"},{"length":56,"transform":{"y":-10.37,"skX":-125.06,"skY":-125.06,"x":2.07},"parent":"Hat Main","name":"bone6"},{"length":39,"transform":{"y":-0.69,"skX":14.63,"skY":14.63,"x":18.79},"parent":"HAir Main","name":"bone9"},{"length":6,"transform":{"y":-1.41,"skX":-8.39,"skY":-8.39,"x":44.17},"parent":"bone14","name":"bone16"},{"length":4,"transform":{"y":2.63,"skX":58.28,"skY":58.28,"x":42.66},"parent":"bone14","name":"bone15"},{"length":4,"transform":{"y":-5.75,"skX":-148.58,"skY":-148.58,"x":45.08},"parent":"bone14","name":"bone18"},{"length":58,"transform":{"y":-10.81,"skX":-40.22,"skY":-40.22,"x":15.57},"parent":"HAir Main","name":"bone10"},{"length":56,"transform":{"y":8.05,"skX":47.3,"skY":47.3,"x":26.22},"parent":"bone12","name":"bone20"},{"transform":{"y":-8.44,"skX":-50.89,"skY":-50.89,"x":-13.42},"name":"Back Hat","parent":"Hat Main"},{"length":37,"transform":{"y":12.19,"skX":61.57,"skY":61.57,"x":6.59},"parent":"HAir Main","name":"bone8"},{"length":56,"transform":{"y":15.9,"skX":72.51,"skY":72.51,"x":13.93},"parent":"Hat Main","name":"bone7"},{"length":6,"transform":{"y":0.16,"skX":23.87,"skY":23.87,"x":7.11},"parent":"bone16","name":"bone17"},{"length":42,"transform":{"y":2.31,"skX":98.24,"skY":98.24,"x":53.97},"parent":"bone","name":"bone5"}],"type":"Armature","frameRate":30,"slot":[{"color":{},"name":"shadow","parent":"shadow"},{"z":1,"color":{},"name":"back hair","parent":"HAir Main"},{"z":2,"color":{},"name":"Broom","parent":"broom"},{"z":3,"color":{},"name":"Spell Arm","parent":"Spell Arm Main"},{"z":4,"color":{},"name":"Body","parent":"Body Main"},{"z":5,"color":{},"displayIndex":-1,"name":"Hat Back","parent":"Back Hat"},{"z":6,"color":{},"name":"Head Default","parent":"head"},{"z":7,"color":{},"name":"Right Arm","parent":"Left Arm Main"},{"z":8,"color":{},"name":"Hat","parent":"Hat Main"}],"animation":[{"frame":[],"bone":[{"frame":[{"duration":10,"transform":{},"curve":[0.819,-0.01,0.618,0.43]},{"duration":5,"transform":{"y":-36.17,"x":47.2},"curve":[0,0,1,1]},{"duration":15,"transform":{"y":-23.29,"x":30.65},"curve":[0,0,1,1]},{"tweenEasing":null,"duration":0,"transform":{}}],"name":"Mid"},{"frame":[{"duration":30,"transform":{},"tweenEasing":null},{"tweenEasing":null,"duration":0,"transform":{}}],"name":"Spell Arm Main"},{"frame":[{"duration":30,"transform":{},"tweenEasing":null},{"tweenEasing":null,"duration":0,"transform":{}}],"name":"bone16"},{"frame":[{"duration":30,"transform":{},"tweenEasing":null},{"tweenEasing":null,"duration":0,"transform":{}}],"name":"bone15"},{"frame":[{"duration":30,"transform":{},"tweenEasing":null},{"tweenEasing":null,"duration":0,"transform":{}}],"name":"bone"},{"frame":[{"duration":10,"transform":{},"curve":[0.29,0,0.629,0.37]},{"duration":5,"transform":{"skX":-5.76,"skY":-5.76},"curve":[0.321,0.28,0.655,0.62]},{"duration":15,"transform":{"skX":-11.15,"skY":-11.15},"curve":[0.314,0.27,0.657,0.64]},{"tweenEasing":null,"duration":0,"transform":{}}],"name":"bone7"},{"frame":[{"duration":15,"transform":{},"curve":[0.25,0,0.625,0.5]},{"duration":15,"transform":{"skX":48.89,"skY":48.89},"curve":[0,0,1,1]},{"tweenEasing":null,"duration":0,"transform":{}}],"name":"bone6"},{"frame":[{"duration":10,"transform":{},"tweenEasing":null},{"duration":5,"transform":{},"curve":[0,0,1,1]},{"duration":15,"transform":{"skX":36.99,"skY":36.99},"curve":[0,0,1,1]},{"tweenEasing":null,"duration":0,"transform":{}}],"name":"bone2"},{"frame":[{"duration":30,"transform":{},"tweenEasing":null},{"tweenEasing":null,"duration":0,"transform":{}}],"name":"bone3"},{"frame":[{"duration":10,"transform":{},"curve":[0.29,0,0.629,0.38]},{"duration":5,"transform":{"skX":-16.46,"skY":-16.46},"curve":[0.311,0.25,0.649,0.6]},{"duration":15,"transform":{"skX":-13.17,"skY":-13.17},"curve":[0.351,0.4,0.757,1]},{"tweenEasing":null,"duration":0,"transform":{}}],"name":"back Part"},{"frame":[{"duration":30,"transform":{},"tweenEasing":null},{"tweenEasing":null,"duration":0,"transform":{}}],"name":"bone4"},{"frame":[{"duration":10,"transform":{},"curve":[0.302,0,0.638,0.36]},{"duration":5,"transform":{"skX":-345.6,"skY":-345.6},"curve":[0.322,0.28,0.656,0.61]},{"duration":15,"transform":{"skX":-8.29,"skY":-8.29},"curve":[0.311,0.25,0.649,0.6]},{"tweenEasing":null,"duration":0,"transform":{}}],"name":"bone8"},{"frame":[{"duration":10,"transform":{},"curve":[0.302,0,0.638,0.36]},{"duration":5,"transform":{"skX":-19.42,"skY":-19.42},"curve":[0.322,0.28,0.656,0.61]},{"duration":15,"transform":{"skX":2.75,"skY":2.75},"curve":[0.311,0.25,0.649,0.6]},{"tweenEasing":null,"duration":0,"transform":{}}],"name":"bone10"},{"frame":[{"duration":10,"transform":{},"curve":[0.25,0,0.75,1]},{"duration":5,"transform":{"scX":0.798,"scY":0.884},"curve":[0,0,1,1]},{"duration":15,"transform":{},"tweenEasing":null},{"tweenEasing":null,"duration":0,"transform":{}}],"name":"shadow"},{"frame":[{"duration":10,"transform":{},"curve":[0.243,0,0.649,0.6]},{"duration":5,"transform":{"skX":27.02,"skY":27.02},"curve":[0.191,0.285,0.8674999999999999,1]},{"duration":15,"transform":{"skX":-4.31,"skY":-4.31},"curve":[0,0,1,1]},{"tweenEasing":null,"duration":0,"transform":{}}],"name":"bone20"},{"frame":[{"duration":10,"transform":{},"curve":[0,0,1,1]},{"duration":5,"transform":{"y":0.02,"skX":131.44,"skY":131.44,"x":-25.49},"curve":[0,0,1,1]},{"duration":15,"transform":{"y":4.06,"skX":-350.96,"skY":-350.96,"x":7.08},"curve":[0,0,1,1]},{"tweenEasing":null,"duration":0,"transform":{}}],"name":"bone13"},{"frame":[{"duration":10,"transform":{},"curve":[0.25,0,0.75,1]},{"duration":5,"transform":{"skX":-23.92,"skY":-23.92},"curve":[0,0,1,1]},{"duration":15,"transform":{"skX":-28.72,"skY":-28.72},"curve":[0,0,1,1]},{"tweenEasing":null,"duration":0,"transform":{}}],"name":"Right Leg"},{"frame":[{"duration":10,"transform":{},"curve":[0.25,0,0.75,1]},{"duration":5,"transform":{"skX":-26.1,"skY":-26.1},"curve":[0,0,1,1]},{"duration":15,"transform":{"skX":-16.22,"skY":-16.22},"curve":[0,0,1,1]},{"tweenEasing":null,"duration":0,"transform":{}}],"name":"Left Leg"},{"frame":[{"duration":10,"transform":{},"curve":[0.125,0,0.875,1]},{"duration":5,"transform":{"y":-49.04,"skX":-241.2,"skY":-241.2,"x":-141.6},"curve":[0,0,1,1]},{"duration":15,"transform":{"y":41.07,"skX":-32.47,"skY":-32.47,"x":-173.48},"curve":[0,0,1,1]},{"tweenEasing":null,"duration":0,"transform":{}}],"name":"broom"},{"frame":[{"duration":10,"transform":{},"curve":[0,0,1,1]},{"duration":5,"transform":{"skX":-15.12,"skY":-15.12},"curve":[0,0,1,1]},{"duration":15,"transform":{"skX":-22.68,"skY":-22.68},"curve":[0,0,1,1]},{"tweenEasing":null,"duration":0,"transform":{}}],"name":"bone19"},{"frame":[{"duration":30,"transform":{},"tweenEasing":null},{"tweenEasing":null,"duration":0,"transform":{}}],"name":"Back Hat"},{"frame":[{"duration":10,"transform":{},"curve":[0,0,1,1]},{"duration":20,"transform":{"skX":34.81,"skY":34.81},"curve":[0,0,1,1]},{"tweenEasing":null,"duration":0,"transform":{}}],"name":"Upper Body"},{"frame":[{"duration":10,"transform":{},"curve":[0,0,1,1]},{"duration":20,"transform":{"skX":-30.6,"skY":-30.6},"curve":[0,0,1,1]},{"tweenEasing":null,"duration":0,"transform":{}}],"name":"head"},{"frame":[{"duration":10,"transform":{},"curve":[0,0,1,1]},{"tweenEasing":null,"duration":20,"transform":{"skX":-63.29,"skY":-63.29}}],"name":"bone14"},{"frame":[{"duration":10,"transform":{},"curve":[0,0,1,1]},{"duration":5,"transform":{"y":17.56,"skX":-403.6,"skY":-403.6,"x":-10.04},"curve":[0,0,1,1]},{"duration":15,"transform":{"y":17.56,"skX":-51.79,"skY":-51.79,"x":-10.04},"curve":[0,0,1,1]},{"tweenEasing":null,"duration":0,"transform":{}}],"name":"Left Arm Main"},{"frame":[{"duration":10,"transform":{},"tweenEasing":null},{"duration":5,"transform":{},"curve":[0,0,1,1]},{"duration":15,"transform":{"skX":-33.95,"skY":-33.95},"curve":[0,0,1,1]},{"tweenEasing":null,"duration":0,"transform":{}}],"name":"bone5"},{"frame":[{"duration":30,"transform":{},"tweenEasing":null}],"name":"root"},{"frame":[{"duration":30,"transform":{},"tweenEasing":null}],"name":"Body Main"},{"frame":[{"duration":30,"transform":{},"tweenEasing":null}],"name":"bone21"},{"frame":[{"duration":30,"transform":{},"tweenEasing":null}],"name":"bone11"},{"frame":[{"duration":30,"transform":{},"tweenEasing":null}],"name":"bone22"},{"frame":[{"duration":30,"transform":{},"tweenEasing":null}],"name":"HAir Main"},{"frame":[{"duration":30,"transform":{},"tweenEasing":null}],"name":"Hat Main"},{"frame":[{"duration":30,"transform":{},"tweenEasing":null}],"name":"bone23"},{"frame":[{"duration":30,"transform":{},"tweenEasing":null}],"name":"bone12"},{"frame":[{"duration":30,"transform":{},"tweenEasing":null}],"name":"bone9"},{"frame":[{"duration":30,"transform":{},"tweenEasing":null}],"name":"bone18"},{"frame":[{"duration":30,"transform":{},"tweenEasing":null}],"name":"bone17"}],"slot":[],"ffd":[],"name":"Attack","duration":30},{"frame":[],"bone":[{"frame":[{"duration":5,"transform":{},"curve":[0.29,0,0.629,0.38]},{"duration":15,"transform":{"y":10.98,"x":21.52},"curve":[0.311,0.25,0.757,1]},{"tweenEasing":null,"duration":0,"transform":{}}],"name":"Mid"},{"frame":[{"duration":20,"transform":{},"tweenEasing":null},{"tweenEasing":null,"duration":0,"transform":{}}],"name":"Spell Arm Main"},{"frame":[{"duration":20,"transform":{},"tweenEasing":null},{"tweenEasing":null,"duration":0,"transform":{}}],"name":"bone16"},{"frame":[{"duration":20,"transform":{},"tweenEasing":null},{"tweenEasing":null,"duration":0,"transform":{}}],"name":"bone15"},{"frame":[{"duration":5,"transform":{},"curve":[0.29,0,0.629,0.38]},{"duration":15,"transform":{"skX":7.6,"skY":7.6},"curve":[0.311,0.25,0.757,1]},{"tweenEasing":null,"duration":0,"transform":{}}],"name":"bone"},{"frame":[{"duration":5,"transform":{"skX":-0.13,"skY":-0.13},"curve":[0.29,0,0.629,0.38]},{"duration":15,"transform":{"skX":-15.96,"skY":-15.96},"curve":[0.311,0.25,0.757,1]},{"tweenEasing":null,"duration":0,"transform":{"skX":-0.13,"skY":-0.13}}],"name":"bone7"},{"frame":[{"duration":5,"transform":{},"curve":[0.29,0,0.629,0.38]},{"duration":15,"transform":{"skX":44.89,"skY":44.89},"curve":[0.25,0,0.477,1]},{"tweenEasing":null,"duration":0,"transform":{}}],"name":"bone6"},{"frame":[{"duration":5,"transform":{},"curve":[0.276,0,0.621,0.4]},{"duration":1,"transform":{"skX":-15.45,"skY":-15.45},"curve":[0.328,0.31,0.662,0.65]},{"duration":14,"transform":{"skX":-14.13,"skY":-14.13},"curve":[0.345,0.38,0.757,1]},{"tweenEasing":null,"duration":0,"transform":{}}],"name":"bone2"},{"frame":[{"duration":20,"transform":{},"tweenEasing":null},{"tweenEasing":null,"duration":0,"transform":{}}],"name":"bone3"},{"frame":[{"duration":20,"transform":{},"tweenEasing":null},{"tweenEasing":null,"duration":0,"transform":{}}],"name":"back Part"},{"frame":[{"duration":20,"transform":{},"tweenEasing":null},{"tweenEasing":null,"duration":0,"transform":{}}],"name":"bone4"},{"frame":[{"duration":20,"transform":{},"tweenEasing":null},{"tweenEasing":null,"duration":0,"transform":{}}],"name":"bone8"},{"frame":[{"duration":20,"transform":{},"tweenEasing":null},{"tweenEasing":null,"duration":0,"transform":{}}],"name":"bone10"},{"frame":[{"duration":20,"transform":{},"tweenEasing":null},{"tweenEasing":null,"duration":0,"transform":{}}],"name":"Back Hat"},{"frame":[{"duration":20,"transform":{},"tweenEasing":null},{"tweenEasing":null,"duration":0,"transform":{}}],"name":"shadow"},{"frame":[{"duration":5,"transform":{},"curve":[0.276,0,0.621,0.4]},{"duration":15,"transform":{"skX":20.97,"skY":20.97},"curve":[0.333,0.33,0.758,1]},{"tweenEasing":null,"duration":0,"transform":{}}],"name":"bone20"},{"frame":[{"duration":5,"transform":{},"curve":[0.25,0,0.75,1]},{"duration":15,"transform":{"skX":-24.88,"skY":-24.88},"curve":[0,0,1,1]},{"tweenEasing":null,"duration":0,"transform":{}}],"name":"bone13"},{"frame":[{"duration":5,"transform":{},"curve":[0.25,0,0.75,1]},{"duration":15,"transform":{"skX":-41.85,"skY":-41.85},"curve":[0,0,1,1]},{"tweenEasing":null,"duration":0,"transform":{}}],"name":"bone5"},{"frame":[{"duration":5,"transform":{},"curve":[0.25,0,0.005,1]},{"duration":15,"transform":{"skX":5.59,"skY":5.59},"curve":[0,0,1,1]},{"tweenEasing":null,"duration":0,"transform":{}}],"name":"broom"},{"frame":[{"duration":5,"transform":{"skX":0.18,"skY":0.18},"curve":[0,0,1,1]},{"duration":15,"transform":{"skX":18.5,"skY":18.5},"curve":[0,0,1,1]},{"tweenEasing":null,"duration":0,"transform":{"skX":0.18,"skY":0.18}}],"name":"Right Leg"},{"frame":[{"duration":20,"transform":{},"tweenEasing":null}],"name":"root"},{"frame":[{"duration":20,"transform":{},"tweenEasing":null}],"name":"Body Main"},{"frame":[{"duration":20,"transform":{},"tweenEasing":null}],"name":"Upper Body"},{"frame":[{"duration":20,"transform":{},"tweenEasing":null}],"name":"Left Leg"},{"frame":[{"duration":20,"transform":{},"tweenEasing":null}],"name":"bone21"},{"frame":[{"duration":20,"transform":{},"tweenEasing":null}],"name":"Left Arm Main"},{"frame":[{"duration":20,"transform":{},"tweenEasing":null}],"name":"head"},{"frame":[{"duration":20,"transform":{},"tweenEasing":null}],"name":"bone11"},{"frame":[{"duration":20,"transform":{},"tweenEasing":null}],"name":"bone22"},{"frame":[{"duration":20,"transform":{},"tweenEasing":null}],"name":"bone14"},{"frame":[{"duration":20,"transform":{},"tweenEasing":null}],"name":"HAir Main"},{"frame":[{"duration":20,"transform":{},"tweenEasing":null}],"name":"Hat Main"},{"frame":[{"duration":20,"transform":{},"tweenEasing":null}],"name":"bone23"},{"frame":[{"duration":20,"transform":{},"tweenEasing":null}],"name":"bone12"},{"frame":[{"duration":20,"transform":{},"tweenEasing":null}],"name":"bone9"},{"frame":[{"duration":20,"transform":{},"tweenEasing":null}],"name":"bone18"},{"frame":[{"duration":20,"transform":{},"tweenEasing":null}],"name":"bone19"},{"frame":[{"duration":20,"transform":{},"tweenEasing":null}],"name":"bone17"}],"slot":[],"ffd":[{"frame":[{"offset":0,"duration":5,"vertices":[],"curve":[0,0,1,1]},{"offset":46,"duration":15,"vertices":[-0.07,0.08,0,0,0,0,0.63,-0.15,1.26,-0.03,2.78,0.03,2.62,1.21,2.28,0.71,1.46,-0.15,1.94,-0.08,0.99,-0.08,0.92,0.15,0,0,0,0,3.13,1.51,3.07,1.43,0,0,0,0,0,0,0,0,0,0,0,0,0,0,0,0,0,0,0,0,0,0,0,0,0,0,0,0,0,0,0,0,0,0,0,0,0,0,0,0,0,0,0,0,0,0,0,0,0,0,0.34,0.65],"curve":[0,0,1,1]},{"tweenEasing":null,"offset":0,"duration":0,"vertices":[],"curve":[0,0,1,1]}],"offset":0,"scale":1,"skin":"","slot":"Head Default","name":"Head Default"}],"name":"Damage","duration":20},{"frame":[],"bone":[{"frame":[{"duration":30,"transform":{},"curve":[0.125,0,0.875,1]},{"duration":30,"transform":{"y":-25.97},"curve":[0.25,0,0.846,1]},{"tweenEasing":null,"duration":0,"transform":{}}],"name":"Mid"},{"frame":[{"duration":30,"transform":{},"curve":[0.25,0,0.75,1]},{"duration":30,"transform":{"skX":-4.8,"skY":-4.8},"curve":[0,0,1,1]},{"tweenEasing":null,"duration":0,"transform":{}}],"name":"Spell Arm Main"},{"frame":[{"duration":30,"transform":{},"curve":[0.25,0,0.75,1]},{"duration":30,"transform":{"skX":24,"skY":24},"curve":[0,0,1,1]},{"tweenEasing":null,"duration":0,"transform":{}}],"name":"bone16"},{"frame":[{"duration":30,"transform":{},"curve":[0.25,0,0.75,1]},{"duration":30,"transform":{"skX":12,"skY":12},"curve":[0,0,1,1]},{"tweenEasing":null,"duration":0,"transform":{}}],"name":"bone15"},{"frame":[{"duration":30,"transform":{},"curve":[0.25,0,0.75,1]},{"duration":30,"transform":{"skX":7.2,"skY":7.2},"curve":[0,0,1,1]},{"tweenEasing":null,"duration":0,"transform":{}}],"name":"bone"},{"frame":[{"duration":30,"transform":{},"curve":[0.25,0,0.75,1]},{"duration":30,"transform":{"skX":5.44,"skY":5.44},"curve":[0,0,1,1]},{"tweenEasing":null,"duration":0,"transform":{}}],"name":"bone7"},{"frame":[{"duration":30,"transform":{},"curve":[0.25,0,0.75,1]},{"duration":30,"transform":{"skX":6,"skY":6},"curve":[0,0,1,1]},{"tweenEasing":null,"duration":0,"transform":{}}],"name":"bone6"},{"frame":[{"duration":30,"transform":{},"curve":[0.25,0,0.75,1]},{"duration":30,"transform":{"skX":-9.78,"skY":-9.78},"curve":[0,0,1,1]},{"tweenEasing":null,"duration":0,"transform":{}}],"name":"bone2"},{"frame":[{"duration":30,"transform":{},"curve":[0.25,0,0.75,1]},{"duration":30,"transform":{"skX":9.06,"skY":9.06},"curve":[0,0,1,1]},{"tweenEasing":null,"duration":0,"transform":{}}],"name":"bone3"},{"frame":[{"duration":30,"transform":{},"curve":[0.25,0,0.75,1]},{"duration":30,"transform":{"skX":-6.6,"skY":-6.6},"curve":[0,0,1,1]},{"tweenEasing":null,"duration":0,"transform":{}}],"name":"back Part"},{"frame":[{"duration":30,"transform":{},"curve":[0.25,0,0.75,1]},{"duration":30,"transform":{"skX":-18.37,"skY":-18.37},"curve":[0,0,1,1]},{"tweenEasing":null,"duration":0,"transform":{}}],"name":"bone4"},{"frame":[{"duration":30,"transform":{},"curve":[0.25,0,0.75,1]},{"duration":30,"transform":{"skX":-355.2,"skY":-355.2},"curve":[0,0,1,1]},{"tweenEasing":null,"duration":0,"transform":{}}],"name":"bone8"},{"frame":[{"duration":30,"transform":{},"curve":[0.25,0,0.75,1]},{"duration":30,"transform":{"skX":-364.8,"skY":-364.8},"curve":[0,0,1,1]},{"tweenEasing":null,"duration":0,"transform":{}}],"name":"bone10"},{"frame":[{"duration":30,"transform":{},"curve":[0.25,0,0.75,1]},{"duration":30,"transform":{"skX":4.8,"skY":4.8},"curve":[0,0,1,1]},{"tweenEasing":null,"duration":0,"transform":{}}],"name":"Back Hat"},{"frame":[{"duration":30,"transform":{},"curve":[0.25,0,0.75,1]},{"duration":30,"transform":{"scX":0.818,"scY":0.894},"curve":[0,0,1,1]},{"tweenEasing":null,"duration":0,"transform":{}}],"name":"shadow"},{"frame":[{"duration":30,"transform":{},"curve":[0.25,0,0.75,1]},{"duration":30,"transform":{"skX":-9.37,"skY":-9.37},"curve":[0.25,0,0.38,1]},{"tweenEasing":null,"duration":0,"transform":{}}],"name":"bone20"},{"frame":[{"duration":60,"transform":{},"tweenEasing":null}],"name":"root"},{"frame":[{"duration":60,"transform":{},"tweenEasing":null}],"name":"Body Main"},{"frame":[{"duration":60,"transform":{},"tweenEasing":null}],"name":"broom"},{"frame":[{"duration":60,"transform":{},"tweenEasing":null}],"name":"Upper Body"},{"frame":[{"duration":60,"transform":{},"tweenEasing":null}],"name":"Left Leg"},{"frame":[{"duration":60,"transform":{},"tweenEasing":null}],"name":"bone21"},{"frame":[{"duration":60,"transform":{},"tweenEasing":null}],"name":"Left Arm Main"},{"frame":[{"duration":60,"transform":{},"tweenEasing":null}],"name":"Right Leg"},{"frame":[{"duration":60,"transform":{},"tweenEasing":null}],"name":"head"},{"frame":[{"duration":60,"transform":{},"tweenEasing":null}],"name":"bone11"},{"frame":[{"duration":60,"transform":{},"tweenEasing":null}],"name":"bone22"},{"frame":[{"duration":60,"transform":{},"tweenEasing":null}],"name":"bone13"},{"frame":[{"duration":60,"transform":{},"tweenEasing":null}],"name":"bone14"},{"frame":[{"duration":60,"transform":{},"tweenEasing":null}],"name":"HAir Main"},{"frame":[{"duration":60,"transform":{},"tweenEasing":null}],"name":"Hat Main"},{"frame":[{"duration":60,"transform":{},"tweenEasing":null}],"name":"bone23"},{"frame":[{"duration":60,"transform":{},"tweenEasing":null}],"name":"bone12"},{"frame":[{"duration":60,"transform":{},"tweenEasing":null}],"name":"bone9"},{"frame":[{"duration":60,"transform":{},"tweenEasing":null}],"name":"bone18"},{"frame":[{"duration":60,"transform":{},"tweenEasing":null}],"name":"bone19"},{"frame":[{"duration":60,"transform":{},"tweenEasing":null}],"name":"bone17"},{"frame":[{"duration":60,"transform":{},"tweenEasing":null}],"name":"bone5"}],"slot":[],"ffd":[{"frame":[{"offset":0,"duration":30,"vertices":[],"tweenEasing":null},{"offset":54,"duration":5,"vertices":[0.54,-0.2,-0.08,-0.65],"curve":[0,0,1,1]},{"offset":44,"duration":5,"vertices":[-0.45,-0.3,-0.39,0.22,-0.69,0.44,0,0,0,0,0,0,0,0,0,0,0,0,0,0,0,0,0,0,0,0,0,0,0,0,-1.06,-0.79,-0.89,-1.23,0,0,0,0,0,0,0,0,0,0,0,0,0,0,0,0,0,0,0,0,-0.74,-0.24,-0.75,0.36],"curve":[0,0,1,1]},{"offset":0,"duration":5,"vertices":[],"curve":[0,0,1,1]},{"offset":74,"duration":5,"vertices":[-1.06,-0.79,-0.89,-1.23],"curve":[0,0,1,1]},{"offset":0,"duration":5,"vertices":[],"curve":[0,0,1,1]},{"offset":74,"duration":5,"vertices":[-1.06,-0.79,-0.89,-1.23],"curve":[0,0,1,1]},{"tweenEasing":null,"offset":0,"duration":0,"vertices":[],"curve":[0,0,1,1]}],"offset":0,"scale":1,"skin":"","slot":"Head Default","name":"Head Default"}],"name":"Idle","duration":60},{"frame":[],"bone":[{"frame":[{"duration":60,"transform":{},"curve":[0.125,0,0.875,1]},{"duration":60,"transform":{"y":-25.97},"curve":[0.25,0,0.846,1]},{"tweenEasing":null,"duration":0,"transform":{}}],"name":"Mid"},{"frame":[{"duration":60,"transform":{},"curve":[0.25,0,0.75,1]},{"duration":60,"transform":{"skX":-4.8,"skY":-4.8},"curve":[0,0,1,1]},{"tweenEasing":null,"duration":0,"transform":{}}],"name":"Spell Arm Main"},{"frame":[{"duration":60,"transform":{},"curve":[0.25,0,0.75,1]},{"duration":60,"transform":{"skX":24,"skY":24},"curve":[0,0,1,1]},{"tweenEasing":null,"duration":0,"transform":{}}],"name":"bone16"},{"frame":[{"duration":60,"transform":{},"curve":[0.25,0,0.75,1]},{"duration":60,"transform":{"skX":12,"skY":12},"curve":[0,0,1,1]},{"tweenEasing":null,"duration":0,"transform":{}}],"name":"bone15"},{"frame":[{"duration":60,"transform":{},"curve":[0.25,0,0.75,1]},{"duration":60,"transform":{"skX":7.2,"skY":7.2},"curve":[0,0,1,1]},{"tweenEasing":null,"duration":0,"transform":{}}],"name":"bone"},{"frame":[{"duration":60,"transform":{},"curve":[0.25,0,0.75,1]},{"duration":60,"transform":{"skX":5.44,"skY":5.44},"curve":[0,0,1,1]},{"tweenEasing":null,"duration":0,"transform":{}}],"name":"bone7"},{"frame":[{"duration":60,"transform":{},"curve":[0.25,0,0.75,1]},{"duration":60,"transform":{"skX":6,"skY":6},"curve":[0,0,1,1]},{"tweenEasing":null,"duration":0,"transform":{}}],"name":"bone6"},{"frame":[{"duration":60,"transform":{},"curve":[0.25,0,0.75,1]},{"duration":60,"transform":{"skX":-9.78,"skY":-9.78},"curve":[0,0,1,1]},{"tweenEasing":null,"duration":0,"transform":{}}],"name":"bone2"},{"frame":[{"duration":60,"transform":{},"curve":[0.25,0,0.75,1]},{"duration":60,"transform":{"skX":9.06,"skY":9.06},"curve":[0,0,1,1]},{"tweenEasing":null,"duration":0,"transform":{}}],"name":"bone3"},{"frame":[{"duration":60,"transform":{},"curve":[0.25,0,0.75,1]},{"duration":60,"transform":{"skX":-6.6,"skY":-6.6},"curve":[0,0,1,1]},{"tweenEasing":null,"duration":0,"transform":{}}],"name":"back Part"},{"frame":[{"duration":60,"transform":{},"curve":[0.25,0,0.75,1]},{"duration":60,"transform":{"skX":-18.37,"skY":-18.37},"curve":[0,0,1,1]},{"tweenEasing":null,"duration":0,"transform":{}}],"name":"bone4"},{"frame":[{"duration":60,"transform":{},"curve":[0.25,0,0.75,1]},{"duration":60,"transform":{"skX":-355.2,"skY":-355.2},"curve":[0,0,1,1]},{"tweenEasing":null,"duration":0,"transform":{}}],"name":"bone8"},{"frame":[{"duration":60,"transform":{},"curve":[0.25,0,0.75,1]},{"duration":60,"transform":{"skX":-364.8,"skY":-364.8},"curve":[0,0,1,1]},{"tweenEasing":null,"duration":0,"transform":{}}],"name":"bone10"},{"frame":[{"duration":60,"transform":{},"curve":[0.25,0,0.75,1]},{"duration":60,"transform":{"skX":4.8,"skY":4.8},"curve":[0,0,1,1]},{"tweenEasing":null,"duration":0,"transform":{}}],"name":"Back Hat"},{"frame":[{"duration":60,"transform":{},"curve":[0.25,0,0.75,1]},{"duration":60,"transform":{"scX":0.818,"scY":0.894},"curve":[0,0,1,1]},{"tweenEasing":null,"duration":0,"transform":{}}],"name":"shadow"},{"frame":[{"duration":60,"transform":{},"curve":[0.25,0,0.75,1]},{"duration":60,"transform":{"skX":-9.37,"skY":-9.37},"curve":[0.25,0,0.38,1]},{"tweenEasing":null,"duration":0,"transform":{}}],"name":"bone20"},{"frame":[{"duration":120,"transform":{"skX":-8.4,"skY":-8.4},"tweenEasing":null},{"tweenEasing":null,"duration":0,"transform":{"skX":-8.4,"skY":-8.4}}],"name":"head"},{"frame":[{"tweenEasing":null,"duration":120,"transform":{"skX":-15.15,"skY":-15.15}}],"name":"bone13"},{"frame":[{"duration":120,"transform":{},"tweenEasing":null}],"name":"root"},{"frame":[{"duration":120,"transform":{},"tweenEasing":null}],"name":"Body Main"},{"frame":[{"duration":120,"transform":{},"tweenEasing":null}],"name":"broom"},{"frame":[{"duration":120,"transform":{},"tweenEasing":null}],"name":"Upper Body"},{"frame":[{"duration":120,"transform":{},"tweenEasing":null}],"name":"Left Leg"},{"frame":[{"duration":120,"transform":{},"tweenEasing":null}],"name":"bone21"},{"frame":[{"duration":120,"transform":{},"tweenEasing":null}],"name":"Left Arm Main"},{"frame":[{"duration":120,"transform":{},"tweenEasing":null}],"name":"Right Leg"},{"frame":[{"duration":120,"transform":{},"tweenEasing":null}],"name":"bone11"},{"frame":[{"duration":120,"transform":{},"tweenEasing":null}],"name":"bone22"},{"frame":[{"duration":120,"transform":{},"tweenEasing":null}],"name":"bone14"},{"frame":[{"duration":120,"transform":{},"tweenEasing":null}],"name":"HAir Main"},{"frame":[{"duration":120,"transform":{},"tweenEasing":null}],"name":"Hat Main"},{"frame":[{"duration":120,"transform":{},"tweenEasing":null}],"name":"bone23"},{"frame":[{"duration":120,"transform":{},"tweenEasing":null}],"name":"bone12"},{"frame":[{"duration":120,"transform":{},"tweenEasing":null}],"name":"bone9"},{"frame":[{"duration":120,"transform":{},"tweenEasing":null}],"name":"bone18"},{"frame":[{"duration":120,"transform":{},"tweenEasing":null}],"name":"bone19"},{"frame":[{"duration":120,"transform":{},"tweenEasing":null}],"name":"bone17"},{"frame":[{"duration":120,"transform":{},"tweenEasing":null}],"name":"bone5"}],"slot":[],"ffd":[{"frame":[{"offset":54,"duration":60,"vertices":[0.49,0.56,1.02,0.68,1.18,0.77,1.2,0.09],"curve":[0,0,1,1]},{"offset":54,"duration":60,"vertices":[0.85,0.82,1.66,1.2,1.5,1.05,1.61,0.11],"curve":[0,0,1,1]},{"tweenEasing":null,"offset":54,"duration":0,"vertices":[0.49,0.56,1.02,0.68,1.18,0.77,1.2,0.09],"curve":[0,0,1,1]}],"offset":0,"scale":1,"skin":"","slot":"Head Default","name":"Head Default"}],"name":"Idle Weak","duration":120},{"frame":[],"bone":[{"frame":[{"duration":10,"transform":{},"curve":[0.265,0,0.618,0.43]},{"duration":5,"transform":{"y":-34.75,"x":91.88},"curve":[0.325,0.31,0.663,0.65]},{"duration":15,"transform":{"y":-1.24,"x":15.8},"curve":[0.375,0.5,0.75,1]},{"duration":30,"transform":{"y":-25.97},"curve":[0.25,0,0.846,1]},{"tweenEasing":null,"duration":0,"transform":{}}],"name":"Mid"},{"frame":[{"duration":30,"transform":{},"curve":[0.25,0,0.75,1]},{"duration":30,"transform":{"skX":-4.8,"skY":-4.8},"curve":[0,0,1,1]},{"tweenEasing":null,"duration":0,"transform":{}}],"name":"Spell Arm Main"},{"frame":[{"duration":30,"transform":{},"curve":[0.25,0,0.75,1]},{"duration":30,"transform":{"skX":24,"skY":24},"curve":[0,0,1,1]},{"tweenEasing":null,"duration":0,"transform":{}}],"name":"bone16"},{"frame":[{"duration":30,"transform":{},"curve":[0.25,0,0.75,1]},{"duration":30,"transform":{"skX":12,"skY":12},"curve":[0,0,1,1]},{"tweenEasing":null,"duration":0,"transform":{}}],"name":"bone15"},{"frame":[{"duration":30,"transform":{},"curve":[0.25,0,0.75,1]},{"duration":30,"transform":{"skX":7.2,"skY":7.2},"curve":[0,0,1,1]},{"tweenEasing":null,"duration":0,"transform":{}}],"name":"bone"},{"frame":[{"duration":15,"transform":{},"curve":[0.25,0,0.625,0.5]},{"duration":15,"transform":{"skX":26.69,"skY":26.69},"curve":[0.375,0.5,0.75,1]},{"duration":30,"transform":{"skX":5.44,"skY":5.44},"curve":[0.25,0,0.75,1]},{"tweenEasing":null,"duration":0,"transform":{}}],"name":"bone7"},{"frame":[{"duration":15,"transform":{},"curve":[0.25,0,0.625,0.5]},{"duration":15,"transform":{"skX":37.32,"skY":37.32},"curve":[0.375,0.5,0.75,1]},{"duration":30,"transform":{"skX":6,"skY":6},"curve":[0.25,0,0.75,1]},{"tweenEasing":null,"duration":0,"transform":{}}],"name":"bone6"},{"frame":[{"duration":30,"transform":{},"curve":[0.25,0,0.75,1]},{"duration":30,"transform":{"skX":-9.78,"skY":-9.78},"curve":[0,0,1,1]},{"tweenEasing":null,"duration":0,"transform":{}}],"name":"bone2"},{"frame":[{"duration":30,"transform":{},"curve":[0.25,0,0.75,1]},{"duration":30,"transform":{"skX":9.06,"skY":9.06},"curve":[0,0,1,1]},{"tweenEasing":null,"duration":0,"transform":{}}],"name":"bone3"},{"frame":[{"duration":30,"transform":{},"curve":[0.25,0,0.75,1]},{"duration":30,"transform":{"skX":-6.6,"skY":-6.6},"curve":[0,0,1,1]},{"tweenEasing":null,"duration":0,"transform":{}}],"name":"back Part"},{"frame":[{"duration":30,"transform":{},"curve":[0.25,0,0.75,1]},{"duration":30,"transform":{"skX":-18.37,"skY":-18.37},"curve":[0,0,1,1]},{"tweenEasing":null,"duration":0,"transform":{}}],"name":"bone4"},{"frame":[{"duration":10,"transform":{},"curve":[0.265,0,0.618,0.43]},{"duration":5,"transform":{"skX":-15.66,"skY":-15.66},"curve":[0.325,0.31,0.663,0.65]},{"duration":15,"transform":{"skX":-27.74,"skY":-27.74},"curve":[0.375,0.5,0.75,1]},{"duration":30,"transform":{"skX":-355.2,"skY":-355.2},"curve":[0,0,1,1]},{"tweenEasing":null,"duration":0,"transform":{}}],"name":"bone8"},{"frame":[{"duration":10,"transform":{},"curve":[0.265,0,0.618,0.43]},{"duration":5,"transform":{"skX":-16.23,"skY":-16.23},"curve":[0.325,0.31,0.663,0.65]},{"duration":15,"transform":{"skX":-28.75,"skY":-28.75},"curve":[0.375,0.5,0.75,1]},{"duration":30,"transform":{"skX":-364.8,"skY":-364.8},"curve":[0,0,1,1]},{"tweenEasing":null,"duration":0,"transform":{}}],"name":"bone10"},{"frame":[{"duration":30,"transform":{},"curve":[0.25,0,0.75,1]},{"duration":30,"transform":{"scX":0.818,"scY":0.894},"curve":[0,0,1,1]},{"tweenEasing":null,"duration":0,"transform":{}}],"name":"shadow"},{"frame":[{"duration":30,"transform":{},"curve":[0.25,0,0.75,1]},{"duration":30,"transform":{"skX":-9.37,"skY":-9.37},"curve":[0.25,0,0.38,1]},{"tweenEasing":null,"duration":0,"transform":{}}],"name":"bone20"},{"frame":[{"duration":10,"transform":{},"curve":[0,0,1,1]},{"duration":5,"transform":{"skX":-292.8,"skY":-292.8},"curve":[0.25,0,0.75,1]},{"duration":35,"transform":{"y":5.67,"skX":37,"skY":37,"x":-10.64},"tweenEasing":null},{"duration":10,"transform":{"y":5.67,"skX":37,"skY":37,"x":-10.64},"curve":[0,0,1,1]},{"tweenEasing":null,"duration":0,"transform":{}}],"name":"bone13"},{"frame":[{"duration":10,"transform":{},"curve":[0.25,0,0.75,1]},{"duration":50,"transform":{"skX":24.87,"skY":24.87},"curve":[0.25,0,0.75,1]},{"tweenEasing":null,"duration":0,"transform":{}}],"name":"Right Leg"},{"frame":[{"duration":10,"transform":{},"curve":[0.25,0,0.75,1]},{"duration":50,"transform":{"skX":-8.36,"skY":-8.36},"curve":[0.25,0,0.75,1]},{"tweenEasing":null,"duration":0,"transform":{}}],"name":"Left Leg"},{"frame":[{"duration":10,"transform":{},"curve":[0.25,0,0.75,1]},{"duration":5,"transform":{"skX":-356.4,"skY":-356.4},"curve":[0.25,0,0.75,1]},{"duration":45,"transform":{"skX":-368.4,"skY":-368.4},"curve":[0.25,0,0.75,1]},{"tweenEasing":null,"duration":0,"transform":{}}],"name":"broom"},{"frame":[{"duration":15,"transform":{},"curve":[0,0,1,1]},{"duration":45,"transform":{"skX":-16.58,"skY":-16.58},"curve":[0,0,1,1]},{"tweenEasing":null,"duration":0,"transform":{}}],"name":"bone19"},{"frame":[{"duration":10,"transform":{},"curve":[0,0,1,1]},{"duration":5,"transform":{},"curve":[0.25,0,0.75,1]},{"duration":35,"transform":{"skX":-70.52,"skY":-70.52},"tweenEasing":null},{"duration":10,"transform":{"skX":-70.52,"skY":-70.52},"curve":[0,0,1,1]},{"tweenEasing":null,"duration":0,"transform":{}}],"name":"bone14"},{"frame":[{"duration":10,"transform":{},"curve":[0,0,1,1]},{"duration":5,"transform":{},"curve":[0,0,1,1]},{"duration":45,"transform":{"skX":23.63,"skY":23.63},"curve":[0,0,1,1]},{"tweenEasing":null,"duration":0,"transform":{}}],"name":"bone5"},{"frame":[{"duration":10,"transform":{},"curve":[0,0,1,1]},{"duration":5,"transform":{"y":-7.36,"skX":15.6,"skY":15.6,"x":6.8},"curve":[0,0,1,1]},{"duration":45,"transform":{"y":-6.98,"skX":28.44,"skY":28.44,"x":8.09},"curve":[0,0,1,1]},{"tweenEasing":null,"duration":0,"transform":{}}],"name":"Back Hat"},{"frame":[{"duration":60,"transform":{},"tweenEasing":null}],"name":"root"},{"frame":[{"duration":60,"transform":{},"tweenEasing":null}],"name":"Body Main"},{"frame":[{"duration":60,"transform":{},"tweenEasing":null}],"name":"Upper Body"},{"frame":[{"duration":60,"transform":{},"tweenEasing":null}],"name":"bone21"},{"frame":[{"duration":60,"transform":{},"tweenEasing":null}],"name":"Left Arm Main"},{"frame":[{"duration":60,"transform":{},"tweenEasing":null}],"name":"head"},{"frame":[{"duration":60,"transform":{},"tweenEasing":null}],"name":"bone11"},{"frame":[{"duration":60,"transform":{},"tweenEasing":null}],"name":"bone22"},{"frame":[{"duration":60,"transform":{},"tweenEasing":null}],"name":"HAir Main"},{"frame":[{"duration":60,"transform":{},"tweenEasing":null}],"name":"Hat Main"},{"frame":[{"duration":60,"transform":{},"tweenEasing":null}],"name":"bone23"},{"frame":[{"duration":60,"transform":{},"tweenEasing":null}],"name":"bone12"},{"frame":[{"duration":60,"transform":{},"tweenEasing":null}],"name":"bone9"},{"frame":[{"duration":60,"transform":{},"tweenEasing":null}],"name":"bone18"},{"frame":[{"duration":60,"transform":{},"tweenEasing":null}],"name":"bone17"}],"slot":[],"ffd":[{"frame":[{"offset":0,"duration":15,"vertices":[],"tweenEasing":null},{"tweenEasing":null,"offset":70,"duration":45,"vertices":[-0.27,0.82],"curve":[0,0,1,1]}],"offset":0,"scale":1,"skin":"","slot":"Head Default","name":"Head Default"}],"name":"Skill","duration":60}],"skin":[{"name":"","slot":[{"display":[{"bonePose":[14,-0.14884502488495216,0.9888605354482491,-0.9888605354482491,-0.14884502488495216,-47.241223998345376,-126.914200219167,6,-0.6509067251956091,0.7591577142433106,-0.7591577142433106,-0.6509067251956091,-24.160173479162975,-160.30171445624296,7,-0.7071067811865475,-0.7071067811865477,0.7071067811865477,-0.7071067811865475,3.8284608657045265,-191.7247704424023,10,-0.3666636096411368,0.93035358728009,-0.93035358728009,-0.3666636096411368,1.3688228842442562,-162.26424972398732,9,0.8499846511782299,0.5268074532136224,-0.5268074532136224,0.8499846511782299,26.896827486810334,-123.46773079494724,12,0.2400586168321725,0.9707583944960888,-0.9707583944960888,0.2400586168321725,-8.949603805233513,-128.88273881369636,16,0.7532190881467201,-0.6577697205340359,0.6577697205340359,0.7532190881467201,82.87015873160337,-109.71787300074894],"slotPose":[1,0,0,1,0,0],"edges":[0,58,58,57,57,56,56,55,55,54,54,53,53,52,52,51,51,50,50,49,49,48,48,47,47,46,46,45,45,44,44,43,43,42,42,41,41,40,40,39,39,38,38,37,37,36,36,35,35,34,34,33,33,32,32,31,31,30,30,29,29,28,28,27,27,26,26,25,25,24,24,23,23,22,22,21,21,20,20,19,19,18,18,17,17,16,16,15,15,14,14,13,13,12,12,11,11,10,10,9,9,8,8,7,7,6,6,5,5,4,4,3,3,2,2,1,1,0],"path":"Body","userEdges":[],"vertices":[-110.85,-72.17,-93.64,-73.69,-77.76,-86.79,-67.93,-102.92,-64.66,-117.78,-73.98,-127.36,-67.17,-137.7,-41.72,-158.85,-35.17,-164.91,-33.41,-171.96,-27.36,-174.48,-21.06,-178.26,-21.31,-182.79,-26.1,-187.58,-40.21,-198.92,-37.44,-210.76,-34.16,-219.84,-26.85,-226.39,-11.98,-230.19,13.47,-230.2,11.45,-211.27,16.74,-195.9,22.79,-192.62,22.03,-186.82,31.36,-180.02,30.35,-166.16,25.81,-151.54,28.58,-144.23,40.92,-138.18,55.69,-134.4,74.33,-138.18,88.95,-142.97,110.62,-151.53,130.53,-162.37,142.16,-168.66,142.16,-153.05,123.22,-128.85,93.73,-101.39,98.27,-97.36,103.81,-90.3,101.29,-81.98,93.22,-81.23,82.64,-64.09,69.54,-48.98,42.82,-56.79,37.53,-54.52,26.69,-55.28,9.55,-45.2,-4.56,-45.2,-14.18,-47.66,-29.25,-51.51,-39.69,-45.19,-54.55,-57.98,-57.07,-60.14,-63.12,-58.65,-79.5,-54.6,-93.11,-52.84,-99.92,-54.1,-110.85,-62.92,-63.68,-65.5,-60.14,-74.16,-56.23,-84.4,-51.72,-96.12,-48.54,-104.89,-48.66,-100.87,-50.01,-87.94,-51.23,-75.37,-52.34,-63.78,-31.96,-54.52,-27.69,-70.62,-21.59,-91.85,-18.3,-100.38,-14.39,-111.12,-10.49,-97.95,-8.66,-90.75,-13.3,-68.91,-13.78,-53.42,26.24,-61.7,20.99,-85.86,18.07,-95.24,16.49,-113.3,41.67,-114.15,60.09,-91.82,73.52,-74.98,-31.15,-115.36,-29.44,-126.46,-23.71,-137.32,-16.99,-148.92,-11.01,-157.58,-3.94,-165.38,6.19,-169.04,10.7,-169.41,3.74,-157.33,0.33,-147.57,-4.19,-136.1,-10.78,-118.42,-60.92,-131.11,-46.52,-134.64,-31.75,-140.61,-24.67,-147.94,-22.48,-152.82,-25.78,-160.38,-19.8,-158.3,-19.19,-165.26,-19.8,-168.31,-15.89,-163.55,-14.92,-159.04,-11.38,-162.94,4.24,-172.76,2.16,-174.83,-6.99,-172.39,-0.77,-176.54,2.41,-182.15,3.99,-184.96,1.67,-186.17,-3.69,-186.91,-9.66,-186.06,-14.79,-179.59,-12.35,-195.57,-4.79,-197.04,0.58,-198.38,1.8,-202.89,-5.4,-206.43,-18.7,-205.09,-26.51,-201.67],"uvs":[0,0.85419,0.06799,0.84602,0.13074,0.77519,0.16958,0.68801,0.18253,0.60764,0.14568,0.55588,0.17257,0.50003,0.27317,0.38561,0.29907,0.35292,0.30604,0.31478,0.32995,0.30116,0.35485,0.28072,0.35385,0.2562,0.33493,0.23032,0.27915,0.16903,0.2901,0.105,0.30305,0.05597,0.33194,0.02055,0.39071,0,0.49131,0,0.48334,0.10228,0.50425,0.18537,0.52816,0.20308,0.52517,0.23441,0.56203,0.27119,0.55804,0.34611,0.54011,0.42511,0.55107,0.46461,0.59988,0.49731,0.65821,0.51774,0.73192,0.49731,0.78969,0.47143,0.87535,0.42511,0.95404,0.36654,1,0.33249,1,0.41694,0.92515,0.54771,0.82455,0.67575,0.82654,0.71798,0.84846,0.75612,0.8385,0.80107,0.80662,0.80516,0.76479,0.89778,0.71299,0.97951,0.60542,0.91821,0.5865,0.94954,0.54367,0.94546,0.47593,1,0.42016,1,0.3821,0.9867,0.32254,0.96589,0.28127,1,0.22251,0.93092,0.21254,0.9192,0.18864,0.92728,0.12389,0.94916,0.07011,0.9587,0.04322,0.95189,0,0.90421,0.18644,0.89029,0.20042,0.84346,0.21585,0.78807,0.23369,0.72476,0.24623,0.67728,0.24575,0.69904,0.24045,0.76895,0.23562,0.83687,0.23128,0.89952,0.31181,0.94964,0.32869,0.86259,0.3528,0.74784,0.36582,0.70168,0.38125,0.64365,0.39646,0.71272,0.40374,0.75207,0.38558,0.87166,0.38366,0.95553,0.54115,0.90401,0.52073,0.77642,0.50928,0.72667,0.50318,0.63072,0.60396,0.62439,0.67588,0.74615,0.72878,0.83812,0.31499,0.62071,0.32175,0.5607,0.34441,0.50201,0.37093,0.43936,0.39456,0.39254,0.42253,0.35033,0.46255,0.33055,0.48039,0.32857,0.45291,0.39385,0.43941,0.44661,0.42154,0.50834,0.39551,0.60412,0.19733,0.53564,0.25424,0.51651,0.31258,0.4842,0.34055,0.44463,0.34923,0.41825,0.33621,0.37737,0.35984,0.38858,0.36225,0.35099,0.35984,0.3345,0.37527,0.36022,0.37913,0.38462,0.39311,0.36352,0.45484,0.31047,0.44664,0.29926,0.41047,0.31245,0.43507,0.29002,0.4476,0.25969,0.45387,0.24452,0.44471,0.23793,0.42349,0.23397,0.39986,0.23859,0.37961,0.27354,0.38926,0.18715,0.41915,0.17924,0.44037,0.17198,0.44519,0.14758,0.41674,0.12846,0.36418,0.13571,0.33332,0.15418],"triangles":[33,32,35,32,36,35,33,35,34,32,31,36,31,37,36,31,30,37,41,40,39,38,41,39,30,82,37,37,82,38,82,41,38,29,82,30,82,83,41,83,42,41,29,81,82,83,43,42,44,43,83,82,44,83,78,44,82,81,78,82,28,81,29,27,80,28,79,78,81,28,80,81,80,79,81,77,45,44,78,77,44,77,46,45,94,80,27,91,25,24,23,91,24,93,94,27,91,26,25,26,93,27,91,92,26,78,75,77,47,46,77,75,47,77,92,93,26,74,75,78,22,21,23,21,113,23,113,91,23,113,108,91,79,74,78,113,112,108,75,48,47,20,121,21,94,95,80,80,73,79,73,74,79,75,76,48,120,113,21,121,120,21,95,73,80,72,73,95,120,114,113,112,109,108,90,92,91,18,122,20,18,20,19,108,90,91,122,121,20,89,92,90,108,89,90,119,115,120,120,115,114,112,111,109,109,89,108,88,93,92,89,88,92,110,89,109,114,112,113,114,115,112,115,111,112,111,110,109,119,120,121,122,119,121,115,116,111,87,94,93,88,87,93,18,123,122,116,110,111,70,75,74,116,117,110,118,116,119,119,116,115,86,95,94,87,86,94,76,49,48,118,119,122,110,107,89,107,88,89,123,118,122,17,123,18,70,69,75,72,71,73,86,85,95,117,104,110,105,107,110,104,105,110,73,70,74,118,12,116,12,117,116,69,76,75,13,12,118,71,70,73,84,72,95,85,84,95,107,106,88,106,87,88,11,104,117,69,68,76,68,50,76,105,106,107,123,124,118,124,13,118,17,16,123,102,100,87,104,103,105,102,87,106,99,86,87,50,49,76,84,71,72,105,102,106,12,11,117,16,124,123,103,102,105,16,15,124,11,10,104,100,99,87,101,102,103,84,70,71,84,64,70,101,103,104,10,101,104,65,69,70,101,100,102,10,9,101,99,98,86,9,8,101,64,65,70,63,64,84,101,99,100,124,14,13,101,7,99,98,85,86,65,66,69,7,98,99,8,7,101,67,68,69,15,14,124,98,97,85,66,67,69,68,51,50,97,84,85,97,63,84,7,97,98,52,51,68,67,52,68,62,65,64,4,63,97,96,4,97,6,97,7,61,66,65,6,96,97,60,67,66,3,62,63,4,3,63,63,62,64,62,61,65,60,59,67,53,52,67,61,60,66,3,61,62,59,53,67,3,2,61,2,60,61,59,54,53,2,59,60,5,4,96,6,5,96,2,1,59,1,55,59,55,54,59,1,56,55,58,57,1,0,58,1,57,56,1],"type":"mesh","transform":{},"name":"Body","width":253,"height":185,"weights":[1,14,1,1,14,1,1,14,1,2,6,0.03841,14,0.96159,2,6,0.50313,14,0.49687,2,6,0.95394,14,0.04606,1,6,1,1,6,1,2,7,0.0102,6,0.9898,3,10,0.00071,7,0.051,6,0.9483,3,10,0.02382,7,0.12637,6,0.8498,3,10,0.08919,7,0.38593,6,0.52488,3,10,0.06429,7,0.64303,6,0.29268,3,10,0.01624,7,0.85011,6,0.13366,2,7,0.97403,6,0.02597,2,7,0.99147,6,0.00853,2,7,0.99913,6,0.00087,1,7,1,1,7,1,1,7,1,1,7,1,3,10,0.09939,7,0.8999,9,0.00071,3,10,0.21153,7,0.78539,9,0.00308,3,10,0.33825,7,0.6528,9,0.00895,3,10,0.5557,7,0.41631,9,0.02799,4,10,0.69238,12,0.00044,7,0.22836,9,0.07882,4,10,0.62697,12,0.02659,7,0.04074,9,0.3057,5,10,0.35148,12,0.03236,7,0.00601,9,0.60952,16,0.00064,3,10,0.05723,9,0.91198,16,0.03078,3,10,0.00123,9,0.76196,16,0.2368,2,9,0.23876,16,0.76124,2,9,0.03347,16,0.96653,1,16,1,1,16,1,1,16,1,1,16,1,1,16,1,2,9,0.06462,16,0.93538,2,9,0.1338,16,0.8662,3,12,0.0001,9,0.17524,16,0.82466,3,12,0.00208,9,0.21157,16,0.78635,3,12,0.01202,9,0.32344,16,0.66453,3,12,0.08207,9,0.67292,16,0.24501,3,12,0.15232,9,0.74608,16,0.1016,3,12,0.40431,9,0.5834,16,0.01229,3,12,0.50039,9,0.49556,16,0.00405,4,12,0.69262,14,0.00228,9,0.30503,16,0.00007,3,12,0.88585,14,0.04978,9,0.06437,3,12,0.85052,14,0.13593,9,0.01355,3,12,0.75097,14,0.24777,9,0.00126,2,12,0.43997,14,0.56003,2,12,0.26925,14,0.73075,2,12,0.07546,14,0.92454,2,12,0.0347,14,0.9653,2,12,0.003,14,0.997,1,14,1,1,14,1,1,14,1,1,14,1,2,12,0.00043,14,0.99957,1,14,1,1,14,1,2,12,0.0004,14,0.9996,3,10,0.00604,12,0.00936,14,0.9846,3,10,0.00547,12,0.01315,14,0.98139,3,10,0.0015,12,0.01865,14,0.97985,3,10,0.00012,12,0.02628,14,0.9736,2,12,0.06053,14,0.93947,2,12,0.38561,14,0.61439,3,10,0.00213,12,0.465,14,0.53287,3,10,0.04277,12,0.57578,14,0.38145,3,10,0.08758,12,0.62834,14,0.28408,3,10,0.17695,12,0.66637,14,0.15667,3,10,0.03002,12,0.85627,14,0.11371,3,10,0.01084,12,0.88883,14,0.10034,3,10,0.00053,12,0.75491,14,0.24455,3,12,0.74198,14,0.25721,9,0.00082,4,12,0.67754,14,0.00093,9,0.3215,16,0.00003,2,12,0.65952,9,0.34048,2,12,0.64124,9,0.35876,2,12,0.46021,9,0.53979,2,12,0.00069,9,0.99931,3,12,0.05292,9,0.90571,16,0.04137,3,12,0.07545,9,0.68459,16,0.23996,3,10,0.25946,12,0.11762,14,0.62291,4,10,0.41401,12,0.01632,6,0.1375,14,0.43217,3,10,0.54628,6,0.35645,14,0.09727,3,10,0.54845,6,0.44828,14,0.00328,3,10,0.61966,7,0.01163,6,0.36871,3,10,0.76113,7,0.08546,6,0.1534,5,10,0.77916,12,0.00002,7,0.19902,6,0.01079,9,0.01102,5,10,0.74247,12,0.00002,7,0.2318,6,0.00111,9,0.0246,3,10,0.96627,12,0.0065,9,0.02722,3,10,0.92393,12,0.03799,9,0.03808,3,10,0.59484,12,0.37269,9,0.03247,3,10,0.18353,12,0.76661,14,0.04986,2,6,0.98282,14,0.01718,1,6,1,3,10,0.19401,6,0.7241,14,0.08189,3,10,0.26094,6,0.72637,14,0.01269,3,10,0.20492,6,0.79311,14,0.00197,1,6,1,3,10,0.17563,7,0.00625,6,0.81812,3,10,0.13582,7,0.06883,6,0.79535,3,10,0.11343,7,0.11639,6,0.77017,3,10,0.28004,7,0.05835,6,0.66161,3,10,0.39709,7,0.01769,6,0.58523,3,10,0.4998,7,0.05693,6,0.44327,4,10,0.64416,7,0.31814,6,0.03365,9,0.00405,4,10,0.54837,7,0.3943,6,0.05602,9,0.00132,3,10,0.46097,7,0.28727,6,0.25176,3,10,0.44675,7,0.45653,6,0.09672,4,10,0.27522,7,0.68234,6,0.04202,9,0.00043,4,10,0.19018,7,0.78619,6,0.02327,9,0.00036,3,10,0.13979,7,0.8293,6,0.03091,3,10,0.10948,7,0.82079,6,0.06973,3,10,0.10094,7,0.75396,6,0.14511,3,10,0.14739,7,0.507,6,0.34562,3,10,0.01005,7,0.9389,6,0.05105,3,10,0.00335,7,0.98754,6,0.00911,1,7,1,1,7,1,1,7,1,2,7,0.98728,6,0.01272,2,7,0.96944,6,0.03056]}],"name":"Body"},{"display":[{"bonePose":[24,-0.3907311284892736,0.9205048534524404,-0.9205048534524404,-0.3907311284892736,-55.36422650671311,-174.32933957277433,19,-0.8364774953368375,-0.5480012771837408,0.5480012771837408,-0.8364774953368375,-40.86018261631643,-171.10362867043872,18,-0.46962565906082704,0.8828656411661312,-0.8828656411661312,-0.46962565906082704,-26.126943874841505,-195.6497113759684,29,0.0263514210254146,-0.9996527410105678,0.9996527410105678,0.0263514210254146,-75.10306920839268,-196.681298967833,28,-0.9074844245411168,-0.42008572841180614,0.42008572841180614,-0.9074844245411168,-78.58007538617362,-194.1294118152196,36,-0.6598705375823843,-0.7513793140822649,0.7513793140822649,-0.6598705375823843,-84.96507592811507,-197.26141885215412,30,0.4281466614213232,0.9037092653689984,-0.9037092653689984,0.4281466614213232,-81.71959544990757,-190.99778064769492],"slotPose":[1,0,0,1,0,0],"edges":[29,30,30,31,31,32,32,33,33,34,34,35,35,36,36,37,37,0,0,1,1,2,2,3,3,4,4,5,5,6,6,7,7,8,8,9,9,10,10,11,11,12,12,13,13,14,14,15,15,16,16,17,17,18,18,19,19,20,20,21,21,22,22,23,23,24,24,25,25,26,26,27,27,28,28,29],"path":"Spell Arm","userEdges":[],"vertices":[-79.4,-113.25,-69.88,-122.62,-63.44,-134.52,-57.28,-142.23,-57.98,-144.88,-47.62,-157.2,-39.36,-162.24,-32.08,-163.36,-32.63,-173.03,-23.11,-181.98,-19.61,-183.38,-20.88,-186.19,-18.5,-186.18,-16.53,-188.56,-9.86,-200.18,-9.86,-208.86,-15.69,-212.24,-17.94,-210.96,-24.1,-212.24,-37.53,-192.9,-41.6,-185.2,-46.22,-187.16,-70.3,-197.94,-71.7,-201.58,-74.49,-205.37,-77.29,-203.12,-78.41,-200.88,-78.56,-198.23,-86.12,-202.85,-91.87,-205.79,-91.87,-200.18,-87.38,-193.04,-84.58,-191.23,-86.12,-186.74,-80.8,-183.52,-77.72,-182.68,-75.48,-182.13,-81.22,-119.68,-68.86,-136.77,-62.7,-150.57,-58.49,-158.06,-52.64,-167.49,-51,-176.31,-41.02,-173.81,-41.64,-177.09,-37.11,-180.36,-34.3,-183.41,-32.82,-185.74,-31.49,-187.54,-30.33,-190.35,-28.23,-193.15,-88.18,-199.42,-85.7,-197.59,-79.73,-194.93,-77.08,-195.16,-75.19,-197.05,-73.96,-198.7,-79.86,-191.8,-78.8,-190.8,-78.68,-188.32,-74.33,-186.94,-70.84,-188.76,-70.97,-192.54,-70.69,-180.64,-72.23,-164.95,-74.33,-147.59],"uvs":[0.15199,1,0.26809,0.90524,0.34663,0.78503,0.42175,0.70726,0.41321,0.68039,0.53955,0.55595,0.64028,0.50504,0.72906,0.49372,0.72223,0.39615,0.83833,0.30564,0.88101,0.2915,0.86565,0.26322,0.89467,0.26322,0.91857,0.23918,1,0.12181,1,0.03413,0.92882,0,0.9015,0.01292,0.82638,0,0.66248,0.19534,0.61297,0.27312,0.55663,0.25332,0.26297,0.14443,0.24589,0.10766,0.21175,0.06948,0.1776,0.09211,0.16394,0.11473,0.16224,0.1416,0.07004,0.09494,0,0.06524,0,0.12181,0.05468,0.19393,0.08882,0.21231,0.07004,0.25756,0.13492,0.29009,0.17248,0.29857,0.1998,0.30423,0.1298,0.93493,0.2805,0.76239,0.35564,0.62293,0.40701,0.5473,0.47835,0.45197,0.49833,0.36294,0.62008,0.38817,0.61247,0.35508,0.66764,0.32199,0.70188,0.29127,0.71996,0.26763,0.73613,0.24951,0.7504,0.22115,0.77608,0.19278,0.04496,0.12961,0.07518,0.14809,0.14785,0.17491,0.18023,0.17252,0.20325,0.15345,0.21836,0.13677,0.14641,0.20649,0.15936,0.21662,0.1608,0.24165,0.2138,0.25561,0.25648,0.23721,0.25477,0.19903,0.25818,0.31923,0.2394,0.47762,0.21379,0.65297],"triangles":[50,13,14,17,50,14,17,14,15,16,17,15,18,50,17,50,11,13,11,12,13,11,9,10,50,49,11,48,9,11,49,48,11,47,46,9,46,8,9,48,47,9,19,50,18,46,45,8,19,49,50,8,6,7,19,48,49,43,6,8,19,47,48,45,43,8,20,46,47,19,20,47,44,43,45,20,45,46,20,44,45,43,41,6,41,5,6,42,41,43,42,43,44,20,21,44,21,42,44,40,4,5,61,42,21,62,61,21,22,62,21,61,63,42,41,40,5,40,39,4,63,41,42,64,40,41,63,64,41,4,38,3,38,2,3,39,38,4,64,39,40,38,1,2,65,38,39,64,65,39,36,64,63,60,36,63,37,0,1,60,63,61,37,1,38,65,37,38,55,62,22,56,55,22,23,56,22,62,60,61,58,60,62,54,58,62,55,54,62,25,56,23,24,25,23,27,55,56,26,27,56,25,26,56,58,59,60,35,36,60,59,35,60,27,54,55,53,57,54,57,58,54,27,53,54,59,34,35,58,57,59,57,32,59,33,34,59,32,33,59,52,53,27,32,57,53,52,32,53,28,51,52,52,31,32,51,31,52,30,51,28,29,30,28,30,31,51,36,65,64,36,37,65,28,52,27],"type":"mesh","transform":{},"name":"Spell Arm","width":82,"height":99,"weights":[1,24,1,1,24,1,1,24,1,2,19,0.00135,24,0.99865,2,19,0.00642,24,0.99358,2,19,0.37701,24,0.62299,3,18,0.20337,19,0.66902,24,0.12761,3,18,0.62121,19,0.37393,24,0.00486,2,18,0.99151,19,0.00849,1,18,1,1,18,1,1,18,1,1,18,1,1,18,1,1,18,1,1,18,1,1,18,1,1,18,1,1,18,1,2,18,0.98431,19,0.01569,2,18,0.60875,19,0.39125,2,18,0.1842,19,0.8158,2,19,0.29103,29,0.70897,2,19,0.02621,29,0.97379,1,29,1,3,29,0.98696,28,0.0103,36,0.00274,3,29,0.88821,28,0.0874,36,0.02439,3,29,0.4745,28,0.39896,36,0.12654,1,36,1,1,36,1,2,28,0.00348,36,0.99652,2,28,0.7751,30,0.2249,2,28,0.31012,30,0.68988,1,30,1,3,19,0.0173,30,0.97748,24,0.00523,4,19,0.19556,28,0.00167,30,0.7541,24,0.04866,4,19,0.39928,28,0.00267,30,0.46055,24,0.13751,1,24,1,1,24,1,2,19,0.00344,24,0.99656,2,19,0.04023,24,0.95977,2,19,0.27048,24,0.72952,2,19,0.88402,24,0.11598,2,18,0.37284,19,0.62716,2,18,0.4619,19,0.5381,2,18,0.90314,19,0.09686,2,18,0.98279,19,0.01721,2,18,0.99325,19,0.00675,2,18,0.99848,19,0.00152,2,18,0.99966,19,0.00034,1,18,1,3,28,0.02136,36,0.97668,30,0.00197,2,36,0.99557,30,0.00443,3,29,0.01758,28,0.97548,36,0.00693,4,19,0.0195,29,0.38034,28,0.59071,36,0.00945,3,29,0.98974,28,0.00886,36,0.0014,2,19,0.02874,29,0.97126,3,19,0.01279,28,0.42601,30,0.5612,5,19,0.05012,29,0.00988,28,0.3263,30,0.61363,24,0.00007,5,19,0.06302,29,0.0041,28,0.07953,30,0.85168,24,0.00167,5,19,0.46331,29,0.01136,28,0.06406,30,0.43203,24,0.02923,5,19,0.86812,29,0.00624,28,0.02661,30,0.08964,24,0.00939,4,19,0.67335,29,0.26175,28,0.04643,30,0.01847,3,19,0.56421,30,0.19303,24,0.24275,3,19,0.06154,30,0.04023,24,0.89823,2,30,0.00071,24,0.99929]}],"name":"Spell Arm"},{"display":[{"bonePose":[26,-0.9094539485141238,0.4158046603058573,-0.4158046603058573,-0.9094539485141238,-42.81857930921007,-247.20359330867268,25,0.3973080629844952,-0.9176852963230416,0.9176852963230416,0.3973080629844952,-41.84131402498387,-254.5687648996301,37,0.8512693459228685,0.5247289783231451,-0.5247289783231451,0.8512693459228685,-18.278744831204445,-303.1784587166905,35,0.992546151641322,-0.12186934340514728,0.12186934340514728,0.992546151641322,-14.828359734079152,-254.08255457734964,33,-0.6481199010631308,-0.7615383075367368,0.7615383075367368,-0.6481199010631308,-43.741005983233734,-231.62109899514732],"slotPose":[1,0,0,1,0,0],"edges":[0,30,30,29,29,28,28,27,27,26,26,25,25,24,24,23,23,22,22,21,21,20,20,19,19,18,18,17,17,16,16,15,15,14,14,13,13,12,12,11,11,10,10,9,9,8,8,7,7,6,6,5,5,4,4,3,3,2,2,1,1,0],"path":"Hat","userEdges":[],"vertices":[-102.86,-223.47,-81.54,-249.07,-73.91,-253.21,-75.67,-257.98,-65.65,-262.59,-52.77,-291.21,-37.19,-306.64,-27.17,-313.24,-2.37,-307.43,1.6,-300.91,26.89,-278.65,30.06,-271.34,-3.8,-279.93,-4.27,-274.05,2.09,-269.28,1.62,-265.3,29.11,-266.26,48.14,-264.67,48.15,-253.69,42.14,-244.31,34.66,-236.84,21.16,-232.86,10.81,-231.91,-6.83,-233.66,-28.14,-233.81,-38.63,-231.23,-53.89,-223.6,-65.66,-220.26,-81.25,-215.24,-97.77,-215.24,-102.85,-215.24,-69.17,-252.6,-29.46,-252.5,-17.77,-254.4,-5.32,-256.5,-0.1,-258.87,-24.24,-260.87,-23.1,-263.52,-22.53,-266.37,-19.2,-274.44,-16.73,-282.14,-15.03,-287.65,-13.79,-291.83,-6.19,-291.42,-89.66,-219.69,-65.5,-226.42,-35.8,-236.52,-17.19,-237.7,2.22,-237.51],"uvs":[0,0.91592,0.14115,0.65471,0.19169,0.61253,0.18011,0.56385,0.24644,0.5168,0.33173,0.22476,0.43493,0.06738,0.57392,0,0.66553,0.05927,0.69185,0.12579,0.85928,0.35293,0.88034,0.42757,0.65605,0.33995,0.65289,0.39999,0.69501,0.44866,0.69185,0.48922,0.87388,0.47948,1,0.49571,1,0.60766,0.96022,0.70338,0.91073,0.77964,0.82123,0.8202,0.75279,0.82993,0.6359,0.81209,0.49481,0.81046,0.42531,0.8368,0.32423,0.91468,0.24631,0.94875,0.14312,1,0.03366,1,0,1,0.2231,0.61883,0.48608,0.61979,0.56346,0.60041,0.64588,0.57908,0.68048,0.55485,0.52068,0.53449,0.52823,0.50735,0.532,0.47826,0.55402,0.39587,0.57038,0.31735,0.5817,0.26112,0.59355,0.21847,0.64174,0.22267,0.08742,0.95463,0.24739,0.88594,0.44408,0.7829,0.56734,0.77078,0.69584,0.7728],"triangles":[17,16,18,16,19,18,16,20,19,35,21,16,16,21,20,48,22,21,35,48,21,15,35,16,9,12,10,43,12,9,35,34,48,48,23,22,47,23,34,14,13,15,34,23,48,8,43,9,34,35,15,13,34,15,33,47,34,42,43,8,47,24,23,38,34,13,39,38,13,43,41,12,7,42,8,38,37,33,38,33,34,40,13,12,41,40,12,40,39,13,42,41,43,32,47,33,37,36,33,6,41,42,7,6,42,6,40,41,32,24,47,6,5,40,5,39,40,36,32,33,5,38,39,32,46,24,4,36,38,5,4,38,38,36,37,4,32,36,46,25,24,31,46,32,4,31,32,31,26,25,31,25,46,31,45,26,45,27,26,2,1,31,44,28,45,1,44,45,31,1,45,45,28,27,3,31,4,3,2,31,0,44,1,44,29,28,0,29,44,0,30,29,10,12,11],"type":"mesh","transform":{},"name":"Hat","width":151,"height":98,"weights":[1,26,1,2,25,0.0333,26,0.9667,2,25,0.14972,26,0.85028,2,25,0.216,26,0.784,2,25,0.47218,26,0.52782,2,25,0.99974,26,0.00026,1,25,1,2,25,0.85597,37,0.14403,1,37,1,1,37,1,1,37,1,1,37,1,3,25,0.15362,37,0.67221,35,0.17418,3,25,0.19416,37,0.27076,35,0.53509,3,25,0.07822,37,0.09337,35,0.82841,3,25,0.03849,37,0.04611,35,0.91541,1,35,1,1,35,1,1,35,1,1,35,1,1,35,1,1,35,1,3,26,0.00008,35,0.99799,33,0.00192,3,26,0.02914,35,0.92768,33,0.04318,4,25,0.003,26,0.25444,35,0.38274,33,0.35981,3,26,0.11936,35,0.05915,33,0.82149,2,26,0.52763,33,0.47237,2,26,0.89922,33,0.10078,2,26,0.99834,33,0.00166,1,26,1,1,26,1,2,25,0.18022,26,0.81978,4,25,0.41702,26,0.17453,35,0.35859,33,0.04986,5,25,0.07568,37,0.00114,26,0.01872,35,0.89536,33,0.00909,3,25,0.00467,37,0.00344,35,0.99189,3,25,0.00808,37,0.00931,35,0.98261,5,25,0.49375,37,0.00878,26,0.01747,35,0.47625,33,0.00375,5,25,0.51901,37,0.01874,26,0.00549,35,0.45604,33,0.00072,4,25,0.56811,37,0.0319,26,0.0009,35,0.39909,3,25,0.60712,37,0.12167,35,0.27121,3,25,0.58174,37,0.28476,35,0.1335,3,25,0.47671,37,0.46367,35,0.05963,3,25,0.32293,37,0.65365,35,0.02342,3,25,0.0581,37,0.92371,35,0.01819,1,26,1,2,26,0.89788,33,0.10212,4,25,0.00262,26,0.32076,35,0.14463,33,0.53199,4,25,0.00143,26,0.11012,35,0.76078,33,0.12767,3,26,0.00398,35,0.98541,33,0.01061]}],"name":"Hat"},{"display":[{"bonePose":[5,0.8639234171928354,-0.5036232016357607,0.5036232016357607,0.8639234171928354,103.05249456199238,-190.93614639493933,17,0.9717966035675396,-0.2358206125312081,0.2358206125312081,0.9717966035675396,106.28595479153,-186.08438022744951,22,0.9999718382517224,0.007504845332927112,-0.007504845332927112,0.9999718382517224,114.37462432101188,-177.30422503276014],"slotPose":[1,0,0,1,0,0],"edges":[34,33,33,32,32,31,31,30,30,29,29,28,28,27,27,26,26,25,25,24,24,23,23,22,22,21,21,20,20,19,19,18,18,17,17,16,16,15,15,14,14,13,13,12,12,11,11,10,10,9,9,8,8,7,7,6,6,5,5,4,4,3,3,2,2,1,1,0,0,35,35,34],"path":"Broom","userEdges":[],"vertices":[-145.14,-149.89,-113.45,-156.57,-102.05,-157.68,-53.68,-161.3,-35.33,-171.31,-26.43,-168.81,3.31,-174.23,33.06,-179.66,77.86,-181.89,74.53,-191.89,87.32,-191.07,101.21,-203.58,107.05,-207.47,110.38,-217.2,154.31,-217.25,160.42,-217.25,153.75,-209.97,167.13,-209.14,167.13,-200.24,167.13,-191.35,152.94,-175.77,138.75,-160.21,125.96,-163.55,114.29,-164.65,98.99,-164.93,78.7,-155.48,74.81,-166.32,40.89,-159.92,11.98,-151.3,-0.81,-147.13,-23.04,-147.12,-60.85,-140.17,-86.15,-136.27,-120.35,-133.22,-145.86,-133.21,-145.5,-141.55,120.91,-185.3,109.53,-171.79,129.36,-199.72,-83.4,-149.86,7.66,-163.41,-107.83,-143.93,-23.92,-155.54,39.66,-170.87,124.54,-173.61,135.4,-176.62,146.95,-180.31,151.79,-197.64,138.16,-188.17,111.83,-196.94],"uvs":[0.0023,0.80147,0.10356,0.72204,0.13997,0.7088,0.29452,0.66578,0.35313,0.54664,0.38156,0.57642,0.47659,0.51189,0.57163,0.44735,0.71479,0.42087,0.70413,0.30173,0.74499,0.31166,0.7894,0.16273,0.80805,0.1164,0.81871,0.00056,0.95904,0,0.97858,0,0.95726,0.08661,1,0.09654,1,0.20245,1,0.30835,0.95465,0.49368,0.9093,0.67902,0.86845,0.6393,0.83114,0.62606,0.78229,0.62275,0.71746,0.73528,0.70502,0.60621,0.59666,0.68233,0.50429,0.78492,0.46344,0.83456,0.39238,0.83456,0.27159,0.9173,0.19077,0.96364,0.08152,1,0,1,0.00115,0.90073,0.85232,0.38035,0.81596,0.54107,0.87933,0.20871,0.19957,0.80188,0.49049,0.64077,0.12151,0.87246,0.3896,0.73439,0.59273,0.55193,0.8639,0.51946,0.89859,0.48371,0.93549,0.43971,0.95099,0.23346,0.90744,0.34621,0.82331,0.24171],"triangles":[46,20,19,47,46,19,17,16,18,16,47,18,47,19,18,14,16,15,48,46,47,46,45,20,45,21,20,38,47,16,38,16,14,13,38,14,38,48,47,48,45,46,44,22,45,45,22,21,36,45,48,38,36,48,36,44,45,12,49,38,13,12,38,49,36,38,44,23,22,36,37,44,37,23,44,49,37,36,10,37,49,37,24,23,11,10,49,12,11,49,10,24,37,10,8,24,8,26,24,26,25,24,9,8,10,43,26,8,43,27,26,43,40,27,40,28,27,7,40,43,6,40,7,40,29,28,6,42,40,42,29,40,5,42,6,42,30,29,3,31,30,5,4,42,3,30,42,4,3,42,2,39,3,39,31,3,39,32,31,41,33,32,41,32,39,2,41,39,1,41,2,1,33,41,0,33,1,35,34,33,0,35,33,7,43,8],"type":"mesh","transform":{},"name":"Broom","width":313,"height":84,"weights":[2,5,0.5,17,0.5,2,5,0.49982,17,0.50018,2,5,0.49946,17,0.50054,2,5,0.49232,17,0.50768,2,5,0.48716,17,0.51284,2,5,0.48493,17,0.51507,2,5,0.47558,17,0.52442,3,5,0.46803,17,0.53193,22,0.00004,3,5,0.51386,17,0.42435,22,0.06179,3,5,0.63306,17,0.33936,22,0.02758,3,5,0.72052,17,0.25256,22,0.02692,1,5,1,1,5,1,1,5,1,2,5,0.46036,17,0.53964,2,5,0.44995,17,0.55005,2,5,0.30966,17,0.69034,2,5,0.02179,17,0.97821,3,5,0.00368,17,0.98682,22,0.0095,2,17,0.92554,22,0.07446,2,17,0.15195,22,0.84805,1,22,1,1,22,1,2,17,0.0313,22,0.9687,3,5,0.11092,17,0.41897,22,0.4701,3,5,0.30812,17,0.51814,22,0.17374,3,5,0.38778,17,0.50781,22,0.10441,3,5,0.46681,17,0.53252,22,0.00068,2,5,0.47464,17,0.52536,2,5,0.47802,17,0.52198,2,5,0.48446,17,0.51554,2,5,0.49503,17,0.50497,2,5,0.49858,17,0.50142,2,5,0.49996,17,0.50004,2,5,0.5,17,0.5,2,5,0.5,17,0.5,2,17,0.72021,22,0.27979,3,5,0.00152,17,0.15646,22,0.84203,2,5,0.56512,17,0.43488,2,5,0.49818,17,0.50182,2,5,0.47496,17,0.52504,2,5,0.49972,17,0.50028,2,5,0.48446,17,0.51554,3,5,0.46667,17,0.53263,22,0.0007,1,22,1,1,22,1,2,17,0.18938,22,0.81062,2,5,0.00625,17,0.99375,2,17,0.7314,22,0.2686,1,5,1]}],"name":"Broom"},{"display":[{"bonePose":[13,0.6970399677313085,0.7170322749954401,-0.7170322749954401,0.6970399677313085,9.237802115593674,-214.79132992082705,23,0.7611988483755823,0.6485185527274353,-0.6485185527274353,0.7611988483755823,29.857151684836875,-195.64646054698824,32,0.03960861009341943,0.9992152711035132,-0.9992152711035132,0.03960861009341943,44.595211139788795,-172.51465336505146],"slotPose":[1,0,0,1,0,0],"edges":[35,36,36,0,0,1,1,2,2,3,3,4,4,5,5,6,6,7,7,8,8,9,9,10,10,11,11,12,12,13,13,14,14,15,15,16,16,17,17,18,18,19,19,20,20,21,21,22,22,23,23,24,24,25,25,26,26,27,27,28,28,29,29,30,30,31,31,32,32,33,33,34,34,35],"path":"Right Arm","userEdges":[],"vertices":[-11.34,-204.52,-3.34,-201.72,2.92,-195.47,6.22,-201.72,14.4,-198.25,15.45,-191.81,20.15,-191.98,29.71,-179.98,26.41,-169.36,30.4,-169.54,29.53,-154.05,33.71,-150.75,38.41,-126.64,43.1,-102.55,49.19,-99.06,53.54,-104.47,54.41,-125.87,55.28,-147.27,62.94,-164.32,63.64,-167.1,67.65,-166.93,73.21,-181.2,64.51,-185.9,55.81,-190.6,47.12,-195.29,38.42,-199.99,34.93,-206.6,30.24,-205.21,16.15,-215.47,17.53,-220.35,13.54,-222.43,13.19,-229.91,6.4,-229.22,5.36,-233.06,-3.73,-231.14,-12.82,-229.22,-11.53,-207.65,50.23,-166.99,46.59,-125.85,42.47,-147.94,40.92,-181.49,-2,-219.33,37.87,-161.79,4.13,-214.93,56.34,-176.06,47.76,-138,21.78,-201.33,49.43,-154.39,28.04,-195.71],"uvs":[0.01642,0.21305,0.10536,0.23383,0.17496,0.28058,0.21169,0.23383,0.30256,0.2598,0.31416,0.30785,0.36636,0.30655,0.47269,0.39614,0.43596,0.47535,0.48042,0.47405,0.47076,0.58962,0.51716,0.61429,0.56935,0.79414,0.62155,0.97398,0.68922,1,0.73755,0.9597,0.74722,0.79998,0.75689,0.64026,0.84195,0.51301,0.84969,0.49223,0.89415,0.49353,0.95602,0.38705,0.85935,0.35199,0.76269,0.31694,0.66602,0.28188,0.56935,0.24682,0.53069,0.19747,0.47849,0.20786,0.32189,0.13125,0.33736,0.09489,0.29289,0.07931,0.28902,0.02347,0.21362,0.02867,0.20202,0,0.10101,0.01433,0,0.02867,0.01449,0.18968,0.70068,0.49309,0.66029,0.80012,0.61449,0.63523,0.59725,0.38487,0.12026,0.10247,0.56346,0.53185,0.18835,0.13537,0.76861,0.42537,0.67336,0.70939,0.38445,0.23676,0.69182,0.58706,0.45405,0.27874],"triangles":[22,44,21,44,19,21,19,20,21,45,16,17,47,17,18,23,44,22,44,37,19,19,37,18,37,47,18,38,13,15,38,15,16,45,38,16,40,37,44,40,44,23,24,40,23,47,39,17,39,45,17,12,13,38,13,14,15,12,38,45,42,47,37,40,42,37,9,42,40,42,39,47,39,12,45,25,40,24,11,12,39,42,11,39,7,9,40,25,48,40,48,7,40,10,11,42,26,27,25,27,48,25,9,10,42,48,6,7,8,9,7,28,46,27,46,48,27,46,6,48,3,4,28,4,5,6,4,6,46,28,4,46,43,3,28,30,28,29,30,43,28,31,32,30,32,43,30,41,43,32,33,34,32,34,41,32,43,1,3,1,2,3,36,1,43,41,36,43,36,0,1,34,35,41,35,36,41],"type":"mesh","transform":{},"name":"Right Arm","width":90,"height":134,"weights":[1,13,1,1,13,1,1,13,1,1,13,1,1,13,1,2,13,0.99716,23,0.00284,3,13,0.90345,23,0.09467,32,0.00187,3,13,0.02627,23,0.59571,32,0.37801,2,23,0.16562,32,0.83438,2,23,0.12214,32,0.87786,1,32,1,1,32,1,1,32,1,1,32,1,1,32,1,1,32,1,1,32,1,2,23,0.02916,32,0.97084,2,23,0.73834,32,0.26166,2,23,0.89809,32,0.10191,2,23,0.98033,32,0.01967,1,23,1,1,23,1,1,23,1,1,23,1,2,13,0.0184,23,0.9816,2,13,0.23314,23,0.76686,2,13,0.54254,23,0.45746,1,13,1,1,13,1,1,13,1,1,13,1,1,13,1,1,13,1,1,13,1,1,13,1,1,13,1,2,23,0.29953,32,0.70047,1,32,1,1,32,1,2,23,0.81713,32,0.18287,1,13,1,1,32,1,1,13,1,1,23,1,1,32,1,1,13,1,2,23,0.0413,32,0.9587,3,13,0.46416,23,0.53543,32,0.00041]}],"name":"Right Arm"},{"display":[{"bonePose":[34,-0.3892847213961779,0.9211174765943267,-0.9211174765943267,-0.3892847213961779,-19.739306652393417,-213.822571963477,27,0.40721491858244013,0.9133323656171924,-0.9133323656171924,0.40721491858244013,-2.0604318519734384,-212.34210386484213,31,0.9812254013658768,0.19286449054808924,-0.19286449054808924,0.9812254013658768,3.830412874854396,-221.17843502683493],"slotPose":[1,0,0,1,0,0],"edges":[28,29,29,0,0,1,1,2,2,3,3,4,4,5,5,6,6,7,7,8,8,9,9,10,10,11,11,12,12,13,13,14,14,15,15,16,16,17,17,18,18,19,19,20,20,21,21,22,22,23,23,24,24,25,25,26,26,27,27,28],"path":"back hair","userEdges":[],"vertices":[-59.28,-176.31,-51.54,-173.32,-42.21,-172.78,-34.64,-163.45,-11.06,-160.25,3.03,-160.24,17.11,-160.24,26.43,-166.44,46.68,-170.13,53.71,-175.06,60.4,-178.4,63.57,-185.09,72.15,-196.89,72.15,-206.74,72.15,-216.6,64.8,-231.91,55.03,-236.84,45.27,-241.76,34.35,-241.24,26.08,-242.82,14.11,-247.57,0.47,-249.24,-13.17,-250.92,-35.69,-246.69,-43.79,-234.73,-48.72,-223.99,-46.26,-215.73,-52.24,-211.67,-62.85,-199.71,-62.85,-184.22,-12.5,-226.27,42.52,-218.37,-37.48,-199.05,14.91,-183.31,17.15,-210.56,-20.79,-180.27,46.36,-189.75,-14.19,-202.58,20.28,-231.13,25,-199.41,-33.82,-217.06,4.36,-195.2,53.63,-201.02,5.14,-174.28,-3.12,-213.8,-5.39,-240.52,35.52,-180.68,-48.14,-183.68,-2.13,-187.1,36.96,-203.84,22.76,-215.55,-24.54,-190.54,57.03,-213.08,-22.1,-239.82],"uvs":[0.02648,0.82737,0.08385,0.85955,0.15294,0.86522,0.209,0.96552,0.3837,1,0.48799,1,0.59229,1,0.66138,0.93335,0.81131,0.89361,0.86346,0.84062,0.913,0.80466,0.93647,0.73275,1,0.60595,1,0.49998,1,0.394,0.94559,0.22935,0.87324,0.17636,0.80088,0.12337,0.72005,0.12905,0.65878,0.11202,0.57013,0.06092,0.46909,0.04294,0.36805,0.02497,0.20118,0.07039,0.14121,0.19907,0.1047,0.31451,0.12296,0.40346,0.07863,0.44699,0,0.57567,0,0.74221,0.373,0.29008,0.7805,0.3749,0.18799,0.58269,0.57608,0.75193,0.59264,0.45892,0.31162,0.78468,0.80896,0.68269,0.36049,0.54477,0.61582,0.23767,0.65075,0.57875,0.21508,0.38911,0.49785,0.62406,0.86278,0.5615,0.50369,0.849,0.44248,0.42411,0.42565,0.13679,0.72868,0.78013,0.10902,0.74806,0.44985,0.71122,0.73933,0.53114,0.6342,0.40527,0.2838,0.67423,0.88802,0.43183,0.30187,0.14429],"triangles":[52,42,13,13,42,12,42,11,12,52,13,14,15,52,14,16,31,52,42,36,11,16,52,15,36,10,11,36,9,10,17,31,16,31,42,52,36,46,9,31,49,42,46,8,9,49,36,42,18,31,17,46,7,8,18,38,31,49,46,36,39,46,49,38,50,31,50,49,31,19,38,18,39,33,46,50,39,49,33,7,46,50,34,39,43,6,7,33,43,7,20,38,19,34,41,39,41,33,39,44,34,38,38,34,50,20,45,38,45,44,38,45,30,44,21,45,20,43,5,6,44,41,34,48,43,33,41,48,33,44,37,41,48,35,43,35,4,43,4,5,43,37,48,41,22,45,21,37,51,48,51,35,48,30,37,44,53,30,45,22,53,45,40,37,30,35,3,4,53,40,30,23,53,22,32,51,37,40,32,37,24,40,53,51,2,35,2,3,35,23,24,53,32,47,51,47,2,51,24,25,40,25,26,40,26,32,40,26,27,32,28,47,32,27,28,32,47,1,2,28,29,47,0,1,47,29,0,47],"type":"mesh","transform":{},"name":"back hair","width":135,"height":93,"weights":[1,34,1,1,34,1,2,34,0.99853,27,0.00147,2,34,0.93914,27,0.06086,2,34,0.46048,27,0.53952,2,34,0.15095,27,0.84905,3,34,0.01452,27,0.9793,31,0.00617,2,27,0.89656,31,0.10344,2,27,0.50537,31,0.49463,2,27,0.36208,31,0.63792,2,27,0.26058,31,0.73942,2,27,0.17337,31,0.82663,2,27,0.03703,31,0.96297,2,27,0.0057,31,0.9943,1,31,1,1,31,1,1,31,1,1,31,1,1,31,1,2,34,0.00278,31,0.99722,2,34,0.04832,31,0.95168,2,34,0.20636,31,0.79364,2,34,0.44669,31,0.55331,2,34,0.77279,31,0.22721,2,34,0.89192,31,0.10808,2,34,0.95994,31,0.04006,2,34,0.98946,31,0.01054,2,34,0.99957,31,0.00043,1,34,1,1,34,1,3,34,0.52729,27,0.10066,31,0.37205,1,31,1,1,34,1,2,27,0.97025,31,0.02975,2,27,0.23752,31,0.76248,2,34,0.78454,27,0.21546,2,27,0.28501,31,0.71499,2,34,0.63742,27,0.36258,2,34,0.00177,31,0.99823,2,27,0.45046,31,0.54954,2,34,0.97909,31,0.02091,2,34,0.00725,27,0.99275,2,27,0.06557,31,0.93443,2,34,0.08623,27,0.91377,3,34,0.04776,27,0.88782,31,0.06442,3,34,0.29604,27,0.00207,31,0.7019,2,27,0.60845,31,0.39155,1,34,1,2,34,0.17921,27,0.82079,2,27,0.13897,31,0.86103,2,27,0.01979,31,0.98021,2,34,0.93809,27,0.06191,1,31,1,3,34,0.64923,27,0.0006,31,0.35017]}],"name":"back hair"},{"display":[{"edges":[6,7,7,8,8,9,9,10,10,11,11,12,12,13,13,14,14,15,15,16,16,17,17,18,18,19,19,20,20,21,21,0,0,1,1,2,2,3,3,4,4,5,5,6],"width":120,"triangles":[13,14,15,16,13,15,17,12,13,17,13,16,59,10,11,59,11,12,60,59,12,17,60,12,59,58,10,18,53,17,53,46,17,46,61,17,61,60,17,58,9,10,58,57,9,19,53,18,46,62,61,57,8,9,20,53,19,52,53,20,46,45,62,4,5,8,4,8,57,21,51,52,46,53,47,21,52,20,45,44,62,39,59,60,61,36,60,36,39,60,33,36,61,62,33,61,5,7,8,21,0,51,38,58,59,38,59,39,35,38,39,32,35,36,35,39,36,32,36,33,63,32,33,62,63,33,44,43,62,43,63,62,0,50,51,46,30,45,30,44,45,43,64,63,64,32,63,42,64,43,25,30,46,25,46,47,53,25,47,38,37,58,37,57,58,52,24,53,53,24,25,24,30,25,44,30,43,30,29,43,29,42,43,24,26,30,35,34,38,34,37,38,56,4,57,23,26,24,26,29,30,51,50,24,50,23,24,52,51,24,31,34,32,64,31,32,34,35,32,28,42,29,26,28,29,0,49,50,56,57,37,42,41,64,65,31,64,31,37,34,41,42,28,56,37,31,55,56,31,41,65,64,27,41,28,26,27,28,65,55,31,23,27,26,1,48,49,0,1,49,66,55,65,22,27,23,49,22,23,50,49,23,27,40,41,40,65,41,55,4,56,40,54,65,54,66,65,22,40,27,54,3,66,4,55,66,3,4,66,54,40,22,49,48,22,48,54,22,3,54,48,2,3,48,1,2,48,5,6,7],"type":"mesh","vertices":[44.39,0.71,40.66,-13.39,33.42,-19.75,24.15,-21.69,18.3,-22.26,14.52,-34.49,12.69,-39.31,6.35,-39.53,-8.92,-30.47,-18.47,-19.24,-19.98,-2.5,-12.87,9.87,-7.41,13.37,-6.59,17.13,-8.04,21.08,-4.01,26.04,2.68,25.6,7.22,22.75,17.87,26.45,27.47,25.99,35.97,17.13,42.01,9.8,21.75,-4.41,22.05,-1.78,22.01,1.59,20.61,1.61,20.42,-1.9,20.34,-4.05,19.07,-3.16,18.87,-1.71,18.82,0.32,15.14,-6.62,14.82,-4.69,14.25,-1.31,13.76,-5.95,13.38,-4.83,13.06,-1.81,12.9,-7.25,12.08,-5.07,11.85,-2.14,20.13,-4.93,18.83,-4.49,17.76,-2.98,17.27,-1.06,17.49,0.23,18.04,1.07,19.3,2.21,20.51,2.54,22.85,-6.1,22.83,-2.99,23.01,-0.64,22.82,1.46,22.42,2.77,21.75,3.41,21.29,-6.12,15.68,-7.77,13.43,-8.61,11.49,-8.42,10.67,-5.86,10.59,-3.33,11.61,-0.76,13.36,-0.1,14.96,-0.03,15.78,-1.83,16.44,-4.24,16.72,-6.21,16.52,-7.42],"transform":{},"path":"Head Default","userEdges":[],"height":79,"uvs":[0.46919,0.23037,0.39984,0.38191,0.39862,0.50389,0.43634,0.60923,0.46432,0.67021,0.40714,0.80697,0.38645,0.86426,0.4193,0.9271,0.55922,1,0.6821,1,0.79647,0.8772,0.83662,0.70718,0.82932,0.62586,0.84879,0.58705,0.88164,0.56857,0.89137,0.4891,0.85244,0.42811,0.80985,0.40778,0.77579,0.27472,0.72104,0.18601,0.61884,0.17677,0.53975,0.17862,0.55903,0.49059,0.57406,0.46609,0.5957,0.43879,0.6034,0.45216,0.58213,0.48279,0.56893,0.50117,0.58139,0.50618,0.59166,0.49616,0.60486,0.48001,0.58066,0.57246,0.5946,0.55965,0.61916,0.53738,0.5924,0.58026,0.60156,0.57469,0.62246,0.55297,0.58873,0.5992,0.60706,0.58917,0.62686,0.56745,0.56445,0.51052,0.57428,0.51938,0.58961,0.51735,0.60445,0.50621,0.61145,0.49356,0.61378,0.4814,0.61428,0.45988,0.60978,0.44545,0.54228,0.49381,0.56211,0.46849,0.57611,0.44748,0.59045,0.43204,0.60095,0.4252,0.60861,0.42647,0.55061,0.509,0.57045,0.57659,0.57728,0.6052,0.58895,0.62242,0.60961,0.60925,0.62611,0.58925,0.63695,0.55836,0.63161,0.53609,0.62345,0.52014,0.60761,0.52697,0.58878,0.54039,0.57478,0.55381,0.56811,0.56571],"name":"Head Default"}],"name":"Head Default"},{"display":[{"path":"shadow","type":"image","name":"shadow","transform":{"y":2.22,"x":10.83}}],"name":"shadow"},{"display":[{"path":"Hat Back","type":"image","name":"Hat Back","transform":{"y":18.39,"skX":130.4,"skY":130.4,"x":-3.68}}],"name":"Hat Back"}]}],"ik":[],"defaultActions":[{"gotoAndPlay":"Attack"}],"name":"Baba","aabb":{"width":315.02991306261765,"y":-304.58463018064515,"height":302.33463018064515,"x":-121.21715142372881}}]}