{"SubTexture":[{"frameX":-1,"y":413,"frameY":-1,"frameWidth":248,"width":246,"frameHeight":21,"height":19,"name":"shadow","x":1},{"width":135,"y":101,"height":93,"name":"back hair","x":316},{"width":313,"y":188,"height":84,"name":"Broom","x":1},{"width":82,"y":196,"height":99,"name":"Spell Arm","x":316},{"width":253,"y":1,"height":185,"name":"Body","x":1},{"frameX":-1,"y":274,"frameY":-1,"frameWidth":151,"width":149,"frameHeight":53,"height":51,"name":"Hat Back","x":1},{"width":120,"y":332,"height":79,"name":"Head Default","x":1},{"width":90,"y":196,"height":134,"name":"Right Arm","x":409},{"width":151,"y":1,"height":98,"name":"Hat","x":256}],"width":512,"height":512,"name":"SpellcasterWitch","imagePath":"Baba_tex.png"}