{"width":512,"SubTexture":[{"frameX":-1,"frameHeight":32,"y":294,"frameY":-1,"frameWidth":310,"width":308,"height":30,"name":"Layer 250","x":191},{"width":213,"y":1,"height":169,"name":"Layer 251","x":260},{"width":91,"y":318,"height":88,"name":"Layer 256","x":1},{"frameX":-1,"frameHeight":65,"y":412,"frameY":-1,"frameWidth":92,"width":90,"height":63,"name":"Layer 252","x":155},{"frameX":-1,"frameHeight":62,"y":326,"frameY":-1,"frameWidth":86,"width":84,"height":60,"name":"Layer 253","x":182},{"width":188,"y":198,"height":118,"name":"Layer 263","x":1},{"width":257,"y":1,"height":195,"name":"Layer 254","x":1},{"frameX":-1,"frameHeight":122,"y":172,"frameY":-1,"frameWidth":223,"width":221,"height":120,"name":"Layer 255","x":260},{"frameX":-1,"frameHeight":31,"y":477,"frameY":-1,"frameWidth":75,"width":73,"height":29,"name":"Layer 257","x":155},{"width":72,"y":412,"height":88,"name":"Layer 258","x":81},{"width":86,"y":318,"height":92,"name":"Layer 259","x":94},{"frameX":-1,"frameHeight":64,"y":70,"frameY":-1,"frameWidth":28,"width":26,"height":62,"name":"Layer 260","x":475},{"frameX":-1,"frameHeight":98,"y":408,"frameY":-1,"frameWidth":80,"width":78,"height":96,"name":"Layer 261","x":1},{"frameX":-1,"frameHeight":69,"y":1,"frameY":-1,"frameWidth":28,"width":26,"height":67,"name":"Layer 262","x":475}],"height":512,"name":"ygg","imagePath":"ygg_tex.png"}