{"frameRate":30,"armature":[{"slot":[{"name":"Layer 250","parent":"bone22","color":{}},{"z":1,"name":"Layer 251","parent":"root","color":{}},{"z":2,"name":"Layer 256","parent":"root","color":{}},{"z":3,"name":"Layer 252","parent":"bone14","color":{}},{"z":4,"name":"Layer 253","parent":"bone16","color":{}},{"z":5,"name":"Layer 263","parent":"bone21","color":{}},{"z":6,"name":"Layer 254","parent":"root","color":{}},{"z":7,"name":"Layer 255","parent":"bone10","color":{}},{"z":8,"name":"Layer 257","parent":"bone15","color":{}},{"z":9,"name":"Layer 258","parent":"root","color":{}},{"z":10,"name":"Layer 259","parent":"root","color":{}},{"z":11,"name":"Layer 260","parent":"bone6","color":{}},{"z":12,"name":"Layer 261","parent":"bone4","color":{}},{"z":13,"name":"Layer 262","parent":"bone5","color":{}}],"ik":[],"frameRate":30,"animation":[{"frame":[],"ffd":[{"frame":[{"duration":30,"offset":0,"vertices":[],"tweenEasing":null},{"curve":[0.25,0,0,1],"duration":5,"offset":0,"vertices":[]},{"curve":[0.25,0,0.75,1],"duration":2,"offset":4,"vertices":[-182.05,38.81,0,0,-0.79,-1.99,-11.77,3.47,-8.11,3.44,-10.74,6.36,-12.76,13.28,-15.9,13.4,-27.85,11.78,-5.38,0,-9.56,-0.08,0,0,0,0,0,0,0,0,0,0,-5.4,7.1,-0.59,9.46,-40.27,-16.63,0,0,0,0,-41.05,-2.47,-41.29,2,0,0,0,0,-68.43,-3.29,-11.94,1.06]},{"duration":18,"offset":0,"vertices":[],"tweenEasing":null}],"scale":1,"slot":"Layer 263","offset":0,"skin":"","name":"Layer 263"}],"duration":55,"slot":[],"ik":[],"name":"Attack A","bone":[{"frame":[{"duration":10,"transform":{}},{"duration":20,"transform":{}},{"duration":5,"transform":{}},{"duration":3,"transform":{}},{"duration":17,"transform":{}},{"duration":0,"transform":{}}],"name":"root"},{"frame":[{"duration":10,"curve":[0.105,0,1,0.42],"transform":{}},{"duration":20,"curve":[0.25,0,1,0],"transform":{"y":-29.71,"x":135.44}},{"duration":5,"curve":[0.25,0,0,1],"transform":{"y":-11.91,"x":163.11}},{"duration":3,"transform":{"y":-39.85,"x":-89.23}},{"duration":17,"curve":[0.25,0,0.75,1],"transform":{"y":-39.85,"x":-89.23}},{"duration":0,"transform":{}}],"name":"bone"},{"frame":[{"duration":10,"transform":{}},{"duration":20,"transform":{}},{"duration":5,"curve":[0.25,0,0,1],"transform":{}},{"duration":3,"transform":{"skX":-16.6,"skY":-16.6}},{"duration":17,"curve":[0.25,0,0.75,1],"transform":{"skX":-16.6,"skY":-16.6}},{"duration":0,"transform":{}}],"name":"bone2"},{"frame":[{"duration":10,"transform":{}},{"duration":20,"transform":{}},{"duration":5,"curve":[0.25,0,0,1],"transform":{}},{"duration":3,"transform":{"skX":-14.87,"skY":-14.87}},{"duration":17,"curve":[0.25,0,0.75,1],"transform":{"skX":-14.87,"skY":-14.87}},{"duration":0,"transform":{}}],"name":"bone3"},{"frame":[{"duration":10,"transform":{}},{"duration":20,"transform":{}},{"duration":5,"curve":[0.25,0,0,1],"transform":{}},{"duration":3,"transform":{"skX":29.48,"skY":29.48}},{"duration":17,"curve":[0.25,0,0.75,1],"transform":{"skX":29.48,"skY":29.48}},{"duration":0,"transform":{}}],"name":"bone4"},{"frame":[{"duration":10,"transform":{}},{"duration":20,"transform":{}},{"duration":5,"curve":[0.25,0,0,1],"transform":{}},{"duration":3,"transform":{"skX":29.37,"skY":29.37}},{"duration":17,"curve":[0.25,0,0.75,1],"transform":{"skX":29.37,"skY":29.37}},{"duration":0,"transform":{}}],"name":"bone5"},{"frame":[{"duration":10,"transform":{}},{"duration":20,"transform":{}},{"duration":5,"curve":[0.25,0,0,1],"transform":{}},{"duration":3,"transform":{"skX":27.71,"skY":27.71}},{"duration":17,"curve":[0.25,0,0.75,1],"transform":{"skX":27.71,"skY":27.71}},{"duration":0,"transform":{}}],"name":"bone6"},{"frame":[{"duration":10,"transform":{}},{"duration":20,"transform":{}},{"duration":5,"transform":{}},{"duration":3,"transform":{}},{"duration":17,"transform":{}},{"duration":0,"transform":{}}],"name":"bone7"},{"frame":[{"duration":10,"transform":{}},{"duration":20,"curve":[0.25,0,1,0],"transform":{}},{"duration":5,"curve":[0.25,0,0,1],"transform":{"skX":11.98,"skY":11.98,"y":7.13,"x":-1.61}},{"duration":3,"transform":{"skX":-28.26,"skY":-28.26,"y":-2.39,"x":-1.83}},{"duration":17,"curve":[0.25,0,0.75,1],"transform":{"skX":-28.26,"skY":-28.26,"y":-2.39,"x":-1.83}},{"duration":0,"transform":{}}],"name":"bone8"},{"frame":[{"duration":10,"transform":{}},{"duration":20,"curve":[0.25,0,1,0],"transform":{}},{"duration":5,"curve":[0.25,0,0,1],"transform":{"skX":35.22,"skY":35.22}},{"duration":3,"transform":{"skX":-36.23,"skY":-36.23}},{"duration":17,"curve":[0.25,0,0.75,1],"transform":{"skX":-36.23,"skY":-36.23}},{"duration":0,"transform":{}}],"name":"bone9"},{"frame":[{"duration":10,"curve":[0.105,0,1,0.42],"transform":{}},{"duration":20,"transform":{"skX":-25.13,"skY":-25.13}},{"duration":5,"curve":[0.25,0,0,1],"transform":{"skX":-25.13,"skY":-25.13}},{"duration":3,"transform":{"skX":4.79,"skY":4.79}},{"duration":17,"curve":[0.25,0,0.75,1],"transform":{"skX":4.79,"skY":4.79}},{"duration":0,"transform":{}}],"name":"bone10"},{"frame":[{"duration":10,"transform":{}},{"duration":20,"transform":{}},{"duration":5,"transform":{}},{"duration":3,"transform":{}},{"duration":17,"transform":{}},{"duration":0,"transform":{}}],"name":"bone11"},{"frame":[{"duration":10,"curve":[0.105,0,1,0.42],"transform":{}},{"duration":20,"curve":[0.25,0,1,0],"transform":{"skX":-4.17,"skY":-4.17}},{"duration":5,"curve":[0.25,0,0,1],"transform":{"skX":9.09,"skY":9.09}},{"duration":3,"transform":{"skX":9.79,"skY":9.79}},{"duration":17,"curve":[0.25,0,0.75,1],"transform":{"skX":9.79,"skY":9.79}},{"duration":0,"transform":{}}],"name":"bone12"},{"frame":[{"duration":10,"curve":[0.105,0,1,0.42],"transform":{}},{"duration":20,"curve":[0.25,0,1,0],"transform":{"skX":-7.16,"skY":-7.16}},{"duration":5,"curve":[0.25,0,0,1],"transform":{"skX":0.57,"skY":0.57}},{"duration":3,"transform":{"skX":-6.48,"skY":-6.48}},{"duration":17,"curve":[0.25,0,0.75,1],"transform":{"skX":-6.48,"skY":-6.48}},{"duration":0,"transform":{}}],"name":"bone13"},{"frame":[{"duration":10,"curve":[0.105,0,1,0.42],"transform":{}},{"duration":20,"curve":[0.25,0,1,0],"transform":{"skX":62.44,"skY":62.44}},{"duration":5,"curve":[0.25,0,0,1],"transform":{"skX":-274.7,"skY":-274.7}},{"duration":3,"transform":{"skX":9.9,"skY":9.9}},{"duration":17,"curve":[0.25,0,0.75,1],"transform":{"skX":9.9,"skY":9.9}},{"duration":0,"transform":{}}],"name":"bone14"},{"frame":[{"duration":10,"curve":[0.105,0,1,0.42],"transform":{}},{"duration":20,"curve":[0.25,0,1,0],"transform":{"skX":-31.59,"skY":-31.59,"y":-4.47,"x":3.25}},{"duration":5,"curve":[0.25,0,0,1],"transform":{"skX":-71.68,"skY":-71.68,"y":-4.47,"x":3.25}},{"duration":3,"transform":{"skX":-11.82,"skY":-11.82,"y":-3.69,"x":0.15}},{"duration":17,"curve":[0.25,0,0.75,1],"transform":{"skX":-11.82,"skY":-11.82,"y":-3.69,"x":0.15}},{"duration":0,"transform":{}}],"name":"bone15"},{"frame":[{"duration":10,"curve":[0.105,0,1,0.42],"transform":{}},{"duration":20,"curve":[0.25,0,1,0],"transform":{"skX":-29.77,"skY":-29.77}},{"duration":5,"curve":[0.25,0,0,1],"transform":{"skX":-93.62,"skY":-93.62}},{"duration":3,"transform":{"skX":-30.42,"skY":-30.42}},{"duration":17,"curve":[0.25,0,0.75,1],"transform":{"skX":-30.42,"skY":-30.42}},{"duration":0,"transform":{}}],"name":"bone16"},{"frame":[{"duration":10,"curve":[0.105,0,1,0.42],"transform":{}},{"duration":20,"curve":[0.25,0,1,0],"transform":{"skX":-43.21,"skY":-43.21,"y":10.67,"x":8.28}},{"duration":5,"curve":[0.25,0,0,1],"transform":{"skX":-26.9,"skY":-26.9,"y":10.67,"x":8.28}},{"duration":3,"transform":{"skX":10.45,"skY":10.45,"y":15.42,"x":7.3}},{"duration":17,"curve":[0.25,0,0.75,1],"transform":{"skX":10.45,"skY":10.45,"y":15.42,"x":7.3}},{"duration":0,"transform":{}}],"name":"bone17"},{"frame":[{"duration":10,"transform":{}},{"duration":20,"transform":{}},{"duration":5,"curve":[0.25,0,0,1],"transform":{}},{"duration":3,"transform":{"skX":23.89,"skY":23.89}},{"duration":17,"curve":[0.25,0,0.75,1],"transform":{"skX":23.89,"skY":23.89}},{"duration":0,"transform":{}}],"name":"bone18"},{"frame":[{"duration":10,"curve":[0.105,0,1,0.42],"transform":{}},{"duration":20,"curve":[0.25,0,1,0],"transform":{"skX":-26.07,"skY":-26.07}},{"duration":5,"curve":[0.25,0,0,1],"transform":{"skX":-3.29,"skY":-3.29,"y":14.51,"x":5.93}},{"duration":3,"transform":{"skX":58.74,"skY":58.74,"y":-6.35,"x":0.93}},{"duration":17,"curve":[0.25,0,0.75,1],"transform":{"skX":58.74,"skY":58.74,"y":-6.35,"x":0.93}},{"duration":0,"transform":{}}],"name":"bone19"},{"frame":[{"duration":10,"transform":{}},{"duration":20,"curve":[0.25,0,1,0],"transform":{}},{"duration":5,"curve":[0.25,0,0,1],"transform":{"skX":45.7,"skY":45.7}},{"duration":3,"transform":{"skX":8.21,"skY":8.21}},{"duration":17,"curve":[0.25,0,0.75,1],"transform":{"skX":8.21,"skY":8.21}},{"duration":0,"transform":{}}],"name":"bone20"},{"frame":[{"duration":10,"transform":{}},{"duration":2,"transform":{},"tweenEasing":0},{"duration":2,"transform":{"skX":80.51,"skY":80.51},"tweenEasing":0},{"duration":2,"transform":{"skX":129.75,"skY":129.75},"tweenEasing":0},{"duration":2,"transform":{"skX":-119.32,"skY":-119.32},"tweenEasing":0},{"duration":2,"transform":{"skX":-45.39,"skY":-45.39},"tweenEasing":0},{"duration":2,"transform":{"skX":80.51,"skY":80.51},"tweenEasing":0},{"duration":2,"transform":{"skX":129.75,"skY":129.75},"tweenEasing":0},{"duration":2,"transform":{"skX":-119.32,"skY":-119.32},"tweenEasing":0},{"duration":4,"transform":{"skX":-45.39,"skY":-45.39},"tweenEasing":0},{"duration":5,"curve":[0.25,0,0,1],"transform":{"skX":29.89,"skY":29.89}},{"duration":3,"transform":{"skX":9.09,"skY":9.09}},{"duration":17,"curve":[0.25,0,0.75,1],"transform":{"skX":9.09,"skY":9.09}},{"duration":0,"transform":{}}],"name":"bone21"},{"frame":[{"duration":10,"curve":[0.105,0,1,0.42],"transform":{}},{"duration":20,"curve":[0.25,0,1,0],"transform":{"scX":0.84,"x":88.45}},{"duration":5,"curve":[0.25,0,0,1],"transform":{"scX":0.68,"x":88.45}},{"duration":3,"transform":{"scX":0.96,"x":-58.81}},{"duration":17,"curve":[0.25,0,0.75,1],"transform":{"scX":0.96,"x":-58.81}},{"duration":0,"transform":{}}],"name":"bone22"}]},{"frame":[],"ffd":[{"frame":[{"duration":10,"offset":0,"vertices":[],"tweenEasing":null},{"curve":[0.581,0,0.698,0.45],"duration":2,"offset":0,"vertices":[]},{"curve":[0.094,0.44,0.275,1],"duration":3,"offset":2,"vertices":[-103.49,129.63,-183.66,236.08,-81.96,37.04]},{"curve":[0.25,0,0,0.99],"duration":2,"offset":2,"vertices":[-98.98,121.39,-267.49,229.27,-131.54,66.5,-104.65,11.05,-67.37,5.13,-31.83,25.25,-38.2,12.92,-33.41,12.58,-33.81,3.83,-33.79,-16.2]},{"duration":22,"offset":0,"vertices":[],"tweenEasing":null}],"scale":1,"slot":"Layer 263","offset":0,"skin":"","name":"Layer 263"}],"duration":39,"slot":[],"ik":[],"name":"Attack B","bone":[{"frame":[{"duration":10,"transform":{}},{"duration":5,"transform":{}},{"duration":2,"transform":{}},{"duration":22,"transform":{}},{"duration":0,"transform":{}}],"name":"root"},{"frame":[{"duration":10,"curve":[0.25,0,1,0],"transform":{}},{"duration":5,"curve":[0.25,0,0,1],"transform":{"y":-29.71,"x":135.44}},{"duration":2,"transform":{"y":31.51,"x":-24.21}},{"duration":22,"curve":[0.25,0,0.75,1],"transform":{"y":31.51,"x":-24.21}},{"duration":0,"transform":{}}],"name":"bone"},{"frame":[{"duration":10,"transform":{}},{"duration":5,"curve":[0.25,0,0,1],"transform":{}},{"duration":2,"transform":{"skX":-20.1,"skY":-20.1}},{"duration":22,"curve":[0.25,0,0.75,1],"transform":{"skX":-20.1,"skY":-20.1}},{"duration":0,"transform":{}}],"name":"bone2"},{"frame":[{"duration":10,"transform":{}},{"duration":5,"curve":[0.25,0,0,1],"transform":{}},{"duration":2,"transform":{"skX":-16.61,"skY":-16.61}},{"duration":22,"curve":[0.25,0,0.75,1],"transform":{"skX":-16.61,"skY":-16.61}},{"duration":0,"transform":{}}],"name":"bone3"},{"frame":[{"duration":10,"transform":{}},{"duration":5,"curve":[0.25,0,0,1],"transform":{}},{"duration":2,"transform":{"skX":37.58,"skY":37.58}},{"duration":22,"curve":[0.25,0,0.75,1],"transform":{"skX":37.58,"skY":37.58}},{"duration":0,"transform":{}}],"name":"bone4"},{"frame":[{"duration":10,"curve":[0.25,0,1,0],"transform":{}},{"duration":5,"curve":[0.25,0,0,1],"transform":{"skX":-32.43,"skY":-32.43}},{"duration":2,"transform":{"skX":32.47,"skY":32.47}},{"duration":22,"curve":[0.25,0,0.75,1],"transform":{"skX":32.47,"skY":32.47}},{"duration":0,"transform":{}}],"name":"bone5"},{"frame":[{"duration":10,"curve":[0.25,0,1,0],"transform":{}},{"duration":5,"curve":[0.25,0,0,1],"transform":{"skX":-8.26,"skY":-8.26}},{"duration":2,"transform":{"skX":42.07,"skY":42.07}},{"duration":22,"curve":[0.25,0,0.75,1],"transform":{"skX":42.07,"skY":42.07}},{"duration":0,"transform":{}}],"name":"bone6"},{"frame":[{"duration":10,"transform":{}},{"duration":5,"transform":{}},{"duration":2,"transform":{}},{"duration":22,"transform":{}},{"duration":0,"transform":{}}],"name":"bone7"},{"frame":[{"duration":10,"transform":{}},{"duration":5,"transform":{}},{"duration":2,"transform":{}},{"duration":22,"transform":{}},{"duration":0,"transform":{}}],"name":"bone8"},{"frame":[{"duration":10,"curve":[0.25,0,1,0],"transform":{}},{"duration":5,"curve":[0.25,0,0,1],"transform":{"skX":-22.92,"skY":-22.92}},{"duration":2,"transform":{"skX":9.62,"skY":9.62}},{"duration":22,"curve":[0.25,0,0.75,1],"transform":{"skX":9.62,"skY":9.62}},{"duration":0,"transform":{}}],"name":"bone9"},{"frame":[{"duration":10,"curve":[0.25,0,1,0],"transform":{}},{"duration":5,"curve":[0.25,0,0,1],"transform":{"skX":9.2,"skY":9.2}},{"duration":2,"transform":{"skX":-17.35,"skY":-17.35}},{"duration":22,"curve":[0.25,0,0.75,1],"transform":{"skX":-17.35,"skY":-17.35}},{"duration":0,"transform":{}}],"name":"bone10"},{"frame":[{"duration":10,"transform":{}},{"duration":5,"curve":[0.25,0,0,1],"transform":{}},{"duration":2,"transform":{"skX":-8.97,"skY":-8.97}},{"duration":22,"curve":[0.25,0,0.75,1],"transform":{"skX":-8.97,"skY":-8.97}},{"duration":0,"transform":{}}],"name":"bone11"},{"frame":[{"duration":10,"curve":[0.25,0,1,0],"transform":{}},{"duration":5,"curve":[0.25,0,0,1],"transform":{"skX":-10.11,"skY":-10.11}},{"duration":2,"transform":{"skX":-6.37,"skY":-6.37}},{"duration":22,"curve":[0.25,0,0.75,1],"transform":{"skX":-6.37,"skY":-6.37}},{"duration":0,"transform":{}}],"name":"bone12"},{"frame":[{"duration":10,"curve":[0.25,0,1,0],"transform":{}},{"duration":5,"curve":[0.25,0,0,1],"transform":{"skX":-7.16,"skY":-7.16}},{"duration":2,"transform":{"skX":-16.63,"skY":-16.63}},{"duration":22,"curve":[0.25,0,0.75,1],"transform":{"skX":-16.63,"skY":-16.63}},{"duration":0,"transform":{}}],"name":"bone13"},{"frame":[{"duration":10,"curve":[0.25,0,1,0],"transform":{}},{"duration":5,"curve":[0.25,0,0,1],"transform":{"skX":94.34,"skY":94.34}},{"duration":2,"transform":{"skX":-27.04,"skY":-27.04}},{"duration":22,"curve":[0.25,0,0.75,1],"transform":{"skX":-27.04,"skY":-27.04}},{"duration":0,"transform":{}}],"name":"bone14"},{"frame":[{"duration":10,"curve":[0.25,0,1,0],"transform":{}},{"duration":5,"curve":[0.25,0,0,1],"transform":{"skX":-31.59,"skY":-31.59,"y":-4.47,"x":3.25}},{"duration":2,"transform":{"skX":-31.59,"skY":-31.59,"y":-9.69,"x":11.08}},{"duration":22,"curve":[0.25,0,0.75,1],"transform":{"skX":-31.59,"skY":-31.59,"y":-9.69,"x":11.08}},{"duration":0,"transform":{}}],"name":"bone15"},{"frame":[{"duration":10,"curve":[0.25,0,1,0],"transform":{}},{"duration":5,"curve":[0.25,0,0,1],"transform":{"skX":-29.77,"skY":-29.77}},{"duration":2,"transform":{"skX":-81.37,"skY":-81.37}},{"duration":22,"curve":[0.25,0,0.75,1],"transform":{"skX":-81.37,"skY":-81.37}},{"duration":0,"transform":{}}],"name":"bone16"},{"frame":[{"duration":10,"curve":[0.25,0,1,0],"transform":{}},{"duration":5,"curve":[0.25,0,0,1],"transform":{"skX":83.38,"skY":83.38,"y":2.26,"x":-4.73}},{"duration":2,"transform":{"skX":10.6,"skY":10.6,"y":6.66,"x":-3.42}},{"duration":22,"curve":[0.25,0,0.75,1],"transform":{"skX":10.6,"skY":10.6,"y":6.66,"x":-3.42}},{"duration":0,"transform":{}}],"name":"bone17"},{"frame":[{"duration":10,"transform":{}},{"duration":5,"transform":{}},{"duration":2,"transform":{}},{"duration":22,"transform":{}},{"duration":0,"transform":{}}],"name":"bone18"},{"frame":[{"duration":10,"curve":[0.25,0,1,0],"transform":{}},{"duration":5,"curve":[0.25,0,0,1],"transform":{"skX":148.91,"skY":148.91}},{"duration":2,"transform":{"skX":-8.75,"skY":-8.75}},{"duration":22,"curve":[0.25,0,0.75,1],"transform":{"skX":-8.75,"skY":-8.75}},{"duration":0,"transform":{}}],"name":"bone19"},{"frame":[{"duration":10,"transform":{}},{"duration":5,"curve":[0.25,0,0,1],"transform":{}},{"duration":2,"transform":{"skX":30.48,"skY":30.48}},{"duration":22,"curve":[0.25,0,0.75,1],"transform":{"skX":30.48,"skY":30.48}},{"duration":0,"transform":{}}],"name":"bone20"},{"frame":[{"duration":10,"curve":[0.25,0,1,0],"transform":{}},{"duration":5,"curve":[0.25,0,0,1],"transform":{"skX":49.33,"skY":49.33}},{"duration":2,"transform":{}},{"duration":22,"transform":{}},{"duration":0,"transform":{}}],"name":"bone21"},{"frame":[{"duration":10,"curve":[0.25,0,1,0],"transform":{}},{"duration":5,"curve":[0.25,0,0,1],"transform":{"scX":0.84,"x":88.45}},{"duration":2,"transform":{"scX":1.04,"x":-10.29}},{"duration":22,"curve":[0.25,0,0.75,1],"transform":{"scX":1.04,"x":-10.29}},{"duration":0,"transform":{}}],"name":"bone22"}]},{"frame":[],"ffd":[{"frame":[{"duration":10,"offset":0,"vertices":[],"tweenEasing":null},{"curve":[0.25,0,0,1],"duration":5,"offset":0,"vertices":[]},{"curve":[0.25,0,0.75,1],"duration":4,"offset":4,"vertices":[-135.6,35.89,-20.05,5.55,0,0,0,0,0,0,0,0,0,0,0,0,0,0,0,0,0,0,0,0,0,0,0,0,0,0,0,0,0,0,0,0,0,0,0,0,0,0,0,0,-186.56,-26.99,0,0,-14.47,-0.98]},{"duration":20,"offset":0,"vertices":[],"tweenEasing":null}],"scale":1,"slot":"Layer 263","offset":0,"skin":"","name":"Layer 263"}],"duration":39,"slot":[],"ik":[],"name":"Attack C","bone":[{"frame":[{"duration":10,"transform":{}},{"duration":5,"transform":{}},{"duration":4,"transform":{}},{"duration":20,"transform":{}},{"duration":0,"transform":{}}],"name":"root"},{"frame":[{"duration":10,"curve":[0.25,0,1,0],"transform":{}},{"duration":5,"curve":[0.25,0,0,1],"transform":{"y":-29.71,"x":135.44}},{"duration":4,"transform":{"y":31.51,"x":-24.21}},{"duration":20,"curve":[0.25,0,0.75,1],"transform":{"y":31.51,"x":-24.21}},{"duration":0,"transform":{}}],"name":"bone"},{"frame":[{"duration":10,"transform":{}},{"duration":5,"curve":[0.25,0,0,1],"transform":{}},{"duration":4,"transform":{"skX":-20.1,"skY":-20.1}},{"duration":20,"curve":[0.25,0,0.75,1],"transform":{"skX":-20.1,"skY":-20.1}},{"duration":0,"transform":{}}],"name":"bone2"},{"frame":[{"duration":10,"transform":{}},{"duration":5,"curve":[0.25,0,0,1],"transform":{}},{"duration":4,"transform":{"skX":-32.56,"skY":-32.56}},{"duration":20,"curve":[0.25,0,0.75,1],"transform":{"skX":-32.56,"skY":-32.56}},{"duration":0,"transform":{}}],"name":"bone3"},{"frame":[{"duration":10,"transform":{}},{"duration":5,"curve":[0.25,0,0,1],"transform":{}},{"duration":4,"transform":{"skX":50.69,"skY":50.69}},{"duration":20,"curve":[0.25,0,0.75,1],"transform":{"skX":50.69,"skY":50.69}},{"duration":0,"transform":{}}],"name":"bone4"},{"frame":[{"duration":10,"curve":[0.25,0,1,0],"transform":{}},{"duration":5,"curve":[0.25,0,0,1],"transform":{"skX":-32.43,"skY":-32.43}},{"duration":4,"transform":{"skX":32.47,"skY":32.47}},{"duration":20,"curve":[0.25,0,0.75,1],"transform":{"skX":32.47,"skY":32.47}},{"duration":0,"transform":{}}],"name":"bone5"},{"frame":[{"duration":10,"curve":[0.25,0,1,0],"transform":{}},{"duration":5,"curve":[0.25,0,0,1],"transform":{"skX":-8.26,"skY":-8.26}},{"duration":4,"transform":{"skX":42.07,"skY":42.07}},{"duration":20,"curve":[0.25,0,0.75,1],"transform":{"skX":42.07,"skY":42.07}},{"duration":0,"transform":{}}],"name":"bone6"},{"frame":[{"duration":10,"transform":{}},{"duration":5,"transform":{}},{"duration":4,"transform":{}},{"duration":20,"transform":{}},{"duration":0,"transform":{}}],"name":"bone7"},{"frame":[{"duration":10,"transform":{}},{"duration":5,"transform":{}},{"duration":4,"transform":{}},{"duration":20,"transform":{}},{"duration":0,"transform":{}}],"name":"bone8"},{"frame":[{"duration":10,"curve":[0.25,0,1,0],"transform":{}},{"duration":5,"curve":[0.25,0,0,1],"transform":{"skX":-22.92,"skY":-22.92}},{"duration":4,"transform":{"skX":9.62,"skY":9.62}},{"duration":20,"curve":[0.25,0,0.75,1],"transform":{"skX":9.62,"skY":9.62}},{"duration":0,"transform":{}}],"name":"bone9"},{"frame":[{"duration":10,"curve":[0.25,0,1,0],"transform":{}},{"duration":5,"curve":[0.25,0,0,1],"transform":{"skX":9.2,"skY":9.2}},{"duration":4,"transform":{"skX":16.82,"skY":16.82}},{"duration":20,"curve":[0.25,0,0.75,1],"transform":{"skX":16.82,"skY":16.82}},{"duration":0,"transform":{}}],"name":"bone10"},{"frame":[{"duration":10,"transform":{}},{"duration":5,"curve":[0.25,0,0,1],"transform":{}},{"duration":4,"transform":{"skX":-8.97,"skY":-8.97}},{"duration":20,"curve":[0.25,0,0.75,1],"transform":{"skX":-8.97,"skY":-8.97}},{"duration":0,"transform":{}}],"name":"bone11"},{"frame":[{"duration":10,"curve":[0.25,0,1,0],"transform":{}},{"duration":5,"curve":[0.25,0,0,1],"transform":{"skX":-10.11,"skY":-10.11}},{"duration":4,"transform":{"skX":-6.37,"skY":-6.37}},{"duration":20,"curve":[0.25,0,0.75,1],"transform":{"skX":-6.37,"skY":-6.37}},{"duration":0,"transform":{}}],"name":"bone12"},{"frame":[{"duration":10,"curve":[0.25,0,1,0],"transform":{}},{"duration":5,"curve":[0.25,0,0,1],"transform":{"skX":-7.16,"skY":-7.16}},{"duration":4,"transform":{"skX":-16.63,"skY":-16.63}},{"duration":20,"curve":[0.25,0,0.75,1],"transform":{"skX":-16.63,"skY":-16.63}},{"duration":0,"transform":{}}],"name":"bone13"},{"frame":[{"duration":10,"curve":[0.25,0,1,0],"transform":{}},{"duration":5,"curve":[0.25,0,0,1],"transform":{"skX":94.34,"skY":94.34}},{"duration":4,"transform":{"skX":-27.04,"skY":-27.04}},{"duration":20,"curve":[0.25,0,0.75,1],"transform":{"skX":-27.04,"skY":-27.04}},{"duration":0,"transform":{}}],"name":"bone14"},{"frame":[{"duration":10,"curve":[0.25,0,1,0],"transform":{}},{"duration":5,"curve":[0.25,0,0,1],"transform":{"skX":-31.59,"skY":-31.59,"y":-4.47,"x":3.25}},{"duration":4,"transform":{"skX":-31.59,"skY":-31.59,"y":-9.69,"x":11.08}},{"duration":20,"curve":[0.25,0,0.75,1],"transform":{"skX":-31.59,"skY":-31.59,"y":-9.69,"x":11.08}},{"duration":0,"transform":{}}],"name":"bone15"},{"frame":[{"duration":10,"curve":[0.25,0,1,0],"transform":{}},{"duration":5,"curve":[0.25,0,0,1],"transform":{"skX":-29.77,"skY":-29.77}},{"duration":4,"transform":{"skX":-81.37,"skY":-81.37}},{"duration":20,"curve":[0.25,0,0.75,1],"transform":{"skX":-81.37,"skY":-81.37}},{"duration":0,"transform":{}}],"name":"bone16"},{"frame":[{"duration":10,"curve":[0.25,0,1,0],"transform":{}},{"duration":5,"curve":[0.25,0,0,1],"transform":{"skX":83.38,"skY":83.38,"y":2.26,"x":-4.73}},{"duration":4,"transform":{"skX":10.6,"skY":10.6,"y":6.66,"x":-3.42}},{"duration":20,"curve":[0.25,0,0.75,1],"transform":{"skX":10.6,"skY":10.6,"y":6.66,"x":-3.42}},{"duration":0,"transform":{}}],"name":"bone17"},{"frame":[{"duration":10,"transform":{}},{"duration":5,"transform":{}},{"duration":4,"transform":{}},{"duration":20,"transform":{}},{"duration":0,"transform":{}}],"name":"bone18"},{"frame":[{"duration":10,"curve":[0.25,0,1,0],"transform":{}},{"duration":5,"curve":[0.25,0,0,1],"transform":{"skX":263.97,"skY":263.97}},{"duration":4,"transform":{"skX":57.06,"skY":57.06,"y":-11.01,"x":6.06}},{"duration":20,"curve":[0.25,0,0.75,1],"transform":{"skX":57.06,"skY":57.06,"y":-11.01,"x":6.06}},{"duration":0,"transform":{}}],"name":"bone19"},{"frame":[{"duration":10,"curve":[0.25,0,1,0],"transform":{}},{"duration":5,"curve":[0.25,0,0,1],"transform":{"skX":59.99,"skY":59.99}},{"duration":4,"transform":{"skX":7.5,"skY":7.5}},{"duration":20,"curve":[0.25,0,0.75,1],"transform":{"skX":7.5,"skY":7.5}},{"duration":0,"transform":{}}],"name":"bone20"},{"frame":[{"duration":10,"curve":[0.25,0,1,0],"transform":{}},{"duration":5,"curve":[0.25,0,0,1],"transform":{"skX":49.33,"skY":49.33}},{"duration":4,"transform":{}},{"duration":20,"transform":{}},{"duration":0,"transform":{}}],"name":"bone21"},{"frame":[{"duration":10,"curve":[0.25,0,1,0],"transform":{}},{"duration":5,"curve":[0.25,0,0,1],"transform":{"scX":0.84,"x":88.45}},{"duration":4,"transform":{"scX":1.04,"x":-10.29}},{"duration":20,"curve":[0.25,0,0.75,1],"transform":{"scX":1.04,"x":-10.29}},{"duration":0,"transform":{}}],"name":"bone22"}]},{"frame":[],"ffd":[],"duration":87,"slot":[],"ik":[],"name":"Attack D","bone":[{"frame":[{"duration":10,"transform":{}},{"duration":20,"transform":{}},{"duration":5,"transform":{}},{"duration":10,"transform":{}},{"duration":10,"transform":{}},{"duration":10,"transform":{}},{"duration":10,"transform":{}},{"duration":12,"transform":{}},{"duration":0,"transform":{}}],"name":"root"},{"frame":[{"duration":10,"curve":[0.105,0,1,0.42],"transform":{}},{"duration":20,"curve":[0.25,0,1,0],"transform":{"y":-29.71,"x":135.44}},{"duration":5,"curve":[0.25,0,0,1],"transform":{"y":-11.91,"x":163.11}},{"duration":10,"curve":[0.25,0,0.75,1],"transform":{"y":-39.85,"x":-89.23}},{"duration":10,"curve":[0.25,0,0.75,1],"transform":{"y":-21.97,"x":-89.23}},{"duration":10,"curve":[0.25,0,0.75,1],"transform":{"y":-39.85,"x":-89.23}},{"duration":10,"curve":[0.25,0,0.75,1],"transform":{"y":-21.97,"x":-89.23}},{"duration":12,"curve":[0.25,0,0.75,1],"transform":{"y":-39.85,"x":-89.23}},{"duration":0,"transform":{}}],"name":"bone"},{"frame":[{"duration":10,"transform":{}},{"duration":20,"transform":{}},{"duration":5,"curve":[0.25,0,0,1],"transform":{}},{"duration":10,"transform":{"skX":-16.6,"skY":-16.6}},{"duration":10,"transform":{"skX":-16.6,"skY":-16.6}},{"duration":10,"transform":{"skX":-16.6,"skY":-16.6}},{"duration":10,"transform":{"skX":-16.6,"skY":-16.6}},{"duration":12,"curve":[0.25,0,0.75,1],"transform":{"skX":-16.6,"skY":-16.6}},{"duration":0,"transform":{}}],"name":"bone2"},{"frame":[{"duration":10,"transform":{}},{"duration":20,"transform":{}},{"duration":5,"curve":[0.25,0,0,1],"transform":{}},{"duration":10,"transform":{"skX":-14.87,"skY":-14.87}},{"duration":10,"transform":{"skX":-14.87,"skY":-14.87}},{"duration":10,"transform":{"skX":-14.87,"skY":-14.87}},{"duration":10,"transform":{"skX":-14.87,"skY":-14.87}},{"duration":12,"curve":[0.25,0,0.75,1],"transform":{"skX":-14.87,"skY":-14.87}},{"duration":0,"transform":{}}],"name":"bone3"},{"frame":[{"duration":10,"transform":{}},{"duration":20,"transform":{}},{"duration":5,"curve":[0.25,0,0,1],"transform":{}},{"duration":10,"transform":{"skX":29.48,"skY":29.48}},{"duration":10,"transform":{"skX":29.48,"skY":29.48}},{"duration":10,"transform":{"skX":29.48,"skY":29.48}},{"duration":10,"transform":{"skX":29.48,"skY":29.48}},{"duration":12,"curve":[0.25,0,0.75,1],"transform":{"skX":29.48,"skY":29.48}},{"duration":0,"transform":{}}],"name":"bone4"},{"frame":[{"duration":10,"transform":{}},{"duration":20,"transform":{}},{"duration":5,"curve":[0.25,0,0,1],"transform":{}},{"duration":10,"transform":{"skX":29.37,"skY":29.37}},{"duration":10,"transform":{"skX":29.37,"skY":29.37}},{"duration":10,"transform":{"skX":29.37,"skY":29.37}},{"duration":10,"transform":{"skX":29.37,"skY":29.37}},{"duration":12,"curve":[0.25,0,0.75,1],"transform":{"skX":29.37,"skY":29.37}},{"duration":0,"transform":{}}],"name":"bone5"},{"frame":[{"duration":10,"transform":{}},{"duration":20,"transform":{}},{"duration":5,"curve":[0.25,0,0,1],"transform":{}},{"duration":10,"transform":{"skX":27.71,"skY":27.71}},{"duration":10,"transform":{"skX":27.71,"skY":27.71}},{"duration":10,"transform":{"skX":27.71,"skY":27.71}},{"duration":10,"transform":{"skX":27.71,"skY":27.71}},{"duration":12,"curve":[0.25,0,0.75,1],"transform":{"skX":27.71,"skY":27.71}},{"duration":0,"transform":{}}],"name":"bone6"},{"frame":[{"duration":10,"transform":{}},{"duration":20,"transform":{}},{"duration":5,"transform":{}},{"duration":10,"transform":{}},{"duration":10,"transform":{}},{"duration":10,"transform":{}},{"duration":10,"transform":{}},{"duration":12,"transform":{}},{"duration":0,"transform":{}}],"name":"bone7"},{"frame":[{"duration":10,"transform":{}},{"duration":20,"curve":[0.25,0,1,0],"transform":{}},{"duration":5,"curve":[0.25,0,0,1],"transform":{"skX":11.98,"skY":11.98,"y":7.13,"x":-1.61}},{"duration":10,"curve":[0.25,0,0.75,1],"transform":{"skX":-28.26,"skY":-28.26,"y":-2.39,"x":-1.83}},{"duration":10,"curve":[0.25,0,0.75,1],"transform":{"skX":-30.76,"skY":-30.76,"y":-2.39,"x":-1.83}},{"duration":10,"curve":[0.25,0,0.75,1],"transform":{"skX":-28.26,"skY":-28.26,"y":-2.39,"x":-1.83}},{"duration":10,"curve":[0.25,0,0.75,1],"transform":{"skX":-30.76,"skY":-30.76,"y":-2.39,"x":-1.83}},{"duration":12,"curve":[0.25,0,0.75,1],"transform":{"skX":-28.26,"skY":-28.26,"y":-2.39,"x":-1.83}},{"duration":0,"transform":{}}],"name":"bone8"},{"frame":[{"duration":10,"transform":{}},{"duration":20,"curve":[0.25,0,1,0],"transform":{}},{"duration":5,"curve":[0.25,0,0,1],"transform":{"skX":35.22,"skY":35.22}},{"duration":10,"curve":[0.25,0,0.75,1],"transform":{"skX":-36.23,"skY":-36.23}},{"duration":10,"curve":[0.25,0,0.75,1],"transform":{"skX":-18.67,"skY":-18.67}},{"duration":10,"curve":[0.25,0,0.75,1],"transform":{"skX":-36.23,"skY":-36.23}},{"duration":10,"curve":[0.25,0,0.75,1],"transform":{"skX":-18.67,"skY":-18.67}},{"duration":12,"curve":[0.25,0,0.75,1],"transform":{"skX":-36.23,"skY":-36.23}},{"duration":0,"transform":{}}],"name":"bone9"},{"frame":[{"duration":10,"curve":[0.105,0,1,0.42],"transform":{}},{"duration":20,"transform":{"skX":-25.13,"skY":-25.13}},{"duration":5,"curve":[0.25,0,0,1],"transform":{"skX":-25.13,"skY":-25.13}},{"duration":10,"curve":[0.25,0,0.75,1],"transform":{"skX":4.79,"skY":4.79}},{"duration":10,"curve":[0.25,0,0.75,1],"transform":{"skX":-8.78,"skY":-8.78}},{"duration":10,"curve":[0.25,0,0.75,1],"transform":{"skX":4.79,"skY":4.79}},{"duration":10,"curve":[0.25,0,0.75,1],"transform":{"skX":-8.78,"skY":-8.78}},{"duration":12,"curve":[0.25,0,0.75,1],"transform":{"skX":4.79,"skY":4.79}},{"duration":0,"transform":{}}],"name":"bone10"},{"frame":[{"duration":10,"transform":{}},{"duration":20,"transform":{}},{"duration":5,"transform":{}},{"duration":10,"transform":{}},{"duration":10,"transform":{}},{"duration":10,"transform":{}},{"duration":10,"transform":{}},{"duration":12,"transform":{}},{"duration":0,"transform":{}}],"name":"bone11"},{"frame":[{"duration":10,"curve":[0.105,0,1,0.42],"transform":{}},{"duration":20,"curve":[0.25,0,1,0],"transform":{"skX":-4.17,"skY":-4.17}},{"duration":5,"curve":[0.25,0,0,1],"transform":{"skX":9.09,"skY":9.09}},{"duration":10,"curve":[0.25,0,0.75,1],"transform":{"skX":9.79,"skY":9.79}},{"duration":10,"curve":[0.25,0,0.75,1],"transform":{"skX":15.74,"skY":15.74}},{"duration":10,"curve":[0.25,0,0.75,1],"transform":{"skX":9.79,"skY":9.79}},{"duration":10,"curve":[0.25,0,0.75,1],"transform":{"skX":15.74,"skY":15.74}},{"duration":12,"curve":[0.25,0,0.75,1],"transform":{"skX":9.79,"skY":9.79}},{"duration":0,"transform":{}}],"name":"bone12"},{"frame":[{"duration":10,"curve":[0.105,0,1,0.42],"transform":{}},{"duration":20,"curve":[0.25,0,1,0],"transform":{"skX":-7.16,"skY":-7.16}},{"duration":5,"curve":[0.25,0,0,1],"transform":{"skX":0.57,"skY":0.57}},{"duration":10,"curve":[0.25,0,0.75,1],"transform":{"skX":-6.48,"skY":-6.48}},{"duration":10,"curve":[0.25,0,0.75,1],"transform":{"skX":-16.73,"skY":-16.73}},{"duration":10,"curve":[0.25,0,0.75,1],"transform":{"skX":-6.48,"skY":-6.48}},{"duration":10,"curve":[0.25,0,0.75,1],"transform":{"skX":-16.73,"skY":-16.73}},{"duration":12,"curve":[0.25,0,0.75,1],"transform":{"skX":-6.48,"skY":-6.48}},{"duration":0,"transform":{}}],"name":"bone13"},{"frame":[{"duration":10,"curve":[0.105,0,1,0.42],"transform":{}},{"duration":20,"curve":[0.25,0,1,0],"transform":{"skX":62.44,"skY":62.44}},{"duration":5,"curve":[0.25,0,0,1],"transform":{"skX":-274.7,"skY":-274.7}},{"duration":10,"curve":[0.25,0,0.75,1],"transform":{"skX":9.9,"skY":9.9}},{"duration":10,"curve":[0.25,0,0.75,1],"transform":{"skX":-325.84,"skY":-325.84}},{"duration":10,"curve":[0.25,0,0.75,1],"transform":{"skX":9.9,"skY":9.9}},{"duration":10,"curve":[0.25,0,0.75,1],"transform":{"skX":-325.84,"skY":-325.84}},{"duration":12,"curve":[0.25,0,0.75,1],"transform":{"skX":9.9,"skY":9.9}},{"duration":0,"transform":{}}],"name":"bone14"},{"frame":[{"duration":10,"curve":[0.105,0,1,0.42],"transform":{}},{"duration":20,"curve":[0.25,0,1,0],"transform":{"skX":-31.59,"skY":-31.59,"y":-4.47,"x":3.25}},{"duration":5,"curve":[0.25,0,0,1],"transform":{"skX":-71.68,"skY":-71.68,"y":-4.47,"x":3.25}},{"duration":10,"curve":[0.25,0,0.75,1],"transform":{"skX":-11.82,"skY":-11.82,"y":-3.69,"x":0.15}},{"duration":10,"curve":[0.25,0,0.75,1],"transform":{"skX":-28.31,"skY":-28.31,"y":-3.69,"x":0.15}},{"duration":10,"curve":[0.25,0,0.75,1],"transform":{"skX":-11.82,"skY":-11.82,"y":-3.69,"x":0.15}},{"duration":10,"curve":[0.25,0,0.75,1],"transform":{"skX":-28.31,"skY":-28.31,"y":-3.69,"x":0.15}},{"duration":12,"curve":[0.25,0,0.75,1],"transform":{"skX":-11.82,"skY":-11.82,"y":-3.69,"x":0.15}},{"duration":0,"transform":{}}],"name":"bone15"},{"frame":[{"duration":10,"curve":[0.105,0,1,0.42],"transform":{}},{"duration":20,"curve":[0.25,0,1,0],"transform":{"skX":-29.77,"skY":-29.77}},{"duration":5,"curve":[0.25,0,0,1],"transform":{"skX":-93.62,"skY":-93.62}},{"duration":10,"curve":[0.25,0,0.75,1],"transform":{"skX":-30.42,"skY":-30.42}},{"duration":10,"curve":[0.25,0,0.75,1],"transform":{"skX":-42.55,"skY":-42.55}},{"duration":10,"curve":[0.25,0,0.75,1],"transform":{"skX":-30.42,"skY":-30.42}},{"duration":10,"curve":[0.25,0,0.75,1],"transform":{"skX":-42.55,"skY":-42.55}},{"duration":12,"curve":[0.25,0,0.75,1],"transform":{"skX":-30.42,"skY":-30.42}},{"duration":0,"transform":{}}],"name":"bone16"},{"frame":[{"duration":10,"curve":[0.105,0,1,0.42],"transform":{}},{"duration":20,"curve":[0.25,0,1,0],"transform":{"skX":-43.21,"skY":-43.21,"y":10.67,"x":8.28}},{"duration":5,"curve":[0.25,0,0,1],"transform":{"skX":-26.9,"skY":-26.9,"y":10.67,"x":8.28}},{"duration":10,"curve":[0.25,0,0.75,1],"transform":{"skX":10.45,"skY":10.45,"y":15.42,"x":7.3}},{"duration":10,"curve":[0.25,0,0.75,1],"transform":{"skX":-2.24,"skY":-2.24,"y":15.42,"x":7.3}},{"duration":10,"curve":[0.25,0,0.75,1],"transform":{"skX":10.45,"skY":10.45,"y":15.42,"x":7.3}},{"duration":10,"curve":[0.25,0,0.75,1],"transform":{"skX":-2.24,"skY":-2.24,"y":15.42,"x":7.3}},{"duration":12,"curve":[0.25,0,0.75,1],"transform":{"skX":10.45,"skY":10.45,"y":15.42,"x":7.3}},{"duration":0,"transform":{}}],"name":"bone17"},{"frame":[{"duration":10,"transform":{}},{"duration":20,"transform":{}},{"duration":5,"curve":[0.25,0,0,1],"transform":{}},{"duration":10,"transform":{"skX":23.89,"skY":23.89}},{"duration":10,"transform":{"skX":23.89,"skY":23.89}},{"duration":10,"transform":{"skX":23.89,"skY":23.89}},{"duration":10,"transform":{"skX":23.89,"skY":23.89}},{"duration":12,"curve":[0.25,0,0.75,1],"transform":{"skX":23.89,"skY":23.89}},{"duration":0,"transform":{}}],"name":"bone18"},{"frame":[{"duration":10,"curve":[0.105,0,1,0.42],"transform":{}},{"duration":20,"curve":[0.25,0,1,0],"transform":{"skX":-26.07,"skY":-26.07}},{"duration":5,"curve":[0.25,0,0,1],"transform":{"skX":-3.29,"skY":-3.29,"y":14.51,"x":5.93}},{"duration":10,"curve":[0.25,0,0.75,1],"transform":{"skX":58.74,"skY":58.74,"y":-6.35,"x":0.93}},{"duration":10,"curve":[0.25,0,0.75,1],"transform":{"skX":64.43,"skY":64.43,"y":-6.35,"x":0.93}},{"duration":10,"curve":[0.25,0,0.75,1],"transform":{"skX":58.74,"skY":58.74,"y":-6.35,"x":0.93}},{"duration":10,"curve":[0.25,0,0.75,1],"transform":{"skX":64.43,"skY":64.43,"y":-6.35,"x":0.93}},{"duration":12,"curve":[0.25,0,0.75,1],"transform":{"skX":58.74,"skY":58.74,"y":-6.35,"x":0.93}},{"duration":0,"transform":{}}],"name":"bone19"},{"frame":[{"duration":10,"transform":{}},{"duration":20,"curve":[0.25,0,1,0],"transform":{}},{"duration":5,"curve":[0.25,0,0,1],"transform":{"skX":45.7,"skY":45.7}},{"duration":10,"transform":{"skX":8.21,"skY":8.21}},{"duration":10,"transform":{"skX":8.21,"skY":8.21}},{"duration":10,"transform":{"skX":8.21,"skY":8.21}},{"duration":10,"transform":{"skX":8.21,"skY":8.21}},{"duration":12,"curve":[0.25,0,0.75,1],"transform":{"skX":8.21,"skY":8.21}},{"duration":0,"transform":{}}],"name":"bone20"},{"frame":[{"duration":10,"transform":{}},{"duration":2,"transform":{},"tweenEasing":0},{"duration":2,"transform":{"skX":80.51,"skY":80.51},"tweenEasing":0},{"duration":2,"transform":{"skX":129.75,"skY":129.75},"tweenEasing":0},{"duration":2,"transform":{"skX":-119.32,"skY":-119.32},"tweenEasing":0},{"duration":2,"transform":{"skX":-45.39,"skY":-45.39},"tweenEasing":0},{"duration":2,"transform":{"skX":80.51,"skY":80.51},"tweenEasing":0},{"duration":2,"transform":{"skX":129.75,"skY":129.75},"tweenEasing":0},{"duration":2,"transform":{"skX":-119.32,"skY":-119.32},"tweenEasing":0},{"duration":4,"transform":{"skX":-45.39,"skY":-45.39},"tweenEasing":0},{"duration":5,"curve":[0.25,0,0,1],"transform":{"skX":29.89,"skY":29.89}},{"duration":10,"transform":{"skX":9.09,"skY":9.09}},{"duration":10,"transform":{"skX":9.09,"skY":9.09}},{"duration":10,"transform":{"skX":9.09,"skY":9.09}},{"duration":10,"transform":{"skX":9.09,"skY":9.09}},{"duration":12,"curve":[0.25,0,0.75,1],"transform":{"skX":9.09,"skY":9.09}},{"duration":0,"transform":{}}],"name":"bone21"},{"frame":[{"duration":10,"curve":[0.105,0,1,0.42],"transform":{}},{"duration":20,"curve":[0.25,0,1,0],"transform":{"scX":0.84,"x":88.45}},{"duration":5,"curve":[0.25,0,0,1],"transform":{"scX":0.68,"x":88.45}},{"duration":10,"curve":[0.25,0,0.75,1],"transform":{"scX":0.96,"x":-58.81}},{"duration":10,"curve":[0.25,0,0.75,1],"transform":{"scX":1.12,"x":-58.81}},{"duration":10,"curve":[0.25,0,0.75,1],"transform":{"scX":0.96,"x":-58.81}},{"duration":10,"curve":[0.25,0,0.75,1],"transform":{"scX":1.12,"x":-58.81}},{"duration":12,"curve":[0.25,0,0.75,1],"transform":{"scX":0.96,"x":-58.81}},{"duration":0,"transform":{}}],"name":"bone22"}]},{"frame":[],"ffd":[],"duration":30,"slot":[],"ik":[],"name":"Damage","bone":[{"frame":[{"duration":10,"transform":{}},{"duration":20,"transform":{}},{"duration":0,"transform":{}}],"name":"root"},{"frame":[{"duration":10,"curve":[0.25,0,0,1],"transform":{}},{"duration":20,"curve":[0.25,0,0.75,1],"transform":{"y":15.02,"x":40.87}},{"duration":0,"transform":{}}],"name":"bone"},{"frame":[{"duration":10,"curve":[0.25,0,0,1],"transform":{}},{"duration":20,"curve":[0.25,0,0.75,1],"transform":{"skX":-12.75,"skY":-12.75}},{"duration":0,"transform":{}}],"name":"bone2"},{"frame":[{"duration":10,"transform":{}},{"duration":20,"transform":{}},{"duration":0,"transform":{}}],"name":"bone3"},{"frame":[{"duration":10,"transform":{}},{"duration":20,"transform":{}},{"duration":0,"transform":{}}],"name":"bone4"},{"frame":[{"duration":10,"curve":[0.25,0,0,1],"transform":{}},{"duration":20,"curve":[0.25,0,0.75,1],"transform":{"skX":20.76,"skY":20.76}},{"duration":0,"transform":{}}],"name":"bone5"},{"frame":[{"duration":10,"curve":[0.25,0,0,1],"transform":{}},{"duration":20,"curve":[0.25,0,0.75,1],"transform":{"skX":-23.4,"skY":-23.4}},{"duration":0,"transform":{}}],"name":"bone6"},{"frame":[{"duration":10,"transform":{}},{"duration":20,"transform":{}},{"duration":0,"transform":{}}],"name":"bone7"},{"frame":[{"duration":10,"curve":[0.25,0,0,1],"transform":{}},{"duration":20,"curve":[0.25,0,0.75,1],"transform":{"skX":-8.15,"skY":-8.15,"y":-8.43,"x":10.33}},{"duration":0,"transform":{}}],"name":"bone8"},{"frame":[{"duration":10,"curve":[0.25,0,0,1],"transform":{}},{"duration":20,"curve":[0.25,0,0.75,1],"transform":{"skX":26.1,"skY":26.1}},{"duration":0,"transform":{}}],"name":"bone9"},{"frame":[{"duration":10,"curve":[0.25,0,0,1],"transform":{}},{"duration":20,"curve":[0.25,0,0.75,1],"transform":{"skX":-10.81,"skY":-10.81}},{"duration":0,"transform":{}}],"name":"bone10"},{"frame":[{"duration":10,"transform":{}},{"duration":20,"transform":{}},{"duration":0,"transform":{}}],"name":"bone11"},{"frame":[{"duration":10,"transform":{}},{"duration":20,"transform":{}},{"duration":0,"transform":{}}],"name":"bone12"},{"frame":[{"duration":10,"transform":{}},{"duration":20,"transform":{}},{"duration":0,"transform":{}}],"name":"bone13"},{"frame":[{"duration":10,"curve":[0.25,0,0,1],"transform":{}},{"duration":20,"curve":[0.25,0,0.75,1],"transform":{"skX":18.3,"skY":18.3}},{"duration":0,"transform":{}}],"name":"bone14"},{"frame":[{"duration":10,"curve":[0.25,0,0,1],"transform":{}},{"duration":20,"curve":[0.25,0,0.75,1],"transform":{"skX":-27.85,"skY":-27.85,"x":0.56}},{"duration":0,"transform":{}}],"name":"bone15"},{"frame":[{"duration":10,"curve":[0.25,0,0,1],"transform":{}},{"duration":20,"curve":[0.25,0,0.75,1],"transform":{"skX":-52.01,"skY":-52.01}},{"duration":0,"transform":{}}],"name":"bone16"},{"frame":[{"duration":10,"curve":[0.25,0,0,1],"transform":{}},{"duration":20,"curve":[0.25,0,0.75,1],"transform":{"skX":-19.24,"skY":-19.24,"y":4.74,"x":4.52}},{"duration":0,"transform":{}}],"name":"bone17"},{"frame":[{"duration":10,"transform":{}},{"duration":20,"transform":{}},{"duration":0,"transform":{}}],"name":"bone18"},{"frame":[{"duration":10,"curve":[0.25,0,0,1],"transform":{}},{"duration":20,"curve":[0.25,0,0.75,1],"transform":{"skX":-7.47,"skY":-7.47}},{"duration":0,"transform":{}}],"name":"bone19"},{"frame":[{"duration":10,"curve":[0.25,0,0,1],"transform":{}},{"duration":20,"curve":[0.25,0,0.75,1],"transform":{"skX":33.99,"skY":33.99}},{"duration":0,"transform":{}}],"name":"bone20"},{"frame":[{"duration":10,"transform":{}},{"duration":20,"transform":{}},{"duration":0,"transform":{}}],"name":"bone21"},{"frame":[{"duration":10,"curve":[0.25,0,0,1],"transform":{}},{"duration":20,"curve":[0.25,0,0.75,1],"transform":{"scX":1.14,"x":43.08}},{"duration":0,"transform":{}}],"name":"bone22"}]},{"frame":[],"ffd":[],"duration":60,"slot":[],"ik":[],"name":"Idle","bone":[{"frame":[{"duration":60,"transform":{}},{"duration":0,"transform":{}}],"name":"root"},{"frame":[{"duration":30,"curve":[0.25,0,0.75,1],"transform":{}},{"duration":30,"curve":[0.25,0,0.75,1],"transform":{"y":-39.82}},{"duration":0,"transform":{}}],"name":"bone"},{"frame":[{"duration":60,"transform":{}},{"duration":0,"transform":{}}],"name":"bone2"},{"frame":[{"duration":60,"transform":{}},{"duration":0,"transform":{}}],"name":"bone3"},{"frame":[{"duration":60,"transform":{}},{"duration":0,"transform":{}}],"name":"bone4"},{"frame":[{"duration":30,"curve":[0.25,0,0.75,1],"transform":{}},{"duration":10,"curve":[0.265,0,0.618,0.43],"transform":{"skX":13.65,"skY":13.65}},{"duration":10,"curve":[0.325,0.31,0.675,0.69],"transform":{"skX":-16.99,"skY":-16.99}},{"duration":10,"curve":[0.382,0.57,0.735,1],"transform":{"skX":26.71,"skY":26.71}},{"duration":0,"transform":{}}],"name":"bone5"},{"frame":[{"duration":30,"curve":[0.25,0,0.75,1],"transform":{}},{"duration":10,"curve":[0.265,0,0.618,0.43],"transform":{"skX":-17.88,"skY":-17.88}},{"duration":10,"curve":[0.325,0.31,0.663,0.65],"transform":{"skX":16,"skY":16}},{"duration":10,"curve":[0.375,0.5,0.75,1],"transform":{"skX":-20.94,"skY":-20.94}},{"duration":0,"transform":{}}],"name":"bone6"},{"frame":[{"duration":60,"transform":{}},{"duration":0,"transform":{}}],"name":"bone7"},{"frame":[{"duration":60,"transform":{}},{"duration":0,"transform":{}}],"name":"bone8"},{"frame":[{"duration":60,"transform":{}},{"duration":0,"transform":{}}],"name":"bone9"},{"frame":[{"duration":30,"curve":[0.25,0,0.75,1],"transform":{}},{"duration":30,"curve":[0.25,0,0.75,1],"transform":{"skX":-30.93,"skY":-30.93}},{"duration":0,"transform":{}}],"name":"bone10"},{"frame":[{"duration":60,"transform":{}},{"duration":0,"transform":{}}],"name":"bone11"},{"frame":[{"duration":30,"curve":[0.25,0,0.75,1],"transform":{}},{"duration":30,"curve":[0.25,0,0.75,1],"transform":{"skX":-6.91,"skY":-6.91}},{"duration":0,"transform":{}}],"name":"bone12"},{"frame":[{"duration":30,"curve":[0.25,0,0.75,1],"transform":{}},{"duration":30,"curve":[0.25,0,0.75,1],"transform":{"skX":9.68,"skY":9.68}},{"duration":0,"transform":{}}],"name":"bone13"},{"frame":[{"duration":30,"curve":[0.25,0,0.75,1],"transform":{}},{"duration":30,"curve":[0.25,0,0.75,1],"transform":{"skX":-316.91,"skY":-316.91}},{"duration":0,"transform":{}}],"name":"bone14"},{"frame":[{"duration":30,"curve":[0.25,0,0.75,1],"transform":{}},{"duration":30,"curve":[0.25,0,0.75,1],"transform":{"skX":24.19,"skY":24.19,"x":-7.1}},{"duration":0,"transform":{}}],"name":"bone15"},{"frame":[{"duration":30,"curve":[0.25,0,0.75,1],"transform":{}},{"duration":30,"curve":[0.25,0,0.75,1],"transform":{"skX":-24.34,"skY":-24.34}},{"duration":0,"transform":{}}],"name":"bone16"},{"frame":[{"duration":30,"curve":[0.25,0,0.75,1],"transform":{}},{"duration":30,"curve":[0.25,0,0.75,1],"transform":{"skX":-11.17,"skY":-11.17}},{"duration":0,"transform":{}}],"name":"bone17"},{"frame":[{"duration":60,"transform":{}},{"duration":0,"transform":{}}],"name":"bone18"},{"frame":[{"duration":30,"curve":[0.25,0,0.75,1],"transform":{}},{"duration":30,"curve":[0.25,0,0.75,1],"transform":{"skX":-5.95,"skY":-5.95}},{"duration":0,"transform":{}}],"name":"bone19"},{"frame":[{"duration":60,"transform":{}},{"duration":0,"transform":{}}],"name":"bone20"},{"frame":[{"duration":60,"transform":{}},{"duration":0,"transform":{}}],"name":"bone21"},{"frame":[{"duration":30,"curve":[0.25,0,0.75,1],"transform":{}},{"duration":30,"curve":[0.25,0,0.75,1],"transform":{"scX":0.86}},{"duration":0,"transform":{}}],"name":"bone22"}]}],"skin":[{"name":"","slot":[{"display":[{"path":"Layer 252","type":"image","name":"Layer 252","transform":{"skX":-164.46,"skY":-164.46,"y":-22.89,"x":39.66}}],"name":"Layer 252"},{"display":[{"slotPose":[1,0,0,1,0,0],"vertices":[-28.93,-241.07,-37.3,-234.43,-61.61,-220.36,-79.86,-200.6,-111.58,-176.66,-105.5,-173.24,-116.71,-160.32,-117.69,-142.46,-110.07,-147.21,-117.69,-120.23,-102.08,-128.02,-107.68,-90.51,-100.08,-97.16,-101.6,-78.53,-92.3,-53.08,-72.91,-83.85,-67.21,-65.42,-53.71,-77.77,-46.31,-47.43,-22.18,-79.29,-12.55,-62.98,3.79,-47.43,15.38,-73.24,17.29,-84.07,28.5,-72.67,33.62,-87.11,43.31,-73.43,45.03,-102.69,64.98,-85.02,69.35,-98.52,87.16,-90.88,82.6,-99.62,91.91,-93.53,91.91,-99.24,113.95,-86.32,109.01,-111.97,113.95,-108.74,112.99,-142.37,120.98,-138.76,116.41,-163.08,108.62,-181.7,128.19,-183.41,139.31,-191.59,121.22,-208.21,73.78,-220.79,23.81,-232.56,14.32,-242.43,-69.46,-157.97,-66.72,-135.18,-31.06,-159.44,-29.57,-132.22,-9.32,-92.98,17.69,-137.29,21.49,-152.69,29.53,-149.93,31.64,-163.64,49.16,-154.15,52.53,-179.47,93.26,-165.76,-55.85,-170.29,-48.93,-186.53,-35.08,-209.11,-2.56,-133.26,-1.06,-156.44,-1.97,-168.48,33.26,-179.32,20.01,-200.98,5.56,-215.43,-9.61,-218.14,-80.35,-175.4,-62.29,-190.75,-47.84,-215.43,-85.51,-139.83,-49.39,-131.71,18.04,-111.84,37,-127.49,75.54,-133.52,98.41,-141.95,-58.42,-107.93,-77.99,-131.11,-28.32,-107.93,-22.44,-118.4,-84.01,-100.4,-89.43,-117.25,-92.13,-126.59,-102.37,-160.3,-37.05,-82.64,56.82,-123.58,89.63,-114.86,81.5,-149.17],"path":"Layer 254","weights":[3,9,0.94663,4,0.00843,10,0.04494,2,9,0.99613,10,0.00387,1,9,1,1,9,1,1,9,1,1,9,1,1,9,1,1,9,1,1,9,1,1,9,1,1,9,1,1,9,1,2,9,0.99172,4,0.00828,2,9,0.98587,4,0.01413,1,9,1,2,9,0.80882,4,0.19118,2,9,0.6611,4,0.3389,2,9,0.52032,4,0.47968,2,9,0.3419,4,0.6581,2,9,0.1417,4,0.8583,2,9,0.0072,4,0.9928,1,4,1,2,4,0.99316,10,0.00684,2,4,0.95788,10,0.04212,2,4,0.92295,10,0.07705,2,4,0.87153,10,0.12847,2,4,0.85592,10,0.14408,2,4,0.64842,10,0.35158,2,4,0.40346,10,0.59654,2,4,0.34048,10,0.65952,2,4,0.23374,10,0.76626,2,4,0.21821,10,0.78179,2,4,0.16237,10,0.83763,2,4,0.15312,10,0.84688,2,4,0.09513,10,0.90487,2,4,0.08443,10,0.91557,2,4,0.0787,10,0.9213,2,4,0.00811,10,0.99189,1,10,1,1,10,1,1,10,1,1,10,1,1,10,1,1,10,1,1,10,1,1,10,1,2,9,0.00659,10,0.99341,1,9,1,2,9,0.9395,4,0.0605,2,9,0.47713,4,0.52287,2,9,0.31338,4,0.68662,2,9,0.02945,4,0.97055,2,4,0.8324,10,0.1676,2,4,0.71529,10,0.28471,2,4,0.61449,10,0.38551,2,4,0.47395,10,0.52605,2,4,0.31007,10,0.68993,2,4,0.05997,10,0.94003,1,10,1,1,9,1,1,9,1,1,9,1,2,4,0.99475,10,0.00525,2,4,0.97344,10,0.02656,2,4,0.96154,10,0.03846,2,4,0.27917,10,0.72083,2,4,0.19705,10,0.80295,2,4,0.2302,10,0.7698,2,4,0.94521,10,0.05479,1,9,1,1,9,1,1,9,1,1,9,1,2,9,0.6888,4,0.3112,2,4,0.8979,10,0.1021,2,4,0.63894,10,0.36106,2,4,0.1791,10,0.8209,2,4,0.03249,10,0.96751,2,9,0.70313,4,0.29687,2,9,0.99193,4,0.00807,2,9,0.23613,4,0.76387,2,9,0.16459,4,0.83541,2,9,0.94149,4,0.05851,2,9,0.99898,4,0.00102,1,9,1,1,9,1,2,9,0.32686,4,0.67314,2,4,0.40986,10,0.59014,2,4,0.14613,10,0.85387,2,4,0.06848,10,0.93152],"triangles":[43,41,42,39,37,38,43,40,41,77,35,37,44,40,43,77,88,35,40,58,39,77,37,39,58,77,39,88,33,35,44,58,40,44,57,58,76,88,77,89,76,77,58,89,77,88,31,33,57,89,58,76,87,88,87,29,88,29,31,88,57,56,89,31,29,30,56,76,89,66,57,44,56,87,76,45,66,44,27,28,29,87,27,29,66,65,57,56,75,87,25,26,27,55,56,57,75,27,87,54,75,56,65,55,57,55,54,56,75,74,27,74,25,27,67,66,45,74,23,25,54,52,75,52,74,75,53,54,55,23,24,25,64,55,65,66,64,65,53,52,54,64,53,55,51,23,74,64,63,53,46,67,45,63,52,53,67,64,66,68,64,67,20,21,22,63,62,52,68,67,46,51,22,23,51,20,22,0,68,46,19,20,51,68,61,64,61,60,64,81,80,51,60,49,64,64,49,63,50,62,63,49,50,63,50,81,62,80,19,51,0,1,68,1,61,68,80,86,19,86,18,19,50,80,81,17,18,86,1,71,61,60,59,49,49,73,50,50,73,80,73,78,80,71,60,61,70,60,71,2,71,1,78,15,17,48,78,73,2,70,71,70,59,60,2,3,70,48,79,78,70,69,59,15,16,17,69,47,59,3,69,70,13,14,15,69,85,47,82,13,15,12,13,82,3,5,69,72,84,79,84,83,79,4,5,3,5,85,69,83,12,82,10,84,72,8,10,72,84,10,83,5,6,85,6,8,85,6,7,8,9,8,10,12,10,83,11,10,12,33,31,32,35,33,34,35,36,37,72,8,47,85,8,47,73,48,49,59,47,49,47,48,49,74,51,52,81,51,62,62,51,52,78,15,79,83,82,79,79,82,15,48,79,47,72,79,47,86,17,80,78,17,80],"type":"mesh","transform":{},"userEdges":[8,47,47,48,48,49,49,50,51,52,52,53,53,54,54,55,55,56,56,57,57,58,58,44,15,79,79,47,17,80,50,81,81,51,80,81,12,83,19,51],"uvs":[0.34536,0.00699,0.31283,0.04109,0.2182,0.11319,0.14723,0.21453,0.02376,0.3373,0.04742,0.35483,0.0038,0.42109,0,0.51268,0.02968,0.48832,0,0.62668,0.06073,0.58673,0.03894,0.77912,0.06852,0.74502,0.0626,0.8405,0.09883,0.97107,0.17424,0.81322,0.19641,0.90773,0.2489,0.8444,0.27774,1,0.37163,0.83661,0.40908,0.92029,0.47266,1,0.51776,0.86767,0.52515,0.81214,0.56877,0.8706,0.58873,0.79655,0.62644,0.8667,0.63309,0.71665,0.71072,0.80726,0.72772,0.73808,0.797,0.77729,0.77926,0.73247,0.81549,0.76364,0.81549,0.73441,0.90124,0.80067,0.88202,0.66913,0.90124,0.6857,0.89755,0.51324,0.9286,0.53175,0.91085,0.40703,0.88054,0.31154,0.95669,0.30277,1,0.26088,0.92958,0.1756,0.74503,0.11106,0.55059,0.05065,0.51363,0,0.18768,0.43317,0.19835,0.55003,0.3371,0.4256,0.34285,0.56518,0.42166,0.76644,0.52675,0.53921,0.54153,0.46022,0.57281,0.47443,0.58102,0.40409,0.64916,0.45278,0.6623,0.32294,0.82075,0.39327,0.24063,0.37001,0.26757,0.28665,0.32144,0.17088,0.44793,0.55987,0.45379,0.44101,0.45028,0.37927,0.58731,0.3237,0.53577,0.21256,0.47956,0.13847,0.42053,0.12458,0.14529,0.34377,0.21557,0.26504,0.27178,0.13847,0.1252,0.52617,0.26575,0.56784,0.5281,0.66972,0.60189,0.58945,0.7518,0.55858,0.84081,0.51536,0.23061,0.68979,0.15448,0.57093,0.34773,0.68979,0.37061,0.63608,0.13106,0.72838,0.10998,0.64194,0.09944,0.59409,0.05962,0.4212,0.31377,0.81945,0.67898,0.60952,0.80664,0.65429,0.77502,0.47832],"width":257,"edges":[7,8,8,9,9,10,10,11,11,12,12,13,13,14,14,15,15,16,16,17,17,18,18,19,19,20,20,21,21,22,22,23,23,24,24,25,25,26,26,27,27,28,28,29,29,30,30,31,31,32,32,33,33,34,34,35,35,36,36,37,37,38,38,39,39,40,40,41,41,42,42,43,43,44,44,45,45,46,46,0,0,1,1,2,2,3,3,4,4,5,5,6,6,7],"height":195,"name":"Layer 254","bonePose":[9,-0.5546992156114054,0.8320509480795582,-0.8320509480795582,-0.5546992156114054,-20.991393310565048,-221.22325654765095,4,0.07602293535370325,0.9971060692324596,-0.9971060692324596,0.07602293535370325,-11.34,-218.81,10,0.8256062107545518,0.564246741030474,-0.564246741030474,0.8256062107545518,4.338494081738949,-223.63589093628076]}],"name":"Layer 254"},{"display":[{"path":"Layer 253","type":"image","name":"Layer 253","transform":{"skX":-39.7,"skY":-39.7,"y":-7.8,"x":44.84}}],"name":"Layer 253"},{"display":[{"slotPose":[1,0,0,1,0,0],"vertices":[6.07,-254.04,7.62,-259.04,21.89,-271.66,26.32,-280.46,26.31,-289.15,13.44,-294.27,10,-297.44,-3.33,-292.84,-1.67,-287.96,-11.07,-283.32,-24.75,-277.84,-26.65,-271.89,-21.18,-262.02,-23.68,-254.99,-25.35,-257.85,-39.21,-244.54,-45.69,-224.19,-31.84,-230.26,-32.08,-220.39,-21.6,-228.37,-16.96,-226.46,-10.42,-216.46,-3.39,-228.48,19.81,-209.44,19.34,-228.72,15.88,-243.59,-22.93,-248.88,-19.54,-247.02,-9.34,-248.82,-8.86,-246.36,-2.38,-246.72,-0.04,-254.63,-10.54,-254.8,-9.28,-262.79,-15.34,-272.51,-2.86,-279.95,5.67,-285.31,-0.03,-255.66,2.01,-265.08,4.71,-274.44,-2.49,-273.72,13.77,-280.14,-22.78,-237.44],"path":"Layer 258","weights":[2,3,0.97906,8,0.02094,2,3,0.66735,8,0.33265,1,8,1,1,8,1,1,8,1,1,8,1,1,8,1,1,8,1,2,3,0.0012,8,0.9988,2,3,0.09017,8,0.90983,2,3,0.32947,8,0.67053,2,3,0.38997,8,0.61003,2,3,0.71045,8,0.28955,2,3,0.9568,8,0.0432,2,3,0.97508,8,0.02492,1,3,1,1,3,1,1,3,1,1,3,1,1,3,1,1,3,1,1,3,1,1,3,1,1,3,1,1,3,1,1,3,1,2,3,0.98913,8,0.01087,2,3,0.99324,8,0.00676,2,3,0.99825,8,0.00175,2,3,0.99994,8,0.00006,1,3,1,1,3,1,2,3,0.96247,8,0.03753,2,3,0.7287,8,0.2713,2,3,0.33007,8,0.66993,2,3,0.01527,8,0.98473,1,8,1,2,3,0.99993,8,0.00007,2,3,0.05488,8,0.94512,1,8,1,2,3,0.03371,8,0.96629,1,8,1,1,3,1],"triangles":[41,2,3,41,3,4,5,41,4,22,23,24,41,39,2,39,1,2,39,38,1,25,22,24,36,41,5,0,30,25,30,22,25,36,39,41,6,36,5,8,36,6,7,8,6,35,39,36,31,30,0,37,0,1,38,37,1,40,38,39,37,31,0,8,35,36,35,40,39,29,22,30,33,37,38,40,33,38,33,32,37,28,30,31,37,32,31,32,28,31,42,20,29,29,20,22,34,33,40,28,29,30,8,9,35,20,21,22,27,42,29,27,29,28,32,27,28,12,32,33,34,12,33,42,19,20,13,27,32,12,13,32,10,34,9,13,26,27,11,12,34,10,11,34,26,42,27,26,15,42,42,17,19,17,18,19,13,15,26,15,17,42,14,15,13,15,16,17,40,34,35,9,34,35],"type":"mesh","transform":{},"userEdges":[13,26,26,27,27,28,28,29,29,30,30,31,27,32,32,33,33,34,34,35,35,36,8,36,36,5,37,38,38,39,34,40,39,41],"uvs":[0.7188,0.49309,0.74029,0.43629,0.93862,0.29295,1,0.19288,1,0.09417,0.82127,0.03602,0.77334,0,0.58823,0.05225,0.61137,0.10769,0.4808,0.16043,0.29073,0.22263,0.26429,0.29025,0.34032,0.40248,0.30561,0.48227,0.28247,0.44981,0.08985,0.601,0,0.83224,0.19232,0.76327,0.18901,0.87551,0.33446,0.78491,0.39891,0.80654,0.48982,0.92013,0.58733,0.78355,0.90962,1,0.90301,0.78085,0.85508,0.61182,0.31601,0.55172,0.36311,0.57289,0.50478,0.55244,0.51144,0.58039,0.60144,0.5763,0.63394,0.4863,0.48811,0.48441,0.50561,0.39373,0.42144,0.28328,0.59477,0.19874,0.71327,0.1378,0.63411,0.47476,0.66244,0.36771,0.69994,0.26135,0.59994,0.26953,0.82577,0.19658,0.31807,0.68166],"width":72,"edges":[16,17,17,18,18,19,19,20,20,21,21,22,22,23,23,24,24,25,25,0,0,1,1,2,2,3,3,4,4,5,5,6,6,7,7,8,8,9,9,10,10,11,11,12,12,13,13,14,14,15,15,16],"height":88,"name":"Layer 258","bonePose":[3,0.25915620104749154,-0.9658354225532588,0.9658354225532588,0.25915620104749154,-11.02,-220.65,8,0.23327564973460785,-0.972410649489657,0.972410649489657,0.23327564973460785,0.5720568728542954,-263.8518184508073]}],"name":"Layer 258"},{"display":[{"slotPose":[1,0,0,1,0,0],"vertices":[-82.46,-227.37,-73.94,-246.94,-43.38,-275.89,-36.04,-263.58,-31.4,-266.6,-28.26,-263.36,-22.64,-263.9,-20.37,-266.6,-19.41,-276.11,-20.72,-283.88,-16.07,-290.43,-14.02,-285.93,-8.41,-287.98,-2.69,-287.23,5.64,-280,8.53,-270.39,-0.08,-260.34,-10.99,-255.69,-13.8,-246.52,-19.09,-245.32,-19.74,-238.85,-24.92,-239.17,-25.46,-222.53,-52.02,-211.52,-71.7,-202.43,-82.47,-214.88,-30.67,-249.35,-22.51,-252.32,-14.37,-261.81,-5.09,-274.28],"path":"Layer 256","weights":[1,15,1,2,12,0.00029,15,0.99971,2,12,0.45045,15,0.54955,2,12,0.72002,15,0.27998,2,12,0.92598,15,0.07402,2,12,0.97608,15,0.02392,1,12,1,1,12,1,1,12,1,1,12,1,1,12,1,1,12,1,1,12,1,1,12,1,1,12,1,1,12,1,1,12,1,1,12,1,2,12,0.98014,15,0.01986,2,12,0.86688,15,0.13312,2,12,0.6542,15,0.3458,2,12,0.41656,15,0.58344,2,12,0.00529,15,0.99471,1,15,1,1,15,1,1,15,1,2,12,0.80452,15,0.19548,2,12,0.98721,15,0.01279,1,12,1,1,12,1],"triangles":[14,29,15,29,16,15,13,29,14,12,29,13,29,28,16,28,17,16,12,11,29,7,28,29,8,7,29,11,8,29,9,8,11,27,18,17,28,27,17,6,27,28,27,19,18,10,9,11,7,6,28,5,27,6,27,26,19,26,21,19,19,21,20,5,26,27,3,26,5,26,23,21,21,23,22,1,23,26,4,3,5,3,1,26,2,1,3,1,0,23,25,24,23,0,25,23],"type":"mesh","transform":{},"userEdges":[3,26,5,27,7,28,28,16],"uvs":[0.00237,0.71653,0.09369,0.49416,0.42956,0.16525,0.51026,0.30516,0.5613,0.2708,0.59572,0.30762,0.65743,0.30148,0.68235,0.2708,0.69303,0.1628,0.67868,0.07443,0.72971,0,0.75226,0.05112,0.81398,0.0278,0.87688,0.03639,0.96826,0.11862,1,0.22784,0.90536,0.34198,0.78549,0.39475,0.75464,0.49907,0.69648,0.51257,0.68936,0.58621,0.63239,0.58252,0.62646,0.77152,0.3345,0.89671,0.11829,1,0,0.8585,0.56919,0.46681,0.65889,0.43308,0.7483,0.32528,0.85037,0.18358],"width":91,"edges":[25,24,24,23,23,22,22,21,21,20,20,19,19,18,18,17,17,16,16,15,15,14,14,13,13,12,12,11,11,10,10,9,9,8,8,7,7,6,6,5,5,4,4,3,3,2,2,1,1,0,0,25],"height":88,"name":"Layer 256","bonePose":[15,-0.7573370820970797,0.6530241527544607,-0.6530241527544607,-0.7573370820970797,-32.92097804761779,-250.0367479482106,12,-0.7601792191427744,0.6497134405131864,-0.6497134405131864,-0.7601792191427744,-3.15996161817817,-275.47302914430185]}],"name":"Layer 256"},{"display":[{"path":"Layer 260","type":"image","name":"Layer 260","transform":{"skX":107.57,"skY":107.57,"y":4.28,"x":23.09}}],"name":"Layer 260"},{"display":[{"path":"Layer 250","type":"image","name":"Layer 250","transform":{"y":1.01,"x":6.46}}],"name":"Layer 250"},{"display":[{"path":"Layer 261","type":"image","name":"Layer 261","transform":{"skX":110.06,"skY":110.06,"y":1.17,"x":23.22}}],"name":"Layer 261"},{"display":[{"path":"Layer 255","type":"image","name":"Layer 255","transform":{"skX":-22.73,"skY":-22.73,"y":-0.39,"x":117.08}}],"name":"Layer 255"},{"display":[{"triangles":[14,16,15,13,16,14,12,18,13,18,17,16,13,18,16,10,9,11,12,19,18,12,11,19,11,28,19,28,20,19,9,26,11,26,28,11,22,21,20,5,26,9,7,5,9,8,7,9,28,22,20,6,5,7,27,22,28,26,27,28,23,22,27,5,3,26,4,3,5,1,0,2,24,23,26,0,24,26,26,23,27,0,25,24,2,3,26,0,2,26],"width":188,"type":"mesh","vertices":[172.62,0.06,139.06,24.06,132.44,16.22,41.26,13,47.95,19.23,28.39,21.74,22.67,29,13.37,30.38,5.39,26.46,2.03,20.18,-10.92,32.48,-3.1,8.23,-6.43,5.81,-19.65,5.83,-31.86,5.04,-42.14,-1.27,-19.14,-4.89,-14.83,-9.63,-10.55,-6.95,-6.16,-11.37,19.06,-15.12,40.61,-11.85,30.59,-6.73,57.93,-5.45,133,-12.14,142.52,-15.88,24.37,5.96,27.59,-0.77,20.02,-1.99],"transform":{},"uvs":[0,1,0.09335,0.68358,0.14441,0.71409,0.5759,0.36019,0.52867,0.34189,0.61292,0.24223,0.62058,0.16494,0.66016,0.11613,0.70739,0.11206,0.73931,0.1446,0.76739,0,0.7942,0.21172,0.8159,0.21579,0.87718,0.16087,0.9359,0.11613,1,0.12019,0.90271,0.24223,0.89505,0.29511,0.86824,0.29307,0.85931,0.34392,0.75207,0.47613,0.64356,0.54121,0.67675,0.46189,0.63335,0.4924,0.21558,0.92605,0.18112,0.99317,0.6726,0.34232,0.67516,0.40537,0.71346,0.383],"path":"Layer 263","edges":[0,25,25,24,24,23,23,22,22,21,21,20,20,19,19,18,18,17,17,16,16,15,15,14,14,13,13,12,12,11,11,10,10,9,9,8,8,7,7,6,6,5,5,4,4,3,3,2,2,1,1,0],"height":118,"name":"Layer 263","userEdges":[3,26,26,27,27,28,28,22,0,26]}],"name":"Layer 263"},{"display":[{"path":"Layer 262","type":"image","name":"Layer 262","transform":{"skX":70.42,"skY":70.42,"y":-0.01,"x":32.95}}],"name":"Layer 262"},{"display":[{"slotPose":[1,0,0,1,0,0],"vertices":[7.79,-292.69,-4.13,-282.74,-5.69,-268.72,0.58,-259.02,9.89,-240.55,13.16,-260.86,18.01,-258.76,16.96,-245.27,23.77,-246.32,22.73,-237.02,52.47,-216.97,57.45,-201.45,66.35,-205.32,80.32,-204.79,77.98,-216.19,80.32,-232.7,76.27,-233.48,52.43,-277.62,40.25,-272.91,39.33,-275.66,28.06,-273.04,27.41,-276.97,47.71,-285.23,54.39,-293.44,37.62,-291.91,28.06,-287.98,18.5,-293.44,18.36,-271.73,23.47,-265.71],"path":"Layer 259","weights":[1,11,1,1,11,1,1,11,1,1,11,1,1,11,1,2,11,0.9992,18,0.0008,2,11,0.93286,18,0.06714,2,11,0.47215,18,0.52785,2,11,0.25241,18,0.74759,2,11,0.02143,18,0.97857,1,18,1,1,18,1,1,18,1,1,18,1,1,18,1,1,18,1,1,18,1,2,11,0.2152,18,0.7848,2,11,0.51622,18,0.48378,2,11,0.61326,18,0.38674,2,11,0.96529,18,0.03471,2,11,0.99867,18,0.00133,1,11,1,1,11,1,1,11,1,1,11,1,1,11,1,1,11,1,1,11,1],"triangles":[17,18,16,16,14,15,14,12,13,8,10,16,18,8,16,16,10,14,10,12,14,8,9,10,10,11,12,28,8,18,24,22,23,20,28,18,20,18,19,28,6,8,26,27,21,21,27,20,27,28,20,26,21,25,0,27,26,6,7,8,5,6,28,27,5,28,1,2,27,0,1,27,2,5,27,2,3,5,3,4,5,24,21,22,25,21,24],"type":"mesh","transform":{},"userEdges":[5,27,27,21,6,28],"uvs":[0.1567,0.00816,0.01808,0.11638,0,0.26873,0.07292,0.3741,0.18107,0.57487,0.21915,0.35417,0.27551,0.37695,0.26333,0.52361,0.34254,0.51222,0.33035,0.61332,0.67613,0.83118,0.73401,1,0.83759,0.95791,1,0.9636,0.97278,0.83972,1,0.66031,0.95298,0.65176,0.67575,0.17191,0.53408,0.22317,0.52342,0.19327,0.39242,0.22174,0.38481,0.17903,0.62091,0.08932,0.69859,0,0.50362,0.0167,0.39242,0.05942,0.28122,0,0.2797,0.23598,0.33911,0.30148],"width":86,"edges":[2,3,3,4,4,5,5,6,6,7,7,8,8,9,9,10,10,11,11,12,12,13,13,14,14,15,15,16,16,17,17,18,18,19,19,20,20,21,21,22,22,23,23,24,24,25,25,26,26,0,0,1,1,2],"height":92,"name":"Layer 259","bonePose":[11,0.7011581929675424,0.7130057422170529,-0.7130057422170529,0.7011581929675424,13.186191402605385,-276.138221914203,18,0.6808487114452566,0.7324240794262118,-0.7324240794262118,0.6808487114452566,30.238358655576015,-258.7979222634842]}],"name":"Layer 259"},{"display":[{"slotPose":[1,0,0,1,0,0],"vertices":[-95.67,-225.38,-95.68,-256.75,-68.72,-280.25,-34.47,-287,-24.72,-290.88,-21.59,-299.63,-22.27,-306.82,1.73,-323.18,29.69,-330.44,40.2,-319.12,60.45,-305.25,85.62,-289.46,103.12,-279.83,114.61,-265.08,117.32,-251.2,114,-237.59,105.25,-221.19,76.39,-197.53,19.26,-172.26,26.39,-202.89,-10.33,-164.51,-35.71,-173.75,-63.48,-199.22,-70.48,-217.34,-76.85,-194.09,-26.31,-203.97,-21.23,-230.39,-8.28,-257.31,3.66,-286.52,-1.17,-305.83,-69.49,-235.21,-57.55,-253.75,-35.46,-260.11,-15.39,-280.43,-11.33,-297.19,23.97,-306.33,46.58,-277.63,42.52,-233.69,68.22,-221.5,78.12,-242.84,70.76,-274.58,44.08,-303.28],"path":"Layer 251","weights":[1,21,1,1,21,1,1,21,1,1,21,1,2,16,0.03031,21,0.96969,3,16,0.19475,21,0.80469,22,0.00056,3,16,0.28952,21,0.70605,22,0.00443,3,16,0.58971,21,0.16377,22,0.24651,3,16,0.21018,21,0.00127,22,0.78854,2,16,0.04868,22,0.95132,1,22,1,1,22,1,1,22,1,1,22,1,1,22,1,1,22,1,2,16,0.03747,22,0.96253,2,16,0.50031,22,0.49969,1,16,1,2,16,0.98564,21,0.01436,2,16,0.68986,21,0.31014,2,16,0.57125,21,0.42875,2,16,0.26647,21,0.73353,2,16,0.06239,21,0.93761,1,21,1,2,16,0.52395,21,0.47605,2,16,0.42697,21,0.57303,2,16,0.40868,21,0.59132,2,16,0.69801,21,0.30199,3,16,0.60667,21,0.32774,22,0.0656,2,16,0.01191,21,0.98809,1,21,1,2,16,0.01697,21,0.98303,1,21,1,3,16,0.2721,21,0.72512,22,0.00278,3,16,0.39384,21,0.00262,22,0.60354,2,16,0.18285,22,0.81715,2,16,0.7767,22,0.2233,2,16,0.40951,22,0.59049,2,16,0.06878,22,0.93122,1,22,1,1,22,1],"triangles":[13,39,14,39,15,14,12,39,13,39,16,15,40,39,12,39,38,16,38,17,16,11,40,12,10,40,11,36,37,40,19,18,17,40,37,39,37,38,39,10,36,40,38,19,17,41,36,10,37,19,38,9,41,10,27,37,36,28,27,36,41,35,36,35,28,36,9,35,41,26,19,37,27,26,37,8,35,9,7,35,8,26,25,19,29,28,35,7,29,35,25,21,20,33,27,28,29,34,28,34,33,28,6,29,7,6,34,29,6,5,34,4,33,34,33,32,27,32,26,27,5,4,34,4,3,33,3,32,33,32,31,26,31,30,26,23,25,26,30,23,26,23,22,25,22,21,25,2,31,32,2,32,3,1,30,31,2,1,31,0,24,23,0,23,30,1,0,30,25,20,19],"type":"mesh","transform":{},"userEdges":[],"uvs":[0,0.62166,0,0.43601,0.12659,0.29696,0.28739,0.25702,0.33316,0.23409,0.34783,0.18232,0.34469,0.13986,0.45736,0.04296,0.58865,0,0.63794,0.06704,0.73301,0.14914,0.85118,0.24259,0.93334,0.29955,0.98733,0.38683,1,0.46893,0.98439,0.54955,0.94331,0.64656,0.80783,0.78656,0.53964,0.93597,0.57309,0.75475,0.4007,0.98189,0.28156,0.92716,0.15116,0.77649,0.1183,0.66924,0.08837,0.80681,0.32568,0.74839,0.34953,0.59208,0.41035,0.43276,0.4664,0.25992,0.44374,0.1457,0.12296,0.56352,0.17901,0.45381,0.28275,0.41623,0.37696,0.296,0.39604,0.1968,0.56179,0.14269,0.66793,0.31253,0.64885,0.57254,0.76947,0.64468,0.81597,0.51843,0.78139,0.33056,0.65618,0.16073],"width":213,"edges":[0,24,24,23,23,22,22,21,21,20,20,19,19,18,18,17,17,16,16,15,15,14,14,13,13,12,12,11,11,10,10,9,9,8,8,7,7,6,6,5,5,4,4,3,3,2,2,1,1,0],"height":169,"name":"Layer 251","bonePose":[21,-0.8287446662061637,0.5596269098558743,-0.5596269098558743,-0.8287446662061637,-9.435540058141669,-282.3468638530393,16,0.22018671674730145,0.9754577437121732,-0.9754577437121732,0.22018671674730145,10.885006859015109,-293.55628279371723,22,0.6559272973281133,0.7548240726287399,-0.7548240726287399,0.6559272973281133,36.382911728775106,-304.3556229241451]}],"name":"Layer 251"},{"display":[{"path":"Layer 257","type":"image","name":"Layer 257","transform":{"skX":-26.09,"skY":-26.09,"y":-7.57,"x":34.1}}],"name":"Layer 257"}]}],"defaultActions":[{"gotoAndPlay":"Attack A"}],"aabb":{"width":397.37957469349044,"y":-397.44363163891467,"height":397.00363163891467,"x":-170.05862677810046},"type":"Armature","name":"ygg","bone":[{"transform":{},"name":"root"},{"transform":{"y":-17.45,"x":-1.15},"name":"bone22","parent":"root"},{"transform":{"y":-221.06,"x":-10.76},"name":"bone","parent":"root"},{"length":44,"transform":{"skX":-74.98,"skY":-74.98,"y":0.41,"x":-0.26},"parent":"bone","name":"bone2"},{"length":169,"transform":{"skX":85.64,"skY":85.64,"y":2.25,"x":-0.58},"parent":"bone","name":"bone11"},{"length":58,"transform":{"skX":164.46,"skY":164.46,"y":44.45,"x":-67.85},"parent":"bone","name":"bone14"},{"length":39,"transform":{"skX":26.09,"skY":26.09,"y":51.93,"x":37.62},"parent":"bone","name":"bone15"},{"length":77,"transform":{"skX":39.7,"skY":39.7,"y":30.98,"x":101.59},"parent":"bone","name":"bone16"},{"length":24,"transform":{"skX":-1.53,"skY":-1.53,"x":44.73},"parent":"bone2","name":"bone3"},{"length":129,"transform":{"skX":38.05,"skY":38.05,"y":9.44,"x":-3.14},"parent":"bone11","name":"bone12"},{"length":133,"transform":{"skX":-51.29,"skY":-51.29,"y":-16,"x":-3.62},"parent":"bone11","name":"bone13"},{"length":24,"transform":{"skX":121.99,"skY":121.99,"y":9.4,"x":14.89},"parent":"bone3","name":"bone17"},{"length":39,"transform":{"skX":-144.01,"skY":-144.01,"y":-6.34,"x":10.43},"parent":"bone3","name":"bone19"},{"length":234,"transform":{"skX":99.23,"skY":99.23,"y":1.9,"x":22.53},"parent":"bone3","name":"bone10"},{"length":50,"transform":{"skX":-33.55,"skY":-33.55,"x":24.04},"parent":"bone3","name":"bone4"},{"length":55,"transform":{"skX":-0.25,"skY":-0.25,"x":39.15},"parent":"bone19","name":"bone20"},{"length":88,"transform":{"skX":-172.66,"skY":-172.66,"y":6.59,"x":4.33},"parent":"bone4","name":"bone7"},{"length":65,"transform":{"skX":39.63,"skY":39.63,"y":21.99,"x":39.52},"parent":"bone4","name":"bone5"},{"length":67,"transform":{"skX":1.61,"skY":1.61,"x":24.32},"parent":"bone17","name":"bone18"},{"length":55,"transform":{"skX":2.48,"skY":2.48,"y":-20.81,"x":36.24},"parent":"bone4","name":"bone6"},{"length":170,"transform":{"skX":11.5,"skY":11.5,"y":-0.07,"x":57.02},"parent":"bone20","name":"bone21"},{"length":85,"transform":{"skX":68.69,"skY":68.69,"y":22.29,"x":6.46},"parent":"bone7","name":"bone9"},{"length":87,"transform":{"skX":-28.27,"skY":-28.27,"y":-27.25,"x":-4.92},"parent":"bone7","name":"bone8"}]}],"isGlobal":0,"name":"ygg","version":"5.0"}