{"frameRate":30,"armature":[{"type":"Armature","frameRate":30,"animation":[{"frame":[],"ffd":[],"bone":[{"frame":[{"duration":10,"transform":{}},{"duration":5,"transform":{}},{"duration":3,"transform":{}},{"duration":22,"transform":{}},{"duration":0,"transform":{}}],"name":"root"},{"frame":[{"curve":[0.25,0,1,0],"duration":10,"transform":{}},{"curve":[0.25,0,0,1],"duration":5,"transform":{"y":-28.73,"x":102.52}},{"duration":3,"transform":{"y":64.33,"x":-121.67}},{"curve":[0.25,0,0.75,1],"duration":22,"transform":{"y":64.33,"x":-121.67}},{"duration":0,"transform":{}}],"name":"bone"},{"frame":[{"duration":10,"transform":{}},{"duration":5,"transform":{}},{"duration":3,"transform":{}},{"duration":22,"transform":{}},{"duration":0,"transform":{}}],"name":"bone2"},{"frame":[{"curve":[0.25,0,1,0],"duration":10,"transform":{}},{"curve":[0.25,0,0,1],"duration":5,"transform":{"skX":-13.86,"skY":-13.86}},{"duration":3,"transform":{"skX":-19.15,"skY":-19.15}},{"curve":[0.25,0,0.75,1],"duration":22,"transform":{"skX":-19.15,"skY":-19.15}},{"duration":0,"transform":{}}],"name":"bone3"},{"frame":[{"curve":[0.25,0,1,0],"duration":10,"transform":{}},{"curve":[0.25,0,0,1],"duration":5,"transform":{"skX":21.2,"skY":21.2}},{"duration":3,"transform":{"skX":-14.28,"skY":-14.28}},{"curve":[0.25,0,0.75,1],"duration":22,"transform":{"skX":-14.28,"skY":-14.28}},{"duration":0,"transform":{}}],"name":"bone4"},{"frame":[{"duration":10,"transform":{}},{"curve":[0.25,0,0,1],"duration":5,"transform":{}},{"duration":3,"transform":{"skX":28.48,"skY":28.48}},{"curve":[0.25,0,0.75,1],"duration":22,"transform":{"skX":28.48,"skY":28.48}},{"duration":0,"transform":{}}],"name":"bone5"},{"frame":[{"curve":[0.25,0,1,0],"duration":10,"transform":{}},{"curve":[0.25,0,0,1],"duration":5,"transform":{"skX":-26.53,"skY":-26.53}},{"duration":3,"transform":{"skX":3.95,"skY":3.95,"y":2.11,"x":0.18}},{"curve":[0.25,0,0.75,1],"duration":22,"transform":{"skX":3.95,"skY":3.95,"y":2.11,"x":0.18}},{"duration":0,"transform":{}}],"name":"bone6"},{"frame":[{"curve":[0.25,0,1,0],"duration":10,"transform":{}},{"curve":[0.25,0,0,1],"duration":5,"transform":{"skX":75.3,"skY":75.3}},{"duration":3,"transform":{"skX":-10.36,"skY":-10.36}},{"curve":[0.25,0,0.75,1],"duration":22,"transform":{"skX":-10.36,"skY":-10.36}},{"duration":0,"transform":{}}],"name":"bone7"},{"frame":[{"curve":[0.25,0,1,0],"duration":10,"transform":{}},{"curve":[0.25,0,0,1],"duration":5,"transform":{"skX":142.07,"skY":142.07}},{"duration":3,"transform":{"skX":-3.93,"skY":-3.93}},{"curve":[0.25,0,0.75,1],"duration":22,"transform":{"skX":-3.93,"skY":-3.93}},{"duration":0,"transform":{}}],"name":"bone8"},{"frame":[{"curve":[0.25,0,1,0],"duration":10,"transform":{}},{"duration":5,"transform":{"skX":22.05,"skY":22.05}},{"duration":3,"transform":{"skX":22.05,"skY":22.05}},{"curve":[0.25,0,0.75,1],"duration":22,"transform":{"skX":22.05,"skY":22.05}},{"duration":0,"transform":{}}],"name":"bone9"},{"frame":[{"duration":10,"transform":{}},{"duration":5,"transform":{}},{"duration":3,"transform":{}},{"duration":22,"transform":{}},{"duration":0,"transform":{}}],"name":"bone10"},{"frame":[{"duration":10,"transform":{}},{"curve":[0.25,0,0,1],"duration":5,"transform":{}},{"duration":3,"transform":{"skX":5.4,"skY":5.4}},{"curve":[0.25,0,0.75,1],"duration":22,"transform":{"skX":5.4,"skY":5.4}},{"duration":0,"transform":{}}],"name":"bone11"},{"frame":[{"curve":[0.25,0,1,0],"duration":10,"transform":{}},{"curve":[0.25,0,0,1],"duration":5,"transform":{"skX":-34.36,"skY":-34.36}},{"duration":3,"transform":{"skX":-76.1,"skY":-76.1}},{"curve":[0.25,0,0.75,1],"duration":22,"transform":{"skX":-76.1,"skY":-76.1}},{"duration":0,"transform":{}}],"name":"bone12"},{"frame":[{"duration":10,"transform":{}},{"curve":[0.25,0,0,1],"duration":5,"transform":{}},{"duration":3,"transform":{"skX":51.25,"skY":51.25}},{"curve":[0.25,0,0.75,1],"duration":22,"transform":{"skX":51.25,"skY":51.25}},{"duration":0,"transform":{}}],"name":"bone13"},{"frame":[{"curve":[0.25,0,1,0],"duration":10,"transform":{}},{"curve":[0.25,0,0,1],"duration":5,"transform":{"skX":-7.69,"skY":-7.69}},{"duration":3,"transform":{"skX":79.32,"skY":79.32}},{"curve":[0.25,0,0.75,1],"duration":22,"transform":{"skX":79.32,"skY":79.32}},{"duration":0,"transform":{}}],"name":"bone14"},{"frame":[{"duration":10,"transform":{}},{"duration":5,"transform":{}},{"duration":3,"transform":{}},{"duration":22,"transform":{}},{"duration":0,"transform":{}}],"name":"bone15"},{"frame":[{"curve":[0.25,0,1,0],"duration":10,"transform":{}},{"curve":[0.25,0,0,1],"duration":5,"transform":{"skX":15.54,"skY":15.54}},{"duration":3,"transform":{"skX":1.18,"skY":1.18}},{"curve":[0.25,0,0.75,1],"duration":22,"transform":{"skX":1.18,"skY":1.18}},{"duration":0,"transform":{}}],"name":"bone16"},{"frame":[{"curve":[0.25,0,1,0],"duration":10,"transform":{}},{"curve":[0.25,0,0,1],"duration":5,"transform":{"skX":-11.13,"skY":-11.13}},{"duration":3,"transform":{"skX":-34.03,"skY":-34.03}},{"curve":[0.25,0,0.75,1],"duration":22,"transform":{"skX":-34.03,"skY":-34.03}},{"duration":0,"transform":{}}],"name":"bone17"},{"frame":[{"curve":[0.25,0,1,0],"duration":10,"transform":{}},{"curve":[0.25,0,0,1],"duration":5,"transform":{"scX":0.9,"x":42.92}},{"duration":3,"transform":{"scX":1.18,"x":-80.96}},{"curve":[0.25,0,0.75,1],"duration":22,"transform":{"scX":1.18,"x":-80.96}},{"duration":0,"transform":{}}],"name":"bone18"}],"slot":[],"duration":40,"name":"Attack A","ik":[]},{"frame":[],"ffd":[],"bone":[{"frame":[{"duration":10,"transform":{}},{"duration":5,"transform":{}},{"duration":3,"transform":{}},{"duration":23,"transform":{}},{"duration":0,"transform":{}}],"name":"root"},{"frame":[{"curve":[0.25,0,1,0],"duration":10,"transform":{}},{"curve":[0.25,0,0,1],"duration":5,"transform":{"y":-28.73,"x":102.52}},{"duration":3,"transform":{"y":64.33,"x":-121.67}},{"curve":[0.25,0,0.75,1],"duration":23,"transform":{"y":64.33,"x":-121.67}},{"duration":0,"transform":{}}],"name":"bone"},{"frame":[{"duration":10,"transform":{}},{"duration":5,"transform":{}},{"duration":3,"transform":{}},{"duration":23,"transform":{}},{"duration":0,"transform":{}}],"name":"bone2"},{"frame":[{"duration":10,"transform":{}},{"curve":[0.25,0,0,1],"duration":5,"transform":{}},{"duration":3,"transform":{"skX":-19.15,"skY":-19.15}},{"curve":[0.25,0,0.75,1],"duration":23,"transform":{"skX":-19.15,"skY":-19.15}},{"duration":0,"transform":{}}],"name":"bone3"},{"frame":[{"duration":10,"transform":{}},{"curve":[0.25,0,0,1],"duration":5,"transform":{}},{"duration":3,"transform":{"skX":-5.17,"skY":-5.17}},{"curve":[0.25,0,0.75,1],"duration":23,"transform":{"skX":-5.17,"skY":-5.17}},{"duration":0,"transform":{}}],"name":"bone4"},{"frame":[{"duration":10,"transform":{}},{"curve":[0.25,0,0,1],"duration":5,"transform":{}},{"duration":3,"transform":{"skX":28.48,"skY":28.48}},{"curve":[0.25,0,0.75,1],"duration":23,"transform":{"skX":28.48,"skY":28.48}},{"duration":0,"transform":{}}],"name":"bone5"},{"frame":[{"curve":[0.25,0,1,0],"duration":10,"transform":{}},{"curve":[0.25,0,0,1],"duration":5,"transform":{"skX":-29.22,"skY":-29.22}},{"duration":3,"transform":{"skX":-4.82,"skY":-4.82,"y":10.31,"x":-7.79}},{"curve":[0.25,0,0.75,1],"duration":23,"transform":{"skX":-4.82,"skY":-4.82,"y":10.31,"x":-7.79}},{"duration":0,"transform":{}}],"name":"bone6"},{"frame":[{"curve":[0.25,0,1,0],"duration":10,"transform":{}},{"curve":[0.25,0,0,1],"duration":5,"transform":{"skX":-10.36,"skY":-10.36}},{"duration":3,"transform":{"skX":26.99,"skY":26.99}},{"curve":[0.25,0,0.75,1],"duration":23,"transform":{"skX":26.99,"skY":26.99}},{"duration":0,"transform":{}}],"name":"bone7"},{"frame":[{"curve":[0.25,0,1,0],"duration":10,"transform":{}},{"curve":[0.25,0,0,1],"duration":5,"transform":{"skX":302.18,"skY":302.18}},{"duration":3,"transform":{"skX":63.72,"skY":63.72}},{"curve":[0.25,0,0.75,1],"duration":23,"transform":{"skX":63.72,"skY":63.72}},{"duration":0,"transform":{}}],"name":"bone8"},{"frame":[{"curve":[0.25,0,1,0],"duration":10,"transform":{}},{"curve":[0.25,0,0,1],"duration":5,"transform":{"skX":59.27,"skY":59.27}},{"duration":3,"transform":{"skX":-15.24,"skY":-15.24}},{"curve":[0.25,0,0.75,1],"duration":23,"transform":{"skX":-15.24,"skY":-15.24}},{"duration":0,"transform":{}}],"name":"bone9"},{"frame":[{"duration":10,"transform":{}},{"curve":[0.25,0,0,1],"duration":5,"transform":{}},{"duration":3,"transform":{"skX":-19.63,"skY":-19.63}},{"curve":[0.25,0,0.75,1],"duration":23,"transform":{"skX":-19.63,"skY":-19.63}},{"duration":0,"transform":{}}],"name":"bone10"},{"frame":[{"duration":10,"transform":{}},{"curve":[0.25,0,0,1],"duration":5,"transform":{}},{"duration":3,"transform":{"skX":5.4,"skY":5.4}},{"curve":[0.25,0,0.75,1],"duration":23,"transform":{"skX":5.4,"skY":5.4}},{"duration":0,"transform":{}}],"name":"bone11"},{"frame":[{"curve":[0.25,0,1,0],"duration":10,"transform":{}},{"curve":[0.25,0,0,1],"duration":5,"transform":{"skX":-34.36,"skY":-34.36}},{"duration":3,"transform":{"skX":-76.1,"skY":-76.1}},{"curve":[0.25,0,0.75,1],"duration":23,"transform":{"skX":-76.1,"skY":-76.1}},{"duration":0,"transform":{}}],"name":"bone12"},{"frame":[{"duration":10,"transform":{}},{"curve":[0.25,0,0,1],"duration":5,"transform":{}},{"duration":3,"transform":{"skX":51.25,"skY":51.25}},{"curve":[0.25,0,0.75,1],"duration":23,"transform":{"skX":51.25,"skY":51.25}},{"duration":0,"transform":{}}],"name":"bone13"},{"frame":[{"curve":[0.25,0,1,0],"duration":10,"transform":{}},{"curve":[0.25,0,0,1],"duration":5,"transform":{"skX":-7.69,"skY":-7.69}},{"duration":3,"transform":{"skX":79.32,"skY":79.32}},{"curve":[0.25,0,0.75,1],"duration":23,"transform":{"skX":79.32,"skY":79.32}},{"duration":0,"transform":{}}],"name":"bone14"},{"frame":[{"duration":10,"transform":{}},{"duration":5,"transform":{}},{"duration":3,"transform":{}},{"duration":23,"transform":{}},{"duration":0,"transform":{}}],"name":"bone15"},{"frame":[{"curve":[0.25,0,1,0],"duration":10,"transform":{}},{"curve":[0.25,0,0,1],"duration":5,"transform":{"skX":15.54,"skY":15.54}},{"duration":3,"transform":{"skX":1.18,"skY":1.18}},{"curve":[0.25,0,0.75,1],"duration":23,"transform":{"skX":1.18,"skY":1.18}},{"duration":0,"transform":{}}],"name":"bone16"},{"frame":[{"curve":[0.25,0,1,0],"duration":10,"transform":{}},{"curve":[0.25,0,0,1],"duration":5,"transform":{"skX":-11.13,"skY":-11.13}},{"duration":3,"transform":{"skX":-34.03,"skY":-34.03}},{"curve":[0.25,0,0.75,1],"duration":23,"transform":{"skX":-34.03,"skY":-34.03}},{"duration":0,"transform":{}}],"name":"bone17"},{"frame":[{"curve":[0.25,0,1,0],"duration":10,"transform":{}},{"curve":[0.25,0,0,1],"duration":5,"transform":{"scX":0.9,"x":42.92}},{"duration":3,"transform":{"scX":1.18,"x":-80.96}},{"curve":[0.25,0,0.75,1],"duration":23,"transform":{"scX":1.18,"x":-80.96}},{"duration":0,"transform":{}}],"name":"bone18"}],"slot":[],"duration":41,"name":"Attack B","ik":[]},{"frame":[],"ffd":[],"bone":[{"frame":[{"duration":10,"transform":{}},{"duration":5,"transform":{}},{"duration":3,"transform":{}},{"duration":23,"transform":{}},{"duration":0,"transform":{}}],"name":"root"},{"frame":[{"curve":[0.25,0,1,0],"duration":10,"transform":{}},{"curve":[0.25,0,0,1],"duration":5,"transform":{"y":-28.73,"x":102.52}},{"duration":3,"transform":{"y":64.33,"x":-121.67}},{"curve":[0.25,0,0.75,1],"duration":23,"transform":{"y":64.33,"x":-121.67}},{"duration":0,"transform":{}}],"name":"bone"},{"frame":[{"duration":10,"transform":{}},{"duration":5,"transform":{}},{"duration":3,"transform":{}},{"duration":23,"transform":{}},{"duration":0,"transform":{}}],"name":"bone2"},{"frame":[{"duration":10,"transform":{}},{"curve":[0.25,0,0,1],"duration":5,"transform":{}},{"duration":3,"transform":{"skX":-19.15,"skY":-19.15}},{"curve":[0.25,0,0.75,1],"duration":23,"transform":{"skX":-19.15,"skY":-19.15}},{"duration":0,"transform":{}}],"name":"bone3"},{"frame":[{"duration":10,"transform":{}},{"curve":[0.25,0,0,1],"duration":5,"transform":{}},{"duration":3,"transform":{"skX":-5.17,"skY":-5.17}},{"curve":[0.25,0,0.75,1],"duration":23,"transform":{"skX":-5.17,"skY":-5.17}},{"duration":0,"transform":{}}],"name":"bone4"},{"frame":[{"duration":10,"transform":{}},{"curve":[0.25,0,0,1],"duration":5,"transform":{}},{"duration":3,"transform":{"skX":28.48,"skY":28.48}},{"curve":[0.25,0,0.75,1],"duration":23,"transform":{"skX":28.48,"skY":28.48}},{"duration":0,"transform":{}}],"name":"bone5"},{"frame":[{"curve":[0.25,0,1,0],"duration":10,"transform":{}},{"curve":[0.25,0,0,1],"duration":5,"transform":{"skX":-29.22,"skY":-29.22}},{"duration":3,"transform":{"skX":-4.82,"skY":-4.82,"y":10.31,"x":-7.79}},{"curve":[0.25,0,0.75,1],"duration":23,"transform":{"skX":-4.82,"skY":-4.82,"y":10.31,"x":-7.79}},{"duration":0,"transform":{}}],"name":"bone6"},{"frame":[{"curve":[0.25,0,1,0],"duration":10,"transform":{}},{"curve":[0.25,0,0,1],"duration":5,"transform":{"skX":-10.36,"skY":-10.36}},{"duration":3,"transform":{"skX":26.99,"skY":26.99}},{"curve":[0.25,0,0.75,1],"duration":23,"transform":{"skX":26.99,"skY":26.99}},{"duration":0,"transform":{}}],"name":"bone7"},{"frame":[{"curve":[0.25,0,1,0],"duration":10,"transform":{}},{"curve":[0.25,0,0,1],"duration":5,"transform":{"skX":302.18,"skY":302.18}},{"duration":3,"transform":{"skX":63.72,"skY":63.72}},{"curve":[0.25,0,0.75,1],"duration":23,"transform":{"skX":63.72,"skY":63.72}},{"duration":0,"transform":{}}],"name":"bone8"},{"frame":[{"curve":[0.25,0,1,0],"duration":10,"transform":{}},{"curve":[0.25,0,0,1],"duration":5,"transform":{"skX":59.27,"skY":59.27}},{"duration":3,"transform":{"skX":-15.24,"skY":-15.24}},{"curve":[0.25,0,0.75,1],"duration":23,"transform":{"skX":-15.24,"skY":-15.24}},{"duration":0,"transform":{}}],"name":"bone9"},{"frame":[{"curve":[0.25,0,0.6,0],"duration":2,"transform":{}},{"curve":[0.308,0.14,0.654,0.43],"duration":2,"transform":{"skX":-36.03,"skY":-36.03}},{"curve":[0.346,0.21,0.692,0.53],"duration":2,"transform":{"skX":-113.85,"skY":-113.85}},{"curve":[0.4,0.24,0.75,0.57],"duration":2,"transform":{"skX":-193.95,"skY":-193.95}},{"curve":[0.625,0.26,1,0.59],"duration":2,"transform":{"skX":86.98,"skY":86.98}},{"curve":[0.25,0,0,1],"duration":5,"transform":{}},{"duration":3,"transform":{"skX":-19.63,"skY":-19.63}},{"curve":[0.25,0,0.75,1],"duration":23,"transform":{"skX":-19.63,"skY":-19.63}},{"duration":0,"transform":{}}],"name":"bone10"},{"frame":[{"duration":10,"transform":{}},{"curve":[0.25,0,0,1],"duration":5,"transform":{}},{"duration":3,"transform":{"skX":5.4,"skY":5.4}},{"curve":[0.25,0,0.75,1],"duration":23,"transform":{"skX":5.4,"skY":5.4}},{"duration":0,"transform":{}}],"name":"bone11"},{"frame":[{"curve":[0.25,0,1,0],"duration":10,"transform":{}},{"curve":[0.25,0,0,1],"duration":5,"transform":{"skX":-34.36,"skY":-34.36}},{"duration":3,"transform":{"skX":-76.1,"skY":-76.1}},{"curve":[0.25,0,0.75,1],"duration":23,"transform":{"skX":-76.1,"skY":-76.1}},{"duration":0,"transform":{}}],"name":"bone12"},{"frame":[{"duration":10,"transform":{}},{"curve":[0.25,0,0,1],"duration":5,"transform":{}},{"duration":3,"transform":{"skX":51.25,"skY":51.25}},{"curve":[0.25,0,0.75,1],"duration":23,"transform":{"skX":51.25,"skY":51.25}},{"duration":0,"transform":{}}],"name":"bone13"},{"frame":[{"curve":[0.25,0,1,0],"duration":10,"transform":{}},{"curve":[0.25,0,0,1],"duration":5,"transform":{"skX":-7.69,"skY":-7.69}},{"duration":3,"transform":{"skX":79.32,"skY":79.32}},{"curve":[0.25,0,0.75,1],"duration":23,"transform":{"skX":79.32,"skY":79.32}},{"duration":0,"transform":{}}],"name":"bone14"},{"frame":[{"duration":10,"transform":{}},{"duration":5,"transform":{}},{"duration":3,"transform":{}},{"duration":23,"transform":{}},{"duration":0,"transform":{}}],"name":"bone15"},{"frame":[{"curve":[0.25,0,1,0],"duration":10,"transform":{}},{"curve":[0.25,0,0,1],"duration":5,"transform":{"skX":15.54,"skY":15.54}},{"duration":3,"transform":{"skX":1.18,"skY":1.18}},{"curve":[0.25,0,0.75,1],"duration":23,"transform":{"skX":1.18,"skY":1.18}},{"duration":0,"transform":{}}],"name":"bone16"},{"frame":[{"curve":[0.25,0,1,0],"duration":10,"transform":{}},{"curve":[0.25,0,0,1],"duration":5,"transform":{"skX":-11.13,"skY":-11.13}},{"duration":3,"transform":{"skX":-34.03,"skY":-34.03}},{"curve":[0.25,0,0.75,1],"duration":23,"transform":{"skX":-34.03,"skY":-34.03}},{"duration":0,"transform":{}}],"name":"bone17"},{"frame":[{"curve":[0.25,0,1,0],"duration":10,"transform":{}},{"curve":[0.25,0,0,1],"duration":5,"transform":{"scX":0.9,"x":42.92}},{"duration":3,"transform":{"scX":1.18,"x":-80.96}},{"curve":[0.25,0,0.75,1],"duration":23,"transform":{"scX":1.18,"x":-80.96}},{"duration":0,"transform":{}}],"name":"bone18"}],"slot":[],"duration":41,"name":"Attack C","ik":[]},{"frame":[],"ffd":[],"bone":[{"frame":[{"duration":10,"transform":{}},{"duration":5,"transform":{}},{"duration":7,"transform":{}},{"duration":22,"transform":{}},{"duration":0,"transform":{}}],"name":"root"},{"frame":[{"curve":[0.25,0,1,0],"duration":10,"transform":{}},{"curve":[0.25,0,0,1],"duration":5,"transform":{"y":-28.73,"x":102.52}},{"duration":7,"transform":{"y":10.37,"x":51.45}},{"curve":[0.25,0,0.75,1],"duration":22,"transform":{"y":10.37,"x":51.45}},{"duration":0,"transform":{}}],"name":"bone"},{"frame":[{"duration":10,"transform":{}},{"duration":5,"transform":{}},{"duration":7,"transform":{}},{"duration":22,"transform":{}},{"duration":0,"transform":{}}],"name":"bone2"},{"frame":[{"duration":10,"transform":{}},{"duration":5,"transform":{}},{"duration":7,"transform":{}},{"duration":22,"transform":{}},{"duration":0,"transform":{}}],"name":"bone3"},{"frame":[{"duration":10,"transform":{}},{"curve":[0.25,0,0,1],"duration":5,"transform":{}},{"duration":7,"transform":{"skX":8.97,"skY":8.97}},{"curve":[0.25,0,0.75,1],"duration":22,"transform":{"skX":8.97,"skY":8.97}},{"duration":0,"transform":{}}],"name":"bone4"},{"frame":[{"duration":10,"transform":{}},{"duration":5,"transform":{}},{"duration":7,"transform":{}},{"duration":22,"transform":{}},{"duration":0,"transform":{}}],"name":"bone5"},{"frame":[{"curve":[0.211,0,0.632,0],"duration":5,"transform":{}},{"curve":[0.538,0.14,1,0.43],"duration":5,"transform":{"skX":-272.49,"skY":-272.49}},{"curve":[0.25,0,0,1],"duration":5,"transform":{"skX":-167.17,"skY":-167.17}},{"duration":7,"transform":{"skX":-180.05,"skY":-180.05}},{"curve":[0.25,0,0.75,1],"duration":22,"transform":{"skX":-180.05,"skY":-180.05}},{"duration":0,"transform":{}}],"name":"bone6"},{"frame":[{"curve":[0.25,0,1,0],"duration":10,"transform":{}},{"curve":[0.25,0,0,1],"duration":5,"transform":{"skX":-10.36,"skY":-10.36}},{"duration":7,"transform":{"skX":20.32,"skY":20.32}},{"curve":[0.25,0,0.75,1],"duration":22,"transform":{"skX":20.32,"skY":20.32}},{"duration":0,"transform":{}}],"name":"bone7"},{"frame":[{"curve":[0.25,0,1,0],"duration":10,"transform":{}},{"curve":[0.25,0,0,1],"duration":5,"transform":{"skX":302.18,"skY":302.18}},{"duration":7,"transform":{"skX":-76.99,"skY":-76.99}},{"curve":[0.25,0,0.75,1],"duration":22,"transform":{"skX":-76.99,"skY":-76.99}},{"duration":0,"transform":{}}],"name":"bone8"},{"frame":[{"curve":[0.25,0,1,0],"duration":10,"transform":{}},{"duration":5,"transform":{"skX":59.27,"skY":59.27}},{"duration":7,"transform":{"skX":59.27,"skY":59.27}},{"curve":[0.25,0,0.75,1],"duration":22,"transform":{"skX":59.27,"skY":59.27}},{"duration":0,"transform":{}}],"name":"bone9"},{"frame":[{"duration":10,"transform":{}},{"duration":5,"transform":{}},{"duration":7,"transform":{}},{"duration":22,"transform":{}},{"duration":0,"transform":{}}],"name":"bone10"},{"frame":[{"duration":10,"transform":{}},{"curve":[0.25,0,0,1],"duration":5,"transform":{}},{"duration":7,"transform":{"skX":-5.02,"skY":-5.02}},{"curve":[0.25,0,0.75,1],"duration":22,"transform":{"skX":-5.02,"skY":-5.02}},{"duration":0,"transform":{}}],"name":"bone11"},{"frame":[{"curve":[0.25,0,1,0],"duration":10,"transform":{}},{"curve":[0.25,0,0,1],"duration":5,"transform":{"skX":-34.36,"skY":-34.36}},{"duration":7,"transform":{"skX":-61.34,"skY":-61.34}},{"curve":[0.25,0,0.75,1],"duration":22,"transform":{"skX":-61.34,"skY":-61.34}},{"duration":0,"transform":{}}],"name":"bone12"},{"frame":[{"duration":10,"transform":{}},{"curve":[0.25,0,0,1],"duration":5,"transform":{}},{"duration":7,"transform":{"skX":9.42,"skY":9.42}},{"curve":[0.25,0,0.75,1],"duration":22,"transform":{"skX":9.42,"skY":9.42}},{"duration":0,"transform":{}}],"name":"bone13"},{"frame":[{"curve":[0.25,0,1,0],"duration":10,"transform":{}},{"curve":[0.25,0,0,1],"duration":5,"transform":{"skX":-7.69,"skY":-7.69}},{"duration":7,"transform":{"skX":37.62,"skY":37.62}},{"curve":[0.25,0,0.75,1],"duration":22,"transform":{"skX":37.62,"skY":37.62}},{"duration":0,"transform":{}}],"name":"bone14"},{"frame":[{"duration":10,"transform":{}},{"duration":5,"transform":{}},{"duration":7,"transform":{}},{"duration":22,"transform":{}},{"duration":0,"transform":{}}],"name":"bone15"},{"frame":[{"curve":[0.25,0,1,0],"duration":10,"transform":{}},{"curve":[0.25,0,0,1],"duration":5,"transform":{"skX":15.54,"skY":15.54}},{"duration":7,"transform":{"skX":32.43,"skY":32.43}},{"curve":[0.25,0,0.75,1],"duration":22,"transform":{"skX":32.43,"skY":32.43}},{"duration":0,"transform":{}}],"name":"bone16"},{"frame":[{"curve":[0.25,0,1,0],"duration":10,"transform":{}},{"curve":[0.25,0,0,1],"duration":5,"transform":{"skX":-11.13,"skY":-11.13}},{"duration":7,"transform":{"skX":-24.42,"skY":-24.42}},{"curve":[0.25,0,0.75,1],"duration":22,"transform":{"skX":-24.42,"skY":-24.42}},{"duration":0,"transform":{}}],"name":"bone17"},{"frame":[{"curve":[0.25,0,1,0],"duration":10,"transform":{}},{"curve":[0.25,0,0,1],"duration":5,"transform":{"scX":0.8,"x":42.92}},{"duration":7,"transform":{"scX":1.2,"x":42.92}},{"curve":[0.25,0,0.75,1],"duration":22,"transform":{"scX":1.2,"x":42.92}},{"duration":0,"transform":{}}],"name":"bone18"}],"slot":[{"frame":[{"tweenEasing":0,"duration":14},{"tweenEasing":0,"duration":1,"displayIndex":1},{"tweenEasing":0,"duration":7,"displayIndex":1},{"tweenEasing":null,"duration":22,"displayIndex":1}],"name":"Layer 2 copy"}],"duration":44,"name":"Attack D","ik":[]},{"frame":[],"ffd":[],"bone":[{"frame":[{"duration":10,"transform":{}},{"duration":5,"transform":{}},{"duration":3,"transform":{}},{"duration":22,"transform":{}},{"duration":0,"transform":{}}],"name":"root"},{"frame":[{"curve":[0.25,0,1,0],"duration":10,"transform":{}},{"curve":[0.25,0,0,1],"duration":5,"transform":{"y":-28.73,"x":102.52}},{"duration":3,"transform":{"y":64.33,"x":-121.67}},{"curve":[0.25,0,0.75,1],"duration":22,"transform":{"y":64.33,"x":-121.67}},{"duration":0,"transform":{}}],"name":"bone"},{"frame":[{"duration":10,"transform":{}},{"duration":5,"transform":{}},{"duration":3,"transform":{}},{"duration":22,"transform":{}},{"duration":0,"transform":{}}],"name":"bone2"},{"frame":[{"curve":[0.25,0,1,0],"duration":10,"transform":{}},{"curve":[0.25,0,0,1],"duration":5,"transform":{"skX":-13.86,"skY":-13.86}},{"duration":3,"transform":{"skX":-19.15,"skY":-19.15}},{"curve":[0.25,0,0.75,1],"duration":22,"transform":{"skX":-19.15,"skY":-19.15}},{"duration":0,"transform":{}}],"name":"bone3"},{"frame":[{"curve":[0.25,0,1,0],"duration":10,"transform":{}},{"curve":[0.25,0,0,1],"duration":5,"transform":{"skX":21.2,"skY":21.2}},{"duration":3,"transform":{"skX":-14.28,"skY":-14.28}},{"curve":[0.25,0,0.75,1],"duration":22,"transform":{"skX":-14.28,"skY":-14.28}},{"duration":0,"transform":{}}],"name":"bone4"},{"frame":[{"duration":10,"transform":{}},{"curve":[0.25,0,0,1],"duration":5,"transform":{}},{"duration":3,"transform":{"skX":28.48,"skY":28.48}},{"curve":[0.25,0,0.75,1],"duration":22,"transform":{"skX":28.48,"skY":28.48}},{"duration":0,"transform":{}}],"name":"bone5"},{"frame":[{"curve":[0.25,0,1,0],"duration":10,"transform":{}},{"curve":[0.25,0,0,1],"duration":5,"transform":{"skX":-26.53,"skY":-26.53}},{"duration":3,"transform":{"skX":3.95,"skY":3.95,"y":2.11,"x":0.18}},{"curve":[0.25,0,0.75,1],"duration":22,"transform":{"skX":3.95,"skY":3.95,"y":2.11,"x":0.18}},{"duration":0,"transform":{}}],"name":"bone6"},{"frame":[{"curve":[0.25,0,1,0],"duration":10,"transform":{}},{"curve":[0.25,0,0,1],"duration":5,"transform":{"skX":75.3,"skY":75.3}},{"duration":3,"transform":{"skX":-10.36,"skY":-10.36}},{"curve":[0.25,0,0.75,1],"duration":22,"transform":{"skX":-10.36,"skY":-10.36}},{"duration":0,"transform":{}}],"name":"bone7"},{"frame":[{"curve":[0.25,0,1,0],"duration":10,"transform":{}},{"curve":[0.25,0,0,1],"duration":5,"transform":{"skX":142.07,"skY":142.07}},{"duration":3,"transform":{"skX":-3.93,"skY":-3.93}},{"curve":[0.25,0,0.75,1],"duration":22,"transform":{"skX":-3.93,"skY":-3.93}},{"duration":0,"transform":{}}],"name":"bone8"},{"frame":[{"curve":[0.25,0,1,0],"duration":10,"transform":{}},{"duration":5,"transform":{"skX":22.05,"skY":22.05}},{"duration":3,"transform":{"skX":22.05,"skY":22.05}},{"curve":[0.25,0,0.75,1],"duration":22,"transform":{"skX":22.05,"skY":22.05}},{"duration":0,"transform":{}}],"name":"bone9"},{"frame":[{"curve":[0.25,0,0.6,0],"duration":2,"transform":{}},{"curve":[0.308,0.14,0.654,0.43],"duration":2,"transform":{"skX":51.67,"skY":51.67}},{"curve":[0.346,0.21,0.692,0.53],"duration":2,"transform":{"skX":111.14,"skY":111.14}},{"curve":[0.36,0.28,0.697,0.61],"duration":2,"transform":{"skX":-165.34,"skY":-165.34}},{"curve":[0.6,0.22,1,0.54],"duration":2,"transform":{"skX":-73.52,"skY":-73.52}},{"duration":5,"transform":{}},{"duration":3,"transform":{}},{"duration":22,"transform":{}},{"duration":0,"transform":{}}],"name":"bone10"},{"frame":[{"duration":10,"transform":{}},{"curve":[0.25,0,0,1],"duration":5,"transform":{}},{"duration":3,"transform":{"skX":5.4,"skY":5.4}},{"curve":[0.25,0,0.75,1],"duration":22,"transform":{"skX":5.4,"skY":5.4}},{"duration":0,"transform":{}}],"name":"bone11"},{"frame":[{"curve":[0.25,0,1,0],"duration":10,"transform":{}},{"curve":[0.25,0,0,1],"duration":5,"transform":{"skX":-34.36,"skY":-34.36}},{"duration":3,"transform":{"skX":-76.1,"skY":-76.1}},{"curve":[0.25,0,0.75,1],"duration":22,"transform":{"skX":-76.1,"skY":-76.1}},{"duration":0,"transform":{}}],"name":"bone12"},{"frame":[{"duration":10,"transform":{}},{"curve":[0.25,0,0,1],"duration":5,"transform":{}},{"duration":3,"transform":{"skX":51.25,"skY":51.25}},{"curve":[0.25,0,0.75,1],"duration":22,"transform":{"skX":51.25,"skY":51.25}},{"duration":0,"transform":{}}],"name":"bone13"},{"frame":[{"curve":[0.25,0,1,0],"duration":10,"transform":{}},{"curve":[0.25,0,0,1],"duration":5,"transform":{"skX":-7.69,"skY":-7.69}},{"duration":3,"transform":{"skX":79.32,"skY":79.32}},{"curve":[0.25,0,0.75,1],"duration":22,"transform":{"skX":79.32,"skY":79.32}},{"duration":0,"transform":{}}],"name":"bone14"},{"frame":[{"duration":10,"transform":{}},{"duration":5,"transform":{}},{"duration":3,"transform":{}},{"duration":22,"transform":{}},{"duration":0,"transform":{}}],"name":"bone15"},{"frame":[{"curve":[0.25,0,1,0],"duration":10,"transform":{}},{"curve":[0.25,0,0,1],"duration":5,"transform":{"skX":15.54,"skY":15.54}},{"duration":3,"transform":{"skX":1.18,"skY":1.18}},{"curve":[0.25,0,0.75,1],"duration":22,"transform":{"skX":1.18,"skY":1.18}},{"duration":0,"transform":{}}],"name":"bone16"},{"frame":[{"curve":[0.25,0,1,0],"duration":10,"transform":{}},{"curve":[0.25,0,0,1],"duration":5,"transform":{"skX":-11.13,"skY":-11.13}},{"duration":3,"transform":{"skX":-34.03,"skY":-34.03}},{"curve":[0.25,0,0.75,1],"duration":22,"transform":{"skX":-34.03,"skY":-34.03}},{"duration":0,"transform":{}}],"name":"bone17"},{"frame":[{"curve":[0.25,0,1,0],"duration":10,"transform":{}},{"curve":[0.25,0,0,1],"duration":5,"transform":{"scX":0.9,"x":42.92}},{"duration":3,"transform":{"scX":1.18,"x":-80.96}},{"curve":[0.25,0,0.75,1],"duration":22,"transform":{"scX":1.18,"x":-80.96}},{"duration":0,"transform":{}}],"name":"bone18"}],"slot":[],"duration":40,"name":"Attack E","ik":[]},{"frame":[],"ffd":[],"bone":[{"frame":[{"duration":10,"transform":{}},{"duration":20,"transform":{}},{"duration":0,"transform":{}}],"name":"root"},{"frame":[{"curve":[0.25,0,0,1.01],"duration":10,"transform":{}},{"curve":[0.25,0,0.75,1],"duration":20,"transform":{"y":34.92,"x":37.83}},{"duration":0,"transform":{}}],"name":"bone"},{"frame":[{"duration":10,"transform":{}},{"duration":20,"transform":{}},{"duration":0,"transform":{}}],"name":"bone2"},{"frame":[{"curve":[0.25,0,0,1.01],"duration":10,"transform":{}},{"curve":[0.25,0,0.75,1],"duration":20,"transform":{"skX":-4.53,"skY":-4.53}},{"duration":0,"transform":{}}],"name":"bone3"},{"frame":[{"curve":[0.25,0,0,1.01],"duration":10,"transform":{}},{"curve":[0.25,0,0.75,1],"duration":20,"transform":{"skX":-12.71,"skY":-12.71}},{"duration":0,"transform":{}}],"name":"bone4"},{"frame":[{"duration":10,"transform":{}},{"duration":20,"transform":{}},{"duration":0,"transform":{}}],"name":"bone5"},{"frame":[{"curve":[0.25,0,0,1.01],"duration":10,"transform":{}},{"curve":[0.25,0,0.75,1],"duration":20,"transform":{"skX":-21.35,"skY":-21.35}},{"duration":0,"transform":{}}],"name":"bone6"},{"frame":[{"curve":[0.25,0,0,1.01],"duration":10,"transform":{}},{"curve":[0.25,0,0.75,1],"duration":20,"transform":{"skX":20.12,"skY":20.12}},{"duration":0,"transform":{}}],"name":"bone7"},{"frame":[{"curve":[0.25,0,0,1.01],"duration":10,"transform":{}},{"curve":[0.25,0,0.75,1],"duration":20,"transform":{"skX":-7.03,"skY":-7.03}},{"duration":0,"transform":{}}],"name":"bone8"},{"frame":[{"curve":[0.25,0,0,1.01],"duration":10,"transform":{}},{"curve":[0.25,0,0.75,1],"duration":20,"transform":{"skX":24.74,"skY":24.74}},{"duration":0,"transform":{}}],"name":"bone9"},{"frame":[{"duration":10,"transform":{}},{"duration":20,"transform":{}},{"duration":0,"transform":{}}],"name":"bone10"},{"frame":[{"curve":[0.25,0,0,1.01],"duration":10,"transform":{}},{"curve":[0.25,0,0.75,1],"duration":20,"transform":{"skX":-10.03,"skY":-10.03}},{"duration":0,"transform":{}}],"name":"bone11"},{"frame":[{"curve":[0.25,0,0,1.01],"duration":10,"transform":{}},{"curve":[0.25,0,0.75,1],"duration":20,"transform":{"skX":-25.26,"skY":-25.26}},{"duration":0,"transform":{}}],"name":"bone12"},{"frame":[{"curve":[0.25,0,0,1.01],"duration":10,"transform":{}},{"curve":[0.25,0,0.75,1],"duration":20,"transform":{"skX":15.74,"skY":15.74}},{"duration":0,"transform":{}}],"name":"bone13"},{"frame":[{"curve":[0.25,0,0,1.01],"duration":10,"transform":{}},{"curve":[0.25,0,0.75,1],"duration":20,"transform":{"skX":50.94,"skY":50.94}},{"duration":0,"transform":{}}],"name":"bone14"},{"frame":[{"duration":10,"transform":{}},{"duration":20,"transform":{}},{"duration":0,"transform":{}}],"name":"bone15"},{"frame":[{"curve":[0.25,0,0,1.01],"duration":10,"transform":{}},{"curve":[0.25,0,0.75,1],"duration":20,"transform":{"skX":20.82,"skY":20.82}},{"duration":0,"transform":{}}],"name":"bone16"},{"frame":[{"curve":[0.25,0,0,1.01],"duration":10,"transform":{}},{"curve":[0.25,0,0.75,1],"duration":20,"transform":{"skX":-14.93,"skY":-14.93}},{"duration":0,"transform":{}}],"name":"bone17"},{"frame":[{"curve":[0.25,0,0,1.01],"duration":10,"transform":{}},{"curve":[0.25,0,0.75,1],"duration":20,"transform":{"scX":1.18}},{"duration":0,"transform":{}}],"name":"bone18"}],"slot":[],"duration":30,"name":"Damage","ik":[]},{"frame":[],"ffd":[],"bone":[{"frame":[{"duration":60,"transform":{}},{"duration":0,"transform":{}}],"name":"root"},{"frame":[{"curve":[0.25,0,0.75,1],"duration":30,"transform":{}},{"curve":[0.25,0,0.75,1],"duration":30,"transform":{"y":43.89}},{"duration":0,"transform":{}}],"name":"bone"},{"frame":[{"duration":60,"transform":{}},{"duration":0,"transform":{}}],"name":"bone2"},{"frame":[{"duration":60,"transform":{}},{"duration":0,"transform":{}}],"name":"bone3"},{"frame":[{"curve":[0.25,0,0.75,1],"duration":30,"transform":{}},{"curve":[0.25,0,0.75,1],"duration":30,"transform":{"y":6.47,"x":-1.09}},{"duration":0,"transform":{}}],"name":"bone4"},{"frame":[{"duration":60,"transform":{}},{"duration":0,"transform":{}}],"name":"bone5"},{"frame":[{"duration":60,"transform":{}},{"duration":0,"transform":{}}],"name":"bone6"},{"frame":[{"duration":60,"transform":{}},{"duration":0,"transform":{}}],"name":"bone7"},{"frame":[{"duration":60,"transform":{}},{"duration":0,"transform":{}}],"name":"bone8"},{"frame":[{"duration":60,"transform":{}},{"duration":0,"transform":{}}],"name":"bone9"},{"frame":[{"duration":60,"transform":{}},{"duration":0,"transform":{}}],"name":"bone10"},{"frame":[{"curve":[0.25,0,0.75,1],"duration":30,"transform":{}},{"curve":[0.25,0,0.75,1],"duration":30,"transform":{"skX":-28.87,"skY":-28.87}},{"duration":0,"transform":{}}],"name":"bone11"},{"frame":[{"curve":[0.25,0,0.75,1],"duration":30,"transform":{}},{"curve":[0.25,0,0.75,1],"duration":30,"transform":{"skX":-17.13,"skY":-17.13}},{"duration":0,"transform":{}}],"name":"bone12"},{"frame":[{"curve":[0.25,0,0.75,1],"duration":30,"transform":{}},{"curve":[0.25,0,0.75,1],"duration":30,"transform":{"skX":37.66,"skY":37.66}},{"duration":0,"transform":{}}],"name":"bone13"},{"frame":[{"curve":[0.25,0,0.75,1],"duration":30,"transform":{}},{"curve":[0.25,0,0.75,1],"duration":30,"transform":{"skX":23.52,"skY":23.52}},{"duration":0,"transform":{}}],"name":"bone14"},{"frame":[{"duration":60,"transform":{}},{"duration":0,"transform":{}}],"name":"bone15"},{"frame":[{"curve":[0.25,0,0.75,1],"duration":30,"transform":{}},{"curve":[0.25,0,0.75,1],"duration":30,"transform":{"skX":18.05,"skY":18.05}},{"duration":0,"transform":{}}],"name":"bone16"},{"frame":[{"curve":[0.25,0,0.75,1],"duration":30,"transform":{}},{"curve":[0.25,0,0.75,1],"duration":30,"transform":{"skX":-11.57,"skY":-11.57}},{"duration":0,"transform":{}}],"name":"bone17"},{"frame":[{"curve":[0.25,0,0.75,1],"duration":30,"transform":{}},{"curve":[0.25,0,0.75,1],"duration":30,"transform":{"scX":1.16}},{"duration":0,"transform":{}}],"name":"bone18"}],"slot":[],"duration":60,"name":"Idle","ik":[]}],"bone":[{"name":"root","transform":{}},{"transform":{"y":-280.17,"x":-15.4},"name":"bone","parent":"root"},{"transform":{"y":-24.07,"x":1.34},"name":"bone18","parent":"root"},{"length":48,"transform":{"skX":-74.58,"skY":-74.58,"y":-5.41,"x":1.08},"parent":"bone","name":"bone2"},{"length":149,"transform":{"skX":85.05,"skY":85.05,"y":25.3,"x":15.96},"parent":"bone","name":"bone15"},{"length":148,"transform":{"skX":54.68,"skY":54.68,"y":31.67,"x":-2.25},"parent":"bone15","name":"bone16"},{"length":161,"transform":{"skX":-58.17,"skY":-58.17,"y":-38.63,"x":-10.59},"parent":"bone15","name":"bone17"},{"length":32,"transform":{"skX":-9.71,"skY":-9.71,"x":48.83},"parent":"bone2","name":"bone3"},{"length":46,"transform":{"skX":-18.46,"skY":-18.46,"x":32.62},"parent":"bone3","name":"bone4"},{"length":54,"transform":{"skX":-17.14,"skY":-17.14,"x":46.59},"parent":"bone4","name":"bone5"},{"length":55,"transform":{"skX":147.4,"skY":147.4,"y":29.66,"x":34.92},"parent":"bone4","name":"bone6"},{"length":142,"transform":{"skX":59.44,"skY":59.44,"y":33.11,"x":37.46},"parent":"bone4","name":"bone11"},{"length":39,"transform":{"skX":-132.99,"skY":-132.99,"y":-16.94,"x":22.76},"parent":"bone4","name":"bone8"},{"length":110,"transform":{"skX":-43.28,"skY":-43.28,"y":-19.67,"x":29.06},"parent":"bone4","name":"bone13"},{"length":90,"transform":{"skX":7.57,"skY":7.57,"x":55.86},"parent":"bone6","name":"bone7"},{"length":226,"transform":{"skX":104.67,"skY":104.67,"x":142.46},"parent":"bone11","name":"bone12"},{"length":212,"transform":{"skX":-97.71,"skY":-97.71,"x":110.05},"parent":"bone13","name":"bone14"},{"length":57,"transform":{"skX":10.99,"skY":10.99,"x":39.31},"parent":"bone8","name":"bone9"},{"length":226,"transform":{"skX":21.57,"skY":21.57,"y":-0.77,"x":57.5},"parent":"bone9","name":"bone10"}],"slot":[{"color":{},"name":"Ellipse 1","parent":"bone18"},{"z":1,"color":{},"name":"Layer 250","parent":"root"},{"z":2,"color":{},"name":"Layer 251","parent":"root"},{"z":3,"color":{},"name":"Layer 252","parent":"root"},{"z":4,"color":{},"name":"Layer 8 copy","parent":"root"},{"z":5,"color":{},"name":"Layer 253","parent":"bone10"},{"z":6,"color":{},"name":"Layer 254","parent":"root"},{"z":7,"color":{},"name":"Layer 255","parent":"bone5"},{"z":8,"color":{},"name":"Layer 256","parent":"root","displayIndex":-1},{"z":9,"color":{},"name":"Layer 2 copy","parent":"root"}],"defaultActions":[{"gotoAndPlay":"Attack A"}],"aabb":{"width":640.5494957387426,"y":-553.6571014492754,"height":553.6571014492754,"x":-331.196597188018},"name":"SKXoer","ik":[],"skin":[{"name":"","slot":[{"display":[{"path":"Layer 255","type":"image","name":"Layer 255","transform":{"skX":119.89,"skY":119.89,"y":12.54,"x":32.52}}],"name":"Layer 255"},{"display":[{"slotPose":[1,0,0,1,0,0],"vertices":[-30.72,-378.55,-38.95,-391.29,-33.05,-402.25,-24.15,-418.56,-7.3,-427.46,11.33,-429,30.24,-424.72,46,-413.35,45.45,-394.45,37.64,-385.68,24.77,-366.36,22.71,-358.69,13.53,-353.9,10.38,-344.44,14.08,-341.97,48.74,-352.8,40.7,-339.32,48.24,-337.67,42.89,-323.84,62.49,-322.75,86.46,-317.81,70.98,-309.59,92.24,-306.27,83.2,-297.64,106.8,-284.08,106.8,-269.69,78.26,-282.99,106.8,-249.52,33.68,-272.4,19.17,-288.56,20.11,-266.64,8.88,-253.22,-12.22,-264.17,-16.74,-278.7,-21.33,-263.55,-37.08,-253,-49,-241,-55.44,-269.17,-73.51,-261.9,-85.43,-269.45,-85.01,-285.06,-77.35,-297.66,-72.96,-297.8,-64.33,-309.18,-68.98,-312.18,-63.92,-318.9,-77.61,-329.58,-49.11,-329.04,-43.76,-332.32,-38.97,-331.91,-32.53,-344.52,-20.2,-349.05,-18.59,-353.59,-32.77,-362.81,-28.19,-370.62,-32.31,-374.21],"userEdges":[],"path":"Layer 254","width":195,"weights":[2,7,0.11399,8,0.88601,2,7,0.01772,8,0.98228,2,7,0.00223,8,0.99777,1,8,1,1,8,1,1,8,1,1,8,1,1,8,1,2,7,0.00041,8,0.99959,2,7,0.01577,8,0.98423,2,7,0.35323,8,0.64677,2,7,0.58236,8,0.41764,2,7,0.88542,8,0.11458,2,3,0.06243,7,0.93757,2,3,0.22058,7,0.77942,2,3,0.40329,7,0.59671,2,3,0.47583,7,0.52417,2,3,0.51918,7,0.48082,2,3,0.70559,7,0.29441,2,3,0.89189,7,0.10811,2,3,0.92148,7,0.07852,2,3,0.93208,7,0.06792,2,3,0.96679,7,0.03321,2,3,0.97228,7,0.02772,2,3,0.99887,7,0.00113,1,3,1,2,3,0.98621,7,0.01379,1,3,1,2,3,0.97924,7,0.02076,2,3,0.98258,7,0.01742,1,3,1,1,3,1,1,3,1,1,3,1,1,3,1,1,3,1,1,3,1,1,3,1,1,3,1,1,3,1,1,3,1,2,3,0.99995,7,0.00005,2,3,0.99962,7,0.00038,2,3,0.99089,7,0.00911,2,3,0.98809,7,0.01191,2,3,0.98175,7,0.01825,2,3,0.98546,7,0.01454,2,3,0.92798,7,0.07202,2,3,0.88086,7,0.11914,2,3,0.81795,7,0.18205,3,3,0.56154,7,0.43604,8,0.00242,3,3,0.2366,7,0.68457,8,0.07883,3,3,0.07608,7,0.68496,8,0.23896,3,3,0.00047,7,0.37197,8,0.62756,2,7,0.24863,8,0.75137,2,7,0.16307,8,0.83693],"type":"mesh","transform":{},"triangles":[26,25,24,23,26,24,26,28,27,19,21,20,21,26,23,21,28,26,29,28,18,19,18,21,18,28,21,16,18,17,6,9,8,6,8,7,16,14,18,14,29,18,6,5,9,4,10,9,5,4,9,2,0,4,4,0,10,3,2,4,49,33,13,13,33,14,14,33,29,54,12,10,0,54,10,12,11,10,51,49,13,54,52,12,33,32,29,29,32,30,32,31,30,52,13,12,52,51,13,50,49,51,49,43,33,47,43,49,2,1,0,54,53,52,37,34,33,43,37,33,37,35,34,0,55,54,43,42,37,45,43,47,48,47,49,37,36,35,46,45,47,42,40,37,40,38,37,40,39,38,45,44,43,41,40,42,21,23,22,14,16,15],"edges":[39,38,38,37,37,36,36,35,35,34,34,33,33,32,32,31,31,30,30,29,29,28,28,27,27,26,26,25,25,24,24,23,23,22,22,21,21,20,20,19,19,18,18,17,17,16,16,15,15,14,14,13,13,12,12,11,11,10,10,9,9,8,8,7,7,6,6,5,5,4,4,3,3,2,2,1,1,0,0,55,55,54,54,53,53,52,52,51,51,50,50,49,49,48,48,47,47,46,46,45,45,44,44,43,43,42,42,41,41,40,40,39],"height":188,"name":"Layer 254","bonePose":[7,0.09949341818939232,-0.9950382202392986,0.9950382202392986,0.09949341818939232,-1.3364626777019415,-332.65224934715246,8,-0.22069743502150108,-0.9753423205085128,0.9753423205085128,-0.22069743502150108,1.909012623636035,-365.1103960913584,3,0.26589263408351543,-0.9640026489279632,0.9640026489279632,0.26589263408351543,-14.32,-285.58000000000004],"uvs":[0.29477,0.26833,0.25262,0.20056,0.28283,0.14226,0.3285,0.05555,0.41491,0.00818,0.51046,0,0.60741,0.02275,0.68821,0.08324,0.6854,0.1838,0.64535,0.23044,0.57931,0.33319,0.56877,0.374,0.5217,0.3995,0.50554,0.44978,0.52451,0.4629,0.75003,0.39367,0.66103,0.47702,0.69967,0.48577,0.67227,0.55937,0.77274,0.5652,0.89568,0.59143,0.81629,0.63515,1,0.6732,0.89231,0.69651,1,0.77084,1,0.84736,0.85367,0.77667,1,0.95467,0.62505,0.83298,0.55058,0.74699,0.55544,0.86358,0.49783,0.935,0.38963,0.8767,0.36645,0.79946,0.34292,0.88001,0.26212,0.93612,0.201,1,0.16798,0.85013,0.07534,0.88875,0.01422,0.84867,0.01633,0.7656,0.05567,0.69856,0.07815,0.69783,0.12241,0.63735,0.09852,0.62131,0.12452,0.58561,0.05435,0.52877,0.20048,0.53168,0.22788,0.51419,0.25247,0.51638,0.28549,0.44934,0.34872,0.42529,0.35698,0.4011,0.28428,0.35204,0.30775,0.31055,0.28659,0.2914]}],"name":"Layer 254"},{"display":[{"slotPose":[1,0,0,1,0,0],"vertices":[-13.2,-396.77,-45.04,-406.97,-96.97,-446.04,-88.34,-450.45,-97.49,-456.95,-93.27,-471.03,-98.56,-471.21,-98.55,-489.99,-114.39,-479.1,-151.52,-444.08,-217.62,-406.54,-181.37,-408.48,-204.95,-381.72,-193.33,-387.01,-202.3,-364.83,-243.19,-329.4,-243.19,-321.47,-213.83,-337.49,-229.45,-298.62,-242.28,-230.69,-227.14,-252.86,-223.27,-222.57,-216.58,-195.64,-202.14,-164.97,-194.4,-164.98,-175.61,-263.2,-156.6,-227.3,-157.49,-281.51,-132.67,-255.46,-141.83,-305.44,-111.03,-286.8,-127.26,-313.34,-78.5,-280.79,-91.18,-304.19,-79.39,-303.66,-97.52,-336.75,-93.12,-336.05,-94.17,-342.21,-91.01,-341.15,-84.85,-354.71,-73.58,-343.62,-70.77,-359.46,-62.5,-350.66,-58.63,-354.88,-55.11,-351.58,-52.47,-357.21,-47.19,-346.83,-31.88,-374.64,-21.67,-380.98],"userEdges":[],"path":"Layer 250","width":230,"weights":[1,13,1,1,13,1,1,13,1,1,13,1,2,13,0.98127,16,0.01873,2,13,0.9476,16,0.0524,2,13,0.93192,16,0.06808,2,13,0.92527,16,0.07473,2,13,0.79344,16,0.20656,1,16,1,1,16,1,1,16,1,1,16,1,1,16,1,1,16,1,1,16,1,1,16,1,1,16,1,1,16,1,1,16,1,1,16,1,1,16,1,1,16,1,1,16,1,1,16,1,1,16,1,1,16,1,2,13,0.00002,16,0.99998,1,16,1,2,13,0.01013,16,0.98987,2,13,0.01146,16,0.98854,2,13,0.0359,16,0.9641,2,13,0.04979,16,0.95021,2,13,0.06325,16,0.93675,2,13,0.06572,16,0.93428,2,13,0.18471,16,0.81529,2,13,0.20366,16,0.79634,2,13,0.25835,16,0.74165,2,13,0.28058,16,0.71942,2,13,0.50406,16,0.49594,2,13,0.61821,16,0.38179,2,13,0.72003,16,0.27997,2,13,0.82376,16,0.17624,2,13,0.84691,16,0.15309,2,13,0.8604,16,0.1396,2,13,0.88653,16,0.11347,2,13,0.9115,16,0.0885,2,13,0.97761,16,0.02239,2,13,0.99783,16,0.00217],"type":"mesh","transform":{},"triangles":[1,48,0,45,46,47,1,47,48,41,45,1,1,45,47,2,41,1,2,39,41,41,43,45,43,44,45,41,42,43,2,9,39,9,11,39,39,40,41,11,37,39,37,38,39,13,35,37,11,13,37,35,31,33,4,2,3,13,31,35,6,4,5,7,8,6,37,35,36,6,8,4,4,9,2,8,9,4,14,29,31,13,14,31,31,29,30,14,17,29,17,27,29,17,18,27,10,11,9,18,25,27,18,20,25,20,21,25,22,23,24,15,17,14,15,16,17,18,19,20,22,24,25,21,22,25,27,25,26,29,27,28,33,31,32,35,33,34,13,12,11],"edges":[15,16,16,17,17,18,18,19,19,20,20,21,21,22,22,23,23,24,24,25,25,26,26,27,27,28,28,29,29,30,30,31,31,32,32,33,33,34,34,35,35,36,36,37,37,38,38,39,39,40,40,41,41,42,42,43,43,44,44,45,45,46,46,47,47,48,48,0,0,1,1,2,2,3,3,4,4,5,5,6,6,7,7,8,8,9,9,10,10,11,11,12,12,13,13,14,14,15],"height":325,"name":"Layer 250","bonePose":[13,-0.8293302516185677,-0.5587587437797135,0.5587587437797135,-0.8293302516185677,-23.689438282491235,-389.11272537846287,16,-0.4424452173048761,0.8967955339340407,-0.8967955339340407,-0.4424452173048761,-114.9572324731146,-450.60412513142035],"uvs":[1,0.28685,0.86156,0.25544,0.63582,0.13522,0.67331,0.12168,0.63352,0.10165,0.65189,0.05832,0.62893,0.05778,0.62893,0,0.56006,0.03348,0.3986,0.14124,0.11118,0.25672,0.26882,0.25076,0.16628,0.33308,0.21678,0.31683,0.17776,0.38506,0,0.49407,0,0.51844,0.12764,0.46916,0.05975,0.58875,0.00389,0.79778,0.0697,0.72955,0.08654,0.82276,0.11562,0.90562,0.17836,1,0.21203,1,0.29375,0.69776,0.3764,0.80823,0.37257,0.64144,0.48047,0.72159,0.44068,0.56779,0.57459,0.62519,0.50402,0.54351,0.71599,0.64369,0.66089,0.57167,0.71216,0.57329,0.63334,0.47149,0.65247,0.47365,0.64788,0.4547,0.66165,0.45795,0.68844,0.41625,0.73741,0.45037,0.74965,0.40163,0.78562,0.4287,0.80245,0.41571,0.81776,0.42588,0.82923,0.40856,0.85219,0.44051,0.91876,0.35494,0.96315,0.33545]}],"name":"Layer 250"},{"display":[{"path":"Layer 253","type":"image","name":"Layer 253","transform":{"skX":-156.83,"skY":-156.83,"y":3.77,"x":110.58}}],"name":"Layer 253"},{"display":[{"slotPose":[1,0,0,1,0,0],"vertices":[-32.84,-343.89,-18.65,-352.37,-17.44,-362.06,-13.98,-363.61,-6.2,-376.43,-8.45,-392.33,-11.39,-397.35,-24.2,-427,-33.36,-426.99,-30.94,-406.7,-71.43,-419.32,-44.08,-387.66,-47.02,-378.15,-44.95,-372.96,-47.37,-370.88,-45.81,-366.9,-50.66,-361.02,-60.17,-367.25,-66.22,-358.94,-74.19,-358.94,-91.2,-319.67,-91.2,-300.99,-67.96,-301,-60.69,-308.43,-30.41,-318.99,-23.67,-336.8],"userEdges":[],"path":"Layer 8 copy","width":85,"weights":[2,12,0.38414,17,0.61586,1,12,1,1,12,1,1,12,1,1,12,1,1,12,1,1,12,1,1,12,1,1,12,1,1,12,1,1,12,1,1,12,1,1,12,1,2,12,0.99393,17,0.00607,2,12,0.98193,17,0.01807,2,12,0.92697,17,0.07303,2,12,0.45785,17,0.54215,2,12,0.13944,17,0.86056,2,12,0.04658,17,0.95342,2,12,0.00537,17,0.99463,1,17,1,1,17,1,1,17,1,1,17,1,1,17,1,2,12,0.03863,17,0.96137],"type":"mesh","transform":{},"triangles":[7,9,6,2,3,4,5,11,4,11,2,4,11,13,2,6,11,5,9,11,6,0,1,2,15,0,2,13,15,2,8,9,7,0,24,25,12,13,11,15,16,0,0,23,24,10,11,9,16,18,0,18,23,0,18,20,23,14,15,13,19,20,18,17,18,16,20,22,23,20,21,22],"edges":[20,21,21,22,22,23,23,24,24,25,25,0,0,1,1,2,2,3,3,4,4,5,5,6,6,7,7,8,8,9,9,10,10,11,11,12,12,13,13,14,14,15,15,16,16,17,17,18,18,19,19,20],"height":126,"name":"Layer 8 copy","bonePose":[12,-0.5629491862491818,0.8264915085476585,-0.8264915085476585,-0.5629491862491818,-19.636359906867536,-383.5705727568679,17,-0.7101853756232852,0.7040147244559686,-0.7040147244559686,-0.7101853756232852,-41.76589241832288,-351.0811915558594],"uvs":[0.68661,0.65955,0.85351,0.59228,0.86775,0.51539,0.90846,0.50303,1,0.40143,0.97359,0.27511,0.93899,0.23529,0.78838,0,0.68051,0,0.709,0.16115,0.23274,0.06092,0.55432,0.31218,0.51972,0.3877,0.54414,0.42889,0.51565,0.44536,0.53397,0.47694,0.47698,0.52363,0.36504,0.4742,0.2938,0.5401,0.20018,0.5401,0,0.85178,0,1,0.27345,1,0.35893,0.94102,0.71511,0.85727,0.79448,0.71585]}],"name":"Layer 8 copy"},{"display":[{"slotPose":[1,0,0,1,0,0],"vertices":[-164.2,-192.68,-29.73,-335,33.07,-334.99,109.13,-290.83,166.24,-273.9,206.35,-256.65,153.25,-257.8,244.52,-215.04,158.13,-219.63,183.95,-209.58,223.85,-155.05,128.85,-196.96,183.96,-134.39,118.88,-176.52,134.29,-158.57,128.06,-153.9,153.01,-100.07,112.45,-140.83,131.37,-100.6,132.34,-79.74,69.16,-146.24,62.53,-137.85,57.65,-143.12,64.66,-100.8,57.46,-99.63,46.54,-118.74,43.22,-109.97,32.07,-132.16,27.18,-77.75,1.06,-140.55,-3.82,-122.22,-21.17,-102.91,-28.91,-156.97,-46.86,-105.68,-69.4,-74,-78.57,-74,-74.66,-135.82,-82.27,-120.02,-99.43,-103.45,-86.75,-142.44,-96.31,-140.89,-95.92,-152.58,-120.29,-117.09,-117.95,-152.77,-123.42,-153.56,-123.61,-159.41,-133.56,-151.02,-132.97,-157.46,-163.57,-140.88,-132.95,-182.42,-146.21,-176.18,-135.29,-197.43,-164.2,-182.81,1.7,-335],"userEdges":[11,53,20,53,17,53,15,53,22,53,27,53,29,53,32,53,36,53,53,39,41,53,43,53,45,53,49,53,51,53,51,1,8,53,6,53],"path":"Layer 252","width":422,"weights":[1,5,1,3,5,0.57503,4,0.11664,6,0.30833,3,5,0.12898,4,0.05743,6,0.81359,1,6,1,1,6,1,1,6,1,1,6,1,1,6,1,1,6,1,1,6,1,1,6,1,2,4,0.07159,6,0.92841,2,4,0.01144,6,0.98856,2,4,0.2172,6,0.7828,2,4,0.32206,6,0.67794,2,4,0.33113,6,0.66887,2,4,0.3364,6,0.6636,2,4,0.38124,6,0.61876,2,4,0.41001,6,0.58999,2,4,0.40948,6,0.59052,2,4,0.62736,6,0.37264,2,4,0.73992,6,0.26008,2,4,0.78493,6,0.21507,2,4,0.94981,6,0.05019,2,4,0.94877,6,0.05123,2,4,0.9309,6,0.0691,2,4,0.93466,6,0.06534,2,4,0.95472,6,0.04528,2,4,0.99995,6,0.00005,2,5,0.01255,4,0.98745,2,5,0.00674,4,0.99326,1,4,1,2,5,0.32414,4,0.67586,2,5,0.70565,4,0.29435,2,5,0.72169,4,0.27831,2,5,0.72185,4,0.27815,2,5,0.76829,4,0.23171,2,5,0.81359,4,0.18641,2,5,0.82071,4,0.17929,2,5,0.83473,4,0.16527,2,5,0.86294,4,0.13706,2,5,0.91295,4,0.08705,2,5,0.99386,4,0.00614,2,5,0.98129,4,0.01871,2,5,0.98666,4,0.01334,2,5,0.99267,4,0.00733,2,5,0.99996,4,0.00004,2,5,0.99836,4,0.00164,1,5,1,1,5,1,1,5,1,1,5,1,1,5,1,3,5,0.33279,4,0.12412,6,0.54309],"type":"mesh","transform":{},"triangles":[4,6,5,8,11,9,3,6,4,13,15,14,25,24,23,22,21,20,27,25,22,27,26,25,32,30,29,32,31,30,36,33,32,0,51,1,39,37,36,41,40,39,45,44,43,49,47,45,51,50,49,52,0,51,48,47,49,46,47,45,43,42,41,39,38,37,35,34,33,36,35,33,29,28,27,22,25,23,18,20,19,17,20,18,15,17,16,11,13,12,9,11,10,6,8,7,53,22,20,53,13,11,53,20,17,13,15,53,53,17,15,22,27,53,53,32,29,53,29,27,32,36,53,41,39,53,39,36,53,41,43,53,43,45,53,45,49,53,1,51,53,51,49,53,2,53,3,53,11,8,3,6,53,6,53,8],"edges":[0,52,52,51,51,50,50,49,49,48,48,47,47,46,46,45,45,44,44,43,43,42,42,41,41,40,40,39,39,38,38,37,37,36,36,35,35,34,34,33,33,32,32,31,31,30,30,29,29,28,28,27,27,26,26,25,25,24,24,23,23,22,22,21,21,20,20,19,19,18,18,17,17,16,16,15,15,14,14,13,13,12,12,11,11,10,10,9,9,8,8,7,7,6,6,5,5,4,4,3,3,2,2,1,1,0],"height":261,"name":"Layer 252","bonePose":[5,-0.7630068834719111,0.6463903586645466,-0.6463903586645466,-0.7630068834719111,-31.186027146576777,-254.37891914228888,4,0.08628636579792338,0.9962703764929411,-0.9962703764929411,0.08628636579792338,0.5600000000000005,-254.87,6,0.8919554047771509,0.4521233856911506,-0.4521233856911506,0.8919554047771509,38.13215203012231,-268.753745597834],"uvs":[0,0.54528,0.31862,0,0.46745,0,0.64768,0.16921,0.78302,0.23409,0.87805,0.30016,0.75223,0.29576,0.9685,0.4596,0.76379,0.44201,0.825,0.48049,0.91953,0.68942,0.69442,0.52888,0.825,0.76859,0.6708,0.60719,0.70731,0.67593,0.69252,0.69386,0.75167,0.90006,0.65556,0.74391,0.70038,0.89803,0.70269,0.97798,0.55297,0.72321,0.53726,0.75533,0.52571,0.73516,0.54235,0.89729,0.52525,0.90177,0.49937,0.82855,0.49152,0.86217,0.46508,0.77716,0.45353,0.98561,0.39161,0.74503,0.38006,0.81526,0.33893,0.88923,0.32057,0.68212,0.27806,0.87861,0.22463,1,0.20292,1,0.21216,0.76317,0.19414,0.82369,0.15347,0.88719,0.18351,0.73777,0.16087,0.74375,0.16179,0.69892,0.10403,0.83489,0.10958,0.69817,0.09664,0.69518,0.09617,0.67277,0.07261,0.7049,0.07399,0.68024,0.0015,0.74375,0.07405,0.58461,0.04263,0.60852,0.0685,0.52708,0,0.58311,0.39309,0]}],"name":"Layer 252"},{"display":[{"slotPose":[1,0,0,1,0,0],"vertices":[-18.21,-387.42,2.07,-408.29,59.25,-447.83,95.28,-474.01,106.45,-490.47,112.77,-522.81,102.33,-551,111,-551,125.71,-542.37,142.46,-542.65,139.96,-529.72,142.02,-525.75,203.1,-528.3,187.08,-517.72,237.95,-508.9,213.54,-494.19,261.32,-466.12,288.25,-443.99,246.95,-450.01,260.17,-436.05,242.73,-434.95,280.95,-402.47,250.37,-408.64,260.81,-391.59,237.88,-399.97,294.03,-326.06,268.61,-342.66,273.45,-325.03,254.34,-341.93,291.68,-271.52,295.79,-251.67,295.79,-236.73,263.6,-268.19,266.9,-242.86,266.32,-214.04,258.67,-199.05,245.15,-244.47,223.54,-203.61,195.38,-179.35,171.57,-169.01,186.28,-270.2,170.25,-236.82,131.43,-195.58,95.27,-174.11,149.81,-265.99,123.2,-232.33,94.01,-208.41,37.12,-177.82,82.54,-237.51,112.92,-306.96,124.69,-382.52,112.25,-369.58,110.49,-382.81,101.96,-373.84,98.43,-379.57,94.17,-374.87,91.82,-385.45,82.7,-393.83,78.85,-372.97,71.79,-386.51,62.39,-377.24,56.95,-385.62,40.1,-342.69,35.92,-353.27,16.81,-341.95,12.84,-352.69,0.64,-342.98,-2.09,-368.56,-18.2,-378.26],"userEdges":[],"path":"Layer 251","width":314,"weights":[1,11,1,1,11,1,1,11,1,1,11,1,1,11,1,2,11,0.74988,15,0.25012,2,11,0.72276,15,0.27724,2,11,0.71604,15,0.28396,2,11,0.61403,15,0.38597,2,11,0.52009,15,0.47991,2,11,0.40513,15,0.59487,2,11,0.29556,15,0.70444,2,11,0.00007,15,0.99993,1,15,1,1,15,1,1,15,1,1,15,1,1,15,1,1,15,1,1,15,1,1,15,1,1,15,1,1,15,1,1,15,1,1,15,1,1,15,1,1,15,1,1,15,1,1,15,1,1,15,1,1,15,1,1,15,1,1,15,1,1,15,1,1,15,1,1,15,1,1,15,1,1,15,1,1,15,1,1,15,1,1,15,1,1,15,1,1,15,1,1,15,1,1,15,1,1,15,1,1,15,1,1,15,1,1,15,1,2,11,0.00627,15,0.99373,2,11,0.28351,15,0.71649,2,11,0.39549,15,0.60451,2,11,0.46586,15,0.53414,2,11,0.5671,15,0.4329,2,11,0.57367,15,0.42633,2,11,0.5715,15,0.4285,2,11,0.63309,15,0.36691,2,11,0.80312,15,0.19688,2,11,0.86767,15,0.13233,2,11,0.89503,15,0.10497,2,11,0.94016,15,0.05984,2,11,0.95751,15,0.04249,1,11,1,2,11,0.99967,15,0.00033,1,11,1,1,11,1,1,11,1,1,11,1,1,11,1],"type":"mesh","transform":{},"triangles":[29,32,30,28,40,32,33,36,34,26,28,27,32,36,33,40,36,32,15,18,16,22,24,23,18,20,19,24,50,28,50,40,28,20,24,22,15,20,18,50,24,20,15,50,20,50,49,40,4,3,50,4,50,15,13,4,15,49,44,40,11,4,13,44,41,40,3,57,52,3,52,50,5,4,11,49,45,44,49,48,45,8,10,9,10,5,11,8,5,10,2,57,3,57,56,52,52,51,50,7,5,8,48,46,45,56,54,52,7,6,5,54,53,52,56,55,54,48,47,46,2,61,57,61,59,57,1,61,2,61,60,59,67,63,61,1,67,61,67,65,63,65,64,63,0,67,1,67,66,65,0,68,67,63,62,61,59,58,57,44,42,41,43,42,44,40,37,36,40,38,37,40,39,38,36,35,34,30,32,31,28,32,29,24,26,25,24,28,26,20,22,21,18,16,17,13,15,14,11,13,12],"edges":[0,68,68,67,67,66,66,65,65,64,64,63,63,62,62,61,61,60,60,59,59,58,58,57,57,56,56,55,55,54,54,53,53,52,52,51,51,50,50,49,49,48,48,47,47,46,46,45,45,44,44,43,43,42,42,41,41,40,40,39,39,38,38,37,37,36,36,35,35,34,34,33,33,32,32,31,31,30,30,29,29,28,28,27,27,26,26,25,25,24,24,23,23,22,22,21,21,20,20,19,19,18,18,17,17,16,16,15,15,14,14,13,13,12,12,11,11,10,10,9,9,8,8,7,7,6,6,5,5,4,4,3,3,2,2,1,1,0],"height":382,"name":"Layer 251","bonePose":[11,0.7276530486899134,-0.6859453627893949,0.6859453627893949,0.7276530486899134,25.93527093976746,-408.9540114911691,15,0.479304688984425,0.877648571535067,-0.877648571535067,0.479304688984425,129.59672425613252,-506.67378787414634],"uvs":[0,0.42821,0.06457,0.37357,0.24668,0.27005,0.36143,0.20155,0.39701,0.15846,0.41714,0.0738,0.3839,0,0.41152,0,0.45834,0.02262,0.51171,0.02185,0.50375,0.05571,0.5103,0.0661,0.70482,0.05943,0.6538,0.08714,0.81578,0.11023,0.73806,0.14871,0.89021,0.22221,0.97601,0.28015,0.84446,0.26437,0.88659,0.30093,0.83101,0.30379,0.95273,0.38884,0.85536,0.37268,0.88859,0.41731,0.81556,0.39538,0.9944,0.58887,0.91341,0.54538,0.92886,0.59156,0.868,0.54731,0.98691,0.73163,1,0.78358,1,0.8227,0.89749,0.74035,0.90801,0.80667,0.90614,0.88209,0.8818,0.92135,0.83873,0.80244,0.76991,0.90942,0.68025,0.97292,0.60441,1,0.65123,0.73511,0.6002,0.82246,0.47657,0.93044,0.38388,0.98816,0.53509,0.74611,0.45035,0.83424,0.3574,0.89687,0.17623,0.97691,0.32088,0.82067,0.41762,0.63886,0.45507,0.44106,0.41547,0.47494,0.40985,0.4403,0.3827,0.46378,0.37146,0.44877,0.35789,0.46108,0.34431,0.43261,0.32137,0.41144,0.30909,0.46603,0.28662,0.43062,0.25666,0.45487,0.23934,0.43293,0.18567,0.5453,0.17238,0.5176,0.11152,0.54723,0.09888,0.51914,0.06002,0.54454,0.05134,0.47758,0,0.45218]}],"name":"Layer 251"},{"display":[{"slotPose":[1,0,0,1,0,0],"vertices":[0.79,-404.45,1.93,-414.64,10.26,-433.5,21.49,-449.77,43.32,-472,47.13,-472,35.81,-428.45,56.1,-437.51,83.77,-441.64,58.95,-408.16,65.02,-402.5,56.07,-388.8,62.86,-387.76,63.17,-382.82,71.2,-382.52,71.51,-375.62,80.07,-382.52,87.99,-376.13,95.73,-381.12,109.53,-349.39,121.15,-310.14,128.82,-293.15,128.82,-290.01,117.03,-290.37,104.05,-300.36,94.68,-294.69,95.5,-304.79,94.17,-308.29,94.68,-311.48,80.67,-317.66,43.34,-326.23,48.8,-345.08,41.69,-348.69,39.52,-360.84,30.15,-361.77,33.65,-369.49,30.05,-372.16,21.26,-370.95,15.89,-382.07,10.34,-384.34,8.59,-389.17,4.16,-388.56,4.15,-398.54],"userEdges":[],"path":"Layer 256","width":128,"weights":[1,10,1,1,10,1,1,10,1,1,10,1,1,10,1,1,10,1,1,10,1,1,10,1,1,10,1,1,10,1,1,10,1,1,10,1,2,10,0.99743,14,0.00257,2,10,0.9579,14,0.0421,2,10,0.79759,14,0.20241,2,10,0.46062,14,0.53938,2,10,0.11192,14,0.88808,2,10,0.02468,14,0.97532,1,14,1,1,14,1,1,14,1,1,14,1,1,14,1,1,14,1,1,14,1,1,14,1,1,14,1,1,14,1,1,14,1,1,14,1,2,10,0.00536,14,0.99464,2,10,0.21441,14,0.78559,2,10,0.44721,14,0.55279,2,10,0.81896,14,0.18104,2,10,0.93735,14,0.06265,2,10,0.96998,14,0.03002,2,10,0.99427,14,0.00573,1,10,1,1,10,1,1,10,1,1,10,1,1,10,1,1,10,1],"type":"mesh","transform":{},"triangles":[19,28,20,23,22,21,20,23,21,28,24,20,24,23,20,29,28,19,18,17,19,28,26,24,17,15,19,15,29,19,15,31,29,27,26,28,26,25,24,7,9,8,16,15,17,31,30,29,13,33,15,33,31,15,13,15,14,35,33,11,7,6,9,11,33,13,9,11,10,11,13,12,33,32,31,38,11,9,6,38,9,38,36,11,36,35,11,40,38,6,42,40,6,1,42,6,35,34,33,2,1,6,3,2,6,38,37,36,1,0,42,40,39,38,42,41,40,3,6,4,4,6,5],"edges":[0,42,42,41,41,40,40,39,39,38,38,37,37,36,36,35,35,34,34,33,33,32,32,31,31,30,30,29,29,28,28,27,27,26,26,25,25,24,24,23,23,22,22,21,21,20,20,19,19,18,18,17,17,16,16,15,15,14,14,13,13,12,12,11,11,10,10,9,9,8,8,7,7,6,6,5,5,4,4,3,3,2,2,1,1,0],"height":182,"name":"Layer 256","bonePose":[10,0.7114130308179796,0.702774145499375,-0.702774145499375,0.7114130308179796,23.130911418967703,-405.7152358462534,14,0.6126312001868032,0.790368909154249,-0.790368909154249,0.6126312001868032,62.87044332046005,-366.4582720786583],"uvs":[0,0.37114,0.00885,0.31511,0.07403,0.21154,0.16174,0.12213,0.33233,0,0.3621,0,0.27359,0.23928,0.43211,0.18947,0.64824,0.16684,0.45432,0.35076,0.50179,0.38189,0.43178,0.45716,0.48489,0.46282,0.48731,0.48998,0.55007,0.49168,0.55249,0.5296,0.61928,0.49168,0.68124,0.52677,0.74159,0.49937,0.84942,0.67368,0.94014,0.88935,1,0.98272,1,1,0.90795,0.998,0.80656,0.94311,0.73334,0.97423,0.73977,0.91877,0.72931,0.89953,0.73334,0.88199,0.6239,0.84803,0.33231,0.80092,0.37496,0.69735,0.31943,0.67754,0.30253,0.61076,0.22931,0.60567,0.25667,0.56323,0.2285,0.54851,0.15983,0.55522,0.11798,0.4941,0.07453,0.48165,0.06085,0.45505,0.02625,0.45845,0.02625,0.40355]},{"slotPose":[1,0,0,1,0,0],"vertices":[0.79,-408.17,8.73,-428.72,21.27,-450,42.56,-472,50.4,-472,37.13,-428.72,90.12,-444.43,58.87,-408.64,64.76,-403.81,55.59,-388.19,69.46,-387.84,71.08,-375.54,80.67,-383.72,88.3,-376.74,96.58,-381.65,116.06,-326.98,122.81,-306.69,119.75,-299.61,110.38,-293.01,102.42,-298.41,94.36,-298.51,96.54,-305.71,45.41,-330.11,48.13,-346.58,37.03,-349.09,39.87,-359.01,30.05,-360.76,34.85,-369.48,18.61,-372.96,16.21,-382.12,4.59,-387.25,3.83,-399.78,0.79,-404.25],"userEdges":[],"path":"Layer 2 copy","width":122,"weights":[1,10,1,1,10,1,1,10,1,1,10,1,1,10,1,1,10,1,1,10,1,1,10,1,1,10,1,1,10,1,2,10,0.98062,14,0.01938,2,10,0.48858,14,0.51142,2,10,0.10587,14,0.89413,2,10,0.02796,14,0.97204,1,14,1,1,14,1,1,14,1,1,14,1,1,14,1,1,14,1,1,14,1,1,14,1,2,10,0.05056,14,0.94944,2,10,0.32762,14,0.67238,2,10,0.60059,14,0.39941,2,10,0.79555,14,0.20445,2,10,0.93366,14,0.06634,2,10,0.97477,14,0.02523,1,10,1,1,10,1,1,10,1,1,10,1,1,10,1],"type":"mesh","transform":{},"triangles":[14,13,15,15,21,16,19,17,16,21,19,16,19,18,17,23,21,15,13,23,15,11,23,13,23,22,21,21,20,19,5,7,6,12,11,13,10,9,11,9,25,11,25,23,11,2,5,3,3,5,4,27,25,9,7,9,8,29,9,7,5,29,7,29,27,9,31,29,5,25,24,23,0,31,1,1,31,5,29,28,27,27,26,25,2,1,5,31,30,29,0,32,31],"edges":[0,32,32,31,31,30,30,29,29,28,28,27,27,26,26,25,25,24,24,23,23,22,22,21,21,20,20,19,19,18,18,17,17,16,16,15,15,14,14,13,13,12,12,11,11,10,10,9,9,8,8,7,7,6,6,5,5,4,4,3,3,2,2,1,1,0],"height":179,"name":"Layer 2 copy","bonePose":[10,0.7114130308179796,0.702774145499375,-0.702774145499375,0.7114130308179796,23.130911418967703,-405.7152358462534,14,0.6126312001868032,0.790368909154249,-0.790368909154249,0.6126312001868032,62.87044332046005,-366.4582720786583],"uvs":[0,0.3565,0.06514,0.24177,0.16787,0.12283,0.34239,0,0.40675,0,0.29783,0.24177,0.73226,0.15404,0.47606,0.35397,0.52433,0.38096,0.44916,0.46824,0.56281,0.47019,0.57602,0.53888,0.65465,0.49321,0.71719,0.53218,0.78509,0.50478,0.94465,0.81025,1,0.92355,0.9749,0.96313,0.89807,1,0.83285,0.96982,0.76673,0.96922,0.7846,0.92903,0.36558,0.79262,0.38792,0.70068,0.29701,0.6866,0.32024,0.63119,0.23983,0.62145,0.27914,0.57273,0.14602,0.55324,0.12636,0.50209,0.03115,0.47346,0.02489,0.40343,0,0.37846]}],"name":"Layer 2 copy"},{"display":[{"path":"Ellipse 1","type":"image","name":"Ellipse 1","transform":{"y":3.07,"x":9.97}}],"name":"Ellipse 1"}]}]}],"isGlobal":0,"name":"SKXoer","version":"5.0"}