{"width":1024,"SubTexture":[{"frameX":-1,"frameHeight":42,"y":328,"frameY":-1,"frameWidth":347,"width":345,"height":40,"name":"Ellipse 1","x":317},{"width":230,"y":1,"height":325,"name":"Layer 250","x":317},{"width":314,"y":1,"height":382,"name":"Layer 251","x":1},{"width":422,"y":385,"height":261,"name":"Layer 252","x":1},{"width":85,"y":648,"height":126,"name":"Layer 8 copy","x":293},{"frameX":-1,"frameHeight":134,"y":648,"frameY":-1,"frameWidth":292,"width":290,"height":132,"name":"Layer 253","x":1},{"width":195,"y":782,"height":188,"name":"Layer 254","x":1},{"frameX":-1,"frameHeight":92,"y":648,"frameY":-1,"frameWidth":95,"width":93,"height":90,"name":"Layer 255","x":380},{"width":128,"y":782,"height":182,"name":"Layer 256","x":198},{"width":122,"y":782,"height":179,"name":"Layer 2 copy","x":328}],"height":1024,"name":"SKXoer","imagePath":"SKXoer_tex.png"}