{"width":512,"SubTexture":[{"frameY":-1,"y":821,"frameWidth":508,"frameX":-1,"frameHeight":45,"width":506,"height":43,"name":"Spell Circle","x":1},{"width":212,"y":267,"height":257,"name":"wormBody","x":281},{"frameY":-1,"y":285,"frameWidth":240,"frameX":-1,"frameHeight":235,"width":238,"height":233,"name":"wormHead","x":1},{"width":226,"y":520,"height":189,"name":"Left ARm","x":1},{"width":217,"y":1,"height":264,"name":"ImpbBody","x":281},{"width":278,"y":1,"height":282,"name":"Right ARm","x":1},{"frameY":-1,"y":526,"frameWidth":130,"frameX":-1,"frameHeight":151,"width":128,"height":149,"name":"ImpBHead","x":372},{"frameY":-1,"y":711,"frameWidth":371,"frameX":-1,"frameHeight":110,"width":369,"height":108,"name":"Pit","x":1},{"frameY":-1,"y":972,"frameWidth":142,"frameX":-1,"frameHeight":49,"width":140,"height":47,"name":"FogC","x":1},{"frameY":-1,"y":677,"frameWidth":131,"frameX":-1,"frameHeight":60,"width":129,"height":58,"name":"FogB","x":372},{"frameY":-1,"y":866,"frameWidth":157,"frameX":-1,"frameHeight":106,"width":155,"height":104,"name":"FogA","x":1},{"width":51,"y":737,"height":48,"name":"ImpLeftAm","x":448},{"width":63,"y":526,"height":147,"name":"ImpBody","x":229},{"width":71,"y":526,"height":68,"name":"ImpRightArm","x":294},{"frameY":-1,"y":737,"frameWidth":76,"frameX":-1,"frameHeight":68,"width":74,"height":66,"name":"ImpAHead","x":372}],"height":1024,"name":"Horde","imagePath":"Horde_tex.png"}