{"width":1024,"SubTexture":[{"frameX":-1,"frameHeight":34,"y":374,"frameY":-1,"frameWidth":251,"width":249,"height":32,"name":"Ellipse 5","x":274},{"width":368,"y":1,"height":371,"name":"Layer 199","x":1},{"width":219,"y":1,"height":157,"name":"Layer 200","x":371},{"frameX":-1,"frameHeight":27,"y":344,"frameY":-1,"frameWidth":15,"width":13,"height":25,"name":"Layer 201","x":399},{"frameX":-1,"frameHeight":60,"y":408,"frameY":-1,"frameWidth":46,"width":44,"height":58,"name":"spellhead","x":468},{"frameX":-1,"frameHeight":60,"y":296,"frameY":-1,"frameWidth":46,"width":44,"height":58,"name":"Layer 202","x":417},{"frameX":-1,"frameHeight":60,"y":284,"frameY":-1,"frameWidth":46,"width":44,"height":58,"name":"damagehead","x":371},{"frameX":-1,"frameHeight":60,"y":296,"frameY":-1,"frameWidth":46,"width":44,"height":58,"name":"kisshead","x":463},{"frameX":-1,"frameHeight":14,"y":493,"frameY":-1,"frameWidth":13,"width":11,"height":12,"name":"Layer 203","x":345},{"width":65,"y":408,"height":53,"name":"Layer 204","x":398},{"width":68,"y":463,"height":45,"name":"kissarm","x":398},{"width":138,"y":374,"height":112,"name":"Layer 205","x":1},{"width":46,"y":160,"height":122,"name":"Layer 206","x":371},{"width":28,"y":160,"height":134,"name":"Layer 207","x":419},{"width":69,"y":408,"height":88,"name":"Layer 208","x":274},{"frameX":-1,"frameHeight":110,"y":374,"frameY":-1,"frameWidth":133,"width":131,"height":108,"name":"Layer 209","x":141},{"frameX":-1,"frameHeight":116,"y":374,"frameY":-1,"frameWidth":63,"width":61,"height":114,"name":"Layer 210","x":525},{"width":54,"y":468,"height":28,"name":"Layer 211","x":468},{"width":51,"y":408,"height":83,"name":"Layer 212","x":345},{"frameX":-1,"frameHeight":32,"y":160,"frameY":-1,"frameWidth":15,"width":13,"height":30,"name":"Layer 213","x":449},{"frameX":-1,"frameHeight":27,"y":344,"frameY":-1,"frameWidth":28,"width":26,"height":25,"name":"kiss FX","x":371}],"height":512,"name":"Aphrodite","imagePath":"Aphrodite_tex.png"}