{"frameRate":30,"armature":[{"ik":[{"bendPositive":"false","bone":"Mid3","name":"LegRIK","chain":1,"target":"LegRIK"},{"bendPositive":"false","bone":"Mid5","name":"LeftIK\\","chain":1,"target":"LeftIK\\"}],"type":"Armature","name":"Aphrodite","bone":[{"transform":{},"name":"root"},{"transform":{"y":-22.69,"x":17.93},"name":"LeftIK\\","parent":"root"},{"transform":{"y":-17.94,"x":-8.31},"name":"LegRIK","parent":"root"},{"transform":{"y":-150.64,"x":-14.41},"name":"Mid","parent":"root"},{"transform":{"y":-18,"x":-0.5},"name":"shadow","parent":"root"},{"length":54,"transform":{"skX":90.62,"skY":90.62,"y":-13.71,"x":9.11},"parent":"Mid","name":"Mid2"},{"length":56,"transform":{"skX":73.72,"skY":73.72,"y":-19.03,"x":-5.86},"parent":"Mid","name":"Mid4"},{"length":99,"transform":{"skX":35.76,"skY":35.76,"y":-31.83,"x":14.76},"parent":"Mid","name":"bone9"},{"length":40,"transform":{"skX":-75.8,"skY":-75.8,"y":-0.08,"x":1},"parent":"Mid","name":"bone2"},{"transform":{"y":-81.14,"x":-27.18},"name":"heart FX","parent":"Mid"},{"length":83,"transform":{"skX":128.45,"skY":128.45,"y":-33.21,"x":-10.66},"parent":"Mid","name":"bone10"},{"transform":{"y":-32.64,"x":24.38},"name":"fxglow","parent":"Mid"},{"length":85,"transform":{"skX":88.88,"skY":88.88,"y":-25.99,"x":3.34},"parent":"Mid","name":"dressBack"},{"length":58,"transform":{"skX":1.53,"skY":1.53,"x":56.23},"parent":"Mid4","name":"Mid5"},{"length":72,"transform":{"skX":21.34,"skY":21.34,"y":9.72,"x":4.46},"parent":"dressBack","name":"dressBack2"},{"length":65,"transform":{"skX":2.47,"skY":2.47,"y":0.4,"x":54.18},"parent":"Mid2","name":"Mid3"},{"length":77,"transform":{"skX":-32.03,"skY":-32.03,"y":-13.5,"x":-2.56},"parent":"dressBack","name":"dressBack3"},{"length":17,"transform":{"skX":-12.19,"skY":-12.19,"x":40.71},"parent":"bone2","name":"bone3"},{"length":19,"transform":{"skX":8.86,"skY":8.86,"x":17.79},"parent":"bone3","name":"bone4"},{"length":36,"transform":{"skX":-45.3,"skY":-45.3,"y":-2.09,"x":23.28},"parent":"bone4","name":"bone5"},{"length":25,"transform":{"skX":-160.61,"skY":-160.61,"y":-6.98,"x":11.58},"parent":"bone4","name":"bone13"},{"length":25,"transform":{"skX":133.56,"skY":133.56,"y":12.36,"x":20.39},"parent":"bone4","name":"bone11"},{"length":9,"transform":{"skX":170.83,"skY":170.83,"y":17.78,"x":6.35},"parent":"bone5","name":"bone7"},{"length":21,"transform":{"skX":-123.77,"skY":-123.77,"y":-6.61,"x":12.12},"parent":"bone5","name":"bone8"},{"length":126,"transform":{"skX":-152.14,"skY":-152.14,"y":5.89,"x":10.42},"parent":"bone5","name":"bone16"},{"length":21,"transform":{"skX":-133.27,"skY":-133.27,"y":13.66,"x":9.17},"parent":"bone5","name":"bone6"},{"length":42,"transform":{"skX":11.72,"skY":11.72,"x":25.64},"parent":"bone11","name":"bone12"},{"length":28,"transform":{"skX":35.94,"skY":35.94,"x":25.34},"parent":"bone13","name":"bone14"},{"length":101,"transform":{"skX":-39.16,"skY":-39.16,"y":-6.72,"x":-1.22},"parent":"bone16","name":"bone18"},{"length":103,"transform":{"skX":46.91,"skY":46.91,"y":4.91,"x":14.74},"parent":"bone16","name":"bone17"},{"length":16,"transform":{"skX":-14.61,"skY":-14.61,"x":28.24},"parent":"bone14","name":"bone15"}],"animation":[{"frame":[],"ik":[],"ffd":[{"frame":[{"curve":[0.25,0,1,0],"duration":10,"offset":0,"vertices":[]},{"duration":5,"offset":8,"vertices":[-1.02,-0.2,4.86,-2.26,0,0,0,0,0,0,0,0,0,0,0,0,0,0,-2.37,1.69,0,0,0,0,0,0,0,0,0,0,0,0,0,0,3.45,0.89,0,0,0,0,0,0],"tweenEasing":null},{"curve":[0.25,0,0.75,1],"duration":23,"offset":8,"vertices":[-1.02,-0.2,4.86,-2.26,0,0,0,0,0,0,0,0,0,0,0,0,0,0,-2.37,1.69,0,0,0,0,0,0,0,0,0,0,0,0,0,0,3.45,0.89,0,0,0,0,0,0]},{"duration":0,"offset":0,"vertices":[],"tweenEasing":null}],"scale":1,"skin":"","slot":"Layer 207","offset":0,"name":"Layer 207"}],"bone":[{"frame":[{"duration":10,"curve":[0.25,0,1,0],"transform":{}},{"duration":5,"transform":{"y":-0.55}},{"duration":23,"curve":[0.25,0,0.75,1],"transform":{"y":-0.55}},{"duration":0,"transform":{}}],"name":"root"},{"frame":[{"duration":10,"curve":[0.25,0,1,0],"transform":{"y":10.79}},{"duration":5,"curve":[0.25,0,0,1],"transform":{"y":-18.41,"x":52.98}},{"duration":23,"curve":[0.25,0,0.75,1],"transform":{"y":17.47,"x":-93.35}},{"duration":0,"transform":{"y":10.79}}],"name":"Mid"},{"frame":[{"duration":10,"transform":{}},{"duration":5,"transform":{}},{"duration":23,"transform":{}},{"duration":0,"transform":{}}],"name":"bone2"},{"frame":[{"duration":10,"curve":[0.25,0,1,0],"transform":{}},{"duration":5,"curve":[0.25,0,0,1],"transform":{"y":-4.53,"x":-1.15}},{"duration":23,"transform":{}},{"duration":0,"transform":{}}],"name":"bone3"},{"frame":[{"duration":10,"curve":[0.25,0,1,0],"transform":{}},{"duration":5,"transform":{"skX":-7.82,"skY":-7.82}},{"duration":23,"curve":[0.25,0,0.75,1],"transform":{"skX":-7.82,"skY":-7.82}},{"duration":0,"transform":{}}],"name":"bone4"},{"frame":[{"duration":10,"transform":{}},{"duration":5,"transform":{}},{"duration":23,"transform":{}},{"duration":0,"transform":{}}],"name":"bone5"},{"frame":[{"duration":10,"transform":{}},{"duration":5,"curve":[0.25,0,0,1],"transform":{}},{"duration":23,"curve":[0.25,0,0.75,1],"transform":{"skX":312.55,"skY":312.55}},{"duration":0,"transform":{}}],"name":"bone6"},{"frame":[{"duration":10,"transform":{}},{"duration":5,"curve":[0.25,0,0,1],"transform":{}},{"duration":23,"curve":[0.25,0,0.75,1],"transform":{"skX":29.75,"skY":29.75}},{"duration":0,"transform":{}}],"name":"bone7"},{"frame":[{"duration":10,"transform":{}},{"duration":5,"curve":[0.25,0,0,1],"transform":{}},{"duration":23,"curve":[0.25,0,0.75,1],"transform":{"skX":-31.58,"skY":-31.58}},{"duration":0,"transform":{}}],"name":"bone8"},{"frame":[{"duration":10,"curve":[0.25,0,1,0],"transform":{}},{"duration":5,"curve":[0.25,0,0,1],"transform":{"skX":23.13,"skY":23.13,"x":1.51}},{"duration":23,"curve":[0.25,0,0.75,1],"transform":{"skX":4.35,"skY":4.35}},{"duration":0,"transform":{}}],"name":"bone9"},{"frame":[{"duration":10,"curve":[0.25,0,1,0],"transform":{}},{"duration":5,"curve":[0.25,0,0,1],"transform":{"skX":29.45,"skY":29.45}},{"duration":23,"curve":[0.25,0,0.75,1],"transform":{"skX":25.19,"skY":25.19}},{"duration":0,"transform":{}}],"name":"bone10"},{"frame":[{"duration":10,"curve":[0.25,0,1,0],"transform":{}},{"duration":5,"curve":[0.25,0,0,1],"transform":{"y":-56.89,"x":36.72}},{"duration":23,"curve":[0.25,0,0.75,1],"transform":{"y":-17.14,"x":-80.11}},{"duration":0,"transform":{}}],"name":"LegRIK"},{"frame":[{"duration":10,"curve":[0.25,0,1,0],"transform":{"skX":0.14,"skY":0.14}},{"duration":5,"curve":[0.25,0,0,1],"transform":{"skX":35.49,"skY":35.49}},{"duration":23,"curve":[0.25,0,0.75,1],"transform":{"skX":16.43,"skY":16.43}},{"duration":0,"transform":{"skX":0.14,"skY":0.14}}],"name":"Mid2"},{"frame":[{"duration":10,"curve":[0.25,0,1,0],"transform":{"skX":-2.05,"skY":-2.05}},{"duration":5,"curve":[0.25,0,0,1],"transform":{"skX":-49.99,"skY":-49.99}},{"duration":23,"curve":[0.25,0,0.75,1],"transform":{"skX":-43.32,"skY":-43.32}},{"duration":0,"transform":{"skX":-2.05,"skY":-2.05}}],"name":"Mid3"},{"frame":[{"duration":10,"transform":{}},{"duration":5,"curve":[0.25,0,0,1],"transform":{}},{"duration":23,"curve":[0.25,0,0.75,1],"transform":{"y":2.58,"x":-86.1}},{"duration":0,"transform":{}}],"name":"LeftIK\\"},{"frame":[{"duration":10,"curve":[0.25,0,1,0],"transform":{"skX":1.71,"skY":1.71}},{"duration":5,"curve":[0.25,0,0,1],"transform":{"skX":21.6,"skY":21.6,"y":-2.98,"x":0.89}},{"duration":23,"curve":[0.25,0,0.75,1],"transform":{"skX":-1.98,"skY":-1.98,"y":-2.98,"x":0.89}},{"duration":0,"transform":{"skX":1.71,"skY":1.71}}],"name":"Mid4"},{"frame":[{"duration":10,"transform":{"skX":-1.53,"skY":-1.53}},{"duration":5,"transform":{"skX":-1.53,"skY":-1.53}},{"duration":23,"transform":{"skX":-1.53,"skY":-1.53}},{"duration":0,"transform":{"skX":-1.53,"skY":-1.53}}],"name":"Mid5"},{"frame":[{"duration":10,"curve":[0.25,0,1,0],"transform":{}},{"duration":5,"transform":{"skX":-17.05,"skY":-17.05}},{"duration":23,"curve":[0.25,0,0.75,1],"transform":{"skX":-17.05,"skY":-17.05}},{"duration":0,"transform":{}}],"name":"bone11"},{"frame":[{"duration":10,"transform":{}},{"duration":5,"transform":{}},{"duration":23,"transform":{}},{"duration":0,"transform":{}}],"name":"bone12"},{"frame":[{"duration":10,"curve":[0.25,0,1,0],"transform":{}},{"duration":5,"curve":[0.25,0,0,1],"transform":{"skX":-25.5,"skY":-25.5}},{"duration":23,"curve":[0.25,0,0.75,1],"transform":{"skX":64.63,"skY":64.63,"y":-3.58,"x":0.32}},{"duration":0,"transform":{}}],"name":"bone13"},{"frame":[{"duration":10,"curve":[0.25,0,1,0],"transform":{}},{"duration":5,"curve":[0.25,0,0,1],"transform":{"skX":30.05,"skY":30.05}},{"duration":23,"curve":[0.25,0,0.75,1],"transform":{"skX":-27.47,"skY":-27.47}},{"duration":0,"transform":{}}],"name":"bone14"},{"frame":[{"duration":10,"transform":{}},{"duration":5,"transform":{}},{"duration":23,"transform":{}},{"duration":0,"transform":{}}],"name":"bone15"},{"frame":[{"duration":10,"transform":{}},{"duration":5,"transform":{}},{"duration":23,"transform":{}},{"duration":0,"transform":{}}],"name":"bone16"},{"frame":[{"duration":10,"curve":[0.25,0,1,0],"transform":{}},{"duration":5,"curve":[0.25,0,0,1],"transform":{"skX":19.67,"skY":19.67}},{"duration":23,"curve":[0.25,0,0.75,1],"transform":{"skX":-9.21,"skY":-9.21}},{"duration":0,"transform":{}}],"name":"bone17"},{"frame":[{"duration":10,"curve":[0.25,0,1,0],"transform":{}},{"duration":5,"curve":[0.25,0,0,1],"transform":{"skX":8.6,"skY":8.6,"y":5.9,"x":-1.14}},{"duration":23,"curve":[0.25,0,0.75,1],"transform":{"skX":-33.93,"skY":-33.93,"y":-8.51,"x":-1.43}},{"duration":0,"transform":{}}],"name":"bone18"},{"frame":[{"duration":10,"curve":[0.25,0,1,0],"transform":{}},{"duration":5,"curve":[0.25,0,0,1],"transform":{"scX":0.72,"scY":0.94}},{"duration":23,"curve":[0.25,0,0.75,1],"transform":{"scX":1.1,"scY":1.12}},{"duration":0,"transform":{}}],"name":"fxglow"},{"frame":[{"duration":10,"curve":[0.25,0,1,0],"transform":{}},{"duration":5,"curve":[0.25,0,0,1],"transform":{"scX":0.78,"x":39.49}},{"duration":23,"curve":[0.25,0,0.75,1],"transform":{"scX":1.06,"scY":1.06,"x":-39.08}},{"duration":0,"transform":{}}],"name":"shadow"},{"frame":[{"duration":10,"curve":[0.25,0,1,0],"transform":{}},{"duration":5,"transform":{"skX":0.07,"skY":0.07}},{"duration":23,"curve":[0.25,0,0.75,1],"transform":{"skX":0.07,"skY":0.07}},{"duration":0,"transform":{}}],"name":"dressBack"},{"frame":[{"duration":10,"curve":[0.25,0,1,0],"transform":{}},{"duration":5,"curve":[0.25,0,0,1],"transform":{"skX":34.26,"skY":34.26}},{"duration":23,"curve":[0.25,0,0.75,1],"transform":{"skX":28.21,"skY":28.21}},{"duration":0,"transform":{}}],"name":"dressBack2"},{"frame":[{"duration":10,"curve":[0.25,0,1,0],"transform":{}},{"duration":5,"transform":{"skX":15.64,"skY":15.64}},{"duration":23,"curve":[0.25,0,0.75,1],"transform":{"skX":15.64,"skY":15.64}},{"duration":0,"transform":{}}],"name":"dressBack3"},{"frame":[{"duration":38,"transform":{}}],"name":"heart FX"}],"duration":38,"slot":[{"frame":[{"duration":38,"tweenEasing":null}],"name":"Layer 204"}],"name":"Attack A"},{"frame":[],"ik":[],"ffd":[],"bone":[{"frame":[{"duration":15,"transform":{}},{"duration":10,"transform":{}},{"duration":10,"transform":{}},{"duration":12,"transform":{}},{"duration":18,"transform":{}},{"duration":0,"transform":{}}],"name":"root"},{"frame":[{"duration":15,"curve":[0.25,0,1,0],"transform":{}},{"duration":10,"curve":[0.25,0,0.75,1],"transform":{"y":47.64,"x":-36.03}},{"duration":10,"curve":[0.25,0,0,1],"transform":{"y":39.35,"x":-36.03}},{"duration":12,"curve":[0.25,0,0.75,1],"transform":{"y":39.35,"x":-45.72}},{"duration":18,"curve":[0.25,0,0.75,1],"transform":{"y":41.41,"x":-45.72}},{"duration":0,"transform":{}}],"name":"Mid"},{"frame":[{"duration":15,"transform":{}},{"duration":10,"transform":{}},{"duration":10,"transform":{}},{"duration":12,"transform":{}},{"duration":18,"transform":{}},{"duration":0,"transform":{}}],"name":"bone2"},{"frame":[{"duration":15,"transform":{}},{"duration":10,"transform":{}},{"duration":10,"curve":[0.25,0,0,1],"transform":{}},{"duration":12,"transform":{"skX":-11.77,"skY":-11.77}},{"duration":18,"curve":[0.25,0,0.75,1],"transform":{"skX":-11.77,"skY":-11.77}},{"duration":0,"transform":{}}],"name":"bone3"},{"frame":[{"duration":15,"transform":{}},{"duration":10,"curve":[0.25,0,0.75,1],"transform":{}},{"duration":10,"transform":{"skX":9.81,"skY":9.81}},{"duration":12,"transform":{"skX":9.81,"skY":9.81}},{"duration":18,"curve":[0.25,0,0.75,1],"transform":{"skX":9.81,"skY":9.81}},{"duration":0,"transform":{}}],"name":"bone4"},{"frame":[{"duration":15,"transform":{}},{"duration":10,"transform":{}},{"duration":10,"transform":{}},{"duration":12,"transform":{}},{"duration":18,"transform":{}},{"duration":0,"transform":{}}],"name":"bone5"},{"frame":[{"duration":15,"transform":{}},{"duration":10,"transform":{}},{"duration":10,"curve":[0.25,0,0,1],"transform":{}},{"duration":12,"transform":{"skX":299.97,"skY":299.97}},{"duration":18,"curve":[0.25,0,0.75,1],"transform":{"skX":299.97,"skY":299.97}},{"duration":0,"transform":{}}],"name":"bone6"},{"frame":[{"duration":15,"transform":{}},{"duration":10,"transform":{}},{"duration":10,"transform":{}},{"duration":12,"transform":{}},{"duration":18,"transform":{}},{"duration":0,"transform":{}}],"name":"bone7"},{"frame":[{"duration":15,"transform":{}},{"duration":10,"transform":{}},{"duration":10,"curve":[0.25,0,0,1],"transform":{}},{"duration":12,"transform":{"skX":-26.54,"skY":-26.54}},{"duration":18,"curve":[0.25,0,0.75,1],"transform":{"skX":-26.54,"skY":-26.54}},{"duration":0,"transform":{}}],"name":"bone8"},{"frame":[{"duration":15,"curve":[0.25,0,1,0],"transform":{}},{"duration":10,"curve":[0.25,0,0.75,1],"transform":{"skX":-20.91,"skY":-20.91}},{"duration":10,"curve":[0.25,0,0,1],"transform":{"skX":13.52,"skY":13.52}},{"duration":12,"curve":[0.25,0,0.75,1],"transform":{"skX":-27.31,"skY":-27.31}},{"duration":18,"curve":[0.25,0,0.75,1],"transform":{"skX":3.9,"skY":3.9}},{"duration":0,"transform":{}}],"name":"bone9"},{"frame":[{"duration":15,"curve":[0.25,0,1,0],"transform":{}},{"duration":10,"curve":[0.25,0,0.75,1],"transform":{"skX":24.75,"skY":24.75}},{"duration":10,"curve":[0.25,0,0,1],"transform":{"skX":-1.18,"skY":-1.18}},{"duration":12,"curve":[0.25,0,0.75,1],"transform":{"skX":-7.5,"skY":-7.5}},{"duration":18,"curve":[0.25,0,0.75,1],"transform":{"skX":8.02,"skY":8.02}},{"duration":0,"transform":{}}],"name":"bone10"},{"frame":[{"duration":15,"curve":[0.25,0,1,0],"transform":{}},{"duration":10,"transform":{"x":-61.17}},{"duration":10,"transform":{"x":-61.17}},{"duration":12,"transform":{"x":-61.17}},{"duration":18,"curve":[0.25,0,0.75,1],"transform":{"x":-61.17}},{"duration":0,"transform":{}}],"name":"LegRIK"},{"frame":[{"duration":15,"curve":[0.25,0,1,0],"transform":{"skX":0.14,"skY":0.14}},{"duration":10,"curve":[0.25,0,0.75,1],"transform":{"skX":40.15,"skY":40.15,"y":-7.26}},{"duration":10,"curve":[0.25,0,0,1],"transform":{"skX":24.74,"skY":24.74,"y":-7.26}},{"duration":12,"transform":{"skX":24.66,"skY":24.66,"y":-7.26}},{"duration":18,"curve":[0.25,0,0.75,1],"transform":{"skX":24.66,"skY":24.66,"y":-7.26}},{"duration":0,"transform":{"skX":0.14,"skY":0.14}}],"name":"Mid2"},{"frame":[{"duration":15,"curve":[0.25,0,1,0],"transform":{"skX":-2.05,"skY":-2.05}},{"duration":10,"curve":[0.25,0,0.75,1],"transform":{"skX":-49.82,"skY":-49.82}},{"duration":10,"curve":[0.25,0,0,1],"transform":{"skX":-23.83,"skY":-23.83}},{"duration":12,"transform":{"skX":-32.14,"skY":-32.14}},{"duration":18,"curve":[0.25,0,0.75,1],"transform":{"skX":-32.14,"skY":-32.14}},{"duration":0,"transform":{"skX":-2.05,"skY":-2.05}}],"name":"Mid3"},{"frame":[{"duration":15,"curve":[0.25,0,1,0],"transform":{}},{"duration":10,"transform":{"x":-61.17}},{"duration":10,"transform":{"x":-61.17}},{"duration":12,"transform":{"x":-61.17}},{"duration":18,"curve":[0.25,0,0.75,1],"transform":{"x":-61.17}},{"duration":0,"transform":{}}],"name":"LeftIK\\"},{"frame":[{"duration":15,"curve":[0.25,0,1,0],"transform":{"skX":1.71,"skY":1.71}},{"duration":10,"curve":[0.25,0,0.75,1],"transform":{"skX":34.22,"skY":34.22,"y":-3.63}},{"duration":10,"curve":[0.25,0,0,1],"transform":{"skX":21.2,"skY":21.2,"y":-3.63}},{"duration":12,"transform":{"skX":11.31,"skY":11.31,"y":-3.63}},{"duration":18,"curve":[0.25,0,0.75,1],"transform":{"skX":11.31,"skY":11.31,"y":-3.63}},{"duration":0,"transform":{"skX":1.71,"skY":1.71}}],"name":"Mid4"},{"frame":[{"duration":15,"curve":[0.25,0,1,0],"transform":{"skX":-1.53,"skY":-1.53}},{"duration":10,"curve":[0.25,0,0.75,1],"transform":{"skX":-51.02,"skY":-51.02}},{"duration":10,"curve":[0.25,0,0,1],"transform":{"skX":-24.39,"skY":-24.39}},{"duration":12,"transform":{"skX":-14.48,"skY":-14.48}},{"duration":18,"curve":[0.25,0,0.75,1],"transform":{"skX":-14.48,"skY":-14.48}},{"duration":0,"transform":{"skX":-1.53,"skY":-1.53}}],"name":"Mid5"},{"frame":[{"duration":15,"curve":[0.25,0,1,0],"transform":{}},{"duration":10,"curve":[0.25,0,0.75,1],"transform":{"skX":-36.4,"skY":-36.4}},{"duration":10,"transform":{"skX":13.4,"skY":13.4}},{"duration":12,"transform":{"skX":13.4,"skY":13.4}},{"duration":18,"curve":[0.25,0,0.75,1],"transform":{"skX":13.4,"skY":13.4}},{"duration":0,"transform":{}}],"name":"bone11"},{"frame":[{"duration":15,"transform":{}},{"duration":10,"transform":{}},{"duration":10,"transform":{}},{"duration":12,"transform":{}},{"duration":18,"transform":{}},{"duration":0,"transform":{}}],"name":"bone12"},{"frame":[{"duration":15,"curve":[0.25,0,1,0],"transform":{}},{"duration":10,"curve":[0.25,0,0.75,1],"transform":{"skX":-28.85,"skY":-28.85}},{"duration":10,"curve":[0.25,0,0,1],"transform":{"skX":-5.1,"skY":-5.1}},{"duration":12,"curve":[0.25,0,0.75,1],"transform":{"skX":37.78,"skY":37.78}},{"duration":18,"curve":[0.25,0,0.75,1],"transform":{"skX":340.21,"skY":340.21}},{"duration":0,"transform":{}}],"name":"bone13"},{"frame":[{"duration":15,"transform":{}},{"duration":10,"curve":[0.25,0,0.75,1],"transform":{}},{"duration":10,"curve":[0.25,0,0,1],"transform":{"skX":118.68,"skY":118.68}},{"duration":12,"transform":{"skX":-15.37,"skY":-15.37}},{"duration":18,"curve":[0.25,0,0.75,1],"transform":{"skX":-15.37,"skY":-15.37}},{"duration":0,"transform":{}}],"name":"bone14"},{"frame":[{"duration":15,"transform":{}},{"duration":10,"transform":{}},{"duration":10,"transform":{}},{"duration":12,"transform":{}},{"duration":18,"transform":{}},{"duration":0,"transform":{}}],"name":"bone15"},{"frame":[{"duration":15,"transform":{}},{"duration":10,"transform":{}},{"duration":10,"transform":{}},{"duration":12,"transform":{}},{"duration":18,"transform":{}},{"duration":0,"transform":{}}],"name":"bone16"},{"frame":[{"duration":15,"curve":[0.25,0,1,0],"transform":{}},{"duration":10,"curve":[0.25,0,0.75,1],"transform":{"skX":17.47,"skY":17.47}},{"duration":10,"curve":[0.25,0,0,1],"transform":{"skX":-13.28,"skY":-13.28}},{"duration":12,"curve":[0.25,0,0.75,1],"transform":{"skX":-29.89,"skY":-29.89}},{"duration":18,"curve":[0.25,0,0.75,1],"transform":{"skX":-3.65,"skY":-3.65}},{"duration":0,"transform":{}}],"name":"bone17"},{"frame":[{"duration":15,"curve":[0.25,0,1,0],"transform":{}},{"duration":10,"curve":[0.25,0,0.75,1],"transform":{"skX":-29.84,"skY":-29.84,"y":-8.54,"x":-0.6}},{"duration":10,"curve":[0.25,0,0,1],"transform":{"skX":-4.87,"skY":-4.87,"y":-0.77,"x":1.72}},{"duration":12,"curve":[0.25,0,0.75,1],"transform":{"skX":-29.41,"skY":-29.41,"y":-7.11,"x":0.56}},{"duration":18,"curve":[0.25,0,0.75,1],"transform":{"skX":1.3,"skY":1.3,"y":1.8,"x":-0.78}},{"duration":0,"transform":{}}],"name":"bone18"},{"frame":[{"duration":15,"curve":[0.25,0,1,0],"transform":{}},{"duration":10,"curve":[0.25,0,0.75,1],"transform":{"scX":0.84,"scY":0.96}},{"duration":10,"curve":[0.25,0,0,1],"transform":{"scX":0.76,"scY":0.94}},{"duration":12,"curve":[0.25,0,0.75,1],"transform":{"scX":1.34,"scY":1.22}},{"duration":18,"curve":[0.25,0,0.75,1],"transform":{"scX":1.04,"scY":1.16}},{"duration":0,"transform":{}}],"name":"fxglow"},{"frame":[{"duration":15,"curve":[0.25,0,1,0],"transform":{}},{"duration":10,"transform":{"scX":1.1,"x":-31.65}},{"duration":10,"transform":{"scX":1.1,"x":-31.65}},{"duration":12,"transform":{"scX":1.1,"x":-31.65}},{"duration":18,"curve":[0.25,0,0.75,1],"transform":{"scX":1.1,"x":-31.65}},{"duration":0,"transform":{}}],"name":"shadow"},{"frame":[{"duration":15,"transform":{}},{"duration":10,"transform":{}},{"duration":10,"transform":{}},{"duration":12,"transform":{}},{"duration":18,"transform":{}},{"duration":0,"transform":{}}],"name":"dressBack"},{"frame":[{"duration":15,"curve":[0.25,0,1,0],"transform":{}},{"duration":10,"curve":[0.25,0,0.75,1],"transform":{"skX":18.1,"skY":18.1}},{"duration":10,"curve":[0.25,0,0,1],"transform":{"skX":-14.72,"skY":-14.72}},{"duration":12,"transform":{"skX":-36.28,"skY":-36.28}},{"duration":18,"curve":[0.25,0,0.75,1],"transform":{"skX":-36.28,"skY":-36.28}},{"duration":0,"transform":{}}],"name":"dressBack2"},{"frame":[{"duration":15,"curve":[0.25,0,1,0],"transform":{}},{"duration":10,"curve":[0.25,0,0.75,1],"transform":{"skX":-30.11,"skY":-30.11}},{"duration":10,"curve":[0.25,0,0,1],"transform":{"skX":1.84,"skY":1.84}},{"duration":12,"curve":[0.25,0,0.75,1],"transform":{"skX":-29.39,"skY":-29.39}},{"duration":18,"curve":[0.25,0,0.75,1],"transform":{"skX":7.42,"skY":7.42}},{"duration":0,"transform":{}}],"name":"dressBack3"},{"frame":[{"duration":15,"transform":{}},{"duration":10,"transform":{}},{"duration":1,"curve":[0.25,0,0,1],"transform":{}},{"duration":9,"curve":[0.25,0,0,1],"transform":{"x":25.35}},{"duration":12,"curve":[0.25,0,0.75,1],"transform":{"scX":1.4,"y":-7.37,"scY":1.4,"x":-13.57}},{"duration":18,"transform":{}},{"duration":0,"transform":{}}],"name":"heart FX"}],"duration":65,"slot":[{"frame":[{"duration":26,"tweenEasing":0},{"displayIndex":2,"duration":9,"tweenEasing":0},{"displayIndex":2,"duration":12,"tweenEasing":0},{"duration":18,"tweenEasing":null}],"name":"Layer 202"},{"frame":[{"duration":15,"tweenEasing":0},{"duration":32,"tweenEasing":0},{"duration":18,"tweenEasing":null}],"name":"Layer 204"},{"frame":[{"displayIndex":-1,"duration":26,"tweenEasing":0},{"duration":9,"tweenEasing":0},{"duration":12,"tweenEasing":0},{"duration":18,"color":{"aM":0},"tweenEasing":null}],"name":"kiss FX"}],"name":"Attack B"},{"frame":[],"ik":[],"ffd":[],"bone":[{"frame":[{"duration":15,"transform":{}},{"duration":10,"transform":{}},{"duration":10,"transform":{}},{"duration":10,"transform":{}},{"duration":10,"transform":{}},{"duration":10,"transform":{}},{"duration":10,"transform":{}},{"duration":14,"transform":{}},{"duration":0,"transform":{}}],"name":"root"},{"frame":[{"duration":15,"curve":[0.25,0,1,0],"transform":{}},{"duration":10,"curve":[0.25,0,0.75,1],"transform":{"y":47.64,"x":-36.03}},{"duration":40,"curve":[0.25,0,0,1],"transform":{"y":39.35,"x":-36.03}},{"duration":10,"curve":[0.25,0,0.75,1],"transform":{"y":39.62,"x":-36.03}},{"duration":14,"curve":[0.25,0,0.75,1],"transform":{"y":-17.25,"x":37.26}},{"duration":0,"transform":{}}],"name":"Mid"},{"frame":[{"duration":15,"transform":{}},{"duration":10,"transform":{}},{"duration":10,"transform":{}},{"duration":10,"transform":{}},{"duration":10,"transform":{}},{"duration":10,"transform":{}},{"duration":10,"transform":{}},{"duration":14,"transform":{}},{"duration":0,"transform":{}}],"name":"bone2"},{"frame":[{"duration":15,"transform":{}},{"duration":10,"transform":{}},{"duration":10,"curve":[0.25,0,0,1],"transform":{}},{"duration":10,"curve":[0.25,0,0.75,1],"transform":{"y":-0.41,"x":1.6}},{"duration":10,"curve":[0.25,0,0,1],"transform":{}},{"duration":10,"curve":[0.25,0,0.75,1],"transform":{"y":-0.43,"x":1.7}},{"duration":10,"transform":{}},{"duration":14,"transform":{}},{"duration":0,"transform":{}}],"name":"bone3"},{"frame":[{"duration":15,"transform":{}},{"duration":10,"curve":[0.25,0,0.75,1],"transform":{}},{"duration":10,"transform":{"skX":9.81,"skY":9.81}},{"duration":10,"transform":{"skX":9.81,"skY":9.81}},{"duration":10,"transform":{"skX":9.81,"skY":9.81}},{"duration":10,"transform":{"skX":9.81,"skY":9.81}},{"duration":10,"curve":[0.25,0,0.75,1],"transform":{"skX":9.81,"skY":9.81}},{"duration":14,"transform":{}},{"duration":0,"transform":{}}],"name":"bone4"},{"frame":[{"duration":15,"transform":{}},{"duration":10,"transform":{}},{"duration":10,"transform":{}},{"duration":10,"transform":{}},{"duration":10,"transform":{}},{"duration":10,"transform":{}},{"duration":10,"transform":{}},{"duration":14,"transform":{}},{"duration":0,"transform":{}}],"name":"bone5"},{"frame":[{"duration":15,"transform":{}},{"duration":10,"transform":{}},{"duration":20,"curve":[0.25,0,0,1],"transform":{}},{"duration":20,"curve":[0.25,0,0.917,0.75],"transform":{"skX":295.63,"skY":295.63}},{"duration":10,"transform":{}},{"duration":14,"transform":{}},{"duration":0,"transform":{}}],"name":"bone6"},{"frame":[{"duration":15,"transform":{}},{"duration":10,"transform":{}},{"duration":10,"transform":{}},{"duration":10,"transform":{}},{"duration":10,"transform":{}},{"duration":10,"transform":{}},{"duration":10,"transform":{}},{"duration":14,"transform":{}},{"duration":0,"transform":{}}],"name":"bone7"},{"frame":[{"duration":15,"transform":{}},{"duration":10,"transform":{}},{"duration":20,"curve":[0.25,0,0,1],"transform":{}},{"duration":20,"curve":[0.25,0,0.871,0.55],"transform":{"skX":-54.2,"skY":-54.2}},{"duration":10,"transform":{}},{"duration":14,"transform":{}},{"duration":0,"transform":{}}],"name":"bone8"},{"frame":[{"duration":15,"curve":[0.25,0,1,0],"transform":{}},{"duration":10,"curve":[0.25,0,0.75,1],"transform":{"skX":-20.91,"skY":-20.91}},{"duration":20,"curve":[0.25,0,0.625,0.5],"transform":{"skX":13.52,"skY":13.52}},{"duration":20,"curve":[0.375,0.5,0.75,1],"transform":{"skX":-12.38,"skY":-12.38}},{"duration":10,"curve":[0.25,0,0.75,1],"transform":{"skX":13.52,"skY":13.52}},{"duration":14,"curve":[0.25,0,0.75,1],"transform":{"skX":17.16,"skY":17.16}},{"duration":0,"transform":{}}],"name":"bone9"},{"frame":[{"duration":15,"curve":[0.25,0,1,0],"transform":{}},{"duration":10,"curve":[0.25,0,0.75,1],"transform":{"skX":24.75,"skY":24.75}},{"duration":20,"curve":[0.25,0,0.75,1],"transform":{"skX":-1.18,"skY":-1.18}},{"duration":20,"curve":[0.25,0,0.75,1],"transform":{"skX":19.52,"skY":19.52}},{"duration":10,"curve":[0.25,0,0.75,1],"transform":{"skX":-1.18,"skY":-1.18}},{"duration":14,"curve":[0.25,0,0.75,1],"transform":{"skX":17.44,"skY":17.44}},{"duration":0,"transform":{}}],"name":"bone10"},{"frame":[{"duration":15,"curve":[0.25,0,1,0],"transform":{}},{"duration":10,"transform":{"x":-61.17}},{"duration":10,"transform":{"x":-61.17}},{"duration":10,"transform":{"x":-61.17}},{"duration":10,"transform":{"x":-61.17}},{"duration":10,"transform":{"x":-61.17}},{"duration":10,"curve":[0.25,0,0.75,1],"transform":{"x":-61.17}},{"duration":14,"transform":{}},{"duration":0,"transform":{}}],"name":"LegRIK"},{"frame":[{"duration":15,"curve":[0.25,0,1,0],"transform":{"skX":0.14,"skY":0.14}},{"duration":10,"curve":[0.25,0,0.75,1],"transform":{"skX":40.15,"skY":40.15,"y":-7.26}},{"duration":10,"transform":{"skX":24.74,"skY":24.74,"y":-7.26}},{"duration":10,"transform":{"skX":24.74,"skY":24.74,"y":-7.26}},{"duration":10,"transform":{"skX":24.74,"skY":24.74,"y":-7.26}},{"duration":10,"transform":{"skX":24.74,"skY":24.74,"y":-7.26}},{"duration":10,"curve":[0.25,0,0.75,1],"transform":{"skX":24.74,"skY":24.74,"y":-7.26}},{"duration":14,"transform":{"skX":0.14,"skY":0.14}},{"duration":0,"transform":{"skX":0.14,"skY":0.14}}],"name":"Mid2"},{"frame":[{"duration":15,"curve":[0.25,0,1,0],"transform":{"skX":-2.05,"skY":-2.05}},{"duration":10,"curve":[0.25,0,0.75,1],"transform":{"skX":-49.82,"skY":-49.82}},{"duration":10,"transform":{"skX":-23.83,"skY":-23.83}},{"duration":10,"transform":{"skX":-23.83,"skY":-23.83}},{"duration":10,"transform":{"skX":-23.83,"skY":-23.83}},{"duration":10,"transform":{"skX":-23.83,"skY":-23.83}},{"duration":10,"curve":[0.25,0,0.75,1],"transform":{"skX":-23.83,"skY":-23.83}},{"duration":14,"transform":{"skX":-2.05,"skY":-2.05}},{"duration":0,"transform":{"skX":-2.05,"skY":-2.05}}],"name":"Mid3"},{"frame":[{"duration":15,"curve":[0.25,0,1,0],"transform":{}},{"duration":10,"transform":{"x":-61.17}},{"duration":10,"transform":{"x":-61.17}},{"duration":10,"transform":{"x":-61.17}},{"duration":10,"transform":{"x":-61.17}},{"duration":10,"transform":{"x":-61.17}},{"duration":10,"curve":[0.25,0,0.75,1],"transform":{"x":-61.17}},{"duration":14,"transform":{}},{"duration":0,"transform":{}}],"name":"LeftIK\\"},{"frame":[{"duration":15,"curve":[0.25,0,1,0],"transform":{"skX":1.71,"skY":1.71}},{"duration":10,"curve":[0.25,0,0.75,1],"transform":{"skX":34.22,"skY":34.22,"y":-3.63}},{"duration":10,"transform":{"skX":21.2,"skY":21.2,"y":-3.63}},{"duration":10,"transform":{"skX":21.2,"skY":21.2,"y":-3.63}},{"duration":10,"transform":{"skX":21.2,"skY":21.2,"y":-3.63}},{"duration":10,"transform":{"skX":21.2,"skY":21.2,"y":-3.63}},{"duration":10,"curve":[0.25,0,0.75,1],"transform":{"skX":21.2,"skY":21.2,"y":-3.63}},{"duration":14,"transform":{"skX":1.71,"skY":1.71}},{"duration":0,"transform":{"skX":1.71,"skY":1.71}}],"name":"Mid4"},{"frame":[{"duration":15,"curve":[0.25,0,1,0],"transform":{"skX":-1.53,"skY":-1.53}},{"duration":10,"curve":[0.25,0,0.75,1],"transform":{"skX":-51.02,"skY":-51.02}},{"duration":10,"transform":{"skX":-24.39,"skY":-24.39}},{"duration":10,"transform":{"skX":-24.39,"skY":-24.39}},{"duration":10,"transform":{"skX":-24.39,"skY":-24.39}},{"duration":10,"transform":{"skX":-24.39,"skY":-24.39}},{"duration":10,"curve":[0.25,0,0.75,1],"transform":{"skX":-24.39,"skY":-24.39}},{"duration":14,"transform":{"skX":-1.53,"skY":-1.53}},{"duration":0,"transform":{"skX":-1.53,"skY":-1.53}}],"name":"Mid5"},{"frame":[{"duration":15,"curve":[0.25,0,1,0],"transform":{}},{"duration":10,"curve":[0.25,0,0.75,1],"transform":{"skX":-36.4,"skY":-36.4}},{"duration":10,"transform":{"skX":13.4,"skY":13.4}},{"duration":10,"transform":{"skX":13.4,"skY":13.4}},{"duration":10,"transform":{"skX":13.4,"skY":13.4}},{"duration":10,"transform":{"skX":13.4,"skY":13.4}},{"duration":10,"curve":[0.25,0,0.75,1],"transform":{"skX":13.4,"skY":13.4}},{"duration":14,"transform":{}},{"duration":0,"transform":{}}],"name":"bone11"},{"frame":[{"duration":15,"transform":{}},{"duration":10,"transform":{}},{"duration":10,"transform":{}},{"duration":10,"transform":{}},{"duration":10,"transform":{}},{"duration":10,"transform":{}},{"duration":10,"transform":{}},{"duration":14,"transform":{}},{"duration":0,"transform":{}}],"name":"bone12"},{"frame":[{"duration":15,"curve":[0.25,0,1,0],"transform":{}},{"duration":10,"curve":[0.25,0,0.75,1],"transform":{"skX":-28.85,"skY":-28.85}},{"duration":10,"transform":{"skX":30.32,"skY":30.32}},{"duration":10,"transform":{"skX":30.32,"skY":30.32}},{"duration":10,"transform":{"skX":30.32,"skY":30.32}},{"duration":10,"transform":{"skX":30.32,"skY":30.32}},{"duration":10,"curve":[0.25,0,0.75,1],"transform":{"skX":30.32,"skY":30.32}},{"duration":14,"curve":[0.25,0,0.75,1],"transform":{"skX":316.88,"skY":316.88}},{"duration":0,"transform":{}}],"name":"bone13"},{"frame":[{"duration":15,"transform":{}},{"duration":10,"curve":[0.25,0,0.75,1],"transform":{}},{"duration":10,"transform":{"skX":-5.05,"skY":-5.05}},{"duration":10,"transform":{"skX":-5.05,"skY":-5.05}},{"duration":10,"transform":{"skX":-5.05,"skY":-5.05}},{"duration":10,"transform":{"skX":-5.05,"skY":-5.05}},{"duration":10,"curve":[0.25,0,0.75,1],"transform":{"skX":-5.05,"skY":-5.05}},{"duration":14,"transform":{}},{"duration":0,"transform":{}}],"name":"bone14"},{"frame":[{"duration":15,"transform":{}},{"duration":10,"transform":{}},{"duration":10,"curve":[0.25,0,0,1],"transform":{}},{"duration":10,"curve":[0.25,0,0.75,1],"transform":{"skX":33.6,"skY":33.6}},{"duration":10,"curve":[0.25,0,0,1],"transform":{}},{"duration":10,"curve":[0.25,0,0.75,1],"transform":{"skX":29.68,"skY":29.68}},{"duration":10,"transform":{}},{"duration":14,"transform":{}},{"duration":0,"transform":{}}],"name":"bone15"},{"frame":[{"duration":15,"transform":{}},{"duration":10,"transform":{}},{"duration":10,"transform":{}},{"duration":10,"transform":{}},{"duration":10,"transform":{}},{"duration":10,"transform":{}},{"duration":10,"transform":{}},{"duration":14,"transform":{}},{"duration":0,"transform":{}}],"name":"bone16"},{"frame":[{"duration":15,"curve":[0.25,0,1,0],"transform":{}},{"duration":10,"curve":[0.25,0,0.75,1],"transform":{"skX":17.47,"skY":17.47}},{"duration":21,"curve":[0.25,0,0.75,1],"transform":{"skX":-13.28,"skY":-13.28}},{"duration":19,"curve":[0.25,0,0.75,1],"transform":{"skX":10.13,"skY":10.13}},{"duration":10,"curve":[0.25,0,0.75,1],"transform":{"skX":-13.28,"skY":-13.28}},{"duration":14,"transform":{}},{"duration":0,"transform":{}}],"name":"bone17"},{"frame":[{"duration":15,"curve":[0.25,0,1,0],"transform":{}},{"duration":10,"curve":[0.25,0,0.75,1],"transform":{"skX":-29.84,"skY":-29.84,"y":-8.54,"x":-0.6}},{"duration":21,"curve":[0.25,0,0.75,1],"transform":{"skX":-4.87,"skY":-4.87,"y":-0.77,"x":1.72}},{"duration":19,"curve":[0.25,0,0.75,1],"transform":{"skX":-23.14,"skY":-23.14,"y":-4.95,"x":-0.95}},{"duration":10,"curve":[0.25,0,0.75,1],"transform":{"skX":-4.87,"skY":-4.87,"y":-0.77,"x":1.72}},{"duration":14,"transform":{}},{"duration":0,"transform":{}}],"name":"bone18"},{"frame":[{"duration":15,"curve":[0.25,0,1,0],"transform":{}},{"duration":10,"curve":[0.25,0,0.75,1],"transform":{"scX":0.84,"scY":0.96}},{"duration":10,"transform":{"scX":0.76,"scY":0.94}},{"duration":10,"transform":{"scX":0.76,"scY":0.94}},{"duration":10,"transform":{"scX":0.76,"scY":0.94}},{"duration":10,"transform":{"scX":0.76,"scY":0.94}},{"duration":10,"curve":[0.25,0,0.75,1],"transform":{"scX":0.76,"scY":0.94}},{"duration":14,"transform":{}},{"duration":0,"transform":{}}],"name":"fxglow"},{"frame":[{"duration":15,"curve":[0.25,0,1,0],"transform":{}},{"duration":10,"transform":{"scX":1.1,"x":-31.65}},{"duration":10,"transform":{"scX":1.1,"x":-31.65}},{"duration":10,"transform":{"scX":1.1,"x":-31.65}},{"duration":10,"transform":{"scX":1.1,"x":-31.65}},{"duration":10,"transform":{"scX":1.1,"x":-31.65}},{"duration":10,"curve":[0.25,0,0.75,1],"transform":{"scX":1.1,"x":-31.65}},{"duration":14,"transform":{}},{"duration":0,"transform":{}}],"name":"shadow"},{"frame":[{"duration":15,"transform":{}},{"duration":10,"transform":{}},{"duration":20,"transform":{}},{"duration":20,"transform":{}},{"duration":10,"transform":{}},{"duration":14,"transform":{}},{"duration":0,"transform":{}}],"name":"dressBack"},{"frame":[{"duration":15,"curve":[0.25,0,1,0],"transform":{}},{"duration":10,"curve":[0.25,0,0.75,1],"transform":{"skX":18.1,"skY":18.1}},{"duration":20,"curve":[0.25,0,0.75,1],"transform":{"skX":-14.72,"skY":-14.72}},{"duration":20,"curve":[0.25,0,0.75,1],"transform":{"skX":12.46,"skY":12.46}},{"duration":10,"curve":[0.25,0,0.75,1],"transform":{"skX":-14.72,"skY":-14.72}},{"duration":14,"curve":[0.25,0,0.75,1],"transform":{"skX":11.29,"skY":11.29}},{"duration":0,"transform":{}}],"name":"dressBack2"},{"frame":[{"duration":15,"curve":[0.25,0,1,0],"transform":{}},{"duration":10,"curve":[0.25,0,0.75,1],"transform":{"skX":-30.11,"skY":-30.11}},{"duration":20,"curve":[0.25,0,0.75,1],"transform":{"skX":1.84,"skY":1.84}},{"duration":20,"curve":[0.25,0,0.75,1],"transform":{"skX":-19.75,"skY":-19.75}},{"duration":10,"curve":[0.25,0,0.75,1],"transform":{"skX":1.84,"skY":1.84}},{"duration":14,"curve":[0.25,0,0.75,1],"transform":{"skX":12.69,"skY":12.69}},{"duration":0,"transform":{}}],"name":"dressBack3"},{"frame":[{"duration":15,"transform":{}},{"duration":10,"transform":{}},{"duration":10,"transform":{}},{"duration":10,"transform":{}},{"duration":10,"transform":{}},{"duration":10,"transform":{}},{"duration":10,"transform":{}},{"duration":14,"transform":{}},{"duration":0,"transform":{}}],"name":"heart FX"}],"duration":89,"slot":[{"frame":[{"duration":25,"tweenEasing":0},{"displayIndex":2,"duration":50,"tweenEasing":0},{"duration":14,"tweenEasing":null}],"name":"Layer 202"},{"frame":[{"duration":15,"tweenEasing":0},{"duration":60,"tweenEasing":0},{"duration":14,"tweenEasing":null}],"name":"Layer 204"}],"name":"Attack C"},{"frame":[],"ik":[],"ffd":[{"frame":[{"curve":[0.25,0,1,0],"duration":10,"offset":0,"vertices":[]},{"duration":8,"offset":8,"vertices":[-1.02,-0.2,4.86,-2.26,0,0,0,0,0,0,0,0,0,0,0,0,0,0,-2.37,1.69,0,0,0,0,0,0,0,0,0,0,0,0,0,0,3.45,0.89,0,0,0,0,0,0],"tweenEasing":null},{"duration":9,"offset":8,"vertices":[-1.02,-0.2,4.86,-2.26,0,0,0,0,0,0,0,0,0,0,0,0,0,0,-2.37,1.69,0,0,0,0,0,0,0,0,0,0,0,0,0,0,3.45,0.89,0,0,0,0,0,0],"tweenEasing":null},{"duration":10,"offset":8,"vertices":[-1.02,-0.2,4.86,-2.26,0,0,0,0,0,0,0,0,0,0,0,0,0,0,-2.37,1.69,0,0,0,0,0,0,0,0,0,0,0,0,0,0,3.45,0.89,0,0,0,0,0,0],"tweenEasing":null},{"duration":10,"offset":8,"vertices":[-1.02,-0.2,4.86,-2.26,0,0,0,0,0,0,0,0,0,0,0,0,0,0,-2.37,1.69,0,0,0,0,0,0,0,0,0,0,0,0,0,0,3.45,0.89,0,0,0,0,0,0],"tweenEasing":null},{"duration":10,"offset":8,"vertices":[-1.02,-0.2,4.86,-2.26,0,0,0,0,0,0,0,0,0,0,0,0,0,0,-2.37,1.69,0,0,0,0,0,0,0,0,0,0,0,0,0,0,3.45,0.89,0,0,0,0,0,0],"tweenEasing":null},{"curve":[0.25,0,0.75,1],"duration":17,"offset":8,"vertices":[-1.02,-0.2,4.86,-2.26,0,0,0,0,0,0,0,0,0,0,0,0,0,0,-2.37,1.69,0,0,0,0,0,0,0,0,0,0,0,0,0,0,3.45,0.89,0,0,0,0,0,0]},{"duration":0,"offset":0,"vertices":[],"tweenEasing":null}],"scale":1,"skin":"","slot":"Layer 207","offset":0,"name":"Layer 207"}],"bone":[{"frame":[{"duration":10,"curve":[0.25,0,1,0],"transform":{}},{"duration":8,"transform":{"y":-0.55}},{"duration":9,"transform":{"y":-0.55}},{"duration":10,"transform":{"y":-0.55}},{"duration":10,"transform":{"y":-0.55}},{"duration":10,"transform":{"y":-0.55}},{"duration":17,"curve":[0.25,0,0.75,1],"transform":{"y":-0.55}},{"duration":0,"transform":{}}],"name":"root"},{"frame":[{"duration":10,"curve":[0.25,0,1,0],"transform":{"y":10.79}},{"duration":8,"curve":[0.25,0,0,1],"transform":{"y":-18.41,"x":52.98}},{"duration":9,"curve":[0.25,0,0.75,1],"transform":{"y":17.47,"x":-93.35}},{"duration":10,"curve":[0.25,0,0.75,1],"transform":{"y":26.18,"x":-93.35}},{"duration":10,"curve":[0.25,0,0.75,1],"transform":{"y":17.47,"x":-93.35}},{"duration":10,"curve":[0.25,0,0.75,1],"transform":{"y":26.18,"x":-93.35}},{"duration":17,"curve":[0.25,0,0.75,1],"transform":{"y":17.47,"x":-93.35}},{"duration":0,"transform":{"y":10.79}}],"name":"Mid"},{"frame":[{"duration":10,"transform":{}},{"duration":8,"transform":{}},{"duration":9,"transform":{}},{"duration":10,"transform":{}},{"duration":10,"transform":{}},{"duration":10,"transform":{}},{"duration":17,"transform":{}},{"duration":0,"transform":{}}],"name":"bone2"},{"frame":[{"duration":10,"curve":[0.25,0,1,0],"transform":{}},{"duration":8,"curve":[0.25,0,0,1],"transform":{"y":-4.53,"x":-1.15}},{"duration":9,"transform":{}},{"duration":10,"transform":{}},{"duration":10,"transform":{}},{"duration":10,"transform":{}},{"duration":17,"transform":{}},{"duration":0,"transform":{}}],"name":"bone3"},{"frame":[{"duration":10,"curve":[0.25,0,1,0],"transform":{}},{"duration":8,"transform":{"skX":-7.82,"skY":-7.82}},{"duration":9,"transform":{"skX":-7.82,"skY":-7.82}},{"duration":10,"transform":{"skX":-7.82,"skY":-7.82}},{"duration":10,"transform":{"skX":-7.82,"skY":-7.82}},{"duration":10,"transform":{"skX":-7.82,"skY":-7.82}},{"duration":17,"curve":[0.25,0,0.75,1],"transform":{"skX":-7.82,"skY":-7.82}},{"duration":0,"transform":{}}],"name":"bone4"},{"frame":[{"duration":10,"transform":{}},{"duration":8,"transform":{}},{"duration":9,"transform":{}},{"duration":10,"transform":{}},{"duration":10,"transform":{}},{"duration":10,"transform":{}},{"duration":17,"transform":{}},{"duration":0,"transform":{}}],"name":"bone5"},{"frame":[{"duration":10,"transform":{}},{"duration":8,"curve":[0.25,0,0,1],"transform":{}},{"duration":9,"transform":{"skX":24.7,"skY":24.7}},{"duration":10,"transform":{"skX":24.7,"skY":24.7}},{"duration":10,"transform":{"skX":24.7,"skY":24.7}},{"duration":10,"transform":{"skX":24.7,"skY":24.7}},{"duration":17,"curve":[0.25,0,0.75,1],"transform":{"skX":24.7,"skY":24.7}},{"duration":0,"transform":{}}],"name":"bone6"},{"frame":[{"duration":10,"transform":{}},{"duration":8,"curve":[0.25,0,0,1],"transform":{}},{"duration":9,"transform":{"skX":29.75,"skY":29.75}},{"duration":10,"transform":{"skX":29.75,"skY":29.75}},{"duration":10,"transform":{"skX":29.75,"skY":29.75}},{"duration":10,"transform":{"skX":29.75,"skY":29.75}},{"duration":17,"curve":[0.25,0,0.75,1],"transform":{"skX":29.75,"skY":29.75}},{"duration":0,"transform":{}}],"name":"bone7"},{"frame":[{"duration":10,"transform":{}},{"duration":8,"curve":[0.25,0,0,1],"transform":{}},{"duration":9,"transform":{"skX":7.18,"skY":7.18}},{"duration":10,"transform":{"skX":7.18,"skY":7.18}},{"duration":10,"transform":{"skX":7.18,"skY":7.18}},{"duration":10,"transform":{"skX":7.18,"skY":7.18}},{"duration":17,"curve":[0.25,0,0.75,1],"transform":{"skX":7.18,"skY":7.18}},{"duration":0,"transform":{}}],"name":"bone8"},{"frame":[{"duration":10,"curve":[0.25,0,1,0],"transform":{}},{"duration":8,"curve":[0.25,0,0,1],"transform":{"skX":23.13,"skY":23.13,"x":1.51}},{"duration":9,"curve":[0.25,0,0.75,1],"transform":{"skX":4.35,"skY":4.35}},{"duration":10,"curve":[0.25,0,0.75,1],"transform":{"skX":-30.28,"skY":-30.28}},{"duration":10,"curve":[0.25,0,0.75,1],"transform":{"skX":4.35,"skY":4.35}},{"duration":10,"curve":[0.25,0,0.75,1],"transform":{"skX":-30.28,"skY":-30.28}},{"duration":17,"curve":[0.25,0,0.75,1],"transform":{"skX":4.35,"skY":4.35}},{"duration":0,"transform":{}}],"name":"bone9"},{"frame":[{"duration":10,"curve":[0.25,0,1,0],"transform":{}},{"duration":8,"curve":[0.25,0,0,1],"transform":{"skX":29.45,"skY":29.45}},{"duration":9,"curve":[0.25,0,0.75,1],"transform":{"skX":25.19,"skY":25.19}},{"duration":10,"curve":[0.25,0,0.75,1],"transform":{"skX":-304.22,"skY":-304.22}},{"duration":10,"curve":[0.25,0,0.75,1],"transform":{"skX":25.19,"skY":25.19}},{"duration":10,"curve":[0.25,0,0.75,1],"transform":{"skX":-304.22,"skY":-304.22}},{"duration":17,"curve":[0.25,0,0.75,1],"transform":{"skX":25.19,"skY":25.19}},{"duration":0,"transform":{}}],"name":"bone10"},{"frame":[{"duration":10,"curve":[0.25,0,1,0],"transform":{}},{"duration":8,"curve":[0.25,0,0,1],"transform":{"y":-56.89,"x":36.72}},{"duration":9,"transform":{"y":-17.14,"x":-80.11}},{"duration":10,"transform":{"y":-17.14,"x":-80.11}},{"duration":10,"transform":{"y":-17.14,"x":-80.11}},{"duration":10,"transform":{"y":-17.14,"x":-80.11}},{"duration":17,"curve":[0.25,0,0.75,1],"transform":{"y":-17.14,"x":-80.11}},{"duration":0,"transform":{}}],"name":"LegRIK"},{"frame":[{"duration":10,"curve":[0.25,0,1,0],"transform":{"skX":0.14,"skY":0.14}},{"duration":8,"curve":[0.25,0,0,1],"transform":{"skX":35.49,"skY":35.49}},{"duration":9,"transform":{"skX":16.43,"skY":16.43}},{"duration":10,"transform":{"skX":16.43,"skY":16.43}},{"duration":10,"transform":{"skX":16.43,"skY":16.43}},{"duration":10,"transform":{"skX":16.43,"skY":16.43}},{"duration":17,"curve":[0.25,0,0.75,1],"transform":{"skX":16.43,"skY":16.43}},{"duration":0,"transform":{"skX":0.14,"skY":0.14}}],"name":"Mid2"},{"frame":[{"duration":10,"curve":[0.25,0,1,0],"transform":{"skX":-2.05,"skY":-2.05}},{"duration":8,"curve":[0.25,0,0,1],"transform":{"skX":-49.99,"skY":-49.99}},{"duration":9,"transform":{"skX":-43.32,"skY":-43.32}},{"duration":10,"transform":{"skX":-43.32,"skY":-43.32}},{"duration":10,"transform":{"skX":-43.32,"skY":-43.32}},{"duration":10,"transform":{"skX":-43.32,"skY":-43.32}},{"duration":17,"curve":[0.25,0,0.75,1],"transform":{"skX":-43.32,"skY":-43.32}},{"duration":0,"transform":{"skX":-2.05,"skY":-2.05}}],"name":"Mid3"},{"frame":[{"duration":10,"transform":{}},{"duration":8,"curve":[0.25,0,0,1],"transform":{}},{"duration":9,"curve":[0.25,0,0.75,1],"transform":{"y":2.58,"x":-86.1}},{"duration":10,"curve":[0.25,0,0.75,1],"transform":{"y":2.58,"x":-96.48}},{"duration":10,"curve":[0.25,0,0.75,1],"transform":{"y":2.58,"x":-86.1}},{"duration":10,"curve":[0.25,0,0.75,1],"transform":{"y":2.58,"x":-96.48}},{"duration":17,"curve":[0.25,0,0.75,1],"transform":{"y":2.58,"x":-86.1}},{"duration":0,"transform":{}}],"name":"LeftIK\\"},{"frame":[{"duration":10,"curve":[0.25,0,1,0],"transform":{"skX":1.71,"skY":1.71}},{"duration":8,"curve":[0.25,0,0,1],"transform":{"skX":21.6,"skY":21.6,"y":-2.98,"x":0.89}},{"duration":9,"transform":{"skX":-1.98,"skY":-1.98,"y":-2.98,"x":0.89}},{"duration":10,"transform":{"skX":-1.98,"skY":-1.98,"y":-2.98,"x":0.89}},{"duration":10,"transform":{"skX":-1.98,"skY":-1.98,"y":-2.98,"x":0.89}},{"duration":10,"transform":{"skX":-1.98,"skY":-1.98,"y":-2.98,"x":0.89}},{"duration":17,"curve":[0.25,0,0.75,1],"transform":{"skX":-1.98,"skY":-1.98,"y":-2.98,"x":0.89}},{"duration":0,"transform":{"skX":1.71,"skY":1.71}}],"name":"Mid4"},{"frame":[{"duration":10,"transform":{"skX":-1.53,"skY":-1.53}},{"duration":8,"transform":{"skX":-1.53,"skY":-1.53}},{"duration":9,"transform":{"skX":-1.53,"skY":-1.53}},{"duration":10,"transform":{"skX":-1.53,"skY":-1.53}},{"duration":10,"transform":{"skX":-1.53,"skY":-1.53}},{"duration":10,"transform":{"skX":-1.53,"skY":-1.53}},{"duration":17,"transform":{"skX":-1.53,"skY":-1.53}},{"duration":0,"transform":{"skX":-1.53,"skY":-1.53}}],"name":"Mid5"},{"frame":[{"duration":10,"curve":[0.25,0,1,0],"transform":{}},{"duration":8,"curve":[0.25,0,0,1],"transform":{"skX":-17.05,"skY":-17.05}},{"duration":9,"transform":{"skX":-164.82,"skY":-164.82}},{"duration":10,"transform":{"skX":-164.82,"skY":-164.82}},{"duration":10,"transform":{"skX":-164.82,"skY":-164.82}},{"duration":10,"transform":{"skX":-164.82,"skY":-164.82}},{"duration":17,"curve":[0.25,0,0.75,1],"transform":{"skX":-164.82,"skY":-164.82}},{"duration":0,"transform":{}}],"name":"bone11"},{"frame":[{"duration":10,"transform":{}},{"duration":8,"transform":{}},{"duration":9,"transform":{}},{"duration":10,"transform":{}},{"duration":10,"transform":{}},{"duration":10,"transform":{}},{"duration":17,"transform":{}},{"duration":0,"transform":{}}],"name":"bone12"},{"frame":[{"duration":10,"curve":[0.25,0,1,0],"transform":{}},{"duration":8,"curve":[0.25,0,0,1],"transform":{"skX":-25.5,"skY":-25.5}},{"duration":9,"transform":{"skX":96.92,"skY":96.92,"y":-3.58,"x":0.32}},{"duration":10,"transform":{"skX":96.92,"skY":96.92,"y":-3.58,"x":0.32}},{"duration":10,"transform":{"skX":96.92,"skY":96.92,"y":-3.58,"x":0.32}},{"duration":10,"transform":{"skX":96.92,"skY":96.92,"y":-3.58,"x":0.32}},{"duration":17,"curve":[0.25,0,0.75,1],"transform":{"skX":96.92,"skY":96.92,"y":-3.58,"x":0.32}},{"duration":0,"transform":{}}],"name":"bone13"},{"frame":[{"duration":10,"curve":[0.25,0,1,0],"transform":{}},{"duration":8,"curve":[0.25,0,0,1],"transform":{"skX":13.19,"skY":13.19}},{"duration":9,"transform":{"skX":-27.47,"skY":-27.47}},{"duration":10,"transform":{"skX":-27.47,"skY":-27.47}},{"duration":10,"transform":{"skX":-27.47,"skY":-27.47}},{"duration":10,"transform":{"skX":-27.47,"skY":-27.47}},{"duration":17,"curve":[0.25,0,0.75,1],"transform":{"skX":-27.47,"skY":-27.47}},{"duration":0,"transform":{}}],"name":"bone14"},{"frame":[{"duration":10,"transform":{}},{"duration":8,"transform":{}},{"duration":9,"transform":{}},{"duration":10,"transform":{}},{"duration":10,"transform":{}},{"duration":10,"transform":{}},{"duration":17,"transform":{}},{"duration":0,"transform":{}}],"name":"bone15"},{"frame":[{"duration":10,"transform":{}},{"duration":8,"transform":{}},{"duration":9,"transform":{}},{"duration":10,"transform":{}},{"duration":10,"transform":{}},{"duration":10,"transform":{}},{"duration":17,"transform":{}},{"duration":0,"transform":{}}],"name":"bone16"},{"frame":[{"duration":10,"curve":[0.25,0,1,0],"transform":{}},{"duration":8,"curve":[0.25,0,0,1],"transform":{"skX":19.67,"skY":19.67}},{"duration":9,"curve":[0.25,0,0.75,1],"transform":{"skX":-9.21,"skY":-9.21}},{"duration":10,"curve":[0.25,0,0.75,1],"transform":{"skX":20.03,"skY":20.03}},{"duration":10,"curve":[0.25,0,0.75,1],"transform":{"skX":-9.21,"skY":-9.21}},{"duration":10,"curve":[0.25,0,0.75,1],"transform":{"skX":20.03,"skY":20.03}},{"duration":17,"curve":[0.25,0,0.75,1],"transform":{"skX":-9.21,"skY":-9.21}},{"duration":0,"transform":{}}],"name":"bone17"},{"frame":[{"duration":10,"curve":[0.25,0,1,0],"transform":{}},{"duration":8,"curve":[0.25,0,0,1],"transform":{"skX":8.6,"skY":8.6,"y":5.9,"x":-1.14}},{"duration":9,"curve":[0.25,0,0.75,1],"transform":{"skX":-33.93,"skY":-33.93,"y":-8.51,"x":-1.43}},{"duration":10,"curve":[0.25,0,0.75,1],"transform":{"skX":-11.1,"skY":-11.1,"y":-8.51,"x":-1.43}},{"duration":10,"curve":[0.25,0,0.75,1],"transform":{"skX":-33.93,"skY":-33.93,"y":-8.51,"x":-1.43}},{"duration":10,"curve":[0.25,0,0.75,1],"transform":{"skX":-11.1,"skY":-11.1,"y":-8.51,"x":-1.43}},{"duration":17,"curve":[0.25,0,0.75,1],"transform":{"skX":-33.93,"skY":-33.93,"y":-8.51,"x":-1.43}},{"duration":0,"transform":{}}],"name":"bone18"},{"frame":[{"duration":10,"curve":[0.25,0,1,0],"transform":{}},{"duration":8,"transform":{"scX":0.72,"scY":0.94}},{"duration":9,"transform":{"scX":0.72,"scY":0.94}},{"duration":10,"transform":{"scX":0.72,"scY":0.94}},{"duration":10,"curve":[0.25,0,0.75,1],"transform":{"scX":0.72,"scY":0.94}},{"duration":10,"curve":[0.25,0,0.75,1],"transform":{"scX":1.32,"scY":1.26}},{"duration":17,"curve":[0.25,0,0.75,1],"transform":{"scX":0.72,"scY":0.94}},{"duration":0,"transform":{}}],"name":"fxglow"},{"frame":[{"duration":10,"curve":[0.25,0,1,0],"transform":{}},{"duration":8,"curve":[0.25,0,0,1],"transform":{"scX":0.78,"x":39.49}},{"duration":9,"curve":[0.25,0,0.75,1],"transform":{"scX":1.2,"scY":1.06,"x":-39.08}},{"duration":10,"curve":[0.25,0,0.75,1],"transform":{"scX":1.06,"scY":1.06,"x":-39.08}},{"duration":10,"curve":[0.25,0,0.75,1],"transform":{"scX":1.24,"scY":1.06,"x":-39.08}},{"duration":10,"curve":[0.25,0,0.75,1],"transform":{"scX":1.06,"scY":1.06,"x":-39.08}},{"duration":17,"curve":[0.25,0,0.75,1],"transform":{"scX":1.26,"scY":1.06,"x":-39.08}},{"duration":0,"transform":{}}],"name":"shadow"},{"frame":[{"duration":10,"curve":[0.25,0,1,0],"transform":{}},{"duration":8,"transform":{"skX":0.07,"skY":0.07}},{"duration":9,"transform":{"skX":0.07,"skY":0.07}},{"duration":10,"transform":{"skX":0.07,"skY":0.07}},{"duration":10,"transform":{"skX":0.07,"skY":0.07}},{"duration":10,"transform":{"skX":0.07,"skY":0.07}},{"duration":17,"curve":[0.25,0,0.75,1],"transform":{"skX":0.07,"skY":0.07}},{"duration":0,"transform":{}}],"name":"dressBack"},{"frame":[{"duration":10,"curve":[0.25,0,1,0],"transform":{}},{"duration":8,"curve":[0.25,0,0,1],"transform":{"skX":34.26,"skY":34.26}},{"duration":9,"curve":[0.25,0,0.75,1],"transform":{"skX":28.21,"skY":28.21}},{"duration":10,"curve":[0.25,0,0.75,1],"transform":{"skX":57.39,"skY":57.39}},{"duration":10,"curve":[0.25,0,0.75,1],"transform":{"skX":28.21,"skY":28.21}},{"duration":10,"curve":[0.25,0,0.75,1],"transform":{"skX":57.39,"skY":57.39}},{"duration":17,"curve":[0.25,0,0.75,1],"transform":{"skX":28.21,"skY":28.21}},{"duration":0,"transform":{}}],"name":"dressBack2"},{"frame":[{"duration":10,"curve":[0.25,0,1,0],"transform":{}},{"duration":8,"transform":{"skX":15.64,"skY":15.64}},{"duration":9,"curve":[0.25,0,0.75,1],"transform":{"skX":15.64,"skY":15.64}},{"duration":10,"curve":[0.25,0,0.75,1],"transform":{"skX":-31.46,"skY":-31.46}},{"duration":10,"curve":[0.25,0,0.75,1],"transform":{"skX":15.64,"skY":15.64}},{"duration":10,"curve":[0.25,0,0.75,1],"transform":{"skX":-31.46,"skY":-31.46}},{"duration":17,"curve":[0.25,0,0.75,1],"transform":{"skX":15.64,"skY":15.64}},{"duration":0,"transform":{}}],"name":"dressBack3"},{"frame":[{"duration":74,"transform":{}}],"name":"heart FX"}],"duration":74,"slot":[{"frame":[{"duration":18,"tweenEasing":0},{"displayIndex":3,"duration":9,"tweenEasing":0},{"displayIndex":3,"duration":10,"tweenEasing":0},{"displayIndex":3,"duration":10,"tweenEasing":0},{"displayIndex":3,"duration":10,"tweenEasing":0},{"displayIndex":3,"duration":17,"tweenEasing":null}],"name":"Layer 202"},{"frame":[{"duration":10,"tweenEasing":0},{"duration":64,"tweenEasing":null}],"name":"Layer 204"}],"name":"Attack D"},{"frame":[],"ik":[],"ffd":[],"bone":[{"frame":[{"duration":10,"transform":{}},{"duration":20,"transform":{}},{"duration":0,"transform":{}}],"name":"root"},{"frame":[{"duration":10,"curve":[0.25,0,0,1],"transform":{}},{"duration":20,"curve":[0.25,0,0.75,1],"transform":{"y":9.17,"x":32.09}},{"duration":0,"transform":{}}],"name":"Mid"},{"frame":[{"duration":10,"transform":{}},{"duration":20,"transform":{}},{"duration":0,"transform":{}}],"name":"bone2"},{"frame":[{"duration":10,"transform":{}},{"duration":20,"transform":{}},{"duration":0,"transform":{}}],"name":"bone3"},{"frame":[{"duration":10,"transform":{}},{"duration":20,"transform":{}},{"duration":0,"transform":{}}],"name":"bone4"},{"frame":[{"duration":10,"transform":{}},{"duration":20,"transform":{}},{"duration":0,"transform":{}}],"name":"bone5"},{"frame":[{"duration":10,"curve":[0.25,0,0,1],"transform":{}},{"duration":20,"curve":[0.25,0,0.75,1],"transform":{"skX":22.43,"skY":22.43}},{"duration":0,"transform":{}}],"name":"bone6"},{"frame":[{"duration":10,"curve":[0.25,0,0,1],"transform":{}},{"duration":20,"curve":[0.25,0,0.75,1],"transform":{"skX":-317.95,"skY":-317.95}},{"duration":0,"transform":{}}],"name":"bone7"},{"frame":[{"duration":10,"curve":[0.25,0,0,1],"transform":{}},{"duration":20,"curve":[0.25,0,0.75,1],"transform":{"skX":24.21,"skY":24.21}},{"duration":0,"transform":{}}],"name":"bone8"},{"frame":[{"duration":10,"curve":[0.25,0,0,1],"transform":{}},{"duration":20,"curve":[0.25,0,0.75,1],"transform":{"skX":-25.6,"skY":-25.6}},{"duration":0,"transform":{}}],"name":"bone9"},{"frame":[{"duration":10,"curve":[0.25,0,0,1],"transform":{}},{"duration":20,"curve":[0.25,0,0.75,1],"transform":{"skX":29.28,"skY":29.28}},{"duration":0,"transform":{}}],"name":"bone10"},{"frame":[{"duration":10,"transform":{}},{"duration":20,"transform":{}},{"duration":0,"transform":{}}],"name":"LegRIK"},{"frame":[{"duration":10,"transform":{"skX":0.14,"skY":0.14}},{"duration":20,"transform":{"skX":0.14,"skY":0.14}},{"duration":0,"transform":{"skX":0.14,"skY":0.14}}],"name":"Mid2"},{"frame":[{"duration":10,"transform":{"skX":-2.05,"skY":-2.05}},{"duration":20,"transform":{"skX":-2.05,"skY":-2.05}},{"duration":0,"transform":{"skX":-2.05,"skY":-2.05}}],"name":"Mid3"},{"frame":[{"duration":10,"transform":{}},{"duration":20,"transform":{}},{"duration":0,"transform":{}}],"name":"LeftIK\\"},{"frame":[{"duration":10,"transform":{"skX":1.71,"skY":1.71}},{"duration":20,"transform":{"skX":1.71,"skY":1.71}},{"duration":0,"transform":{"skX":1.71,"skY":1.71}}],"name":"Mid4"},{"frame":[{"duration":10,"transform":{"skX":-1.53,"skY":-1.53}},{"duration":20,"transform":{"skX":-1.53,"skY":-1.53}},{"duration":0,"transform":{"skX":-1.53,"skY":-1.53}}],"name":"Mid5"},{"frame":[{"duration":10,"curve":[0.25,0,0,1],"transform":{}},{"duration":20,"curve":[0.25,0,0.75,1],"transform":{"skX":-25.13,"skY":-25.13}},{"duration":0,"transform":{}}],"name":"bone11"},{"frame":[{"duration":10,"transform":{}},{"duration":20,"transform":{}},{"duration":0,"transform":{}}],"name":"bone12"},{"frame":[{"duration":10,"curve":[0.25,0,0,1],"transform":{}},{"duration":20,"curve":[0.25,0,0.75,1],"transform":{"skX":-8.23,"skY":-8.23}},{"duration":0,"transform":{}}],"name":"bone13"},{"frame":[{"duration":10,"transform":{}},{"duration":20,"transform":{}},{"duration":0,"transform":{}}],"name":"bone14"},{"frame":[{"duration":10,"transform":{}},{"duration":20,"transform":{}},{"duration":0,"transform":{}}],"name":"bone15"},{"frame":[{"duration":10,"transform":{}},{"duration":20,"transform":{}},{"duration":0,"transform":{}}],"name":"bone16"},{"frame":[{"duration":10,"curve":[0.25,0,0,1],"transform":{}},{"duration":20,"curve":[0.25,0,0.75,1],"transform":{"skX":19.42,"skY":19.42}},{"duration":0,"transform":{}}],"name":"bone17"},{"frame":[{"duration":10,"curve":[0.25,0,0,1],"transform":{}},{"duration":20,"curve":[0.25,0,0.75,1],"transform":{"skX":-24.6,"skY":-24.6,"y":-4.78,"x":-0.4}},{"duration":0,"transform":{}}],"name":"bone18"},{"frame":[{"duration":10,"transform":{}},{"duration":20,"transform":{}},{"duration":0,"transform":{}}],"name":"fxglow"},{"frame":[{"duration":10,"curve":[0.25,0,0,1],"transform":{}},{"duration":20,"curve":[0.25,0,0.75,1],"transform":{"scX":1.16}},{"duration":0,"transform":{}}],"name":"shadow"},{"frame":[{"duration":10,"transform":{}},{"duration":20,"transform":{}},{"duration":0,"transform":{}}],"name":"dressBack"},{"frame":[{"duration":10,"curve":[0.25,0,0,1],"transform":{}},{"duration":20,"curve":[0.25,0,0.75,1],"transform":{"skX":29.15,"skY":29.15}},{"duration":0,"transform":{}}],"name":"dressBack2"},{"frame":[{"duration":10,"curve":[0.25,0,0,1],"transform":{}},{"duration":20,"curve":[0.25,0,0.75,1],"transform":{"skX":-28.2,"skY":-28.2}},{"duration":0,"transform":{}}],"name":"dressBack3"},{"frame":[{"duration":10,"transform":{}},{"duration":20,"transform":{}},{"duration":0,"transform":{}}],"name":"heart FX"}],"duration":30,"slot":[{"frame":[{"displayIndex":1,"duration":30,"tweenEasing":null}],"name":"Layer 202"}],"name":"Damage"},{"frame":[],"ik":[],"ffd":[],"bone":[{"frame":[{"duration":65,"transform":{}},{"duration":0,"transform":{}}],"name":"root"},{"frame":[{"duration":33,"curve":[0.25,0,0.75,1],"transform":{"y":10.79}},{"duration":32,"curve":[0.25,0,0.75,1],"transform":{"y":-24.01}},{"duration":0,"transform":{"y":10.79}}],"name":"Mid"},{"frame":[{"duration":65,"transform":{}},{"duration":0,"transform":{}}],"name":"bone2"},{"frame":[{"duration":65,"transform":{}},{"duration":0,"transform":{}}],"name":"bone3"},{"frame":[{"duration":65,"transform":{}},{"duration":0,"transform":{}}],"name":"bone4"},{"frame":[{"duration":65,"transform":{}},{"duration":0,"transform":{}}],"name":"bone5"},{"frame":[{"duration":33,"curve":[0.25,0,0.75,1],"transform":{}},{"duration":32,"curve":[0.25,0,0.75,1],"transform":{"skX":-17.57,"skY":-17.57}},{"duration":0,"transform":{}}],"name":"bone6"},{"frame":[{"duration":33,"curve":[0.25,0,0.75,1],"transform":{}},{"duration":32,"curve":[0.25,0,0.75,1],"transform":{"skX":-334.6,"skY":-334.6}},{"duration":0,"transform":{}}],"name":"bone7"},{"frame":[{"duration":33,"curve":[0.25,0,0.75,1],"transform":{}},{"duration":32,"curve":[0.25,0,0.75,1],"transform":{"skX":-23.2,"skY":-23.2}},{"duration":0,"transform":{}}],"name":"bone8"},{"frame":[{"duration":33,"curve":[0.25,0,0.75,1],"transform":{}},{"duration":32,"curve":[0.25,0,0.75,1],"transform":{"skX":17.69,"skY":17.69}},{"duration":0,"transform":{}}],"name":"bone9"},{"frame":[{"duration":33,"curve":[0.25,0,0.75,1],"transform":{}},{"duration":32,"curve":[0.25,0,0.75,1],"transform":{"skX":-21.56,"skY":-21.56}},{"duration":0,"transform":{}}],"name":"bone10"},{"frame":[{"duration":33,"curve":[0.25,0,0.75,1],"transform":{}},{"duration":32,"curve":[0.25,0,0.75,1],"transform":{"x":21.13}},{"duration":0,"transform":{}}],"name":"LegRIK"},{"frame":[{"duration":65,"transform":{"skX":0.14,"skY":0.14}},{"duration":0,"transform":{"skX":0.14,"skY":0.14}}],"name":"Mid2"},{"frame":[{"duration":65,"transform":{"skX":-2.05,"skY":-2.05}},{"duration":0,"transform":{"skX":-2.05,"skY":-2.05}}],"name":"Mid3"},{"frame":[{"duration":33,"curve":[0.25,0,0.75,1],"transform":{}},{"duration":32,"curve":[0.25,0,0.75,1],"transform":{"x":-4.48}},{"duration":0,"transform":{}}],"name":"LeftIK\\"},{"frame":[{"duration":65,"transform":{"skX":1.71,"skY":1.71}},{"duration":0,"transform":{"skX":1.71,"skY":1.71}}],"name":"Mid4"},{"frame":[{"duration":65,"transform":{"skX":-1.53,"skY":-1.53}},{"duration":0,"transform":{"skX":-1.53,"skY":-1.53}}],"name":"Mid5"},{"frame":[{"duration":33,"curve":[0.25,0,0.75,1],"transform":{}},{"duration":32,"curve":[0.25,0,0.75,1],"transform":{"skX":-6.66,"skY":-6.66}},{"duration":0,"transform":{}}],"name":"bone11"},{"frame":[{"duration":65,"transform":{}},{"duration":0,"transform":{}}],"name":"bone12"},{"frame":[{"duration":33,"curve":[0.25,0,0.75,1],"transform":{}},{"duration":32,"curve":[0.25,0,0.75,1],"transform":{"skX":-16.23,"skY":-16.23}},{"duration":0,"transform":{}}],"name":"bone13"},{"frame":[{"duration":65,"transform":{}},{"duration":0,"transform":{}}],"name":"bone14"},{"frame":[{"duration":65,"transform":{}},{"duration":0,"transform":{}}],"name":"bone15"},{"frame":[{"duration":65,"transform":{}},{"duration":0,"transform":{}}],"name":"bone16"},{"frame":[{"duration":33,"curve":[0.25,0,0.75,1],"transform":{}},{"duration":32,"curve":[0.25,0,0.75,1],"transform":{"skX":-17.03,"skY":-17.03}},{"duration":0,"transform":{}}],"name":"bone17"},{"frame":[{"duration":33,"curve":[0.25,0,0.75,1],"transform":{}},{"duration":32,"curve":[0.25,0,0.75,1],"transform":{"skX":6.15,"skY":6.15,"y":3.56,"x":-0.41}},{"duration":0,"transform":{}}],"name":"bone18"},{"frame":[{"duration":33,"curve":[0.25,0,0.75,1],"transform":{}},{"duration":32,"curve":[0.25,0,0.75,1],"transform":{"scX":0.82,"scY":0.92}},{"duration":0,"transform":{}}],"name":"fxglow"},{"frame":[{"duration":33,"curve":[0.25,0,0.75,1],"transform":{}},{"duration":32,"curve":[0.25,0,0.75,1],"transform":{"scX":0.82}},{"duration":0,"transform":{}}],"name":"shadow"},{"frame":[{"duration":65,"transform":{}},{"duration":0,"transform":{}}],"name":"dressBack"},{"frame":[{"duration":33,"curve":[0.25,0,0.75,1],"transform":{}},{"duration":32,"curve":[0.25,0,0.75,1],"transform":{"skX":-31.11,"skY":-31.11}},{"duration":0,"transform":{}}],"name":"dressBack2"},{"frame":[{"duration":33,"curve":[0.25,0,0.75,1],"transform":{}},{"duration":32,"curve":[0.25,0,0.75,1],"transform":{"skX":23.67,"skY":23.67}},{"duration":0,"transform":{}}],"name":"dressBack3"},{"frame":[{"duration":65,"transform":{}}],"name":"heart FX"}],"duration":65,"slot":[],"name":"Idle"}],"skin":[{"name":"","slot":[{"display":[{"path":"kiss FX","type":"image","name":"kiss FX","transform":{"y":-12.69,"x":-0.62}}],"name":"kiss FX"},{"display":[{"slotPose":[1,0,0,1,0,0],"uvs":[0.78775,1,0.49575,0.7636,0.21962,0.45006,0,0.18678,0,0.09583,0.04823,0.02761,0.17836,0.00009,0.38149,0,0.49893,0.06711,0.60049,0.20952,0.76236,0.47758,0.92423,0.52784,1,0.84258,1,1,0.27041,0.11258,0.37832,0.27055,0.46084,0.3986,0.59414,0.57212,0.75601,0.78514,0.84488,0.89883],"vertices":[6.17,-58.12,-7.26,-86.96,-19.97,-125.21,-30.07,-157.33,-30.07,-168.42,-27.86,-176.75,-21.87,-180.1,-12.53,-180.11,-7.12,-171.93,-2.45,-154.56,5,-121.85,12.45,-115.72,15.94,-77.32,15.93,-58.12,-17.63,-166.38,-12.67,-147.11,-8.87,-131.49,-2.74,-110.32,4.71,-84.33,8.8,-70.46],"path":"Layer 206","weights":[1,13,1,1,13,1,2,6,0.97092,13,0.02908,1,6,1,1,6,1,1,6,1,1,6,1,1,6,1,1,6,1,1,6,1,2,6,0.71482,13,0.28518,2,6,0.18498,13,0.81502,1,13,1,1,13,1,1,6,1,1,6,1,1,6,1,1,13,1,1,13,1,1,13,1],"triangles":[9,16,10,17,18,11,11,18,12,18,19,12,12,19,13,19,0,13,17,1,18,10,17,11,15,16,9,1,0,19,18,1,19,16,17,10,2,1,17,16,2,17,8,14,9,14,15,9,7,14,8,14,3,15,15,2,16,3,2,15,6,14,7,6,5,14,5,4,14,4,3,14],"type":"mesh","transform":{},"userEdges":[6,14,14,15,15,16,16,17,17,18,18,19],"width":46,"edges":[3,2,2,1,1,0,0,13,13,12,12,11,11,10,10,9,9,8,8,7,7,6,6,5,5,4,4,3],"height":122,"name":"Layer 206","bonePose":[13,0.25460194820552773,0.9670459389139432,-0.9670459389139432,0.25460194820552773,-4.506950950622571,-115.69464280185888,6,0.28033165657793757,0.9599032046619436,-0.9599032046619436,0.28033165657793757,-20.27,-169.67]}],"name":"Layer 206"},{"display":[{"path":"Ellipse 5","type":"image","name":"Ellipse 5","transform":{"y":0.61,"x":3.93}}],"name":"Ellipse 5"},{"display":[{"slotPose":[1,0,0,1,0,0],"uvs":[0.4596,0.16748,0.45646,0.08796,0.37882,0.00218,0.31529,0,0.16705,0.00989,0,0.12073,0,0.19543,0.03842,0.24266,0.12078,0.27736,0.08391,0.31543,0.18039,0.35977,0.16989,0.39071,0.24205,0.42107,0.20126,0.49528,0.25695,0.5083,0.32126,0.51167,0.43636,0.58038,0.64499,0.75869,0.56499,0.82746,0.60107,0.85879,0.57362,0.8877,0.54617,0.89782,0.63636,0.92915,0.7093,0.91421,0.75872,0.95662,0.95009,0.99565,0.92421,0.94023,0.93283,0.893,0.97675,0.86553,1,0.85204,0.91322,0.693,0.86852,0.50505,0.87421,0.40338,0.67578,0.36579,0.6601,0.27374,0.56519,0.2906,0.5801,0.25301,0.50637,0.2506,0.55029,0.17153,0.25638,0.13737,0.34422,0.26074,0.40226,0.34074,0.45089,0.38412,0.65481,0.57303,0.81481,0.82749,0.49019,0.42053,0.65481,0.89091,0.68305,0.83597,0.8305,0.89862,0.86971,0.93525],"vertices":[26.38,-223.21,26.22,-229.82,22.26,-236.93,19.02,-237.11,11.46,-236.29,2.94,-227.1,2.94,-220.89,4.89,-216.96,9.1,-214.09,7.22,-210.93,12.13,-207.25,11.6,-204.68,15.28,-202.16,13.2,-196,16.04,-194.92,19.32,-194.64,25.18,-188.94,35.83,-174.14,31.54,-169.75,33.58,-165.83,32.19,-163.43,30.78,-162.59,35.39,-159.99,39.11,-161.23,41.62,-157.71,51.39,-154.47,50.07,-159.07,50.51,-162.99,52.75,-165.27,53.94,-166.39,49.51,-179.59,47.23,-195.19,47.52,-203.63,37.4,-206.75,36.6,-214.39,31.76,-212.99,32.52,-216.1,28.76,-216.3,31,-222.87,16.01,-225.71,20.49,-215.47,23.45,-208.83,25.93,-205.23,36.33,-189.55,44.49,-168.42,27.94,-202.2,36.33,-163.16,37.77,-167.73,45.29,-162.52,47.29,-159.48],"path":"Layer 212","weights":[1,21,1,1,21,1,1,21,1,1,21,1,1,21,1,1,21,1,1,21,1,1,21,1,1,21,1,2,21,0.99979,26,0.00021,2,21,0.95293,26,0.04707,2,21,0.90761,26,0.09239,2,21,0.73019,26,0.26981,2,21,0.48441,26,0.51559,2,21,0.44534,26,0.55466,2,21,0.30828,26,0.69172,2,21,0.0182,26,0.9818,1,26,1,1,26,1,1,26,1,1,26,1,1,26,1,1,26,1,1,26,1,1,26,1,1,26,1,1,26,1,1,26,1,1,26,1,1,26,1,1,26,1,1,26,1,1,26,1,2,21,0.24448,26,0.75552,2,21,0.7124,26,0.2876,2,21,0.88292,26,0.11708,2,21,0.97307,26,0.02693,2,21,0.99498,26,0.00502,1,21,1,1,21,1,1,21,1,2,21,0.99417,26,0.00583,2,21,0.87631,26,0.12369,1,26,1,1,26,1,2,21,0.02759,26,0.97241,1,26,1,1,26,1,1,26,1,1,26,1],"triangles":[44,28,29,30,44,29,31,43,30,44,27,28,44,48,27,26,49,25,49,24,25,48,49,27,27,49,26,33,43,31,33,31,32,48,24,49,23,24,48,17,47,44,23,48,44,47,23,44,45,43,33,47,46,23,43,16,17,46,22,23,45,16,43,17,18,47,18,19,47,19,46,47,42,45,33,20,22,46,19,20,46,20,21,22,15,16,45,41,42,35,37,35,36,0,37,38,37,41,35,0,40,37,40,41,37,42,15,45,1,39,0,39,40,0,2,3,1,3,39,1,41,12,42,40,10,41,10,12,41,4,39,3,39,8,40,8,10,40,7,8,39,6,7,39,5,6,39,4,5,39,10,11,12,8,9,10,17,43,44,43,44,30,12,42,13,14,15,42,13,14,42,33,42,34,35,42,34],"type":"mesh","transform":{},"userEdges":[4,39,39,40,40,41,41,42,43,44,39,6,42,13,42,34,42,45,45,43],"width":51,"edges":[5,6,6,7,7,8,8,9,9,10,10,11,11,12,12,13,13,14,14,15,15,16,16,17,17,18,18,19,19,20,20,21,21,22,22,23,23,24,24,25,25,26,26,27,27,28,28,29,29,30,30,31,31,32,32,33,33,34,34,35,35,36,36,37,37,38,38,0,0,1,1,2,2,3,3,4,4,5],"height":83,"name":"Layer 212","bonePose":[21,0.5816971518176631,0.8134054484494302,-0.8134054484494302,0.5816971518176631,13.18383254329898,-225.6584641673891,26,0.4043435955287448,0.9146071597986136,-0.9146071597986136,0.4043435955287448,28.098547515903864,-204.8027484691457]}],"name":"Layer 212"},{"display":[{"path":"Layer 203","type":"image","name":"Layer 203","transform":{"skX":-46.4,"skY":-46.4,"y":0.31,"x":4.41}}],"name":"Layer 203"},{"display":[{"path":"Layer 210","type":"image","name":"Layer 210","transform":{"skX":-128.45,"skY":-128.45,"y":-10.95,"x":54.81}}],"name":"Layer 210"},{"display":[{"slotPose":[1,0,0,1,0,0],"uvs":[0.20068,0.9646,0.10801,0.88023,0.06053,0.79754,0.01305,0.71485,0.00653,0.60545,0,0.49604,0.08427,0.36498,0.14599,0.27809,0.20772,0.1912,0.28581,0.10794,0.3639,0.02467,0.42188,0,0.59855,0,0.60403,0.07249,0.61453,0.10961,0.63964,0.13549,0.68803,0.1788,0.74967,0.21358,0.82957,0.25689,0.91813,0.30471,0.96926,0.34464,0.99072,0.39077,0.99528,0.44308,0.99132,0.53531,0.96986,0.62137,0.91876,0.74713,0.88042,0.83263,0.82335,1,0.72109,1,0.6485,0.92881,0.62477,0.96481,0.54944,0.95131,0.41227,1,0.35657,1,0.29494,0.90263,0.26481,0.92119,0.23696,0.97969,0.31161,0.49613,0.5088,0.17648,0.73543,0.38137,0.65791,0.74319,0.43219,0.75569,0.60026,0.46147,0.8741,0.49767,0.20327,0.73768,0.33309,0.29968,0.44106,0.63863,0.79227,0.57535,0.10355,0.56926,0.50661,0.33533,0.56378,0.60749,0.63252,0.26874,0.45928,0.47261,0.27868,0.60726,0.54402,0.83106,0.84376,0.70391,0.17971,0.44471],"vertices":[-44.39,-88.08,-57.17,-97.53,-63.73,-106.78,-70.28,-116.05,-71.18,-128.31,-72.08,-140.55,-60.45,-155.24,-51.93,-164.96,-43.41,-174.7,-32.63,-184.03,-21.86,-193.35,-13.85,-196.11,10.53,-196.11,11.29,-188,12.73,-183.84,16.19,-180.94,22.88,-176.08,31.39,-172.2,42.41,-167.34,54.63,-161.99,61.69,-157.52,64.65,-152.36,65.28,-146.5,64.73,-136.16,61.77,-126.52,54.72,-112.44,49.43,-102.87,41.55,-84.12,27.44,-84.11,17.42,-92.09,14.15,-88.06,3.75,-89.56,-15.18,-84.11,-22.86,-84.11,-31.37,-95.02,-35.53,-92.94,-39.37,-86.39,-29.07,-140.55,-1.86,-176.35,29.42,-153.4,18.72,-112.88,-12.43,-111.47,10.76,-144.43,48.55,-140.37,-44.03,-113.49,-26.11,-162.55,-11.2,-124.59,37.26,-131.67,-57.79,-132.36,-2.17,-158.56,5.73,-128.08,15.21,-166.02,-8.7,-143.18,-33.62,-128.1,3,-103.03,44.37,-117.28,-47.27,-146.3],"path":"Layer 205","weights":[2,12,0.03942,14,0.96058,1,14,1,1,14,1,1,14,1,1,14,1,1,14,1,1,14,1,1,14,1,1,14,1,2,12,0.10717,14,0.89283,3,12,0.50682,14,0.41797,16,0.07521,3,12,0.56044,14,0.18902,16,0.25054,2,12,0.03674,16,0.96326,2,12,0.00846,16,0.99154,1,16,1,1,16,1,1,16,1,1,16,1,1,16,1,1,16,1,1,16,1,1,16,1,1,16,1,1,16,1,1,16,1,2,12,0.00019,16,0.99981,2,12,0.03736,16,0.96264,2,12,0.16142,16,0.83858,2,12,0.25927,16,0.74073,2,12,0.52882,16,0.47118,2,12,0.65813,16,0.34187,2,12,0.85435,16,0.14565,2,12,0.95925,14,0.04075,2,12,0.88925,14,0.11075,2,12,0.43539,14,0.56461,2,12,0.17079,14,0.82921,2,12,0.05848,14,0.94152,2,12,0.07359,14,0.92641,2,12,0.37932,16,0.62068,1,16,1,2,12,0.41968,16,0.58032,2,12,0.96996,14,0.03004,2,12,0.33622,16,0.66378,1,16,1,1,14,1,1,14,1,2,12,0.98641,14,0.01359,1,16,1,1,14,1,2,12,0.72033,16,0.27967,2,12,0.68035,16,0.31965,1,16,1,2,12,0.98317,16,0.01683,2,12,0.05555,14,0.94445,2,12,0.84854,16,0.15146,1,16,1,1,14,1],"triangles":[43,23,22,43,22,21,20,43,21,43,24,23,19,43,20,55,25,24,43,55,24,18,39,43,47,55,43,18,43,19,55,26,25,29,28,26,40,29,26,28,27,26,55,40,26,39,47,43,47,40,55,17,39,18,50,40,47,42,50,47,39,42,47,51,39,17,16,51,17,51,42,39,54,29,40,15,51,16,49,42,51,15,38,51,50,54,40,14,38,15,31,30,29,54,31,29,38,49,51,41,54,50,13,38,14,46,41,50,52,50,42,49,52,42,11,38,13,11,13,12,52,46,50,32,31,54,41,32,54,45,52,49,10,9,38,9,45,38,11,10,38,45,49,38,34,33,32,34,32,41,37,46,52,45,37,52,53,41,46,37,53,46,44,34,41,53,44,41,9,8,45,56,37,45,8,7,45,7,56,45,44,35,34,56,53,37,44,1,35,48,44,53,56,48,53,1,0,35,0,36,35,3,2,48,7,6,56,2,1,44,48,2,44,6,48,56,4,3,48,6,5,48,5,4,48],"type":"mesh","transform":{},"userEdges":[],"width":138,"edges":[5,4,4,3,3,2,2,1,1,0,0,36,36,35,35,34,34,33,33,32,32,31,31,30,30,29,29,28,28,27,27,26,26,25,25,24,24,23,23,22,22,21,21,20,20,19,19,18,18,17,17,16,16,15,15,14,14,13,13,12,12,11,11,10,10,9,9,8,8,7,7,6,6,5],"height":112,"name":"Layer 205","bonePose":[12,0.019546442744821205,0.9998089500379678,-0.9998089500379678,0.019546442744821205,-11.07,-176.63,14,-0.3456257738201956,0.9383724337762652,-0.9383724337762652,-0.3456257738201956,-20.700965859727148,-171.980860659351,16,0.5468328004719725,0.837241833837739,-0.837241833837739,0.5468328004719725,2.3773819320858216,-179.45338788915228]}],"name":"Layer 205"},{"display":[{"triangles":[7,0,5,0,2,5,2,4,5,6,7,5,9,0,7,2,3,4,0,1,2,8,9,7],"width":368,"type":"mesh","vertices":[-182.04,4.24,-146.73,118.27,-75.52,165.23,109.46,163.16,158.23,87.83,167,-44.27,156.42,-138.1,52.96,-167.84,-89.71,-163.72,-149.96,-106.46],"transform":{},"height":371,"path":"Layer 199","edges":[0,1,1,2,2,3,3,4,4,5,5,6,6,7,7,8,8,9,9,0],"uvs":[0,0.46381,0.09596,0.77118,0.28946,0.89775,0.79214,0.89218,0.92465,0.68912,0.94848,0.33307,0.91974,0.08016,0.6386,0,0.2509,0.01109,0.08718,0.16544],"name":"Layer 199","userEdges":[]}],"name":"Layer 199"},{"display":[{"slotPose":[1,0,0,1,0,0],"uvs":[0,0.98509,0.00053,0.85583,0.00105,0.72656,0.06463,0.61987,0.12821,0.51318,0.14128,0.4582,0.28389,0.38645,0.35163,0.30538,0.2587,0.24491,0.25038,0.189,0.28247,0.13495,0.39418,0.09861,0.48925,0.04736,0.53084,0.00932,0.57065,0.0051,0.61878,0,0.6889,0.00916,0.76734,0.03991,0.73168,0.15266,0.74119,0.21136,0.68534,0.27659,0.69128,0.31759,0.76615,0.3325,0.80299,0.42475,0.86241,0.46016,0.89568,0.5375,0.94962,0.6563,1,0.73038,1,0.77012,0.89935,0.82759,0.7987,0.88506,0.69805,0.94253,0.59739,1,0.47439,0.96986,0.35139,0.93971,0.22067,0.98444,0.16244,0.92946,0.12679,0.89219,0.07925,0.90057,0.55068,0.62508,0.22921,0.71609,0.84961,0.65073,0.32637,0.55008,0.42461,0.7704,0.61586,0.81725,0.7035,0.50534,0.70287,0.6968,0.42015,0.60607,0.10484,0.79596,0.53183,0.51456,0.23145,0.86118,0.17802,0.57152,0.49989,0.87132,0.53568,0.73109,0.40715,0.47523,0.49391,0.37087,0.51054,0.2693,0.43805,0.22271,0.4333,0.16773,0.52837,0.12953,0.53788,0.07362],"vertices":[-41.07,-145.43,-41.03,-156.8,-41,-168.18,-36.61,-177.57,-32.22,-186.96,-31.32,-191.8,-21.48,-198.11,-16.8,-205.24,-23.22,-210.56,-23.79,-215.48,-21.58,-220.24,-13.87,-223.43,-7.31,-227.94,-4.44,-231.29,-1.69,-231.66,1.63,-232.11,6.47,-231.31,11.87,-228.6,9.42,-218.67,10.08,-213.51,6.22,-207.78,6.63,-204.17,11.8,-202.86,14.34,-194.74,18.44,-191.62,20.74,-184.82,24.46,-174.36,27.93,-167.84,27.94,-164.34,20.98,-159.29,14.04,-154.23,7.1,-149.17,0.14,-144.11,-8.34,-146.76,-16.82,-149.42,-25.84,-145.49,-29.86,-150.32,-32.32,-153.61,-35.6,-152.87,-3.07,-177.11,-25.25,-169.1,17.56,-174.85,-18.55,-183.71,-11.77,-164.32,1.43,-160.2,7.48,-187.64,7.43,-170.8,-12.08,-178.78,-33.84,-162.08,-4.37,-186.84,-25.1,-156.33,-28.79,-181.82,-6.57,-155.44,-4.11,-167.78,-12.98,-190.29,-6.99,-199.48,-5.84,-208.41,-10.85,-212.52,-11.17,-217.35,-4.61,-220.71,-3.96,-225.63],"path":"Layer 208","weights":[1,8,1,2,8,0.99902,17,0.00098,2,8,0.98411,17,0.01589,2,8,0.93434,17,0.06566,2,8,0.80274,17,0.19726,2,8,0.7341,17,0.2659,3,8,0.42475,17,0.54775,18,0.0275,3,8,0.07211,17,0.57211,18,0.35578,3,8,0.00236,17,0.25802,18,0.73962,2,17,0.19281,18,0.80719,2,17,0.13762,18,0.86238,2,17,0.04206,18,0.95794,2,17,0.00014,18,0.99986,1,18,1,1,18,1,1,18,1,1,18,1,1,18,1,2,17,0.00085,18,0.99915,2,17,0.03552,18,0.96448,3,8,0.00011,17,0.4119,18,0.588,3,8,0.0113,17,0.81992,18,0.16879,3,8,0.05556,17,0.92366,18,0.02078,2,8,0.29038,17,0.70962,2,8,0.46758,17,0.53242,2,8,0.66275,17,0.33725,2,8,0.88609,17,0.11391,2,8,0.94152,17,0.05848,2,8,0.94936,17,0.05064,2,8,0.97198,17,0.02802,2,8,0.99406,17,0.00594,2,8,0.99999,17,0.00001,1,8,1,1,8,1,1,8,1,1,8,1,1,8,1,2,8,0.99988,17,0.00012,2,8,0.99993,17,0.00007,2,8,0.99816,17,0.00184,2,8,0.97991,17,0.02009,2,8,0.86582,17,0.13418,2,8,0.83735,17,0.16265,2,8,0.99997,17,0.00003,2,8,0.99955,17,0.00045,2,8,0.5373,17,0.4627,2,8,0.96055,17,0.03945,2,8,0.97314,17,0.02686,2,8,0.99449,17,0.00551,2,8,0.99954,17,0.00046,2,8,0.99975,17,0.00025,2,8,0.86567,17,0.13433,1,8,1,1,8,1,3,8,0.58872,17,0.41092,18,0.00036,3,8,0.03365,17,0.95611,18,0.01024,3,8,0.00104,17,0.45879,18,0.54016,3,8,0.00184,17,0.21484,18,0.78332,2,17,0.07305,18,0.92695,1,18,1,1,18,1],"triangles":[26,41,27,41,29,27,27,29,28,25,41,26,45,41,25,41,46,29,46,30,29,24,45,25,46,44,30,45,46,41,23,45,24,22,21,23,21,45,23,44,31,30,39,46,45,16,18,17,21,55,45,55,49,45,59,20,19,16,60,18,60,59,18,59,19,18,53,44,46,39,53,46,59,56,20,15,60,16,44,52,31,52,32,31,49,39,45,56,55,21,56,21,20,52,33,32,14,60,15,53,52,44,43,52,53,57,56,59,13,60,14,55,54,49,58,57,59,12,60,13,49,47,39,47,53,39,47,43,53,60,12,59,12,11,59,11,58,59,54,47,49,34,33,52,7,55,56,57,7,56,43,34,52,6,54,55,7,6,55,40,43,47,54,42,47,50,34,43,8,7,57,9,8,57,9,57,58,10,9,58,11,10,58,40,50,43,42,40,47,6,42,54,51,40,42,6,5,42,50,35,34,5,4,51,5,51,42,36,35,50,48,50,40,51,3,40,37,36,50,48,37,50,2,48,40,3,2,40,4,3,51,1,38,48,48,38,37,2,1,48,1,0,38],"type":"mesh","transform":{},"userEdges":[42,54,54,55,55,56,56,57,57,58,58,59,59,60,60,14],"width":69,"edges":[0,38,38,37,37,36,36,35,35,34,34,33,33,32,32,31,31,30,30,29,29,28,28,27,27,26,26,25,25,24,24,23,23,22,22,21,21,20,20,19,19,18,18,17,17,16,16,15,15,14,14,13,13,12,12,11,11,10,10,9,9,8,8,7,7,6,6,5,5,4,4,3,3,2,2,1,1,0],"height":88,"name":"Layer 208","bonePose":[8,0.24530738587880271,-0.9694453498951388,0.9694453498951388,0.24530738587880271,-13.41,-150.72,17,0.03507392277452298,-0.9993847206862864,0.9993847206862864,0.03507392277452298,-3.423536320873941,-190.1861201942311,18,0.1885812647129344,-0.9820575882295652,0.9820575882295652,0.1885812647129344,-2.7995712347151773,-207.96517437524017]}],"name":"Layer 208"},{"display":[{"path":"Layer 201","type":"image","name":"Layer 201","transform":{"skX":-111.8,"skY":-111.8,"y":-1.06,"x":10.21}}],"name":"Layer 201"},{"display":[{"path":"Layer 202","type":"image","name":"Layer 202","transform":{"skX":124.43,"skY":124.43,"y":5.84,"x":23.74}},{"path":"damagehead","type":"image","name":"damagehead","transform":{"skX":124.43,"skY":124.43,"y":6.07,"x":23.58}},{"path":"kisshead","type":"image","name":"kisshead","transform":{"skX":124.43,"skY":124.43,"y":5.73,"x":23.81}},{"path":"spellhead","type":"image","name":"spellhead","transform":{"skX":124.43,"skY":124.43,"y":5.98,"x":23.83}}],"name":"Layer 202"},{"display":[{"path":"Layer 213","type":"image","name":"Layer 213","transform":{"skX":-102.3,"skY":-102.3,"y":-1.05,"x":10.42}}],"name":"Layer 213"},{"display":[{"slotPose":[1,0,0,1,0,0],"uvs":[0.00307,0.60887,0.03459,0.50815,0.09197,0.42548,0.19668,0.34767,0.28639,0.28905,0.37045,0.22742,0.3791,0.12799,0.42706,0.05283,0.47178,0.01112,0.4971,0,0.56928,0.07836,0.64633,0.13173,0.7161,0.16517,0.78507,0.21515,0.84843,0.27288,0.9306,0.37848,0.9588,0.50779,0.95503,0.57919,0.91705,0.66788,0.86341,0.75112,0.80886,0.80373,0.7543,0.85634,0.6675,0.91879,0.58069,0.98123,0.61383,0.87939,0.56614,0.93388,0.48748,1,0.39991,0.98339,0.32286,0.95257,0.26359,0.9071,0.22184,0.85261,0.23908,0.92288,0.17867,0.9043,0.12155,0.85958,0.07845,0.79231,0.0656,0.75001,0.05482,0.69101,0.05186,0.64516,0.0462,0.69627,0.05455,0.76692,0.05644,0.81615,0.00875,0.75527,0,0.68612,0.80233,0.43982,0.18522,0.58996,0.49523,0.76971,0.45488,0.3168,0.62162,0.40198,0.19663,0.72515,0.34836,0.49217,0.72396,0.68119,0.47608,0.54068,0.45763,0.18675,0.31243,0.69677,0.62385,0.56667,0.60726,0.21371,0.83491,0.59909,0.3162,0.84085,0.45104,0.61347,0.73033,0.28485,0.22173,0.42887,0.61038,0.72781,0.50496,0.46366,0.72139,0.53775,0.36352,0.37172,0.43115,0.91312,0.56278,0.31129,0.2859,0.59107,0.56342,0.6499,0.40117,0.76679,0.77073,0.37862],"vertices":[-101.4,-171.5,-94.49,-187.31,-81.93,-200.3,-58.99,-212.52,-39.35,-221.72,-20.94,-231.4,-19.04,-247.01,-8.55,-258.81,1.25,-265.37,6.8,-267.11,22.6,-254.82,39.48,-246.44,54.76,-241.19,69.86,-233.34,83.75,-224.28,101.73,-207.71,107.91,-187.4,107.09,-176.19,98.77,-162.26,87.03,-149.2,75.08,-140.93,63.13,-132.67,44.12,-122.87,25.11,-113.06,32.36,-129.05,21.92,-120.49,4.69,-110.11,-14.49,-112.71,-31.36,-117.55,-44.33,-124.69,-53.48,-133.24,-49.7,-122.21,-62.93,-125.13,-75.44,-132.14,-84.88,-142.71,-87.69,-149.34,-90.06,-158.61,-90.7,-165.81,-91.94,-157.78,-90.11,-146.69,-89.7,-138.96,-100.15,-148.52,-102.06,-159.38,73.64,-198.07,-61.5,-174.47,6.39,-146.26,-2.45,-217.37,34.07,-204.01,-59,-153.25,-25.77,-189.83,56.49,-160.17,2.19,-182.23,-1.84,-237.79,-33.64,-157.72,34.56,-178.15,30.92,-233.57,80.78,-173.06,-32.81,-135.09,-3.29,-170.8,57.88,-222.4,-53.51,-199.76,31.61,-152.84,8.52,-194.31,55.92,-182.7,-22.45,-208.75,-7.64,-123.75,21.18,-218.25,-39.46,-174.3,21.33,-165.08,-14.21,-146.73,66.72,-207.68],"path":"Layer 200","weights":[1,29,1,1,29,1,1,29,1,1,29,1,1,29,1,2,29,0.85707,24,0.14293,3,29,0.28088,24,0.71416,28,0.00496,3,29,0.03135,24,0.62223,28,0.34641,2,24,0.2369,28,0.7631,2,24,0.14399,28,0.85601,1,28,1,1,28,1,1,28,1,1,28,1,1,28,1,1,28,1,1,28,1,1,28,1,2,24,0.00499,28,0.99501,2,24,0.07535,28,0.92465,2,24,0.22224,28,0.77776,2,24,0.42717,28,0.57283,2,24,0.71626,28,0.28374,2,24,0.79775,28,0.20225,2,24,0.82172,28,0.17828,2,24,0.98024,28,0.01976,2,29,0.02126,24,0.97874,2,29,0.15859,24,0.84141,2,29,0.38012,24,0.61988,2,29,0.60081,24,0.39919,2,29,0.86017,24,0.13983,2,29,0.92802,24,0.07198,2,29,0.94749,24,0.05251,2,29,0.98883,24,0.01117,1,29,1,1,29,1,1,29,1,1,29,1,1,29,1,1,29,1,1,29,1,1,29,1,1,29,1,1,28,1,1,29,1,2,29,0.00988,24,0.99012,2,29,0.25904,24,0.74096,2,24,0.16413,28,0.83587,2,29,0.9718,24,0.0282,2,29,0.86915,24,0.13085,2,24,0.28599,28,0.71401,2,29,0.02748,24,0.97252,2,29,0.0327,24,0.9673,2,29,0.69853,24,0.30147,2,24,0.50454,28,0.49546,1,28,1,1,28,1,2,29,0.51242,24,0.48758,2,29,0.11521,24,0.88479,1,28,1,1,29,1,2,24,0.75989,28,0.24011,2,24,0.95373,28,0.04627,2,24,0.07672,28,0.92328,1,29,1,2,29,0.11036,24,0.88964,2,24,0.24556,28,0.75444,2,29,0.93026,24,0.06974,2,24,0.86344,28,0.13656,2,29,0.25484,24,0.74516,1,28,1],"triangles":[15,43,16,56,17,16,43,56,16,56,18,17,14,43,15,56,19,18,70,43,14,56,50,19,50,20,19,59,70,13,43,63,56,13,70,14,63,50,56,50,21,20,70,63,43,12,59,13,59,47,70,47,63,70,61,24,22,50,61,21,61,22,21,54,50,63,47,54,63,12,55,59,55,47,59,11,55,12,54,61,50,68,61,54,55,66,47,24,23,22,62,54,47,10,55,11,61,45,24,51,68,54,62,51,54,66,62,47,45,25,24,68,45,61,10,52,55,52,66,55,46,62,66,52,46,66,51,58,68,45,65,25,65,26,25,9,8,10,8,52,10,58,45,68,7,52,8,58,69,45,69,65,45,46,64,62,49,51,62,64,49,62,65,27,26,7,6,52,5,46,52,49,58,51,53,69,58,6,5,52,5,64,46,49,67,58,67,53,58,28,27,65,57,28,65,69,57,65,53,57,69,4,64,5,60,49,64,4,60,64,60,67,49,48,30,53,53,30,57,57,29,28,30,29,57,3,60,4,67,48,53,60,44,67,44,48,67,30,32,31,3,2,60,2,44,60,48,33,30,33,32,30,37,36,44,34,33,48,35,34,48,44,36,48,36,35,48,2,1,44,1,37,44,1,0,37,38,41,39,39,41,40,42,38,37,0,42,37,42,41,38],"type":"mesh","transform":{},"userEdges":[],"width":219,"edges":[42,41,41,40,40,39,39,38,38,37,37,36,36,35,35,34,34,33,33,32,32,31,31,30,30,29,29,28,28,27,27,26,26,25,25,24,24,23,23,22,22,21,21,20,20,19,19,18,18,17,17,16,16,15,15,14,14,13,13,12,12,11,11,10,10,9,9,8,8,7,7,6,6,5,5,4,4,3,3,2,2,1,1,0,0,42],"height":157,"name":"Layer 200","bonePose":[29,-0.6473220647866234,0.7622165994258998,-0.7622165994258998,-0.6473220647866234,-4.686429804450887,-227.9414216599232,24,0.11441700599751504,0.9934328103795268,-0.9934328103795268,0.11441700599751504,-1.495181373890782,-243.14640878436524,28,0.7160583249697258,0.6980404538718015,-0.6980404538718015,0.7160583249697258,5.041098364542669,-245.12727909333157]}],"name":"Layer 200"},{"display":[{"triangles":[9,11,10,11,9,8,7,11,8,6,12,7,12,11,7,5,33,6,33,12,6,4,2,5,2,33,5,3,2,4,33,32,12,32,13,12,2,32,33,1,32,2,32,31,13,31,14,13,1,31,32,30,14,31,1,0,31,0,30,31,30,15,14,17,16,30,0,29,30,30,16,15,27,29,0,29,17,30,29,18,17,26,28,27,28,29,27,28,19,29,25,24,26,24,28,26,19,18,29,22,19,28,23,22,28,24,23,28,21,20,19,22,21,19],"width":54,"type":"mesh","vertices":[34.69,-12.37,36.71,-7.94,49.82,4.17,55.07,4.03,56.3,10.08,54.22,13.95,49.64,16.47,47.91,19.52,43.92,23.25,36.81,26.07,35.33,26.05,37.41,17.46,40.39,13.31,32.72,4.75,26.44,-6.37,23.18,-7.87,22.38,-11.01,23.64,-13.43,27.57,-18.96,29.25,-20.64,23.11,-22.26,25.26,-24.96,30.59,-26.99,35.29,-26.36,40.32,-23.72,43.33,-18.13,38.53,-17.14,34.45,-14.18,35.22,-20.33,30.7,-15.33,28.84,-11.68,32.66,-5.11,38.05,1.82,44.71,9.55],"transform":{},"height":28,"path":"Layer 211","edges":[22,21,21,20,20,19,19,18,18,17,17,16,16,15,15,14,14,13,13,12,12,11,11,10,10,9,9,8,8,7,7,6,6,5,5,4,4,3,3,2,2,1,1,0,0,27,27,26,26,25,25,24,24,23,23,22],"uvs":[0.28105,0.56207,0.36966,0.53064,0.64669,0.18297,0.66808,0,0.78216,0.01011,0.84225,0.11618,0.86669,0.29689,0.91354,0.38332,0.96243,0.55421,0.98076,0.82528,0.97363,0.87635,0.82901,0.72903,0.7679,0.58957,0.57947,0.7801,0.35133,0.89992,0.30957,1,0.24948,1,0.21179,0.93528,0.13031,0.75064,0.1079,0.67796,0.05087,0.87635,0.01216,0.77814,0,0.57582,0.03253,0.41868,0.10281,0.26743,0.21688,0.21243,0.21281,0.38725,0.24744,0.55421,0.1405,0.47368,0.20975,0.67403,0.26679,0.77028,0.40225,0.69564,0.55095,0.56993,0.72003,0.40689],"name":"Layer 211","userEdges":[24,28,28,29,29,30,30,31,31,32,32,33]}],"name":"Layer 211"},{"display":[{"slotPose":[1,0,0,1,0,0],"uvs":[0,0.93189,0.07311,0.88316,0.10654,0.77795,0.17656,0.76635,0.3187,0.58496,0.41521,0.51862,0.51172,0.45229,0.70473,0.31962,0.797,0.1378,0.85314,0.01481,0.91117,0,0.97361,0.01558,1,0.08675,0.98812,0.18809,0.91338,0.36794,0.83863,0.5478,0.72723,0.61292,0.61582,0.67804,0.50441,0.74316,0.39301,0.80829,0.38673,0.84217,0.39304,0.90406,0.37664,0.94274,0.3697,0.98838,0.28581,0.9876,0.26247,0.92881,0.15461,0.98296,0.04801,1,0,1,0.86543,0.25637,0.66772,0.49946,0.43348,0.65762,0.32844,0.76467,0.77613,0.40192,0.53532,0.57091,0.66537,0.41867,0.44945,0.56657,0.9126,0.09997,0.31428,0.6934,0.18362,0.85065,0.81116,0.29655],"vertices":[-67.07,-176.73,-62.32,-179.32,-60.14,-184.89,-55.59,-185.51,-46.36,-195.12,-40.08,-198.63,-33.81,-202.15,-21.26,-209.18,-15.26,-218.81,-11.61,-225.33,-7.84,-226.11,-3.78,-225.29,-2.07,-221.52,-2.84,-216.15,-7.7,-206.61,-12.56,-197.09,-19.8,-193.63,-27.04,-190.18,-34.28,-186.72,-41.53,-183.28,-41.93,-181.48,-41.52,-178.21,-42.58,-176.15,-43.04,-173.74,-48.5,-173.78,-50.01,-176.89,-57.02,-174.02,-63.95,-173.12,-67.07,-173.12,-10.81,-212.52,-23.67,-199.65,-38.9,-191.26,-45.72,-185.59,-16.62,-204.82,-32.27,-195.85,-23.82,-203.92,-37.86,-196.09,-7.75,-220.81,-46.64,-189.36,-55.13,-181.03,-14.34,-210.4],"path":"Layer 204","weights":[1,30,1,1,30,1,1,30,1,1,30,1,2,27,0.94641,30,0.05359,1,27,1,2,20,0.02887,27,0.97113,2,20,0.92836,27,0.07164,1,20,1,1,20,1,1,20,1,1,20,1,1,20,1,1,20,1,1,20,1,2,20,0.97812,27,0.02188,2,20,0.1153,27,0.8847,1,27,1,1,27,1,2,27,0.62232,30,0.37768,2,27,0.31887,30,0.68113,2,27,0.10801,30,0.89199,2,27,0.04718,30,0.95282,2,27,0.0186,30,0.9814,1,30,1,2,27,0.00059,30,0.99941,1,30,1,1,30,1,1,30,1,1,20,1,2,20,0.1687,27,0.8313,1,27,1,2,27,0.28122,30,0.71878,1,20,1,2,20,0.00074,27,0.99926,2,20,0.56865,27,0.43135,1,27,1,1,20,1,2,27,0.67554,30,0.32446,1,30,1,1,20,1],"triangles":[11,37,12,12,37,13,37,29,13,29,14,13,10,37,11,33,15,14,29,40,14,40,33,14,8,29,37,10,9,37,9,8,37,8,40,29,33,30,15,30,16,15,8,7,40,7,33,40,7,35,33,35,30,33,30,17,16,6,35,7,34,17,30,35,6,30,6,34,30,34,18,17,6,36,34,31,18,34,36,31,34,5,36,6,31,19,18,32,19,31,4,31,36,5,4,36,38,32,31,4,38,31,32,20,19,25,22,21,20,25,21,32,25,20,24,23,22,25,24,22,39,25,32,38,3,32,3,39,32,4,3,38,39,26,25,1,26,39,2,1,39,2,39,3,1,27,26,0,27,1,0,28,27],"type":"mesh","transform":{},"userEdges":[],"width":65,"edges":[0,28,28,27,27,26,26,25,25,24,24,23,23,22,22,21,21,20,20,19,19,18,18,17,17,16,16,15,15,14,14,13,13,12,12,11,11,10,10,9,9,8,8,7,7,6,6,5,5,4,4,3,3,2,2,1,1,0],"height":53,"name":"Layer 204","bonePose":[30,-0.783585034650983,0.621284551128561,-0.621284551128561,-0.783585034650983,-46.07847601361449,-187.3702159603461,27,-0.9149596678498244,0.40354529635239,-0.40354529635239,-0.9149596678498244,-20.240014993535446,-198.76633512933756,20,-0.5039247371094588,0.8637475669020217,-0.8637475669020217,-0.5039247371094588,-7.470562155181762,-220.6536984746348]},{"slotPose":[1,0,0,1,0,0],"uvs":[0.03991,0.79832,0.19303,0.6801,0.19526,0.5889,0.22544,0.52135,0.2735,0.55512,0.35285,0.66659,0.48585,0.59397,0.70155,0.39299,0.78426,0.20384,0.85234,0.0221,0.89817,0,0.98869,0,0.99763,0.14369,0.96075,0.35312,0.84899,0.64867,0.67464,0.76604,0.50029,0.88342,0.37094,0.907,0.25014,0.92902,0,0.97462,0.66879,0.59287,0.79297,0.43861,0.36101,0.77514,0.50752,0.7137,0.28542,0.79803,0.27173,0.73486,0.91275,0.14719],"vertices":[-67.75,-188.07,-57.34,-193.38,-57.19,-197.49,-55.13,-200.52,-51.87,-199,-46.47,-193.98,-37.43,-197.25,-22.76,-206.29,-17.13,-214.81,-12.51,-222.98,-9.39,-223.97,-3.24,-223.98,-2.62,-217.51,-5.14,-208.08,-12.73,-194.79,-24.59,-189.5,-36.45,-184.23,-45.25,-183.17,-53.46,-182.17,-70.47,-180.13,-24.99,-197.29,-16.55,-204.24,-45.92,-189.1,-35.96,-191.86,-51.06,-188.07,-51.99,-190.91,-8.4,-217.35],"path":"kissarm","weights":[1,30,1,2,27,0.06666,30,0.93334,2,27,0.13099,30,0.86901,2,27,0.15091,30,0.84909,2,27,0.18693,30,0.81307,2,27,0.66877,30,0.33123,1,27,1,2,20,0.80522,27,0.19478,1,20,1,1,20,1,1,20,1,1,20,1,1,20,1,1,20,1,2,20,0.87896,27,0.12104,1,27,1,1,27,1,2,27,0.33936,30,0.66064,1,30,1,1,30,1,2,20,0.00841,27,0.99159,1,20,1,2,27,0.78181,30,0.21819,1,27,1,2,27,0.0484,30,0.9516,2,27,0.1368,30,0.8632,1,20,1],"triangles":[21,14,13,26,13,12,26,12,11,10,26,11,9,8,26,9,26,10,21,20,14,20,15,14,7,20,21,7,21,8,6,20,7,20,23,15,23,16,15,6,23,20,6,5,23,5,22,23,5,25,22,22,24,17,24,18,17,25,24,22,4,25,5,25,1,24,1,0,24,0,19,24,19,18,24,3,2,25,2,1,25,4,3,25,13,21,26,21,8,26,16,17,23,22,17,23],"type":"mesh","transform":{},"userEdges":[24,19,3,25,25,24,1,25,25,5,21,26,24,17,17,23],"width":68,"edges":[19,18,18,17,17,16,16,15,15,14,14,13,13,12,12,11,11,10,10,9,9,8,8,7,7,6,6,5,5,4,4,3,3,2,2,1,1,0,0,19],"height":45,"name":"kissarm","bonePose":[30,-0.783585034650983,0.621284551128561,-0.621284551128561,-0.783585034650983,-46.07847601361449,-187.3702159603461,27,-0.9149596678498244,0.40354529635239,-0.40354529635239,-0.9149596678498244,-20.240014993535446,-198.76633512933756,20,-0.5039247371094588,0.8637475669020217,-0.8637475669020217,-0.5039247371094588,-7.470562155181762,-220.6536984746348]}],"name":"Layer 204"},{"display":[{"path":"Layer 209","type":"image","name":"Layer 209","transform":{"skX":-35.76,"skY":-35.76,"y":4.98,"x":69}}],"name":"Layer 209"},{"display":[{"slotPose":[1,0,0,1,0,0],"uvs":[0.38912,1,0.62115,0.95242,0.74594,0.82356,0.84926,0.71688,1,0.56122,0.80551,0.49215,1,0.27568,1,0.10034,0.85575,0.01873,0.69364,0,0.28996,0,0.08336,0.03467,0,0.12567,0.02716,0.26622,0.07445,0.511,0.03262,0.73572,0.01702,0.8195,0.11186,0.98246,0.4595,0.09298,0.46585,0.22117,0.415,0.36529,0.40228,0.50477,0.39275,0.62365,0.39593,0.72659,0.33235,0.90127],"vertices":[-7.18,-42.12,-0.67,-48.5,2.82,-64.35,5.71,-77.48,9.93,-96.64,4.48,-110.17,9.93,-139.17,9.92,-162.67,5.89,-173.6,1.35,-176.12,-9.95,-176.11,-15.74,-171.46,-18.08,-159.28,-17.31,-140.44,-15.99,-107.64,-17.16,-77.53,-17.6,-66.3,-14.94,-44.47,-5.21,-163.66,-5.03,-146.48,-6.45,-127.16,-6.81,-108.47,-7.08,-92.54,-6.98,-78.75,-8.77,-55.34],"path":"Layer 207","weights":[1,15,1,1,15,1,1,15,1,1,15,1,2,5,0.0797,15,0.9203,2,5,0.77561,15,0.22439,1,5,1,1,5,1,1,5,1,1,5,1,1,5,1,1,5,1,1,5,1,1,5,1,1,15,1,1,15,1,1,15,1,1,15,1,1,5,1,1,5,1,2,5,0.99763,15,0.00237,1,15,1,2,5,0.00004,15,0.99996,1,15,1,1,15,1],"triangles":[20,5,6,19,20,6,5,21,4,21,22,4,22,3,4,8,18,7,19,6,7,18,19,7,24,1,2,20,21,5,23,2,3,22,23,3,9,18,8,10,18,9,13,20,19,12,19,18,24,0,1,15,16,23,22,15,23,20,14,21,14,22,21,24,17,0,12,13,19,10,11,18,11,12,18,13,14,20,14,15,22,16,17,24,16,23,24,24,23,2],"type":"mesh","transform":{},"userEdges":[18,19,19,20,20,21,21,22,22,23,23,24,18,11,18,12,18,7,18,8,19,13,19,12,20,6,20,14,5,20,14,22,22,15,22,3,22,4,23,16,23,2,23,3,2,24],"width":28,"edges":[12,13,13,14,14,15,15,16,16,17,17,0,0,1,1,2,2,3,3,4,4,5,5,6,6,7,7,8,8,9,9,10,10,11,11,12],"height":134,"name":"Layer 207","bonePose":[15,-0.053904534636001894,0.9985460936510022,-0.9985460936510022,-0.053904534636001894,-6.286249160506209,-110.1775004029406,5,-0.010820830182076812,0.9999414531032158,-0.9999414531032158,-0.010820830182076812,-5.300000000000001,-164.35]}],"name":"Layer 207"}]}],"slot":[{"name":"Ellipse 5","parent":"shadow","color":{}},{"z":1,"name":"Layer 199","parent":"fxglow","color":{}},{"z":2,"name":"Layer 200","parent":"root","color":{}},{"z":3,"name":"Layer 201","parent":"bone8","color":{}},{"z":4,"name":"Layer 202","parent":"bone5","color":{}},{"z":5,"name":"Layer 203","parent":"bone7","color":{}},{"z":6,"name":"Layer 204","parent":"root","color":{}},{"z":7,"name":"Layer 205","parent":"root","color":{}},{"z":8,"name":"Layer 206","parent":"root","color":{}},{"z":9,"name":"Layer 207","parent":"root","color":{}},{"z":10,"name":"Layer 208","parent":"root","color":{}},{"z":11,"name":"Layer 209","parent":"bone9","color":{}},{"z":12,"name":"Layer 210","parent":"bone10","color":{}},{"z":13,"name":"Layer 211","parent":"bone2","color":{}},{"z":14,"name":"Layer 212","parent":"root","color":{}},{"z":15,"name":"Layer 213","parent":"bone6","color":{}},{"displayIndex":-1,"z":16,"name":"kiss FX","parent":"heart FX","color":{}}],"frameRate":30,"defaultActions":[{"gotoAndPlay":"Attack A"}],"aabb":{"width":368,"y":-368.78,"height":371,"x":-174.03}}],"isGlobal":0,"name":"Aphrodite","version":"5.0"}