{"frameRate":30,"isGlobal":0,"armature":[{"bone":[{"name":"root","transform":{}},{"transform":{"y":-8.37,"x":41.08},"name":"shadow","parent":"root"},{"transform":{"y":-141.12,"x":-1.9},"name":"Mid","parent":"root"},{"length":39,"transform":{"skX":-74.22,"skY":-74.22,"y":-1.64,"x":-3.88},"parent":"Mid","name":"top"},{"length":47,"transform":{"skX":132.9,"skY":132.9,"y":25.08,"x":-40.87},"parent":"Mid","name":"left leg"},{"length":60,"transform":{"skX":71.32,"skY":71.32,"y":13.16,"x":17.08},"parent":"Mid","name":"right Leg"},{"length":96,"transform":{"skX":-17.31,"skY":-17.31,"y":-29.15,"x":51.07},"parent":"right Leg","name":"bone6"},{"length":52,"transform":{"skX":-22.12,"skY":-22.12,"y":0.28,"x":39.8},"parent":"top","name":"bone2"},{"length":76,"transform":{"skX":-19.1,"skY":-19.1,"y":-13.63,"x":32.78},"parent":"left leg","name":"bone3"},{"length":13,"transform":{"skX":-17.96,"skY":-17.96,"y":4.58,"x":56.14},"parent":"bone2","name":"head"},{"length":54,"transform":{"skX":144.42,"skY":144.42,"y":77.07,"x":46.02},"parent":"bone2","name":"right arm"},{"length":69,"transform":{"skX":143.73,"skY":143.73,"y":30.64,"x":48.7},"parent":"bone2","name":"tree"},{"length":67,"transform":{"skX":-145.69,"skY":-145.69,"y":-50.24,"x":16.75},"parent":"bone2","name":"left arm"},{"length":67,"transform":{"skX":101.12,"skY":101.12,"y":10.96,"x":70.5},"parent":"left arm","name":"bone5"},{"length":113,"transform":{"skX":41.92,"skY":41.92,"y":-26.67,"x":84.71},"parent":"right arm","name":"bone4"}],"type":"Armature","name":"Daidarabotchi","defaultActions":[{"gotoAndPlay":"Attack"}],"aabb":{"width":380.8441860465116,"y":-298.002,"height":295.00706879452736,"x":-171.1641860465116},"animation":[{"frame":[],"bone":[{"frame":[{"transform":{},"duration":5},{"transform":{},"duration":15},{"transform":{},"duration":10},{"transform":{},"duration":0}],"name":"root"},{"frame":[{"curve":[0.25,0,1,0.37],"transform":{},"duration":5},{"curve":[0.25,0,0.75,1],"transform":{"y":-32.69,"x":-71.21},"duration":5},{"curve":[0.25,0,0.75,1],"transform":{"y":-2.81,"x":-144.25},"duration":10},{"curve":[0.25,0,0.75,1],"transform":{"y":-32.69,"x":-71.21},"duration":10},{"transform":{},"duration":0}],"name":"Mid"},{"frame":[{"transform":{},"duration":5},{"transform":{},"duration":15},{"transform":{},"duration":10},{"transform":{},"duration":0}],"name":"top"},{"frame":[{"curve":[0.25,0,1,0.37],"transform":{},"duration":5},{"transform":{"skX":-22.14,"skY":-22.14},"duration":15},{"curve":[0.25,0,0.75,1],"transform":{"skX":-22.14,"skY":-22.14},"duration":10},{"transform":{},"duration":0}],"name":"bone2"},{"frame":[{"transform":{},"duration":5},{"transform":{},"duration":15},{"transform":{},"duration":10},{"transform":{},"duration":0}],"name":"head"},{"frame":[{"curve":[0.25,0,1,0.37],"transform":{},"duration":5},{"transform":{"y":7.19,"x":-3.9},"duration":15},{"curve":[0.25,0,0.75,1],"transform":{"y":7.19,"x":-3.9},"duration":10},{"transform":{},"duration":0}],"name":"tree"},{"frame":[{"curve":[0.25,0,1,0.37],"transform":{},"duration":5},{"curve":[0.25,0,0.875,0.61],"transform":{"skX":-64.71,"skY":-64.71,"y":-32.69,"x":-12.49},"duration":3},{"curve":[0.25,0,0.098,1],"transform":{"skX":-172.36,"skY":-172.36,"y":-32.69,"x":-12.49},"duration":2},{"curve":[0.2305,0,0.5965,0.43500000000000005],"transform":{"skX":-245.22,"skY":-245.22,"y":-47.07,"x":-23.85},"duration":7},{"curve":[0.6,0.25,1,0.57],"transform":{"skX":18.97,"skY":18.97,"y":-47.07,"x":-23.85},"duration":3},{"curve":[0.25,0,0.875,0.7849999999999999],"transform":{"skX":-64.71,"skY":-64.71,"y":-32.69,"x":-12.49},"duration":10},{"transform":{},"duration":0}],"name":"right arm"},{"frame":[{"curve":[0.25,0,1,0.37],"transform":{},"duration":5},{"curve":[0.25,0,0.051,1],"transform":{"skX":35.11,"skY":35.11},"duration":5},{"curve":[0.25,0,0.128,1],"transform":{"skX":-22.54,"skY":-22.54},"duration":10},{"curve":[0.25,0,0.884,0.57],"transform":{"skX":35.11,"skY":35.11},"duration":10},{"transform":{},"duration":0}],"name":"bone4"},{"frame":[{"curve":[0.25,0,1,0.37],"transform":{},"duration":5},{"curve":[0.25,0,0.75,1],"transform":{"skX":175.78,"skY":175.78,"y":41.35,"x":-2.17},"duration":5},{"curve":[0.25,0,0.75,1],"transform":{"skX":26.45,"skY":26.45,"y":41.35,"x":-2.17},"duration":10},{"curve":[0.25,0,0.75,1],"transform":{"skX":61.98,"skY":61.98,"y":41.35,"x":-2.17},"duration":10},{"transform":{},"duration":0}],"name":"left arm"},{"frame":[{"transform":{},"duration":5},{"curve":[0.25,0,0.75,1],"transform":{},"duration":5},{"curve":[0.25,0,0.75,1],"transform":{"skX":-74.87,"skY":-74.87},"duration":10},{"transform":{},"duration":10},{"transform":{},"duration":0}],"name":"bone5"},{"frame":[{"curve":[0.25,0,1,0.37],"transform":{},"duration":5},{"curve":[0.25,0,0.75,1],"transform":{"skX":-7.13,"skY":-7.13,"y":-2.76,"x":-3.03},"duration":5},{"curve":[0.25,0,0.75,1],"transform":{"skX":-7.13,"skY":-7.13,"y":6.54,"x":-11},"duration":10},{"curve":[0.25,0,0.75,1],"transform":{"skX":-7.13,"skY":-7.13,"y":-2.76,"x":-3.03},"duration":10},{"transform":{},"duration":0}],"name":"left leg"},{"frame":[{"curve":[0.25,0,1,0.37],"transform":{},"duration":5},{"curve":[0.25,0,0.75,1],"transform":{"skX":-83.86,"skY":-83.86,"y":-0.4,"x":0.56},"duration":5},{"curve":[0.25,0,0.75,1],"transform":{"skX":9.77,"skY":9.77,"y":-0.4,"x":0.56},"duration":10},{"curve":[0.25,0,0.75,1],"transform":{"skX":-83.86,"skY":-83.86,"y":-0.4,"x":0.56},"duration":10},{"transform":{},"duration":0}],"name":"bone3"},{"frame":[{"curve":[0.25,0,1,0.37],"transform":{},"duration":5},{"curve":[0.25,0,0.75,1],"transform":{"skX":5.95,"skY":5.95,"x":7.59},"duration":5},{"curve":[0.25,0,0.75,1],"transform":{"skX":-5.14,"skY":-5.14,"y":11.95,"x":1.62},"duration":10},{"curve":[0.25,0,0.75,1],"transform":{"skX":5.95,"skY":5.95,"x":7.59},"duration":10},{"transform":{},"duration":0}],"name":"right Leg"},{"frame":[{"transform":{},"duration":5},{"transform":{},"duration":15},{"transform":{},"duration":10},{"transform":{},"duration":0}],"name":"bone6"},{"frame":[{"transform":{},"duration":5},{"transform":{},"duration":15},{"transform":{},"duration":10},{"transform":{},"duration":0}],"name":"shadow"}],"ik":[],"slot":[],"name":"Attack","ffd":[],"duration":30},{"frame":[],"bone":[{"frame":[{"transform":{},"duration":30},{"transform":{},"duration":0}],"name":"root"},{"frame":[{"curve":[0.25,0,0,1.01],"transform":{},"duration":5},{"curve":[0.25,0,1,0.73],"transform":{"x":20.73},"duration":25},{"transform":{},"duration":0}],"name":"Mid"},{"frame":[{"transform":{},"duration":30},{"transform":{},"duration":0}],"name":"top"},{"frame":[{"curve":[0.25,0,0,1.01],"transform":{},"duration":5},{"curve":[0.25,0,1,0.73],"transform":{"skX":-14.61,"skY":-14.61},"duration":25},{"transform":{},"duration":0}],"name":"bone2"},{"frame":[{"transform":{},"duration":30},{"transform":{},"duration":0}],"name":"head"},{"frame":[{"curve":[0.25,0,0,1.01],"transform":{},"duration":5},{"curve":[0.25,0,1,0.73],"transform":{"skX":-22.84,"skY":-22.84},"duration":25},{"transform":{},"duration":0}],"name":"tree"},{"frame":[{"curve":[0.25,0,0,1.01],"transform":{},"duration":5},{"curve":[0.25,0,1,0.73],"transform":{"skX":-11.24,"skY":-11.24},"duration":25},{"transform":{},"duration":0}],"name":"right arm"},{"frame":[{"transform":{},"duration":30},{"transform":{},"duration":0}],"name":"bone4"},{"frame":[{"curve":[0.25,0,0,1.01],"transform":{},"duration":5},{"curve":[0.25,0,1,0.73],"transform":{"skX":26.17,"skY":26.17},"duration":25},{"transform":{},"duration":0}],"name":"left arm"},{"frame":[{"transform":{},"duration":30},{"transform":{},"duration":0}],"name":"bone5"},{"frame":[{"transform":{},"duration":30},{"transform":{},"duration":0}],"name":"left leg"},{"frame":[{"transform":{},"duration":30},{"transform":{},"duration":0}],"name":"bone3"},{"frame":[{"transform":{},"duration":30},{"transform":{},"duration":0}],"name":"right Leg"},{"frame":[{"transform":{},"duration":30},{"transform":{},"duration":0}],"name":"bone6"},{"frame":[{"transform":{},"duration":30},{"transform":{},"duration":0}],"name":"shadow"}],"ik":[],"slot":[],"name":"Damage","ffd":[],"duration":30},{"frame":[],"bone":[{"frame":[{"transform":{},"duration":60},{"transform":{},"duration":0}],"name":"root"},{"frame":[{"transform":{},"duration":60},{"transform":{},"duration":0}],"name":"Mid"},{"frame":[{"curve":[0.25,0,0.75,1],"transform":{},"duration":30},{"curve":[0.25,0,0.912,0.8],"transform":{"y":-4.33},"duration":30},{"transform":{},"duration":0}],"name":"top"},{"frame":[{"transform":{},"duration":60},{"transform":{},"duration":0}],"name":"bone2"},{"frame":[{"transform":{},"duration":60},{"transform":{},"duration":0}],"name":"head"},{"frame":[{"curve":[0.25,0,0.75,1],"transform":{},"duration":30},{"curve":[0.25,0,0.912,0.8],"transform":{"skX":-6.77,"skY":-6.77},"duration":30},{"transform":{},"duration":0}],"name":"tree"},{"frame":[{"curve":[0.25,0,0.75,1],"transform":{},"duration":30},{"curve":[0.25,0,0.912,0.8],"transform":{"skX":-7.75,"skY":-7.75},"duration":30},{"transform":{},"duration":0}],"name":"right arm"},{"frame":[{"transform":{},"duration":60},{"transform":{},"duration":0}],"name":"bone4"},{"frame":[{"curve":[0.25,0,0.75,1],"transform":{},"duration":30},{"curve":[0.25,0,0.912,0.8],"transform":{"skX":21.8,"skY":21.8},"duration":30},{"transform":{},"duration":0}],"name":"left arm"},{"frame":[{"curve":[0.25,0,0.75,1],"transform":{},"duration":30},{"curve":[0.25,0,0.912,0.8],"transform":{"skX":8.44,"skY":8.44},"duration":30},{"transform":{},"duration":0}],"name":"bone5"},{"frame":[{"transform":{},"duration":60},{"transform":{},"duration":0}],"name":"left leg"},{"frame":[{"transform":{},"duration":60},{"transform":{},"duration":0}],"name":"bone3"},{"frame":[{"transform":{},"duration":60},{"transform":{},"duration":0}],"name":"right Leg"},{"frame":[{"transform":{},"duration":60},{"transform":{},"duration":0}],"name":"bone6"},{"frame":[{"transform":{},"duration":60},{"transform":{},"duration":0}],"name":"shadow"}],"ik":[],"slot":[],"name":"Idle","ffd":[],"duration":60},{"frame":[],"bone":[{"frame":[{"transform":{},"duration":30},{"transform":{},"duration":0}],"name":"root"},{"frame":[{"curve":[0.25,0,0.945,0.29],"transform":{},"duration":10},{"curve":[0.25,0,0,1],"transform":{"y":15.15,"x":12.01},"duration":5},{"curve":[0.25,0,0.75,1],"transform":{"x":-59.41},"duration":15},{"transform":{},"duration":0}],"name":"Mid"},{"frame":[{"transform":{},"duration":30},{"transform":{},"duration":0}],"name":"top"},{"frame":[{"curve":[0.25,0,0.945,0.29],"transform":{},"duration":10},{"curve":[0.25,0,0,1],"transform":{"skX":-11.13,"skY":-11.13},"duration":20},{"transform":{},"duration":0}],"name":"bone2"},{"frame":[{"transform":{},"duration":30},{"transform":{},"duration":0}],"name":"head"},{"frame":[{"transform":{},"duration":30},{"transform":{},"duration":0}],"name":"tree"},{"frame":[{"curve":[0.25,0,0.945,0.29],"transform":{},"duration":10},{"curve":[0.25,0,0,1],"transform":{"skX":-31.31,"skY":-31.31},"duration":5},{"curve":[0.25,0,0.75,1],"transform":{"skX":-47.12,"skY":-47.12,"y":-21.7,"x":6.83},"duration":15},{"transform":{},"duration":0}],"name":"right arm"},{"frame":[{"curve":[0.25,0,0.945,0.29],"transform":{},"duration":10},{"curve":[0.25,0,0,1],"transform":{"skX":13.73,"skY":13.73},"duration":20},{"transform":{},"duration":0}],"name":"bone4"},{"frame":[{"curve":[0.25,0,0.945,0.29],"transform":{},"duration":10},{"curve":[0.25,0,0,1],"transform":{"skX":123.04,"skY":123.04},"duration":5},{"curve":[0.25,0,0.75,1],"transform":{"skX":48.06,"skY":48.06},"duration":15},{"transform":{},"duration":0}],"name":"left arm"},{"frame":[{"curve":[0.25,0,0.945,0.29],"transform":{},"duration":10},{"curve":[0.25,0,0,1],"transform":{"skX":5.87,"skY":5.87},"duration":5},{"curve":[0.25,0,0.75,1],"transform":{"skX":-74.21,"skY":-74.21},"duration":15},{"transform":{},"duration":0}],"name":"bone5"},{"frame":[{"curve":[0.25,0,0.945,0.29],"transform":{},"duration":10},{"curve":[0.325,0.31,0,1],"transform":{"skX":10.54,"skY":10.54,"y":-4.85},"duration":5},{"curve":[0.25,0,0.75,1],"transform":{"skX":-2.54,"skY":-2.54,"y":-0.36},"duration":15},{"transform":{},"duration":0}],"name":"left leg"},{"frame":[{"transform":{},"duration":30},{"transform":{},"duration":0}],"name":"bone3"},{"frame":[{"curve":[0.25,0,0.945,0.29],"transform":{},"duration":10},{"curve":[0.325,0.31,0,1],"transform":{"skX":-9.62,"skY":-9.62},"duration":5},{"curve":[0.25,0,0.75,1],"transform":{"skX":-1.03,"skY":-1.03},"duration":15},{"transform":{},"duration":0}],"name":"right Leg"},{"frame":[{"transform":{},"duration":30},{"transform":{},"duration":0}],"name":"bone6"},{"frame":[{"transform":{},"duration":30},{"transform":{},"duration":0}],"name":"shadow"}],"ik":[],"slot":[],"name":"Skill","ffd":[],"duration":30}],"skin":[{"slot":[{"display":[{"slotPose":[1,0,0,1,0,0],"uvs":[1,0.23001,0.91873,0.17251,0.83746,0.11501,0.7562,0.0575,0.67493,0,0.55488,0,0.43483,0,0.49863,0.06039,0.56243,0.12077,0.62623,0.18116,0.69003,0.24155,0.65832,0.29347,0.67493,0.43626,0.63869,0.45213,0.59791,0.3728,0.55714,0.29347,0.45446,0.31367,0.41973,0.18818,0.32459,0.19972,0.27627,0.26751,0.24758,0.12905,0.12678,0.14996,0.00597,0.17088,0.00299,0.28049,0,0.39011,0.11469,0.49107,0.08902,0.64179,0.06335,0.79251,0.19624,0.84732,0.27929,0.91583,0.36234,0.98434,0.46654,1,0.52392,0.94107,0.5662,0.83073,0.60849,0.72039,0.71872,0.78963,0.76704,0.73914,0.93013,0.73914,0.92107,0.57905,0.95429,0.53578,0.94674,0.50261,1,0.51847,1,0.37424,0.387,0.52954,0.80155,0.30338,0.3849,0.78358,0.22958,0.68723,0.26862,0.43353,0.53424,0.562,0.72793,0.57056,0.15184,0.31347,0.84537,0.46101,0.49094,0.73332,0.40497,0.65921,0.71328,0.15614,0.24871,0.57356,0.33936,0.84874,0.87047,0.23572,0.51435,0.43018,0.83826,0.6178,0.38012,0.39493,0.62788,0.62957,0.91053,0.35136,0.76981,0.40266,0.1767,0.41155,0.07207,0.22886,0.1447,0.74248,0.26234,0.80419,0.40384,0.92222,0.45154,0.84329,0.16537,0.62698],"triangles":[62,51,40,62,40,42,1,57,0,57,62,0,62,42,0,42,40,41,38,59,37,40,38,39,51,38,40,57,44,62,51,59,38,59,36,37,63,51,62,2,57,1,44,63,62,54,10,44,49,59,51,2,54,57,54,44,57,49,36,59,63,49,51,12,49,63,3,54,2,49,61,36,11,63,44,10,11,44,11,12,63,34,35,36,61,34,36,12,13,49,4,54,3,4,8,54,8,9,54,9,10,54,13,61,49,48,61,13,5,8,4,14,58,13,58,48,13,52,34,61,48,52,61,5,7,8,52,33,34,15,58,14,53,52,48,16,58,15,69,32,33,52,69,33,58,43,48,6,7,5,69,68,32,43,53,48,16,60,58,68,31,32,45,69,52,60,43,58,53,45,52,17,18,16,68,30,31,19,60,16,18,19,16,56,68,69,45,56,69,60,47,43,46,45,53,43,55,53,55,46,53,29,30,68,56,29,68,19,47,60,46,67,45,47,55,43,67,56,45,67,29,56,64,47,19,50,64,19,70,46,55,25,55,47,64,25,47,46,66,67,20,21,19,21,50,19,67,28,29,66,28,67,21,65,50,25,70,55,70,66,46,26,66,70,66,27,28,25,26,70,50,24,64,24,25,64,65,23,50,23,24,50,26,27,66,22,65,21,22,23,65],"path":"Layer 22 Copy 6","weights":[1,12,1,1,12,1,1,12,1,1,12,1,1,12,1,1,12,1,1,12,1,1,12,1,1,12,1,1,12,1,1,12,1,1,12,1,2,12,0.88333,13,0.11667,2,12,0.55701,13,0.44299,2,12,0.14903,13,0.85097,2,12,0.06576,13,0.93424,2,12,0.01733,13,0.98267,1,13,1,1,13,1,1,13,1,1,13,1,1,13,1,1,13,1,1,13,1,1,13,1,1,13,1,1,13,1,1,13,1,1,13,1,1,13,1,1,13,1,1,13,1,1,13,1,2,12,0.00701,13,0.99299,2,12,0.40128,13,0.59872,2,12,0.99927,13,0.00073,1,12,1,1,12,1,1,12,1,1,12,1,1,12,1,1,12,1,1,12,1,1,13,1,1,12,1,1,13,1,1,13,1,1,13,1,2,12,0.0331,13,0.9669,1,12,1,1,13,1,1,12,1,2,12,0.00504,13,0.99496,1,13,1,1,12,1,1,13,1,1,13,1,1,12,1,2,12,0.08586,13,0.91414,1,12,1,2,12,0.00222,13,0.99778,2,12,0.54867,13,0.45133,1,12,1,2,12,0.99894,13,0.00106,1,13,1,1,13,1,1,13,1,1,13,1,1,13,1,1,13,1,1,13,1],"userEdges":[],"vertices":[-27.53,-197.54,-39.64,-206.5,-51.75,-215.47,-63.85,-224.45,-75.96,-233.41,-93.85,-233.41,-111.74,-233.41,-102.23,-223.99,-92.72,-214.57,-83.22,-205.16,-73.71,-195.74,-78.44,-187.64,-75.96,-165.35,-81.36,-162.89,-87.44,-175.26,-93.51,-187.63,-108.81,-184.48,-113.99,-204.06,-128.17,-202.26,-135.37,-191.69,-139.64,-213.29,-157.64,-210.02,-175.64,-206.75,-176.09,-189.66,-176.53,-172.56,-159.44,-156.81,-163.26,-133.29,-167.09,-109.79,-147.29,-101.24,-134.91,-90.55,-122.53,-79.86,-107.01,-77.42,-98.46,-86.61,-92.16,-103.83,-85.86,-121.04,-69.44,-110.24,-62.24,-118.11,-37.94,-118.11,-39.29,-143.08,-34.34,-149.84,-35.46,-155.01,-27.53,-152.53,-27.52,-175.04,-118.86,-150.81,-57.09,-186.09,-119.18,-111.18,-142.32,-126.21,-136.5,-165.79,-96.93,-145.75,-68.06,-144.4,-153.91,-184.51,-50.57,-161.49,-103.37,-119.02,-116.18,-130.58,-70.25,-209.06,-139.47,-143.94,-125.97,-101.01,-46.82,-196.64,-99.9,-166.31,-51.63,-137.04,-119.89,-171.81,-82.97,-135.2,-40.85,-178.61,-61.83,-170.6,-150.2,-169.21,-165.8,-197.71,-154.96,-117.59,-137.44,-107.96,-116.35,-89.55,-109.25,-101.86,-151.89,-135.6],"type":"mesh","transform":{},"width":149,"edges":[24,25,25,26,26,27,27,28,28,29,29,30,30,31,31,32,32,33,33,34,34,35,35,36,36,37,37,38,38,39,39,40,40,41,41,42,42,0,0,1,1,2,2,3,3,4,4,5,5,6,6,7,7,8,8,9,9,10,10,11,11,12,12,13,13,14,14,15,15,16,16,17,17,18,18,19,19,20,20,21,21,22,22,23,23,24],"height":156,"name":"Layer 22 Copy 6","bonePose":[12,-0.46900918817433096,0.8831932865506027,-0.8831932865506027,-0.46900918817433096,-46.46957686190485,-192.08355811181912,13,-0.7761564689396477,-0.6305403521767164,0.6305403521767164,-0.7761564689396477,-89.21452304878979,-134.9587721123923]}],"name":"Layer 22 Copy 6"},{"display":[{"slotPose":[1,0,0,1,0,0],"uvs":[0.26246,0.18184,0.28241,0.17338,0.38453,0.13003,0.48666,0.08669,0.58879,0.04334,0.69092,0,0.73979,0,0.70721,0.08593,0.63512,0.13388,0.56303,0.18184,0.49094,0.2298,0.41885,0.27776,0.47262,0.30259,0.45307,0.32515,0.49868,0.34321,0.51171,0.37706,0.64123,0.3686,0.77075,0.36014,0.78134,0.28961,0.79193,0.21908,0.89456,0.26309,0.91737,0.3827,1,0.45154,1,0.53279,0.9581,0.58244,0.94099,0.71221,0.92389,0.84198,0.87338,0.96498,0.77482,0.98249,0.67626,1,0.55896,0.99883,0.52149,0.93564,0.48402,0.87245,0.50357,0.80023,0.57199,0.74493,0.46447,0.69415,0.36265,0.63942,0.26083,0.5847,0.26734,0.50006,0.17774,0.47411,0.15656,0.41543,0.05556,0.4064,0,0.31189,0,0.22613,0.12555,0.17986,0.70972,0.53347,0.67022,0.86726,0.46497,0.57241,0.76754,0.71414,0.87468,0.5081,0.29298,0.31252,0.59017,0.57247,0.37549,0.44553,0.83513,0.82009,0.12783,0.29067,0.6619,0.68644,0.40877,0.20639,0.81385,0.59925,0.78743,0.45862,0.58354,0.48444,0.76618,0.89148,0.57745,0.88088,0.47754,0.44111,0.22987,0.38724,0.20823,0.2707,0.34617,0.54826,0.37463,0.36486,0.86294,0.68554,0.55063,0.65421],"triangles":[53,26,25,67,25,24,49,24,23,49,23,22,21,49,22,60,27,26,58,49,21,20,18,21,67,53,25,49,57,24,57,67,24,48,53,67,53,60,26,18,17,21,17,58,21,19,18,20,60,28,27,45,57,49,58,45,49,57,48,67,55,48,57,46,60,53,48,46,53,45,55,57,51,55,45,34,46,48,55,34,48,60,29,28,59,45,58,16,59,58,17,16,58,5,7,6,46,29,60,61,29,46,51,68,55,61,31,29,31,30,29,5,4,7,59,51,45,33,61,34,34,61,46,4,8,7,15,59,16,68,34,55,15,62,59,4,3,8,3,9,8,33,32,61,68,35,34,47,68,51,47,51,59,62,47,59,32,31,61,3,2,9,2,56,9,56,10,9,47,35,68,52,65,47,36,35,47,52,47,62,66,62,15,14,13,15,13,66,15,66,52,62,56,11,10,11,13,12,65,36,47,11,66,13,38,65,52,0,50,56,2,1,56,56,50,11,50,66,11,1,0,56,0,64,50,65,37,36,63,52,66,63,38,52,50,63,66,38,37,65,63,39,38,64,63,50,64,54,63,40,39,63,44,64,0,54,40,63,54,41,40,44,54,64,42,41,54,44,43,54,43,42,54],"path":"Layer 22 Copy 5","weights":[1,10,1,1,10,1,1,10,1,1,10,1,1,10,1,1,10,1,1,10,1,1,10,1,1,10,1,1,10,1,1,10,1,1,10,1,1,10,1,2,10,0.99871,14,0.00129,2,10,0.974,14,0.026,2,10,0.84824,14,0.15176,2,10,0.19818,14,0.80182,2,10,0.0007,14,0.9993,1,14,1,1,14,1,1,14,1,1,14,1,1,14,1,1,14,1,1,14,1,1,14,1,1,14,1,1,14,1,1,14,1,1,14,1,1,14,1,1,14,1,1,14,1,2,10,0.00233,14,0.99767,2,10,0.04233,14,0.95767,2,10,0.27231,14,0.72769,2,10,0.57234,14,0.42766,2,10,0.78322,14,0.21678,2,10,0.93671,14,0.06329,2,10,0.99652,14,0.00348,1,10,1,1,10,1,1,10,1,1,10,1,1,10,1,2,10,0.00136,14,0.99864,1,14,1,2,10,0.51502,14,0.48498,1,14,1,1,14,1,1,10,1,2,10,0.19502,14,0.80498,2,10,0.97014,14,0.02986,1,14,1,1,10,1,2,10,0.0206,14,0.9794,1,10,1,1,14,1,1,14,1,2,10,0.34017,14,0.65983,1,14,1,1,14,1,2,10,0.84443,14,0.15557,1,10,1,1,10,1,2,10,0.78325,14,0.21675,1,10,1,1,14,1,2,10,0.18232,14,0.81768],"userEdges":[],"vertices":[85.31,-244.35,88.32,-246.2,103.74,-255.65,119.16,-265.1,134.59,-274.54,150,-283.99,157.39,-283.99,152.47,-265.26,141.59,-254.81,130.69,-244.35,119.81,-233.9,108.92,-223.44,117.04,-218.04,114.08,-213.11,120.97,-209.18,122.94,-201.79,142.5,-203.64,162.05,-205.48,163.65,-220.86,165.25,-236.23,180.75,-226.64,184.19,-200.56,196.67,-185.56,196.67,-167.84,190.34,-157.02,187.76,-128.73,185.18,-100.44,177.55,-73.63,162.67,-69.81,147.78,-65.99,130.07,-66.25,124.41,-80.02,118.76,-93.8,121.71,-109.54,132.04,-121.6,115.8,-132.67,100.43,-144.6,85.06,-156.53,86.04,-174.98,72.51,-180.64,69.31,-193.43,54.07,-195.4,45.67,-216.01,45.67,-234.7,64.63,-244.79,152.84,-167.7,146.87,-94.93,115.88,-159.21,161.57,-128.31,177.75,-173.22,89.91,-215.87,134.79,-159.19,102.37,-186.87,171.77,-105.21,64.98,-220.62,145.62,-134.35,107.4,-239,168.56,-153.36,164.57,-184.01,133.78,-178.38,161.36,-89.65,132.87,-91.96,117.78,-187.83,80.38,-199.57,77.12,-224.99,97.95,-164.47,102.25,-204.46,175.97,-134.54,128.82,-141.37],"type":"mesh","transform":{},"width":151,"edges":[42,41,41,40,40,39,39,38,38,37,37,36,36,35,35,34,34,33,33,32,32,31,31,30,30,29,29,28,28,27,27,26,26,25,25,24,24,23,23,22,22,21,21,20,20,19,19,18,18,17,17,16,16,15,15,14,14,13,13,12,12,11,11,10,10,9,9,8,8,7,7,6,6,5,5,4,4,3,3,2,2,1,1,0,0,44,44,43,43,42],"height":218,"name":"Layer 22 Copy 5","bonePose":[10,0.6680923285219317,0.7440783833509365,-0.7440783833509365,0.6680923285219317,76.82957503622106,-235.23315997791832,14,1.1102230246251563e-16,1,-1,1.1102230246251563e-16,153.26824666928337,-190.0203025259404]}],"name":"Layer 22 Copy 5"},{"display":[{"slotPose":[1,0,0,1,0,0],"uvs":[0.21094,0.10202,0,0.33763,0.01204,0.48018,0.16177,0.50591,0.21094,0.57917,0.29139,0.56135,0.25564,0.61481,0.20647,0.63856,0.14406,0.59433,0.12825,0.58313,0.11708,0.63856,0.07908,0.60887,0.03662,0.71776,0.0992,0.86229,0.17071,0.94148,0.22882,1,0.26905,1,0.65791,0.87417,0.8434,0.7435,0.88363,0.58709,0.58416,0.68014,0.61768,0.58709,0.76965,0.54155,0.77189,0.48611,0.8948,0.47028,1,0.38712,1,0.26833,1,0.13172,0.91492,0.04659,0.85457,0.04857,0.7987,0,0.60204,0,0.42325,0.02679,0.2534,0.93356,0.24223,0.79695,0.34727,0.6445,0.38526,0.59699,0.39643,0.52373,0.36291,0.4584,0.28692,0.3891,0.22658,0.33367,0.21988,0.24853,0.22658,0.15944,0.51711,0.51185,0.65567,0.48215,0.23999,0.70192,0.47018,0.7138,0.64226,0.15944,0.1506,0.36732],"triangles":[29,47,26,23,24,26,47,23,26,26,24,25,29,26,27,28,29,27,47,44,23,30,47,29,20,17,18,31,47,30,23,44,22,44,21,22,41,39,47,39,38,47,38,43,47,31,32,47,46,33,17,33,16,17,20,46,17,47,43,44,43,21,44,42,41,32,32,41,47,43,20,21,43,36,20,36,46,20,34,33,46,38,37,43,37,36,43,41,40,39,35,34,46,36,35,46,45,34,35,0,42,32,5,36,37,38,5,37,5,35,36,5,6,35,39,5,38,3,5,39,6,45,35,34,14,33,7,45,6,3,4,5,40,48,39,48,3,39,13,14,34,33,15,16,14,15,33,12,34,45,12,13,34,7,10,45,10,12,45,1,41,42,0,1,42,41,48,40,1,48,41,8,10,7,48,2,3,1,2,48,9,10,8,11,12,10,20,18,19],"path":"Layer 22 Copy 2","weights":[2,3,0.22599,7,0.77401,2,3,0.73546,7,0.26454,2,3,0.82039,7,0.17961,2,3,0.89015,7,0.10985,2,3,0.95986,7,0.04014,2,3,0.98714,7,0.01286,2,3,0.99996,7,0.00004,1,3,1,1,3,1,1,3,1,1,3,1,1,3,1,1,3,1,1,3,1,1,3,1,1,3,1,1,3,1,1,3,1,1,3,1,1,3,1,2,3,0.98863,7,0.01137,2,3,0.7011,7,0.2989,2,3,0.14075,7,0.85925,2,3,0.06298,7,0.93702,2,3,0.00042,7,0.99958,1,7,1,1,7,1,1,7,1,1,7,1,1,7,1,1,7,1,1,7,1,2,3,0.01021,7,0.98979,1,3,1,1,3,1,1,3,1,1,3,1,2,3,0.99928,7,0.00072,2,3,0.91979,7,0.08021,2,3,0.72,7,0.28,2,3,0.61177,7,0.38823,2,3,0.43058,7,0.56942,2,3,0.27158,7,0.72842,2,3,0.96193,7,0.03807,2,3,0.18798,7,0.81202,1,3,1,1,3,1,1,7,1,2,3,0.72209,7,0.27791],"userEdges":[],"vertices":[-36.48,-231.8,-64.32,-196.69,-62.74,-175.45,-42.97,-171.61,-36.48,-160.7,-25.86,-163.36,-30.58,-155.39,-37.07,-151.85,-45.31,-158.44,-47.39,-160.11,-48.87,-151.85,-53.89,-156.27,-59.49,-140.05,-51.23,-118.52,-41.79,-106.71,-34.12,-98,-28.81,-98,22.52,-116.74,47.01,-136.22,52.32,-159.52,12.79,-145.66,17.21,-159.52,37.27,-166.3,37.56,-174.57,53.79,-176.92,67.67,-189.32,67.67,-207.02,67.67,-227.37,56.44,-240.06,48.48,-239.76,41.1,-247,15.14,-246.99,-8.46,-243,-30.88,-107.9,-32.35,-128.25,-18.49,-150.96,-13.47,-158.05,-12,-168.96,-16.42,-178.7,-26.45,-189.02,-34.42,-197.28,-35.3,-209.96,-34.42,-223.24,3.93,-170.73,22.22,-175.16,-32.65,-142.41,-2.26,-140.64,20.45,-223.24,-44.45,-192.26],"type":"mesh","transform":{},"width":132,"edges":[1,2,2,3,3,4,4,5,5,6,6,7,7,8,8,9,9,10,10,11,11,12,12,13,13,14,14,15,15,16,16,17,17,18,18,19,19,20,20,21,21,22,22,23,23,24,24,25,25,26,26,27,27,28,28,29,29,30,30,31,31,32,32,0,0,1],"height":149,"name":"Layer 22 Copy 2","bonePose":[3,0.2719443530169538,-0.9623129786416632,0.9623129786416632,0.2719443530169538,-5.779999999999999,-142.76,7,-0.110428199945451,-0.9938841042379174,0.9938841042379174,-0.110428199945451,5.312832884094427,-180.98391213109343]}],"name":"Layer 22 Copy 2"},{"display":[{"path":"Layer 22 Copy 3","type":"image","name":"Layer 22 Copy 3","transform":{"skX":114.3,"skY":114.3,"y":-2.44,"x":1.88}}],"name":"Layer 22 Copy 3"},{"display":[{"path":"Layer 22 Copy 9","type":"image","name":"Layer 22 Copy 9","transform":{"y":0.87,"x":16.6}}],"name":"Layer 22 Copy 9"},{"display":[{"path":"Layer 22 Copy","type":"image","name":"Layer 22 Copy","transform":{"skX":-54.01,"skY":-54.01,"y":-5.37,"x":19.87}}],"name":"Layer 22 Copy"},{"display":[{"path":"Layer 22 Copy 4","type":"image","name":"Layer 22 Copy 4","transform":{"skX":-47.39,"skY":-47.39,"y":-10.07,"x":37.49}}],"name":"Layer 22 Copy 4"},{"display":[{"path":"Layer 22 Copy 8","type":"image","name":"Layer 22 Copy 8","transform":{"skX":-132.9,"skY":-132.9,"y":0.63,"x":17.03}}],"name":"Layer 22 Copy 8"},{"display":[{"path":"Layer 22 Copy 7","type":"image","name":"Layer 22 Copy 7","transform":{"skX":-113.81,"skY":-113.81,"y":-6.18,"x":23.24}}],"name":"Layer 22 Copy 7"},{"display":[{"path":"Layer 22 Copy 10","type":"image","name":"Layer 22 Copy 10","transform":{"skX":-71.32,"skY":-71.32,"y":-0.03,"x":31.12}}],"name":"Layer 22 Copy 10"}],"name":""}],"slot":[{"name":"Layer 22 Copy 9","parent":"shadow","color":{}},{"z":1,"name":"Layer 22 Copy","parent":"bone6","color":{}},{"z":2,"name":"Layer 22 Copy 10","parent":"right Leg","color":{}},{"z":3,"name":"Layer 22 Copy 7","parent":"bone3","color":{}},{"z":4,"name":"Layer 22 Copy 8","parent":"left leg","color":{}},{"z":5,"name":"Layer 22 Copy 4","parent":"tree","color":{}},{"z":6,"name":"Layer 22 Copy 6","parent":"left arm","color":{}},{"z":7,"name":"Layer 22 Copy 3","parent":"head","color":{}},{"z":8,"name":"Layer 22 Copy 2","parent":"top","color":{}},{"z":9,"name":"Layer 22 Copy 5","parent":"right arm","color":{}}],"ik":[],"frameRate":30}],"name":"DAidarabotchi","version":"5.0"}