{"width":512,"SubTexture":[{"frameY":-1,"y":1,"frameWidth":304,"frameX":-1,"frameHeight":9,"width":302,"height":7,"name":"Layer 22 Copy 9","x":154},{"frameY":-1,"y":367,"frameWidth":99,"frameX":-1,"frameHeight":146,"width":97,"height":144,"name":"Layer 22 Copy","x":152},{"frameY":-1,"y":372,"frameWidth":57,"frameX":-1,"frameHeight":87,"width":55,"height":85,"name":"Layer 22 Copy 10","x":251},{"frameY":-1,"y":379,"frameWidth":69,"frameX":-1,"frameHeight":110,"width":67,"height":108,"name":"Layer 22 Copy 7","x":1},{"frameY":-1,"y":379,"frameWidth":73,"frameX":-1,"frameHeight":78,"width":71,"height":76,"name":"Layer 22 Copy 8","x":70},{"frameY":-1,"y":221,"frameWidth":147,"frameX":-1,"frameHeight":146,"width":145,"height":144,"name":"Layer 22 Copy 4","x":152},{"width":149,"y":221,"height":156,"name":"Layer 22 Copy 6","x":1},{"frameY":-1,"y":457,"frameWidth":38,"frameX":-1,"frameHeight":34,"width":36,"height":32,"name":"Layer 22 Copy 3","x":70},{"width":132,"y":221,"height":149,"name":"Layer 22 Copy 2","x":299},{"width":151,"y":1,"height":218,"name":"Layer 22 Copy 5","x":1}],"height":512,"name":"DAidarabotchi","imagePath":"DAidarabotchi_tex.png"}