{"frameRate":30,"isGlobal":0,"armature":[{"bone":[{"name":"root","transform":{"skX":-0.05,"skY":-0.05}},{"transform":{"y":-150.18,"x":-93.59},"name":"IKCapeLeft","parent":"root"},{"transform":{"y":-20.56,"x":8.14},"name":"shadow","parent":"root"},{"transform":{"y":-295.31,"x":10.27},"name":"bone","parent":"root"},{"transform":{"y":-112.64,"x":164.72},"name":"IKCapeRight","parent":"root"},{"length":57,"transform":{"skX":-79.7,"skY":-79.7,"x":0.36},"parent":"bone","name":"bone2"},{"length":230,"transform":{"y":8.43,"skX":90.79,"skY":90.79,"x":-1.48},"parent":"bone","name":"bone10"},{"length":42,"transform":{"skX":1.58,"skY":1.58,"x":57.13},"parent":"bone2","name":"bone3"},{"length":15,"transform":{"skX":-30.32,"skY":-30.32,"x":42.52},"parent":"bone3","name":"bone4"},{"length":50,"transform":{"y":-20.4,"skX":-87.54,"skY":-87.54,"x":37.27},"parent":"bone3","name":"bone9"},{"length":79,"transform":{"y":0.55,"skX":53.5,"skY":53.5,"x":35.63},"parent":"bone3","name":"bone8"},{"length":41,"transform":{"y":-14.9,"skX":-161.27,"skY":-161.27,"x":36.85},"parent":"bone3","name":"bone11"},{"length":242,"transform":{"y":5.41,"skX":170.29,"skY":170.29,"x":28.37},"parent":"bone3","name":"bone16"},{"length":43,"transform":{"y":15.21,"skX":139.31,"skY":139.31,"x":49.84},"parent":"bone3","name":"bone13"},{"length":57,"transform":{"skX":-17.27,"skY":-17.27,"x":15.01},"parent":"bone4","name":"bone5"},{"length":71,"transform":{"y":-0.18,"skX":14.03,"skY":14.03,"x":43.86},"parent":"bone13","name":"bone14"},{"length":278,"transform":{"y":-27.66,"skX":-24.52,"skY":-24.52,"x":7.75},"parent":"bone16","name":"bone17"},{"length":238,"transform":{"y":26.97,"skX":22.34,"skY":22.34,"x":11.74},"parent":"bone16","name":"bone18"},{"length":78,"transform":{"y":0.48,"skX":1.1,"skY":1.1,"x":43.17},"parent":"bone11","name":"bone12"},{"length":22,"transform":{"y":9.52,"skX":-156.28,"skY":-156.28,"x":2.49},"parent":"bone5","name":"bone6"},{"length":296,"transform":{"y":12.79,"skX":72.89,"skY":72.89,"x":74.76},"parent":"bone14","name":"bone15"},{"length":14,"transform":{"y":-14.73,"skX":-114.64,"skY":-114.64,"x":5.51},"parent":"bone5","name":"bone7"}],"defaultActions":[{"gotoAndPlay":"Attack A"}],"type":"Armature","frameRate":30,"aabb":{"width":443.24522430379864,"y":-537.9845928805373,"height":537.3403049904032,"x":-191.67625961395922},"animation":[{"bone":[{"frame":[{"transform":{},"duration":10},{"transform":{},"duration":5},{"transform":{},"duration":14},{"transform":{},"duration":15},{"transform":{},"duration":0}],"name":"root"},{"frame":[{"curve":[0.25,0,1,0],"transform":{},"duration":10},{"curve":[0.25,0,0,1],"transform":{"y":-38.4,"x":200.42},"duration":5},{"curve":[0.25,0,0.75,1],"transform":{"y":-1.69,"x":-91.89},"duration":7},{"curve":[0.25,0,0.75,1],"transform":{"y":12.81,"x":-91.9},"duration":7},{"curve":[0.25,0,0.75,1],"transform":{"y":-1.69,"x":-91.89},"duration":15},{"transform":{},"duration":0}],"name":"bone"},{"frame":[{"transform":{},"duration":10},{"transform":{},"duration":5},{"transform":{},"duration":14},{"transform":{},"duration":15},{"transform":{},"duration":0}],"name":"bone2"},{"frame":[{"curve":[0.25,0,1,0],"transform":{},"duration":10},{"transform":{"skX":-8.31,"skY":-8.31},"duration":5},{"transform":{"skX":-8.31,"skY":-8.31},"duration":14},{"curve":[0.25,0,0.75,1],"transform":{"skX":-8.31,"skY":-8.31},"duration":15},{"transform":{},"duration":0}],"name":"bone3"},{"frame":[{"transform":{},"duration":10},{"transform":{},"duration":5},{"transform":{},"duration":14},{"transform":{},"duration":15},{"transform":{},"duration":0}],"name":"bone4"},{"frame":[{"transform":{},"duration":10},{"transform":{},"duration":5},{"transform":{},"duration":14},{"transform":{},"duration":15},{"transform":{},"duration":0}],"name":"bone5"},{"frame":[{"curve":[0.25,0,1,0],"transform":{},"duration":10},{"curve":[0.25,0,0,1],"transform":{"skX":29.43,"skY":29.43},"duration":5},{"curve":[0.25,0,0.75,1],"transform":{"skX":321.36,"skY":321.36},"duration":14},{"curve":[0.25,0,0.75,1],"transform":{"skX":29.43,"skY":29.43},"duration":15},{"transform":{},"duration":0}],"name":"bone6"},{"frame":[{"curve":[0.25,0,1,0],"transform":{},"duration":10},{"curve":[0.25,0,0,1],"transform":{"skX":13.89,"skY":13.89},"duration":5},{"curve":[0.25,0,0.75,1],"transform":{"skX":41.85,"skY":41.85},"duration":14},{"curve":[0.25,0,0.75,1],"transform":{"skX":13.89,"skY":13.89},"duration":15},{"transform":{},"duration":0}],"name":"bone7"},{"frame":[{"transform":{},"duration":10},{"transform":{},"duration":5},{"transform":{},"duration":14},{"transform":{},"duration":15},{"transform":{},"duration":0}],"name":"bone8"},{"frame":[{"transform":{},"duration":10},{"transform":{},"duration":5},{"transform":{},"duration":14},{"transform":{},"duration":15},{"transform":{},"duration":0}],"name":"bone9"},{"frame":[{"curve":[0.25,0,1,0],"transform":{},"duration":10},{"curve":[0.25,0,0,1],"transform":{"skX":14.84,"skY":14.84},"duration":5},{"curve":[0.25,0,0.75,1],"transform":{"skX":-16.6,"skY":-16.6},"duration":14},{"curve":[0.25,0,0.75,1],"transform":{"skX":-17.17,"skY":-17.17},"duration":15},{"transform":{},"duration":0}],"name":"bone10"},{"frame":[{"curve":[0.25,0,1,0],"transform":{},"duration":10},{"curve":[0.25,0,0,1],"transform":{"y":0.11,"scX":1.06,"x":135.46},"duration":5},{"curve":[0.25,0,0.75,1],"transform":{"y":-0.04,"scX":1.18,"x":-48.44},"duration":7},{"curve":[0.25,0,0.75,1],"transform":{"y":-0.04,"scX":1.34,"x":-48.44},"duration":7},{"curve":[0.25,0,0.75,1],"transform":{"y":-0.04,"scX":1.18,"x":-48.44},"duration":15},{"transform":{},"duration":0}],"name":"shadow"},{"frame":[{"curve":[0.25,0,1,0],"transform":{},"duration":10},{"curve":[0.25,0,0,1],"transform":{"skX":7.19,"skY":7.19},"duration":5},{"transform":{"skX":61.73,"skY":61.73},"duration":14},{"curve":[0.25,0,0.75,1],"transform":{"skX":61.73,"skY":61.73},"duration":15},{"transform":{},"duration":0}],"name":"bone11"},{"frame":[{"curve":[0.25,0,1,0],"transform":{},"duration":10},{"curve":[0.25,0,0,1],"transform":{"skX":33.94,"skY":33.94},"duration":5},{"transform":{"skX":-1.39,"skY":-1.39,"scX":1.12,"scY":1.12},"duration":7},{"transform":{"skX":-1.39,"skY":-1.39,"scX":1.12,"scY":1.12},"duration":7},{"curve":[0.25,0,0.75,1],"transform":{"skX":-1.39,"skY":-1.39,"scX":1.12,"scY":1.12},"duration":15},{"transform":{},"duration":0}],"name":"bone12"},{"frame":[{"curve":[0.25,0,1,0],"transform":{"skX":-3.1,"skY":-3.1},"duration":10},{"curve":[0.25,0,0,1],"transform":{"skX":-42.62,"skY":-42.62},"duration":5},{"transform":{"skX":-47.54,"skY":-47.54},"duration":14},{"curve":[0.25,0,0.75,1],"transform":{"skX":-47.54,"skY":-47.54},"duration":15},{"transform":{"skX":-3.1,"skY":-3.1},"duration":0}],"name":"bone13"},{"frame":[{"curve":[0.25,0,1,0],"transform":{"skX":5.11,"skY":5.11},"duration":10},{"curve":[0.25,0,0,1],"transform":{"skX":23.63,"skY":23.63},"duration":5},{"transform":{"skX":-14.26,"skY":-14.26},"duration":14},{"curve":[0.25,0,0.75,1],"transform":{"skX":-14.26,"skY":-14.26},"duration":15},{"transform":{"skX":5.11,"skY":5.11},"duration":0}],"name":"bone14"},{"frame":[{"transform":{},"duration":10},{"transform":{},"duration":5},{"transform":{},"duration":14},{"transform":{},"duration":15},{"transform":{},"duration":0}],"name":"bone15"},{"frame":[{"transform":{},"duration":10},{"transform":{},"duration":5},{"transform":{},"duration":14},{"transform":{},"duration":15},{"transform":{},"duration":0}],"name":"bone16"},{"frame":[{"curve":[0.25,0,1,0],"transform":{},"duration":10},{"transform":{"y":-84.44,"x":201.07},"duration":5},{"curve":[0.25,0,0.75,1],"transform":{"y":-84.44,"x":201.07},"duration":29},{"transform":{},"duration":0}],"name":"IKCapeRight"},{"frame":[{"curve":[0.25,0,1,0],"transform":{"skX":0.03,"skY":0.03},"duration":10},{"curve":[0.25,0,0,1],"transform":{"skX":3.88,"skY":3.88},"duration":5},{"transform":{"skX":-35.27,"skY":-35.27},"duration":14},{"curve":[0.25,0,0.75,1],"transform":{"skX":-35.27,"skY":-35.27},"duration":15},{"transform":{"skX":0.03,"skY":0.03},"duration":0}],"name":"bone17"},{"frame":[{"curve":[0.25,0,1,0],"transform":{},"duration":10},{"curve":[0.25,0,0,1],"transform":{"y":35.46,"x":75.57},"duration":5},{"curve":[0.25,0,0.75,1],"transform":{"y":-55.03,"x":-240.02},"duration":29},{"transform":{},"duration":0}],"name":"IKCapeLeft"},{"frame":[{"curve":[0.25,0,1,0],"transform":{"skX":-0.19,"skY":-0.19},"duration":10},{"curve":[0.25,0,0,1],"transform":{"skX":21.22,"skY":21.22},"duration":5},{"transform":{"skX":-1.14,"skY":-1.14},"duration":14},{"curve":[0.25,0,0.75,1],"transform":{"skX":-1.14,"skY":-1.14},"duration":15},{"transform":{"skX":-0.19,"skY":-0.19},"duration":0}],"name":"bone18"}],"frame":[],"duration":44,"ffd":[],"name":"Attack A","slot":[],"ik":[]},{"bone":[{"frame":[{"transform":{},"duration":10},{"transform":{},"duration":5},{"transform":{},"duration":25},{"transform":{},"duration":0}],"name":"root"},{"frame":[{"curve":[0.25,0,1,0],"transform":{},"duration":10},{"curve":[0.25,0,0,1],"transform":{"y":-38.4,"x":200.42},"duration":5},{"curve":[0.25,0,0.75,1],"transform":{"y":30.29,"x":-136.65},"duration":25},{"transform":{},"duration":0}],"name":"bone"},{"frame":[{"transform":{},"duration":10},{"curve":[0.25,0,0,1],"transform":{},"duration":5},{"curve":[0.25,0,0.75,1],"transform":{"y":8.09,"skX":-10.71,"skY":-10.71,"x":-16.61},"duration":25},{"transform":{},"duration":0}],"name":"bone2"},{"frame":[{"curve":[0.25,0,1,0],"transform":{},"duration":10},{"curve":[0.25,0,0,1],"transform":{"skX":2.59,"skY":2.59},"duration":5},{"curve":[0.25,0,0.75,1],"transform":{"skX":-46.8,"skY":-46.8},"duration":25},{"transform":{},"duration":0}],"name":"bone3"},{"frame":[{"transform":{},"duration":10},{"curve":[0.25,0,0,1],"transform":{},"duration":5},{"curve":[0.25,0,0.75,1],"transform":{"y":-8.1,"skX":31.46,"skY":31.46,"x":-7.91},"duration":25},{"transform":{},"duration":0}],"name":"bone4"},{"frame":[{"transform":{},"duration":10},{"curve":[0.25,0,0,1],"transform":{},"duration":5},{"curve":[0.25,0,0.75,1],"transform":{"skX":28,"skY":28},"duration":25},{"transform":{},"duration":0}],"name":"bone5"},{"frame":[{"curve":[0.25,0,1,0],"transform":{},"duration":10},{"curve":[0.25,0,0,1],"transform":{"skX":29.43,"skY":29.43},"duration":5},{"curve":[0.25,0,0.75,1],"transform":{"skX":-66.74,"skY":-66.74},"duration":25},{"transform":{},"duration":0}],"name":"bone6"},{"frame":[{"curve":[0.25,0,1,0],"transform":{},"duration":10},{"curve":[0.25,0,0,1],"transform":{"skX":13.89,"skY":13.89},"duration":5},{"curve":[0.25,0,0.75,1],"transform":{"skX":-17.34,"skY":-17.34},"duration":25},{"transform":{},"duration":0}],"name":"bone7"},{"frame":[{"transform":{},"duration":10},{"curve":[0.25,0,0,1],"transform":{},"duration":5},{"curve":[0.25,0,0.75,1],"transform":{"skX":19.43,"skY":19.43},"duration":25},{"transform":{},"duration":0}],"name":"bone8"},{"frame":[{"transform":{},"duration":10},{"curve":[0.25,0,0,1],"transform":{},"duration":5},{"curve":[0.25,0,0.75,1],"transform":{"skX":42.45,"skY":42.45},"duration":25},{"transform":{},"duration":0}],"name":"bone9"},{"frame":[{"curve":[0.25,0,1,0],"transform":{},"duration":10},{"curve":[0.25,0,0,1],"transform":{"skX":18.21,"skY":18.21},"duration":5},{"transform":{},"duration":25},{"transform":{},"duration":0}],"name":"bone10"},{"frame":[{"curve":[0.25,0,1,0],"transform":{},"duration":10},{"curve":[0.25,0,0,1],"transform":{"y":0.11,"scX":0.86,"x":135.46},"duration":5},{"curve":[0.25,0,0.75,1],"transform":{"y":-0.11,"scX":1.36,"x":-137.51},"duration":25},{"transform":{},"duration":0}],"name":"shadow"},{"frame":[{"curve":[0.25,0,1,0],"transform":{},"duration":10},{"curve":[0.25,0,0,1],"transform":{"skX":16.33,"skY":16.33},"duration":5},{"curve":[0.25,0,0.75,1],"transform":{"skX":-17.59,"skY":-17.59},"duration":25},{"transform":{},"duration":0}],"name":"bone11"},{"frame":[{"curve":[0.25,0,1,0],"transform":{},"duration":10},{"curve":[0.25,0,0,1],"transform":{"skX":27.89,"skY":27.89},"duration":5},{"curve":[0.25,0,0.75,1],"transform":{"skX":114.71,"skY":114.71},"duration":25},{"transform":{},"duration":0}],"name":"bone12"},{"frame":[{"curve":[0.25,0,1,0],"transform":{"skX":-3.1,"skY":-3.1},"duration":10},{"curve":[0.25,0,0,1],"transform":{"y":-3.45,"skX":-150.69,"skY":-150.69,"x":-20.05},"duration":5},{"curve":[0.25,0,0.75,1],"transform":{"y":-23.49,"skX":-314.59,"skY":-314.59,"x":-30.12},"duration":25},{"transform":{"skX":-3.1,"skY":-3.1},"duration":0}],"name":"bone13"},{"frame":[{"curve":[0.25,0,1,0],"transform":{"skX":5.11,"skY":5.11},"duration":10},{"curve":[0.25,0,0,1],"transform":{"skX":28.39,"skY":28.39},"duration":5},{"curve":[0.25,0,0.75,1],"transform":{"skX":32.22,"skY":32.22},"duration":25},{"transform":{"skX":5.11,"skY":5.11},"duration":0}],"name":"bone14"},{"frame":[{"transform":{},"duration":10},{"curve":[0.25,0,0,1],"transform":{},"duration":5},{"curve":[0.25,0,0.75,1],"transform":{"y":-8.6,"skX":-27.52,"skY":-27.52,"scX":1.12,"scY":1.12,"x":13.37},"duration":25},{"transform":{},"duration":0}],"name":"bone15"},{"frame":[{"transform":{},"duration":10},{"transform":{},"duration":5},{"transform":{},"duration":25},{"transform":{},"duration":0}],"name":"bone16"},{"frame":[{"curve":[0.25,0,1,0],"transform":{},"duration":10},{"curve":[0.25,0,0,1],"transform":{"y":-14.39,"x":110.75},"duration":5},{"curve":[0.25,0,0.75,1],"transform":{"y":-166.55,"skX":-26.37,"skY":-26.37,"x":-15.94},"duration":25},{"transform":{},"duration":0}],"name":"IKCapeRight"},{"frame":[{"curve":[0.25,0,1,0],"transform":{"skX":0.03,"skY":0.03},"duration":10},{"curve":[0.25,0,0,1],"transform":{"y":21.74,"skX":12.35,"skY":12.35,"x":-0.45},"duration":5},{"curve":[0.25,0,0.75,1],"transform":{"y":12.02,"skX":2.61,"skY":2.61,"x":2.01},"duration":25},{"transform":{"skX":0.03,"skY":0.03},"duration":0}],"name":"bone17"},{"frame":[{"curve":[0.25,0,1,0],"transform":{},"duration":10},{"curve":[0.25,0,0,1],"transform":{"y":124.33,"x":197.1},"duration":5},{"curve":[0.25,0,0.75,1],"transform":{"y":-106.54,"x":-198.66},"duration":25},{"transform":{},"duration":0}],"name":"IKCapeLeft"},{"frame":[{"curve":[0.25,0,1,0],"transform":{"skX":-0.19,"skY":-0.19},"duration":10},{"curve":[0.25,0,0,1],"transform":{"skX":-12.07,"skY":-12.07},"duration":5},{"curve":[0.25,0,0.75,1],"transform":{"y":-18.64,"skX":91.13,"skY":91.13,"x":-16.72},"duration":25},{"transform":{"skX":-0.19,"skY":-0.19},"duration":0}],"name":"bone18"}],"frame":[],"duration":40,"ffd":[],"name":"Attack B","slot":[],"ik":[]},{"bone":[{"frame":[{"transform":{},"duration":10},{"transform":{},"duration":5},{"transform":{},"duration":14},{"transform":{},"duration":18},{"transform":{},"duration":19},{"transform":{},"duration":12},{"transform":{},"duration":0}],"name":"root"},{"frame":[{"curve":[0.25,0,1,0],"transform":{},"duration":10},{"curve":[0.25,0,0,1],"transform":{"y":-38.4,"x":200.42},"duration":5},{"curve":[0.25,0,0.75,1],"transform":{"y":-1.69,"x":-91.89},"duration":7},{"curve":[0.25,0,0.75,1],"transform":{"y":12.81,"x":-91.9},"duration":7},{"curve":[0.25,0,0.75,1],"transform":{"y":-1.69,"x":-91.89},"duration":9},{"curve":[0.25,0,0.75,1],"transform":{"y":12.81,"x":-91.9},"duration":9},{"curve":[0.25,0,0.75,1],"transform":{"y":-1.69,"x":-91.89},"duration":10},{"curve":[0.25,0,0.75,1],"transform":{"y":12.81,"x":-91.9},"duration":9},{"curve":[0.25,0,0.75,1],"transform":{"y":-1.69,"x":-91.89},"duration":12},{"transform":{},"duration":0}],"name":"bone"},{"frame":[{"transform":{},"duration":10},{"transform":{},"duration":5},{"transform":{},"duration":14},{"transform":{},"duration":18},{"transform":{},"duration":19},{"transform":{},"duration":12},{"transform":{},"duration":0}],"name":"bone2"},{"frame":[{"curve":[0.25,0,1,0],"transform":{},"duration":10},{"transform":{"skX":-8.31,"skY":-8.31},"duration":5},{"transform":{"skX":-8.31,"skY":-8.31},"duration":14},{"transform":{"skX":-8.31,"skY":-8.31},"duration":18},{"transform":{"skX":-8.31,"skY":-8.31},"duration":19},{"curve":[0.25,0,0.75,1],"transform":{"skX":-8.31,"skY":-8.31},"duration":12},{"transform":{},"duration":0}],"name":"bone3"},{"frame":[{"transform":{},"duration":10},{"transform":{},"duration":5},{"transform":{},"duration":14},{"transform":{},"duration":18},{"transform":{},"duration":19},{"transform":{},"duration":12},{"transform":{},"duration":0}],"name":"bone4"},{"frame":[{"transform":{},"duration":10},{"transform":{},"duration":5},{"transform":{},"duration":14},{"transform":{},"duration":18},{"transform":{},"duration":19},{"transform":{},"duration":12},{"transform":{},"duration":0}],"name":"bone5"},{"frame":[{"curve":[0.25,0,1,0],"transform":{},"duration":10},{"curve":[0.25,0,0,1],"transform":{"skX":29.43,"skY":29.43},"duration":5},{"curve":[0.262,0,0.618,0.44],"transform":{"skX":321.36,"skY":321.36},"duration":7},{"curve":[0.356,0.42,0.756,1],"transform":{"skX":18.49,"skY":18.49},"duration":7},{"curve":[0.25,0,0.625,0.5],"transform":{"skX":-9.01,"skY":-9.01},"duration":9},{"curve":[0.375,0.5,0.75,1],"transform":{"skX":10.21,"skY":10.21},"duration":9},{"curve":[0.248,0,0.628,0.51],"transform":{"skX":-5.24,"skY":-5.24},"duration":10},{"curve":[0.377,0.51,0.748,1],"transform":{"skX":31.73,"skY":31.73},"duration":9},{"curve":[0.25,0,0.75,1],"transform":{"skX":330.64,"skY":330.64},"duration":12},{"transform":{},"duration":0}],"name":"bone6"},{"frame":[{"curve":[0.25,0,1,0],"transform":{},"duration":10},{"curve":[0.25,0,0,1],"transform":{"skX":13.89,"skY":13.89},"duration":5},{"curve":[0.25,0,0.75,1],"transform":{"skX":41.85,"skY":41.85},"duration":14},{"curve":[0.25,0,0.625,0.5],"transform":{"skX":13.89,"skY":13.89},"duration":9},{"curve":[0.375,0.5,0.75,1],"transform":{"skX":27.46,"skY":27.46},"duration":9},{"curve":[0.248,0,0.628,0.51],"transform":{"skX":-7.91,"skY":-7.91},"duration":10},{"curve":[0.377,0.51,0.748,1],"transform":{"skX":37.38,"skY":37.38},"duration":9},{"curve":[0.25,0,0.75,1],"transform":{"skX":-7.79,"skY":-7.79},"duration":12},{"transform":{},"duration":0}],"name":"bone7"},{"frame":[{"transform":{},"duration":10},{"transform":{},"duration":5},{"transform":{},"duration":14},{"transform":{},"duration":18},{"transform":{},"duration":19},{"transform":{},"duration":12},{"transform":{},"duration":0}],"name":"bone8"},{"frame":[{"transform":{},"duration":10},{"transform":{},"duration":5},{"transform":{},"duration":14},{"transform":{},"duration":18},{"transform":{},"duration":19},{"transform":{},"duration":12},{"transform":{},"duration":0}],"name":"bone9"},{"frame":[{"curve":[0.25,0,1,0],"transform":{},"duration":10},{"curve":[0.25,0,0,1],"transform":{"skX":16.08,"skY":16.08},"duration":5},{"curve":[0.25,0,0.75,1],"transform":{"skX":-14.76,"skY":-14.76},"duration":14},{"curve":[0.25,0,0.75,1],"transform":{"skX":-13.61,"skY":-13.61},"duration":18},{"curve":[0.25,0,0.75,1],"transform":{"skX":-15.7,"skY":-15.7},"duration":19},{"curve":[0.25,0,0.75,1],"transform":{"skX":-19.52,"skY":-19.52},"duration":12},{"transform":{},"duration":0}],"name":"bone10"},{"frame":[{"curve":[0.25,0,1,0],"transform":{},"duration":10},{"curve":[0.25,0,0,1],"transform":{"y":0.11,"scX":1.06,"x":135.46},"duration":5},{"curve":[0.25,0,0.75,1],"transform":{"y":-0.04,"scX":1.18,"x":-48.44},"duration":7},{"curve":[0.25,0,0.75,1],"transform":{"y":-0.04,"scX":1.34,"x":-48.44},"duration":7},{"curve":[0.25,0,0.75,1],"transform":{"y":-0.04,"scX":1.18,"x":-48.44},"duration":9},{"curve":[0.25,0,0.75,1],"transform":{"y":-0.04,"scX":1.34,"x":-48.44},"duration":9},{"curve":[0.25,0,0.75,1],"transform":{"y":-0.04,"scX":1.18,"x":-48.44},"duration":10},{"curve":[0.25,0,0.75,1],"transform":{"y":-0.04,"scX":1.34,"x":-48.44},"duration":9},{"curve":[0.25,0,0.75,1],"transform":{"y":-0.04,"scX":1.18,"x":-48.44},"duration":12},{"transform":{},"duration":0}],"name":"shadow"},{"frame":[{"curve":[0.25,0,1,0],"transform":{},"duration":10},{"curve":[0.25,0,0,1],"transform":{"skX":7.19,"skY":7.19},"duration":5},{"transform":{"skX":61.73,"skY":61.73},"duration":14},{"transform":{"skX":61.73,"skY":61.73},"duration":18},{"transform":{"skX":61.73,"skY":61.73},"duration":19},{"curve":[0.25,0,0.75,1],"transform":{"skX":61.73,"skY":61.73},"duration":12},{"transform":{},"duration":0}],"name":"bone11"},{"frame":[{"curve":[0.25,0,1,0],"transform":{},"duration":10},{"curve":[0.25,0,0,1],"transform":{"skX":33.94,"skY":33.94},"duration":5},{"transform":{"skX":-1.39,"skY":-1.39,"scX":1.12,"scY":1.12},"duration":7},{"transform":{"skX":-1.39,"skY":-1.39,"scX":1.12,"scY":1.12},"duration":7},{"transform":{"skX":-1.39,"skY":-1.39,"scX":1.12,"scY":1.12},"duration":9},{"transform":{"skX":-1.39,"skY":-1.39,"scX":1.12,"scY":1.12},"duration":9},{"transform":{"skX":-1.39,"skY":-1.39,"scX":1.12,"scY":1.12},"duration":10},{"transform":{"skX":-1.39,"skY":-1.39,"scX":1.12,"scY":1.12},"duration":9},{"curve":[0.25,0,0.75,1],"transform":{"skX":-1.39,"skY":-1.39,"scX":1.12,"scY":1.12},"duration":12},{"transform":{},"duration":0}],"name":"bone12"},{"frame":[{"curve":[0.25,0,1,0],"transform":{"skX":-3.1,"skY":-3.1},"duration":10},{"curve":[0.25,0,0,1],"transform":{"skX":-42.62,"skY":-42.62},"duration":5},{"transform":{"skX":-47.54,"skY":-47.54},"duration":14},{"transform":{"skX":-47.54,"skY":-47.54},"duration":18},{"transform":{"skX":-47.54,"skY":-47.54},"duration":19},{"curve":[0.25,0,0.75,1],"transform":{"skX":-47.54,"skY":-47.54},"duration":12},{"transform":{"skX":-3.1,"skY":-3.1},"duration":0}],"name":"bone13"},{"frame":[{"curve":[0.25,0,1,0],"transform":{"skX":5.11,"skY":5.11},"duration":10},{"curve":[0.25,0,0,1],"transform":{"skX":23.63,"skY":23.63},"duration":5},{"transform":{"skX":-14.26,"skY":-14.26},"duration":14},{"transform":{"skX":-14.26,"skY":-14.26},"duration":18},{"transform":{"skX":-14.26,"skY":-14.26},"duration":19},{"curve":[0.25,0,0.75,1],"transform":{"skX":-14.26,"skY":-14.26},"duration":12},{"transform":{"skX":5.11,"skY":5.11},"duration":0}],"name":"bone14"},{"frame":[{"transform":{},"duration":10},{"transform":{},"duration":5},{"transform":{},"duration":14},{"transform":{},"duration":18},{"transform":{},"duration":19},{"transform":{},"duration":12},{"transform":{},"duration":0}],"name":"bone15"},{"frame":[{"transform":{},"duration":10},{"transform":{},"duration":5},{"transform":{},"duration":14},{"transform":{},"duration":18},{"transform":{},"duration":19},{"transform":{},"duration":12},{"transform":{},"duration":0}],"name":"bone16"},{"frame":[{"curve":[0.25,0,1,0],"transform":{},"duration":10},{"transform":{"y":-84.44,"x":201.07},"duration":5},{"curve":[0.25,0,0.75,1],"transform":{"y":-84.44,"x":201.07},"duration":7},{"curve":[0.25,0,0.75,1],"transform":{"y":-82.29,"x":19.35},"duration":7},{"curve":[0.25,0,0.75,1],"transform":{"y":-77.95,"x":146.12},"duration":9},{"curve":[0.25,0,0.75,1],"transform":{"y":-64.32,"x":-89.14},"duration":9},{"curve":[0.25,0,0.75,1],"transform":{"y":-43.27,"x":127.92},"duration":31},{"transform":{},"duration":0}],"name":"IKCapeRight"},{"frame":[{"curve":[0.25,0,1,0],"transform":{"skX":0.03,"skY":0.03},"duration":10},{"curve":[0.25,0,0,1],"transform":{"skX":3.88,"skY":3.88},"duration":5},{"transform":{"skX":-35.27,"skY":-35.27},"duration":14},{"transform":{"skX":-35.27,"skY":-35.27},"duration":18},{"transform":{"skX":-35.27,"skY":-35.27},"duration":19},{"curve":[0.25,0,0.75,1],"transform":{"skX":-35.27,"skY":-35.27},"duration":12},{"transform":{"skX":0.03,"skY":0.03},"duration":0}],"name":"bone17"},{"frame":[{"curve":[0.25,0,1,0],"transform":{},"duration":10},{"curve":[0.25,0,0,1],"transform":{"y":35.46,"x":75.57},"duration":5},{"curve":[0.25,0,0.75,1],"transform":{"y":-55.03,"x":-240.02},"duration":7},{"curve":[0.25,0,0.75,1],"transform":{"y":-53.45,"x":-123.5},"duration":7},{"curve":[0.25,0,0.75,1],"transform":{"y":-50.77,"x":-208.23},"duration":9},{"curve":[0.25,0,0.75,1],"transform":{"y":-41.69,"x":-60.16},"duration":9},{"curve":[0.25,0,0.75,1],"transform":{"y":-28.24,"x":-150.63},"duration":31},{"transform":{},"duration":0}],"name":"IKCapeLeft"},{"frame":[{"curve":[0.25,0,1,0],"transform":{"skX":-0.19,"skY":-0.19},"duration":10},{"curve":[0.25,0,0,1],"transform":{"skX":21.22,"skY":21.22},"duration":5},{"transform":{"skX":-1.14,"skY":-1.14},"duration":14},{"transform":{"skX":-1.14,"skY":-1.14},"duration":18},{"transform":{"skX":-1.14,"skY":-1.14},"duration":19},{"curve":[0.25,0,0.75,1],"transform":{"skX":-1.14,"skY":-1.14},"duration":12},{"transform":{"skX":-0.19,"skY":-0.19},"duration":0}],"name":"bone18"}],"frame":[],"duration":78,"ffd":[],"name":"Attack C","slot":[],"ik":[]},{"bone":[{"frame":[{"transform":{},"duration":10},{"transform":{},"duration":5},{"transform":{},"duration":25},{"transform":{},"duration":0}],"name":"root"},{"frame":[{"curve":[0.25,0,1,0],"transform":{},"duration":10},{"curve":[0.25,0,0,1],"transform":{"y":-38.4,"x":200.42},"duration":5},{"curve":[0.25,0,0.75,1],"transform":{"y":30.29,"x":-136.65},"duration":25},{"transform":{},"duration":0}],"name":"bone"},{"frame":[{"transform":{},"duration":10},{"curve":[0.25,0,0,1],"transform":{},"duration":5},{"curve":[0.25,0,0.75,1],"transform":{"y":8.09,"skX":-10.71,"skY":-10.71,"x":-16.61},"duration":25},{"transform":{},"duration":0}],"name":"bone2"},{"frame":[{"curve":[0.25,0,1,0],"transform":{},"duration":10},{"curve":[0.25,0,0,1],"transform":{"skX":2.59,"skY":2.59},"duration":5},{"curve":[0.25,0,0.75,1],"transform":{"skX":-46.8,"skY":-46.8},"duration":25},{"transform":{},"duration":0}],"name":"bone3"},{"frame":[{"transform":{},"duration":10},{"curve":[0.25,0,0,1],"transform":{},"duration":5},{"curve":[0.25,0,0.75,1],"transform":{"y":-8.1,"skX":31.46,"skY":31.46,"x":-7.91},"duration":25},{"transform":{},"duration":0}],"name":"bone4"},{"frame":[{"curve":[0.25,0,1,0],"transform":{},"duration":10},{"curve":[0.25,0,0,1],"transform":{"skX":-10.8,"skY":-10.8},"duration":5},{"curve":[0.25,0,0.75,1],"transform":{"skX":28,"skY":28},"duration":25},{"transform":{},"duration":0}],"name":"bone5"},{"frame":[{"curve":[0.25,0,1,0],"transform":{},"duration":10},{"curve":[0.25,0,0,1],"transform":{"skX":29.43,"skY":29.43},"duration":5},{"curve":[0.25,0,0.75,1],"transform":{"skX":-66.74,"skY":-66.74},"duration":25},{"transform":{},"duration":0}],"name":"bone6"},{"frame":[{"curve":[0.25,0,1,0],"transform":{},"duration":10},{"curve":[0.25,0,0,1],"transform":{"skX":13.89,"skY":13.89},"duration":5},{"curve":[0.25,0,0.75,1],"transform":{"skX":-17.34,"skY":-17.34},"duration":25},{"transform":{},"duration":0}],"name":"bone7"},{"frame":[{"transform":{},"duration":10},{"curve":[0.25,0,0,1],"transform":{},"duration":5},{"curve":[0.25,0,0.75,1],"transform":{"skX":19.43,"skY":19.43},"duration":25},{"transform":{},"duration":0}],"name":"bone8"},{"frame":[{"transform":{},"duration":10},{"curve":[0.25,0,0,1],"transform":{},"duration":5},{"curve":[0.25,0,0.75,1],"transform":{"skX":42.45,"skY":42.45},"duration":25},{"transform":{},"duration":0}],"name":"bone9"},{"frame":[{"curve":[0.25,0,1,0],"transform":{},"duration":10},{"curve":[0.25,0,0,1],"transform":{"skX":18.19,"skY":18.19},"duration":5},{"curve":[0.25,0,0.75,1],"transform":{"skX":14.04,"skY":14.04},"duration":25},{"transform":{},"duration":0}],"name":"bone10"},{"frame":[{"curve":[0.25,0,1,0],"transform":{},"duration":10},{"curve":[0.25,0,0,1],"transform":{"y":0.11,"scX":0.86,"x":135.46},"duration":5},{"curve":[0.25,0,0.75,1],"transform":{"y":-0.11,"scX":1.36,"x":-137.51},"duration":25},{"transform":{},"duration":0}],"name":"shadow"},{"frame":[{"curve":[0.25,0,1,0],"transform":{},"duration":10},{"curve":[0.25,0,0,1],"transform":{"skX":16.33,"skY":16.33},"duration":5},{"curve":[0.25,0,0.75,1],"transform":{"skX":-17.59,"skY":-17.59},"duration":25},{"transform":{},"duration":0}],"name":"bone11"},{"frame":[{"curve":[0.25,0,1,0],"transform":{},"duration":10},{"curve":[0.25,0,0,1],"transform":{"skX":27.89,"skY":27.89},"duration":5},{"curve":[0.25,0,0.75,1],"transform":{"skX":114.71,"skY":114.71},"duration":25},{"transform":{},"duration":0}],"name":"bone12"},{"frame":[{"curve":[0.25,0,1,0],"transform":{"skX":-3.1,"skY":-3.1},"duration":10},{"curve":[0.25,0,0,1],"transform":{"y":-3.45,"skX":-57.29,"skY":-57.29,"x":-20.05},"duration":5},{"curve":[0.25,0,0.75,1],"transform":{"y":-23.49,"skX":-235.21,"skY":-235.21,"x":-30.12},"duration":25},{"transform":{"skX":-3.1,"skY":-3.1},"duration":0}],"name":"bone13"},{"frame":[{"curve":[0.25,0,1,0],"transform":{"skX":5.11,"skY":5.11},"duration":10},{"curve":[0.25,0,0,1],"transform":{"skX":81.79,"skY":81.79},"duration":5},{"curve":[0.25,0,0.75,1],"transform":{"skX":13.2,"skY":13.2},"duration":25},{"transform":{"skX":5.11,"skY":5.11},"duration":0}],"name":"bone14"},{"frame":[{"transform":{},"duration":10},{"curve":[0.25,0,0,1],"transform":{},"duration":5},{"curve":[0.25,0,0.75,1],"transform":{"y":-8.6,"skX":-42.39,"skY":-42.39,"scX":1.12,"scY":1.12,"x":13.37},"duration":25},{"transform":{},"duration":0}],"name":"bone15"},{"frame":[{"transform":{},"duration":10},{"transform":{},"duration":5},{"transform":{},"duration":25},{"transform":{},"duration":0}],"name":"bone16"},{"frame":[{"curve":[0.25,0,1,0],"transform":{},"duration":10},{"curve":[0.25,0,0,1],"transform":{"y":-14.39,"x":110.75},"duration":5},{"curve":[0.25,0,0.75,1],"transform":{"y":-166.55,"skX":-26.37,"skY":-26.37,"x":-15.94},"duration":25},{"transform":{},"duration":0}],"name":"IKCapeRight"},{"frame":[{"curve":[0.25,0,1,0],"transform":{"skX":0.03,"skY":0.03},"duration":10},{"curve":[0.25,0,0,1],"transform":{"y":21.74,"skX":12.35,"skY":12.35,"x":-0.45},"duration":5},{"curve":[0.25,0,0.75,1],"transform":{"y":12.02,"skX":2.61,"skY":2.61,"x":2.01},"duration":25},{"transform":{"skX":0.03,"skY":0.03},"duration":0}],"name":"bone17"},{"frame":[{"curve":[0.25,0,1,0],"transform":{},"duration":10},{"curve":[0.25,0,0,1],"transform":{"y":124.33,"x":197.1},"duration":5},{"curve":[0.25,0,0.75,1],"transform":{"y":-106.54,"x":-198.66},"duration":25},{"transform":{},"duration":0}],"name":"IKCapeLeft"},{"frame":[{"curve":[0.25,0,1,0],"transform":{"skX":-0.19,"skY":-0.19},"duration":10},{"curve":[0.25,0,0,1],"transform":{"skX":-12.07,"skY":-12.07},"duration":5},{"curve":[0.25,0,0.75,1],"transform":{"y":-18.64,"skX":91.13,"skY":91.13,"x":-16.72},"duration":25},{"transform":{"skX":-0.19,"skY":-0.19},"duration":0}],"name":"bone18"}],"frame":[],"duration":40,"ffd":[],"name":"Attack D","slot":[],"ik":[]},{"bone":[{"frame":[{"transform":{},"duration":10},{"transform":{},"duration":5},{"transform":{},"duration":22},{"transform":{},"duration":0}],"name":"root"},{"frame":[{"curve":[0.25,0,1,0],"transform":{},"duration":10},{"curve":[0.25,0,0,1],"transform":{"y":-148.87,"x":236.75},"duration":5},{"curve":[0.25,0,0.75,1],"transform":{"y":53.1,"x":-195.13},"duration":22},{"transform":{},"duration":0}],"name":"bone"},{"frame":[{"transform":{},"duration":10},{"curve":[0.25,0,0,1],"transform":{},"duration":5},{"curve":[0.25,0,0.75,1],"transform":{"skX":11.94,"skY":11.94},"duration":22},{"transform":{},"duration":0}],"name":"bone2"},{"frame":[{"curve":[0.25,0,1,0],"transform":{},"duration":10},{"transform":{"skX":-8.31,"skY":-8.31},"duration":5},{"curve":[0.25,0,0.75,1],"transform":{"skX":-8.31,"skY":-8.31},"duration":22},{"transform":{},"duration":0}],"name":"bone3"},{"frame":[{"transform":{},"duration":10},{"transform":{},"duration":5},{"transform":{},"duration":22},{"transform":{},"duration":0}],"name":"bone4"},{"frame":[{"transform":{},"duration":10},{"curve":[0.25,0,0,1],"transform":{},"duration":5},{"curve":[0.25,0,0.75,1],"transform":{"skX":-17.09,"skY":-17.09},"duration":22},{"transform":{},"duration":0}],"name":"bone5"},{"frame":[{"curve":[0.25,0,1,0],"transform":{},"duration":10},{"curve":[0.25,0,0,1],"transform":{"skX":29.43,"skY":29.43},"duration":5},{"curve":[0.25,0,0.75,1],"transform":{"skX":321.36,"skY":321.36},"duration":22},{"transform":{},"duration":0}],"name":"bone6"},{"frame":[{"curve":[0.25,0,1,0],"transform":{},"duration":10},{"curve":[0.25,0,0,1],"transform":{"skX":13.89,"skY":13.89},"duration":5},{"curve":[0.25,0,0.75,1],"transform":{"skX":41.85,"skY":41.85},"duration":22},{"transform":{},"duration":0}],"name":"bone7"},{"frame":[{"transform":{},"duration":10},{"transform":{},"duration":5},{"transform":{},"duration":22},{"transform":{},"duration":0}],"name":"bone8"},{"frame":[{"transform":{},"duration":10},{"transform":{},"duration":5},{"transform":{},"duration":22},{"transform":{},"duration":0}],"name":"bone9"},{"frame":[{"curve":[0.25,0,1,0],"transform":{},"duration":10},{"curve":[0.25,0,0,1],"transform":{"skX":33.51,"skY":33.51},"duration":5},{"curve":[0.25,0,0.75,1],"transform":{"skX":21.56,"skY":21.56},"duration":22},{"transform":{},"duration":0}],"name":"bone10"},{"frame":[{"curve":[0.25,0,1,0],"transform":{},"duration":10},{"curve":[0.25,0,0,1],"transform":{"y":0.11,"scX":1.06,"x":135.46},"duration":5},{"curve":[0.25,0,0.75,1],"transform":{"y":-0.04,"scX":1.18,"x":-48.44},"duration":22},{"transform":{},"duration":0}],"name":"shadow"},{"frame":[{"curve":[0.25,0,1,0],"transform":{},"duration":10},{"curve":[0.25,0,0,1],"transform":{"skX":7.19,"skY":7.19},"duration":5},{"curve":[0.25,0,0.75,1],"transform":{"skX":23.09,"skY":23.09},"duration":22},{"transform":{},"duration":0}],"name":"bone11"},{"frame":[{"curve":[0.25,0,1,0],"transform":{},"duration":10},{"curve":[0.25,0,0,1],"transform":{"skX":33.94,"skY":33.94},"duration":5},{"curve":[0.25,0,0.75,1],"transform":{"skX":37.81,"skY":37.81,"scX":1.12,"scY":1.12},"duration":22},{"transform":{},"duration":0}],"name":"bone12"},{"frame":[{"curve":[0.25,0,1,0],"transform":{"skX":-3.1,"skY":-3.1},"duration":10},{"curve":[0.25,0,0,1],"transform":{"skX":-42.62,"skY":-42.62},"duration":5},{"curve":[0.25,0,0.75,1],"transform":{"skX":-83.19,"skY":-83.19},"duration":22},{"transform":{"skX":-3.1,"skY":-3.1},"duration":0}],"name":"bone13"},{"frame":[{"curve":[0.25,0,1,0],"transform":{"skX":5.11,"skY":5.11},"duration":10},{"curve":[0.25,0,0,1],"transform":{"skX":23.63,"skY":23.63},"duration":5},{"curve":[0.25,0,0.75,1],"transform":{"skX":-14.26,"skY":-14.26},"duration":22},{"transform":{"skX":5.11,"skY":5.11},"duration":0}],"name":"bone14"},{"frame":[{"transform":{},"duration":10},{"transform":{},"duration":5},{"transform":{},"duration":22},{"transform":{},"duration":0}],"name":"bone15"},{"frame":[{"transform":{},"duration":10},{"curve":[0.25,0,0,1],"transform":{},"duration":5},{"curve":[0.25,0,0.75,1],"transform":{"y":-11.35,"x":51.68},"duration":22},{"transform":{},"duration":0}],"name":"bone16"},{"frame":[{"curve":[0.25,0,1,0],"transform":{},"duration":10},{"transform":{"y":-84.44,"x":201.07},"duration":5},{"curve":[0.25,0,0.75,1],"transform":{"y":-84.44,"x":201.07},"duration":22},{"transform":{},"duration":0}],"name":"IKCapeRight"},{"frame":[{"curve":[0.25,0,1,0],"transform":{"skX":0.03,"skY":0.03},"duration":10},{"curve":[0.25,0,0,1],"transform":{"skX":3.88,"skY":3.88},"duration":5},{"curve":[0.25,0,0.75,1],"transform":{"skX":-35.27,"skY":-35.27},"duration":22},{"transform":{"skX":0.03,"skY":0.03},"duration":0}],"name":"bone17"},{"frame":[{"curve":[0.25,0,1,0],"transform":{},"duration":10},{"curve":[0.25,0,0,1],"transform":{"y":35.46,"x":75.57},"duration":5},{"curve":[0.25,0,0.75,1],"transform":{"y":-154.28,"skX":-5.77,"skY":-5.77,"x":-240.65},"duration":22},{"transform":{},"duration":0}],"name":"IKCapeLeft"},{"frame":[{"curve":[0.25,0,1,0],"transform":{"skX":-0.19,"skY":-0.19},"duration":10},{"curve":[0.25,0,0,1],"transform":{"skX":21.22,"skY":21.22},"duration":5},{"curve":[0.25,0,0.75,1],"transform":{"skX":-1.14,"skY":-1.14},"duration":22},{"transform":{"skX":-0.19,"skY":-0.19},"duration":0}],"name":"bone18"}],"frame":[],"duration":37,"ffd":[],"name":"Attack E","slot":[],"ik":[]},{"bone":[{"frame":[{"transform":{},"duration":10},{"transform":{},"duration":20},{"transform":{},"duration":0}],"name":"root"},{"frame":[{"curve":[0.25,0,0,1],"transform":{},"duration":10},{"curve":[0.25,0,0.75,1],"transform":{"y":13.8,"x":73.13},"duration":20},{"transform":{},"duration":0}],"name":"bone"},{"frame":[{"transform":{},"duration":10},{"transform":{},"duration":20},{"transform":{},"duration":0}],"name":"bone2"},{"frame":[{"curve":[0.25,0,0,1],"transform":{},"duration":10},{"curve":[0.25,0,0.75,1],"transform":{"skX":-17.68,"skY":-17.68},"duration":20},{"transform":{},"duration":0}],"name":"bone3"},{"frame":[{"curve":[0.25,0,0,1],"transform":{},"duration":10},{"curve":[0.25,0,0.75,1],"transform":{"y":3.57,"x":-0.36},"duration":20},{"transform":{},"duration":0}],"name":"bone4"},{"frame":[{"curve":[0.25,0,0,1],"transform":{},"duration":10},{"curve":[0.25,0,0.75,1],"transform":{"skX":17.35,"skY":17.35},"duration":20},{"transform":{},"duration":0}],"name":"bone5"},{"frame":[{"curve":[0.25,0,0,1],"transform":{},"duration":10},{"curve":[0.25,0,0.75,1],"transform":{"skX":17.06,"skY":17.06},"duration":20},{"transform":{},"duration":0}],"name":"bone6"},{"frame":[{"curve":[0.25,0,0,1],"transform":{},"duration":10},{"curve":[0.25,0,0.75,1],"transform":{"skX":19.16,"skY":19.16},"duration":20},{"transform":{},"duration":0}],"name":"bone7"},{"frame":[{"curve":[0.25,0,0,1],"transform":{},"duration":10},{"curve":[0.25,0,0.75,1],"transform":{"skX":-13.32,"skY":-13.32},"duration":20},{"transform":{},"duration":0}],"name":"bone8"},{"frame":[{"curve":[0.25,0,0,1],"transform":{},"duration":10},{"curve":[0.25,0,0.75,1],"transform":{"skX":34.87,"skY":34.87},"duration":20},{"transform":{},"duration":0}],"name":"bone9"},{"frame":[{"curve":[0.25,0,0,1],"transform":{},"duration":10},{"curve":[0.25,0,0.75,1],"transform":{"skX":21.7,"skY":21.7},"duration":20},{"transform":{},"duration":0}],"name":"bone10"},{"frame":[{"curve":[0.25,0,0,1],"transform":{},"duration":10},{"curve":[0.25,0,0.75,1],"transform":{"y":0.05,"scX":1.18,"x":56.45},"duration":20},{"transform":{},"duration":0}],"name":"shadow"},{"frame":[{"curve":[0.25,0,0,1],"transform":{},"duration":10},{"curve":[0.25,0,0.75,1],"transform":{"skX":10.79,"skY":10.79},"duration":20},{"transform":{},"duration":0}],"name":"bone11"},{"frame":[{"curve":[0.25,0,0,1],"transform":{},"duration":10},{"curve":[0.25,0,0.75,1],"transform":{"skX":45.27,"skY":45.27},"duration":20},{"transform":{},"duration":0}],"name":"bone12"},{"frame":[{"curve":[0.25,0,0,1],"transform":{"skX":-3.1,"skY":-3.1},"duration":10},{"curve":[0.25,0,0.75,1],"transform":{"skX":-32.22,"skY":-32.22},"duration":20},{"transform":{"skX":-3.1,"skY":-3.1},"duration":0}],"name":"bone13"},{"frame":[{"curve":[0.25,0,0,1],"transform":{"skX":5.11,"skY":5.11},"duration":10},{"curve":[0.25,0,0.75,1],"transform":{"skX":25.16,"skY":25.16},"duration":20},{"transform":{"skX":5.11,"skY":5.11},"duration":0}],"name":"bone14"},{"frame":[{"curve":[0.25,0,0,1],"transform":{},"duration":10},{"curve":[0.25,0,0.75,1],"transform":{"skX":15.07,"skY":15.07},"duration":20},{"transform":{},"duration":0}],"name":"bone15"},{"frame":[{"transform":{},"duration":10},{"transform":{},"duration":20},{"transform":{},"duration":0}],"name":"bone16"},{"frame":[{"curve":[0.25,0,0,1],"transform":{},"duration":10},{"curve":[0.25,0,0.75,1],"transform":{"y":-146.01,"x":258.88},"duration":20},{"transform":{},"duration":0}],"name":"IKCapeRight"},{"frame":[{"curve":[0.25,0,0,1],"transform":{"skX":0.03,"skY":0.03},"duration":10},{"curve":[0.25,0,0.75,1],"transform":{"skX":-30.12,"skY":-30.12},"duration":20},{"transform":{"skX":0.03,"skY":0.03},"duration":0}],"name":"bone17"},{"frame":[{"curve":[0.25,0,0,1],"transform":{},"duration":10},{"curve":[0.25,0,0.75,1],"transform":{"y":-90.49,"x":13.81},"duration":20},{"transform":{},"duration":0}],"name":"IKCapeLeft"},{"frame":[{"curve":[0.25,0,0,1],"transform":{"skX":-0.19,"skY":-0.19},"duration":10},{"curve":[0.25,0,0.75,1],"transform":{"skX":48.2,"skY":48.2},"duration":20},{"transform":{"skX":-0.19,"skY":-0.19},"duration":0}],"name":"bone18"}],"frame":[],"duration":30,"ffd":[],"name":"Damage","slot":[],"ik":[]},{"bone":[{"frame":[{"transform":{},"duration":67},{"transform":{},"duration":0}],"name":"root"},{"frame":[{"curve":[0.25,0,0.75,1],"transform":{},"duration":30},{"curve":[0.25,0,0.75,1],"transform":{"y":11.96,"x":-0.01},"duration":37},{"transform":{},"duration":0}],"name":"bone"},{"frame":[{"transform":{},"duration":67},{"transform":{},"duration":0}],"name":"bone2"},{"frame":[{"transform":{},"duration":67},{"transform":{},"duration":0}],"name":"bone3"},{"frame":[{"transform":{},"duration":67},{"transform":{},"duration":0}],"name":"bone4"},{"frame":[{"transform":{},"duration":67},{"transform":{},"duration":0}],"name":"bone5"},{"frame":[{"curve":[0.25,0,0.75,1],"transform":{},"duration":30},{"curve":[0.25,0,0.75,1],"transform":{"skX":24.72,"skY":24.72},"duration":13},{"curve":[0.25,0,0.75,1],"transform":{"skX":8.15,"skY":8.15},"duration":24},{"transform":{},"duration":0}],"name":"bone6"},{"frame":[{"curve":[0.265,0,0.618,0.43],"transform":{},"duration":10},{"curve":[0.351,0.4,0.757,1],"transform":{"skX":-21.75,"skY":-21.75},"duration":20},{"curve":[0.252,0,0.622,0.49],"transform":{"skX":18.88,"skY":18.88},"duration":16},{"curve":[0.25,0,0.75,1],"transform":{"skX":-15.31,"skY":-15.31},"duration":21},{"transform":{},"duration":0}],"name":"bone7"},{"frame":[{"curve":[0.25,0,0.75,1],"transform":{},"duration":30},{"curve":[0.25,0,0.75,1],"transform":{"skX":-16.36,"skY":-16.36},"duration":37},{"transform":{},"duration":0}],"name":"bone8"},{"frame":[{"curve":[0.25,0,0.75,1],"transform":{},"duration":30},{"curve":[0.25,0,0.75,1],"transform":{"skX":13.5,"skY":13.5},"duration":37},{"transform":{},"duration":0}],"name":"bone9"},{"frame":[{"curve":[0.25,0,0.75,1],"transform":{},"duration":30},{"curve":[0.25,0,0.75,1],"transform":{"skX":8.53,"skY":8.53},"duration":37},{"transform":{},"duration":0}],"name":"bone10"},{"frame":[{"curve":[0.25,0,0.75,1],"transform":{},"duration":30},{"curve":[0.25,0,0.75,1],"transform":{"scX":1.12},"duration":37},{"transform":{},"duration":0}],"name":"shadow"},{"frame":[{"curve":[0.25,0,0.75,1],"transform":{},"duration":30},{"curve":[0.25,0,0.75,1],"transform":{"skX":-9.46,"skY":-9.46},"duration":37},{"transform":{},"duration":0}],"name":"bone11"},{"frame":[{"transform":{},"duration":67},{"transform":{},"duration":0}],"name":"bone12"},{"frame":[{"transform":{"skX":-3.1,"skY":-3.1},"duration":67},{"transform":{"skX":-3.1,"skY":-3.1},"duration":0}],"name":"bone13"},{"frame":[{"transform":{"skX":5.11,"skY":5.11},"duration":67},{"transform":{"skX":5.11,"skY":5.11},"duration":0}],"name":"bone14"},{"frame":[{"transform":{},"duration":67},{"transform":{},"duration":0}],"name":"bone15"},{"frame":[{"transform":{},"duration":67},{"transform":{},"duration":0}],"name":"bone16"},{"frame":[{"curve":[0.252,0,0.622,0.48],"transform":{},"duration":30},{"curve":[0.25,0,0.75,1],"transform":{"y":0.04,"x":50.04},"duration":37},{"transform":{},"duration":0}],"name":"IKCapeRight"},{"frame":[{"transform":{"skX":0.03,"skY":0.03},"duration":67},{"transform":{"skX":0.03,"skY":0.03},"duration":0}],"name":"bone17"},{"frame":[{"curve":[0.25,0,0.625,0.5],"transform":{},"duration":30},{"curve":[0.25,0,0.75,1],"transform":{"y":9.65,"x":-119.31},"duration":37},{"transform":{},"duration":0}],"name":"IKCapeLeft"},{"frame":[{"transform":{"skX":-0.19,"skY":-0.19},"duration":67},{"transform":{"skX":-0.19,"skY":-0.19},"duration":0}],"name":"bone18"}],"frame":[],"duration":67,"ffd":[],"name":"Idle","slot":[],"ik":[]}],"skin":[{"name":"","slot":[{"display":[{"uvs":[0,0.97507,0.55162,0.46984,0.52326,0.46207,0.54992,0.43012,0.52496,0.41284,0.55672,0.37657,0.55729,0.29884,0.61117,0.32043,0.61911,0.25048,0.64747,0.30662,0.65881,0.28071,0.67299,0.29712,0.70651,0.26239,0.71413,0.27089,0.7466,0.2423,0.7461,0.1855,0.75954,0.18434,0.7806,0.17546,0.80192,0.17816,0.85108,0.13241,0.88026,0.10652,0.88178,0.09377,0.89244,0.09532,0.90589,0.08179,0.90741,0.06441,0.9201,0.06364,0.93329,0.05089,0.9343,0.03427,0.94522,0.03582,0.97668,0,0.98996,0.00568,0.99707,0.02693,0.9996,0.04895,0.96687,0.08682,0.96789,0.093,0.96028,0.09686,0.93998,0.11618,0.93947,0.13743,0.92653,0.13434,0.91587,0.14593,0.91486,0.15907,0.9009,0.15984,0.86822,0.20117,0.85959,0.25758,0.84183,0.29815,0.81925,0.30356,0.79449,0.34287,0.76455,0.30616,0.73715,0.32741,0.73563,0.35098,0.69833,0.39155,0.69427,0.39966,0.71406,0.41125,0.727,0.42787,0.69224,0.45105,0.69581,0.4891,0.69327,0.50146,0.67246,0.49605,0.67449,0.53739,0.64963,0.53353,0.63999,0.52232,0.62197,0.57139,0.60319,0.58955,0.59939,0.53585,0.5254,0.59912,0.30538,0.80029,0.16583,0.92702,0.08238,0.99123,0.03467,1,0,1],"triangles":[31,28,32,28,33,32,29,28,31,30,29,31,26,35,33,28,26,33,33,35,34,26,36,35,25,23,36,26,25,36,27,26,28,23,38,36,36,38,37,22,39,38,23,22,38,24,23,25,22,20,41,22,41,39,39,41,40,20,19,41,19,42,41,21,20,22,18,43,42,19,18,42,45,44,43,18,45,43,17,14,18,18,14,45,14,47,45,47,46,45,16,14,17,15,14,16,14,13,47,13,48,47,11,49,48,13,11,48,11,50,49,52,54,53,12,11,13,51,54,52,11,9,50,9,51,50,54,57,55,57,56,55,7,57,51,9,7,51,51,57,54,5,3,7,7,3,60,7,60,57,59,58,57,60,59,57,10,9,11,1,63,60,3,1,60,8,7,9,63,61,60,63,62,61,6,5,7,1,64,63,4,3,5,2,1,3,0,66,65,0,67,66,0,68,67,0,69,68,65,64,1,0,65,1],"type":"mesh","vertices":[303.51,1.76,87.89,-1.47,95.05,5,83.76,6.25,88.85,13.9,75.6,15.05,66.41,29.47,53.59,15.9,43.2,27.57,41.66,12.06,35.42,14.89,33.29,9.32,19.72,9.88,18.54,6.94,5.98,6.54,-0.47,17.24,-4.43,15.07,-11.45,13.01,-17.2,8.73,-36.5,8.58,-48.08,7.88,-49.73,10.36,-52.58,8.19,-57.98,8.33,-60.43,11.31,-64.13,9.21,-69.36,9.26,-71.58,12.18,-74.51,9.96,-87.62,11.09,-90.74,7.68,-90.29,2.45,-88.45,-2.11,-74.74,-3.39,-74.31,-4.73,-71.7,-4.1,-63.68,-4.12,-61.06,-8,-57.74,-5.13,-53.36,-5.41,-51.55,-7.69,-47.49,-5.36,-33.39,-7.3,-24.38,-16.31,-14.61,-20.75,-7.56,-17.76,4.05,-20.72,8.3,-8.57,18.56,-7.69,21.74,-11.82,37.06,-12.8,39.16,-13.6,34.87,-19.27,33.12,-24.66,45.71,-22.84,49.11,-30.58,51.27,-32.44,56.56,-27.75,60.79,-35.83,67.41,-30.71,68.85,-26.91,79.68,-32.89,87.13,-32.96,81.97,-22.25,110.37,-20.98,196.33,-19.63,250.75,-18.61,281.96,-15.84,296.54,-9.04,306.41,-2.9],"transform":{},"path":"Layer 182","width":335,"height":220,"name":"Layer 182","edges":[0,69,69,68,68,67,67,66,66,65,65,64,64,63,63,62,62,61,61,60,60,59,59,58,58,57,57,56,56,55,55,54,54,53,53,52,52,51,51,50,50,49,49,48,48,47,47,46,46,45,45,44,44,43,43,42,42,41,41,40,40,39,39,38,38,37,37,36,36,35,35,34,34,33,33,32,32,31,31,30,30,29,29,28,28,27,27,26,26,25,25,24,24,23,23,22,22,21,21,20,20,19,19,18,18,17,17,16,16,15,15,14,14,13,13,12,12,11,11,10,10,9,9,8,8,7,7,6,6,5,5,4,4,3,3,2,2,1,1,0],"userEdges":[]}],"name":"Layer 182"},{"display":[{"weights":[2,11,0.98795,18,0.01205,1,11,1,1,11,1,1,11,1,1,11,1,1,11,1,1,11,1,1,11,1,1,11,1,1,11,1,1,11,1,1,11,1,1,11,1,2,11,0.99737,18,0.00263,2,11,0.95362,18,0.04638,2,11,0.66454,18,0.33546,2,11,0.06238,18,0.93762,1,18,1,1,18,1,1,18,1,1,18,1,1,18,1,1,18,1,1,18,1,1,18,1,1,18,1,1,18,1,1,18,1,1,18,1,1,18,1,1,18,1,1,18,1,1,18,1,1,18,1,1,18,1,1,18,1,1,18,1,1,18,1,1,18,1,1,18,1,1,18,1,1,18,1,1,18,1,1,18,1,1,18,1,2,11,0.0293,18,0.9707,2,11,0.12345,18,0.87655,2,11,0.16326,18,0.83674,2,11,0.38005,18,0.61995,2,11,0.81982,18,0.18018,2,11,0.92224,18,0.07776,2,11,0.71737,18,0.28263,2,11,0.52643,18,0.47357,2,11,0.00264,18,0.99736,1,18,1,1,18,1,1,18,1,1,11,1,1,11,1,1,11,1,1,11,1,2,11,0.99896,18,0.00104,1,11,1],"bonePose":[11,-0.5084403804536225,0.8610971951668266,-0.8610971951668266,-0.5084403804536225,13.50924280066304,-390.6593492010722,18,-0.5248775448593878,0.8511777504742365,-0.8511777504742365,-0.5248775448593878,-8.853455077199921,-353.729834668338],"slotPose":[1,0,0,1,0,0],"vertices":[5.95,-355.58,8.28,-361.43,10.26,-369.57,14.7,-370.98,19.99,-378.64,18.94,-393.88,16.74,-399.97,7.59,-395.82,-3.09,-387.13,-11.58,-379.91,-18.22,-373.17,-23.18,-366.08,-22.47,-359.31,-13.71,-363.28,-9.41,-365.74,-12.14,-362.7,-16.13,-357.82,-24.89,-359.31,-30.87,-353.4,-34.65,-347.15,-45.18,-349.12,-51.66,-335.58,-54.4,-320.72,-54.84,-304.48,-53.3,-303.9,-53.16,-298.59,-50.65,-296.78,-54.48,-293.44,-50.77,-288.95,-50.77,-285.65,-48.61,-284.2,-51.82,-280.64,-54.92,-278.69,-52.17,-277.12,-49.27,-276.68,-45.67,-278.18,-41.63,-281.61,-36.83,-289.53,-34.41,-286.11,-31.24,-284.39,-30.85,-288.44,-26.98,-291.43,-26.1,-291.3,-27.64,-298.03,-18.61,-304.33,-2.51,-318.29,4.93,-328.35,5.67,-332.71,2.46,-339.79,8.04,-348.11,5.17,-352.43,-7.02,-353.18,0.21,-343.88,-17.1,-337.06,-33.04,-318.55,-23.41,-327.51,-42.75,-300.86,2.13,-366.51,13.28,-385.53,-1.02,-376.38,-8.17,-373.37,-13.46,-369.79,-17.89,-366.22],"uvs":[0.81251,0.35509,0.84361,0.30828,0.87001,0.24316,0.92926,0.2319,1,0.17065,0.98616,0.04872,0.95683,0,0.83481,0.03323,0.69225,0.10258,0.57902,0.16031,0.49043,0.21416,0.42414,0.27083,0.43353,0.32504,0.55027,0.29336,0.60777,0.27365,0.57139,0.29794,0.51801,0.33701,0.40126,0.32504,0.32138,0.37222,0.27093,0.42221,0.13072,0.40637,0.0441,0.51464,0.00742,0.63353,0.00131,0.76342,0.02185,0.768,0.02361,0.81059,0.05705,0.82502,0.00601,0.85177,0.05529,0.88769,0.05529,0.91409,0.08403,0.9257,0.04121,0.95421,0,0.9697,0.03651,0.98237,0.07523,0.98589,0.12334,0.97393,0.17731,0.94647,0.24126,0.88311,0.27353,0.91057,0.31577,0.92429,0.32105,0.89191,0.37267,0.86797,0.3844,0.86903,0.36387,0.81517,0.48446,0.76487,0.69918,0.65329,0.79853,0.57285,0.8085,0.538,0.76567,0.48133,0.84018,0.4148,0.80205,0.38031,0.63947,0.37417,0.73565,0.44859,0.50488,0.50308,0.29221,0.65104,0.42067,0.5794,0.16254,0.79241,0.76161,0.26759,0.91053,0.11551,0.71977,0.18863,0.6244,0.21261,0.55382,0.24118,0.49467,0.26975],"userEdges":[16,51,51,52,26,37,51,57,57,58,14,57,57,59],"path":"Layer 178","triangles":[5,58,4,58,3,4,6,7,5,7,58,5,58,2,3,7,8,58,8,59,58,57,1,2,57,0,1,50,52,49,52,48,49,51,50,0,57,51,0,47,48,46,48,53,46,53,45,46,51,52,50,14,51,57,59,60,57,60,14,57,52,53,48,14,15,51,53,55,45,8,9,59,51,53,52,9,60,59,55,44,45,61,14,60,15,16,51,16,53,51,10,61,9,9,61,60,61,13,14,55,54,44,18,53,16,61,62,13,10,62,61,18,19,53,19,55,53,10,11,62,11,12,62,54,43,44,19,21,54,54,56,43,42,43,41,19,54,55,43,40,41,37,40,43,56,37,43,21,22,54,37,38,40,40,38,39,22,24,56,20,21,19,22,56,54,56,26,37,26,28,37,30,36,37,28,30,37,30,35,36,22,23,24,24,26,56,24,25,26,28,29,30,30,31,35,31,34,35,27,28,26,31,33,34,31,32,33,12,62,13,17,18,16,2,57,58,59,57,58],"type":"mesh","transform":{},"width":75,"height":125,"name":"Layer 178","edges":[32,33,33,34,34,35,35,36,36,37,37,38,38,39,39,40,40,41,41,42,42,43,43,44,44,45,45,46,46,47,47,48,48,49,49,50,50,0,0,1,1,2,2,3,3,4,4,5,5,6,6,7,7,8,8,9,9,10,10,11,11,12,12,13,13,14,14,15,15,16,16,17,17,18,18,19,19,20,20,21,21,22,22,23,23,24,24,25,25,26,26,27,27,28,28,29,29,30,30,31,31,32]}],"name":"Layer 178"},{"display":[{"path":"Layer 186","type":"image","name":"Layer 186","transform":{"y":1.72,"skX":24.61,"skY":24.61,"x":37.83}}],"name":"Layer 186"},{"display":[{"path":"Layer 184","type":"image","name":"Layer 184","transform":{"y":2.42,"skX":-119.65,"skY":-119.65,"x":16.66}}],"name":"Layer 184"},{"display":[{"weights":[2,5,0.39529,7,0.60471,2,5,0.03564,7,0.96436,2,7,0.99897,8,0.00103,2,7,0.95658,8,0.04342,2,7,0.80676,8,0.19324,2,7,0.6247,8,0.3753,2,7,0.36808,8,0.63192,2,7,0.12548,8,0.87452,2,7,0.00169,8,0.99831,1,8,1,1,8,1,1,8,1,1,8,1,1,8,1,1,8,1,2,7,0.00251,8,0.99749,2,7,0.11777,8,0.88223,2,7,0.33527,8,0.66473,2,7,0.52953,8,0.47047,2,7,0.80099,8,0.19901,3,5,0.00016,7,0.89651,8,0.10332,3,5,0.00367,7,0.91361,8,0.08272,3,5,0.01903,7,0.92079,8,0.06017,3,5,0.03094,7,0.9175,8,0.05156,3,5,0.07677,7,0.88992,8,0.03331,3,5,0.23185,7,0.75702,8,0.01114,3,5,0.4633,7,0.53376,8,0.00294,3,5,0.77912,7,0.22082,8,0.00006,2,5,0.95389,7,0.04611,1,5,1,1,5,1,1,5,1,1,5,1,1,5,1,1,5,1,1,5,1,1,5,1,1,5,1,1,5,1,1,5,1,1,5,1,1,5,1,1,5,1,1,5,1,1,5,1,1,5,1,1,5,1,2,5,0.99896,7,0.00104,2,5,0.95577,7,0.04423,2,5,0.92929,7,0.07071,2,5,0.72816,7,0.27184,2,7,0.63552,8,0.36448,2,7,0.83772,8,0.16228,3,5,0.00949,7,0.92662,8,0.06389,3,5,0.01043,7,0.95817,8,0.0314,2,7,0.9951,8,0.0049,1,7,1,1,7,1,1,7,1,2,7,0.01282,8,0.98718,2,7,0.24646,8,0.75354,1,8,1,2,7,0.80238,8,0.19762,3,5,0.15832,7,0.83628,8,0.0054,3,5,0.49576,7,0.5038,8,0.00044,2,5,0.02661,7,0.97339,2,5,0.19771,7,0.80229,2,5,0.9173,7,0.0827,3,5,0.68634,7,0.31342,8,0.00024,2,5,0.90077,7,0.09923,3,5,0.67668,7,0.32318,8,0.00014,2,5,0.89414,7,0.10586,1,5,1,1,5,1,2,5,0.9464,7,0.0536,2,5,0.99865,7,0.00135,1,5,1,1,5,1,1,5,1,1,5,1,1,5,1,2,5,0.99957,7,0.00043,1,5,1,2,5,0.99985,7,0.00015,2,5,0.9982,7,0.0018,2,5,0.85565,7,0.14435,1,5,1,1,5,1,1,5,1,1,5,1,1,5,1,1,5,1],"bonePose":[5,0.17794354547384172,-0.9840406976462908,0.9840406976462908,0.17794354547384172,10.372289394402198,-295.31916397809124,7,0.20500855755272385,-0.9787601807031954,0.9787601807031954,0.20500855755272385,20.538204147322777,-351.53740903462386,8,-0.3171391378715273,-0.9483790208719848,0.9483790208719848,-0.3171391378715273,29.25516801446459,-393.1542919181237],"slotPose":[1,0,0,1,0,0],"vertices":[36.53,-352.33,36.27,-361.28,43.75,-369.46,48.98,-377.38,51.9,-387.27,49.82,-394.49,45.85,-401.35,40.03,-404.7,37.85,-413.18,35.22,-416.41,31.5,-417.98,29.6,-417.98,26.12,-416.99,22.92,-413.33,20.56,-410.67,20.25,-407.68,19.14,-401.2,12.98,-400.73,8.47,-395.96,1.79,-388.17,-5.95,-382.85,-7.35,-377.58,-5.91,-371.59,-4.56,-369.72,-2.35,-366.6,-1.95,-359.97,-0.27,-354.92,-3.98,-348.62,-8.73,-339.83,-17.94,-324.43,-21.19,-317.14,-24.12,-308.41,-26.92,-298.26,-26.91,-289.98,-23.6,-283.77,-17.66,-277.58,-10.33,-270.13,0.19,-261.3,3.7,-261.49,13.23,-266.59,25.6,-272.56,35.81,-278.52,48.46,-287.5,59.81,-296.11,68.15,-304.58,71.07,-308.22,64.72,-317.19,58.14,-326.78,48.27,-339.94,44.99,-340.33,39.73,-346.72,13.5,-390.07,5.78,-383.31,6.04,-374.49,11.16,-371.13,21.58,-372.49,27.88,-377.44,30.22,-383.33,29.62,-388.7,26.51,-397.77,35.75,-397.36,29.85,-410.79,40.55,-388.3,9.24,-360.55,9.67,-352.9,28.31,-359.55,27.48,-353.76,15.63,-347.1,3.28,-349.44,-0.15,-341.87,6.56,-349.52,5.39,-342.72,6.25,-325.5,7.77,-312.9,-1.91,-338.6,-4.09,-326.67,-3.4,-318.77,1.05,-312.56,9.45,-312.99,18.27,-312.91,27.33,-321.74,29.6,-324.35,24.39,-321.49,23.8,-329.46,18.33,-343.24,31.85,-341.69,47.78,-316.09,29.55,-294.6,9.68,-289.49,-8.34,-293.86,-17.12,-300.32,-16.21,-315.8],"uvs":[0.64804,0.41818,0.6454,0.36121,0.72175,0.30918,0.77528,0.25878,0.80512,0.19579,0.78406,0.14978,0.74364,0.10604,0.68421,0.08468,0.66206,0.0306,0.63526,0.01006,0.59732,0,0.57795,0,0.5424,0.00625,0.50977,0.0296,0.48563,0.0465,0.48244,0.06554,0.47104,0.10678,0.40822,0.10981,0.36205,0.14011,0.29388,0.18974,0.21482,0.22352,0.20049,0.25714,0.21508,0.29523,0.22888,0.30721,0.25143,0.32709,0.25541,0.36931,0.27249,0.40148,0.23455,0.44156,0.18603,0.49755,0.09184,0.59558,0.05863,0.64197,0.02865,0.69761,0,0.7622,0,0.81495,0.03378,0.85453,0.09427,0.89395,0.16905,0.94149,0.27624,0.99779,0.31205,0.99663,0.40933,0.96418,0.53567,0.92627,0.63993,0.88834,0.76911,0.83122,0.88504,0.7764,0.97021,0.72258,1,0.69934,0.93534,0.64221,0.86822,0.5811,0.76765,0.4972,0.73423,0.49472,0.6806,0.45397,0.4133,0.17769,0.33447,0.22073,0.33705,0.2769,0.38933,0.29831,0.49562,0.28974,0.5599,0.25818,0.5839,0.22073,0.5779,0.18648,0.54619,0.1287,0.64047,0.13138,0.58047,0.04577,0.68933,0.18916,0.36962,0.36572,0.3739,0.41441,0.56419,0.37214,0.55562,0.40906,0.4347,0.45142,0.3087,0.43644,0.27355,0.48459,0.34213,0.4359,0.33013,0.47924,0.3387,0.58892,0.35412,0.66915,0.25555,0.50543,0.23327,0.5814,0.24013,0.6317,0.28555,0.67129,0.37127,0.66861,0.46127,0.66915,0.55384,0.61297,0.57698,0.59638,0.52384,0.61458,0.51784,0.56375,0.46212,0.476,0.60011,0.486,0.76238,0.6491,0.57617,0.78593,0.37345,0.8183,0.1896,0.79035,0.10002,0.74915,0.10945,0.65057],"userEdges":[64,63,63,54,64,70,70,71,71,72,72,73,78,79,79,80,80,81,82,83,83,84],"path":"Layer 180","triangles":[46,44,45,46,86,44,86,43,44,47,86,46,86,42,43,86,87,42,48,86,47,49,81,86,49,86,48,5,62,4,62,3,4,6,62,5,60,62,6,80,87,86,57,2,3,62,57,3,87,41,42,85,81,49,81,80,86,57,56,2,7,60,6,50,85,49,80,79,87,56,1,2,83,81,85,60,58,62,58,57,62,8,61,7,61,60,7,0,85,50,55,65,56,61,59,60,56,65,1,1,65,0,65,66,0,9,61,8,59,58,60,87,40,41,66,85,0,10,61,9,82,79,80,15,59,61,11,12,61,88,40,87,66,84,85,84,83,85,11,61,10,15,16,59,51,56,57,51,57,58,59,51,58,13,14,61,14,15,61,12,13,61,83,80,81,79,88,87,83,82,80,55,63,65,65,63,66,63,64,66,67,84,66,51,55,56,64,67,66,16,51,59,88,39,40,78,88,79,54,63,55,51,52,55,52,54,55,72,79,82,72,82,83,84,72,83,17,51,16,71,72,84,72,78,79,73,88,78,52,53,54,18,51,17,67,71,84,73,77,88,88,36,39,36,38,39,64,70,67,70,71,67,71,74,72,77,89,88,72,73,78,18,19,51,19,52,51,36,37,38,89,36,88,24,63,54,53,24,54,76,77,72,72,77,73,68,70,64,26,68,64,24,25,63,26,64,63,25,26,63,69,74,71,68,71,70,74,75,72,75,76,72,22,23,53,21,22,53,20,21,53,23,24,53,20,53,52,19,20,52,35,36,89,68,69,71,90,89,77,27,69,68,26,27,68,91,90,77,76,91,77,28,75,74,28,74,69,27,28,69,28,29,75,75,29,76,29,91,76,34,35,89,33,34,90,90,34,89,31,90,91,32,33,90,30,31,91,29,30,91,31,32,90],"type":"mesh","transform":{},"width":98,"height":157,"name":"Layer 180","edges":[32,33,33,34,34,35,35,36,36,37,37,38,38,39,39,40,40,41,41,42,42,43,43,44,44,45,45,46,46,47,47,48,48,49,49,50,50,0,0,1,1,2,2,3,3,4,4,5,5,6,6,7,7,8,8,9,9,10,10,11,11,12,12,13,13,14,14,15,15,16,16,17,17,18,18,19,19,20,20,21,21,22,22,23,23,24,24,25,25,26,26,27,27,28,28,29,29,30,30,31,31,32]}],"name":"Layer 180"},{"display":[{"path":"Layer 176","type":"image","name":"Layer 176","transform":{"y":1.94,"x":19.7}}],"name":"Layer 176"},{"display":[{"weights":[1,17,1,1,17,1,1,17,1,1,17,1,1,17,1,2,17,0.94169,12,0.05831,2,17,0.54114,12,0.45886,3,17,0.17969,16,0.00614,12,0.81417,3,17,0.0003,16,0.35267,12,0.64703,2,16,0.71966,12,0.28034,2,16,0.98749,12,0.01251,1,16,1,1,16,1,1,16,1,1,16,1,1,16,1,1,16,1,1,16,1,1,16,1,1,16,1,1,16,1,1,16,1,1,16,1,1,16,1,1,16,1,1,16,1,1,16,1,1,16,1,1,16,1,1,16,1,1,16,1,1,16,1,1,16,1,1,16,1,1,16,1,1,16,1,2,16,0.99973,12,0.00027,2,16,0.99821,12,0.00179,2,16,0.9947,12,0.0053,2,16,0.9884,12,0.0116,2,16,0.97407,12,0.02593,3,17,0.00001,16,0.93125,12,0.06875,3,17,0.00001,16,0.89701,12,0.10297,3,17,0.00002,16,0.86608,12,0.1339,3,17,0.00002,16,0.84053,12,0.15945,3,17,0.00002,16,0.81213,12,0.18785,3,17,0.00002,16,0.78134,12,0.21864,3,17,0.00003,16,0.68434,12,0.31564,3,17,0.00003,16,0.59892,12,0.40105,3,17,0.00004,16,0.49829,12,0.50168,3,17,0.00005,16,0.33726,12,0.66269,3,17,0.00008,16,0.20194,12,0.79798,3,17,0.0001,16,0.11943,12,0.88047,3,17,0.00012,16,0.08801,12,0.91187,3,17,0.00014,16,0.06099,12,0.93887,3,17,0.00016,16,0.04026,12,0.95958,3,17,0.00013,16,0.01196,12,0.98791,2,17,0.00076,12,0.99924,3,17,0.04478,16,0.00011,12,0.95511,3,17,0.10394,16,0.00009,12,0.89597,3,17,0.14622,16,0.00008,12,0.85371,3,17,0.23834,16,0.00007,12,0.76159,3,17,0.37558,16,0.00006,12,0.62436,3,17,0.45486,16,0.00005,12,0.54509,3,17,0.53318,16,0.00004,12,0.46678,3,17,0.65276,16,0.00003,12,0.3472,3,17,0.78633,16,0.00002,12,0.21365,3,17,0.9014,16,0.00001,12,0.09859,2,17,0.96746,12,0.03254,2,17,0.99486,12,0.00513,2,17,0.99999,12,0.00001,1,17,1,1,17,1,1,17,1,1,17,1,1,17,1,1,17,1,1,17,1,1,17,1,1,17,1,1,17,1,1,17,1,1,17,1,1,17,1,1,17,1,1,17,1,1,17,1,1,17,1,1,17,1,1,17,1,1,17,1,1,17,1,1,17,1,1,17,1,1,17,1,1,17,1,2,17,0.78998,12,0.21002,1,16,1,1,16,1,1,16,1,1,16,1,1,16,1,1,16,1,1,16,1,1,16,1,1,16,1,1,16,1,1,16,1,1,16,1,1,16,1,1,16,1,1,16,1,1,16,1,1,16,1,1,16,1,1,16,1,1,16,1,1,16,1,3,17,0.00001,16,0.92518,12,0.07481,2,16,0.9444,12,0.05559,1,16,1,1,16,1,1,16,1,1,16,1,3,17,0.00003,16,0.43996,12,0.56,3,17,0.00001,16,0.50621,12,0.49378,2,16,0.56838,12,0.43162,2,16,0.63705,12,0.36295,2,16,0.53908,12,0.46092,2,16,0.00747,12,0.99253,2,16,0.0588,12,0.9412,2,16,0.02931,12,0.97069,2,16,0.01363,12,0.98637,2,17,0.01869,12,0.98131,2,17,0.02091,12,0.97909,2,17,0.21902,12,0.78098,2,16,0.56056,12,0.43944,2,16,0.90687,12,0.09313,3,17,0.46359,16,0.00004,12,0.53637,3,17,0.3748,16,0.00001,12,0.62519,2,17,0.38582,12,0.61418,2,17,0.44854,12,0.55146,2,17,0.56881,12,0.43119,2,17,0.62404,12,0.37596,2,17,0.64966,12,0.35034,2,17,0.99442,12,0.00558,1,17,1,2,17,0.98907,12,0.01093,2,17,0.97797,12,0.02203,2,17,0.94855,12,0.05145,3,17,0.92483,16,0.00001,12,0.07516,1,17,1,1,17,1,1,17,1,1,17,1,1,17,1,1,17,1,2,17,0.86379,12,0.13621,3,17,0.00002,16,0.74753,12,0.25245,2,16,0.98498,12,0.01501],"bonePose":[17,-0.41405786883992146,0.9102505595997964,-0.9102505595997964,-0.41405786883992146,4.263556944827631,-367.4614633504348,12,-0.0369925378826117,0.999315541829008,-0.999315541829008,-0.0369925378826117,31.649389502697836,-378.19573906481327,16,0.38107037635027446,0.9245460336123132,-0.9245460336123132,0.38107037635027446,59.00376522109797,-369.42783001780543],"slotPose":[1,0,0,1,0,0],"vertices":[-104.02,-313.96,-81.34,-330.05,-62.9,-340.52,-38.01,-356.27,-13.62,-367.6,-0.29,-376.37,8.54,-389.63,23.64,-393.97,43.7,-394,58.21,-394.01,75.81,-385.12,104.03,-369.2,132.94,-352.05,164.66,-332.54,190.93,-308.94,220.46,-277.68,231.07,-262.67,246.99,-236.59,254.66,-211.52,256.17,-198.53,255.54,-174.64,251.31,-160.86,242.32,-143.85,226.95,-124.12,204.87,-102.43,181.08,-82.51,162.82,-71.36,145.18,-60.04,126.23,-53.05,114.16,-51.94,128.18,-62.4,138.97,-73.98,152.55,-89.71,160.79,-101.02,167.58,-110.21,159.93,-111.14,156.18,-113.77,151.76,-118.27,149.12,-121.5,145.72,-122.86,140.11,-120.98,124.99,-114.09,112.49,-111.1,101.36,-111.26,91.58,-112.95,83.25,-119.14,79.34,-126.96,78.22,-139.96,76.85,-144.89,73.56,-147.25,67.06,-146.88,59.87,-143.72,54.61,-138.81,51.15,-135.34,46.11,-133.26,40.66,-132.72,30.5,-135.13,20.09,-143.8,9.5,-150.49,3.28,-154.21,-0.13,-154.93,-6.88,-155.29,-17.45,-152.74,-25.87,-151.29,-33.93,-153.98,-41.85,-158.38,-50.9,-159.49,-61.16,-157.63,-71.69,-154.38,-82.57,-150.4,-92.56,-144.28,-100.65,-138.25,-109.95,-127.44,-107.51,-119.71,-98.28,-110.94,-106.74,-111.25,-118.89,-114.21,-134.29,-124.67,-144.46,-134.47,-151.8,-145.66,-159.46,-158.17,-166.84,-178.75,-170.29,-197.28,-169.39,-221.1,-164.55,-241.09,-158.94,-253.87,-151.22,-266.86,-135.41,-286.5,-122.65,-299.17,-107.78,-311.23,-118.27,-167.76,-115.5,-231.79,-93.24,-287.47,-63.31,-322.04,-24.33,-347.8,2.11,-364.97,8.6,-373.78,68.2,-373.79,99.3,-355.01,119.25,-341.09,142.92,-318.59,157.07,-303.51,172.62,-282.17,187,-250.62,191.18,-236.7,195.36,-209.55,194.67,-185.66,193.5,-172.9,190.72,-159.68,183.54,-140.19,172.39,-119.3,165.67,-133,170.77,-159.67,170.54,-193.78,169.14,-221.85,162.64,-264.07,133.41,-303.51,92.57,-335.99,120.9,-128.81,122.28,-171.03,125.99,-210.71,124.13,-245.74,120.65,-267.55,86.31,-316.03,72.41,-158.03,76.35,-197.94,74.72,-233.9,71,-269.63,61.25,-292.36,27.3,-161.49,37.74,-199.3,33.09,-230.62,30.53,-263.57,26.12,-297.44,27.74,-327.37,23.09,-362.39,49.08,-358.69,72.05,-318.79,-24.67,-167.74,-13.31,-197.44,-8.9,-224.35,-5.66,-256.83,-2.88,-292.32,0.6,-313.21,7.79,-341.97,-20.29,-312.04,-33.74,-286.06,-43.48,-256.83,-53.91,-226.43,-58.78,-202.3,-64.58,-172.38,-91.95,-163.79,-82.91,-218.31,-79.21,-262.16,-68.07,-288.6,-46.04,-313.9,-26.32,-328.75,-4.05,-328.75,93.85,-147.37,139.79,-143.34],"uvs":[0.15672,0.23293,0.20987,0.18609,0.25307,0.15561,0.3114,0.10976,0.36853,0.0768,0.39978,0.05128,0.42048,0.01262,0.45587,0,0.50285,0,0.53682,0,0.57802,0.02598,0.64407,0.07246,0.71175,0.12252,0.786,0.17952,0.84746,0.2484,0.91653,0.3396,0.94136,0.38337,0.97859,0.45945,0.9965,0.53256,1,0.57047,0.99849,0.64011,0.98854,0.68026,0.96744,0.72982,0.93141,0.78731,0.87965,0.8505,0.82392,0.90849,0.78112,0.94096,0.73978,0.97391,0.69539,0.99424,0.66713,0.99746,0.69997,0.96698,0.72525,0.93327,0.7571,0.88743,0.77641,0.85447,0.79234,0.8277,0.77442,0.82498,0.76566,0.8173,0.75531,0.80416,0.74914,0.79475,0.74118,0.79078,0.72804,0.79623,0.69261,0.8163,0.66334,0.82498,0.63727,0.82448,0.61437,0.81953,0.59487,0.80144,0.58571,0.77864,0.58312,0.74072,0.57994,0.72635,0.57224,0.71948,0.55701,0.72053,0.54015,0.72972,0.52782,0.74402,0.5197,0.75412,0.5079,0.76015,0.49515,0.76173,0.47134,0.75467,0.44699,0.72935,0.42221,0.70985,0.40766,0.69896,0.39965,0.69686,0.38385,0.69581,0.35908,0.70322,0.33938,0.70742,0.32051,0.69955,0.30197,0.68669,0.28077,0.68345,0.25674,0.68882,0.23208,0.69827,0.20658,0.70982,0.18318,0.72766,0.16423,0.74522,0.14241,0.7767,0.14811,0.79927,0.16971,0.82485,0.1499,0.82393,0.12144,0.81527,0.0854,0.7847,0.06163,0.75612,0.04445,0.72345,0.02653,0.68698,0.00929,0.62696,0.00128,0.57291,0.00342,0.50348,0.0148,0.44524,0.02797,0.40798,0.04606,0.37011,0.08316,0.31291,0.11305,0.276,0.1479,0.24089,0.12301,0.65915,0.12965,0.47248,0.18192,0.3102,0.25207,0.20949,0.3434,0.1345,0.40537,0.08451,0.4206,0.05882,0.56018,0.05897,0.63295,0.11383,0.67965,0.15446,0.73503,0.22012,0.76814,0.26412,0.80451,0.32638,0.83813,0.41841,0.84789,0.459,0.85761,0.53815,0.85594,0.60781,0.8532,0.64501,0.84665,0.68356,0.82977,0.74036,0.80365,0.8012,0.78792,0.76128,0.79993,0.68351,0.79945,0.58408,0.79624,0.50223,0.78111,0.37912,0.71272,0.26406,0.61716,0.16927,0.68305,0.77335,0.68639,0.65025,0.69516,0.5346,0.69088,0.43246,0.68277,0.36887,0.60245,0.22743,0.56955,0.68801,0.57887,0.57168,0.57513,0.46684,0.56651,0.36267,0.54373,0.29636,0.46391,0.67783,0.48843,0.5676,0.47762,0.47628,0.47171,0.38023,0.46145,0.28147,0.46531,0.19422,0.45451,0.09207,0.51536,0.10296,0.56907,0.21935,0.34222,0.65944,0.3689,0.57289,0.37927,0.49444,0.38694,0.39976,0.39353,0.29628,0.40172,0.23541,0.41861,0.15156,0.35281,0.23875,0.32125,0.31447,0.29838,0.39967,0.27387,0.48825,0.26241,0.55858,0.24877,0.64582,0.18465,0.67078,0.20594,0.51186,0.21472,0.38403,0.24085,0.30695,0.29251,0.23327,0.33872,0.19003,0.39088,0.19008,0.61976,0.71916,0.72735,0.73102],"userEdges":[72,90,90,91,91,92,92,93,93,94,94,95,95,96,96,7,8,97,97,98,98,99,99,100,100,101,101,102,102,103,103,104,104,105,105,106,106,107,107,108,108,109,109,110],"path":"Layer 177","triangles":[18,105,19,105,106,19,19,106,20,106,21,20,106,107,21,17,105,18,107,22,21,107,108,22,16,104,17,104,105,17,108,23,22,108,109,23,15,103,16,103,104,16,109,24,23,14,102,15,102,103,15,34,25,24,110,34,24,109,110,24,102,115,103,113,107,106,104,114,105,113,106,105,114,113,105,112,108,107,113,112,107,112,109,108,103,114,104,101,102,14,13,101,14,34,33,25,111,110,109,115,114,103,112,111,109,32,26,25,33,32,25,100,101,13,115,121,114,159,111,112,114,120,113,119,112,113,111,36,110,101,115,102,36,35,110,35,34,110,37,36,111,119,159,112,120,119,113,101,116,115,121,120,114,116,122,115,38,37,111,39,38,111,159,39,111,12,100,13,32,31,26,31,27,26,122,121,115,100,116,101,12,99,100,159,40,39,159,118,40,31,30,27,30,28,27,99,116,100,119,118,159,118,41,40,158,118,119,123,122,116,99,123,116,11,99,12,117,123,99,11,98,99,125,119,120,121,126,120,29,28,30,123,127,122,118,42,41,126,125,120,122,126,121,127,126,122,124,158,119,125,124,119,43,42,118,158,43,118,98,117,99,45,44,158,158,44,43,128,127,123,46,45,158,97,98,11,10,97,11,47,46,158,97,117,98,136,137,117,97,136,117,137,123,117,124,48,158,48,47,158,137,128,123,124,49,48,130,124,125,127,132,126,131,130,126,126,130,125,130,129,124,132,131,126,136,134,137,9,97,10,124,50,49,51,50,124,129,51,124,134,128,137,128,132,127,134,133,128,9,8,97,8,136,97,129,52,51,133,132,128,129,55,52,129,56,55,8,135,136,55,54,52,54,53,52,7,135,8,135,134,136,129,57,56,135,144,134,139,129,130,131,140,130,7,96,135,132,141,131,140,139,130,139,60,59,143,133,134,139,59,129,133,142,132,141,140,131,6,96,7,142,141,132,144,157,134,157,143,134,59,58,129,58,57,129,143,142,133,95,144,135,96,95,135,139,61,60,139,138,61,6,5,96,95,94,144,5,95,96,94,157,144,146,141,142,145,142,143,4,94,95,5,4,95,157,145,143,147,140,141,156,145,157,94,156,157,145,146,142,138,62,61,146,147,141,148,139,140,147,148,140,149,138,139,148,149,139,3,94,4,155,146,145,138,63,62,150,65,138,149,150,138,64,63,138,156,155,145,150,66,65,65,64,138,154,147,146,155,154,146,153,148,147,154,153,147,93,154,155,152,149,148,153,152,148,150,67,66,152,151,150,2,1,93,152,150,149,0,92,1,150,68,67,92,153,154,151,68,150,91,152,153,90,151,152,151,69,68,91,90,152,92,91,153,87,91,92,151,70,69,88,87,92,89,88,92,0,89,92,90,71,151,151,71,70,82,90,91,87,86,91,73,75,74,90,72,71,90,78,72,78,77,72,82,81,90,83,82,91,76,75,73,72,76,73,86,85,91,77,76,72,79,78,90,85,84,91,84,83,91,80,79,90,81,80,90,154,92,93,1,92,93,93,156,94,93,155,156,2,3,94,93,2,94],"type":"mesh","transform":{},"width":427,"height":343,"name":"Layer 177","edges":[82,81,81,80,80,79,79,78,78,77,77,76,76,75,75,74,74,73,73,72,72,71,71,70,70,69,69,68,68,67,67,66,66,65,65,64,64,63,63,62,62,61,61,60,60,59,59,58,58,57,57,56,56,55,55,54,54,53,53,52,52,51,51,50,50,49,49,48,48,47,47,46,46,45,45,44,44,43,43,42,42,41,41,40,40,39,39,38,38,37,37,36,36,35,35,34,34,33,33,32,32,31,31,30,30,29,29,28,28,27,27,26,26,25,25,24,24,23,23,22,22,21,21,20,20,19,19,18,18,17,17,16,16,15,15,14,14,13,13,12,12,11,11,10,10,9,9,8,8,7,7,6,6,5,5,4,4,3,3,2,2,1,1,0,0,89,89,88,88,87,87,86,86,85,85,84,84,83,83,82]}],"name":"Layer 177"},{"display":[{"path":"Layer 187","type":"image","name":"Layer 187","transform":{"y":2.9,"skX":-78.01,"skY":-78.01,"x":21.86}}],"name":"Layer 187"},{"display":[{"path":"Layer 181","type":"image","name":"Layer 181","transform":{"y":-4.72,"skX":-90.79,"skY":-90.79,"x":84.36}}],"name":"Layer 181"},{"display":[{"path":"Layer 179","type":"image","name":"Layer 179","transform":{"y":-1.26,"skX":165.66,"skY":165.66,"x":24.16}}],"name":"Layer 179"},{"display":[{"path":"Layer 185","type":"image","name":"Layer 185","transform":{"y":37.89,"skX":125.71,"skY":125.71,"x":46.77}}],"name":"Layer 185"},{"display":[{"weights":[1,15,1,1,15,1,1,15,1,1,15,1,1,15,1,1,15,1,1,15,1,2,13,0.00832,15,0.99168,2,13,0.08462,15,0.91538,2,13,0.37528,15,0.62472,2,13,0.92463,15,0.07537,2,13,0.99878,15,0.00122,1,13,1,1,13,1,1,13,1,1,13,1,1,13,1,1,13,1,1,13,1,1,13,1,1,13,1,1,13,1,1,13,1,1,13,1,2,13,0.89588,15,0.10412,2,13,0.7234,15,0.2766,2,13,0.53984,15,0.46016,2,13,0.24966,15,0.75034,2,13,0.07106,15,0.92894,2,13,0.02342,15,0.97658,2,13,0.00831,15,0.99169,1,15,1,1,15,1,1,15,1,1,15,1,1,15,1,1,15,1,1,15,1,1,15,1,1,15,1,1,15,1,1,15,1,1,15,1,1,15,1,1,13,1,1,13,1,2,13,0.97883,15,0.02117,2,13,0.68309,15,0.31691,2,13,0.41044,15,0.58956,2,13,0.01894,15,0.98106,1,15,1,1,15,1,1,15,1,1,15,1,1,15,1,1,15,1,1,15,1,1,15,1,1,15,1,1,15,1,1,15,1,1,15,1,1,15,1,1,15,1,1,15,1,1,15,1],"bonePose":[15,0.25595195043920105,0.9666895049944262,-0.9666895049944262,0.25595195043920105,66.97037070478312,-358.87485414465186,13,0.4826710759924462,0.8758017083794106,-0.8758017083794106,0.4826710759924462,45.64277300424614,-397.20063628049417],"slotPose":[1,0,0,1,0,0],"vertices":[111.84,-294.65,103.33,-310.53,104.22,-320.19,104.01,-337.46,100.23,-340.33,98.4,-354.9,91.27,-359.81,81.23,-362.39,76,-362.1,71.88,-361.33,69.88,-363.8,73.8,-363.32,80.63,-363.43,85.15,-363.58,76.97,-378.71,65.71,-391.47,57.47,-410.92,52.36,-416.66,48.92,-414.56,43.78,-408.49,38.24,-395.08,36.72,-385.05,37.54,-377.95,40.37,-377.25,47.14,-363.91,47.53,-359.54,44.07,-354.08,48.7,-346.59,45.13,-340.29,42.66,-334.23,42.21,-328.35,55.09,-314.06,56.71,-310.02,59.62,-307.09,62.67,-305.27,68.77,-294.01,79.71,-277.29,88.02,-270.24,92.85,-267.75,101.42,-266.89,108.07,-268.27,112.37,-271.59,115.9,-278.87,114.98,-288.15,51.33,-394.12,70.8,-372,51.51,-369.34,57.88,-358.19,59.83,-354.83,63.72,-341.56,90.27,-349.7,90.99,-318.37,94.7,-301.92,97.71,-293.24,101.97,-283.34,72.23,-302.26,78.07,-294.12,85.33,-285.62,95.07,-279.08,104.62,-277.14,110.64,-283.51,106.74,-294.84,72.23,-307.04,82.67,-295.9,93.47,-284.39,106.57,-285.98],"uvs":[0.66743,0.81072,0.59347,0.70549,0.60139,0.64152,0.59976,0.52711,0.56689,0.50811,0.55107,0.41168,0.48913,0.37908,0.40178,0.36193,0.35644,0.36378,0.32052,0.36888,0.30318,0.35242,0.33726,0.35567,0.39661,0.35497,0.43587,0.35405,0.36489,0.25379,0.26716,0.16923,0.19562,0.04031,0.15119,0.0023,0.12136,0.01621,0.07662,0.05631,0.02823,0.14508,0.01501,0.21149,0.02201,0.25855,0.04666,0.26318,0.1054,0.35157,0.10874,0.38055,0.07861,0.4167,0.11879,0.46632,0.08774,0.50805,0.06614,0.54814,0.06218,0.58708,0.17418,0.68181,0.18821,0.70855,0.21347,0.72802,0.23994,0.74007,0.29294,0.81473,0.3879,0.92552,0.46002,0.97225,0.50202,0.98871,0.57658,0.9945,0.63441,0.98546,0.67184,0.96344,0.70258,0.91523,0.69467,0.85381,0.14206,0.15156,0.31121,0.29819,0.14342,0.31567,0.19875,0.38955,0.21566,0.41183,0.24943,0.49977,0.48035,0.44599,0.48629,0.65347,0.5185,0.7625,0.5446,0.81996,0.58147,0.88562,0.32303,0.76004,0.37376,0.81399,0.43681,0.8703,0.52141,0.91372,0.60451,0.92666,0.65689,0.8845,0.62311,0.80946,0.32306,0.72839,0.41379,0.8023,0.5076,0.87855,0.6215,0.86807],"userEdges":[23,46,46,10,27,48,55,56,56,57,57,58,58,59,59,60,60,61,62,63,63,64,64,54,54,65,65,61],"path":"Layer 183","triangles":[1,61,0,59,41,42,60,59,42,43,60,42,59,40,41,54,59,65,1,52,61,65,59,60,52,53,61,53,65,61,59,39,40,51,2,3,4,51,3,53,54,65,5,50,4,54,58,59,58,39,59,51,1,2,58,38,39,53,64,54,51,52,1,64,58,54,50,51,4,50,49,51,37,38,58,6,50,5,52,63,53,36,37,58,57,36,58,64,57,58,51,62,52,62,63,52,14,12,13,7,50,6,49,62,51,8,9,50,9,49,50,7,8,50,62,55,63,49,31,62,14,45,12,63,56,57,56,36,57,56,35,36,45,11,12,55,56,63,48,49,9,55,35,56,15,45,14,31,32,33,31,33,62,45,10,11,33,34,62,15,46,45,10,48,9,62,34,55,34,35,55,30,31,49,45,46,10,46,47,10,47,48,10,29,30,49,44,46,15,16,44,15,28,29,49,44,23,46,27,28,49,48,27,49,46,24,47,19,44,16,47,27,48,25,26,27,24,25,47,25,27,47,18,19,16,17,18,16,21,23,44,20,21,44,19,20,44,23,24,46,21,22,23,0,61,43,61,60,43,61,65,60,57,63,64,63,64,53],"type":"mesh","transform":{},"width":115,"height":151,"name":"Layer 183","edges":[21,22,22,23,23,24,24,25,25,26,26,27,27,28,28,29,29,30,30,31,31,32,32,33,33,34,34,35,35,36,36,37,37,38,38,39,39,40,40,41,41,42,42,43,43,0,0,1,1,2,2,3,3,4,4,5,5,6,6,7,7,8,8,9,9,10,10,11,11,12,12,13,13,14,14,15,15,16,16,17,17,18,18,19,19,20,20,21]}],"name":"Layer 183"}]}],"name":"Demeres","slot":[{"name":"Layer 176","parent":"shadow","color":{}},{"z":1,"name":"Layer 177","parent":"bone16","color":{}},{"z":2,"name":"Layer 178","parent":"root","color":{}},{"z":3,"name":"Layer 179","parent":"bone9","color":{}},{"z":4,"name":"Layer 180","parent":"root","color":{}},{"z":5,"name":"Layer 181","parent":"bone10","color":{}},{"z":6,"name":"Layer 182","parent":"bone15","color":{}},{"z":7,"name":"Layer 183","parent":"root","color":{}},{"z":8,"name":"Layer 184","parent":"bone7","color":{}},{"z":9,"name":"Layer 185","parent":"bone5","color":{}},{"z":10,"name":"Layer 186","parent":"bone8","color":{}},{"z":11,"name":"Layer 187","parent":"bone6","color":{}}],"ik":[{"bone":"bone17","bendPositive":"false","name":"IKCapeRight","target":"IKCapeRight"},{"bone":"bone18","bendPositive":"false","name":"IKCapeLeft","target":"IKCapeLeft"}]}],"name":"Demeres","version":"5.0"}