{"width":512,"imagePath":"Demeres_tex.png","height":1024,"name":"Demeres","SubTexture":[{"frameWidth":439,"y":875,"frameX":-1,"frameHeight":36,"frameY":-1,"width":437,"height":34,"name":"Layer 176","x":1},{"width":427,"y":1,"height":343,"name":"Layer 177","x":1},{"width":75,"y":346,"height":125,"name":"Layer 178","x":423},{"frameWidth":55,"y":42,"frameX":-1,"frameHeight":18,"frameY":-1,"width":53,"height":16,"name":"Layer 179","x":430},{"width":98,"y":487,"height":157,"name":"Layer 180","x":388},{"frameWidth":270,"y":346,"frameX":-1,"frameHeight":307,"frameY":-1,"width":268,"height":305,"name":"Layer 181","x":1},{"width":335,"y":653,"height":220,"name":"Layer 182","x":1},{"width":115,"y":487,"height":151,"name":"Layer 183","x":271},{"frameWidth":30,"y":640,"frameX":-1,"frameHeight":40,"frameY":-1,"width":28,"height":38,"name":"Layer 184","x":338},{"frameWidth":152,"y":346,"frameX":-1,"frameHeight":141,"frameY":-1,"width":150,"height":139,"name":"Layer 185","x":271},{"frameWidth":79,"y":1,"frameX":-1,"frameHeight":41,"frameY":-1,"width":77,"height":39,"name":"Layer 186","x":430},{"frameWidth":17,"y":640,"frameX":-1,"frameHeight":56,"frameY":-1,"width":15,"height":54,"name":"Layer 187","x":368}]}