{"frameRate":30,"isGlobal":0,"armature":[{"bone":[{"name":"root","transform":{}},{"transform":{"y":-17.43,"x":29.53},"name":"shadow","parent":"root"},{"transform":{"y":-152.14,"x":191.29},"name":"Claw Right","parent":"root"},{"transform":{"y":-2.61,"x":199.79},"name":"IKFOOTLEFT","parent":"root"},{"transform":{"y":-0.39,"x":-170.86},"name":"IKFOOTRight","parent":"root"},{"transform":{"y":-166.85,"x":0.64},"name":"mid","parent":"root"},{"transform":{"y":-188.77,"x":-227.76},"name":"Claw LEft","parent":"root"},{"length":95,"transform":{"skX":129.05,"skY":129.05,"y":20.78,"x":-37.15},"parent":"mid","name":"leg left A"},{"length":118,"transform":{"skX":53.87,"skY":53.87,"y":17.98,"x":58.89},"parent":"mid","name":"leg Right B"},{"length":109,"transform":{"skX":-121.08,"skY":-121.08,"y":-19.29,"x":-1.93},"parent":"mid","name":"body top"},{"length":107,"transform":{"skX":7.2,"skY":7.2,"y":-12.24,"x":92.97},"parent":"leg left A","name":"leg left B"},{"length":47,"transform":{"skX":-21.59,"skY":-21.59,"y":-2.2,"x":110.94},"parent":"body top","name":"head"},{"length":162,"transform":{"skX":-13.75,"skY":-13.75,"y":-11.17,"x":108.09},"parent":"body top","name":"left wing"},{"length":81,"transform":{"skX":3.39,"skY":3.39,"y":-20.92,"x":121.15},"parent":"leg Right B","name":"leg Right B2"},{"length":63,"transform":{"skX":-79,"skY":-79,"y":-53.48,"x":111.81},"parent":"body top","name":"left arm"},{"length":89,"transform":{"skX":148.93,"skY":148.93,"y":70.96,"x":84.11},"parent":"body top","name":"right armA"},{"length":238,"transform":{"skX":89.77,"skY":89.77,"y":45.61,"x":66.5},"parent":"body top","name":"right wing"},{"length":145,"transform":{"skX":20.91,"skY":20.91,"y":-0.3,"x":90.02},"parent":"right armA","name":"right ARm B"},{"length":75,"transform":{"skX":-20.1,"skY":-20.1,"x":63.67},"parent":"left arm","name":"left arm b"}],"type":"Armature","name":"Bonemask","defaultActions":[{"gotoAndPlay":"Attack"}],"aabb":{"width":605.9932151731275,"y":-470.7396029398293,"height":485.613442666211,"x":-277.28471077645554},"animation":[{"ik":[],"frame":[],"bone":[{"frame":[{"curve":[0.25,0,1,0.69],"transform":{},"duration":10},{"curve":[0.25,0,0.277,0.97],"transform":{"x":41},"duration":5},{"curve":[0.25,0,0.75,1],"transform":{"x":-62.32},"duration":5},{"curve":[0.25,0,0.75,1],"transform":{"x":41},"duration":10},{"transform":{},"duration":0}],"name":"root"},{"frame":[{"curve":[0.25,0,1,0.69],"transform":{},"duration":10},{"curve":[0.25,0,0.277,0.97],"transform":{"y":-105.78,"x":115.62},"duration":5},{"curve":[0.25,0,0.75,1],"transform":{"y":-59.04,"x":-268.14},"duration":5},{"curve":[0.25,0,0.75,1],"transform":{"y":-105.78,"x":115.62},"duration":10},{"transform":{},"duration":0}],"name":"mid"},{"frame":[{"transform":{},"duration":10},{"curve":[0.332,0.29,0.348,0.82],"transform":{},"duration":5},{"curve":[0.538,0.34,1,0.75],"transform":{"x":-49.08},"duration":15},{"transform":{},"duration":0}],"name":"body top"},{"frame":[{"transform":{},"duration":30},{"transform":{},"duration":0}],"name":"head"},{"frame":[{"curve":[0.25,0,1,0.69],"transform":{},"duration":10},{"curve":[0.25,0,0.277,0.97],"transform":{"y":-70.52,"x":164},"duration":5},{"curve":[0.25,0,0.75,1],"transform":{"y":-29.52,"x":-278.8},"duration":5},{"curve":[0.25,0,0.75,1],"transform":{"y":-70.52,"x":164},"duration":10},{"transform":{},"duration":0}],"name":"Claw LEft"},{"frame":[{"transform":{"skX":-5.72,"skY":-5.72},"duration":30},{"transform":{"skX":-5.72,"skY":-5.72},"duration":0}],"name":"left arm"},{"frame":[{"transform":{"skX":15.95,"skY":15.95},"duration":30},{"transform":{"skX":15.95,"skY":15.95},"duration":0}],"name":"left arm b"},{"frame":[{"curve":[0.25,0,1,0.69],"transform":{},"duration":10},{"curve":[0.25,0,0.277,0.97],"transform":{"y":-93.48,"x":-139.4},"duration":5},{"curve":[0.25,0,0.75,1],"transform":{"scX":1.16,"y":32.8,"x":-851.98},"duration":5},{"curve":[0.25,0,0.75,1],"transform":{"scX":1.16,"y":-93.48,"x":-139.4},"duration":10},{"transform":{},"duration":0}],"name":"Claw Right"},{"frame":[{"curve":[0.25,0,1,0.69],"transform":{"skX":-9.31,"skY":-9.31},"duration":10},{"curve":[0.25,0,0.277,0.97],"transform":{"skX":33.17,"skY":33.17},"duration":5},{"curve":[0.25,0,0.75,1],"transform":{"skX":33.17,"skY":33.17,"y":-50.4,"x":-28.02},"duration":5},{"curve":[0.25,0,0.75,1],"transform":{"skX":33.17,"skY":33.17},"duration":10},{"transform":{"skX":-9.31,"skY":-9.31},"duration":0}],"name":"right armA"},{"frame":[{"curve":[0.25,0,1,0.69],"transform":{"skX":12.41,"skY":12.41},"duration":10},{"curve":[0.25,0,0.277,0.97],"transform":{"skX":105.55,"skY":105.55,"y":24.95,"x":23.65},"duration":5},{"curve":[0.25,0,0.75,1],"transform":{"skX":105.55,"skY":105.55,"scX":1.42,"y":37.43,"x":35.47},"duration":5},{"curve":[0.25,0,0.75,1],"transform":{"skX":105.55,"skY":105.55,"y":24.95,"x":23.65},"duration":10},{"transform":{"skX":12.41,"skY":12.41},"duration":0}],"name":"right ARm B"},{"frame":[{"curve":[0.25,0,1,0.69],"transform":{},"duration":10},{"curve":[0.25,0,0.277,0.97],"transform":{"skX":-30.46,"skY":-30.46},"duration":5},{"curve":[0.25,0,0.75,1],"transform":{"skX":-2.68,"skY":-2.68},"duration":5},{"curve":[0.25,0,0.75,1],"transform":{"skX":-30.46,"skY":-30.46},"duration":10},{"transform":{},"duration":0}],"name":"right wing"},{"frame":[{"curve":[0.25,0,1,0.69],"transform":{},"duration":10},{"curve":[0.25,0,0.277,0.97],"transform":{"skX":31.98,"skY":31.98},"duration":5},{"curve":[0.25,0,0.75,1],"transform":{"skX":-2.29,"skY":-2.29},"duration":5},{"curve":[0.25,0,0.75,1],"transform":{"skX":31.98,"skY":31.98},"duration":10},{"transform":{},"duration":0}],"name":"left wing"},{"frame":[{"curve":[0.2305,0,0.8160000000000001,0.57],"transform":{},"duration":5},{"curve":[0.538,0.34,1,0.75],"transform":{"y":-11.89,"x":14.18},"duration":5},{"curve":[0.25,0,0.277,0.97],"transform":{"skX":13.5,"skY":13.5,"x":135.3},"duration":5},{"curve":[0.25,0,0.75,1],"transform":{"skX":13.5,"skY":13.5,"y":-75.44,"x":-134.48},"duration":5},{"curve":[0.25,0,0.75,1],"transform":{"skX":13.5,"skY":13.5,"x":135.3},"duration":10},{"transform":{},"duration":0}],"name":"IKFOOTRight"},{"frame":[{"transform":{"skX":21,"skY":21},"duration":30},{"transform":{"skX":21,"skY":21},"duration":0}],"name":"leg left A"},{"frame":[{"transform":{"skX":-33.21,"skY":-33.21},"duration":30},{"transform":{"skX":-33.21,"skY":-33.21},"duration":0}],"name":"leg left B"},{"frame":[{"curve":[0.25,0,1,0.69],"transform":{},"duration":10},{"curve":[0.25,0,0.277,0.97],"transform":{"y":-0.82,"x":81.18},"duration":5},{"curve":[0.25,0,0.75,1],"transform":{"y":15.58,"x":-199.26},"duration":5},{"curve":[0.25,0,0.75,1],"transform":{"y":-0.82,"x":81.18},"duration":10},{"transform":{},"duration":0}],"name":"IKFOOTLEFT"},{"frame":[{"transform":{"skX":8.59,"skY":8.59},"duration":30},{"transform":{"skX":8.59,"skY":8.59},"duration":0}],"name":"leg Right B"},{"frame":[{"transform":{"skX":-29.42,"skY":-29.42},"duration":30},{"transform":{"skX":-29.42,"skY":-29.42},"duration":0}],"name":"leg Right B2"},{"frame":[{"curve":[0.25,0,1,0.69],"transform":{},"duration":10},{"curve":[0.388,0,0.602,0.5],"transform":{"scX":0.82},"duration":5},{"curve":[0.189,0.48,0.466,0.97],"transform":{"scX":1.14},"duration":5},{"curve":[0.25,0,0.75,1],"transform":{"scX":0.82},"duration":10},{"transform":{},"duration":0}],"name":"shadow"}],"slot":[],"name":"Attack","ffd":[],"duration":30},{"ik":[],"frame":[],"bone":[{"frame":[{"curve":[0.42,0.17,0.371,0.95],"transform":{},"duration":10},{"curve":[0.25,0,0.926,0.72],"transform":{"x":14.53},"duration":20},{"transform":{},"duration":0}],"name":"root"},{"frame":[{"curve":[0.42,0.17,0.371,0.95],"transform":{},"duration":10},{"curve":[0.25,0,0.926,0.72],"transform":{"y":10.38,"x":10.38},"duration":20},{"transform":{},"duration":0}],"name":"mid"},{"frame":[{"transform":{},"duration":30},{"transform":{},"duration":0}],"name":"body top"},{"frame":[{"transform":{},"duration":30},{"transform":{},"duration":0}],"name":"head"},{"frame":[{"transform":{},"duration":30},{"transform":{},"duration":0}],"name":"Claw LEft"},{"frame":[{"transform":{"skX":-5.72,"skY":-5.72},"duration":30},{"transform":{"skX":-5.72,"skY":-5.72},"duration":0}],"name":"left arm"},{"frame":[{"transform":{"skX":15.95,"skY":15.95},"duration":30},{"transform":{"skX":15.95,"skY":15.95},"duration":0}],"name":"left arm b"},{"frame":[{"transform":{},"duration":30},{"transform":{},"duration":0}],"name":"Claw Right"},{"frame":[{"transform":{"skX":-9.31,"skY":-9.31},"duration":30},{"transform":{"skX":-9.31,"skY":-9.31},"duration":0}],"name":"right armA"},{"frame":[{"transform":{"skX":12.41,"skY":12.41},"duration":30},{"transform":{"skX":12.41,"skY":12.41},"duration":0}],"name":"right ARm B"},{"frame":[{"curve":[0.42,0.17,0.371,0.95],"transform":{},"duration":10},{"curve":[0.25,0,0.926,0.72],"transform":{"skX":-30.29,"skY":-30.29},"duration":20},{"transform":{},"duration":0}],"name":"right wing"},{"frame":[{"curve":[0.42,0.17,0.371,0.95],"transform":{},"duration":10},{"curve":[0.25,0,0.926,0.72],"transform":{"skX":35.92,"skY":35.92},"duration":20},{"transform":{},"duration":0}],"name":"left wing"},{"frame":[{"transform":{},"duration":30},{"transform":{},"duration":0}],"name":"IKFOOTRight"},{"frame":[{"transform":{"skX":1.26,"skY":1.26},"duration":30},{"transform":{"skX":1.26,"skY":1.26},"duration":0}],"name":"leg left A"},{"frame":[{"transform":{"skX":3.81,"skY":3.81},"duration":30},{"transform":{"skX":3.81,"skY":3.81},"duration":0}],"name":"leg left B"},{"frame":[{"transform":{},"duration":30},{"transform":{},"duration":0}],"name":"IKFOOTLEFT"},{"frame":[{"transform":{"skX":8.59,"skY":8.59},"duration":30},{"transform":{"skX":8.59,"skY":8.59},"duration":0}],"name":"leg Right B"},{"frame":[{"transform":{"skX":-29.42,"skY":-29.42},"duration":30},{"transform":{"skX":-29.42,"skY":-29.42},"duration":0}],"name":"leg Right B2"},{"frame":[{"transform":{},"duration":30},{"transform":{},"duration":0}],"name":"shadow"}],"slot":[],"name":"Damage","ffd":[],"duration":30},{"ik":[],"frame":[],"bone":[{"frame":[{"transform":{},"duration":60},{"transform":{},"duration":0}],"name":"root"},{"frame":[{"tweenEasing":0,"transform":{},"duration":30},{"tweenEasing":0,"transform":{"y":8.35,"x":6},"duration":30},{"transform":{},"duration":0}],"name":"mid"},{"frame":[{"transform":{},"duration":60},{"transform":{},"duration":0}],"name":"body top"},{"frame":[{"transform":{},"duration":60},{"transform":{},"duration":0}],"name":"head"},{"frame":[{"tweenEasing":0,"transform":{},"duration":30},{"tweenEasing":0,"transform":{"y":14.78,"x":12.94},"duration":30},{"transform":{},"duration":0}],"name":"Claw LEft"},{"frame":[{"transform":{"skX":-5.72,"skY":-5.72},"duration":60},{"transform":{"skX":-5.72,"skY":-5.72},"duration":0}],"name":"left arm"},{"frame":[{"transform":{"skX":15.95,"skY":15.95},"duration":60},{"transform":{"skX":15.95,"skY":15.95},"duration":0}],"name":"left arm b"},{"frame":[{"tweenEasing":0,"transform":{},"duration":30},{"tweenEasing":0,"transform":{"skX":-63.57,"skY":-63.57,"y":-25.87},"duration":30},{"transform":{},"duration":0}],"name":"Claw Right"},{"frame":[{"transform":{"skX":-9.31,"skY":-9.31},"duration":60},{"transform":{"skX":-9.31,"skY":-9.31},"duration":0}],"name":"right armA"},{"frame":[{"transform":{"skX":12.41,"skY":12.41},"duration":60},{"transform":{"skX":12.41,"skY":12.41},"duration":0}],"name":"right ARm B"},{"frame":[{"tweenEasing":0,"transform":{},"duration":30},{"tweenEasing":0,"transform":{"skX":-17.91,"skY":-17.91},"duration":30},{"transform":{},"duration":0}],"name":"right wing"},{"frame":[{"tweenEasing":0,"transform":{},"duration":30},{"tweenEasing":0,"transform":{"skX":25.89,"skY":25.89},"duration":30},{"transform":{},"duration":0}],"name":"left wing"},{"frame":[{"transform":{},"duration":60},{"transform":{},"duration":0}],"name":"IKFOOTRight"},{"frame":[{"transform":{"skX":21,"skY":21},"duration":60},{"transform":{"skX":21,"skY":21},"duration":0}],"name":"leg left A"},{"frame":[{"transform":{"skX":-33.21,"skY":-33.21},"duration":60},{"transform":{"skX":-33.21,"skY":-33.21},"duration":0}],"name":"leg left B"},{"frame":[{"transform":{},"duration":60},{"transform":{},"duration":0}],"name":"IKFOOTLEFT"},{"frame":[{"transform":{"skX":8.59,"skY":8.59},"duration":60},{"transform":{"skX":8.59,"skY":8.59},"duration":0}],"name":"leg Right B"},{"frame":[{"transform":{"skX":-29.42,"skY":-29.42},"duration":60},{"transform":{"skX":-29.42,"skY":-29.42},"duration":0}],"name":"leg Right B2"},{"frame":[{"transform":{},"duration":60},{"transform":{},"duration":0}],"name":"shadow"}],"slot":[],"name":"Idle","ffd":[],"duration":60},{"ik":[],"frame":[],"bone":[{"frame":[{"curve":[0.711,0.11,1,0.58],"transform":{},"duration":10},{"curve":[0.064,0.24,0,1],"transform":{"y":-70.87,"x":85.79},"duration":5},{"curve":[0.25,0,1,0],"transform":{"y":-152.18,"x":20.89},"duration":5},{"curve":[0.25,0,1,0],"transform":{"y":-70.87,"x":85.79},"duration":10},{"transform":{},"duration":0}],"name":"mid"},{"frame":[{"curve":[0.649,0.13,1,0.58],"transform":{},"duration":10},{"curve":[0.064,0.24,0,1],"transform":{"y":-23.87,"x":-98.47},"duration":5},{"curve":[0.25,0,1,0],"transform":{"y":-23.87,"x":-251.4},"duration":5},{"curve":[0.25,0,1,0],"transform":{"y":-23.87,"x":-98.47},"duration":10},{"transform":{},"duration":0}],"name":"IKFOOTLEFT"},{"frame":[{"curve":[0.649,0.13,1,0.58],"transform":{"skX":1.26,"skY":1.26},"duration":10},{"transform":{"skX":1.26,"skY":1.26,"y":-22.38,"x":5.22},"duration":10},{"curve":[0.25,0,1,0],"transform":{"skX":1.26,"skY":1.26,"y":-22.38,"x":5.22},"duration":10},{"transform":{"skX":1.26,"skY":1.26},"duration":0}],"name":"leg left A"},{"frame":[{"curve":[0.649,0.13,1,0.58],"transform":{"skX":8.59,"skY":8.59},"duration":10},{"transform":{"skX":8.59,"skY":8.59,"y":-27.6,"x":-29.84},"duration":10},{"curve":[0.25,0,1,0],"transform":{"skX":8.59,"skY":8.59,"y":-27.6,"x":-29.84},"duration":10},{"transform":{"skX":8.59,"skY":8.59},"duration":0}],"name":"leg Right B"},{"frame":[{"curve":[0.649,0.13,1,0.58],"transform":{},"duration":10},{"curve":[0.064,0.24,0,1],"transform":{"x":33.57},"duration":5},{"curve":[0.25,0,1,0],"transform":{"x":-17.9},"duration":5},{"curve":[0.25,0,1,0],"transform":{"x":33.57},"duration":10},{"transform":{},"duration":0}],"name":"root"},{"frame":[{"transform":{},"duration":30},{"transform":{},"duration":0}],"name":"body top"},{"frame":[{"transform":{},"duration":30},{"transform":{},"duration":0}],"name":"head"},{"frame":[{"curve":[0.649,0.13,1,0.58],"transform":{},"duration":10},{"curve":[0.064,0.24,0,1],"transform":{"y":-47,"x":111.9},"duration":5},{"curve":[0.25,0,1,0],"transform":{"y":-124.58,"x":102.2},"duration":5},{"curve":[0.25,0,1,0],"transform":{"y":-47,"x":111.9},"duration":10},{"transform":{},"duration":0}],"name":"Claw LEft"},{"frame":[{"transform":{"skX":-5.72,"skY":-5.72},"duration":30},{"transform":{"skX":-5.72,"skY":-5.72},"duration":0}],"name":"left arm"},{"frame":[{"transform":{"skX":15.95,"skY":15.95},"duration":30},{"transform":{"skX":15.95,"skY":15.95},"duration":0}],"name":"left arm b"},{"frame":[{"curve":[0.649,0.13,1,0.58],"transform":{},"duration":10},{"curve":[0.064,0.24,0.473,0.73],"transform":{"y":-91.76,"x":85.04},"duration":3},{"curve":[0.189,0.15,0,1],"transform":{"y":-50.88,"x":-130.4},"duration":2},{"curve":[0.25,0,1,0],"transform":{"y":-220.82,"x":-364.05},"duration":5},{"curve":[0.25,0,1,0],"transform":{"y":-91.76,"x":85.04},"duration":10},{"transform":{},"duration":0}],"name":"Claw Right"},{"frame":[{"curve":[0.649,0.13,1,0.58],"transform":{"skX":-9.31,"skY":-9.31},"duration":10},{"curve":[0.064,0.24,0,1],"transform":{"skX":-25.42,"skY":-25.42},"duration":5},{"curve":[0.25,0,1,0],"transform":{"skX":-25.42,"skY":-25.42,"y":-16.52,"x":-10.07},"duration":5},{"curve":[0.25,0,1,0],"transform":{"skX":-25.42,"skY":-25.42},"duration":10},{"transform":{"skX":-9.31,"skY":-9.31},"duration":0}],"name":"right armA"},{"frame":[{"transform":{"skX":12.41,"skY":12.41},"duration":30},{"transform":{"skX":12.41,"skY":12.41},"duration":0}],"name":"right ARm B"},{"frame":[{"curve":[0.649,0.13,1,0.58],"transform":{},"duration":10},{"curve":[0.064,0.24,0,1],"transform":{"skX":-24.53,"skY":-24.53},"duration":5},{"curve":[0.25,0,1,0],"transform":{"skX":15.91,"skY":15.91},"duration":5},{"curve":[0.25,0,1,0],"transform":{"skX":-24.53,"skY":-24.53},"duration":10},{"transform":{},"duration":0}],"name":"right wing"},{"frame":[{"curve":[0.649,0.13,1,0.58],"transform":{},"duration":10},{"curve":[0.064,0.24,0,1],"transform":{"skX":27.18,"skY":27.18},"duration":5},{"curve":[0.25,0,1,0],"transform":{"skX":-24.78,"skY":-24.78},"duration":5},{"curve":[0.25,0,1,0],"transform":{"skX":27.18,"skY":27.18},"duration":10},{"transform":{},"duration":0}],"name":"left wing"},{"frame":[{"curve":[0.649,0.13,1,0.58],"transform":{},"duration":15},{"curve":[0.25,0,1,0],"transform":{"x":-26.86},"duration":15},{"transform":{},"duration":0}],"name":"IKFOOTRight"},{"frame":[{"transform":{"skX":3.81,"skY":3.81},"duration":30},{"transform":{"skX":3.81,"skY":3.81},"duration":0}],"name":"leg left B"},{"frame":[{"transform":{"skX":-29.42,"skY":-29.42},"duration":30},{"transform":{"skX":-29.42,"skY":-29.42},"duration":0}],"name":"leg Right B2"},{"frame":[{"curve":[0.649,0.13,1,0.58],"transform":{},"duration":10},{"curve":[0.064,0.24,0,1],"transform":{"scX":0.86},"duration":5},{"curve":[0.25,0,1,0],"transform":{"scX":1.14},"duration":5},{"curve":[0.25,0,1,0],"transform":{"scX":0.86},"duration":10},{"transform":{},"duration":0}],"name":"shadow"}],"slot":[],"name":"Skill","ffd":[],"duration":30}],"skin":[{"slot":[{"display":[{"slotPose":[1,0,0,1,0,0],"vertices":[-88.25,-314.34,-113.83,-292.84,-119.16,-259.55,-124.47,-226.28,-95.98,-204.65,-95.7,-181.12,-111.73,-165.58,-127.79,-150.04,-136.02,-124.28,-144.25,-98.53,-144.7,-69.21,-145.15,-39.89,-131.69,-46.59,-120.92,-36.06,-85.6,-51.03,-49.11,-64.72,-27.26,-59.06,-4.9,-54.07,17.75,-50.09,39.92,-47.41,50.36,-55.6,75.45,-48.8,98.92,-42.7,121.58,-36.63,143.98,-30.5,180.21,-33.42,176.01,-63.03,171.5,-85.6,166.98,-108.17,163.64,-136.17,148.09,-154.05,132.58,-171.74,117.48,-188.96,103.67,-205.77,95.09,-240.06,84.74,-260.43,74.51,-281.48,57.01,-292.2,39.71,-303.41,8.96,-319.5,-16.99,-320.32,-43.36,-321.11,-65.78,-317.75,66.9,-153.4,128.42,-90.88,-16.02,-248.19,-37.57,-124.67,-14.63,-177.15,26.81,-97.57,48.85,-227.66,-80.25,-267.78,-96.1,-102.58,34.58,-182.56,85.12,-101.62,-60.31,-215.78,31.39,-275.53,-72.03,-158.56,15.1,-144.89,-46.32,-281.21,103.14,-152.15,-0.34,-210.52,-9.94,-96.46,129.94,-126.76,-58.91,-100.2,-46.72,-178.13,73.63,-193.11,60.08,-128.58,13.59,-249.1,-97.78,-136.19,2.42,-285.23,126.56,-65.76,86.87,-75.11,-39.33,-245.94,-120.54,-67.34,48.66,-265.86,-19.17,-144.65,-29.53,-212.63,-96.06,-234.79,80.52,-224.98,24.31,-217.18,20.36,-69.46,-82.29,-77.47,40.58,-140.16,-18.43,-295.94,58.24,-81.66,95.72,-125.59,-74.09,-187.68,-72.58,-124.67,99.1,-177.57,52.01,-208.4,9.07,-166.38],"path":"body","weights":[1,9,1,2,9,0.99494,7,0.00506,2,9,0.96006,7,0.03994,2,9,0.89685,7,0.10315,2,9,0.69486,7,0.30514,2,9,0.32259,7,0.67741,2,9,0.10006,7,0.89994,2,9,0.0289,7,0.9711,2,9,0.0027,7,0.9973,1,7,1,1,7,1,1,7,1,1,7,1,1,7,1,2,7,0.99908,8,0.00092,2,7,0.92582,8,0.07418,2,7,0.79366,8,0.20634,2,7,0.63716,8,0.36284,2,7,0.47093,8,0.52907,2,7,0.34027,8,0.65973,2,7,0.24783,8,0.75217,2,7,0.07624,8,0.92376,2,7,0.01428,8,0.98572,2,7,0.00046,8,0.99954,1,8,1,1,8,1,1,8,1,1,8,1,1,8,1,1,8,1,2,9,0.00028,8,0.99972,2,9,0.01462,8,0.98538,2,9,0.08049,8,0.91951,2,9,0.23556,8,0.76444,2,9,0.51333,8,0.48667,2,9,0.64809,8,0.35191,2,9,0.74576,8,0.25424,2,9,0.81662,8,0.18338,2,9,0.88587,8,0.11413,2,9,0.95859,8,0.04141,2,9,0.98558,8,0.01442,2,9,0.99819,8,0.00181,1,9,1,2,9,0.01179,8,0.98821,1,8,1,2,9,0.98696,8,0.01304,2,7,0.96565,8,0.03435,3,9,0.75568,7,0.23668,8,0.00764,3,9,0.01381,7,0.37497,8,0.61122,2,9,0.66725,8,0.33275,2,9,0.98617,7,0.01383,2,9,0.00004,7,0.99996,3,9,0.55369,7,0.00529,8,0.44102,2,7,0.00983,8,0.99017,2,9,0.82266,7,0.17734,2,9,0.8719,8,0.1281,2,9,0.14299,7,0.85701,3,9,0.31269,7,0.27859,8,0.40872,2,9,0.99931,8,0.00069,2,9,0.00761,8,0.99239,2,9,0.97052,8,0.02948,3,9,0.00534,7,0.72072,8,0.27394,1,8,1,2,7,0.9841,8,0.0159,2,9,0.44756,7,0.55244,2,9,0.27774,8,0.72226,3,9,0.00495,7,0.03452,8,0.96054,2,9,0.90985,8,0.09015,2,9,0.02691,7,0.97309,2,9,0.95603,8,0.04397,1,8,1,2,7,0.03503,8,0.96497,2,9,0.99879,7,0.00121,1,7,1,2,9,0.79014,8,0.20986,3,9,0.15107,7,0.7725,8,0.07643,2,9,0.95422,7,0.04578,2,9,0.89683,7,0.10317,2,9,0.47179,8,0.52821,2,9,0.81786,8,0.18214,3,9,0.00007,7,0.457,8,0.54293,2,7,0.99802,8,0.00198,3,9,0.11238,7,0.09857,8,0.78905,2,9,0.98572,8,0.01428,2,7,0.15911,8,0.84089,1,8,1,2,9,0.47206,7,0.52794,2,9,0.00467,7,0.99533,2,9,0.08094,8,0.91906,2,9,0.54516,8,0.45484,3,9,0.65504,7,0.13985,8,0.20512],"userEdges":[],"triangles":[44,27,28,62,28,29,27,70,26,70,24,26,24,25,26,44,70,27,30,62,29,62,44,28,31,59,30,59,62,30,70,23,24,32,88,31,88,59,31,85,53,44,85,44,62,59,85,62,34,78,33,33,88,32,71,70,44,53,71,44,65,88,33,22,23,70,71,22,70,78,65,33,88,43,59,43,85,59,65,43,88,35,78,34,71,21,22,89,65,78,49,78,35,74,49,35,66,53,85,43,66,85,36,74,35,49,89,78,84,71,53,52,43,65,37,74,36,89,52,65,66,84,53,84,21,71,48,84,66,84,20,21,82,66,43,52,82,43,67,49,74,55,74,37,38,55,37,49,79,89,82,48,66,79,52,89,52,90,82,90,57,82,67,79,49,55,67,74,80,20,84,48,80,84,80,19,20,57,48,82,69,55,38,39,69,38,79,60,52,60,90,52,80,18,19,69,67,55,57,61,48,75,61,57,67,60,79,60,47,90,61,80,48,83,69,39,17,18,80,69,45,67,45,60,67,90,75,57,61,17,80,40,83,39,47,75,90,75,46,61,61,16,17,76,47,60,45,76,60,83,45,69,83,58,45,58,72,45,72,76,45,15,16,61,63,15,61,64,75,47,76,64,47,46,63,61,40,41,83,64,46,75,41,58,83,64,56,46,72,54,76,54,64,76,54,86,64,42,58,41,58,50,72,87,63,46,56,87,46,50,54,72,50,77,54,63,81,15,42,50,58,86,56,64,81,14,15,0,50,42,87,51,63,51,81,63,4,86,54,77,4,54,0,1,50,86,5,56,68,87,56,68,51,87,5,6,56,6,68,56,4,5,86,73,14,81,51,73,81,2,77,50,1,2,50,73,13,14,3,4,77,68,8,51,6,7,68,9,73,51,8,9,51,7,8,68,2,3,77,9,10,73,73,12,13,10,12,73,10,11,12],"uvs":[0.1637,0.0224,0.08561,0.08862,0.07053,0.18968,0.05544,0.29074,0.14418,0.35521,0.14595,0.42665,0.09715,0.47456,0.04835,0.52248,0.02417,0.60089,0,0.6793,0,0.76816,0,0.85703,0.04125,0.83612,0.07497,0.86748,0.18322,0.82043,0.29148,0.77339,0.35226,0.78471,0.41304,0.79604,0.47383,0.80737,0.53461,0.81869,0.56478,0.79604,0.63,0.82523,0.69522,0.85441,0.76044,0.8836,0.82566,0.91278,0.93747,0.9215,0.93924,0.83089,0.93658,0.76119,0.93392,0.69149,0.93747,0.60612,0.89887,0.54513,0.86027,0.48415,0.82167,0.42316,0.78307,0.36218,0.75645,0.24892,0.72095,0.18271,0.68546,0.1165,0.62689,0.08252,0.56833,0.04854,0.46717,0.0015,0.38465,0.00075,0.30213,0,0.23291,0.0112,0.65114,0.50788,0.80793,0.72463,0.38993,0.2194,0.32733,0.5934,0.39651,0.43482,0.51101,0.66391,0.60429,0.27714,0.1903,0.16319,0.1484,0.6648,0.55595,0.41085,0.68152,0.67152,0.25383,0.31999,0.543,0.13269,0.22,0.49402,0.48839,0.52214,0.29451,0.12109,0.76102,0.52897,0.44011,0.33248,0.40627,0.6698,0.83016,0.61801,0.26277,0.66932,0.29728,0.43353,0.68516,0.38908,0.61861,0.57894,0.48528,0.21348,0.1416,0.56302,0.44778,0.1054,0.78989,0.7989,0.67506,0.75157,0.31746,0.22773,0.07464,0.77272,0.60122,0.16184,0.38332,0.53063,0.34904,0.32826,0.14275,0.26381,0.70976,0.29211,0.52143,0.30854,0.48594,0.74891,0.19211,0.7401,0.56499,0.53703,0.38098,0.0747,0.59518,0.71959,0.72532,0.605,0.21241,0.40578,0.21993,0.59674,0.76035,0.44922,0.61531,0.33573,0.47161,0.46128],"type":"mesh","transform":{},"width":324,"edges":[9,10,10,11,11,12,12,13,13,14,14,15,15,16,16,17,17,18,18,19,19,20,20,21,21,22,22,23,23,24,24,25,25,26,26,27,27,28,28,29,29,30,30,31,31,32,32,33,33,34,34,35,35,36,36,37,37,38,38,39,39,40,40,41,41,42,42,0,0,1,1,2,2,3,3,4,4,5,5,6,6,7,7,8,8,9],"height":330,"name":"body","bonePose":[9,-0.5162344038056474,-0.8564473365755934,0.8564473365755934,-0.5162344038056474,-1.29,-186.14,7,-0.6299983391261325,0.7765964799677595,-0.7765964799677595,-0.6299983391261325,-36.51,-146.07,8,0.5896193390821546,0.807681270663325,-0.807681270663325,0.5896193390821546,59.53,-148.87]}],"name":"body"},{"display":[{"path":"leg Right","type":"image","name":"leg Right","transform":{"skX":-42.41,"skY":-42.41,"y":-15.79,"x":22}}],"name":"leg Right"},{"display":[{"slotPose":[1,0,0,1,0,0],"vertices":[-112.38,-214.15,-124.6,-223.39,-133.12,-215.79,-143.45,-215.51,-146.18,-205.96,-148.74,-195.91,-151.39,-185.6,-154.2,-175.16,-169.86,-167.43,-185.64,-159.69,-189.8,-144.33,-203.75,-136.68,-217.7,-129.02,-223.23,-141.44,-225.13,-154.86,-232.05,-145.92,-245.3,-136.45,-258.55,-126.99,-258.73,-138.86,-258.91,-150.73,-263.84,-156.22,-264.4,-170.52,-262.92,-182.07,-261.91,-194.81,-252.27,-198.57,-247.6,-209.65,-242.93,-220.73,-238.25,-231.81,-233.58,-242.91,-221.21,-254.93,-208.59,-267.08,-197.68,-271.78,-186.91,-276.26,-189.12,-263.7,-178.54,-267.82,-168.02,-271.33,-157.73,-274.45,-147.71,-277.41,-140.39,-274.98,-137.44,-284.44,-123.95,-283.75,-110.48,-283.07,-91.31,-281.46,-77.4,-270.91,-78.1,-257.43,-84.6,-247.53,-91.11,-237.62,-103.76,-230.5,-108.06,-222.32,-185.49,-198.38,-148.67,-246.6,-193.45,-236.79,-231.28,-183.5,-213.81,-209.84,-172.25,-217.74,-199.23,-180.24,-107.34,-256.2,-220.95,-232.96,-124.96,-246.3,-174.68,-247.79,-248.3,-163.45,-197.19,-219.11,-146.15,-230.57,-216.63,-190.43,-217.7,-172.04,-118.65,-271.07,-163.19,-233.11,-201.5,-250.57,-171.55,-189.2,-141.25,-264.62,-164.21,-203.71,-234.08,-202.12,-206.36,-155.62,-177.65,-178.35,-246.16,-178.34,-224.54,-219.44,-164.03,-259.26,-199.38,-201.02,-97.22,-270.02,-130.2,-259.96,-183.68,-208,-180.3,-230.84,-126.54,-236.39,-110.79,-241.35,-197.32,-169.19,-156.17,-218.06,-210.58,-226.47,-233.71,-170.4,-213.57,-240.76,-186.65,-189.43,-244.73,-148.38,-88.93,-260.43,-217.71,-204.54],"path":"left arm","weights":[1,14,1,2,14,0.99676,18,0.00324,2,14,0.94897,18,0.05103,2,14,0.74435,18,0.25565,2,14,0.3705,18,0.6295,2,14,0.16188,18,0.83812,2,14,0.06014,18,0.93986,2,14,0.02265,18,0.97735,2,14,0.00192,18,0.99808,1,18,1,1,18,1,1,18,1,1,18,1,1,18,1,1,18,1,1,18,1,1,18,1,1,18,1,1,18,1,1,18,1,1,18,1,1,18,1,1,18,1,1,18,1,1,18,1,1,18,1,1,18,1,1,18,1,2,14,0.00159,18,0.99841,2,14,0.02861,18,0.97139,2,14,0.10148,18,0.89852,2,14,0.1615,18,0.8385,2,14,0.17984,18,0.82016,2,14,0.25885,18,0.74115,2,14,0.55819,18,0.44181,2,14,0.78557,18,0.21443,2,14,0.92505,18,0.07495,2,14,0.98093,18,0.01907,2,14,0.99682,18,0.00318,1,14,1,1,14,1,1,14,1,1,14,1,1,14,1,1,14,1,1,14,1,1,14,1,1,14,1,1,14,1,2,14,0.00048,18,0.99952,2,14,0.99788,18,0.00212,2,14,0.04534,18,0.95466,1,18,1,1,18,1,2,14,0.02567,18,0.97433,1,18,1,1,14,1,2,14,0.00153,18,0.99847,1,14,1,2,14,0.46071,18,0.53929,1,18,1,1,18,1,2,14,0.96928,18,0.03072,1,18,1,1,18,1,1,14,1,2,14,0.80897,18,0.19103,2,14,0.08844,18,0.91156,2,14,0.01658,18,0.98342,2,14,0.99639,18,0.00361,2,14,0.10388,18,0.89612,1,18,1,1,18,1,2,14,0.00155,18,0.99845,1,18,1,1,18,1,2,14,0.81375,18,0.18625,1,18,1,1,14,1,1,14,1,2,14,0.00054,18,0.99946,2,14,0.0192,18,0.9808,1,14,1,1,14,1,1,18,1,2,14,0.4797,18,0.5203,2,14,0.00086,18,0.99914,1,18,1,2,14,0.0154,18,0.9846,2,14,0.00013,18,0.99987,1,18,1,1,14,1,1,18,1],"userEdges":[],"triangles":[91,45,44,78,91,43,42,78,43,91,44,43,56,46,45,91,56,45,78,56,91,83,47,46,56,83,46,41,78,42,65,56,78,41,65,78,83,48,47,82,1,83,58,83,56,1,0,48,83,1,48,65,79,56,79,58,56,58,82,83,40,65,41,40,38,65,38,79,65,39,38,40,82,62,1,62,2,1,38,69,79,50,82,58,79,50,58,50,62,82,69,50,79,62,3,2,62,85,3,85,4,3,38,37,69,37,36,69,76,50,69,36,76,69,50,66,62,66,85,62,70,5,4,85,70,4,59,66,50,76,59,50,70,6,5,68,7,6,70,68,6,35,76,36,66,54,85,54,70,85,68,8,7,73,8,68,81,54,66,59,81,66,35,34,76,34,59,76,54,80,70,49,68,70,80,49,70,51,81,59,34,33,59,81,80,54,73,9,8,89,73,68,49,89,68,61,80,81,33,67,59,67,51,59,84,9,73,89,55,73,55,84,73,51,61,81,31,33,32,77,49,80,61,77,80,77,89,49,72,10,9,31,30,33,30,67,33,77,55,89,84,72,9,67,88,51,88,86,51,86,61,51,72,11,10,63,55,77,53,77,61,86,53,61,30,29,67,55,64,84,64,72,84,92,63,77,29,88,67,53,92,77,63,64,55,75,53,86,88,57,86,72,13,11,64,14,72,13,12,11,14,13,72,57,75,86,29,28,88,28,57,88,52,64,63,75,92,53,87,14,64,71,52,63,71,63,92,75,71,92,27,75,57,52,87,64,28,27,57,26,71,75,27,26,75,26,25,71,87,60,14,60,90,14,90,15,14,71,24,52,24,74,52,74,87,52,25,24,71,90,16,15,74,60,87,23,22,24,60,19,90,18,16,90,19,18,90,24,22,74,21,60,74,22,21,74,18,17,16,20,19,60,21,20,60],"uvs":[0.82968,0.44754,0.76224,0.39176,0.71873,0.44488,0.66217,0.45285,0.64368,0.51991,0.62519,0.58697,0.60669,0.65403,0.5882,0.72109,0.50227,0.76624,0.41633,0.81139,0.39023,0.90965,0.31408,0.95483,0.23794,1,0.21183,0.91762,0.20531,0.82998,0.16615,0.88575,0.09327,0.94288,0.02039,1,0.02256,0.92296,0.02474,0.84591,0,0.80873,0.00081,0.71578,0.01169,0.64141,0.02039,0.55908,0.0726,0.53784,0.10034,0.46746,0.12808,0.39708,0.15581,0.3267,0.18355,0.25632,0.25208,0.18328,0.32061,0.11025,0.37826,0.08369,0.43591,0.05713,0.42069,0.13946,0.47181,0.11688,0.52294,0.09431,0.57406,0.07174,0.62519,0.04916,0.66434,0.06244,0.6774,0,0.74919,0,0.82098,0,0.92323,0.00401,1,0.06775,1,0.15539,0.96814,0.22179,0.93629,0.28819,0.87102,0.33865,0.85035,0.39309,0.42734,0.56055,0.62809,0.24922,0.39503,0.30964,0.1801,0.64228,0.27991,0.47709,0.50296,0.43938,0.34954,0.67372,0.84496,0.17316,0.24804,0.32486,0.75406,0.24327,0.49384,0.24629,0.08447,0.76682,0.37069,0.42228,0.64582,0.35268,0.25983,0.60203,0.24929,0.72098,0.78082,0.08048,0.55464,0.34168,0.35505,0.21895,0.49933,0.62465,0.6626,0.1299,0.54339,0.53291,0.17021,0.52062,0.30521,0.8311,0.46373,0.6929,0.09976,0.67095,0.2254,0.41134,0.54565,0.17204,0.35424,0.53898,0.89493,0.08014,0.7225,0.15641,0.43948,0.49872,0.46346,0.35187,0.74839,0.308,0.83066,0.27058,0.35682,0.74606,0.5921,0.43989,0.30144,0.3703,0.1638,0.72642,0.28925,0.27713,0.41883,0.61817,0.09941,0.8657,0.9416,0.13965,0.25781,0.51019],"type":"mesh","transform":{},"width":188,"edges":[20,19,19,18,18,17,17,16,16,15,15,14,14,13,13,12,12,11,11,10,10,9,9,8,8,7,7,6,6,5,5,4,4,3,3,2,2,1,1,0,0,48,48,47,47,46,46,45,45,44,44,43,43,42,42,41,41,40,40,39,39,38,38,37,37,36,36,35,35,34,34,33,33,32,32,31,31,30,30,29,29,28,28,27,27,26,26,25,25,24,24,23,23,22,22,21,21,20],"height":154,"name":"left arm","bonePose":[14,-0.9392141547429184,0.34333186792161513,-0.34333186792161513,-0.9392141547429184,-104.81297224957216,-254.29116078699107,18,-0.764021289333614,0.6451910332955675,-0.6451910332955675,-0.764021289333614,-164.61273748205377,-232.43122075642185]}],"name":"left arm"},{"display":[{"path":"shadow","type":"image","name":"shadow","transform":{"y":0.93,"x":41.18}}],"name":"shadow"},{"display":[{"path":"Wing Right","type":"image","name":"Wing Right","transform":{"skX":31.31,"skY":31.31,"y":24.12,"x":165.89}}],"name":"Wing Right"},{"display":[{"path":"Wing Left","type":"image","name":"Wing Left","transform":{"skX":134.82,"skY":134.82,"y":-22.02,"x":69.53}}],"name":"Wing Left"},{"display":[{"slotPose":[1,0,0,1,0,0],"vertices":[-1.37,-231.88,24.21,-232.83,45.02,-220.38,66.07,-207.84,66.27,-193.3,66.38,-178.85,84.63,-168.5,102.95,-158.23,112.91,-138.82,131.25,-131.04,149.59,-123.28,167.04,-123.41,156.76,-142.78,177.93,-133.21,199.12,-123.63,209.18,-123.7,209.05,-142.75,199.27,-158.92,208.98,-152.49,208.86,-169.94,201.27,-186.54,193.68,-203.13,200.04,-222.26,178.84,-234.7,169.32,-247.83,159.78,-260.95,150.25,-274.08,140.71,-287.21,118.58,-302.63,96.59,-318.15,91.86,-305.57,71.58,-312.86,51.08,-320.23,37.35,-323.95,23.59,-327.66,0.04,-327.92,-4.14,-309.97,-8.33,-292.04,-8.53,-272.97,-8.73,-253.88,120.37,-211.38,102.73,-256.9,37.95,-269.87,165.72,-182.74,73.79,-247.34,125.66,-174.47,154.46,-208.36,142.76,-243.29,71.55,-279.92,20.83,-307.48,95.52,-192.2,91.65,-223.01,13.14,-271.22,130.4,-265.05,50.47,-250.09,117.67,-239.83,50.64,-298.08,168.72,-154.38,143.56,-154.08,109.2,-282.79,132.4,-193.84,174.68,-213.32,155.17,-228.68,19.24,-251.65,189.59,-175.95,81.66,-263.34,147.21,-171.9,22.93,-287.74,90.72,-291.07,69.29,-232,108.24,-177.43,89.37,-243.61],"path":"Right Arm","weights":[1,15,1,2,15,0.99992,17,0.00008,2,15,0.95318,17,0.04682,2,15,0.62258,17,0.37742,2,15,0.38749,17,0.61251,2,15,0.30197,17,0.69803,2,15,0.19129,17,0.80871,2,15,0.06757,17,0.93243,2,15,0.01607,17,0.98393,2,15,0.00349,17,0.99651,2,15,0.00003,17,0.99997,1,17,1,2,15,0.00004,17,0.99996,1,17,1,1,17,1,1,17,1,1,17,1,1,17,1,1,17,1,1,17,1,1,17,1,1,17,1,1,17,1,1,17,1,1,17,1,1,17,1,1,17,1,2,15,0.00217,17,0.99783,2,15,0.12362,17,0.87638,2,15,0.3025,17,0.6975,2,15,0.43131,17,0.56869,2,15,0.83718,17,0.16282,2,15,0.97145,17,0.02855,2,15,0.99509,17,0.00491,2,15,0.99993,17,0.00007,1,15,1,1,15,1,1,15,1,1,15,1,1,15,1,2,15,0.02218,17,0.97782,1,17,1,1,15,1,1,17,1,2,15,0.99241,17,0.00759,2,15,0.0258,17,0.9742,1,17,1,1,17,1,2,15,0.90053,17,0.09947,1,15,1,2,15,0.20436,17,0.79564,2,15,0.41884,17,0.58116,1,15,1,1,17,1,2,15,0.99956,17,0.00044,1,17,1,2,15,0.97287,17,0.02713,1,17,1,2,15,0.0025,17,0.9975,2,15,0.11186,17,0.88814,2,15,0.00922,17,0.99078,1,17,1,1,17,1,1,15,1,1,17,1,2,15,0.95583,17,0.04417,2,15,0.0018,17,0.9982,1,15,1,2,15,0.47795,17,0.52205,2,15,0.891,17,0.109,2,15,0.08781,17,0.91219,2,15,0.85105,17,0.14895],"userEdges":[],"triangles":[17,13,16,13,14,16,16,14,15,20,64,19,64,17,19,19,17,18,57,13,17,61,21,22,21,64,20,23,61,22,64,57,17,43,64,21,61,43,21,43,57,64,46,43,61,57,12,13,62,61,23,24,62,23,43,66,57,62,46,61,66,58,57,25,47,24,47,62,24,12,10,11,58,12,57,46,60,43,60,66,43,26,53,25,53,47,25,40,46,62,9,10,12,58,9,12,47,40,62,40,60,46,55,40,47,60,45,66,27,53,26,45,58,66,8,9,58,45,8,58,53,55,47,59,53,27,28,59,27,7,8,45,41,55,53,70,45,60,40,70,60,50,70,40,59,41,53,55,51,40,70,7,45,51,50,40,29,30,28,68,59,28,30,68,28,41,71,55,71,51,55,65,41,59,6,7,70,68,65,59,50,6,70,65,71,41,48,65,68,5,6,50,51,3,50,3,4,50,71,69,51,4,5,50,65,44,71,69,3,51,31,68,30,44,69,71,31,48,68,31,56,48,54,44,65,48,54,65,2,3,69,42,54,48,54,69,44,32,56,31,56,42,48,54,2,69,33,49,56,67,42,56,33,56,32,42,63,54,63,1,54,1,2,54,49,67,56,34,49,33,67,52,42,52,63,42,49,37,67,35,49,34,63,0,1,36,37,49,35,36,49,37,52,67,52,39,63,39,0,63,37,38,52,38,39,52],"uvs":[0.03497,0.47078,0.15284,0.46481,0.2492,0.52452,0.34555,0.58422,0.34555,0.65487,0.34555,0.72553,0.42881,0.77628,0.51207,0.82703,0.55697,0.92256,0.64116,0.96128,0.72536,1,0.80581,1,0.75904,0.90464,0.85633,0.95232,0.95362,1,1,1,1,0.90663,0.95549,0.82703,1,0.85887,1,0.77329,0.96558,0.69169,0.93116,0.6101,0.9611,0.51656,0.86381,0.45486,0.82031,0.39018,0.77681,0.3255,0.73331,0.26082,0.68981,0.19614,0.58784,0.11951,0.48587,0.04289,0.46342,0.10459,0.368,0.06976,0.27258,0.03493,0.20897,0.01746,0.14536,0,0.03684,0,0.01842,0.08812,0,0.17623,0,0.26977,0,0.36331,0.59366,0.56705,0.51377,0.3434,0.21434,0.28255,0.80164,0.70906,0.38056,0.39112,0.61695,0.74817,0.75054,0.58311,0.69778,0.41147,0.36893,0.23133,0.13365,0.0991,0.47944,0.66026,0.46264,0.50927,0.09994,0.27717,0.64153,0.30437,0.27298,0.37887,0.58207,0.42759,0.2715,0.14353,0.8145,0.8482,0.69863,0.84883,0.54421,0.21655,0.64845,0.6535,0.8439,0.55948,0.75453,0.48352,0.12899,0.37281,0.91139,0.74323,0.4161,0.31227,0.71602,0.76156,0.14422,0.19572,0.45809,0.17568,0.36037,0.4663,0.53714,0.73306,0.4524,0.40853],"type":"mesh","transform":{},"width":217,"edges":[37,38,38,39,39,0,0,1,1,2,2,3,3,4,4,5,5,6,6,7,7,8,8,9,9,10,10,11,11,12,12,13,13,14,14,15,15,16,16,17,17,18,18,19,19,20,20,21,21,22,22,23,23,24,24,25,25,26,26,27,27,28,28,29,29,30,30,31,31,32,32,33,33,34,34,35,35,36,36,37],"height":204,"name":"Right Arm","bonePose":[15,0.8841736393202332,0.467158405180956,-0.467158405180956,0.8841736393202332,16.063027299311095,-294.8077787734219,17,0.6592145842574434,0.7519548735810454,-0.7519548735810454,0.6592145842574434,95.79648583247275,-253.0194312308283]}],"name":"Right Arm"},{"display":[{"path":"leg left","type":"image","name":"leg left","transform":{"skX":-131.36,"skY":-131.36,"y":2.83,"x":23.74}}],"name":"leg left"},{"display":[{"path":"head","type":"image","name":"head","transform":{"skX":142.67,"skY":142.67,"y":-2.02,"x":35.99}}],"name":"head"}],"name":""}],"slot":[{"name":"shadow","parent":"shadow","color":{}},{"z":1,"name":"Wing Left","parent":"left wing","color":{}},{"z":2,"name":"Wing Right","parent":"right wing","color":{}},{"z":3,"name":"leg Right","parent":"leg Right B2","color":{}},{"z":4,"name":"leg left","parent":"leg left B","color":{}},{"z":5,"name":"left arm","parent":"left arm","color":{}},{"z":6,"name":"body","parent":"body top","color":{}},{"z":7,"name":"head","parent":"head","color":{}},{"z":8,"name":"Right Arm","parent":"right armA","color":{}}],"frameRate":30,"ik":[{"bone":"leg left B","chain":1,"name":"IKFOOTRight","target":"IKFOOTRight"},{"bone":"leg Right B2","chain":1,"name":"IKFOOTLEFT","bendPositive":"false","target":"IKFOOTLEFT"},{"bone":"left arm b","chain":1,"name":"Claw LEft","bendPositive":"false","target":"Claw LEft"},{"bone":"right ARm B","chain":1,"name":"Claw Right","target":"Claw Right"}]}],"name":"Bonemask","version":"5.0"}