{"width":1024,"SubTexture":[{"frameY":-1,"y":277,"frameWidth":504,"frameX":-1,"frameHeight":25,"width":502,"height":23,"name":"shadow","x":327},{"frameY":-1,"y":1,"frameWidth":212,"frameX":-1,"frameHeight":276,"width":210,"height":274,"name":"Wing Left","x":327},{"frameY":-1,"y":333,"frameWidth":342,"frameX":-1,"frameHeight":277,"width":340,"height":275,"name":"Wing Right","x":1},{"frameY":-1,"y":816,"frameWidth":128,"frameX":-1,"frameHeight":107,"width":126,"height":105,"name":"leg Right","x":327},{"frameY":-1,"y":816,"frameWidth":136,"frameX":-1,"frameHeight":118,"width":134,"height":116,"name":"leg left","x":191},{"width":188,"y":816,"height":154,"name":"left arm","x":1},{"width":324,"y":1,"height":330,"name":"body","x":1},{"frameY":-1,"y":1,"frameWidth":86,"frameX":-1,"frameHeight":103,"width":84,"height":101,"name":"head","x":539},{"width":217,"y":610,"height":204,"name":"Right Arm","x":1}],"height":1024,"name":"Bonemask","imagePath":"Bonemask_tex.png"}