{"frameRate":30,"armature":[{"ik":[{"bendPositive":"false","name":"Mid Weight","bone":"Mid6","target":"Mid Weight"},{"bendPositive":"false","name":"Left Weight","bone":"Mid2","target":"Left Weight"},{"bendPositive":"false","name":"TorsoIk","bone":"Upper Top","target":"TorsoIk"},{"bendPositive":"false","name":"Right WEight","bone":"Mid5","target":"Right WEight"},{"target":"Right Arm IK","name":"Right Arm IK","bone":"Mid8","chain":1},{"target":"Left ArmIK","name":"Left ArmIK","bone":"Mid11","chain":1},{"bendPositive":"false","name":"Hat Tip Source IK","bone":"Hat Tail","target":"Hat Tip Source IK"},{"target":"HatMidIk","bendPositive":"false","name":"HatMidIk","bone":"Hat Top4","chain":1},{"bendPositive":"false","name":"Staff","bone":"Staff","target":"Staff2"},{"bendPositive":"false","name":"Hat TipIK","bone":"Hat Top5","target":"Hat TipIK"}],"type":"Armature","name":"Flynn","defaultActions":[{"gotoAndPlay":"Attack"}],"animation":[{"ik":[],"frame":[],"ffd":[],"bone":[{"frame":[{"duration":30,"transform":{}},{"duration":0,"transform":{}}],"name":"root"},{"frame":[{"duration":10,"curve":[0.644,0.32,0.89,0.72],"transform":{}},{"duration":5,"curve":[0.52,0.14,0.143,0.92],"transform":{"y":-28.12,"x":43.16}},{"duration":15,"curve":[0.152,0.3,0.822,0.5],"transform":{"y":-17,"x":-65.4}},{"duration":0,"transform":{}}],"name":"Mid"},{"frame":[{"duration":10,"curve":[0.644,0.32,0.89,0.72],"transform":{}},{"duration":20,"curve":[0.52,0.14,0.143,0.92],"transform":{"y":17,"x":0.65}},{"duration":0,"transform":{}}],"name":"TorsoIk"},{"frame":[{"duration":30,"transform":{"skX":-1.67,"skY":-1.67}},{"duration":0,"transform":{"skX":-1.67,"skY":-1.67}}],"name":"Upper Top"},{"frame":[{"duration":30,"transform":{}},{"duration":0,"transform":{}}],"name":"Mid3"},{"frame":[{"duration":30,"transform":{}},{"duration":0,"transform":{}}],"name":"Mid4"},{"frame":[{"duration":30,"transform":{}},{"duration":0,"transform":{}}],"name":"Brain"},{"frame":[{"duration":30,"transform":{}},{"duration":0,"transform":{}}],"name":"Hat Top"},{"frame":[{"duration":30,"transform":{}},{"duration":0,"transform":{}}],"name":"Feather"},{"frame":[{"duration":10,"curve":[0.644,0.32,0.89,0.72],"transform":{}},{"duration":5,"curve":[0.52,0.14,0.143,0.92],"transform":{"y":21.58,"x":37.28}},{"duration":15,"curve":[0.152,0.3,0.822,0.5],"transform":{"y":7.19,"x":137.34}},{"duration":0,"transform":{}}],"name":"Hat Tip Source IK"},{"frame":[{"duration":30,"transform":{"skX":-5.06,"skY":-5.06}},{"duration":0,"transform":{"skX":-5.06,"skY":-5.06}}],"name":"Hat Tail"},{"frame":[{"duration":15,"curve":[0.644,0.32,0.89,0.72],"transform":{}},{"duration":15,"curve":[0.152,0.3,0.822,0.5],"transform":{"y":-29.43,"x":41.2}},{"duration":0,"transform":{}}],"name":"HatMidIk"},{"frame":[{"duration":30,"transform":{"skX":-2.25,"skY":-2.25}},{"duration":0,"transform":{"skX":-2.25,"skY":-2.25}}],"name":"Hat Top3"},{"frame":[{"duration":30,"transform":{"skX":3.8,"skY":3.8}},{"duration":0,"transform":{"skX":3.8,"skY":3.8}}],"name":"Hat Top4"},{"frame":[{"duration":10,"curve":[0.644,0.32,0.89,0.72],"transform":{}},{"duration":20,"curve":[0.52,0.14,0.143,0.92],"transform":{"y":-9.16,"x":68.67}},{"duration":0,"transform":{}}],"name":"Hat TipIK"},{"frame":[{"duration":30,"transform":{"skX":1.41,"skY":1.41}},{"duration":0,"transform":{"skX":1.41,"skY":1.41}}],"name":"Hat Top5"},{"frame":[{"duration":10,"curve":[0.644,0.32,0.89,0.72],"transform":{}},{"duration":5,"curve":[0.52,0.14,0.143,0.92],"transform":{"y":3.92,"x":-82.4}},{"duration":15,"curve":[0.152,0.3,0.822,0.5],"transform":{"y":-69.57,"x":-32.05}},{"duration":0,"transform":{}}],"name":"Left Weight"},{"frame":[{"duration":10,"curve":[0.644,0.32,0.89,0.72],"transform":{"skX":-1.22,"skY":-1.22}},{"duration":5,"curve":[0.52,0.14,0.143,0.92],"transform":{"skX":16.9,"skY":16.9}},{"duration":15,"curve":[0.152,0.3,0.822,0.5],"transform":{"skX":16.9,"skY":16.9,"y":26.9,"x":-27.63}},{"duration":0,"transform":{"skX":-1.22,"skY":-1.22}}],"name":"Mid2"},{"frame":[{"duration":10,"curve":[0.644,0.32,0.89,0.72],"transform":{}},{"duration":5,"curve":[0.52,0.14,0.143,0.92],"transform":{"y":11.12,"x":125.57}},{"duration":15,"curve":[0.152,0.3,0.822,0.5],"transform":{"y":-47.09,"x":100.06}},{"duration":0,"transform":{}}],"name":"Right WEight"},{"frame":[{"duration":30,"transform":{"skX":0.06,"skY":0.06}},{"duration":0,"transform":{"skX":0.06,"skY":0.06}}],"name":"Mid5"},{"frame":[{"duration":10,"curve":[0.644,0.32,0.89,0.72],"transform":{}},{"duration":5,"curve":[0.52,0.14,0.143,0.92],"transform":{"y":-42.51,"x":46.43}},{"duration":15,"curve":[0.152,0.3,0.822,0.5],"transform":{"y":-9.16,"x":-5.89}},{"duration":0,"transform":{}}],"name":"Mid Weight"},{"frame":[{"duration":30,"transform":{"skX":-0.22,"skY":-0.22}},{"duration":0,"transform":{"skX":-0.22,"skY":-0.22}}],"name":"Mid6"},{"frame":[{"duration":10,"curve":[0.644,0.32,0.89,0.72],"transform":{}},{"duration":5,"curve":[0.52,0.14,0.143,0.92],"transform":{"y":-63.44,"x":55.59}},{"duration":15,"curve":[0.152,0.3,0.822,0.5],"transform":{"y":-30.08,"x":-52.97}},{"duration":0,"transform":{}}],"name":"Right Arm IK"},{"frame":[{"duration":30,"transform":{"skX":-8.22,"skY":-8.22}},{"duration":0,"transform":{"skX":-8.22,"skY":-8.22}}],"name":"righta rm"},{"frame":[{"duration":30,"transform":{"skX":13.57,"skY":13.57}},{"duration":0,"transform":{"skX":13.57,"skY":13.57}}],"name":"Mid8"},{"frame":[{"duration":30,"transform":{}},{"duration":0,"transform":{}}],"name":"Mid9"},{"frame":[{"duration":10,"curve":[0.644,0.32,0.89,0.72],"transform":{}},{"duration":5,"curve":[0.52,0.14,0.143,0.92],"transform":{"y":-45.13,"x":41.86}},{"duration":15,"curve":[0.152,0.3,0.822,0.5],"transform":{"y":-17.66,"x":-60.82}},{"duration":0,"transform":{}}],"name":"Left ArmIK"},{"frame":[{"duration":30,"transform":{"skX":8.04,"skY":8.04}},{"duration":0,"transform":{"skX":8.04,"skY":8.04}}],"name":"left arm"},{"frame":[{"duration":30,"transform":{"skX":-7.43,"skY":-7.43}},{"duration":0,"transform":{"skX":-7.43,"skY":-7.43}}],"name":"Mid11"},{"frame":[{"duration":30,"transform":{}},{"duration":0,"transform":{}}],"name":"Mid12"},{"frame":[{"duration":10,"curve":[0.644,0.32,0.89,0.72],"transform":{}},{"duration":5,"curve":[0.52,0.14,0.143,0.92],"transform":{"y":-54.28,"x":85.67}},{"duration":15,"curve":[0.152,0.3,0.822,0.5],"transform":{"y":15.04,"x":-181.81}},{"duration":0,"transform":{}}],"name":"Staff2"},{"frame":[{"duration":30,"transform":{"skX":-1.63,"skY":-1.63}},{"duration":0,"transform":{"skX":-1.63,"skY":-1.63}}],"name":"Staff"},{"frame":[{"duration":30,"transform":{}},{"duration":0,"transform":{}}],"name":"shadow"}],"duration":30,"slot":[],"name":"Attack"},{"ik":[],"frame":[],"ffd":[],"bone":[{"frame":[{"duration":30,"transform":{}},{"duration":0,"transform":{}}],"name":"root"},{"frame":[{"duration":5,"curve":[0.413,0.14,0.193,0.97],"transform":{}},{"duration":25,"curve":[1,0.26,0.659,0.84],"transform":{"x":35.33}},{"duration":0,"transform":{}}],"name":"Mid"},{"frame":[{"duration":30,"transform":{}},{"duration":0,"transform":{}}],"name":"TorsoIk"},{"frame":[{"duration":5,"curve":[0.413,0.14,0.193,0.97],"transform":{"skX":-1.67,"skY":-1.67}},{"duration":25,"curve":[1,0.26,0.659,0.84],"transform":{"skX":-1.67,"skY":-1.67,"x":14.59}},{"duration":0,"transform":{"skX":-1.67,"skY":-1.67}}],"name":"Upper Top"},{"frame":[{"duration":30,"transform":{}},{"duration":0,"transform":{}}],"name":"Mid3"},{"frame":[{"duration":30,"transform":{}},{"duration":0,"transform":{}}],"name":"Mid4"},{"frame":[{"duration":30,"transform":{}},{"duration":0,"transform":{}}],"name":"Brain"},{"frame":[{"duration":30,"transform":{}},{"duration":0,"transform":{}}],"name":"Hat Top"},{"frame":[{"duration":30,"transform":{}},{"duration":0,"transform":{}}],"name":"Feather"},{"frame":[{"duration":30,"transform":{}},{"duration":0,"transform":{}}],"name":"Hat Tip Source IK"},{"frame":[{"duration":30,"transform":{"skX":-5.06,"skY":-5.06}},{"duration":0,"transform":{"skX":-5.06,"skY":-5.06}}],"name":"Hat Tail"},{"frame":[{"duration":30,"transform":{}},{"duration":0,"transform":{}}],"name":"HatMidIk"},{"frame":[{"duration":30,"transform":{"skX":-2.25,"skY":-2.25}},{"duration":0,"transform":{"skX":-2.25,"skY":-2.25}}],"name":"Hat Top3"},{"frame":[{"duration":30,"transform":{"skX":3.8,"skY":3.8}},{"duration":0,"transform":{"skX":3.8,"skY":3.8}}],"name":"Hat Top4"},{"frame":[{"duration":30,"transform":{}},{"duration":0,"transform":{}}],"name":"Hat TipIK"},{"frame":[{"duration":30,"transform":{"skX":1.41,"skY":1.41}},{"duration":0,"transform":{"skX":1.41,"skY":1.41}}],"name":"Hat Top5"},{"frame":[{"duration":5,"curve":[0.413,0.14,0.193,0.97],"transform":{}},{"duration":25,"curve":[1,0.26,0.659,0.84],"transform":{"y":-31.49,"x":-106.75}},{"duration":0,"transform":{}}],"name":"Left Weight"},{"frame":[{"duration":5,"curve":[0.413,0.14,0.193,0.97],"transform":{"skX":-1.22,"skY":-1.22}},{"duration":25,"curve":[1,0.26,0.659,0.84],"transform":{"skX":-1.22,"skY":-1.22,"y":69.12,"x":-33.79}},{"duration":0,"transform":{"skX":-1.22,"skY":-1.22}}],"name":"Mid2"},{"frame":[{"duration":5,"curve":[0.413,0.14,0.193,0.97],"transform":{}},{"duration":25,"curve":[1,0.26,0.659,0.84],"transform":{"y":-108.29,"x":102.91}},{"duration":0,"transform":{}}],"name":"Right WEight"},{"frame":[{"duration":5,"curve":[0.413,0.14,0.193,0.97],"transform":{"skX":0.06,"skY":0.06}},{"duration":25,"curve":[1,0.26,0.659,0.84],"transform":{"skX":0.06,"skY":0.06,"y":26.11,"x":34.56}},{"duration":0,"transform":{"skX":0.06,"skY":0.06}}],"name":"Mid5"},{"frame":[{"duration":5,"curve":[0.413,0.14,0.193,0.97],"transform":{}},{"duration":25,"curve":[1,0.26,0.659,0.84],"transform":{"y":-8.45}},{"duration":0,"transform":{}}],"name":"Mid Weight"},{"frame":[{"duration":5,"curve":[0.413,0.14,0.193,0.97],"transform":{"skX":-0.22,"skY":-0.22}},{"duration":25,"curve":[1,0.26,0.659,0.84],"transform":{"skX":-0.22,"skY":-0.22,"y":16.13}},{"duration":0,"transform":{"skX":-0.22,"skY":-0.22}}],"name":"Mid6"},{"frame":[{"duration":30,"transform":{}},{"duration":0,"transform":{}}],"name":"Right Arm IK"},{"frame":[{"duration":30,"transform":{"skX":-8.22,"skY":-8.22}},{"duration":0,"transform":{"skX":-8.22,"skY":-8.22}}],"name":"righta rm"},{"frame":[{"duration":30,"transform":{"skX":13.57,"skY":13.57}},{"duration":0,"transform":{"skX":13.57,"skY":13.57}}],"name":"Mid8"},{"frame":[{"duration":30,"transform":{}},{"duration":0,"transform":{}}],"name":"Mid9"},{"frame":[{"duration":30,"transform":{}},{"duration":0,"transform":{}}],"name":"Left ArmIK"},{"frame":[{"duration":30,"transform":{"skX":8.04,"skY":8.04}},{"duration":0,"transform":{"skX":8.04,"skY":8.04}}],"name":"left arm"},{"frame":[{"duration":30,"transform":{"skX":-7.43,"skY":-7.43}},{"duration":0,"transform":{"skX":-7.43,"skY":-7.43}}],"name":"Mid11"},{"frame":[{"duration":30,"transform":{}},{"duration":0,"transform":{}}],"name":"Mid12"},{"frame":[{"duration":30,"transform":{}},{"duration":0,"transform":{}}],"name":"Staff2"},{"frame":[{"duration":30,"transform":{"skX":-1.63,"skY":-1.63}},{"duration":0,"transform":{"skX":-1.63,"skY":-1.63}}],"name":"Staff"},{"frame":[{"duration":30,"transform":{}},{"duration":0,"transform":{}}],"name":"shadow"}],"duration":30,"slot":[],"name":"Damage"},{"ik":[],"frame":[],"ffd":[],"bone":[{"frame":[{"duration":30,"curve":[0.25,0,0.75,1],"transform":{}},{"duration":30,"curve":[0.25,0,0.75,1],"transform":{"y":-2.61}},{"duration":0,"transform":{}}],"name":"Mid"},{"frame":[{"duration":60,"transform":{"skX":-1.67,"skY":-1.67}}],"name":"Upper Top"},{"frame":[{"duration":30,"curve":[0.25,0,0.75,1],"transform":{}},{"duration":30,"curve":[0.25,0,0.75,1],"transform":{"skX":-9.35,"skY":-9.35}},{"duration":0,"transform":{}}],"name":"Feather"},{"frame":[{"duration":60,"transform":{"skX":-5.06,"skY":-5.06}}],"name":"Hat Tail"},{"frame":[{"duration":60,"transform":{"skX":-2.25,"skY":-2.25}}],"name":"Hat Top3"},{"frame":[{"duration":60,"transform":{"skX":3.8,"skY":3.8}}],"name":"Hat Top4"},{"frame":[{"duration":30,"curve":[0.25,0,0.75,1],"transform":{}},{"duration":30,"curve":[0.25,0,0.75,1],"transform":{"x":45.41}},{"duration":0,"transform":{}}],"name":"Hat TipIK"},{"frame":[{"duration":60,"transform":{"skX":1.41,"skY":1.41}}],"name":"Hat Top5"},{"frame":[{"duration":30,"curve":[0.25,0,0.75,1],"transform":{}},{"duration":30,"curve":[0.25,0,0.75,1],"transform":{"x":14.09}},{"duration":0,"transform":{}}],"name":"Left Weight"},{"frame":[{"duration":60,"transform":{"skX":-1.22,"skY":-1.22}}],"name":"Mid2"},{"frame":[{"duration":30,"curve":[0.25,0,0.75,1],"transform":{}},{"duration":30,"curve":[0.25,0,0.75,1],"transform":{"x":-15.14}},{"duration":0,"transform":{}}],"name":"Right WEight"},{"frame":[{"duration":60,"transform":{"skX":0.06,"skY":0.06}}],"name":"Mid5"},{"frame":[{"duration":30,"curve":[0.25,0,0.75,1],"transform":{}},{"duration":30,"curve":[0.25,0,0.75,1],"transform":{"y":26.1,"x":-3.13}},{"duration":0,"transform":{}}],"name":"Mid Weight"},{"frame":[{"duration":30,"curve":[0.125,0,0.8125,0.75],"transform":{"skX":-0.22,"skY":-0.22}},{"duration":30,"curve":[0.3125,0.25,0.75,1],"transform":{"skX":1.22,"skY":1.22,"y":-4.76}},{"duration":0,"transform":{"skX":-0.22,"skY":-0.22}}],"name":"Mid6"},{"frame":[{"duration":30,"curve":[0.25,0,0.75,1],"transform":{}},{"duration":30,"curve":[0.25,0,0.75,1],"transform":{"skX":-54.56,"skY":-54.56,"y":-13.05,"x":6.79}},{"duration":0,"transform":{}}],"name":"Right Arm IK"},{"frame":[{"duration":60,"transform":{"skX":-8.22,"skY":-8.22}}],"name":"righta rm"},{"frame":[{"duration":60,"transform":{"skX":13.57,"skY":13.57}}],"name":"Mid8"},{"frame":[{"duration":30,"curve":[0.25,0,0.75,1],"transform":{}},{"duration":30,"curve":[0.25,0,0.75,1],"transform":{"y":-6.26,"x":-3.65}},{"duration":0,"transform":{}}],"name":"Left ArmIK"},{"frame":[{"duration":60,"transform":{"skX":8.04,"skY":8.04}}],"name":"left arm"},{"frame":[{"duration":60,"transform":{"skX":-7.43,"skY":-7.43}}],"name":"Mid11"},{"frame":[{"duration":30,"curve":[0.25,0,0.625,0.5],"transform":{}},{"duration":30,"curve":[0.375,0.5,0.75,1],"transform":{"scX":1.1}},{"duration":0,"transform":{}}],"name":"shadow"},{"frame":[{"duration":30,"curve":[0.25,0,0.75,1],"transform":{}},{"duration":30,"curve":[0.25,0,0.75,1],"transform":{"y":-1.89,"x":-2.83}},{"duration":0,"transform":{}}],"name":"Brain"},{"frame":[{"duration":60,"transform":{}}],"name":"root"},{"frame":[{"duration":60,"transform":{}}],"name":"Staff2"},{"frame":[{"duration":60,"transform":{}}],"name":"HatMidIk"},{"frame":[{"duration":60,"transform":{}}],"name":"Hat Tip Source IK"},{"frame":[{"duration":60,"transform":{}}],"name":"TorsoIk"},{"frame":[{"duration":60,"transform":{}}],"name":"Mid3"},{"frame":[{"duration":60,"transform":{}}],"name":"Mid4"},{"frame":[{"duration":60,"transform":{}}],"name":"Hat Top"},{"frame":[{"duration":60,"transform":{}}],"name":"Mid9"},{"frame":[{"duration":60,"transform":{}}],"name":"Mid12"},{"frame":[{"duration":60,"transform":{}}],"name":"Staff"}],"duration":60,"slot":[],"name":"Idle"},{"ik":[],"frame":[],"ffd":[],"bone":[{"frame":[{"duration":15,"curve":[0.509,0.19,0.943,0.66],"transform":{}},{"duration":5,"curve":[0.305,0.2,0.047,0.97],"transform":{"y":7.68,"x":17.92}},{"duration":15,"transform":{"y":-4.46,"x":-51.92},"tweenEasing":0},{"duration":0,"transform":{}}],"name":"Mid"},{"frame":[{"duration":15,"transform":{"skX":-1.67,"skY":-1.67}},{"duration":5,"curve":[0.299,0.14,0.462,0.98],"transform":{"skX":-1.67,"skY":-1.67}},{"duration":15,"transform":{"skX":-1.67,"skY":-1.67,"x":-14.54},"tweenEasing":0},{"duration":0,"transform":{"skX":-1.67,"skY":-1.67}}],"name":"Upper Top"},{"frame":[{"duration":35,"transform":{"skX":-5.06,"skY":-5.06}},{"duration":0,"transform":{"skX":-5.06,"skY":-5.06}}],"name":"Hat Tail"},{"frame":[{"duration":35,"transform":{"skX":-2.25,"skY":-2.25}},{"duration":0,"transform":{"skX":-2.25,"skY":-2.25}}],"name":"Hat Top3"},{"frame":[{"duration":35,"transform":{"skX":3.8,"skY":3.8}},{"duration":0,"transform":{"skX":3.8,"skY":3.8}}],"name":"Hat Top4"},{"frame":[{"duration":35,"transform":{"skX":1.41,"skY":1.41}},{"duration":0,"transform":{"skX":1.41,"skY":1.41}}],"name":"Hat Top5"},{"frame":[{"duration":15,"transform":{"skX":-1.22,"skY":-1.22},"tweenEasing":0},{"duration":5,"curve":[0.2615,0.075,0.5680000000000001,0.975],"transform":{"skX":6.74,"skY":6.74}},{"duration":15,"curve":[0.307,0.19,0.886,0.83],"transform":{"skX":6.74,"skY":6.74,"y":37.21,"x":-32.99}},{"duration":0,"transform":{"skX":-1.22,"skY":-1.22}}],"name":"Mid2"},{"frame":[{"duration":15,"transform":{"skX":0.06,"skY":0.06}},{"duration":5,"transform":{"skX":0.06,"skY":0.06},"tweenEasing":0},{"duration":15,"transform":{"skX":0.06,"skY":0.06,"x":54.87},"tweenEasing":0},{"duration":0,"transform":{"skX":0.06,"skY":0.06}}],"name":"Mid5"},{"frame":[{"duration":15,"curve":[0.25,0,0.75,1],"transform":{"skX":-0.22,"skY":-0.22}},{"duration":5,"curve":[0.25,0,0.75,1],"transform":{"skX":14.78,"skY":14.78}},{"duration":15,"curve":[0.25,0,0.75,1],"transform":{"skX":-22.9,"skY":-22.9,"y":-13.6}},{"duration":0,"transform":{"skX":-0.22,"skY":-0.22}}],"name":"Mid6"},{"frame":[{"duration":15,"transform":{},"tweenEasing":0},{"duration":20,"transform":{"y":-2.56,"x":23.04},"tweenEasing":0},{"duration":0,"transform":{}}],"name":"Right Arm IK"},{"frame":[{"duration":35,"transform":{"skX":-8.22,"skY":-8.22}},{"duration":0,"transform":{"skX":-8.22,"skY":-8.22}}],"name":"righta rm"},{"frame":[{"duration":35,"transform":{"skX":13.57,"skY":13.57}},{"duration":0,"transform":{"skX":13.57,"skY":13.57}}],"name":"Mid8"},{"frame":[{"duration":15,"curve":[0.522,0.17,0.909,0.83],"transform":{}},{"duration":5,"transform":{"y":10.24,"x":32},"tweenEasing":0},{"duration":15,"transform":{"y":12.84,"x":-87.89},"tweenEasing":0},{"duration":0,"transform":{}}],"name":"Left ArmIK"},{"frame":[{"duration":35,"transform":{"skX":8.04,"skY":8.04}},{"duration":0,"transform":{"skX":8.04,"skY":8.04}}],"name":"left arm"},{"frame":[{"duration":35,"transform":{"skX":-7.43,"skY":-7.43}},{"duration":0,"transform":{"skX":-7.43,"skY":-7.43}}],"name":"Mid11"},{"frame":[{"duration":2,"transform":{},"tweenEasing":0},{"duration":2,"transform":{"y":-3.16,"x":270.67},"tweenEasing":0},{"duration":2,"transform":{"y":156.13,"x":228.14},"tweenEasing":0},{"duration":2,"transform":{"y":262.01,"x":141.5},"tweenEasing":0},{"duration":2,"transform":{"y":198.52,"x":-23.05},"tweenEasing":0},{"duration":2,"transform":{"y":21.9,"x":-18.11},"tweenEasing":0},{"duration":2,"transform":{"y":3.67,"x":202.21},"tweenEasing":0},{"duration":1,"transform":{"y":372.61,"x":253.52},"tweenEasing":0},{"duration":5,"curve":[0.258,0.19,0.268,1],"transform":{"y":-23.68,"x":-5.76}},{"duration":15,"curve":[0.25,0,0.871,0.75],"transform":{"y":-23.68,"x":-163.54}},{"duration":0,"transform":{}}],"name":"Staff2"},{"frame":[{"duration":15,"transform":{"skX":-1.63,"skY":-1.63},"tweenEasing":0},{"duration":20,"transform":{"skX":-4.84,"skY":-4.84},"tweenEasing":0},{"duration":0,"transform":{"skX":-1.63,"skY":-1.63}}],"name":"Staff"},{"frame":[{"duration":20,"transform":{},"tweenEasing":0},{"duration":15,"transform":{"y":-14.01,"x":31.66},"tweenEasing":0},{"duration":0,"transform":{}}],"name":"HatMidIk"},{"frame":[{"duration":20,"transform":{},"tweenEasing":0},{"duration":15,"transform":{"y":-64.88,"x":115.22},"tweenEasing":0},{"duration":0,"transform":{}}],"name":"Hat TipIK"},{"frame":[{"duration":15,"curve":[0.413,0.2,0.92,0.6],"transform":{}},{"duration":5,"curve":[0.205,0.23,0.231,0.94],"transform":{"y":2.44,"x":-2.25}},{"duration":15,"curve":[0.25,0,0.75,1],"transform":{"y":-2.37,"x":2.06}},{"duration":0,"transform":{}}],"name":"Brain"},{"frame":[{"duration":35,"transform":{}},{"duration":0,"transform":{}}],"name":"root"},{"frame":[{"duration":35,"transform":{}},{"duration":0,"transform":{}}],"name":"TorsoIk"},{"frame":[{"duration":35,"transform":{}},{"duration":0,"transform":{}}],"name":"Mid3"},{"frame":[{"duration":35,"transform":{}},{"duration":0,"transform":{}}],"name":"Mid4"},{"frame":[{"duration":35,"transform":{}},{"duration":0,"transform":{}}],"name":"Hat Top"},{"frame":[{"duration":35,"transform":{}},{"duration":0,"transform":{}}],"name":"Feather"},{"frame":[{"duration":35,"transform":{}},{"duration":0,"transform":{}}],"name":"Hat Tip Source IK"},{"frame":[{"duration":15,"transform":{}},{"duration":5,"curve":[0.25,0,0.75,1],"transform":{}},{"duration":15,"transform":{"y":-31.59,"x":-86.35},"tweenEasing":0},{"duration":0,"transform":{}}],"name":"Left Weight"},{"frame":[{"duration":15,"transform":{}},{"duration":5,"curve":[0.25,0,0.75,1],"transform":{}},{"duration":15,"curve":[0.25,0,0.75,1],"transform":{"y":-41.47,"x":125.69}},{"duration":0,"transform":{}}],"name":"Right WEight"},{"frame":[{"duration":35,"transform":{}},{"duration":0,"transform":{}}],"name":"Mid Weight"},{"frame":[{"duration":35,"transform":{}},{"duration":0,"transform":{}}],"name":"Mid9"},{"frame":[{"duration":35,"transform":{}},{"duration":0,"transform":{}}],"name":"Mid12"},{"frame":[{"duration":35,"transform":{}},{"duration":0,"transform":{}}],"name":"shadow"}],"duration":35,"slot":[],"name":"Skill Special"},{"ik":[],"frame":[],"ffd":[],"bone":[{"frame":[{"duration":35,"transform":{}},{"duration":0,"transform":{}}],"name":"root"},{"frame":[{"duration":10,"curve":[0.413,0.26,0.989,0.68],"transform":{}},{"duration":5,"curve":[0.299,0.09,0.542,0.81],"transform":{"y":4.99}},{"duration":5,"curve":[0.307,0.31,0.163,1],"transform":{"y":-105.49,"x":-20.49}},{"duration":15,"curve":[0.352,0.21,0.807,0.57],"transform":{"y":8.55,"x":-124.74}},{"duration":0,"transform":{}}],"name":"Mid"},{"frame":[{"duration":35,"transform":{}},{"duration":0,"transform":{}}],"name":"TorsoIk"},{"frame":[{"duration":10,"curve":[0.413,0.26,0.989,0.68],"transform":{"skX":-1.67,"skY":-1.67}},{"duration":25,"curve":[0.299,0.09,0.542,0.81],"transform":{"skX":-1.67,"skY":-1.67,"y":-20.74,"x":7.78}},{"duration":0,"transform":{"skX":-1.67,"skY":-1.67}}],"name":"Upper Top"},{"frame":[{"duration":35,"transform":{}},{"duration":0,"transform":{}}],"name":"Mid3"},{"frame":[{"duration":35,"transform":{}},{"duration":0,"transform":{}}],"name":"Mid4"},{"frame":[{"duration":35,"transform":{}},{"duration":0,"transform":{}}],"name":"Brain"},{"frame":[{"duration":35,"transform":{}},{"duration":0,"transform":{}}],"name":"Hat Top"},{"frame":[{"duration":35,"transform":{}},{"duration":0,"transform":{}}],"name":"Feather"},{"frame":[{"duration":15,"curve":[0.413,0.26,0.989,0.68],"transform":{}},{"duration":20,"curve":[0.307,0.31,0.163,1],"transform":{"y":-14.26,"x":22.27}},{"duration":0,"transform":{}}],"name":"Hat Tip Source IK"},{"frame":[{"duration":35,"transform":{"skX":-5.06,"skY":-5.06}},{"duration":0,"transform":{"skX":-5.06,"skY":-5.06}}],"name":"Hat Tail"},{"frame":[{"duration":35,"transform":{}},{"duration":0,"transform":{}}],"name":"HatMidIk"},{"frame":[{"duration":35,"transform":{"skX":-2.25,"skY":-2.25}},{"duration":0,"transform":{"skX":-2.25,"skY":-2.25}}],"name":"Hat Top3"},{"frame":[{"duration":35,"transform":{"skX":3.8,"skY":3.8}},{"duration":0,"transform":{"skX":3.8,"skY":3.8}}],"name":"Hat Top4"},{"frame":[{"duration":35,"transform":{}},{"duration":0,"transform":{}}],"name":"Hat TipIK"},{"frame":[{"duration":35,"transform":{"skX":1.41,"skY":1.41}},{"duration":0,"transform":{"skX":1.41,"skY":1.41}}],"name":"Hat Top5"},{"frame":[{"duration":10,"curve":[0.413,0.26,0.989,0.68],"transform":{}},{"duration":5,"curve":[0.299,0.09,0.542,0.81],"transform":{"x":-59.62}},{"duration":5,"curve":[0.307,0.31,0.163,1],"transform":{"x":25.03}},{"duration":15,"curve":[0.352,0.21,0.807,0.57],"transform":{"x":-160.3}},{"duration":0,"transform":{}}],"name":"Left Weight"},{"frame":[{"duration":10,"curve":[0.413,0.26,0.989,0.68],"transform":{"skX":-1.22,"skY":-1.22}},{"duration":5,"curve":[0.299,0.09,0.542,0.81],"transform":{"skX":-1.22,"skY":-1.22,"x":-60.91}},{"duration":5,"curve":[0.307,0.31,0.163,1],"transform":{"skX":-1.22,"skY":-1.22,"x":14.82}},{"duration":15,"curve":[0.352,0.21,0.807,0.57],"transform":{"skX":-1.22,"skY":-1.22,"x":-32.4}},{"duration":0,"transform":{"skX":-1.22,"skY":-1.22}}],"name":"Mid2"},{"frame":[{"duration":10,"curve":[0.413,0.26,0.989,0.68],"transform":{}},{"duration":5,"curve":[0.299,0.09,0.542,0.81],"transform":{"x":83.59}},{"duration":5,"curve":[0.307,0.31,0.163,1],"transform":{"x":2.51}},{"duration":15,"curve":[0.352,0.21,0.807,0.57],"transform":{"x":-65.2}},{"duration":0,"transform":{}}],"name":"Right WEight"},{"frame":[{"duration":10,"curve":[0.413,0.26,0.989,0.68],"transform":{"skX":0.06,"skY":0.06}},{"duration":5,"curve":[0.299,0.09,0.542,0.81],"transform":{"skX":0.06,"skY":0.06,"x":85.54}},{"duration":5,"curve":[0.307,0.31,0.163,1],"transform":{"skX":0.06,"skY":0.06,"x":-0.89}},{"duration":15,"curve":[0.352,0.21,0.807,0.57],"transform":{"skX":0.06,"skY":0.06,"x":16.04}},{"duration":0,"transform":{"skX":0.06,"skY":0.06}}],"name":"Mid5"},{"frame":[{"duration":20,"curve":[0.413,0.26,0.989,0.68],"transform":{}},{"duration":15,"curve":[0.352,0.21,0.807,0.57],"transform":{"x":-126.52}},{"duration":0,"transform":{}}],"name":"Mid Weight"},{"frame":[{"duration":10,"curve":[0.413,0.26,0.989,0.68],"transform":{"skX":-0.22,"skY":-0.22}},{"duration":25,"curve":[0.299,0.09,0.542,0.81],"transform":{"skX":-0.22,"skY":-0.22,"y":-9.07}},{"duration":0,"transform":{"skX":-0.22,"skY":-0.22}}],"name":"Mid6"},{"frame":[{"duration":10,"curve":[0.413,0.26,0.989,0.68],"transform":{}},{"duration":5,"curve":[0.299,0.09,0.542,0.81],"transform":{"y":-18.14,"x":-58.97}},{"duration":5,"curve":[0.307,0.31,0.163,1],"transform":{"y":-176.74,"x":-134.7}},{"duration":15,"curve":[0.352,0.21,0.807,0.57],"transform":{"y":-176.74,"x":219.02}},{"duration":0,"transform":{}}],"name":"Right Arm IK"},{"frame":[{"duration":35,"transform":{"skX":-8.22,"skY":-8.22}},{"duration":0,"transform":{"skX":-8.22,"skY":-8.22}}],"name":"righta rm"},{"frame":[{"duration":35,"transform":{"skX":13.57,"skY":13.57}},{"duration":0,"transform":{"skX":13.57,"skY":13.57}}],"name":"Mid8"},{"frame":[{"duration":35,"transform":{}},{"duration":0,"transform":{}}],"name":"Mid9"},{"frame":[{"duration":10,"curve":[0.413,0.26,0.989,0.68],"transform":{}},{"duration":5,"curve":[0.299,0.09,0.542,0.81],"transform":{"y":-53.14,"x":-16.85}},{"duration":5,"curve":[0.307,0.31,0.163,1],"transform":{"y":-164.51,"x":-33.78}},{"duration":15,"curve":[0.352,0.21,0.807,0.57],"transform":{"y":99.22,"x":-560.36}},{"duration":0,"transform":{}}],"name":"Left ArmIK"},{"frame":[{"duration":35,"transform":{"skX":8.04,"skY":8.04}},{"duration":0,"transform":{"skX":8.04,"skY":8.04}}],"name":"left arm"},{"frame":[{"duration":35,"transform":{"skX":-7.43,"skY":-7.43}},{"duration":0,"transform":{"skX":-7.43,"skY":-7.43}}],"name":"Mid11"},{"frame":[{"duration":35,"transform":{}},{"duration":0,"transform":{}}],"name":"Mid12"},{"frame":[{"duration":15,"curve":[0.413,0.26,0.989,0.68],"transform":{}},{"duration":5,"curve":[0.307,0.31,0.163,1],"transform":{"y":-151.47,"x":51.68}},{"duration":15,"curve":[0.352,0.21,0.807,0.57],"transform":{"y":10.69,"x":-249.48}},{"duration":0,"transform":{}}],"name":"Staff2"},{"frame":[{"duration":35,"transform":{"skX":-1.63,"skY":-1.63}},{"duration":0,"transform":{"skX":-1.63,"skY":-1.63}}],"name":"Staff"},{"frame":[{"duration":35,"transform":{}},{"duration":0,"transform":{}}],"name":"shadow"}],"duration":35,"slot":[],"name":"Skill Special B"},{"ik":[],"frame":[],"ffd":[],"bone":[{"frame":[{"duration":10,"transform":{}},{"duration":20,"transform":{}},{"duration":10,"transform":{}},{"duration":0,"transform":{}}],"name":"root"},{"frame":[{"duration":10,"curve":[0.152,0.33,0.883,0.7],"transform":{}},{"duration":20,"transform":{"y":-5.35,"x":23.42}},{"duration":10,"curve":[0.212,0.15,0.807,0.53],"transform":{"y":-5.35,"x":23.42}},{"duration":0,"transform":{}}],"name":"Mid"},{"frame":[{"duration":10,"curve":[0.152,0.33,0.883,0.7],"transform":{}},{"duration":20,"transform":{"y":-52.18}},{"duration":10,"curve":[0.212,0.15,0.807,0.53],"transform":{"y":-52.18}},{"duration":0,"transform":{}}],"name":"TorsoIk"},{"frame":[{"duration":10,"curve":[0.152,0.33,0.883,0.7],"transform":{"skX":-1.67,"skY":-1.67}},{"duration":5,"curve":[0.25,0,0.75,1],"transform":{"skX":-4.65,"skY":-4.65,"y":6.02,"x":22.59}},{"duration":2,"curve":[0.25,0,0.75,1],"transform":{"skX":-4.65,"skY":-4.65,"y":6.02,"x":38.12}},{"duration":2,"curve":[0.25,0,0.75,1],"transform":{"skX":-4.65,"skY":-4.65,"y":6.02,"x":25.18}},{"duration":2,"curve":[0.25,0,0.75,1],"transform":{"skX":-4.65,"skY":-4.65,"y":6.02,"x":35.96}},{"duration":2,"curve":[0.25,0,0.75,1],"transform":{"skX":-4.65,"skY":-4.65,"y":6.02,"x":21.58}},{"duration":2,"curve":[0.25,0,0.75,1],"transform":{"skX":-4.65,"skY":-4.65,"y":6.02,"x":33.81}},{"duration":5,"curve":[0.25,0,0.75,1],"transform":{"skX":-4.65,"skY":-4.65,"y":6.02,"x":25.9}},{"duration":10,"curve":[0.212,0.15,0.807,0.53],"transform":{"skX":-4.65,"skY":-4.65,"y":6.02,"x":22.59}},{"duration":0,"transform":{"skX":-1.67,"skY":-1.67}}],"name":"Upper Top"},{"frame":[{"duration":10,"transform":{}},{"duration":20,"transform":{}},{"duration":10,"transform":{}},{"duration":0,"transform":{}}],"name":"Mid3"},{"frame":[{"duration":10,"transform":{}},{"duration":20,"transform":{}},{"duration":10,"transform":{}},{"duration":0,"transform":{}}],"name":"Mid4"},{"frame":[{"duration":10,"transform":{}},{"duration":20,"transform":{}},{"duration":10,"transform":{}},{"duration":0,"transform":{}}],"name":"Brain"},{"frame":[{"duration":10,"transform":{}},{"duration":20,"transform":{}},{"duration":10,"transform":{}},{"duration":0,"transform":{}}],"name":"Hat Top"},{"frame":[{"duration":10,"transform":{}},{"duration":20,"transform":{}},{"duration":10,"transform":{}},{"duration":0,"transform":{}}],"name":"Feather"},{"frame":[{"duration":10,"transform":{}},{"duration":20,"transform":{}},{"duration":10,"transform":{}},{"duration":0,"transform":{}}],"name":"Hat Tip Source IK"},{"frame":[{"duration":10,"curve":[0.152,0.33,0.883,0.7],"transform":{"skX":-5.06,"skY":-5.06}},{"duration":20,"transform":{"skX":58.15,"skY":58.15}},{"duration":10,"curve":[0.212,0.15,0.807,0.53],"transform":{"skX":58.15,"skY":58.15}},{"duration":0,"transform":{"skX":-5.06,"skY":-5.06}}],"name":"Hat Tail"},{"frame":[{"duration":10,"transform":{}},{"duration":5,"curve":[0.25,0,0.75,1],"transform":{}},{"duration":2,"curve":[0.25,0,0.75,1],"transform":{"y":0.72,"x":78.37}},{"duration":2,"curve":[0.25,0,0.75,1],"transform":{"y":0.72,"x":5.03}},{"duration":2,"curve":[0.25,0,0.75,1],"transform":{"y":0.72,"x":51.77}},{"duration":2,"curve":[0.25,0,0.75,1],"transform":{"y":0.72,"x":13.66}},{"duration":2,"curve":[0.25,0,0.75,1],"transform":{"y":-19.41,"x":46.02}},{"duration":5,"curve":[0.25,0,0.75,1],"transform":{"y":-19.41,"x":-11.5}},{"duration":10,"transform":{}},{"duration":0,"transform":{}}],"name":"HatMidIk"},{"frame":[{"duration":10,"curve":[0.152,0.33,0.883,0.7],"transform":{"skX":-2.25,"skY":-2.25}},{"duration":20,"transform":{"skX":-76.97,"skY":-76.97}},{"duration":10,"curve":[0.212,0.15,0.807,0.53],"transform":{"skX":-76.97,"skY":-76.97}},{"duration":0,"transform":{"skX":-2.25,"skY":-2.25}}],"name":"Hat Top3"},{"frame":[{"duration":10,"transform":{"skX":3.8,"skY":3.8}},{"duration":20,"transform":{"skX":3.8,"skY":3.8}},{"duration":10,"transform":{"skX":3.8,"skY":3.8}},{"duration":0,"transform":{"skX":3.8,"skY":3.8}}],"name":"Hat Top4"},{"frame":[{"duration":10,"transform":{}},{"duration":20,"transform":{}},{"duration":10,"transform":{}},{"duration":0,"transform":{}}],"name":"Hat TipIK"},{"frame":[{"duration":10,"curve":[0.152,0.33,0.883,0.7],"transform":{"skX":1.41,"skY":1.41}},{"duration":20,"transform":{"skX":12.05,"skY":12.05}},{"duration":10,"curve":[0.212,0.15,0.807,0.53],"transform":{"skX":12.05,"skY":12.05}},{"duration":0,"transform":{"skX":1.41,"skY":1.41}}],"name":"Hat Top5"},{"frame":[{"duration":10,"curve":[0.152,0.33,0.883,0.7],"transform":{}},{"duration":20,"transform":{"y":7.36,"x":8.03}},{"duration":10,"curve":[0.212,0.15,0.807,0.53],"transform":{"y":7.36,"x":8.03}},{"duration":0,"transform":{}}],"name":"Left Weight"},{"frame":[{"duration":10,"curve":[0.152,0.33,0.883,0.7],"transform":{"skX":-1.22,"skY":-1.22}},{"duration":5,"curve":[0.263,0,0.618,0.43],"transform":{"skX":4.87,"skY":4.87,"y":16.06,"x":0.67}},{"duration":2,"transform":{"skX":4.87,"skY":4.87,"y":16.06,"x":0.67}},{"duration":13,"curve":[0.354,0.41,0.756,1],"transform":{"skX":4.87,"skY":4.87,"y":23.97,"x":0.67}},{"duration":10,"curve":[0.212,0.15,0.807,0.53],"transform":{"skX":4.87,"skY":4.87,"y":16.06,"x":0.67}},{"duration":0,"transform":{"skX":-1.22,"skY":-1.22}}],"name":"Mid2"},{"frame":[{"duration":10,"transform":{}},{"duration":20,"transform":{}},{"duration":10,"transform":{}},{"duration":0,"transform":{}}],"name":"Right WEight"},{"frame":[{"duration":10,"curve":[0.152,0.33,0.883,0.7],"transform":{"skX":0.06,"skY":0.06}},{"duration":20,"transform":{"skX":12.06,"skY":12.06}},{"duration":10,"curve":[0.212,0.15,0.807,0.53],"transform":{"skX":12.06,"skY":12.06}},{"duration":0,"transform":{"skX":0.06,"skY":0.06}}],"name":"Mid5"},{"frame":[{"duration":10,"curve":[0.152,0.33,0.883,0.7],"transform":{}},{"duration":20,"transform":{"y":32.78,"x":26.09}},{"duration":10,"curve":[0.212,0.15,0.807,0.53],"transform":{"y":32.78,"x":26.09}},{"duration":0,"transform":{}}],"name":"Mid Weight"},{"frame":[{"duration":10,"curve":[0.152,0.33,0.883,0.7],"transform":{"skX":-0.22,"skY":-0.22}},{"duration":20,"transform":{"skX":-1.82,"skY":-1.82}},{"duration":10,"curve":[0.212,0.15,0.807,0.53],"transform":{"skX":-1.82,"skY":-1.82}},{"duration":0,"transform":{"skX":-0.22,"skY":-0.22}}],"name":"Mid6"},{"frame":[{"duration":10,"transform":{}},{"duration":5,"curve":[0.25,0,0.75,1],"transform":{}},{"duration":2,"curve":[0.25,0,0.75,1],"transform":{"y":11.55,"x":-306.22}},{"duration":2,"curve":[0.25,0,0.75,1],"transform":{"y":14.71,"x":-306.22}},{"duration":2,"curve":[0.25,0,0.75,1],"transform":{"y":-11.17,"x":-306.22}},{"duration":2,"curve":[0.25,0,0.75,1],"transform":{"y":25.49,"x":-306.22}},{"duration":2,"curve":[0.25,0,0.75,1],"transform":{"y":-7.58,"x":-306.22}},{"duration":5,"curve":[0.25,0,0.75,1],"transform":{"y":47.06,"x":-306.22}},{"duration":10,"transform":{"y":47.06,"x":-306.22}},{"duration":0,"transform":{}}],"name":"Right Arm IK"},{"frame":[{"duration":10,"curve":[0.152,0.33,0.883,0.7],"transform":{"skX":-8.22,"skY":-8.22}},{"duration":20,"transform":{"skX":4.62,"skY":4.62}},{"duration":10,"curve":[0.212,0.15,0.807,0.53],"transform":{"skX":4.62,"skY":4.62}},{"duration":0,"transform":{"skX":-8.22,"skY":-8.22}}],"name":"righta rm"},{"frame":[{"duration":10,"curve":[0.152,0.33,0.883,0.7],"transform":{"skX":13.57,"skY":13.57}},{"duration":5,"curve":[0.25,0,0.75,1],"transform":{"skX":40.55,"skY":40.55}},{"duration":15,"curve":[0.25,0,0.75,1],"transform":{"skX":40.55,"skY":40.55,"y":30.86,"x":88.17}},{"duration":10,"curve":[0.212,0.15,0.807,0.53],"transform":{"skX":40.55,"skY":40.55}},{"duration":0,"transform":{"skX":13.57,"skY":13.57}}],"name":"Mid8"},{"frame":[{"duration":10,"transform":{}},{"duration":5,"curve":[0.25,0,0.75,1],"transform":{}},{"duration":15,"curve":[0.25,0,0.75,1],"transform":{"y":20.62,"x":133.35}},{"duration":10,"transform":{}},{"duration":0,"transform":{}}],"name":"Mid9"},{"frame":[{"duration":10,"curve":[0.152,0.33,0.883,0.7],"transform":{}},{"duration":5,"curve":[0.25,0,0.75,1],"transform":{"x":33.45}},{"duration":2,"curve":[0.25,0,0.75,1],"transform":{"y":-29.62,"x":-35.83}},{"duration":2,"curve":[0.25,0,0.75,1],"transform":{"y":-31.49,"x":-35.83}},{"duration":2,"curve":[0.25,0,0.75,1],"transform":{"y":-28.9,"x":-35.83}},{"duration":2,"curve":[0.25,0,0.75,1],"transform":{"y":-34.65,"x":-35.83}},{"duration":2,"curve":[0.25,0,0.75,1],"transform":{"y":-25.3,"x":-35.83}},{"duration":5,"curve":[0.25,0,0.75,1],"transform":{"y":-34.65,"x":-35.83}},{"duration":10,"transform":{"y":-34.65,"x":-35.83}},{"duration":0,"transform":{}}],"name":"Left ArmIK"},{"frame":[{"duration":10,"curve":[0.152,0.33,0.883,0.7],"transform":{"skX":8.04,"skY":8.04}},{"duration":20,"transform":{"skX":-17,"skY":-17}},{"duration":10,"curve":[0.212,0.15,0.807,0.53],"transform":{"skX":-17,"skY":-17}},{"duration":0,"transform":{"skX":8.04,"skY":8.04}}],"name":"left arm"},{"frame":[{"duration":10,"curve":[0.152,0.33,0.883,0.7],"transform":{"skX":-7.43,"skY":-7.43}},{"duration":20,"transform":{"skX":12.03,"skY":12.03}},{"duration":10,"curve":[0.212,0.15,0.807,0.53],"transform":{"skX":12.03,"skY":12.03}},{"duration":0,"transform":{"skX":-7.43,"skY":-7.43}}],"name":"Mid11"},{"frame":[{"duration":10,"transform":{}},{"duration":5,"curve":[0.25,0,0.75,1],"transform":{}},{"duration":15,"curve":[0.25,0,0.75,1],"transform":{"y":-1.14,"x":223.89}},{"duration":10,"transform":{}},{"duration":0,"transform":{}}],"name":"Mid12"},{"frame":[{"duration":10,"transform":{}},{"duration":20,"transform":{}},{"duration":10,"transform":{}},{"duration":0,"transform":{}}],"name":"Staff2"},{"frame":[{"duration":10,"curve":[0.152,0.33,0.883,0.7],"transform":{"skX":-1.63,"skY":-1.63}},{"duration":20,"transform":{"skX":-18.29,"skY":-18.29,"y":98.28,"x":-42.44}},{"duration":10,"curve":[0.212,0.15,0.807,0.53],"transform":{"skX":-18.29,"skY":-18.29,"y":98.28,"x":-42.44}},{"duration":0,"transform":{"skX":-1.63,"skY":-1.63}}],"name":"Staff"},{"frame":[{"duration":10,"transform":{}},{"duration":20,"transform":{}},{"duration":10,"transform":{}},{"duration":0,"transform":{}}],"name":"shadow"}],"duration":40,"slot":[],"name":"Skill Special C"}],"skin":[{"name":"","slot":[{"display":[{"slotPose":[1,0,0,1,0,0],"uvs":[0,0.7344,0.07037,0.64319,0.29822,0.49853,0.51522,0.34443,0.59478,0.26266,0.62372,0.11485,0.81902,0,1,0.04251,1,0.20919,0.91305,0.48909,0.57308,0.67464,0.23478,0.97863,0,1,0.17552,0.79013,0.39252,0.58256,0.67462,0.43475,0.76504,0.26807,0.79036,0.13598],"vertices":[-59.31,-141.44,-54.97,-147.65,-41.12,-157.38,-28.21,-167.43,-24.49,-173.07,-23.98,-183.37,-13.21,-192.54,-2.1,-190.83,-0.82,-179.4,-3.86,-159.63,-24.21,-144.84,-45.54,-124.33,-59.64,-123.12,-48.85,-137.4,-35.56,-151.47,-18.5,-161.77,-14.38,-173.81,-13.89,-183.03],"path":"Left Arm","weights":[1,28,1,1,28,1,2,23,0.72565,28,0.27435,2,21,0.39175,23,0.60825,2,21,0.94063,23,0.05937,1,21,1,1,21,1,1,21,1,1,21,1,1,21,1,3,21,0.29839,23,0.56407,28,0.13754,1,28,1,1,28,1,1,28,1,3,21,0.00619,23,0.92466,28,0.06915,1,21,1,1,21,1,1,21,1],"triangles":[16,9,8,17,16,8,17,8,7,6,17,7,16,15,9,15,10,9,5,17,6,4,15,16,5,4,16,5,16,17,14,10,15,3,14,15,4,3,15,13,11,10,14,13,10,2,14,3,2,1,14,1,13,14,13,12,11,1,0,13,0,12,13],"type":"mesh","transform":{},"userEdges":[12,13,13,14,14,15,15,16,16,17,0,13,13,11,2,14,14,10,15,3,15,9,16,4,16,8,17,5,17,7,17,6],"width":60,"edges":[0,12,12,11,11,10,10,9,9,8,8,7,7,6,6,5,5,4,4,3,3,2,2,1,1,0],"height":69,"name":"Left Arm","bonePose":[28,-0.662227805104751,0.7493025651538527,-0.7493025651538527,-0.662227805104751,-37.58080059702526,-151.91949830868992,23,-0.8621601808342052,0.506635788889741,-0.506635788889741,-0.8621601808342052,-21.648080455209143,-161.28212768737234,21,-0.3357803893925805,0.9419403007087904,-0.9419403007087904,-0.3357803893925805,-13.967953420085184,-182.55859705435984]}],"name":"Left Arm"},{"display":[{"path":"HAtRing","type":"image","name":"HAtRing","transform":{"skX":36.3,"skY":36.3,"y":-1.46,"x":6.33}}],"name":"HAtRing"},{"display":[{"triangles":[19,1,20,20,1,0,18,2,19,19,2,1,4,3,17,16,4,17,3,2,17,17,2,18,14,16,15,11,16,14,12,11,14,13,12,14,11,7,16,7,5,16,5,4,16,7,6,5,10,8,11,8,7,11,9,8,10],"width":119,"type":"mesh","vertices":[-92.51,4.63,-89.12,-1.75,3.1,-7.39,11.94,-13.29,57.24,-8.52,70.65,-24.46,83.52,-32.3,101.62,-26.99,111.16,-21.92,123.24,-15.51,120.66,-6.04,116.77,9.28,107.92,23.06,94.68,33.15,77.17,24.66,71.98,30.33,66.1,12.26,7.91,16.4,1.88,12.93,-57.91,12.42,-84.77,8.74],"transform":{},"height":187,"path":"Staff","edges":[7,6,6,5,5,4,4,3,3,2,2,1,1,0,0,20,20,19,19,18,18,17,17,16,16,15,15,14,14,13,13,12,12,11,11,10,10,9,9,8,8,7],"uvs":[1,1,0.93925,1,0.53387,0.57866,0.45522,0.5517,0.31203,0.32582,0.1409,0.30244,0.03199,0.26137,0,0.16255,0,0.10479,0.02824,0.05089,0.0804,0.02009,0.20947,0,0.34661,0.00725,0.47367,0.04447,0.47972,0.14843,0.54224,0.1587,0.43132,0.23185,0.69149,0.49624,0.68947,0.53346,0.9214,0.81709,1,0.95314],"name":"Staff","userEdges":[]}],"name":"Staff"},{"display":[{"triangles":[18,19,14,15,18,14,14,19,13,19,12,13,18,23,19,19,23,12,23,11,12,23,10,11,22,10,23,18,22,23,15,17,18,22,9,10,0,17,15,17,22,18,16,0,15,17,21,22,8,9,22,21,8,22,1,17,0,1,21,17,21,7,8,1,20,21,20,7,21,2,20,1,3,20,2,5,6,7,20,5,7,4,5,20,3,4,20],"width":104,"type":"mesh","vertices":[42.13,-37.2,0.6,-34.49,-7.95,-39.65,-21.8,-41.41,-27.3,-37.6,-33.99,-21.76,-31.27,-15.55,-25.81,-16.87,-6.31,-5.63,7,9.48,19.11,27.35,26.64,40.76,34.91,39.8,43.4,41.83,53.17,28.53,49.74,-23.9,45.77,-34.52,13.91,-23.35,31.87,4.42,42.39,29.53,-21.4,-29.12,-0.56,-18.61,15.47,4.16,29.53,25.28],"transform":{},"height":72,"path":"Hat Top","edges":[4,5,5,6,6,7,7,8,8,9,9,10,10,11,11,12,12,13,13,14,14,15,15,16,16,0,0,1,1,2,2,3,3,4],"uvs":[0.54026,0,0.23386,0.37189,0.13824,0.38445,0.0209,0.47862,0,0.56651,0.03828,0.79878,0.09478,0.84587,0.12955,0.78623,0.34468,0.7517,0.53374,0.81134,0.72932,0.91178,0.86405,1,0.92272,0.9212,1,0.87412,1,0.64498,0.67499,0.08626,0.58372,0,0.40045,0.387,0.69767,0.55024,0.92215,0.74478,0.09393,0.61285,0.3153,0.55918,0.56919,0.68217,0.7983,0.80292],"name":"Hat Top","userEdges":[1,17,17,18,18,19,19,13,7,20,20,2,8,21,21,17,9,22,22,18,10,23,23,19]}],"name":"Hat Top"},{"display":[{"path":"Brain","type":"image","name":"Brain","transform":{"skX":115.38,"skY":115.38,"y":0.44,"x":0.57}}],"name":"Brain"},{"display":[{"path":"Shadow","type":"image","name":"Shadow","transform":{"y":-2.44,"x":-22.89}}],"name":"Shadow"},{"display":[{"slotPose":[1,0,0,1,0,0],"uvs":[0.15737,0.55331,0.23811,0.51136,0.31885,0.46805,0.43099,0.38819,0.45791,0.3327,0.47436,0.27856,0.47286,0.23119,0.46239,0.17435,0.41156,0.08367,0.45193,0.00787,0.52519,0,0.58351,0,0.64182,0.04442,0.67472,0.14728,0.65677,0.1933,0.63734,0.26638,0.63584,0.32729,0.65229,0.3706,0.74051,0.45993,0.83606,0.49743,0.93499,0.61858,1,0.70621,1,0.80235,0.99021,0.93634,0.93339,0.96611,0.78112,0.98792,0.68333,0.99221,0.48657,0.99248,0.35099,0.99254,0.21847,0.98561,0.05868,0.9607,0,0.92145,0,0.83618,0,0.77122,0.01233,0.71979,0.0856,0.61963,0.05739,0.8472,0.4908,0.86867,0.77415,0.85433,0.91998,0.82125,0.08644,0.73641,0.24239,0.74981,0.49529,0.76174,0.7482,0.74486,0.89568,0.71159,0.84269,0.62347,0.72171,0.65091,0.49325,0.6643,0.26448,0.6496,0.28734,0.57262,0.48949,0.58107,0.68756,0.56913,0.48799,0.49241,0.65948,0.47591,0.48939,0.40213,0.58493,0.39959,0.50344,0.33474,0.56384,0.33601,0.51607,0.27625,0.55962,0.27625,0.55541,0.21016,0.51327,0.21906,0.49079,0.14913,0.53855,0.1415,0.47112,0.08428,0.51046,0.07919,0.14647,0.63384,0.23409,0.56667,0.77163,0.53296,0.22853,0.86416],"vertices":[-84.65,-104.83,-67.49,-114.2,-50.33,-123.87,-26.8,-141.94,-21.31,-154.81,-17.92,-167.38,-18.24,-178.37,-20.45,-191.56,-31.12,-212.6,-22.64,-230.18,-7.26,-232.01,5,-232.01,17.24,-221.7,24.14,-197.83,20.38,-187.16,16.3,-170.21,15.98,-156.08,19.42,-146.03,37.94,-125.32,58.09,-116.63,77.4,-93.16,90.17,-77.12,92.52,-45.94,90.5,-14.85,78.59,-7.94,46.79,-2.92,26.31,-1.82,-14.96,-1.64,-44.48,-1.83,-73.25,-3.95,-107.36,-10.76,-119.5,-20.14,-119.08,-39.92,-118.75,-54.99,-115.91,-66.87,-100.04,-89.77,-107.08,-37.11,-14.19,-30.36,44.86,-34.03,75.58,-41.58,-100.44,-62.67,-67.73,-58.81,-13.38,-55.17,39.42,-59.35,69.94,-67.13,59.11,-87.48,33.92,-81.07,-13.96,-77.75,-62.66,-82.03,-57.45,-99.77,-14.82,-97.03,26.78,-99.99,-15.03,-117.61,20.91,-121.61,-14.67,-138.66,5.28,-139.31,-11.79,-154.33,0.86,-154.05,-9.16,-167.92,-0.03,-167.92,-0.91,-183.25,-9.76,-181.18,-14.48,-197.41,-4.45,-199.18,-18.61,-212.46,-10.35,-213.63,-87.33,-86.2,-68.6,-101.39,44.49,-108.39,-70.83,-32.18],"path":"Body","weights":[1,14,1,1,14,1,2,14,0.9614,15,0.0386,3,14,0.36359,15,0.62801,13,0.00841,3,14,0.0858,15,0.91095,17,0.00324,4,14,0.01071,15,0.86737,17,0.09539,18,0.02653,4,14,0.00026,15,0.47916,17,0.32609,18,0.19448,3,15,0.07996,17,0.22185,18,0.69819,2,17,0.00175,18,0.99825,1,18,1,1,18,1,1,18,1,2,17,0.01449,18,0.98551,2,17,0.46565,18,0.53435,3,15,0.07958,17,0.72899,18,0.19143,3,16,0.00087,15,0.87531,17,0.12382,2,16,0.04701,15,0.95299,2,16,0.23307,15,0.76693,2,16,0.93193,15,0.06807,1,16,1,1,16,1,1,16,1,1,16,1,2,16,0.99853,13,0.00147,2,16,0.97175,13,0.02825,2,16,0.5835,13,0.4165,3,14,0.02757,16,0.4106,13,0.56183,3,14,0.09284,16,0.00116,13,0.90599,3,14,0.42808,16,0.00056,13,0.57136,2,14,0.73918,13,0.26082,2,14,0.99489,13,0.00511,1,14,1,1,14,1,1,14,1,1,14,1,1,14,1,1,14,1,2,14,0.0922,13,0.9078,2,16,0.59423,13,0.40577,1,16,1,1,14,1,2,14,0.9465,13,0.0535,2,14,0.11804,13,0.88196,2,16,0.6991,13,0.3009,1,16,1,1,16,1,2,16,0.89798,13,0.10202,2,14,0.20909,13,0.79091,1,14,1,1,14,1,2,14,0.36502,13,0.63498,1,16,1,3,14,0.43402,15,0.20104,13,0.36493,3,16,0.80906,15,0.14753,13,0.04341,3,14,0.20006,15,0.76801,13,0.03193,3,16,0.08627,15,0.89956,13,0.01418,3,14,0.04231,15,0.95542,17,0.00227,3,14,0.00019,16,0.00019,15,0.99962,4,14,0.00396,15,0.89787,17,0.0794,18,0.01878,4,14,0.00016,15,0.99111,17,0.00673,18,0.002,3,15,0.08736,17,0.86168,18,0.05096,3,15,0.35909,17,0.45282,18,0.18809,3,15,0.02333,17,0.12417,18,0.85249,3,15,0.00256,17,0.02638,18,0.97105,2,17,0.00357,18,0.99643,2,17,0.00053,18,0.99947,1,14,1,1,14,1,1,16,1,2,14,0.81623,13,0.18377],"triangles":[39,24,23,44,39,22,39,23,22,44,22,21,20,44,21,45,44,20,19,45,20,39,38,24,38,25,24,44,43,39,43,38,39,19,68,45,45,43,44,68,46,45,46,43,45,18,68,19,51,46,68,38,26,25,43,37,38,37,26,38,18,53,68,53,51,68,17,53,18,42,37,43,46,42,43,51,47,46,47,42,46,55,53,17,37,27,26,53,50,51,50,47,51,12,63,13,52,50,53,63,14,13,65,63,12,55,52,53,60,15,14,63,60,14,16,55,17,60,59,15,57,55,16,15,59,16,59,57,16,11,65,12,56,54,57,57,54,55,54,52,55,10,65,11,62,61,63,63,61,60,60,61,59,61,58,59,59,58,57,58,56,57,62,7,61,9,65,10,65,62,63,64,62,65,9,64,65,5,56,58,6,5,58,6,58,61,37,28,27,4,54,56,5,4,56,7,6,61,54,3,52,4,3,54,47,48,42,42,41,37,64,8,62,8,7,62,49,48,47,52,2,50,2,49,50,49,47,50,48,41,42,69,28,37,41,69,37,3,2,52,9,8,64,1,49,2,69,29,28,67,48,49,1,67,49,67,66,48,66,41,48,40,36,69,30,29,69,40,69,41,66,40,41,1,0,67,0,66,67,36,30,69,35,40,66,35,66,0,31,30,36,33,32,36,33,36,40,34,33,40,35,34,40,32,31,36],"type":"mesh","transform":{},"userEdges":[32,36,37,38,38,39,39,22,34,40,40,41,41,42,42,43,43,44,44,21,20,45,45,46,46,47,47,48,41,48,42,47,43,46,44,45,30,36,27,37,25,38,24,39,49,50,50,51,46,51,47,50,48,49,2,52,52,53,53,18,3,54,54,55,55,17,4,56,56,57,57,16,5,58,58,59,59,15,59,60,58,61,61,6,60,14,61,62,60,63,62,64,64,9,63,65,65,10,62,63,61,60,64,65,65,12,64,8,62,7,63,13,52,54,54,56,56,58,57,59,53,55,50,52,49,2,51,53,36,40,37,42,38,43,39,44,55,57,35,66,66,48,40,66,0,67,67,49,66,67,19,68,68,51,45,68,36,69,69,37,29,69],"width":210,"edges":[31,30,30,29,29,28,28,27,27,26,26,25,25,24,24,23,23,22,22,21,21,20,20,19,19,18,18,17,17,16,16,15,15,14,14,13,13,12,12,11,11,10,10,9,9,8,8,7,7,6,6,5,5,4,4,3,3,2,2,1,1,0,0,35,35,34,34,33,33,32,32,31],"height":232,"name":"Body","bonePose":[14,-0.6540809579092739,0.7564245504347983,-0.7564245504347983,-0.6540809579092739,-28.56,-111,15,0.12290866829228714,-0.9924179861623914,0.9924179861623914,0.12290866829228714,-1.08,-137.94,13,-0.01605633913479951,0.9998710886777296,-0.9998710886777296,-0.01605633913479951,0.4099999999999997,-109.8,17,-0.12706460860135033,-0.9918944425900296,0.9918944425900296,-0.12706460860135033,3.858012859992893,-178.21846731188447,18,-0.42846208937396,-0.9035597589364528,0.9035597589364528,-0.42846208937396,1.9596676074887187,-193.0373702841795,16,0.5555702330196023,0.8314696123025452,-0.8314696123025452,0.5555702330196023,21.200000000000003,-113.64]}],"name":"Body"},{"display":[{"triangles":[35,11,12,35,12,13,14,35,13,15,31,14,31,35,14,16,31,15,31,22,35,10,11,35,22,10,35,17,23,16,23,31,16,18,23,17,22,29,10,23,22,31,23,26,22,29,9,10,18,27,23,26,29,22,37,27,18,27,26,23,19,37,18,29,8,9,36,26,27,26,24,29,24,8,29,37,36,27,19,28,37,28,36,37,36,34,26,34,24,26,20,28,19,28,21,36,21,34,36,34,30,24,30,7,24,24,7,8,32,21,28,20,32,28,0,32,20,21,25,34,25,30,34,32,33,21,33,25,21,30,6,7,1,32,0,25,5,30,5,6,30,1,33,32,1,2,33,4,5,25,33,3,25,3,4,25,2,3,33],"width":165,"type":"mesh","vertices":[-29.73,-34.32,-49.01,-30.85,-68.29,-27.38,-82.87,-23.51,-95.62,-8.35,-90.05,10.04,-84.48,28.44,-70.31,46.28,-56.14,64.13,-26.75,85.53,-9.49,93.74,7.78,101.95,29.29,100.41,35.9,91.34,38.85,79.91,41.81,68.48,41.21,54.16,40.62,39.84,29.64,15.55,16.73,-5.28,-10.69,-25.24,-33.28,8.59,1.57,70.1,15.77,40.49,-39.97,43.1,-67.37,3.58,-13.9,40.63,4.75,23.07,-10.24,-6.89,-21.24,67.57,-64.24,23.34,20.39,60.86,-41.44,-16.91,-58.57,-11.04,-38.61,23.49,17.31,89.57,-12.63,21.59,10.21,6.62],"transform":{},"height":99,"path":"HatBottom","edges":[4,5,5,6,6,7,7,8,8,9,9,10,10,11,11,12,12,13,13,14,14,15,15,16,16,17,17,18,18,19,19,20,20,0,0,1,1,2,2,3,3,4],"uvs":[0.23019,0.03908,0.14812,0.18203,0.06604,0.32498,0.00837,0.44328,0,0.64292,0.09291,0.75999,0.18583,0.87706,0.31892,0.93853,0.45201,1,0.67235,1,0.78621,0.96441,0.90008,0.92882,1,0.78833,1,0.67496,0.9737,0.56405,0.9474,0.45314,0.89342,0.33977,0.83945,0.2264,0.69896,0.0933,0.56144,0,0.35589,0,0.36588,0.41056,0.75604,0.70559,0.71998,0.37941,0.4562,0.73216,0.18101,0.57237,0.57515,0.55701,0.60386,0.30271,0.42351,0.14719,0.63529,0.82058,0.2668,0.71513,0.81532,0.5183,0.23492,0.25091,0.17194,0.4006,0.39293,0.56397,0.90264,0.77103,0.5134,0.39392,0.57195,0.13587],"name":"HatBottom","userEdges":[]}],"name":"HatBottom"},{"display":[{"triangles":[9,17,8,17,7,8,17,20,7,20,6,7,9,20,17,10,20,9,10,16,20,16,6,20,11,16,10,19,6,16,12,16,11,12,19,16,19,5,6,4,5,19,13,19,12,14,15,13,15,3,4,15,4,19,13,15,19,15,2,3,18,2,15,14,18,15,18,1,2,0,18,14,0,1,18],"width":121,"type":"mesh","vertices":[-18.55,-2.16,-6.64,9.87,18.16,14.99,26.32,16.67,32.13,14.29,34.78,15.58,48.44,13.82,88.62,8.63,104.14,3.17,79.81,-7.08,66.29,-9.51,53.57,-11.8,39.16,-11.31,29.7,-10.99,-0.88,-7.04,19.72,-2.47,54.67,-2.02,84.48,0.91,-3.25,-2.28,33.49,-2.29,71.71,-0.34],"transform":{},"height":27,"path":"Feather","edges":[0,1,1,2,2,3,3,4,4,5,5,6,6,7,7,8,8,9,9,10,10,11,11,12,12,13,13,14,14,0],"uvs":[0,0.09549,0.08491,0.59356,0.28273,0.89934,0.34785,1,0.398,0.93978,0.41833,1,0.53218,1,0.86696,1,1,0.87297,0.81139,0.38097,0.70314,0.22761,0.60131,0.08334,0.48266,0.03303,0.40478,0,0.14997,0,0.31397,0.26556,0.59995,0.44779,0.84121,0.69682,0.1255,0.16347,0.42669,0.33739,0.73786,0.59014],"name":"Feather","userEdges":[0,18,18,15,1,18,18,14,15,2,15,13,15,19,19,16,4,19,19,12,6,16,16,11,17,7,17,9,16,20,20,17,20,10]}],"name":"Feather"},{"display":[{"slotPose":[1,0,0,1,0,0],"uvs":[0.0537,0.05958,0.08658,0.33489,0.20331,0.3701,0.24546,0.52722,0.5594,0.75475,0.59564,0.86853,0.75578,1,1,1,1,0.74122,0.90043,0.59494,0.66049,0.39177,0.58592,0.22653,0.54701,0.10734,0.39403,0,0.83234,0.75747,0.70264,0.62744,0.48484,0.426,0.40668,0.2982,0.28696,0.13942],"vertices":[4.03,-200.15,2.4,-178.34,9.59,-174.08,12.41,-160.12,36.13,-142.29,39.11,-133.47,50.32,-123.79,66.41,-124.81,65.11,-145.22,57.81,-156.34,40.98,-171.34,32.18,-182.96,33.76,-192.04,26.18,-200.95,54.15,-143.23,44.95,-152.93,29.09,-167.75,22.04,-177.49,17.88,-191.27],"path":"Right Arm","weights":[1,20,1,1,20,1,2,20,0.93692,24,0.06308,3,20,0.45403,24,0.54543,27,0.00055,3,20,0.00263,24,0.2136,27,0.78377,2,24,0.01518,27,0.98482,1,27,1,1,27,1,1,27,1,2,24,0.0608,27,0.9392,1,24,1,2,20,0.11239,24,0.88761,2,20,0.50426,24,0.49574,2,20,0.85494,24,0.14506,1,27,1,1,27,1,2,20,0.0383,24,0.9617,2,20,0.86824,24,0.13176,2,20,0.99211,24,0.00789],"triangles":[9,14,8,8,14,7,14,6,7,5,6,14,15,14,9,10,15,9,15,4,14,4,5,14,10,16,15,16,4,15,17,16,11,11,16,10,16,3,4,12,17,11,13,18,12,18,17,12,17,2,16,2,3,16,18,2,17,0,18,13,1,2,18,0,1,18],"type":"mesh","transform":{},"userEdges":[7,14,14,15,15,16,16,17,17,18,5,14,14,8,15,4,15,9,16,3,16,10,17,2,17,11,18,1,18,13,18,0],"width":66,"edges":[0,1,1,2,2,3,3,4,4,5,5,6,6,7,7,8,8,9,9,10,10,11,11,12,12,13,13,0],"height":79,"name":"Right Arm","bonePose":[20,0.40034903255689497,0.9163627295622394,-0.9163627295622394,0.40034903255689497,16.790842268119174,-190.5114133989827,24,0.6622278051047513,0.7493025651538524,-0.7493025651538524,0.6622278051047513,23.460310141384248,-177.91827247673916,27,0.4502542884083875,0.8929003728131466,-0.8929003728131466,0.4502542884083875,42.92318533341289,-155.89627008686745]}],"name":"Right Arm"},{"display":[{"slotPose":[1,0,0,1,0,0],"uvs":[0.89847,0.98204,0.80532,0.85886,0.71677,0.76546,0.48004,0.56502,0.22261,0.36389,0.10118,0.24537,0.02347,0.15379,0.08081,0.02527,0.41109,0,0.56261,0.09453,0.62575,0.22921,0.73261,0.44111,0.91995,0.69927,0.98275,0.79847,1,0.93488,0.98733,0.99999,0.94278,0.88826,0.8343,0.71766,0.65247,0.52192,0.47518,0.33337,0.2979,0.13763,0.18861,0.05861,0.90148,0.8233],"vertices":[112,-89.72,101.34,-106.69,91.21,-119.6,65.35,-148.82,39.55,-177.51,26.83,-194.17,18.67,-207.17,24.69,-225.42,59.37,-229.01,75.27,-215.58,81.99,-196.39,92.51,-165.49,112.1,-129.83,119.38,-116.21,122.17,-96.96,121.35,-87.66,115.96,-103.26,103.26,-126.85,83.66,-154.34,66.1,-181.7,47.48,-209.46,36,-220.68,111.12,-112.25],"path":"Hat Bottom","weights":[1,32,1,2,31,0.006,32,0.994,2,31,0.58784,32,0.41216,3,25,0.00674,29,0.91123,31,0.08204,2,25,0.85136,29,0.14864,2,25,0.99739,29,0.00261,1,25,1,1,25,1,1,25,1,1,25,1,2,25,0.86154,29,0.13846,2,29,0.98966,31,0.01034,2,31,0.41366,32,0.58634,1,32,1,1,32,1,1,32,1,1,32,1,2,31,0.47094,32,0.52906,2,29,0.99848,31,0.00152,2,25,0.80687,29,0.19313,1,25,1,1,25,1,1,32,1],"triangles":[18,17,12,11,18,12,22,16,13,13,16,14,12,22,13,17,22,12,22,1,16,1,0,16,2,1,17,17,1,22,18,2,17,18,3,2,19,18,11,10,19,11,19,3,18,9,20,10,20,19,10,8,20,9,4,3,19,20,4,19,5,4,20,7,21,8,21,20,8,21,5,20,6,5,21,7,6,21,14,15,16,16,0,15],"type":"mesh","transform":{},"userEdges":[15,16,17,18,18,19,19,20,20,21,16,22,22,17,1,22,16,0,16,14,17,2,17,12,18,3,18,11,19,4,19,10,20,5,20,9,21,6,21,8,21,7],"width":105,"edges":[6,5,5,4,4,3,3,2,2,1,1,0,0,15,15,14,14,13,13,12,12,11,11,10,10,9,9,8,8,7,7,6],"height":142,"name":"Hat Bottom","bonePose":[32,0.4330299085251145,0.9013795528647912,-0.9013795528647912,0.4330299085251145,102.21908742205628,-126.3690584319116,31,0.5347948541826754,0.8449819311320987,-0.8449819311320987,0.5347948541826754,87.12182868847937,-150.22289834777075,25,0.49742825381157,0.8675051194719097,-0.8675051194719097,0.49742825381157,45.4473670045375,-224.51736606384665,29,0.47761884239485775,0.8785671524643953,-0.8785671524643953,0.47761884239485775,70.20934547927746,-181.33296121653495]}],"name":"Hat Bottom"},{"display":[{"path":"Hat Bottom B","type":"image","name":"Hat Bottom B","transform":{"skX":36.3,"skY":36.3,"y":20.81,"x":-10.65}}],"name":"Hat Bottom B"}]}],"slot":[{"name":"Shadow","parent":"shadow","color":{}},{"z":1,"name":"Hat Bottom","parent":"Hat Tail","color":{}},{"z":2,"name":"Hat Top","parent":"Hat Top","color":{}},{"z":3,"name":"Feather","parent":"Feather","color":{}},{"z":4,"name":"HAtRing","parent":"Hat Top","color":{}},{"z":5,"name":"HatBottom","parent":"Hat Top","color":{}},{"z":6,"name":"Left Arm","parent":"left arm","color":{}},{"z":7,"name":"Body","parent":"Upper Top","color":{}},{"z":8,"name":"Hat Bottom B","parent":"Hat Top","color":{}},{"z":9,"name":"Brain","parent":"Brain","color":{}},{"z":10,"name":"Right Arm","parent":"righta rm","color":{}},{"z":11,"name":"Staff","parent":"Staff","color":{}}],"frameRate":30,"bone":[{"transform":{},"name":"root"},{"transform":{"y":-133.27,"x":2.53},"name":"Mid","parent":"root"},{"transform":{"y":-152.21,"x":-41.02},"name":"Left ArmIK","parent":"root"},{"transform":{"y":-35.14,"x":-0.51},"name":"Mid Weight","parent":"root"},{"transform":{"y":-9.56,"x":73.34},"name":"shadow","parent":"root"},{"transform":{"y":-244.15,"x":-125.6},"name":"Staff2","parent":"root"},{"transform":{"y":-155.16,"x":43.05},"name":"Right Arm IK","parent":"root"},{"transform":{"y":-130.43,"x":115.09},"name":"HatMidIk","parent":"root"},{"transform":{"y":-18.63,"x":84.53},"name":"Right WEight","parent":"root"},{"transform":{"y":-212.71,"x":52.63},"name":"Hat Tip Source IK","parent":"root"},{"transform":{"y":-12.22,"x":-110.38},"name":"Left Weight","parent":"root"},{"transform":{"y":-18.6,"x":177.17},"name":"Hat TipIK","parent":"root"},{"transform":{"y":-46.61,"x":0.35},"name":"TorsoIk","parent":"Mid"},{"length":85,"transform":{"skX":90.92,"skY":90.92,"y":23.47,"x":-2.12},"parent":"Mid","name":"Mid6"},{"length":103,"transform":{"skX":130.85,"skY":130.85,"y":22.27,"x":-31.09},"parent":"Mid","name":"Mid2"},{"length":40,"transform":{"skX":-82.94,"skY":-82.94,"y":-4.67,"x":-3.61},"parent":"Mid","name":"Upper Top"},{"length":101,"transform":{"skX":56.25,"skY":56.25,"y":19.63,"x":18.67},"parent":"Mid","name":"Mid5"},{"length":14,"transform":{"skX":-14.36,"skY":-14.36,"y":-0.05,"x":40.58},"parent":"Upper Top","name":"Mid3"},{"length":32,"transform":{"skX":-18.07,"skY":-18.07,"x":14.94},"parent":"Mid3","name":"Mid4"},{"transform":{"skX":-18.07,"skY":-18.07,"y":-5.96,"x":32.6},"name":"Brain","parent":"Mid3"},{"length":13,"transform":{"skX":163.7,"skY":163.7,"y":14.39,"x":10.55},"parent":"Mid3","name":"righta rm"},{"length":22,"transform":{"skX":-153.08,"skY":-153.08,"y":-17.13,"x":6.57},"parent":"Mid3","name":"left arm"},{"length":36,"transform":{"skX":79.07,"skY":79.07,"y":19.07,"x":19.78},"parent":"Mid4","name":"Hat Top"},{"length":18,"transform":{"skX":39.94,"skY":39.94,"y":0.09,"x":22.62},"parent":"left arm","name":"Mid11"},{"length":29,"transform":{"skX":-17.87,"skY":-17.87,"y":-1.07,"x":14.21},"parent":"righta rm","name":"Mid8"},{"length":49,"transform":{"skX":96.47,"skY":96.47,"y":16.18,"x":31.21},"parent":"Hat Top","name":"Hat Tail"},{"length":91,"transform":{"skX":43.66,"skY":43.66,"y":10.23,"x":22.09},"parent":"Hat Top","name":"Feather"},{"length":27,"transform":{"skX":14.71,"skY":14.71,"x":29.39},"parent":"Mid8","name":"Mid9"},{"length":26,"transform":{"skX":-18.09,"skY":-18.09,"x":18.48},"parent":"Mid11","name":"Mid12"},{"length":35,"transform":{"skX":1.3,"skY":1.3,"x":49.78},"parent":"Hat Tail","name":"Hat Top3"},{"length":90,"transform":{"skX":111.61,"skY":111.61,"y":1.19,"x":29.49},"parent":"Mid12","name":"Staff"},{"length":28,"transform":{"skX":-3.8,"skY":-3.8,"x":35.41},"parent":"Hat Top3","name":"Hat Top4"},{"length":34,"transform":{"skX":6.67,"skY":6.67,"x":28.23},"parent":"Hat Top4","name":"Hat Top5"}],"aabb":{"width":332.34198998916827,"y":-268.8892037476535,"height":275.919776271886,"x":-119.89198998916825}}],"isGlobal":0,"name":"Flynn","version":"5.0"}