{"width":512,"SubTexture":[{"frameX":-1,"frameHeight":22,"y":453,"frameY":-1,"frameWidth":324,"width":322,"height":20,"name":"Shadow","x":1},{"width":105,"y":235,"height":142,"name":"Hat Bottom","x":289},{"width":104,"y":379,"height":72,"name":"Hat Top","x":280},{"width":121,"y":414,"height":27,"name":"Feather","x":122},{"frameX":-1,"frameHeight":44,"y":460,"frameY":-1,"frameWidth":97,"width":95,"height":42,"name":"HAtRing","x":325},{"width":165,"y":235,"height":99,"name":"HatBottom","x":122},{"width":60,"y":1,"height":69,"name":"Left Arm","x":396},{"width":210,"y":1,"height":232,"name":"Body","x":1},{"frameX":-1,"frameHeight":78,"y":336,"frameY":-1,"frameWidth":158,"width":156,"height":76,"name":"Hat Bottom B","x":122},{"frameX":-1,"frameHeight":21,"y":414,"frameY":-1,"frameWidth":21,"width":19,"height":19,"name":"Brain","x":245},{"width":66,"y":379,"height":79,"name":"Right Arm","x":386},{"width":119,"y":235,"height":187,"name":"Staff","x":1}],"height":512,"name":"Flynn","imagePath":"Flynn_tex.png"}