{"width":512,"imagePath":"SunGoddess_tex.png","height":512,"name":"SunGoddess","SubTexture":[{"width":172,"y":112,"height":136,"name":"Right  Hanger Copy","x":208},{"width":112,"y":250,"height":86,"name":"Left Hanger Copy","x":203},{"width":205,"y":1,"height":181,"name":"cape Copy","x":1},{"frameWidth":21,"y":298,"frameX":0,"frameHeight":22,"frameY":-2,"width":21,"height":19,"name":"spell Hand","x":166},{"width":108,"y":184,"height":121,"name":"left arm Copy","x":1},{"frameWidth":92,"y":184,"frameX":-1,"frameHeight":114,"frameY":-1,"width":90,"height":112,"name":"dress Copy","x":111},{"frameWidth":52,"y":258,"frameX":-1,"frameHeight":43,"frameY":-1,"width":50,"height":41,"name":"Scarf Left Copy","x":429},{"width":112,"y":112,"height":144,"name":"Neck Copy","x":382},{"frameWidth":74,"y":1,"frameX":-1,"frameHeight":57,"frameY":-1,"width":72,"height":55,"name":"Torso Copy","x":439},{"width":229,"y":1,"height":109,"name":"Sword Copy","x":208},{"width":102,"y":307,"height":74,"name":"Right Arm Copy","x":1},{"frameWidth":55,"y":258,"frameX":-1,"frameHeight":57,"frameY":-1,"width":53,"height":55,"name":"Head damage Copy","x":374},{"frameWidth":55,"y":309,"frameX":-1,"frameHeight":57,"frameY":-1,"width":53,"height":55,"name":"Head attack Copy","x":317},{"frameWidth":55,"y":298,"frameX":-1,"frameHeight":57,"frameY":-1,"width":53,"height":55,"name":"Head weak Copy","x":111},{"width":55,"y":250,"height":57,"name":"Head DEfault Copy","x":317},{"frameWidth":58,"y":58,"frameX":-1,"frameHeight":42,"frameY":-1,"width":56,"height":40,"name":"Scarf Right Copy","x":439}]}