{"frameRate":30,"armature":[{"bone":[{"name":"root","transform":{}},{"transform":{"y":-112.17,"x":-3.24},"name":"Mid","parent":"root"},{"transform":{"y":-102.2,"x":46.64},"name":"rightArmIK","parent":"root"},{"transform":{"y":-45.93,"x":-109.63},"name":"leftDEcorIK","parent":"root"},{"transform":{"y":-120.57,"x":-41.97},"name":"capeleftIK","parent":"root"},{"transform":{"y":-26.3,"x":-110.49},"name":"swordIK","parent":"root"},{"transform":{"y":-135.23,"x":75.16},"name":"rightCapeIK","parent":"root"},{"transform":{"y":-97.84,"x":-42.56},"name":"leftarmIK","parent":"root"},{"transform":{"y":-43.79,"x":122.69},"name":"RightDecorIK","parent":"root"},{"length":34,"transform":{"y":-8.74,"x":3.36,"skX":-72.98,"skY":-72.98},"parent":"Mid","name":"Torso"},{"length":86,"transform":{"y":6.72,"x":-1.34,"skX":90,"skY":90},"parent":"Mid","name":"Legs"},{"length":126,"transform":{"y":-5.59,"x":-2.41,"skX":-142.56,"skY":-142.56},"parent":"Torso","name":"Cape Wing Left"},{"length":41,"transform":{"y":-6.23,"x":31.83,"skX":133.92,"skY":133.92},"parent":"Torso","name":"CApe"},{"length":135,"transform":{"y":18.02,"x":-10.65,"skX":103.94,"skY":103.94},"parent":"Torso","name":"Cape Wing Right"},{"length":10,"transform":{"y":-1.12,"x":33.29,"skX":-28.33,"skY":-28.33},"parent":"Torso","name":"Neck"},{"length":56,"transform":{"y":-13.56,"x":19.04,"skX":-159.74,"skY":-159.74},"parent":"Torso","name":"Left Arm"},{"transform":{"y":-20.42,"x":25.37},"name":"Left Shoulder","parent":"Torso"},{"length":58,"transform":{"y":10.28,"x":37.58,"skX":135.76,"skY":135.76},"parent":"Torso","name":"Right ARm"},{"transform":{"y":11.23,"x":41.39},"name":"Right Shoulder","parent":"Torso"},{"length":168,"transform":{"y":5.48,"x":59.15,"skX":91.11,"skY":91.11},"parent":"Right ARm","name":"Right Hand"},{"length":60,"transform":{"y":-9.78,"x":8.76,"skX":-47.73,"skY":-47.73},"parent":"CApe","name":"CApe3"},{"length":29,"transform":{"y":0.72,"x":10.82,"skX":-22.38,"skY":-22.38},"parent":"Neck","name":"Head"},{"length":46,"transform":{"y":6.42,"x":2.26,"skX":85.58,"skY":85.58},"parent":"CApe","name":"CApe2"},{"length":12,"transform":{"y":-0.1,"x":57.24,"skX":3.47,"skY":3.47},"parent":"Left Arm","name":"left hand"}],"type":"Armature","frameRate":30,"animation":[{"bone":[{"frame":[{"transform":{},"duration":10},{"transform":{},"duration":20},{"transform":{},"duration":0}],"name":"root"},{"frame":[{"curve":[0.25,0,1,0.36],"duration":10,"transform":{}},{"curve":[0.25,0,0.078,1],"duration":5,"transform":{"y":-15.81,"x":65.26}},{"curve":[0.25,0,0.75,1],"duration":15,"transform":{"y":10.56,"x":36.98}},{"transform":{},"duration":0}],"name":"Mid"},{"frame":[{"transform":{},"duration":10},{"transform":{},"duration":20},{"transform":{},"duration":0}],"name":"Torso"},{"frame":[{"transform":{},"duration":10},{"transform":{},"duration":20},{"transform":{},"duration":0}],"name":"Neck"},{"frame":[{"transform":{},"duration":10},{"transform":{},"duration":20},{"transform":{},"duration":0}],"name":"Head"},{"frame":[{"transform":{},"duration":10},{"transform":{},"duration":20},{"transform":{},"duration":0}],"name":"Right Shoulder"},{"frame":[{"transform":{},"duration":10},{"transform":{},"duration":20},{"transform":{},"duration":0}],"name":"Left Shoulder"},{"frame":[{"transform":{},"duration":10},{"curve":[0.25,0,0.078,1],"duration":5,"transform":{}},{"curve":[0.25,0,0.75,1],"duration":15,"transform":{"y":15.62,"x":104.76}},{"transform":{},"duration":0}],"name":"rightArmIK"},{"frame":[{"curve":[0.25,0,1,0.36],"duration":10,"transform":{"skX":0.76,"skY":0.76}},{"curve":[0.25,0,0.078,1],"duration":5,"transform":{"skX":38.8,"skY":38.8}},{"curve":[0.25,0,0.75,1],"duration":15,"transform":{"y":-8.45,"x":-2.59,"skX":38.8,"skY":38.8}},{"transform":{"skX":0.76,"skY":0.76},"duration":0}],"name":"Right ARm"},{"frame":[{"transform":{},"duration":10},{"curve":[0.25,0,0.078,1],"duration":5,"transform":{}},{"curve":[0.25,0,0.75,1],"duration":15,"transform":{"y":-86.23,"x":336.66}},{"transform":{},"duration":0}],"name":"swordIK"},{"frame":[{"curve":[0.25,0,1,0.36],"duration":10,"transform":{"skX":0.08,"skY":0.08}},{"curve":[0.25,0,0.078,1],"duration":5,"transform":{"skX":-42.07,"skY":-42.07}},{"curve":[0.25,0,0.75,1],"duration":15,"transform":{"y":-5.99,"x":2.39,"skX":-42.07,"skY":-42.07}},{"transform":{"skX":0.08,"skY":0.08},"duration":0}],"name":"Right Hand"},{"frame":[{"transform":{},"duration":10},{"curve":[0.25,0,0.078,1],"duration":5,"transform":{}},{"curve":[0.25,0,0.75,1],"duration":15,"transform":{"y":133.7,"x":-33.04}},{"transform":{},"duration":0}],"name":"leftarmIK"},{"frame":[{"curve":[0.25,0,1,0.36],"duration":10,"transform":{"skX":0.67,"skY":0.67}},{"curve":[0.25,0,0.078,1],"duration":20,"transform":{"skX":13.5,"skY":13.5}},{"transform":{"skX":0.67,"skY":0.67},"duration":0}],"name":"Left Arm"},{"frame":[{"transform":{},"duration":10},{"transform":{},"duration":20},{"transform":{},"duration":0}],"name":"CApe"},{"frame":[{"transform":{},"duration":10},{"transform":{},"duration":20},{"transform":{},"duration":0}],"name":"RightDecorIK"},{"frame":[{"curve":[0.25,0,1,0.36],"duration":10,"transform":{"skX":-1.35,"skY":-1.35}},{"curve":[0.25,0,0.078,1],"duration":20,"transform":{"skX":17.37,"skY":17.37}},{"transform":{"skX":-1.35,"skY":-1.35},"duration":0}],"name":"Cape Wing Right"},{"frame":[{"transform":{},"duration":10},{"transform":{},"duration":20},{"transform":{},"duration":0}],"name":"leftDEcorIK"},{"frame":[{"curve":[0.25,0,1,0.36],"duration":10,"transform":{"skX":-0.09,"skY":-0.09}},{"curve":[0.25,0,0.078,1],"duration":20,"transform":{"skX":3.36,"skY":3.36}},{"transform":{"skX":-0.09,"skY":-0.09},"duration":0}],"name":"Cape Wing Left"},{"frame":[{"transform":{},"duration":10},{"transform":{},"duration":20},{"transform":{},"duration":0}],"name":"Legs"},{"frame":[{"transform":{},"duration":10},{"transform":{},"duration":20},{"transform":{},"duration":0}],"name":"left hand"},{"frame":[{"transform":{},"duration":10},{"transform":{},"duration":20},{"transform":{},"duration":0}],"name":"capeleftIK"},{"frame":[{"curve":[0.25,0,1,0.36],"duration":10,"transform":{"skX":-0.41,"skY":-0.41}},{"curve":[0.25,0,0.078,1],"duration":20,"transform":{"skX":5.19,"skY":5.19}},{"transform":{"skX":-0.41,"skY":-0.41},"duration":0}],"name":"CApe2"},{"frame":[{"transform":{},"duration":10},{"transform":{},"duration":20},{"transform":{},"duration":0}],"name":"rightCapeIK"},{"frame":[{"curve":[0.25,0,1,0.36],"duration":10,"transform":{"skX":1.1,"skY":1.1}},{"curve":[0.25,0,0.078,1],"duration":20,"transform":{"skX":44.66,"skY":44.66}},{"transform":{"skX":1.1,"skY":1.1},"duration":0}],"name":"CApe3"}],"frame":[],"ffd":[],"slot":[{"frame":[{"displayIndex":1,"tweenEasing":null,"duration":30}],"name":"Head DEfault Copy"}],"duration":30,"name":"Attack A","ik":[]},{"bone":[{"frame":[{"transform":{},"duration":10},{"transform":{},"duration":20},{"transform":{},"duration":0}],"name":"root"},{"frame":[{"curve":[0.25,0,1,0.44],"duration":10,"transform":{}},{"curve":[0.25,0,0,1],"duration":5,"transform":{"y":-15.81,"x":65.26}},{"tweenEasing":0,"transform":{"y":0.84,"x":-92.62},"duration":15},{"transform":{},"duration":0}],"name":"Mid"},{"frame":[{"transform":{},"duration":10},{"transform":{},"duration":20},{"transform":{},"duration":0}],"name":"Torso"},{"frame":[{"transform":{},"duration":10},{"transform":{},"duration":20},{"transform":{},"duration":0}],"name":"Neck"},{"frame":[{"transform":{},"duration":10},{"transform":{},"duration":20},{"transform":{},"duration":0}],"name":"Head"},{"frame":[{"transform":{},"duration":10},{"transform":{},"duration":20},{"transform":{},"duration":0}],"name":"Right Shoulder"},{"frame":[{"transform":{},"duration":10},{"transform":{},"duration":20},{"transform":{},"duration":0}],"name":"Left Shoulder"},{"frame":[{"curve":[0.211,0,0.716,0.4],"duration":5,"transform":{}},{"curve":[0.6,0.3,1,0.64],"duration":5,"transform":{"y":61.93,"x":-167.69}},{"curve":[0.25,0,0,1],"duration":5,"transform":{"y":-138.01,"x":21.65}},{"tweenEasing":0,"transform":{"y":-5.1,"x":-166.9},"duration":15},{"transform":{},"duration":0}],"name":"rightArmIK"},{"frame":[{"curve":[0.25,0,1,0.44],"duration":10,"transform":{"skX":0.76,"skY":0.76}},{"curve":[0.125,0,0.5,1],"duration":5,"transform":{"skX":38.8,"skY":38.8}},{"tweenEasing":0,"transform":{"y":-8.45,"x":-2.59,"skX":38.8,"skY":38.8},"duration":15},{"transform":{"skX":0.76,"skY":0.76},"duration":0}],"name":"Right ARm"},{"frame":[{"curve":[0.211,0,0.632,0.38],"duration":5,"transform":{}},{"curve":[0.6,0.3,1,0.64],"duration":5,"transform":{"y":-117.9,"x":-9.23}},{"curve":[0.25,0,0,1],"duration":5,"transform":{"y":-303.97,"x":321.56}},{"tweenEasing":0,"transform":{"y":11.85,"x":-146.57},"duration":15},{"transform":{},"duration":0}],"name":"swordIK"},{"frame":[{"curve":[0.25,0,1,0.44],"duration":10,"transform":{"skX":0.08,"skY":0.08}},{"curve":[0.125,0,0.5,1],"duration":5,"transform":{"skX":-42.07,"skY":-42.07}},{"tweenEasing":0,"transform":{"y":-5.99,"x":2.39,"skX":-42.07,"skY":-42.07},"duration":15},{"transform":{"skX":0.08,"skY":0.08},"duration":0}],"name":"Right Hand"},{"frame":[{"curve":[0.25,0,1,0.44],"duration":10,"transform":{}},{"curve":[0.25,0,0,1],"duration":5,"transform":{"x":63.59}},{"tweenEasing":0,"transform":{"y":102.01,"x":-77.17},"duration":15},{"transform":{},"duration":0}],"name":"leftarmIK"},{"frame":[{"curve":[0.25,0,1,0.44],"duration":10,"transform":{"skX":0.67,"skY":0.67}},{"tweenEasing":0,"transform":{"skX":13.5,"skY":13.5},"duration":20},{"transform":{"skX":0.67,"skY":0.67},"duration":0}],"name":"Left Arm"},{"frame":[{"transform":{},"duration":10},{"transform":{},"duration":20},{"transform":{},"duration":0}],"name":"CApe"},{"frame":[{"transform":{},"duration":10},{"tweenEasing":0,"transform":{},"duration":5},{"tweenEasing":0,"transform":{"y":-59.08,"x":21.2},"duration":15},{"transform":{},"duration":0}],"name":"RightDecorIK"},{"frame":[{"curve":[0.25,0,1,0.44],"duration":10,"transform":{"skX":-1.35,"skY":-1.35}},{"tweenEasing":0,"transform":{"skX":17.37,"skY":17.37},"duration":20},{"transform":{"skX":-1.35,"skY":-1.35},"duration":0}],"name":"Cape Wing Right"},{"frame":[{"transform":{},"duration":10},{"transform":{},"duration":20},{"transform":{},"duration":0}],"name":"leftDEcorIK"},{"frame":[{"curve":[0.25,0,1,0.44],"duration":10,"transform":{"skX":-0.09,"skY":-0.09}},{"tweenEasing":0,"transform":{"skX":3.36,"skY":3.36},"duration":20},{"transform":{"skX":-0.09,"skY":-0.09},"duration":0}],"name":"Cape Wing Left"},{"frame":[{"transform":{},"duration":10},{"transform":{},"duration":20},{"transform":{},"duration":0}],"name":"Legs"},{"frame":[{"transform":{},"duration":10},{"transform":{},"duration":20},{"transform":{},"duration":0}],"name":"left hand"},{"frame":[{"transform":{},"duration":10},{"transform":{},"duration":20},{"transform":{},"duration":0}],"name":"capeleftIK"},{"frame":[{"curve":[0.25,0,1,0.44],"duration":10,"transform":{"skX":-0.41,"skY":-0.41}},{"tweenEasing":0,"transform":{"skX":5.19,"skY":5.19},"duration":20},{"transform":{"skX":-0.41,"skY":-0.41},"duration":0}],"name":"CApe2"},{"frame":[{"transform":{},"duration":10},{"tweenEasing":0,"transform":{},"duration":5},{"tweenEasing":0,"transform":{"y":-71.26,"x":13.53},"duration":15},{"transform":{},"duration":0}],"name":"rightCapeIK"},{"frame":[{"curve":[0.25,0,1,0.44],"duration":10,"transform":{"skX":1.1,"skY":1.1}},{"tweenEasing":0,"transform":{"skX":44.66,"skY":44.66},"duration":20},{"transform":{"skX":1.1,"skY":1.1},"duration":0}],"name":"CApe3"}],"frame":[],"ffd":[],"slot":[{"frame":[{"displayIndex":1,"tweenEasing":null,"duration":30}],"name":"Head DEfault Copy"}],"duration":30,"name":"Attack B","ik":[]},{"bone":[{"frame":[{"transform":{},"duration":10},{"transform":{},"duration":20},{"transform":{},"duration":0}],"name":"root"},{"frame":[{"curve":[0.25,0,1,0.44],"duration":10,"transform":{}},{"curve":[0.25,0,0,1],"duration":5,"transform":{"y":-15.81,"x":65.26}},{"tweenEasing":0,"transform":{"y":0.84,"x":-92.62},"duration":15},{"transform":{},"duration":0}],"name":"Mid"},{"frame":[{"transform":{},"duration":10},{"transform":{},"duration":20},{"transform":{},"duration":0}],"name":"Torso"},{"frame":[{"transform":{},"duration":10},{"transform":{},"duration":20},{"transform":{},"duration":0}],"name":"Neck"},{"frame":[{"transform":{},"duration":10},{"transform":{},"duration":20},{"transform":{},"duration":0}],"name":"Head"},{"frame":[{"transform":{},"duration":10},{"transform":{},"duration":20},{"transform":{},"duration":0}],"name":"Right Shoulder"},{"frame":[{"transform":{},"duration":10},{"transform":{},"duration":20},{"transform":{},"duration":0}],"name":"Left Shoulder"},{"frame":[{"curve":[0.25,0,1,0.44],"duration":10,"transform":{}},{"curve":[0.25,0,0,1],"duration":5,"transform":{"y":-45.86,"x":95.73}},{"tweenEasing":0,"transform":{"y":2.12,"x":-312.12},"duration":15},{"transform":{},"duration":0}],"name":"rightArmIK"},{"frame":[{"curve":[0.25,0,1,0.44],"duration":10,"transform":{"skX":0.76,"skY":0.76}},{"curve":[0.125,0,0.5,1],"duration":5,"transform":{"skX":38.8,"skY":38.8}},{"tweenEasing":0,"transform":{"y":-8.45,"x":-2.59,"skX":38.8,"skY":38.8},"duration":15},{"transform":{"skX":0.76,"skY":0.76},"duration":0}],"name":"Right ARm"},{"frame":[{"curve":[0.25,0,1,0.44],"duration":10,"transform":{}},{"curve":[0.25,0,0,1],"duration":5,"transform":{"y":-20.38,"x":361.09}},{"tweenEasing":0,"transform":{"y":-101.35,"x":-217.38},"duration":15},{"transform":{},"duration":0}],"name":"swordIK"},{"frame":[{"curve":[0.25,0,1,0.44],"duration":10,"transform":{"skX":0.08,"skY":0.08}},{"curve":[0.125,0,0.5,1],"duration":5,"transform":{"skX":-42.07,"skY":-42.07}},{"tweenEasing":0,"transform":{"y":-5.99,"x":2.39,"skX":-42.07,"skY":-42.07},"duration":15},{"transform":{"skX":0.08,"skY":0.08},"duration":0}],"name":"Right Hand"},{"frame":[{"transform":{},"duration":10},{"curve":[0.25,0,0,1],"duration":5,"transform":{}},{"tweenEasing":0,"transform":{"y":108.32,"x":16.64},"duration":15},{"transform":{},"duration":0}],"name":"leftarmIK"},{"frame":[{"curve":[0.25,0,1,0.44],"duration":10,"transform":{"skX":0.67,"skY":0.67}},{"tweenEasing":0,"transform":{"skX":13.5,"skY":13.5},"duration":20},{"transform":{"skX":0.67,"skY":0.67},"duration":0}],"name":"Left Arm"},{"frame":[{"transform":{},"duration":10},{"transform":{},"duration":20},{"transform":{},"duration":0}],"name":"CApe"},{"frame":[{"transform":{},"duration":10},{"transform":{},"duration":20},{"transform":{},"duration":0}],"name":"RightDecorIK"},{"frame":[{"curve":[0.25,0,1,0.44],"duration":10,"transform":{"skX":-1.35,"skY":-1.35}},{"tweenEasing":0,"transform":{"skX":17.37,"skY":17.37},"duration":20},{"transform":{"skX":-1.35,"skY":-1.35},"duration":0}],"name":"Cape Wing Right"},{"frame":[{"transform":{},"duration":10},{"transform":{},"duration":20},{"transform":{},"duration":0}],"name":"leftDEcorIK"},{"frame":[{"curve":[0.25,0,1,0.44],"duration":10,"transform":{"skX":-0.09,"skY":-0.09}},{"tweenEasing":0,"transform":{"skX":3.36,"skY":3.36},"duration":20},{"transform":{"skX":-0.09,"skY":-0.09},"duration":0}],"name":"Cape Wing Left"},{"frame":[{"transform":{},"duration":10},{"transform":{},"duration":20},{"transform":{},"duration":0}],"name":"Legs"},{"frame":[{"transform":{},"duration":10},{"transform":{},"duration":20},{"transform":{},"duration":0}],"name":"left hand"},{"frame":[{"transform":{},"duration":10},{"transform":{},"duration":20},{"transform":{},"duration":0}],"name":"capeleftIK"},{"frame":[{"curve":[0.25,0,1,0.44],"duration":10,"transform":{"skX":-0.41,"skY":-0.41}},{"tweenEasing":0,"transform":{"skX":5.19,"skY":5.19},"duration":20},{"transform":{"skX":-0.41,"skY":-0.41},"duration":0}],"name":"CApe2"},{"frame":[{"transform":{},"duration":10},{"transform":{},"duration":20},{"transform":{},"duration":0}],"name":"rightCapeIK"},{"frame":[{"curve":[0.25,0,1,0.44],"duration":10,"transform":{"skX":1.1,"skY":1.1}},{"tweenEasing":0,"transform":{"skX":44.66,"skY":44.66},"duration":20},{"transform":{"skX":1.1,"skY":1.1},"duration":0}],"name":"CApe3"}],"frame":[],"ffd":[],"slot":[{"frame":[{"displayIndex":1,"tweenEasing":null,"duration":30}],"name":"Head DEfault Copy"}],"duration":30,"name":"Attack C","ik":[]},{"bone":[{"frame":[{"transform":{},"duration":10},{"transform":{},"duration":5},{"transform":{},"duration":20},{"transform":{},"duration":20},{"transform":{},"duration":5},{"transform":{},"duration":10},{"transform":{},"duration":0}],"name":"root"},{"frame":[{"curve":[0.25,0,1,0.41],"duration":10,"transform":{}},{"curve":[0.25,0,0.154,1],"duration":5,"transform":{"y":-26.07,"x":62.16}},{"curve":[0.25,0,0.75,1],"duration":10,"transform":{"y":-12.5,"x":-41.3}},{"curve":[0.25,0,0.75,1],"duration":10,"transform":{"y":-1.14,"x":-41.3}},{"curve":[0.25,0,0.75,1],"duration":10,"transform":{"y":-12.5,"x":-41.3}},{"curve":[0.25,0,0.75,1],"duration":10,"transform":{"y":-1.14,"x":-41.3}},{"curve":[0.25,0,0.75,1],"duration":5,"transform":{"y":-12.5,"x":-41.3}},{"curve":[0.25,0,0.75,1],"duration":10,"transform":{"y":-26.07,"x":62.16}},{"transform":{},"duration":0}],"name":"Mid"},{"frame":[{"transform":{},"duration":10},{"transform":{},"duration":5},{"transform":{},"duration":20},{"transform":{},"duration":20},{"transform":{},"duration":5},{"transform":{},"duration":10},{"transform":{},"duration":0}],"name":"Torso"},{"frame":[{"transform":{},"duration":10},{"transform":{},"duration":5},{"transform":{},"duration":20},{"transform":{},"duration":20},{"transform":{},"duration":5},{"transform":{},"duration":10},{"transform":{},"duration":0}],"name":"Neck"},{"frame":[{"transform":{},"duration":10},{"transform":{},"duration":5},{"transform":{},"duration":20},{"transform":{},"duration":20},{"transform":{},"duration":5},{"transform":{},"duration":10},{"transform":{},"duration":0}],"name":"Head"},{"frame":[{"transform":{},"duration":10},{"transform":{},"duration":5},{"transform":{},"duration":20},{"transform":{},"duration":20},{"transform":{},"duration":5},{"transform":{},"duration":10},{"transform":{},"duration":0}],"name":"Right Shoulder"},{"frame":[{"transform":{},"duration":10},{"transform":{},"duration":5},{"transform":{},"duration":20},{"transform":{},"duration":20},{"transform":{},"duration":5},{"transform":{},"duration":10},{"transform":{},"duration":0}],"name":"Left Shoulder"},{"frame":[{"curve":[0.25,0,1,0.41],"duration":10,"transform":{}},{"transform":{"x":149.57},"duration":5},{"transform":{"x":149.57},"duration":20},{"transform":{"x":149.57},"duration":20},{"transform":{"x":149.57},"duration":5},{"curve":[0.25,0,0.75,1],"duration":10,"transform":{"x":149.57}},{"transform":{},"duration":0}],"name":"rightArmIK"},{"frame":[{"curve":[0.25,0,1,0.41],"duration":10,"transform":{"skX":0.76,"skY":0.76}},{"curve":[0.25,0,0.154,1],"duration":5,"transform":{"skX":-28.3,"skY":-28.3}},{"transform":{"skX":-46.29,"skY":-46.29},"duration":20},{"transform":{"skX":-46.29,"skY":-46.29},"duration":20},{"curve":[0.25,0,0.75,1],"duration":5,"transform":{"skX":-46.29,"skY":-46.29}},{"curve":[0.25,0,0.75,1],"duration":10,"transform":{"skX":-28.3,"skY":-28.3}},{"transform":{"skX":0.76,"skY":0.76},"duration":0}],"name":"Right ARm"},{"frame":[{"curve":[0.25,0,1,0.41],"duration":10,"transform":{}},{"transform":{"y":-4.01,"x":340.85},"duration":5},{"transform":{"y":-4.01,"x":340.85},"duration":20},{"transform":{"y":-4.01,"x":340.85},"duration":20},{"transform":{"y":-4.01,"x":340.85},"duration":5},{"curve":[0.25,0,0.75,1],"duration":10,"transform":{"y":-4.01,"x":340.85}},{"transform":{},"duration":0}],"name":"swordIK"},{"frame":[{"curve":[0.25,0,1,0.41],"duration":10,"transform":{"skX":0.08,"skY":0.08}},{"curve":[0.25,0,0.154,1],"duration":5,"transform":{"skX":-77.92,"skY":-77.92}},{"transform":{"skX":-77.38,"skY":-77.38},"duration":20},{"transform":{"skX":-77.38,"skY":-77.38},"duration":20},{"curve":[0.25,0,0.75,1],"duration":5,"transform":{"skX":-77.38,"skY":-77.38}},{"curve":[0.25,0,0.75,1],"duration":10,"transform":{"skX":-77.92,"skY":-77.92}},{"transform":{"skX":0.08,"skY":0.08},"duration":0}],"name":"Right Hand"},{"frame":[{"curve":[0.25,0,1,0.41],"duration":10,"transform":{}},{"curve":[0.25,0,0.154,1],"duration":5,"transform":{"y":44.91}},{"transform":{"y":-56.15,"x":-88.57},"duration":20},{"transform":{"y":-56.15,"x":-88.57},"duration":20},{"curve":[0.25,0,0.75,1],"duration":5,"transform":{"y":-56.15,"x":-88.57}},{"curve":[0.25,0,0.75,1],"duration":10,"transform":{"y":44.91}},{"transform":{},"duration":0}],"name":"leftarmIK"},{"frame":[{"curve":[0.25,0,1,0.41],"duration":10,"transform":{"skX":0.67,"skY":0.67}},{"curve":[0.25,0,0.154,1],"duration":5,"transform":{"skX":2.7,"skY":2.7}},{"transform":{"skX":51.62,"skY":51.62},"duration":20},{"transform":{"skX":51.62,"skY":51.62},"duration":20},{"curve":[0.25,0,0.75,1],"duration":5,"transform":{"skX":51.62,"skY":51.62}},{"curve":[0.25,0,0.75,1],"duration":10,"transform":{"skX":2.7,"skY":2.7}},{"transform":{"skX":0.67,"skY":0.67},"duration":0}],"name":"Left Arm"},{"frame":[{"transform":{},"duration":10},{"transform":{},"duration":5},{"transform":{},"duration":20},{"transform":{},"duration":20},{"transform":{},"duration":5},{"transform":{},"duration":10},{"transform":{},"duration":0}],"name":"CApe"},{"frame":[{"transform":{},"duration":10},{"transform":{},"duration":5},{"transform":{},"duration":20},{"transform":{},"duration":20},{"transform":{},"duration":5},{"transform":{},"duration":10},{"transform":{},"duration":0}],"name":"RightDecorIK"},{"frame":[{"curve":[0.25,0,1,0.41],"duration":10,"transform":{"skX":-1.35,"skY":-1.35}},{"curve":[0.25,0,0.154,1],"duration":5,"transform":{"skX":31.21,"skY":31.21}},{"transform":{"skX":-4.62,"skY":-4.62},"duration":20},{"transform":{"skX":-4.62,"skY":-4.62},"duration":20},{"curve":[0.25,0,0.75,1],"duration":5,"transform":{"skX":-4.62,"skY":-4.62}},{"curve":[0.25,0,0.75,1],"duration":10,"transform":{"skX":31.21,"skY":31.21}},{"transform":{"skX":-1.35,"skY":-1.35},"duration":0}],"name":"Cape Wing Right"},{"frame":[{"transform":{},"duration":10},{"transform":{},"duration":5},{"transform":{},"duration":20},{"transform":{},"duration":20},{"transform":{},"duration":5},{"transform":{},"duration":10},{"transform":{},"duration":0}],"name":"leftDEcorIK"},{"frame":[{"curve":[0.25,0,1,0.41],"duration":10,"transform":{"skX":-0.09,"skY":-0.09}},{"curve":[0.25,0,0.154,1],"duration":5,"transform":{"skX":4.36,"skY":4.36}},{"transform":{"skX":-18.75,"skY":-18.75},"duration":20},{"transform":{"skX":-18.75,"skY":-18.75},"duration":20},{"curve":[0.25,0,0.75,1],"duration":5,"transform":{"skX":-18.75,"skY":-18.75}},{"curve":[0.25,0,0.75,1],"duration":10,"transform":{"skX":4.36,"skY":4.36}},{"transform":{"skX":-0.09,"skY":-0.09},"duration":0}],"name":"Cape Wing Left"},{"frame":[{"transform":{},"duration":10},{"transform":{},"duration":5},{"transform":{},"duration":20},{"transform":{},"duration":20},{"transform":{},"duration":5},{"transform":{},"duration":10},{"transform":{},"duration":0}],"name":"Legs"},{"frame":[{"transform":{},"duration":10},{"transform":{},"duration":5},{"transform":{},"duration":20},{"transform":{},"duration":20},{"transform":{},"duration":5},{"transform":{},"duration":10},{"transform":{},"duration":0}],"name":"left hand"},{"frame":[{"transform":{},"duration":10},{"transform":{},"duration":5},{"transform":{},"duration":20},{"transform":{},"duration":20},{"transform":{},"duration":5},{"transform":{},"duration":10},{"transform":{},"duration":0}],"name":"capeleftIK"},{"frame":[{"curve":[0.25,0,1,0.41],"duration":10,"transform":{"skX":-0.41,"skY":-0.41}},{"curve":[0.25,0,0.154,1],"duration":5,"transform":{"skX":6.02,"skY":6.02}},{"transform":{"skX":-57.05,"skY":-57.05},"duration":20},{"transform":{"skX":-57.05,"skY":-57.05},"duration":20},{"curve":[0.25,0,0.75,1],"duration":5,"transform":{"skX":-57.05,"skY":-57.05}},{"curve":[0.25,0,0.75,1],"duration":10,"transform":{"skX":6.02,"skY":6.02}},{"transform":{"skX":-0.41,"skY":-0.41},"duration":0}],"name":"CApe2"},{"frame":[{"transform":{},"duration":10},{"transform":{},"duration":5},{"transform":{},"duration":20},{"transform":{},"duration":20},{"transform":{},"duration":5},{"transform":{},"duration":10},{"transform":{},"duration":0}],"name":"rightCapeIK"},{"frame":[{"curve":[0.25,0,1,0.41],"duration":10,"transform":{"skX":1.1,"skY":1.1}},{"curve":[0.25,0,0.154,1],"duration":5,"transform":{"skX":81.34,"skY":81.34}},{"transform":{"skX":2.14,"skY":2.14},"duration":20},{"transform":{"skX":2.14,"skY":2.14},"duration":20},{"curve":[0.25,0,0.75,1],"duration":5,"transform":{"skX":2.14,"skY":2.14}},{"curve":[0.25,0,0.75,1],"duration":10,"transform":{"skX":81.34,"skY":81.34}},{"transform":{"skX":1.1,"skY":1.1},"duration":0}],"name":"CApe3"}],"frame":[],"ffd":[],"slot":[],"duration":70,"name":"Attack D","ik":[]},{"bone":[{"frame":[{"transform":{},"duration":30},{"transform":{},"duration":0}],"name":"root"},{"frame":[{"transform":{"skX":1.1,"skY":1.1},"duration":30},{"transform":{"skX":1.1,"skY":1.1},"duration":0}],"name":"CApe3"},{"frame":[{"transform":{},"duration":30},{"transform":{},"duration":0}],"name":"rightCapeIK"},{"frame":[{"transform":{"skX":-0.41,"skY":-0.41},"duration":30},{"transform":{"skX":-0.41,"skY":-0.41},"duration":0}],"name":"CApe2"},{"frame":[{"transform":{},"duration":30},{"transform":{},"duration":0}],"name":"capeleftIK"},{"frame":[{"transform":{},"duration":30},{"transform":{},"duration":0}],"name":"left hand"},{"frame":[{"transform":{},"duration":30},{"transform":{},"duration":0}],"name":"Legs"},{"frame":[{"transform":{"skX":-0.09,"skY":-0.09},"duration":30},{"transform":{"skX":-0.09,"skY":-0.09},"duration":0}],"name":"Cape Wing Left"},{"frame":[{"transform":{},"duration":30},{"transform":{},"duration":0}],"name":"leftDEcorIK"},{"frame":[{"transform":{"skX":-1.35,"skY":-1.35},"duration":30},{"transform":{"skX":-1.35,"skY":-1.35},"duration":0}],"name":"Cape Wing Right"},{"frame":[{"transform":{},"duration":30},{"transform":{},"duration":0}],"name":"RightDecorIK"},{"frame":[{"transform":{},"duration":30},{"transform":{},"duration":0}],"name":"CApe"},{"frame":[{"transform":{"skX":0.67,"skY":0.67},"duration":30},{"transform":{"skX":0.67,"skY":0.67},"duration":0}],"name":"Left Arm"},{"frame":[{"curve":[0.25,0,0,1],"duration":10,"transform":{}},{"curve":[0.25,0,0.75,1],"duration":20,"transform":{"y":29.05,"x":8.42}},{"transform":{},"duration":0}],"name":"leftarmIK"},{"frame":[{"transform":{"skX":0.08,"skY":0.08},"duration":30},{"transform":{"skX":0.08,"skY":0.08},"duration":0}],"name":"Right Hand"},{"frame":[{"curve":[0.25,0,0,1],"duration":10,"transform":{}},{"curve":[0.25,0,0.75,1],"duration":20,"transform":{"y":33.26,"x":45.47,"skX":0.64,"skY":0.64}},{"transform":{},"duration":0}],"name":"swordIK"},{"frame":[{"transform":{"skX":0.76,"skY":0.76},"duration":30},{"transform":{"skX":0.76,"skY":0.76},"duration":0}],"name":"Right ARm"},{"frame":[{"curve":[0.25,0,0,1],"duration":10,"transform":{}},{"curve":[0.25,0,0.75,1],"duration":20,"transform":{"y":18.52,"x":37.89}},{"transform":{},"duration":0}],"name":"rightArmIK"},{"frame":[{"transform":{},"duration":30},{"transform":{},"duration":0}],"name":"Left Shoulder"},{"frame":[{"transform":{},"duration":30},{"transform":{},"duration":0}],"name":"Right Shoulder"},{"frame":[{"transform":{},"duration":30},{"transform":{},"duration":0}],"name":"Head"},{"frame":[{"transform":{},"duration":30},{"transform":{},"duration":0}],"name":"Neck"},{"frame":[{"transform":{},"duration":30},{"transform":{},"duration":0}],"name":"Torso"},{"frame":[{"curve":[0.25,0,0,1],"duration":10,"transform":{}},{"curve":[0.25,0,0.75,1],"duration":20,"transform":{"y":16,"x":31.15}},{"transform":{},"duration":0}],"name":"Mid"}],"frame":[],"ffd":[],"slot":[{"frame":[{"displayIndex":2,"tweenEasing":null,"duration":30}],"name":"Head DEfault Copy"}],"duration":30,"name":"Damage","ik":[]},{"bone":[{"frame":[{"transform":{},"duration":60},{"transform":{},"duration":0}],"name":"root"},{"frame":[{"curve":[0.25,0,0.75,1],"duration":30,"transform":{}},{"curve":[0.25,0,0.75,1],"duration":30,"transform":{"y":16.38}},{"transform":{},"duration":0}],"name":"Mid"},{"frame":[{"transform":{},"duration":60},{"transform":{},"duration":0}],"name":"Torso"},{"frame":[{"transform":{},"duration":60},{"transform":{},"duration":0}],"name":"Neck"},{"frame":[{"transform":{},"duration":60},{"transform":{},"duration":0}],"name":"Head"},{"frame":[{"transform":{},"duration":60},{"transform":{},"duration":0}],"name":"Right Shoulder"},{"frame":[{"transform":{},"duration":60},{"transform":{},"duration":0}],"name":"Left Shoulder"},{"frame":[{"transform":{},"duration":60},{"transform":{},"duration":0}],"name":"rightArmIK"},{"frame":[{"transform":{"skX":0.76,"skY":0.76},"duration":60},{"transform":{"skX":0.76,"skY":0.76},"duration":0}],"name":"Right ARm"},{"frame":[{"transform":{},"duration":60},{"transform":{},"duration":0}],"name":"swordIK"},{"frame":[{"transform":{"skX":0.08,"skY":0.08},"duration":60},{"transform":{"skX":0.08,"skY":0.08},"duration":0}],"name":"Right Hand"},{"frame":[{"transform":{},"duration":60},{"transform":{},"duration":0}],"name":"leftarmIK"},{"frame":[{"transform":{"skX":0.67,"skY":0.67},"duration":60},{"transform":{"skX":0.67,"skY":0.67},"duration":0}],"name":"Left Arm"},{"frame":[{"transform":{},"duration":60},{"transform":{},"duration":0}],"name":"CApe"},{"frame":[{"transform":{},"duration":60},{"transform":{},"duration":0}],"name":"RightDecorIK"},{"frame":[{"transform":{"skX":-1.35,"skY":-1.35},"duration":60},{"transform":{"skX":-1.35,"skY":-1.35},"duration":0}],"name":"Cape Wing Right"},{"frame":[{"transform":{},"duration":60},{"transform":{},"duration":0}],"name":"leftDEcorIK"},{"frame":[{"transform":{"skX":-0.09,"skY":-0.09},"duration":60},{"transform":{"skX":-0.09,"skY":-0.09},"duration":0}],"name":"Cape Wing Left"},{"frame":[{"transform":{},"duration":60},{"transform":{},"duration":0}],"name":"Legs"},{"frame":[{"transform":{},"duration":60},{"transform":{},"duration":0}],"name":"left hand"},{"frame":[{"transform":{},"duration":60},{"transform":{},"duration":0}],"name":"capeleftIK"},{"frame":[{"transform":{"skX":-0.41,"skY":-0.41},"duration":60},{"transform":{"skX":-0.41,"skY":-0.41},"duration":0}],"name":"CApe2"},{"frame":[{"transform":{},"duration":60},{"transform":{},"duration":0}],"name":"rightCapeIK"},{"frame":[{"transform":{"skX":1.1,"skY":1.1},"duration":60},{"transform":{"skX":1.1,"skY":1.1},"duration":0}],"name":"CApe3"}],"frame":[],"ffd":[],"slot":[],"duration":60,"name":"Idle","ik":[]}],"skin":[{"name":"","slot":[{"display":[{"path":"Scarf Left Copy","type":"image","name":"Scarf Left Copy","transform":{"y":1.19,"x":3.51,"skX":72.98,"skY":72.98}}],"name":"Scarf Left Copy"},{"display":[{"width":108,"triangles":[10,35,9,35,8,9,11,35,10,13,35,11,40,7,8,35,40,8,12,13,11,40,6,7,43,5,6,40,43,6,27,43,40,14,40,35,13,14,35,14,27,40,43,29,5,29,36,5,36,4,5,45,3,4,37,1,2,38,2,3,45,38,3,36,45,4,24,0,1,38,37,2,27,41,43,41,29,43,37,24,1,0,24,25,41,34,29,30,37,38,36,26,45,14,15,27,15,41,27,37,23,24,31,26,36,34,31,36,34,36,29,30,38,45,26,30,45,32,44,26,16,34,41,15,16,41,44,22,30,26,44,30,30,22,37,22,23,37,39,31,34,16,39,34,31,32,26,28,32,31,32,21,44,21,22,44,17,39,16,28,42,32,39,28,31,42,21,32,17,28,39,42,20,21,33,42,28,17,33,28,18,33,17,19,20,42,33,19,42,18,19,33],"type":"mesh","vertices":[64.53,-36.2,57.94,-31.87,51.34,-27.55,44.75,-23.22,38.16,-18.9,28.11,-15.24,18.06,-11.58,10.54,-9.61,3.02,-7.65,-5.67,-5.54,-9.29,-0.12,-8.4,6.37,-4.06,11.04,2.61,9.43,12.39,8.46,21.48,10.61,30.58,12.77,42.22,17.43,53.87,22.1,58.15,13.52,62.43,4.94,61.83,-3.22,61.23,-11.37,63.42,-19.28,65.61,-27.19,67.73,-38.98,43.3,-7.21,18.73,-0.5,48.93,6.46,29.73,-4.98,51.84,-15.91,41.03,3.53,51.45,-3.26,51.89,12.72,31.29,0.73,3.94,-0.14,34.12,-9.12,57.51,-20.51,48.42,-18.04,38.8,8.21,11.11,-3.5,24.03,4.51,55.77,5.17,21.63,-5.22,54.53,-10.25,43.43,-15.39],"transform":{},"uvs":[0.69682,0.70116,0.70194,0.63615,0.70705,0.57114,0.71216,0.50613,0.71727,0.44112,0.74666,0.35673,0.77605,0.27233,0.80373,0.21302,0.83142,0.15372,0.86464,0.08605,0.84505,0.03511,0.79223,0.0085,0.73345,0.01369,0.7079,0.06552,0.6602,0.13471,0.59332,0.18375,0.52645,0.23279,0.42679,0.28602,0.32712,0.33924,0.36631,0.41033,0.40549,0.48142,0.46895,0.5183,0.53242,0.55517,0.57842,0.60916,0.62442,0.66314,0.69938,0.73613,0.60225,0.41645,0.69066,0.22134,0.47004,0.38504,0.66193,0.31606,0.61851,0.5162,0.53586,0.34775,0.52748,0.4503,0.40731,0.37316,0.61116,0.29769,0.77097,0.1222,0.66782,0.36563,0.6206,0.57641,0.65336,0.50431,0.51392,0.30969,0.7555,0.18621,0.62402,0.23108,0.44114,0.43645,0.70914,0.26401,0.56168,0.50549,0.66186,0.45827],"path":"left arm Copy","userEdges":[],"edges":[18,19,19,20,20,21,21,22,22,23,23,24,24,25,25,0,0,1,1,2,2,3,3,4,4,5,5,6,6,7,7,8,8,9,9,10,10,11,11,12,12,13,13,14,14,15,15,16,16,17,17,18],"height":121,"name":"left arm Copy"}],"name":"left arm Copy"},{"display":[{"width":55,"triangles":[32,60,31,31,41,30,30,41,29,41,28,29,60,53,31,53,41,31,63,60,32,33,63,32,41,27,28,34,51,33,51,63,33,26,27,41,53,26,41,63,45,60,45,53,60,45,40,53,40,26,53,35,51,34,58,40,45,51,52,63,52,45,63,52,58,45,35,43,51,43,52,51,36,43,35,54,25,26,40,54,26,43,62,52,49,43,36,37,38,36,54,24,25,58,61,40,61,54,40,44,58,52,38,49,36,62,44,52,39,49,38,54,23,24,48,61,58,44,48,58,50,23,54,49,62,43,61,50,54,49,56,62,50,22,23,48,50,61,56,44,62,48,46,50,42,48,44,56,42,44,47,56,49,39,0,49,0,47,49,21,22,50,46,21,50,42,46,48,47,57,56,57,42,56,42,55,46,0,10,47,46,19,21,19,20,21,10,57,47,18,19,46,55,18,46,1,9,0,9,10,0,59,8,1,8,9,1,59,1,2,3,59,2,57,16,42,16,55,42,12,16,57,10,12,57,17,18,55,6,59,3,4,6,3,16,17,55,11,12,10,5,6,4,7,8,59,6,7,59,13,16,12,14,15,13,13,15,16],"type":"mesh","vertices":[35.87,2.2,40.51,4.28,45.14,6.36,50.76,6.32,56.38,6.28,59.01,2.33,55.37,-0.27,51.73,-2.88,44.44,-5.79,40.09,-6.13,35.74,-6.47,36.47,-8,33.74,-9.97,37.11,-15.22,36.67,-20.41,35.02,-21.51,29.73,-15.09,23.18,-19.97,15.92,-22.5,10.73,-21.2,5.84,-16.46,7.39,-13.91,4.11,-14.08,-1.73,-8.67,-4.11,-5.21,-3.37,-0.96,-2.63,3.28,-8.04,4.36,-9.25,9.32,-10.46,14.27,-7.07,16.53,0.94,19.5,8.95,22.47,14.84,22.93,20.73,23.4,24.14,20.77,27.55,18.14,31.1,21.37,33.78,16.59,34.83,9.4,5.61,3.4,-3.62,10.21,23.25,-7.94,22.22,11.14,17.53,1.4,10.33,13.09,14.8,-11.5,29.02,-0.02,13.36,-4.45,28.69,8.4,5.63,-7.75,17.43,18.51,14.64,9.5,2.14,9.89,2.68,-3.23,21.37,-15.38,25.01,1.09,29.4,-6.4,12.29,4.59,47.99,1.34,6.89,16.41,7.91,-1.49,21.62,6.31,12.17,17.15],"transform":{},"uvs":[0.35002,0.339,0.33475,0.25111,0.31947,0.16322,0.2622,0.08161,0.20493,0,0.11875,0,0.11602,0.07845,0.11329,0.1569,0.14275,0.29164,0.18147,0.35848,0.2202,0.42532,0.18966,0.42953,0.18747,0.48848,0.07402,0.49058,0,0.54742,0,0.58216,0.15038,0.5969,0.14275,0.74005,0.17766,0.87058,0.24966,0.93374,0.37075,0.959,0.39365,0.91163,0.4242,0.9611,0.56493,0.99373,0.64129,0.99479,0.69802,0.94268,0.75474,0.89058,0.82565,0.959,0.91283,0.92847,1,0.89795,1,0.82637,0.9641,0.68058,0.9282,0.53479,0.87583,0.44427,0.82347,0.35374,0.74929,0.32953,0.67511,0.30532,0.6882,0.22216,0.58893,0.22953,0.46947,0.28427,0.67339,0.76917,0.86949,0.83752,0.32399,0.62202,0.62296,0.45124,0.52302,0.61461,0.77245,0.60584,0.35529,0.78006,0.38569,0.46066,0.47647,0.73243,0.51627,0.38364,0.50452,0.87738,0.7828,0.44961,0.67464,0.57792,0.80655,0.75658,0.60259,0.87638,0.23037,0.72186,0.44285,0.50843,0.28511,0.51718,0.62399,0.65999,0.21475,0.17049,0.85732,0.62374,0.5762,0.78307,0.55594,0.50717,0.81522,0.5396],"path":"Head DEfault Copy","userEdges":[],"edges":[14,15,15,16,16,17,17,18,18,19,19,20,20,21,21,22,22,23,23,24,24,25,25,26,26,27,27,28,28,29,29,30,30,31,31,32,32,33,33,34,34,35,35,36,36,37,37,38,38,39,39,0,0,1,1,2,2,3,3,4,4,5,5,6,6,7,7,8,8,9,9,10,10,11,11,12,12,13,13,14],"height":57,"name":"Head DEfault Copy"},{"path":"Head attack Copy","type":"image","name":"Head attack Copy","transform":{"y":3.97,"x":23.66,"skX":123.69,"skY":123.69}},{"path":"Head damage Copy","type":"image","name":"Head damage Copy","transform":{"y":3.97,"x":23.66,"skX":123.69,"skY":123.69}},{"path":"Head weak Copy","type":"image","name":"Head weak Copy","transform":{"y":3.97,"x":23.66,"skX":123.69,"skY":123.69}}],"name":"Head DEfault Copy"},{"display":[{"weights":[1,22,1,1,22,1,1,22,1,1,22,1,1,22,1,1,22,1,1,22,1,1,22,1,1,22,1,1,22,1,1,22,1,2,22,0.99993,20,0.00007,2,22,0.99972,20,0.00028,2,22,0.9942,20,0.0058,2,22,0.97223,20,0.02777,2,22,0.95325,20,0.04675,2,22,0.89297,20,0.10703,2,22,0.77939,20,0.22061,2,22,0.53915,20,0.46085,2,22,0.33307,20,0.66693,2,22,0.26723,20,0.73277,2,22,0.22025,20,0.77975,2,22,0.07975,20,0.92025,2,22,0.02437,20,0.97563,2,22,0.00352,20,0.99648,1,20,1,1,20,1,1,20,1,1,20,1,1,20,1,1,20,1,1,20,1,1,20,1,1,20,1,1,20,1,1,20,1,1,20,1,1,20,1,1,20,1,1,20,1,1,20,1,1,20,1,1,20,1,1,20,1,2,22,0.00435,20,0.99565,2,22,0.31206,20,0.68794,2,22,0.90117,20,0.09883,2,22,0.99863,20,0.00137,2,22,0.45089,20,0.54911,2,22,0.00883,20,0.99117,2,22,0.0028,20,0.9972,2,22,0.99641,20,0.00359,2,22,0.99708,20,0.00292,2,22,0.87284,20,0.12716,2,22,0.08985,20,0.91015,2,22,0.17314,20,0.82686,1,20,1,2,22,0.48579,20,0.51421,1,20,1,1,22,1,2,22,0.91924,20,0.08076,2,22,0.07181,20,0.92819,1,22,1,2,22,0.80043,20,0.19957,2,22,0.00207,20,0.99793,2,22,0.71715,20,0.28285,1,20,1,2,22,0.07191,20,0.92809,2,22,0.95015,20,0.04985,2,22,0.02564,20,0.97436,1,20,1,1,22,1],"userEdges":[],"edges":[5,6,6,7,7,8,8,9,9,10,10,11,11,12,12,13,13,14,14,15,15,16,16,17,17,18,18,19,19,20,20,21,21,22,22,23,23,24,24,25,25,26,26,27,27,28,28,29,29,30,30,31,31,32,32,33,33,34,34,35,35,36,36,37,37,38,38,39,39,40,40,41,41,42,42,43,43,44,44,45,45,46,46,47,47,0,0,1,1,2,2,3,3,4,4,5],"vertices":[-21.41,-157.29,-26.84,-150.41,-39.93,-145.61,-55.04,-141.48,-70.37,-140.07,-74.82,-140.54,-74.03,-130.39,-63.17,-122.13,-49.49,-121.54,-46.77,-119.3,-44.76,-114.82,-38.63,-108.68,-35.44,-107.26,-31.32,-112.69,-26.12,-112.93,-25.06,-108.33,-15.44,-105.85,-5.83,-103.37,9.16,-102.08,24.15,-100.78,30.76,-105.03,30.41,-108.56,41.05,-105.38,53.15,-107.15,65.24,-108.92,77.04,-116.13,79.4,-118.25,73.15,-126.27,77.51,-125.68,85.54,-119.54,87.65,-127.16,89.78,-134.78,93.44,-140.09,100.76,-143.87,108.3,-143.75,117.86,-144.34,112.31,-152.01,97.33,-158.03,85.05,-158.98,72.43,-156.5,61.22,-153.54,52.6,-153.54,44.59,-155.67,36.21,-163.34,23.1,-163.57,9.83,-162.5,-3.45,-161.44,-12.42,-159.37,11.42,-129.9,51.34,-128.46,35.67,-143.25,-24.25,-128.56,-5.85,-144.14,-9.45,-118.45,16.75,-144.88,25.83,-126.18,58.39,-141.19,12.24,-112.77,76.37,-142.13,-41.11,-128.22,-4.13,-137.05,39.58,-119.83,-20.38,-143.81,2.66,-149.97,63.04,-121.35,0.86,-120.31,27.07,-153.22,23.35,-139.46,-11.48,-129.62,39.05,-133.04,87.86,-147.76,-30.49,-139.33],"uvs":[0.26054,0.32803,0.23401,0.36604,0.17017,0.3925,0.09649,0.41532,0.02166,0.42314,0,0.42053,0.00382,0.4766,0.05678,0.52224,0.12355,0.5255,0.13679,0.53788,0.14657,0.56266,0.1765,0.59656,0.19204,0.60438,0.21219,0.57439,0.23752,0.57309,0.2427,0.59851,0.28961,0.6122,0.33652,0.62589,0.40962,0.63307,0.48273,0.64024,0.51496,0.61677,0.51323,0.59721,0.56516,0.61481,0.62416,0.60503,0.68316,0.59525,0.74072,0.55549,0.75223,0.54375,0.72172,0.49942,0.74302,0.50268,0.78216,0.53658,0.79252,0.49449,0.80289,0.4524,0.82073,0.42307,0.85642,0.4022,0.89326,0.40286,0.93988,0.3996,0.91283,0.35722,0.83972,0.32397,0.77986,0.31876,0.71827,0.33245,0.66359,0.34875,0.62157,0.34875,0.58243,0.33701,0.54156,0.29464,0.47767,0.29333,0.41291,0.2992,0.34815,0.30507,0.30435,0.31655,0.42062,0.47933,0.61537,0.48728,0.53897,0.4056,0.24665,0.4867,0.33642,0.40067,0.31887,0.54261,0.44662,0.39653,0.49095,0.49988,0.6498,0.41697,0.42462,0.57401,0.73749,0.41184,0.16439,0.48857,0.34483,0.43978,0.55797,0.53497,0.26555,0.40247,0.37793,0.36846,0.67249,0.52658,0.36912,0.53233,0.49701,0.35051,0.47885,0.4265,0.30896,0.48085,0.55544,0.46198,0.79351,0.3807,0.21625,0.42726],"path":"cape Copy","triangles":[36,34,35,33,34,36,37,33,36,37,70,33,70,32,33,38,70,37,70,31,32,28,30,31,58,28,31,70,58,31,28,29,30,38,39,70,39,58,70,58,27,28,56,27,58,39,40,58,27,64,25,64,24,25,40,56,58,56,64,27,56,49,64,64,23,24,41,56,40,49,23,64,49,61,23,69,49,56,41,50,56,50,69,56,61,22,23,42,50,41,69,61,49,61,21,22,43,66,42,66,50,42,55,61,69,55,21,61,50,67,69,67,55,69,44,66,43,66,67,50,54,67,66,55,57,21,21,19,20,57,19,21,67,48,55,44,45,66,45,54,66,48,57,55,57,18,19,54,48,67,63,60,48,65,57,48,63,48,54,45,63,54,17,18,57,65,17,57,60,65,48,46,63,45,52,60,63,60,68,65,53,17,65,46,52,63,47,52,46,68,53,65,53,16,17,52,68,60,47,62,52,62,68,52,0,62,47,14,16,53,68,51,53,51,14,53,62,51,68,71,51,62,0,1,62,14,15,16,13,14,51,1,71,62,59,13,51,71,59,51,2,71,1,9,10,59,2,59,71,10,11,13,59,10,13,11,12,13,3,59,2,8,9,59,3,8,59,3,7,8,4,6,7,4,7,3,5,6,4,27,25,26],"type":"mesh","transform":{},"bonePose":[22,-0.834078433613171,0.5516458706284305,-0.5516458706284305,-0.834078433613171,-1.0343833679923806,-148.07563711908887,20,0.9735390332995756,0.22852078820564128,-0.22852078820564128,0.9735390332995756,16.283437668932237,-150.26266124631084],"width":205,"slotPose":[1,0,0,1,0,0],"height":181,"name":"cape Copy"}],"name":"cape Copy"},{"display":[{"width":229,"triangles":[51,46,52,43,54,53,44,43,53,52,44,53,47,46,51,46,44,52,41,55,54,43,41,54,50,48,51,48,47,51,42,41,43,41,40,55,40,56,55,45,44,46,49,48,50,40,39,56,31,33,32,39,58,56,58,57,56,31,34,33,59,61,60,38,58,39,29,35,34,31,30,34,30,29,34,37,58,38,58,61,59,62,61,58,27,36,29,29,36,35,37,62,58,28,27,29,36,62,37,19,62,36,21,19,36,27,21,36,26,21,27,17,63,62,19,17,62,25,22,26,22,21,26,17,16,64,24,23,25,23,22,25,17,64,63,20,19,21,14,66,16,16,66,64,18,17,19,66,65,64,14,13,66,14,16,15,12,68,66,13,12,66,68,67,66,9,70,12,12,70,69,12,69,68,6,70,9,8,6,9,7,6,8,11,10,12,10,9,12,6,2,70,2,73,70,73,72,70,72,71,70,5,2,6,3,2,5,3,5,4,1,75,2,2,75,73,75,74,73,0,75,1,0,76,75,0,77,76],"type":"mesh","vertices":[164.81,11.81,128.89,22.67,119.62,17.73,117.09,24.09,99.65,25.49,102.03,20.22,99.35,18.13,94.99,20.28,87.55,20.34,80.88,17.65,76.9,19.8,73.22,19.36,73.72,13.17,67.15,14.24,53,15.3,40.65,18.21,42.1,13.27,37.56,13,30.7,16.65,27.71,14.01,24.77,18.42,19.51,16.82,16.36,23.65,14.54,31.34,15.16,40.02,6.95,31.32,2.69,18.13,2.34,13.28,-8.07,12.66,-9.27,9.93,-15.05,10.6,-19.77,7.51,-34.81,6.38,-26.42,-0.81,-16.73,-3.47,-7.12,-5.58,1.09,-6.43,2.54,-10.98,-3.2,-14.38,-8.54,-16.61,-14.73,-17.5,-19.81,-16.28,-23.82,-9.28,-28.04,-8.62,-31.04,-1.71,-32.51,0.1,-37.12,1.94,-40.36,7.76,-41.78,15.05,-42.2,20.44,-48.11,16.59,-51.17,6.52,-49.55,-6.33,-45.72,-16.92,-37.51,-26.93,-23.2,-37.85,-5.57,-35.64,3.23,-31.72,5.15,-26.88,8.96,-38.65,14.51,-59.91,21.68,-44.31,23.61,-18.42,32.2,-20.45,44.1,-19.69,52.76,-23.43,62.92,-15.92,73.74,-23.29,76.89,-20.19,84.7,-22.6,100.23,-18.1,112.18,-25.3,122.55,-20.22,128.62,-12.32,138.72,-11.46,144.88,-4.94,167.03,1.57,170.85,3.44],"transform":{},"uvs":[0.0076,0.90665,0.12758,0.67225,0.17343,0.67546,0.17114,0.61284,0.23686,0.53096,0.23763,0.58394,0.25215,0.59036,0.26514,0.55504,0.29418,0.52454,0.32551,0.51972,0.33697,0.48601,0.35225,0.47477,0.36219,0.52775,0.38588,0.49243,0.43937,0.4266,0.48217,0.35275,0.48599,0.39931,0.50433,0.38326,0.5242,0.32546,0.54101,0.33509,0.54407,0.28693,0.56776,0.2789,0.56699,0.20986,0.55935,0.13922,0.54024,0.07018,0.58915,0.10872,0.63118,0.20023,0.64188,0.23876,0.68391,0.20183,0.69385,0.21949,0.71524,0.1906,0.7397,0.19702,0.80083,0.14564,0.78173,0.23876,0.74887,0.29977,0.71524,0.35596,0.68468,0.3961,0.68773,0.43945,0.71677,0.44426,0.74199,0.44105,0.76797,0.42339,0.78555,0.39289,0.78784,0.31904,0.80313,0.29656,0.81306,0.23876,0.80389,0.20665,0.81841,0.17294,0.81994,0.11193,0.81153,0.0461,0.80281,0,0.83338,0.00782,0.86471,0.07846,0.88305,0.19084,0.8884,0.2936,0.87541,0.40919,0.84025,0.5569,0.76689,0.60988,0.72486,0.61309,0.70805,0.58098,0.72333,0.70781,0.73862,0.92937,0.67672,0.7913,0.6194,0.5858,0.5896,0.63717,0.54146,0.67892,0.51471,0.74474,0.46045,0.72387,0.43218,0.82823,0.41384,0.81538,0.38785,0.86676,0.31831,0.89245,0.28529,1,0.23485,1,0.19588,0.95938,0.15461,0.99309,0.11793,0.96419,0.01859,1,0,1],"path":"Sword Copy","userEdges":[],"edges":[77,76,76,75,75,74,74,73,73,72,72,71,71,70,70,69,69,68,68,67,67,66,66,65,65,64,64,63,63,62,62,61,61,60,60,59,59,58,58,57,57,56,56,55,55,54,54,53,53,52,52,51,51,50,50,49,49,48,48,47,47,46,46,45,45,44,44,43,43,42,42,41,41,40,40,39,39,38,38,37,37,36,36,35,35,34,34,33,33,32,32,31,31,30,30,29,29,28,28,27,27,26,26,25,25,24,24,23,23,22,22,21,21,20,20,19,19,18,18,17,17,16,16,15,15,14,14,13,13,12,12,11,11,10,10,9,9,8,8,7,7,6,6,5,5,4,4,3,3,2,2,1,1,0,0,77],"height":109,"name":"Sword Copy"}],"name":"Sword Copy"},{"display":[{"width":172,"triangles":[26,27,30,25,26,30,27,28,30,110,25,30,30,28,29,110,30,31,32,110,31,33,23,32,23,110,32,22,23,33,22,33,34,85,22,34,35,85,34,23,24,110,24,25,110,36,87,35,87,85,35,21,22,85,37,87,36,108,87,37,87,111,85,111,21,85,108,72,87,38,108,37,72,111,87,106,108,38,111,20,21,39,106,38,106,72,108,106,63,72,72,19,20,72,20,111,91,19,72,83,106,39,63,91,72,83,63,106,40,83,39,115,91,63,83,115,63,69,83,40,91,18,19,41,69,40,115,76,91,76,18,91,113,115,83,69,113,83,102,69,41,113,76,115,42,102,41,78,102,42,17,18,76,62,17,76,102,90,69,69,90,113,90,62,113,62,76,113,43,78,42,78,90,102,16,17,62,44,78,43,107,78,44,97,16,62,74,97,62,90,74,62,78,59,90,45,107,44,107,59,78,59,74,90,99,59,107,65,99,107,65,107,45,46,65,45,97,15,16,88,65,46,59,86,74,86,97,74,77,88,46,14,15,97,86,14,97,99,86,59,47,77,46,71,86,99,82,71,99,82,99,65,88,82,65,86,13,14,48,77,47,71,13,86,71,12,13,48,73,77,105,82,88,77,57,88,57,105,88,49,73,48,73,92,77,92,57,77,64,109,82,105,64,82,109,71,82,109,12,71,96,73,49,50,96,49,109,11,12,96,66,92,96,92,73,57,81,105,81,64,105,64,10,109,10,11,109,101,96,50,51,101,50,92,81,57,60,66,96,66,100,92,100,81,92,101,60,96,93,10,64,81,93,64,93,9,10,52,101,51,52,114,101,114,60,101,60,103,66,53,114,52,100,61,81,75,100,66,103,75,66,61,93,81,61,104,93,114,84,60,84,103,60,104,8,93,8,9,93,75,61,100,67,84,53,53,84,114,75,94,61,54,67,53,58,75,103,104,7,8,95,103,84,67,95,84,80,104,61,94,80,61,95,58,103,58,94,75,80,7,104,70,80,94,54,89,67,89,95,67,80,6,7,58,116,94,68,58,95,55,89,54,68,98,58,5,6,80,116,70,94,89,68,95,98,116,58,70,5,80,98,79,116,4,5,70,116,79,70,56,68,89,79,3,70,3,4,70,55,56,89,112,98,68,56,112,68,112,1,98,98,2,79,2,3,79,1,2,98,0,112,56,0,1,112],"type":"mesh","vertices":[-39.9,-6.15,-34.19,2.04,-28.48,10.24,-21.86,12.91,-15.24,15.59,-8.61,18.26,-1.99,20.93,4.73,16.29,11.45,11.64,18.33,11.25,25.21,10.87,32.09,10.48,38.96,10.1,45.84,9.71,52.72,9.33,59.6,8.94,66.48,8.56,74.42,6.96,82.35,5.37,92.58,2.31,102.81,-0.74,109.73,-0.66,116.64,-0.59,126.27,3.14,130.06,10.03,133.42,14.17,136.63,18.06,141.55,19.51,149.58,14.98,150.73,14.18,147.08,8.09,144.05,3.04,134.9,-1.85,130.64,-7.05,126.38,-12.24,117.42,-16.46,108.46,-20.68,101.31,-22.91,94.16,-25.14,84.67,-25.25,75.18,-25.37,68.88,-26.48,62.58,-27.58,56.28,-28.69,49.98,-29.8,43.19,-30.7,36.4,-31.6,29.61,-32.5,22.82,-33.4,16.44,-33.31,10.06,-33.23,3.69,-33.14,-2.69,-33.06,-12.78,-29.47,-22.86,-25.89,-31.95,-19.9,-35.93,-13.03,23.43,-11.28,-12.64,-5.96,50.87,-9.57,1.74,-21.92,4.66,1.35,69.33,-3.9,88.67,-11.74,25.88,0.44,41.53,-18.23,8.01,-14.24,-15.67,-19.09,-25.71,-8.12,69.32,-15.63,-10.73,8.42,39.19,0.49,95.32,-10.58,17.08,-24.27,57.99,-1.79,-1.79,-6.47,78.13,-2.51,28.23,-23.74,54.83,-20.15,-21.13,3.71,-2.37,11.57,14.69,-2.42,36.18,-7.63,79.92,-15.65,-7.31,-19.31,113.94,-8.65,47.95,1.71,106.53,-13.32,33.15,-18.49,-26.41,-17.2,60.46,-10.2,87.4,-3.43,18.27,-15.2,16.38,4.38,-7.31,2.1,-17.55,-13.93,11.94,-25.41,58.9,2.8,-24.45,0.37,44.51,-11.02,8.77,-7.38,2.75,-26.59,64.47,-19.79,-4.93,-13.63,6.97,9.04,26.67,-7.87,88.96,-19.07,46.81,-21.98,97.59,-17.62,32.92,4.12,133.74,5.7,103.47,-5.28,-32.04,-4.98,73.11,-9.43,-5.66,-24.91,81.45,-8.58,-15.25,1.72],"transform":{},"uvs":[0.11041,0.14996,0.11437,0.22324,0.11832,0.29652,0.14334,0.33843,0.16836,0.38035,0.19338,0.42226,0.2184,0.46417,0.2658,0.46029,0.31321,0.4564,0.34866,0.47999,0.3841,0.50359,0.41955,0.52718,0.45499,0.55078,0.49044,0.57437,0.52588,0.59796,0.56133,0.62156,0.59678,0.64515,0.64111,0.66514,0.68544,0.68512,0.74558,0.70455,0.80572,0.72398,0.83996,0.75063,0.87419,0.77728,0.91107,0.83723,0.90931,0.89497,0.9137,0.93383,0.91809,0.97047,0.93828,0.99822,0.99183,1,1,0.99933,1,0.94715,1,0.90385,0.96901,0.83834,0.9633,0.78949,0.9576,0.74064,0.92555,0.68012,0.89351,0.61961,0.86454,0.57853,0.83557,0.53745,0.7886,0.50081,0.74163,0.46417,0.71354,0.43336,0.68544,0.40255,0.65735,0.37174,0.62926,0.34093,0.59809,0.30956,0.56693,0.2782,0.53576,0.24683,0.50459,0.21547,0.47255,0.19187,0.44051,0.16828,0.40846,0.14469,0.37642,0.12109,0.31541,0.10555,0.25439,0.09,0.19118,0.09333,0.1508,0.12165,0.44149,0.35722,0.24576,0.25432,0.5732,0.47183,0.36515,0.20808,0.31016,0.36585,0.64827,0.57738,0.76811,0.60111,0.41863,0.44042,0.55248,0.38187,0.37343,0.28024,0.26995,0.16005,0.18707,0.19125,0.68328,0.50341,0.21225,0.35221,0.48488,0.49107,0.79779,0.63363,0.44867,0.2513,0.58538,0.5478,0.30136,0.29215,0.68793,0.61946,0.5027,0.2968,0.62457,0.42011,0.1745,0.28312,0.24449,0.40372,0.37141,0.38004,0.49412,0.4285,0.73622,0.54339,0.31223,0.19032,0.88483,0.71623,0.52488,0.53191,0.86185,0.65875,0.51152,0.34851,0.21072,0.13139,0.62287,0.50413,0.73695,0.64872,0.42749,0.31298,0.35951,0.42926,0.24821,0.3253,0.24514,0.18547,0.42647,0.22467,0.57618,0.58018,0.16793,0.24955,0.5458,0.43858,0.35673,0.32638,0.38417,0.18246,0.67155,0.45885,0.30715,0.23511,0.29862,0.42308,0.44744,0.39094,0.79147,0.55604,0.59004,0.37821,0.83018,0.59781,0.44271,0.49025,0.94065,0.88164,0.8226,0.69785,0.1461,0.18713,0.68361,0.5568,0.33722,0.16122,0.72265,0.59376,0.20975,0.29289],"path":"Right  Hanger Copy","userEdges":[],"edges":[0,1,1,2,2,3,3,4,4,5,5,6,6,7,7,8,8,9,9,10,10,11,11,12,12,13,13,14,14,15,15,16,16,17,17,18,18,19,19,20,20,21,21,22,22,23,23,24,24,25,25,26,26,27,27,28,28,29,29,30,30,31,31,32,32,33,33,34,34,35,35,36,36,37,37,38,38,39,39,40,40,41,41,42,42,43,43,44,44,45,45,46,46,47,47,48,48,49,49,50,50,51,51,52,52,53,53,54,54,55,55,56,56,0],"height":136,"name":"Right  Hanger Copy"}],"name":"Right  Hanger Copy"},{"display":[{"width":112,"triangles":[15,16,8,10,13,9,15,8,9,13,15,9,8,16,7,16,6,7,12,6,16,12,16,15,11,13,10,17,13,11,12,18,6,14,12,15,13,14,15,17,14,13,0,17,11,14,19,12,18,5,6,19,18,12,19,3,18,17,1,14,2,19,14,1,2,14,0,1,17,18,4,5,3,4,18,2,3,19],"type":"mesh","vertices":[16.09,-4.13,11.87,-4.95,7.66,-5.77,3.44,-6.59,-0.77,-7.4,-2.47,-3.58,-4.16,0.24,-1.99,6.54,6.51,7.28,15.01,8.02,19.43,5.69,19.75,1.98,3.3,0.5,12.54,1.96,9.54,-0.8,8.19,3.43,2.36,3.6,13.96,-1.18,0.91,-3.39,6.12,-3.49],"transform":{},"uvs":[0.89115,0.02903,0.88711,0.05869,0.88308,0.08834,0.87904,0.11799,0.87501,0.14765,0.91032,0.15706,0.94563,0.16648,1,0.14765,1,0.0884,1,0.02915,0.9759,0,0.94261,0,0.94219,0.1147,0.94806,0.04991,0.92582,0.07232,0.96448,0.07909,0.97051,0.11934,0.91896,0.04197,0.90946,0.13355,0.90447,0.09758],"path":"Neck Copy","userEdges":[],"edges":[4,5,5,6,6,7,7,8,8,9,9,10,10,11,11,0,0,1,1,2,2,3,3,4],"height":144,"name":"Neck Copy"}],"name":"Neck Copy"},{"display":[{"path":"dress Copy","type":"image","name":"dress Copy","transform":{"y":-12.77,"x":41.8,"skX":-90,"skY":-90}}],"name":"dress Copy"},{"display":[{"path":"Scarf Right Copy","type":"image","name":"Scarf Right Copy","transform":{"y":11.18,"x":1.81,"skX":72.98,"skY":72.98}}],"name":"Scarf Right Copy"},{"display":[{"path":"spell Hand","type":"image","name":"spell Hand","transform":{"y":6.5,"x":3.42,"skX":-130.67,"skY":-130.67}}],"name":"Left Arm"},{"display":[{"width":102,"triangles":[9,11,10,41,11,9,8,41,9,33,41,8,7,33,8,41,12,11,33,12,41,37,33,7,6,37,7,45,12,33,37,45,33,45,13,12,6,42,37,37,32,45,32,13,45,42,32,37,5,42,6,42,30,32,14,13,32,30,14,32,35,42,5,4,35,5,35,30,42,4,34,35,44,14,30,35,28,30,28,44,30,44,15,14,34,28,35,3,34,4,40,34,3,43,26,28,38,44,28,26,38,28,34,43,28,2,40,3,38,15,44,40,29,34,29,43,34,39,40,2,38,16,15,39,29,40,1,39,2,31,26,43,29,31,43,27,39,1,0,27,1,17,38,26,36,29,39,27,36,39,17,16,38,31,17,26,36,31,29,25,27,0,18,17,31,25,24,27,19,31,36,20,19,36,27,21,36,21,20,36,24,23,27,23,22,27,22,21,27,19,18,31],"type":"mesh","vertices":[0.09,-8.44,9.16,-9.96,18.23,-11.49,27.24,-15.46,36.25,-19.43,45.42,-24.64,54.6,-29.85,69.71,-39.52,80.55,-44.83,94.05,-49.45,104.6,-49.93,95.13,-36.85,85.67,-23.77,76.09,-13.93,66.52,-4.09,56.81,6.62,46.64,24.46,36.92,23.83,27.2,23.2,18.46,19.59,9.71,15.97,3.05,12.54,-3.62,9.12,-4.9,6.32,-4.94,3.15,-3.01,-2.41,40.84,10.07,4.78,1.76,46.94,-5.81,26.34,2.01,58.43,-10.93,26.02,12.81,67.38,-21.42,79.07,-30.07,35.84,-6.56,46.41,-14.55,17.25,6.77,65.83,-26.36,45.63,11.84,17.06,-3.04,26.72,-7.65,86.89,-36.99,52.94,-18.69,35.19,2.5,54.86,-0.5,74.8,-23.1],"transform":{},"uvs":[0.16972,0.00045,0.22364,0.10005,0.27756,0.19964,0.35262,0.28338,0.42768,0.36711,0.51422,0.44515,0.60076,0.52319,0.75282,0.64508,0.84772,0.74245,0.94856,0.87623,1,1,0.84352,0.9671,0.68704,0.9342,0.55833,0.87995,0.42962,0.82569,0.29267,0.77515,0.09155,0.76326,0.05346,0.64257,0.01538,0.52188,0.00769,0.39441,0,0.26695,0,0.16569,0,0.06443,0.01861,0.03173,0.04611,0.01166,0.10327,0.00051,0.19105,0.60458,0.10178,0.11987,0.3568,0.57978,0.19632,0.38054,0.45298,0.68616,0.10064,0.4434,0.58458,0.7289,0.71239,0.81599,0.31359,0.44169,0.43063,0.51942,0.11397,0.30073,0.62075,0.67979,0.1971,0.67308,0.19874,0.23778,0.28222,0.32543,0.80784,0.86719,0.49601,0.57228,0.23169,0.48988,0.34601,0.70775,0.63251,0.80777],"path":"Right Arm Copy","userEdges":[],"edges":[20,19,19,18,18,17,17,16,16,15,15,14,14,13,13,12,12,11,11,10,10,9,9,8,8,7,7,6,6,5,5,4,4,3,3,2,2,1,1,0,0,25,25,24,24,23,23,22,22,21,21,20],"height":74,"name":"Right Arm Copy"}],"name":"Right Arm Copy"},{"display":[{"width":112,"triangles":[47,35,13,43,11,12,13,35,12,35,43,12,47,13,14,15,47,14,16,47,15,43,10,11,45,35,47,16,45,47,17,45,16,46,9,10,43,37,10,37,46,10,45,49,35,49,43,35,49,37,43,45,39,49,39,37,49,46,8,9,36,8,46,17,18,45,18,39,45,19,44,39,44,46,37,39,44,37,44,36,46,40,7,8,36,40,8,18,19,39,19,20,44,44,50,36,50,40,36,40,6,7,20,50,44,20,21,50,50,38,40,38,6,40,21,38,50,22,38,21,38,5,6,41,5,38,22,41,38,23,41,22,41,4,5,42,4,41,23,42,41,24,42,23,42,3,4,48,3,42,24,25,42,25,48,42,48,2,3,26,27,48,26,48,25,48,27,2,27,1,2,28,0,1,27,28,1,29,30,33,33,34,0,29,33,0,28,29,0,31,32,33,30,31,33],"type":"mesh","vertices":[115.51,-9.32,107.55,-3.14,99.81,-3,92.08,-2.86,77.28,-4.3,69.69,-9.24,62.1,-14.18,48.7,-20.62,38.59,-20.61,29.28,-20.37,19.97,-20.13,10.33,-17.53,0.69,-14.94,-4.47,-7.71,-8.27,-2.38,-8.68,4.14,-0.92,9.69,8.66,16.53,22.35,13.21,30.1,10.29,37.84,7.37,47.96,4.09,60.1,6.76,71.61,9.94,80.02,11.44,88.43,12.94,96.66,10.57,104.9,8.21,110.85,5.23,117.73,6.86,125.12,3.55,127.64,0.03,127.74,-4.1,124.13,-6.68,120.43,-9.32,6.35,-0.94,39.09,-8.29,22.61,-4.39,58.12,-3.79,19.56,6.35,49.09,-10.57,68.55,-0.2,82.38,4.35,13.25,-8.59,34.41,-0.27,11.2,8.95,29.04,-10.68,-0.8,1.96,94.02,5.02,14.6,0.28,45.73,-3.76],"transform":{},"uvs":[0.13663,0.9667,0.1624,0.85441,0.2179,0.80084,0.2734,0.74728,0.38836,0.6608,0.46913,0.65629,0.5499,0.65177,0.68072,0.62208,0.75406,0.55368,0.82046,0.4885,0.88686,0.42332,0.94343,0.33362,1,0.24391,1,0.14066,1,0.06451,0.96912,0,0.88389,0,0.77884,0,0.69658,0.12388,0.65545,0.2039,0.61432,0.28392,0.55783,0.38331,0.45575,0.4401,0.35565,0.48785,0.28677,0.53045,0.2179,0.57304,0.17032,0.65112,0.12275,0.72921,0.095,0.79762,0.03653,0.82859,0,0.90991,0,0.96024,0.02067,1,0.06032,1,0.10095,1,0.88626,0.14975,0.68653,0.44049,0.78598,0.29223,0.52491,0.52653,0.75245,0.16999,0.62567,0.52964,0.43053,0.56311,0.3064,0.61354,0.8758,0.26872,0.6789,0.33293,0.79965,0.08887,0.77199,0.39522,0.92315,0.07396,0.21831,0.68581,0.82004,0.19391,0.61477,0.44258],"path":"Left Hanger Copy","userEdges":[],"edges":[30,31,31,32,32,33,33,34,34,0,0,1,1,2,2,3,3,4,4,5,5,6,6,7,7,8,8,9,9,10,10,11,11,12,12,13,13,14,14,15,15,16,16,17,17,18,18,19,19,20,20,21,21,22,22,23,23,24,24,25,25,26,26,27,27,28,28,29,29,30],"height":86,"name":"Left Hanger Copy"}],"name":"Left Hanger Copy"},{"display":[{"path":"Torso Copy","type":"image","name":"Torso Copy","transform":{"y":0.02,"x":13.86,"skX":72.98,"skY":72.98}}],"name":"Torso Copy"}]}],"slot":[{"name":"Right  Hanger Copy","parent":"Cape Wing Right","color":{}},{"z":1,"name":"Left Hanger Copy","parent":"Cape Wing Left","color":{}},{"z":2,"name":"cape Copy","parent":"CApe","color":{}},{"z":3,"name":"Left Arm","parent":"left hand","color":{}},{"z":4,"name":"left arm Copy","parent":"Left Arm","color":{}},{"z":5,"name":"dress Copy","parent":"Legs","color":{}},{"z":6,"name":"Scarf Left Copy","parent":"Left Shoulder","color":{}},{"z":7,"name":"Neck Copy","parent":"Neck","color":{}},{"z":8,"name":"Torso Copy","parent":"Torso","color":{}},{"z":9,"name":"Sword Copy","parent":"Right Hand","color":{}},{"z":10,"name":"Right Arm Copy","parent":"Right ARm","color":{}},{"z":11,"name":"Head DEfault Copy","parent":"Head","color":{}},{"z":12,"name":"Scarf Right Copy","parent":"Right Shoulder","color":{}}],"defaultActions":[{"gotoAndPlay":"Attack A"}],"name":"SunGoddess","aabb":{"width":237.0205047689248,"y":-225.06981607003178,"height":218.41981607003177,"x":-80.12886867188136},"ik":[{"bendPositive":"false","bone":"Cape Wing Left","name":"leftDEcorIK","target":"leftDEcorIK"},{"bendPositive":"false","bone":"Cape Wing Right","name":"RightDecorIK","target":"RightDecorIK"},{"bendPositive":"false","bone":"Left Arm","name":"leftarmIK","target":"leftarmIK"},{"bendPositive":"false","bone":"Right ARm","name":"rightArmIK","target":"rightArmIK"},{"bendPositive":"false","bone":"Right Hand","name":"swordIK","target":"swordIK"},{"bendPositive":"false","bone":"CApe3","name":"rightCapeIK","target":"rightCapeIK"},{"bendPositive":"false","bone":"CApe2","name":"capeleftIK","target":"capeleftIK"}]}],"isGlobal":0,"name":"SunGoddess","version":"5.0"}