{"frameRate":30,"isGlobal":0,"name":"Jiangshi","version":"5.0","armature":[{"ik":[],"bone":[{"transform":{},"name":"root"},{"transform":{"y":-7.47,"x":-22.14},"name":"shadow","parent":"root"},{"transform":{"y":-110.38,"x":-19.19},"name":"Mid","parent":"root"},{"length":8,"transform":{"y":-173.9,"skX":-95.31,"skY":-95.31,"x":-67.22},"parent":"root","name":"flame left"},{"length":8,"transform":{"y":-174.5,"skX":-83.21,"skY":-83.21,"x":43.38},"parent":"root","name":"flame right"},{"length":35,"transform":{"y":67.69,"skX":100.93,"skY":100.93,"x":-15.03},"parent":"Mid","name":"Left Leg"},{"length":11,"transform":{"y":9.18,"skX":37.49,"skY":37.49,"x":5.77},"parent":"flame right","name":"bone17"},{"length":12,"transform":{"y":-11.02,"skX":-80.93,"skY":-80.93,"x":2.48},"parent":"flame left","name":"bone13"},{"length":10,"transform":{"y":-11.31,"skX":-64.56,"skY":-64.56,"x":1.92},"parent":"flame right","name":"bone16"},{"length":39,"transform":{"y":-2.22,"skX":5.77,"skY":5.77,"x":11.87},"parent":"flame right","name":"bone18"},{"length":33,"transform":{"y":66.89,"skX":79.23,"skY":79.23,"x":22.77},"parent":"Mid","name":"right leg"},{"length":39,"transform":{"y":-7.24,"skX":-91.56,"skY":-91.56,"x":2.41},"parent":"Mid","name":"chest main"},{"length":35,"transform":{"y":-2.25,"skX":10.83,"skY":10.83,"x":14.72},"parent":"flame left","name":"bone15"},{"length":11,"transform":{"y":8.61,"skX":47.38,"skY":47.38,"x":4.07},"parent":"flame left","name":"bone14"},{"length":9,"transform":{"y":2.54,"skX":-0.15,"skY":-0.15,"x":25.39},"parent":"Left Leg","name":"bone19"},{"length":32,"transform":{"y":-5.73,"skX":-0.55,"skY":-0.55,"x":4.12},"parent":"chest main","name":"chest"},{"length":15,"transform":{"y":-1.64,"skX":-2.56,"skY":-2.56,"x":20.44},"parent":"right leg","name":"bone21"},{"length":12,"transform":{"y":29.09,"skX":152.13,"skY":152.13,"x":31.95},"parent":"chest","name":"right arm"},{"length":11,"transform":{"y":-6.92,"skX":-153.93,"skY":-153.93,"x":24.07},"parent":"chest","name":"left arm"},{"length":66,"transform":{"y":11.72,"skX":147.71,"skY":147.71,"x":-21.45},"parent":"chest","name":"bone2"},{"length":68,"transform":{"y":-8.22,"skX":-158.88,"skY":-158.88,"x":-19.51},"parent":"chest","name":"bone"},{"length":3,"transform":{"y":0.46,"skX":0.34,"skY":0.34,"x":16.66},"parent":"bone21","name":"bone22"},{"length":27,"transform":{"y":8.25,"skX":-15.45,"skY":-15.45,"x":36.23},"parent":"chest","name":"head"},{"length":8,"transform":{"y":0.05,"skX":57.67,"skY":57.67,"x":10.22},"parent":"bone19","name":"bone20"},{"length":19,"transform":{"y":-1.24,"skX":8.77,"skY":8.77,"x":8.2},"parent":"left arm","name":"bone3"},{"length":16,"transform":{"y":-2.25,"skX":4.04,"skY":4.04,"x":7.3},"parent":"right arm","name":"bone4"},{"length":14,"transform":{"y":-11.12,"skX":-157.06,"skY":-157.06,"x":11.95},"parent":"head","name":"seal"},{"length":39,"transform":{"y":-1.23,"skX":7.96,"skY":7.96,"x":22.99},"parent":"bone3","name":"bone9"},{"length":45,"transform":{"y":0.23,"skX":-8.86,"skY":-8.86,"x":20.13},"parent":"bone4","name":"bone5"},{"length":13,"transform":{"y":-15.74,"skX":-12.68,"skY":-12.68,"x":49.19},"parent":"bone5","name":"bone8"},{"length":14,"transform":{"y":12.71,"skX":7.89,"skY":7.89,"x":48.41},"parent":"bone5","name":"bone7"},{"length":32,"transform":{"y":-4.31,"skX":-6.74,"skY":-6.74,"x":51.96},"parent":"bone5","name":"bone6"},{"length":23,"transform":{"y":7.28,"skX":1.9,"skY":1.9,"x":45.83},"parent":"bone9","name":"bone10"},{"length":11,"transform":{"y":1.16,"skX":-4.6,"skY":-4.6,"x":56.92},"parent":"bone9","name":"bone12"},{"length":15,"transform":{"y":-6.33,"skX":5.37,"skY":5.37,"x":47.84},"parent":"bone9","name":"bone11"}],"type":"Armature","frameRate":30,"slot":[{"color":{},"name":"shadow","parent":"shadow"},{"z":1,"color":{},"name":"Left Wisp Copy","parent":"flame left"},{"z":2,"color":{},"name":"left Leg","parent":"Left Leg"},{"z":3,"color":{},"name":"Right Leg","parent":"right leg"},{"z":4,"color":{},"name":"Left ARm","parent":"left arm"},{"z":5,"color":{},"name":"head","parent":"head"},{"z":6,"color":{},"name":"Main Robe","parent":"chest main"},{"z":7,"color":{},"name":"Right Arm","parent":"right arm"},{"z":8,"color":{},"name":"seal","parent":"seal"},{"z":9,"color":{},"name":"Right Wisp","parent":"flame right"}],"skin":[{"slot":[{"display":[{"bonePose":[6,0.6981654189934728,-0.715936483021831,0.715936483021831,0.6981654189934728,53.177803849739746,-179.14417266281356,9,0.21746186986285493,-0.9760688168135228,0.9760688168135228,0.21746186986285493,42.578968678388506,-186.54921776804608,8,-0.845914036780289,-0.5333192687106627,0.5333192687106627,-0.845914036780289,32.37632941854619,-177.74372220371103],"userEdges":[],"triangles":[53,28,30,30,28,29,38,53,31,32,38,31,53,30,31,33,0,38,33,38,32,38,26,53,53,26,28,26,27,28,0,51,38,44,26,38,6,7,5,51,44,38,1,47,0,44,48,26,54,4,5,7,54,5,48,25,26,4,40,3,48,24,25,54,40,4,40,2,3,7,8,54,44,36,48,42,51,0,40,35,2,35,41,2,41,1,2,47,42,0,36,60,48,60,24,48,41,47,1,51,50,44,50,36,44,60,23,24,42,50,51,61,40,54,8,61,54,41,49,47,37,42,47,49,37,47,36,46,60,46,22,60,22,23,60,35,49,41,61,35,40,35,45,49,9,10,61,10,58,61,58,35,61,8,9,61,37,59,42,59,50,42,46,21,22,50,46,36,45,37,49,39,46,50,58,45,35,11,12,45,11,45,58,39,57,46,59,39,50,45,43,37,43,59,37,12,56,45,56,43,45,10,11,58,57,20,46,20,21,46,43,52,59,56,14,43,34,57,39,52,39,59,52,34,39,16,34,52,13,56,12,57,19,20,15,52,43,14,15,43,13,14,56,15,16,52,55,18,19,55,19,57,17,55,34,16,17,34,55,57,34,17,18,55],"edges":[17,18,18,19,19,20,20,21,21,22,22,23,23,24,24,25,25,26,26,27,27,28,28,29,29,30,30,31,31,32,32,33,33,0,0,1,1,2,2,3,3,4,4,5,5,6,6,7,7,8,8,9,9,10,10,11,11,12,12,13,13,14,14,15,15,16,16,17],"uvs":[0.70144,0.56703,0.68633,0.44616,0.70295,0.37163,0.71957,0.29709,0.73921,0.21148,0.75886,0.12586,0.7649,0,0.64554,0.03976,0.52618,0.07953,0.4174,0.17421,0.35545,0.23112,0.29351,0.28803,0.23156,0.34494,0.16962,0.40185,0.14393,0.49149,0.11825,0.58114,0.05479,0.62747,0,0.73021,0,0.87122,0.13033,0.92763,0.26933,0.91353,0.35696,0.99008,0.46726,0.99504,0.57755,1,0.66367,0.95676,0.74979,0.91353,0.77699,0.87122,0.85555,0.89137,0.92778,0.87021,1,0.84906,1,0.76748,1,0.68589,0.90692,0.57912,0.78001,0.54487,0.18688,0.75278,0.48889,0.32539,0.50459,0.81992,0.40941,0.55562,0.81544,0.72593,0.29769,0.7246,0.58488,0.23441,0.59841,0.40429,0.5316,0.6378,0.27334,0.53596,0.6797,0.75583,0.37212,0.41823,0.37932,0.88827,0.6036,0.506,0.6587,0.8862,0.5006,0.47458,0.42468,0.72526,0.63938,0.66863,0.23818,0.60699,0.91577,0.74633,0.66237,0.16468,0.0944,0.78871,0.24742,0.41345,0.19552,0.82168,0.38563,0.28769,0.32855,0.62968,0.59182,0.90229,0.53573,0.19538],"path":"Right Wisp","slotPose":[1,0,0,1,0,0],"vertices":[52.81,-196.39,52.12,-204.73,52.88,-209.88,53.64,-215.01,54.55,-220.93,55.46,-226.83,55.73,-235.52,50.24,-232.77,44.75,-230.03,39.75,-223.5,36.89,-219.58,34.04,-215.64,31.2,-211.72,28.35,-207.79,27.16,-201.6,25.98,-195.42,23.06,-192.22,20.54,-185.13,20.54,-175.39,26.54,-171.51,32.93,-172.48,36.96,-167.2,42.03,-166.85,47.11,-166.52,51.07,-169.49,55.03,-172.48,56.29,-175.4,59.9,-174.01,63.22,-175.47,66.54,-176.92,66.54,-182.55,66.55,-188.19,62.26,-195.55,56.43,-197.92,29.14,-183.57,43.04,-213.06,43.75,-178.94,39.37,-197.18,58.06,-185.42,34.24,-185.52,47.45,-219.35,48.07,-207.62,45,-191.51,33.12,-198.53,51.81,-183.36,37.66,-206.66,37.99,-174.22,48.31,-200.6,50.85,-174.37,43.57,-202.77,40.09,-185.47,49.96,-189.38,31.5,-193.63,62.67,-184.01,51.02,-224.15,24.89,-181.09,31.93,-206.98,29.54,-178.81,38.29,-215.67,35.65,-192.07,47.77,-173.26,45.19,-222.04],"type":"mesh","transform":{},"weights":[2,6,0.34079,9,0.65921,2,6,0.0049,9,0.9951,1,9,1,1,9,1,1,9,1,1,9,1,1,9,1,1,9,1,1,9,1,2,8,0.00011,9,0.99989,2,8,0.00309,9,0.99691,2,8,0.0156,9,0.9844,2,8,0.04573,9,0.95427,2,8,0.09311,9,0.90689,2,8,0.21159,9,0.78841,2,8,0.4906,9,0.5094,2,8,0.73219,9,0.26781,2,8,0.98662,9,0.01338,1,8,1,1,8,1,3,8,0.92068,6,0.07469,9,0.00463,3,8,0.69364,6,0.29894,9,0.00742,3,8,0.52268,6,0.4616,9,0.01572,3,8,0.35125,6,0.63835,9,0.0104,3,8,0.19942,6,0.7927,9,0.00788,2,8,0.06577,6,0.93423,2,8,0.01297,6,0.98703,1,6,1,1,6,1,1,6,1,1,6,1,2,6,0.99959,9,0.00041,2,6,0.87583,9,0.12417,2,6,0.65186,9,0.34814,2,8,0.9,9,0.1,2,8,0.00235,9,0.99765,3,8,0.24827,6,0.36385,9,0.38789,2,8,0.06303,9,0.93697,2,6,0.98469,9,0.01531,3,8,0.54981,6,0.00017,9,0.45003,1,9,1,1,9,1,2,6,0.02842,9,0.97158,2,8,0.19827,9,0.80173,3,8,0.00113,6,0.78844,9,0.21044,2,8,0.03673,9,0.96327,3,8,0.70602,6,0.20467,9,0.08931,2,6,0.01978,9,0.98022,3,8,0.11043,6,0.86082,9,0.02876,2,8,0.00627,9,0.99373,3,8,0.15286,6,0.00914,9,0.838,2,6,0.37667,9,0.62333,2,8,0.38366,9,0.61634,1,6,1,1,9,1,1,8,1,2,8,0.08041,9,0.91959,1,8,1,2,8,0.0067,9,0.9933,2,8,0.24583,9,0.75417,3,8,0.2286,6,0.70859,9,0.06281,1,9,1],"width":46,"height":69,"name":"Right Wisp"}],"name":"Right Wisp"},{"display":[{"bonePose":[14,-0.18703842024225392,0.9823525993009242,-0.9823525993009242,-0.18703842024225392,-41.52811027030994,-18.242193875993895,23,-0.930097381089946,0.36731302956691286,-0.36731302956691286,-0.930097381089946,-43.48876055515082,-8.21190223215056],"userEdges":[],"triangles":[11,7,8,10,8,9,1,13,10,10,13,8,13,12,8,12,11,8,0,1,10,11,6,7,11,5,6,14,5,12,12,5,11,13,14,12,3,5,14,1,14,13,1,3,14,4,5,3,2,3,1],"edges":[4,5,5,6,6,7,7,8,8,9,9,10,10,0,0,1,1,2,2,3,3,4],"uvs":[0.12933,0.28616,0.1668,0.82746,0.08845,0.86995,0.09867,0.9032,0,0.97156,0.05439,1,0.66751,1,0.72882,1,0.8787,0.75541,1,0.35082,0.50061,0.2954,0.59257,0.93646,0.47336,0.88288,0.36095,0.86256,0.28601,0.86995],"path":"left Leg","slotPose":[1,0,0,1,0,0],"vertices":[-52.33,-44.62,-51.12,-12.68,-53.63,-10.17,-53.29,-8.21,-56.45,-4.18,-54.72,-2.5,-35.1,-2.5,-33.14,-2.5,-28.34,-16.93,-24.46,-40.81,-40.44,-44.07,-37.49,-6.25,-41.31,-9.41,-44.91,-10.61,-47.31,-10.18],"type":"mesh","transform":{},"weights":[1,14,1,2,14,0.47364,23,0.52636,2,14,0.148,23,0.852,2,14,0.06273,23,0.93727,1,23,1,1,23,1,2,14,0.41197,23,0.58803,2,14,0.45253,23,0.54747,2,14,0.98549,23,0.01451,1,14,1,1,14,1,2,14,0.44848,23,0.55152,2,14,0.81548,23,0.18452,2,14,0.74737,23,0.25263,2,14,0.38857,23,0.61143],"width":32,"height":59,"name":"left Leg"}],"name":"left Leg"},{"display":[{"path":"shadow","type":"image","name":"shadow","transform":{"y":1.46,"x":33.18}}],"name":"shadow"},{"display":[{"bonePose":[16,0.23055926089632553,0.97305828562062,-0.97305828562062,0.23055926089632553,9.01067252989228,-23.71650774716126,21,0.22478099126089407,0.9744093113100724,-0.9744093113100724,0.22478099126089407,12.404183005039576,-7.399299448709421],"userEdges":[],"triangles":[8,6,7,18,8,9,8,18,6,18,5,6,2,17,9,10,1,9,1,2,9,17,18,9,11,13,10,13,1,10,17,5,18,12,13,11,0,1,14,14,1,13,2,16,17,16,5,17,2,3,16,16,4,5,3,4,16,15,0,14],"edges":[0,1,1,2,2,3,3,4,4,5,5,6,6,7,7,8,8,9,9,10,10,11,11,12,12,13,13,14,14,15,15,0],"uvs":[0.09036,0.25575,0.13708,0.47143,0.24348,0.65928,0.34729,0.81234,0.33172,0.96772,0.58605,0.97932,0.90007,0.94685,0.96236,0.8077,0.85855,0.74509,0.84557,0.4923,0.8274,0.2743,0.78069,0.11892,0.67688,0,0.40179,0,0.21753,0.06558,0.11372,0.10501,0.48224,0.81234,0.62238,0.78451,0.7236,0.78451],"path":"Right Leg","slotPose":[1,0,0,1,0,0],"vertices":[-11.66,-34.49,-9.71,-24.25,-5.23,-15.41,-0.88,-8.22,-1.53,-0.92,9.15,-0.38,22.34,-1.9,24.96,-8.43,20.6,-11.38,20.05,-23.26,19.29,-33.5,17.33,-40.81,12.97,-46.4,1.42,-46.4,-6.32,-43.32,-10.68,-41.46,4.8,-8.22,10.68,-9.53,14.93,-9.53],"type":"mesh","transform":{},"weights":[1,16,1,2,16,0.99354,21,0.00646,2,16,0.89459,21,0.10541,2,16,0.48446,21,0.51554,2,16,0.15089,21,0.84911,2,16,0.00331,21,0.99669,2,16,0.2164,21,0.7836,2,16,0.43043,21,0.56957,2,16,0.72923,21,0.27077,1,16,1,1,16,1,1,16,1,1,16,1,1,16,1,1,16,1,1,16,1,2,16,0.44017,21,0.55983,2,16,0.78931,21,0.21069,2,16,0.82403,21,0.17597],"width":42,"height":47,"name":"Right Leg"}],"name":"Right Leg"},{"display":[{"bonePose":[24,-0.5406808604176274,0.8412277974354235,-0.8412277974354235,-0.5406808604176274,-32.61842027341124,-137.3844176419299,27,-0.6519660744956464,0.7582481372919667,-0.7582481372919667,-0.6519660744956464,-44.01396306356692,-117.37955312057582,32,-0.6767474861960565,0.7362152130507209,-0.7362152130507209,-0.6767474861960565,-79.4136146971879,-87.3753540108133,33,-0.5890553275421158,0.8080927057548846,-0.8080927057548846,-0.5890553275421158,-82.0034398631178,-74.97634979233203,34,-0.7200668503280134,0.693904698830246,-0.693904698830246,-0.7200668503280134,-70.4043093583805,-76.9780169809707],"userEdges":[],"triangles":[31,32,30,32,34,30,30,34,29,34,57,29,57,28,29,56,27,28,57,56,28,55,26,27,56,55,27,53,25,26,54,53,26,55,54,26,33,34,32,35,56,57,34,35,57,35,36,56,36,55,56,24,25,23,25,22,23,36,1,55,53,22,25,1,54,55,42,20,53,52,53,54,53,20,22,20,21,22,2,52,1,40,42,53,1,52,54,42,19,20,0,1,36,52,40,53,41,40,52,4,41,52,2,4,52,5,41,4,3,4,2,40,50,42,42,18,19,42,17,18,50,49,42,49,17,42,5,6,41,41,47,40,49,48,17,40,39,50,39,49,50,48,15,17,15,16,17,39,48,49,47,39,40,43,15,48,38,43,48,38,48,39,47,38,39,47,46,38,7,47,41,6,7,41,51,15,43,38,44,43,44,51,43,46,44,38,8,46,47,7,8,47,51,37,15,37,14,15,37,51,44,46,37,44,13,14,37,45,37,46,45,13,37,8,9,46,9,45,46,45,10,13,10,12,13,9,10,45,10,11,12],"edges":[11,12,12,13,13,14,14,15,15,16,16,17,17,18,18,19,19,20,20,21,21,22,22,23,23,24,24,25,25,26,26,27,27,28,28,29,29,30,30,31,31,32,32,33,33,34,34,35,35,36,36,0,0,1,1,2,2,3,3,4,4,5,5,6,6,7,7,8,8,9,9,10,10,11],"uvs":[0.62516,0.2955,0.61937,0.35752,0.51805,0.4289,0.47174,0.38326,0.327,0.46752,0.21411,0.59156,0.21411,0.63252,0.15766,0.70507,0.09542,0.7589,0.06213,0.81858,0.01582,0.91454,0,1,0.04911,1,0.12582,0.93911,0.15332,0.97539,0.20542,0.9473,0.20832,0.97071,0.35016,0.94028,0.46305,0.89932,0.48187,0.87475,0.54555,0.88411,0.65555,0.8689,0.73226,0.78932,0.78437,0.74369,0.77858,0.68986,0.75832,0.67113,0.85818,0.51666,0.92445,0.40027,0.94327,0.29027,0.98814,0.1557,1,0.05974,1,0,0.85498,0,0.71748,0.00006,0.81156,0.10538,0.74759,0.2117,0.67812,0.29127,0.15273,0.91309,0.22799,0.8616,0.31194,0.81596,0.34523,0.77501,0.25549,0.67671,0.44654,0.85926,0.24825,0.89086,0.19615,0.86862,0.09917,0.88852,0.15273,0.82181,0.21786,0.75043,0.3076,0.8932,0.34957,0.85926,0.36694,0.84288,0.1922,0.91184,0.60274,0.51897,0.6729,0.61046,0.70458,0.49518,0.75437,0.40369,0.82226,0.27744,0.863,0.17863],"path":"Left ARm","slotPose":[1,0,0,1,0,0],"vertices":[-53.94,-125.73,-54.37,-119.9,-62.07,-113.19,-65.59,-117.48,-76.6,-109.56,-85.17,-97.9,-85.18,-94.05,-89.46,-87.23,-94.2,-82.17,-96.72,-76.55,-100.24,-67.54,-101.44,-59.5,-97.71,-59.51,-91.87,-65.23,-89.79,-61.82,-85.82,-64.46,-85.61,-62.26,-74.82,-65.12,-66.25,-68.97,-64.82,-71.28,-59.98,-70.41,-51.62,-71.83,-45.79,-79.32,-41.83,-83.6,-42.27,-88.66,-43.81,-90.42,-36.23,-104.95,-31.19,-115.89,-29.77,-126.23,-26.36,-138.88,-25.45,-147.9,-25.45,-153.51,-36.48,-153.51,-46.92,-153.51,-39.77,-143.61,-44.64,-133.61,-49.92,-126.13,-89.83,-67.67,-84.11,-72.51,-77.73,-76.81,-75.2,-80.66,-82.03,-89.89,-67.5,-72.74,-82.57,-69.77,-86.53,-71.85,-93.9,-69.99,-89.84,-76.26,-84.89,-82.97,-78.06,-69.55,-74.87,-72.74,-73.55,-74.28,-86.83,-67.79,-55.63,-104.73,-50.3,-96.12,-47.89,-106.96,-44.11,-115.56,-38.96,-127.43,-35.86,-136.72],"type":"mesh","transform":{},"weights":[2,24,0.71458,27,0.28542,3,24,0.3509,27,0.64882,32,0.00028,3,24,0.00596,27,0.95527,32,0.03877,2,27,0.92946,32,0.07054,2,27,0.74809,32,0.25191,2,27,0.25445,32,0.74555,2,27,0.12398,32,0.87602,1,32,1,1,32,1,1,32,1,2,32,0.99549,33,0.00451,1,32,1,2,32,0.98144,33,0.01856,2,32,0.38689,33,0.61311,2,34,0.00195,33,0.99805,2,34,0.3288,33,0.6712,2,34,0.54502,33,0.45498,1,34,1,2,27,0.02541,34,0.97459,2,27,0.10507,34,0.89493,2,27,0.27526,34,0.72474,2,27,0.45791,34,0.54209,2,27,0.6593,34,0.3407,2,27,0.74848,34,0.25152,2,27,0.80561,34,0.19439,2,27,0.84966,34,0.15034,3,24,0.00946,27,0.98715,34,0.00339,2,24,0.46355,27,0.53645,2,24,0.94982,27,0.05018,1,24,1,1,24,1,1,24,1,1,24,1,1,24,1,1,24,1,1,24,1,2,24,0.85784,27,0.14216,2,32,0.21739,33,0.78261,2,32,0.01733,33,0.98267,4,27,0.0087,32,0.14418,34,0.47366,33,0.37346,4,27,0.13197,32,0.29662,34,0.45116,33,0.12025,2,27,0.03816,32,0.96184,2,27,0.04156,34,0.95844,2,34,0.40845,33,0.59155,2,32,0.18595,33,0.81405,2,32,0.91886,33,0.08114,1,32,1,1,32,1,2,34,0.99598,33,0.00402,2,34,0.9965,33,0.0035,4,27,0.00011,32,0.00185,34,0.99183,33,0.0062,2,34,0.01959,33,0.98041,2,27,0.99959,32,0.00041,2,27,0.94515,34,0.05485,2,27,0.99811,34,0.00189,1,27,1,1,24,1,1,24,1],"width":76,"height":94,"name":"Left ARm"}],"name":"Left ARm"},{"display":[{"edges":[0,29,29,28,28,27,27,26,26,25,25,24,24,23,23,22,22,21,21,20,20,19,19,18,18,17,17,16,16,15,15,14,14,13,13,12,12,11,11,10,10,9,9,8,8,7,7,6,6,5,5,4,4,3,3,2,2,1,1,0],"width":49,"height":45,"type":"mesh","vertices":[24.41,-23.5,29.86,-14.9,32.12,-6.2,37.17,-7.7,42.64,-5.04,45.31,-1.35,45.05,5,40.88,10.12,36.64,9.83,34.87,8.59,31.42,14.46,31.1,15.01,31.73,18.11,27.97,29.02,20.49,26.65,16.22,24.29,12.5,20.2,9.05,11.56,4.54,11.74,1.81,10.2,0.13,3.97,1.24,3.4,1.1,-1.47,3.22,-11.94,5.73,-13.93,8.95,-13.16,9.91,-16.2,11.57,-19.88,15.79,-23.62,22.44,-24.13,6.65,-3.47,8.77,-2.56,9.53,0.07,9.9,2.35,9.22,4.44,6.9,2.97,5.9,1.27,5.81,-0.75,8.02,-2.04,8.62,-1.33,9.18,0.15,9.35,1.65,9.03,3.06,8.42,3.47,30.85,-4.81,24.49,-9.76,22.56,-5.79,22.77,1.24,23.94,6.81,25.43,11.27,26.78,14.42,29.25,14.57,24.18,-4.27,27.37,-2.3,28.95,-1.72,29.67,2.25,31.12,6.02,35.02,-2.96,39.64,-1.63],"transform":{},"uvs":[0,0.6284,0.13383,0.45533,0.28916,0.34913,0.22896,0.25211,0.24702,0.11838,0.30241,0.03709,0.42763,0,0.55286,0.05413,0.57332,0.14591,0.56008,0.1918,0.69564,0.2254,0.70818,0.22851,0.76477,0.19442,1,0.20098,1,0.37535,0.9803,0.48155,0.92371,0.58775,0.77681,0.71887,0.80812,0.81327,0.79488,0.88144,0.6841,0.9588,0.66604,0.93913,0.57212,0.97453,0.35539,1,0.3012,0.96011,0.29639,0.88669,0.23137,0.88669,0.14949,0.8762,0.05075,0.81195,0,0.67429,0.4992,0.8705,0.50369,0.81938,0.55022,0.7856,0.59226,0.7625,0.63716,0.76294,0.62287,0.82205,0.59593,0.8545,0.55716,0.87005,0.51841,0.83175,0.52862,0.81442,0.55392,0.79264,0.58209,0.77886,0.61147,0.7762,0.62331,0.78642,0.32419,0.36666,0.26704,0.53466,0.35602,0.54888,0.49153,0.49732,0.59276,0.4351,0.67031,0.37377,0.72337,0.32399,0.71112,0.27066,0.37561,0.50443,0.39439,0.42355,0.39602,0.38621,0.46868,0.34444,0.53317,0.28844,0.33435,0.26588,0.3319,0.15921],"path":"head","userEdges":[],"triangles":[50,15,14,12,50,14,12,14,13,50,16,15,49,17,16,50,49,16,49,48,17,48,34,17,51,50,12,17,34,18,35,19,18,34,35,18,11,51,12,35,21,19,21,20,19,47,33,48,48,33,34,43,35,34,51,49,50,10,51,11,56,49,51,10,56,51,35,36,21,9,56,10,56,48,49,36,22,21,47,32,33,37,22,36,33,42,34,42,43,34,43,42,35,42,41,35,41,36,35,47,46,32,56,55,48,41,40,36,33,41,42,39,37,40,40,37,36,46,31,32,32,41,33,55,47,48,7,9,8,37,30,22,30,23,22,58,56,9,7,6,9,6,58,9,32,40,41,58,57,56,39,38,37,38,30,37,39,40,32,31,39,32,55,53,47,57,55,56,31,38,39,46,25,31,38,31,30,31,25,30,25,23,30,53,52,47,52,46,47,57,54,55,54,53,55,45,25,46,25,24,23,57,44,54,5,58,6,45,26,25,44,52,53,44,53,54,27,26,45,44,45,52,52,45,46,28,27,45,29,28,45,3,2,57,57,2,44,2,45,44,3,57,58,4,3,58,5,4,58,0,29,45,1,45,2,1,0,45],"name":"head"}],"name":"head"},{"display":[{"bonePose":[25,0.4374296916729334,0.89925261458776,-0.89925261458776,0.4374296916729334,10.870641955630996,-149.3829179496806,28,0.5707135676844317,0.8211492091337039,-0.8211492091337039,0.5707135676844317,19.46927354765196,-131.18035398894423,30,0.4525903504515455,0.8917185512694839,-0.8917185512694839,0.4525903504515455,36.660710911165914,-84.1747513295125,31,0.6631427564279597,0.7484929422493758,-0.7484929422493758,0.6631427564279597,52.6627036159013,-90.97321655907687,29,0.737041466427067,0.6758475247916784,-0.6758475247916784,0.737041466427067,60.467562493813645,-99.7710559470103],"userEdges":[],"triangles":[39,12,14,12,13,14,18,41,17,17,15,16,39,11,12,18,40,41,41,15,17,40,42,41,38,39,15,42,38,15,41,42,15,38,11,39,40,34,42,34,38,42,36,40,18,19,36,18,35,34,40,36,35,40,20,31,19,31,36,19,31,35,36,23,31,20,34,10,38,10,11,38,21,23,20,33,10,34,33,34,35,30,33,35,31,30,35,22,23,21,30,32,33,37,8,9,33,37,10,32,37,33,30,29,32,32,8,37,43,31,23,5,7,32,29,5,32,43,30,31,4,5,29,7,8,32,29,30,43,44,2,43,5,6,7,2,29,43,45,44,24,3,4,29,48,24,25,26,48,25,48,46,24,2,3,29,1,2,44,46,45,24,45,1,44,48,47,46,46,1,45,0,1,46,47,28,46,28,0,46,27,48,26,27,47,48,27,28,47,10,37,9,15,39,14,44,43,23,24,44,23],"edges":[0,1,1,2,2,3,3,4,4,5,5,6,6,7,7,8,8,9,9,10,10,11,11,12,12,13,13,14,14,15,15,16,16,17,17,18,18,19,19,20,20,21,21,22,22,23,23,24,24,25,25,26,26,27,27,28,28,0],"uvs":[0,0.21089,0.0659,0.25612,0.16878,0.44351,0.19092,0.54151,0.14925,0.60181,0.19874,0.73858,0.27297,0.81612,0.36022,0.80104,0.36673,0.82581,0.61027,1,0.56729,0.79351,0.70404,0.88504,0.95669,1,1,1,1,0.95504,0.88115,0.77951,0.94366,0.80535,0.93194,0.71704,0.81994,0.60181,0.76134,0.56089,0.73138,0.44243,0.64934,0.36382,0.54515,0.36705,0.52041,0.39505,0.25343,0.1312,0.2938,0.02674,0.11018,0,0.02292,0,0,0.14089,0.25302,0.52976,0.36893,0.49638,0.45488,0.44253,0.41191,0.78284,0.54214,0.76237,0.69451,0.68591,0.70884,0.6633,0.7466,0.6073,0.51195,0.87453,0.73986,0.80669,0.84144,0.86915,0.79195,0.66777,0.85707,0.71084,0.82321,0.71084,0.35918,0.42502,0.22244,0.26025,0.16253,0.18594,0.13779,0.14071,0.0896,0.10302,0.10132,0.07933],"path":"Right Arm","slotPose":[1,0,0,1,0,0],"vertices":[-3.28,-142.94,2.39,-138.24,11.23,-118.75,13.13,-108.56,9.55,-102.29,13.81,-88.06,20.19,-80,27.69,-81.56,28.25,-78.99,49.19,-60.87,45.5,-82.35,57.25,-72.82,78.99,-60.87,82.71,-60.86,82.71,-65.55,72.49,-83.79,77.87,-81.11,76.86,-90.29,67.23,-102.28,62.19,-106.53,59.62,-118.86,52.56,-127.03,43.6,-126.7,41.47,-123.79,18.51,-151.23,21.99,-162.1,6.2,-164.88,-1.3,-164.88,-3.28,-150.23,18.48,-109.78,28.44,-113.26,35.84,-118.85,32.13,-83.46,43.34,-85.58,56.44,-93.54,57.68,-95.88,60.93,-101.71,40.73,-73.92,60.34,-80.97,69.07,-74.47,64.82,-95.42,70.43,-90.94,67.51,-90.94,27.61,-120.68,15.85,-137.82,10.69,-145.54,8.57,-150.24,4.43,-154.17,5.44,-156.62],"type":"mesh","transform":{},"weights":[1,25,1,2,25,0.97219,28,0.02781,3,25,0.02181,28,0.95257,30,0.02562,2,28,0.82225,30,0.17775,2,28,0.6745,30,0.3255,2,28,0.35522,30,0.64478,2,28,0.17875,30,0.82125,2,28,0.07235,30,0.92765,2,28,0.01872,30,0.98128,1,30,1,3,28,0.11994,31,0.33312,30,0.54693,2,31,0.99543,30,0.00457,1,31,1,1,31,1,1,31,1,2,31,0.38229,29,0.61771,2,31,0.12514,29,0.87486,2,31,0.02287,29,0.97713,2,28,0.00069,29,0.99931,2,28,0.14273,29,0.85727,2,28,0.51029,29,0.48971,2,28,0.65976,29,0.34024,2,28,0.76863,29,0.23137,3,25,0.0004,28,0.84567,29,0.15393,1,25,1,1,25,1,1,25,1,1,25,1,1,25,1,2,28,0.87181,30,0.12819,2,28,0.98441,30,0.01559,2,28,0.95129,29,0.04871,2,28,0.03603,30,0.96397,3,28,0.2678,31,0.2027,30,0.5295,3,28,0.02419,31,0.6321,29,0.34372,3,28,0.03699,31,0.35516,29,0.60785,2,28,0.0311,29,0.9689,1,30,1,2,31,0.9991,30,0.0009,2,31,0.98732,29,0.01268,2,31,0.00849,29,0.99151,1,29,1,2,31,0.08579,29,0.91421,3,25,0.00006,28,0.99931,29,0.00063,2,25,0.99697,28,0.00303,1,25,1,1,25,1,1,25,1,1,25,1],"width":86,"height":104,"name":"Right Arm"}],"name":"Right Arm"},{"display":[{"path":"seal","type":"image","name":"seal","transform":{"y":-0.58,"skX":-95.39,"skY":-95.39,"x":6.59}}],"name":"seal"},{"display":[{"bonePose":[7,-0.9978474930409392,-0.06557728746992147,0.06557728746992147,-0.9978474930409392,-78.42221839013908,-175.34951824397965,12,0.09619320549437764,-0.995362681245744,0.995362681245744,0.09619320549437764,-70.82259743031436,-188.3486051837225,13,0.6700380294340623,-0.7423267738079495,0.7423267738079495,0.6700380294340623,-59.023604884347264,-178.7493408941942],"userEdges":[],"triangles":[61,24,23,22,21,23,21,61,23,61,64,24,64,25,24,48,64,61,21,48,61,59,48,21,64,26,25,19,21,20,19,59,21,9,11,10,18,59,19,64,51,26,51,27,26,44,64,48,59,44,48,51,58,27,44,51,64,18,55,59,55,44,59,58,28,27,68,12,11,8,68,11,9,8,11,17,55,18,65,58,51,44,65,51,68,13,12,67,15,14,67,14,13,54,67,13,68,54,13,7,68,8,55,65,44,46,29,58,65,46,58,45,55,17,16,62,17,58,29,28,62,45,17,53,30,46,46,30,29,54,71,67,50,65,55,7,54,68,15,52,16,52,62,16,6,54,7,67,52,15,47,52,67,45,50,55,47,72,52,50,46,65,71,47,67,56,50,45,50,53,46,66,45,62,42,53,50,52,43,62,43,66,62,53,31,30,6,71,54,72,43,52,57,72,47,66,56,45,6,5,71,5,47,71,5,4,47,32,31,53,56,42,50,56,63,42,4,57,47,42,60,53,60,32,53,0,56,66,69,66,43,73,43,72,57,73,72,73,69,43,41,63,56,69,1,66,1,0,66,3,73,57,4,3,57,0,41,56,63,49,42,49,60,42,3,69,73,70,33,60,49,70,60,60,33,32,41,40,63,3,2,69,2,1,69,40,49,63,40,39,49,70,34,33,39,70,49,39,38,70,38,35,70,70,35,34,38,36,35,37,36,38],"edges":[36,35,35,34,34,33,33,32,32,31,31,30,30,29,29,28,28,27,27,26,26,25,25,24,24,23,23,22,22,21,21,20,20,19,19,18,18,17,17,16,16,15,15,14,14,13,13,12,12,11,11,10,10,9,9,8,8,7,7,6,6,5,5,4,4,3,3,2,2,1,1,0,0,41,41,40,40,39,39,38,38,37,37,36],"uvs":[0.31006,0.62814,0.23415,0.56099,0.21517,0.49234,0.26473,0.39833,0.31428,0.30431,0.39335,0.22373,0.47243,0.14314,0.56627,0.09315,0.6601,0.04316,0.74023,0.02158,0.82036,0,0.76554,0.08053,0.71071,0.16105,0.67697,0.23865,0.64323,0.31625,0.63269,0.39758,0.62215,0.47891,0.65588,0.5774,0.7318,0.60874,0.84145,0.60277,0.88784,0.62366,0.8794,0.65948,1,0.62366,1,0.73559,0.94919,0.79826,0.89838,0.86094,0.82458,0.92212,0.75078,0.98331,0.67065,0.99165,0.59052,1,0.50933,1,0.42815,1,0.31217,0.9654,0.24786,0.96391,0.18354,0.96241,0.09177,0.92212,0,0.88183,0,0.82662,0.06963,0.80871,0.13926,0.7908,0.18143,0.72066,0.27211,0.66396,0.38067,0.79475,0.40735,0.48597,0.67546,0.76316,0.50968,0.62127,0.55582,0.86035,0.47551,0.32552,0.82526,0.74498,0.24512,0.8166,0.48162,0.76067,0.71625,0.86856,0.53154,0.44556,0.45814,0.89679,0.54358,0.21049,0.61089,0.66624,0.39374,0.65903,0.39779,0.36391,0.65747,0.89519,0.76058,0.67448,0.3159,0.88696,0.90082,0.75049,0.54511,0.522,0.29816,0.75699,0.78799,0.83195,0.59625,0.78912,0.41445,0.56939,0.58391,0.32233,0.63152,0.1493,0.32054,0.49986,0.18473,0.87878,0.49373,0.24507,0.43378,0.40634,0.35646,0.40994],"path":"Left Wisp Copy","slotPose":[1,0,0,1,0,0],"vertices":[-80.19,-191.69,-83.68,-196.05,-84.56,-200.52,-82.28,-206.63,-80,-212.73,-76.36,-217.98,-72.73,-223.21,-68.41,-226.46,-64.09,-229.71,-60.4,-231.11,-56.72,-232.52,-59.24,-227.29,-61.76,-222.05,-63.31,-217.01,-64.86,-211.96,-65.35,-206.68,-65.84,-201.39,-64.28,-194.99,-60.79,-192.95,-55.75,-193.33,-53.62,-191.98,-54,-189.65,-48.46,-191.98,-48.46,-184.71,-50.79,-180.63,-53.13,-176.56,-56.53,-172.58,-59.92,-168.61,-63.61,-168.06,-67.29,-167.52,-71.03,-167.52,-74.76,-167.51,-80.1,-169.77,-83.05,-169.86,-86.01,-169.97,-90.24,-172.58,-94.46,-175.2,-94.45,-178.79,-91.25,-179.95,-88.05,-181.11,-86.11,-185.68,-81.94,-189.36,-76.95,-180.86,-75.72,-200.93,-63.38,-182.91,-71.01,-192.13,-68.89,-176.6,-72.58,-211.35,-56.49,-184.09,-83.18,-179.44,-72.31,-183.08,-61.51,-176.06,-70.01,-203.56,-73.38,-174.23,-69.45,-218.84,-66.36,-189.21,-76.34,-189.68,-76.15,-208.87,-64.21,-174.33,-59.47,-188.68,-79.93,-174.87,-53.02,-183.73,-69.38,-198.59,-80.74,-183.32,-58.21,-178.44,-67.03,-181.22,-75.39,-195.51,-67.59,-211.57,-65.4,-222.81,-79.71,-200.03,-85.96,-175.39,-71.74,-216.59,-74.5,-206.1,-78.06,-205.88],"type":"mesh","transform":{},"weights":[2,7,0.15483,12,0.84517,2,7,0.01882,12,0.98118,2,7,0.0022,12,0.9978,1,12,1,1,12,1,1,12,1,1,12,1,1,12,1,1,12,1,1,12,1,1,12,1,1,12,1,1,12,1,1,12,1,1,12,1,1,12,1,2,13,0.00074,12,0.99926,2,13,0.13557,12,0.86443,2,13,0.48998,12,0.51002,2,13,0.79152,12,0.20848,2,13,0.8393,12,0.1607,2,13,0.91518,12,0.08482,1,13,1,1,13,1,1,13,1,2,7,0.00068,13,0.99932,2,7,0.05648,13,0.94352,2,7,0.18304,13,0.81696,3,7,0.30572,13,0.69259,12,0.00169,3,7,0.48593,13,0.5099,12,0.00418,3,7,0.67838,13,0.31888,12,0.00274,2,7,0.83458,13,0.16542,2,7,0.98107,13,0.01893,2,7,0.99923,13,0.00077,1,7,1,1,7,1,1,7,1,1,7,1,2,7,0.99336,12,0.00664,2,7,0.92945,12,0.07055,2,7,0.71309,12,0.28691,2,7,0.38219,12,0.61781,3,7,0.66385,13,0.02144,12,0.3147,2,7,0.00056,12,0.99944,3,7,0.04233,13,0.6428,12,0.31487,2,7,0.00161,12,0.99839,3,7,0.42704,13,0.40116,12,0.1718,1,12,1,2,13,0.96383,12,0.03617,2,7,0.90737,12,0.09263,3,7,0.29518,13,0.09554,12,0.60928,3,7,0.09907,13,0.87175,12,0.02917,1,12,1,3,7,0.76423,13,0.17246,12,0.06331,1,12,1,3,7,0.00086,13,0.19616,12,0.80298,2,7,0.1486,12,0.8514,1,12,1,3,7,0.24185,13,0.70982,12,0.04834,2,13,0.69153,12,0.30847,2,7,0.99996,13,0.00004,1,13,1,2,13,0.0006,12,0.9994,2,7,0.65494,12,0.34506,1,13,1,3,7,0.1743,13,0.43136,12,0.39435,2,7,0.01788,12,0.98212,1,12,1,1,12,1,2,7,0.00362,12,0.99638,1,7,1,1,12,1,1,12,1,1,12,1],"width":46,"height":65,"name":"Left Wisp Copy"}],"name":"Left Wisp Copy"},{"display":[{"bonePose":[15,-0.03681812385535624,-0.999321983024376,0.999321983024376,-0.03681812385535624,-22.62003820069291,-121.58248076518328,20,-0.32573317362046234,0.9454617388361846,-0.9454617388361846,-0.32573317362046234,-30.11614330473528,-101.78306389828668,26,-0.09376079090836652,0.9955947539477282,-0.9955947539477282,-0.09376079090836652,-29.916744631742738,-166.1298614762265,22,-0.30170436449670346,-0.9534015294951232,0.9534015294951232,-0.30170436449670346,-15.709552468021364,-158.09166573196313,19,0.5649670034249377,0.8251134982782953,-0.8251134982782953,0.5649670034249377,-10.11823580294983,-100.5785326408952],"userEdges":[],"triangles":[40,21,20,40,20,19,18,40,19,17,40,18,16,40,17,12,49,13,39,22,21,16,15,40,15,41,40,41,39,40,39,21,40,66,22,39,14,41,15,13,60,14,61,42,14,60,61,14,14,42,41,42,39,41,66,65,22,59,60,13,42,38,39,38,66,39,8,10,9,8,11,10,56,11,8,49,59,13,61,38,42,65,23,22,43,38,61,4,56,8,5,4,8,7,5,8,54,12,11,55,54,11,56,55,11,12,52,49,60,43,61,6,5,7,54,53,12,53,52,12,59,44,60,44,43,60,43,37,38,48,59,49,52,48,49,4,57,56,37,63,66,37,66,38,3,57,4,64,37,43,62,65,66,63,62,66,62,24,23,44,64,43,48,45,59,45,44,59,57,55,56,62,23,65,57,54,55,54,52,53,47,45,48,58,51,52,58,52,54,57,58,54,51,48,52,3,58,57,2,1,58,0,51,58,2,58,3,51,47,48,64,63,37,0,50,51,47,46,45,36,62,63,36,63,64,36,64,44,45,36,44,36,27,62,34,50,0,50,47,51,1,0,58,27,25,62,32,46,47,25,24,62,35,36,45,46,35,45,31,46,32,34,32,47,34,47,50,35,27,36,33,32,34,28,35,46,30,29,46,29,28,46,31,30,46,28,27,35,27,26,25],"edges":[26,25,25,24,24,23,23,22,22,21,21,20,20,19,19,18,18,17,17,16,16,15,15,14,14,13,13,12,12,11,11,10,10,9,9,8,8,7,7,6,6,5,5,4,4,3,3,2,2,1,1,0,0,34,34,33,33,32,32,31,31,30,30,29,29,28,28,27,27,26],"uvs":[0.36231,0.16753,0.33568,0.08199,0.37373,0.04374,0.43334,0.03569,0.52465,0.02361,0.54494,0.01154,0.5589,0,0.60963,0,0.67177,0.07293,0.7187,0.08199,0.71616,0.11621,0.65402,0.18062,0.60836,0.26113,0.69841,0.42217,0.81002,0.57515,0.85821,0.64459,0.89245,0.65063,0.94192,0.69793,0.94445,0.72611,1,0.7865,1,0.8177,0.88738,0.91935,0.68572,0.96363,0.54368,0.97068,0.28621,0.96967,0.04651,0.90627,0,0.86903,0,0.82172,0.18475,0.53489,0.16192,0.51073,0.21012,0.44229,0.23295,0.44129,0.2748,0.36782,0.26085,0.33662,0.29509,0.30542,0.22407,0.57112,0.31158,0.6144,0.47899,0.68585,0.59187,0.71001,0.72631,0.72611,0.88738,0.74423,0.80875,0.65063,0.6908,0.63956,0.56016,0.60735,0.44475,0.56508,0.37626,0.52281,0.27987,0.47651,0.35343,0.37285,0.48914,0.37184,0.60963,0.35977,0.36231,0.3185,0.41938,0.31246,0.50436,0.29435,0.54114,0.25711,0.53099,0.2088,0.54368,0.17659,0.55509,0.14942,0.46504,0.15445,0.41304,0.1615,0.5589,0.44632,0.62485,0.56005,0.6388,0.60534,0.36865,0.91834,0.44475,0.71202,0.44982,0.6305,0.55002,0.92136,0.57285,0.79656],"path":"Main Robe","slotPose":[1,0,0,1,0,0],"vertices":[-33.89,-145.54,-37.18,-158.81,-32.49,-164.73,-25.16,-165.99,-13.92,-167.86,-11.43,-169.72,-9.71,-171.52,-3.48,-171.52,4.17,-160.22,9.94,-158.81,9.64,-153.5,1.99,-143.52,-3.63,-131.04,7.45,-106.08,21.18,-82.35,27.11,-71.59,31.32,-70.66,37.4,-63.33,37.71,-58.95,44.55,-49.6,44.55,-44.76,30.69,-29.01,5.89,-22.14,-11.58,-21.06,-43.24,-21.21,-72.73,-31.03,-78.45,-36.81,-78.45,-44.14,-55.72,-88.61,-58.53,-92.34,-52.6,-102.95,-49.8,-103.11,-44.65,-114.5,-46.37,-119.33,-42.16,-124.18,-50.89,-82.99,-40.12,-76.28,-19.53,-65.21,-5.65,-61.46,10.88,-58.96,30.69,-56.14,21.02,-70.66,6.52,-72.37,-9.55,-77.37,-23.75,-83.92,-32.17,-90.48,-44.02,-97.65,-34.98,-113.72,-18.29,-113.87,-3.47,-115.75,-33.89,-122.15,-26.87,-123.08,-16.41,-125.89,-11.89,-131.66,-13.14,-139.15,-11.58,-144.15,-10.18,-148.35,-21.26,-147.57,-27.65,-146.48,-9.7,-102.33,-1.59,-84.7,0.12,-77.68,-33.1,-29.17,-23.75,-61.15,-23.12,-73.79,-10.8,-28.7,-7.99,-48.04],"type":"mesh","transform":{},"weights":[3,15,0.46656,20,0.00112,26,0.53233,1,26,1,1,26,1,3,15,0.06599,22,0.40336,26,0.53066,3,15,0.00012,22,0.99865,26,0.00123,3,15,0.00003,22,0.99825,26,0.00171,2,22,0.99817,26,0.00183,2,22,0.99826,26,0.00174,3,15,0.03658,22,0.96277,26,0.00065,3,15,0.0503,22,0.94918,26,0.00052,4,15,0.07354,19,0.00004,22,0.92596,26,0.00046,4,15,0.36147,19,0.01019,22,0.62821,26,0.00013,3,15,0.71318,19,0.13631,22,0.15051,3,15,0.08954,19,0.91042,22,0.00005,1,19,1,1,19,1,1,19,1,1,19,1,1,19,1,1,19,1,1,19,1,2,20,0.01411,19,0.98589,2,20,0.21977,19,0.78023,2,20,0.4898,19,0.5102,2,20,0.93812,19,0.06188,1,20,1,1,20,1,1,20,1,1,20,1,2,15,0.0001,20,0.9999,2,15,0.02849,20,0.97151,2,15,0.05155,20,0.94845,3,15,0.40035,20,0.59961,26,0.00004,3,15,0.53469,20,0.46451,26,0.0008,3,15,0.67686,20,0.31683,26,0.00631,1,20,1,1,20,1,2,20,0.58959,19,0.41041,2,20,0.25307,19,0.74693,2,20,0.02937,19,0.97063,1,19,1,1,19,1,2,20,0.00935,19,0.99065,2,20,0.23221,19,0.76779,2,20,0.70321,19,0.29679,2,20,0.98088,19,0.01912,2,15,0.02177,20,0.97823,4,15,0.45418,20,0.5456,19,0.0002,26,0.00001,4,15,0.59957,20,0.12738,19,0.2726,22,0.00045,3,15,0.4196,19,0.57146,22,0.00894,3,15,0.75749,20,0.23847,26,0.00405,3,15,0.92511,20,0.07394,26,0.00095,3,15,0.90262,19,0.07766,22,0.01973,3,15,0.828,19,0.07481,22,0.09719,3,15,0.78883,19,0.01861,22,0.19256,4,15,0.63436,19,0.00786,22,0.35778,26,0.00001,4,15,0.44438,19,0.00298,22,0.55261,26,0.00003,3,15,0.93487,19,0.00004,22,0.06509,2,15,0.72024,26,0.27976,3,15,0.03643,20,0.00622,19,0.95736,2,20,0.01382,19,0.98618,2,20,0.03669,19,0.96331,2,20,0.84325,19,0.15675,2,20,0.70332,19,0.29668,2,20,0.68406,19,0.31594,2,20,0.46953,19,0.53047,2,20,0.36862,19,0.63138],"width":123,"height":155,"name":"Main Robe"}],"name":"Main Robe"}],"name":""}],"aabb":{"width":181.5984838443616,"y":-230.16529411764714,"height":242.46802139037442,"x":-100.13918918918918},"defaultActions":[{"gotoAndPlay":"Attack"}],"name":"Jiangshi","animation":[{"frame":[],"bone":[{"frame":[{"duration":5,"transform":{},"curve":[0.25,0,0.75,1]},{"duration":5,"transform":{"y":-18.02},"curve":[0.25,0,0.75,1]},{"duration":5,"transform":{},"curve":[0.25,0,0.244,1]},{"duration":10,"transform":{"y":-14.58,"x":-29.15},"curve":[0,0,1,1]},{"tweenEasing":null,"duration":0,"transform":{}}],"name":"Mid"},{"frame":[{"tweenEasing":null,"duration":25,"transform":{"skX":9.6,"skY":9.6,"x":-14}}],"name":"right leg"},{"frame":[{"tweenEasing":null,"duration":25,"transform":{"skX":-6,"skY":-6,"x":13.87}}],"name":"Left Leg"},{"frame":[{"duration":5,"transform":{},"curve":[0,0,1,1]},{"duration":5,"transform":{"skX":6,"skY":6},"curve":[0,0,1,1]},{"tweenEasing":null,"duration":15,"transform":{}}],"name":"seal"},{"frame":[{"duration":5,"transform":{},"curve":[0,0,1,1]},{"duration":5,"transform":{"skX":13.52,"skY":13.52},"curve":[0,0,1,1]},{"tweenEasing":null,"duration":15,"transform":{}}],"name":"bone"},{"frame":[{"duration":5,"transform":{},"curve":[0,0,1,1]},{"duration":5,"transform":{"skX":-11.01,"skY":-11.01},"curve":[0,0,1,1]},{"tweenEasing":null,"duration":15,"transform":{}}],"name":"bone2"},{"frame":[{"duration":5,"transform":{},"curve":[0,0,1,1]},{"duration":5,"transform":{"skX":-363.6,"skY":-363.6},"curve":[0,0,1,1]},{"duration":5,"transform":{"skX":-412.8,"skY":-412.8},"curve":[0,0,1,1]},{"duration":10,"transform":{"y":-10.61,"skX":-270,"skY":-270,"x":1.74},"curve":[0,0,1,1]},{"tweenEasing":null,"duration":0,"transform":{}}],"name":"right arm"},{"frame":[{"duration":5,"transform":{},"curve":[0,0,1,1]},{"duration":5,"transform":{"skX":-366,"skY":-366},"curve":[0,0,1,1]},{"tweenEasing":null,"duration":15,"transform":{}}],"name":"bone6"},{"frame":[{"duration":5,"transform":{},"curve":[0,0,1,1]},{"duration":5,"transform":{"skX":-352.8,"skY":-352.8},"curve":[0,0,1,1]},{"tweenEasing":null,"duration":15,"transform":{}}],"name":"bone7"},{"frame":[{"duration":10,"transform":{},"curve":[0,0,1,1]},{"duration":5,"transform":{"y":27.83,"skX":34.8,"skY":34.8,"x":13.95},"curve":[0,0,1,1]},{"duration":10,"transform":{"y":-2.62,"skX":52.8,"skY":52.8,"x":2.1},"curve":[0,0,1,1]},{"tweenEasing":null,"duration":0,"transform":{}}],"name":"left arm"},{"frame":[{"duration":5,"transform":{},"curve":[0,0,1,1]},{"duration":20,"transform":{"skX":-356.4,"skY":-356.4},"curve":[0,0,1,1]},{"tweenEasing":null,"duration":0,"transform":{}}],"name":"bone10"},{"frame":[{"duration":5,"transform":{},"curve":[0.1345,0,0.8089999999999999,0.71]},{"duration":5,"transform":{"y":-4},"curve":[0.32,0.29,0.667,0.67]},{"duration":5,"transform":{},"curve":[0.06125,0,0.90925,0.89]},{"duration":10,"transform":{"y":17.7,"skX":40.8,"skY":40.8,"scX":2.2,"scY":1.08,"x":-69.74},"curve":[0.09525,0.1375,0.9355,1]},{"tweenEasing":null,"duration":0,"transform":{}}],"name":"flame left"},{"frame":[{"duration":5,"transform":{},"curve":[0,0,1,1]},{"duration":5,"transform":{"y":-6},"curve":[0,0,1,1]},{"duration":5,"transform":{},"curve":[0,0,1,1]},{"duration":10,"transform":{"y":39.9,"skX":50.4,"skY":50.4,"scX":2.72,"scY":0.88,"x":-150.01},"curve":[0,0,1,1]},{"tweenEasing":null,"duration":0,"transform":{}}],"name":"flame right"},{"frame":[{"duration":5,"transform":{},"curve":[0,0,1,1]},{"duration":5,"transform":{"skX":-379.2,"skY":-379.2},"curve":[0,0,1,1]},{"duration":5,"transform":{},"curve":[0,0,1,1]},{"duration":10,"transform":{"skX":-409.2,"skY":-409.2},"curve":[0,0,1,1]},{"tweenEasing":null,"duration":0,"transform":{}}],"name":"bone20"},{"frame":[{"duration":5,"transform":{},"curve":[0,0,1,1]},{"duration":5,"transform":{"skX":-345.6,"skY":-345.6},"curve":[0,0,1,1]},{"tweenEasing":null,"duration":15,"transform":{}}],"name":"bone22"},{"frame":[{"duration":5,"transform":{},"curve":[0.25,0,0.75,1]},{"duration":5,"transform":{"scX":0.82},"curve":[0.25,0,0.75,1]},{"tweenEasing":null,"duration":15,"transform":{}}],"name":"shadow"},{"frame":[{"duration":10,"transform":{},"curve":[0,0,1,1]},{"duration":15,"transform":{"skX":-309.6,"skY":-309.6},"curve":[0,0,1,1]},{"tweenEasing":null,"duration":0,"transform":{}}],"name":"bone5"},{"frame":[{"duration":10,"transform":{},"curve":[0,0,1,1]},{"duration":5,"transform":{},"curve":[0,0,1,1]},{"duration":10,"transform":{"skX":-7.2,"skY":-7.2},"curve":[0,0,1,1]},{"tweenEasing":null,"duration":0,"transform":{}}],"name":"chest main"},{"frame":[{"duration":10,"transform":{},"curve":[0,0,1,1]},{"duration":15,"transform":{"skX":-13.2,"skY":-13.2},"curve":[0,0,1,1]},{"tweenEasing":null,"duration":0,"transform":{}}],"name":"head"},{"frame":[{"duration":25,"transform":{},"tweenEasing":null}],"name":"root"},{"frame":[{"duration":25,"transform":{},"tweenEasing":null}],"name":"bone17"},{"frame":[{"duration":25,"transform":{},"tweenEasing":null}],"name":"bone13"},{"frame":[{"duration":25,"transform":{},"tweenEasing":null}],"name":"bone16"},{"frame":[{"duration":25,"transform":{},"tweenEasing":null}],"name":"bone18"},{"frame":[{"duration":25,"transform":{},"tweenEasing":null}],"name":"bone15"},{"frame":[{"duration":25,"transform":{},"tweenEasing":null}],"name":"bone14"},{"frame":[{"duration":25,"transform":{},"tweenEasing":null}],"name":"bone19"},{"frame":[{"duration":25,"transform":{},"tweenEasing":null}],"name":"chest"},{"frame":[{"duration":25,"transform":{},"tweenEasing":null}],"name":"bone21"},{"frame":[{"duration":25,"transform":{},"tweenEasing":null}],"name":"bone3"},{"frame":[{"duration":25,"transform":{},"tweenEasing":null}],"name":"bone4"},{"frame":[{"duration":25,"transform":{},"tweenEasing":null}],"name":"bone9"},{"frame":[{"duration":25,"transform":{},"tweenEasing":null}],"name":"bone8"},{"frame":[{"duration":25,"transform":{},"tweenEasing":null}],"name":"bone12"},{"frame":[{"duration":25,"transform":{},"tweenEasing":null}],"name":"bone11"}],"ffd":[],"slot":[],"name":"Attack","duration":25},{"frame":[],"bone":[{"frame":[{"duration":5,"transform":{},"curve":[0.97,0,0.215,0.97]},{"duration":10,"transform":{"x":3.64},"curve":[0.351,0.4,0.757,1]},{"tweenEasing":null,"duration":0,"transform":{}}],"name":"Mid"},{"frame":[{"tweenEasing":null,"duration":15,"transform":{"skX":9.6,"skY":9.6,"x":-14}}],"name":"right leg"},{"frame":[{"tweenEasing":null,"duration":15,"transform":{"skX":-6,"skY":-6,"x":13.87}}],"name":"Left Leg"},{"frame":[{"duration":5,"transform":{},"curve":[0,0,1,1]},{"duration":10,"transform":{"skX":-4.73,"skY":-4.73},"curve":[0,0,1,1]},{"tweenEasing":null,"duration":0,"transform":{}}],"name":"seal"},{"frame":[{"duration":5,"transform":{},"curve":[0.25,0,0.383,1]},{"duration":10,"transform":{"skX":13.2,"skY":13.2},"curve":[0.25,0,0.75,1]},{"tweenEasing":null,"duration":0,"transform":{}}],"name":"bone"},{"frame":[{"duration":5,"transform":{},"curve":[0,0,1,1]},{"duration":10,"transform":{"skX":-11.06,"skY":-11.06},"curve":[0,0,1,1]},{"tweenEasing":null,"duration":0,"transform":{}}],"name":"bone2"},{"frame":[{"duration":5,"transform":{},"curve":[0.25,0,0.75,1]},{"duration":10,"transform":{"skX":-397.2,"skY":-397.2},"curve":[0,0,1,1]},{"tweenEasing":null,"duration":0,"transform":{}}],"name":"right arm"},{"frame":[{"duration":5,"transform":{},"curve":[0.25,0,0.75,1]},{"duration":10,"transform":{"skX":-15.6,"skY":-15.6},"curve":[0,0,1,1]},{"tweenEasing":null,"duration":0,"transform":{}}],"name":"left arm"},{"frame":[{"duration":5,"transform":{},"curve":[0,0,1,1]},{"duration":10,"transform":{"skX":-19.2,"skY":-19.2},"curve":[0,0,1,1]},{"tweenEasing":null,"duration":0,"transform":{}}],"name":"bone13"},{"frame":[{"duration":5,"transform":{},"curve":[0,0,1,1]},{"duration":10,"transform":{"skX":15.6,"skY":15.6},"curve":[0,0,1,1]},{"tweenEasing":null,"duration":0,"transform":{}}],"name":"bone14"},{"frame":[{"duration":5,"transform":{},"curve":[0,0,1,1]},{"duration":10,"transform":{"skX":-4.8,"skY":-4.8},"curve":[0,0,1,1]},{"tweenEasing":null,"duration":0,"transform":{}}],"name":"bone15"},{"frame":[{"duration":5,"transform":{},"curve":[0,0,1,1]},{"duration":10,"transform":{"skX":23.99,"skY":23.99},"curve":[0,0,1,1]},{"tweenEasing":null,"duration":0,"transform":{}}],"name":"bone18"},{"frame":[{"duration":5,"transform":{},"curve":[0,0,1,1]},{"duration":10,"transform":{"skX":-16.8,"skY":-16.8},"curve":[0,0,1,1]},{"tweenEasing":null,"duration":0,"transform":{}}],"name":"bone16"},{"frame":[{"duration":5,"transform":{},"curve":[0,0,1,1]},{"duration":10,"transform":{"skX":33.6,"skY":33.6},"curve":[0,0,1,1]},{"tweenEasing":null,"duration":0,"transform":{}}],"name":"bone17"},{"frame":[{"duration":5,"transform":{},"curve":[0.25,0,0.22,1]},{"duration":10,"transform":{"skX":-16.8,"skY":-16.8},"curve":[0,0,1,1]},{"tweenEasing":null,"duration":0,"transform":{}}],"name":"head"},{"frame":[{"duration":5,"transform":{},"curve":[0,0,1,1]},{"duration":10,"transform":{"skX":3.6,"skY":3.6},"curve":[0,0,1,1]},{"tweenEasing":null,"duration":0,"transform":{}}],"name":"chest"},{"frame":[{"duration":5,"transform":{},"curve":[0,0,1,1]},{"duration":10,"transform":{"skX":-330,"skY":-330},"curve":[0,0,1,1]},{"tweenEasing":null,"duration":0,"transform":{}}],"name":"bone5"},{"frame":[{"duration":5,"transform":{},"curve":[0,0,1,1]},{"duration":10,"transform":{"skX":-343.2,"skY":-343.2},"curve":[0,0,1,1]},{"tweenEasing":null,"duration":0,"transform":{}}],"name":"bone9"},{"frame":[{"duration":15,"transform":{},"tweenEasing":null}],"name":"root"},{"frame":[{"duration":15,"transform":{},"tweenEasing":null}],"name":"shadow"},{"frame":[{"duration":15,"transform":{},"tweenEasing":null}],"name":"flame left"},{"frame":[{"duration":15,"transform":{},"tweenEasing":null}],"name":"flame right"},{"frame":[{"duration":15,"transform":{},"tweenEasing":null}],"name":"chest main"},{"frame":[{"duration":15,"transform":{},"tweenEasing":null}],"name":"bone19"},{"frame":[{"duration":15,"transform":{},"tweenEasing":null}],"name":"bone21"},{"frame":[{"duration":15,"transform":{},"tweenEasing":null}],"name":"bone22"},{"frame":[{"duration":15,"transform":{},"tweenEasing":null}],"name":"bone20"},{"frame":[{"duration":15,"transform":{},"tweenEasing":null}],"name":"bone3"},{"frame":[{"duration":15,"transform":{},"tweenEasing":null}],"name":"bone4"},{"frame":[{"duration":15,"transform":{},"tweenEasing":null}],"name":"bone8"},{"frame":[{"duration":15,"transform":{},"tweenEasing":null}],"name":"bone7"},{"frame":[{"duration":15,"transform":{},"tweenEasing":null}],"name":"bone6"},{"frame":[{"duration":15,"transform":{},"tweenEasing":null}],"name":"bone10"},{"frame":[{"duration":15,"transform":{},"tweenEasing":null}],"name":"bone12"},{"frame":[{"duration":15,"transform":{},"tweenEasing":null}],"name":"bone11"}],"ffd":[{"frame":[{"offset":0,"duration":5,"vertices":[],"curve":[0,0,1,1]},{"offset":48,"duration":10,"vertices":[-0.39,0.81,0.28,1.28,0.02,1.38,0.03,0.31,0.09,0.06,0,0,0,0,0,0,0,0,0,0,0,0,0,0,0,0,0,0,0,0,0,0,0,0,0,0,0,0,0,0,0,0,0,0,0,0,0,0,0,0],"curve":[0,0,1,1]},{"tweenEasing":null,"offset":0,"duration":0,"vertices":[],"curve":[0,0,1,1]}],"scale":1,"skin":"","offset":0,"slot":"head","name":"head"}],"slot":[],"name":"Damage","duration":15},{"frame":[],"bone":[{"frame":[{"duration":10,"transform":{},"curve":[0.25,0,0.75,1]},{"duration":10,"transform":{"y":-18.02},"curve":[0.25,0,0.75,1]},{"duration":10,"transform":{},"curve":[0.25,0,0.75,1]},{"duration":10,"transform":{"y":-18.02},"curve":[0.25,0,0.077,1]},{"duration":10,"transform":{},"curve":[0.25,0,0.75,1]},{"duration":10,"transform":{"y":-18.02},"curve":[0.25,0,0.75,1]},{"tweenEasing":null,"duration":0,"transform":{}}],"name":"Mid"},{"frame":[{"tweenEasing":null,"duration":60,"transform":{"skX":9.6,"skY":9.6,"x":-14}}],"name":"right leg"},{"frame":[{"tweenEasing":null,"duration":60,"transform":{"skX":-6,"skY":-6,"x":13.87}}],"name":"Left Leg"},{"frame":[{"duration":10,"transform":{},"curve":[0,0,1,1]},{"duration":10,"transform":{"skX":6,"skY":6},"curve":[0,0,1,1]},{"duration":10,"transform":{},"curve":[0,0,1,1]},{"duration":10,"transform":{"skX":6,"skY":6},"curve":[0,0,1,1]},{"duration":10,"transform":{},"curve":[0,0,1,1]},{"duration":10,"transform":{"skX":6,"skY":6},"curve":[0,0,1,1]},{"tweenEasing":null,"duration":0,"transform":{}}],"name":"seal"},{"frame":[{"duration":10,"transform":{},"curve":[0,0,1,1]},{"duration":10,"transform":{"skX":13.52,"skY":13.52},"curve":[0,0,1,1]},{"duration":10,"transform":{},"curve":[0,0,1,1]},{"duration":10,"transform":{"skX":13.52,"skY":13.52},"curve":[0,0,1,1]},{"duration":10,"transform":{},"curve":[0,0,1,1]},{"duration":10,"transform":{"skX":13.52,"skY":13.52},"curve":[0,0,1,1]},{"tweenEasing":null,"duration":0,"transform":{}}],"name":"bone"},{"frame":[{"duration":10,"transform":{},"curve":[0,0,1,1]},{"duration":10,"transform":{"skX":-11.01,"skY":-11.01},"curve":[0,0,1,1]},{"duration":10,"transform":{},"curve":[0,0,1,1]},{"duration":10,"transform":{"skX":-11.01,"skY":-11.01},"curve":[0,0,1,1]},{"duration":10,"transform":{},"curve":[0,0,1,1]},{"duration":10,"transform":{"skX":-11.01,"skY":-11.01},"curve":[0,0,1,1]},{"tweenEasing":null,"duration":0,"transform":{}}],"name":"bone2"},{"frame":[{"duration":10,"transform":{},"curve":[0,0,1,1]},{"duration":10,"transform":{"skX":-363.6,"skY":-363.6},"curve":[0,0,1,1]},{"duration":10,"transform":{},"curve":[0,0,1,1]},{"duration":10,"transform":{"skX":-363.6,"skY":-363.6},"curve":[0,0,1,1]},{"duration":10,"transform":{},"curve":[0,0,1,1]},{"duration":10,"transform":{"skX":-363.6,"skY":-363.6},"curve":[0,0,1,1]},{"tweenEasing":null,"duration":0,"transform":{}}],"name":"right arm"},{"frame":[{"duration":10,"transform":{},"curve":[0,0,1,1]},{"duration":10,"transform":{"skX":-366,"skY":-366},"curve":[0,0,1,1]},{"duration":10,"transform":{},"curve":[0,0,1,1]},{"duration":10,"transform":{"skX":-366,"skY":-366},"curve":[0,0,1,1]},{"duration":10,"transform":{},"curve":[0,0,1,1]},{"duration":10,"transform":{"skX":-366,"skY":-366},"curve":[0,0,1,1]},{"tweenEasing":null,"duration":0,"transform":{}}],"name":"bone6"},{"frame":[{"duration":10,"transform":{},"curve":[0,0,1,1]},{"duration":10,"transform":{"skX":-352.8,"skY":-352.8},"curve":[0,0,1,1]},{"duration":10,"transform":{},"curve":[0,0,1,1]},{"duration":10,"transform":{"skX":-352.8,"skY":-352.8},"curve":[0,0,1,1]},{"duration":10,"transform":{},"curve":[0,0,1,1]},{"duration":10,"transform":{"skX":-352.8,"skY":-352.8},"curve":[0,0,1,1]},{"tweenEasing":null,"duration":0,"transform":{}}],"name":"bone7"},{"frame":[{"duration":10,"transform":{},"curve":[0,0,1,1]},{"duration":10,"transform":{"skX":4.8,"skY":4.8},"curve":[0,0,1,1]},{"duration":10,"transform":{},"curve":[0,0,1,1]},{"duration":10,"transform":{"skX":4.8,"skY":4.8},"curve":[0,0,1,1]},{"duration":10,"transform":{},"curve":[0,0,1,1]},{"duration":10,"transform":{"skX":4.8,"skY":4.8},"curve":[0,0,1,1]},{"tweenEasing":null,"duration":0,"transform":{}}],"name":"left arm"},{"frame":[{"duration":10,"transform":{},"curve":[0,0,1,1]},{"duration":10,"transform":{"skX":-356.4,"skY":-356.4},"curve":[0,0,1,1]},{"duration":10,"transform":{},"curve":[0,0,1,1]},{"duration":10,"transform":{"skX":-356.4,"skY":-356.4},"curve":[0,0,1,1]},{"duration":10,"transform":{},"curve":[0,0,1,1]},{"duration":10,"transform":{"skX":-356.4,"skY":-356.4},"curve":[0,0,1,1]},{"tweenEasing":null,"duration":0,"transform":{}}],"name":"bone10"},{"frame":[{"duration":30,"transform":{},"curve":[0.25,0,0.75,1]},{"duration":30,"transform":{"y":-10},"curve":[0.25,0,0.312,1]},{"tweenEasing":null,"duration":0,"transform":{}}],"name":"flame left"},{"frame":[{"duration":30,"transform":{},"curve":[0,0,1,1]},{"duration":30,"transform":{"y":-14},"curve":[0,0,1,1]},{"tweenEasing":null,"duration":0,"transform":{}}],"name":"flame right"},{"frame":[{"duration":30,"transform":{},"curve":[0,0,1,1]},{"duration":30,"transform":{"skX":-13.2,"skY":-13.2},"curve":[0,0,1,1]},{"tweenEasing":null,"duration":0,"transform":{}}],"name":"bone13"},{"frame":[{"duration":30,"transform":{},"curve":[0,0,1,1]},{"duration":30,"transform":{"skX":28.8,"skY":28.8},"curve":[0,0,1,1]},{"tweenEasing":null,"duration":0,"transform":{}}],"name":"bone14"},{"frame":[{"duration":30,"transform":{},"curve":[0,0,1,1]},{"duration":30,"transform":{"y":0.74,"skX":-14.4,"skY":-14.4,"x":7.92},"curve":[0,0,1,1]},{"tweenEasing":null,"duration":0,"transform":{}}],"name":"bone15"},{"frame":[{"duration":30,"transform":{},"curve":[0,0,1,1]},{"duration":30,"transform":{"y":-0.47,"skX":8.4,"skY":8.4,"x":3.93},"curve":[0,0,1,1]},{"tweenEasing":null,"duration":0,"transform":{}}],"name":"bone18"},{"frame":[{"duration":30,"transform":{},"curve":[0,0,1,1]},{"duration":30,"transform":{"y":-0.23,"skX":-32.4,"skY":-32.4,"x":1.94},"curve":[0,0,1,1]},{"tweenEasing":null,"duration":0,"transform":{}}],"name":"bone16"},{"frame":[{"duration":30,"transform":{},"curve":[0,0,1,1]},{"duration":30,"transform":{"y":0.24,"skX":33.6,"skY":33.6,"x":-2.03},"curve":[0,0,1,1]},{"tweenEasing":null,"duration":0,"transform":{}}],"name":"bone17"},{"frame":[{"duration":10,"transform":{},"curve":[0,0,1,1]},{"duration":10,"transform":{"skX":-379.2,"skY":-379.2},"curve":[0,0,1,1]},{"duration":10,"transform":{},"curve":[0,0,1,1]},{"duration":10,"transform":{"skX":-379.2,"skY":-379.2},"curve":[0,0,1,1]},{"duration":10,"transform":{},"curve":[0,0,1,1]},{"duration":10,"transform":{"skX":-379.2,"skY":-379.2},"curve":[0,0,1,1]},{"tweenEasing":null,"duration":0,"transform":{}}],"name":"bone20"},{"frame":[{"duration":10,"transform":{},"curve":[0,0,1,1]},{"duration":10,"transform":{"skX":-345.6,"skY":-345.6},"curve":[0,0,1,1]},{"duration":10,"transform":{},"curve":[0,0,1,1]},{"duration":10,"transform":{"skX":-345.6,"skY":-345.6},"curve":[0,0,1,1]},{"duration":10,"transform":{},"curve":[0,0,1,1]},{"duration":10,"transform":{"skX":-345.6,"skY":-345.6},"curve":[0,0,1,1]},{"tweenEasing":null,"duration":0,"transform":{}}],"name":"bone22"},{"frame":[{"duration":10,"transform":{},"curve":[0.25,0,0.75,1]},{"duration":10,"transform":{"scX":0.82},"curve":[0.25,0,0.75,1]},{"duration":10,"transform":{},"curve":[0.25,0,0.75,1]},{"duration":10,"transform":{"scX":0.82},"curve":[0.25,0,0.75,1]},{"duration":10,"transform":{},"curve":[0.25,0,0.75,1]},{"duration":10,"transform":{"scX":0.82},"curve":[0.25,0,0.75,1]},{"tweenEasing":null,"duration":0,"transform":{}}],"name":"shadow"},{"frame":[{"duration":60,"transform":{},"tweenEasing":null}],"name":"root"},{"frame":[{"duration":60,"transform":{},"tweenEasing":null}],"name":"chest main"},{"frame":[{"duration":60,"transform":{},"tweenEasing":null}],"name":"bone19"},{"frame":[{"duration":60,"transform":{},"tweenEasing":null}],"name":"chest"},{"frame":[{"duration":60,"transform":{},"tweenEasing":null}],"name":"bone21"},{"frame":[{"duration":60,"transform":{},"tweenEasing":null}],"name":"head"},{"frame":[{"duration":60,"transform":{},"tweenEasing":null}],"name":"bone3"},{"frame":[{"duration":60,"transform":{},"tweenEasing":null}],"name":"bone4"},{"frame":[{"duration":60,"transform":{},"tweenEasing":null}],"name":"bone9"},{"frame":[{"duration":60,"transform":{},"tweenEasing":null}],"name":"bone5"},{"frame":[{"duration":60,"transform":{},"tweenEasing":null}],"name":"bone8"},{"frame":[{"duration":60,"transform":{},"tweenEasing":null}],"name":"bone12"},{"frame":[{"duration":60,"transform":{},"tweenEasing":null}],"name":"bone11"}],"ffd":[],"playTimes":0,"slot":[],"name":"Idle","duration":60},{"frame":[],"bone":[{"frame":[{"duration":5,"transform":{},"curve":[0.25,0,0.75,1]},{"duration":5,"transform":{"y":-18.02},"curve":[0.25,0,0.75,1]},{"duration":5,"transform":{},"curve":[0.25,0,0.75,1]},{"duration":5,"transform":{"y":-18.02},"curve":[0.25,0,0.75,1]},{"duration":5,"transform":{},"curve":[0.25,0,0.125,1]},{"duration":10,"transform":{"y":-7.86,"x":-45.98},"curve":[0,0,1,1]},{"tweenEasing":null,"duration":0,"transform":{}}],"name":"Mid"},{"frame":[{"tweenEasing":null,"duration":35,"transform":{"skX":9.6,"skY":9.6,"x":-14}}],"name":"right leg"},{"frame":[{"tweenEasing":null,"duration":35,"transform":{"skX":-6,"skY":-6,"x":13.87}}],"name":"Left Leg"},{"frame":[{"duration":5,"transform":{},"curve":[0.25,0,0.75,1]},{"duration":5,"transform":{"skX":6,"skY":6},"curve":[0.25,0,0.75,1]},{"duration":5,"transform":{},"curve":[0.25,0,0.75,1]},{"duration":5,"transform":{"skX":6,"skY":6},"curve":[0.25,0,0.75,1]},{"duration":5,"transform":{},"curve":[0.265,0,0.618,0.43]},{"duration":10,"transform":{"skX":-2.4,"skY":-2.4},"curve":[0.351,0.4,0.757,1]},{"tweenEasing":null,"duration":0,"transform":{}}],"name":"seal"},{"frame":[{"duration":5,"transform":{},"curve":[0.25,0,0.75,1]},{"duration":5,"transform":{"skX":13.52,"skY":13.52},"curve":[0.25,0,0.75,1]},{"duration":5,"transform":{},"curve":[0.25,0,0.75,1]},{"duration":5,"transform":{"skX":13.52,"skY":13.52},"curve":[0.25,0,0.75,1]},{"duration":5,"transform":{},"curve":[0.265,0,0.618,0.43]},{"duration":10,"transform":{"skX":-14.4,"skY":-14.4},"curve":[0.351,0.4,0.757,1]},{"tweenEasing":null,"duration":0,"transform":{}}],"name":"bone"},{"frame":[{"duration":5,"transform":{},"curve":[0.25,0,0.75,1]},{"duration":5,"transform":{"skX":-11.01,"skY":-11.01},"curve":[0.25,0,0.75,1]},{"duration":5,"transform":{},"curve":[0.25,0,0.75,1]},{"duration":5,"transform":{"skX":-11.01,"skY":-11.01},"curve":[0.25,0,0.75,1]},{"duration":5,"transform":{},"curve":[0.265,0,0.618,0.43]},{"duration":10,"transform":{"skX":-378,"skY":-378},"curve":[0.351,0.4,0.757,1]},{"tweenEasing":null,"duration":0,"transform":{}}],"name":"bone2"},{"frame":[{"duration":5,"transform":{},"curve":[0.598,0,0.861,0.49]},{"duration":5,"transform":{"skX":-366,"skY":-366},"curve":[0.543,0.45,0.602,0.92]},{"duration":5,"transform":{},"curve":[0.25,0,0.75,1]},{"duration":5,"transform":{"skX":-3.6,"skY":-3.6},"curve":[0.25,0,0.75,1]},{"duration":5,"transform":{},"curve":[0.265,0,0.618,0.43]},{"duration":10,"transform":{"skX":-393.6,"skY":-393.6},"curve":[0.351,0.4,0.757,1]},{"tweenEasing":null,"duration":0,"transform":{}}],"name":"right arm"},{"frame":[{"duration":5,"transform":{},"curve":[0.25,0,0.75,1]},{"duration":5,"transform":{"skX":-6,"skY":-6},"curve":[0.25,0,0.75,1]},{"duration":5,"transform":{},"curve":[0.25,0,0.75,1]},{"duration":5,"transform":{"skX":-6,"skY":-6},"curve":[0.25,0,0.75,1]},{"tweenEasing":null,"duration":15,"transform":{}}],"name":"bone6"},{"frame":[{"duration":5,"transform":{},"curve":[0.25,0,0.75,1]},{"duration":5,"transform":{"skX":7.2,"skY":7.2},"curve":[0.25,0,0.75,1]},{"duration":5,"transform":{},"curve":[0.25,0,0.75,1]},{"duration":5,"transform":{"skX":7.2,"skY":7.2},"curve":[0.25,0,0.75,1]},{"tweenEasing":null,"duration":15,"transform":{}}],"name":"bone7"},{"frame":[{"duration":5,"transform":{},"curve":[0.595,0.02,0.857,0.5]},{"duration":5,"transform":{"skX":10.8,"skY":10.8},"curve":[0.505,0.46,0.587,0.93]},{"duration":5,"transform":{},"curve":[0.25,0,0.75,1]},{"duration":5,"transform":{"skX":4.8,"skY":4.8},"curve":[0.125,0,0.875,1]},{"duration":5,"transform":{},"curve":[0.13,0.12,0.144,1.01]},{"duration":5,"transform":{"y":-5.11,"skX":56.4,"skY":56.4,"scX":1.22,"x":0.19},"tweenEasing":null},{"duration":5,"transform":{"y":-5.11,"skX":56.4,"skY":56.4,"scX":1.22,"x":0.19},"curve":[0,0,1,1]},{"tweenEasing":null,"duration":0,"transform":{"y":-0.04}}],"name":"left arm"},{"frame":[{"duration":5,"transform":{},"curve":[0.25,0,0.75,1]},{"duration":5,"transform":{"skX":3.6,"skY":3.6},"curve":[0.25,0,0.75,1]},{"duration":5,"transform":{},"curve":[0.25,0,0.75,1]},{"duration":5,"transform":{"skX":3.6,"skY":3.6},"curve":[0.25,0,0.75,1]},{"tweenEasing":null,"duration":15,"transform":{}}],"name":"bone10"},{"frame":[{"duration":15,"transform":{},"curve":[0.25,0,0.75,1]},{"duration":20,"transform":{"y":-12.8},"curve":[0.25,0,0.75,1]},{"tweenEasing":null,"duration":0,"transform":{}}],"name":"flame left"},{"frame":[{"duration":15,"transform":{},"curve":[0.25,0,0.75,1]},{"duration":20,"transform":{"y":-18.7},"curve":[0.25,0,0.75,1]},{"tweenEasing":null,"duration":0,"transform":{}}],"name":"flame right"},{"frame":[{"duration":5,"transform":{},"curve":[0.25,0,0.75,1]},{"duration":5,"transform":{"skX":-4.4,"skY":-4.4},"curve":[0.25,0,0.75,1]},{"duration":5,"transform":{},"curve":[0.25,0,0.75,1]},{"duration":5,"transform":{"skX":-4.4,"skY":-4.4},"curve":[0.25,0,0.75,1]},{"tweenEasing":null,"duration":15,"transform":{}}],"name":"bone13"},{"frame":[{"duration":5,"transform":{},"curve":[0.25,0,0.75,1]},{"duration":5,"transform":{"skX":9.6,"skY":9.6},"curve":[0.25,0,0.75,1]},{"duration":5,"transform":{},"curve":[0.25,0,0.75,1]},{"duration":5,"transform":{"skX":9.6,"skY":9.6},"curve":[0.25,0,0.75,1]},{"tweenEasing":null,"duration":15,"transform":{}}],"name":"bone14"},{"frame":[{"duration":5,"transform":{},"curve":[0.25,0,0.75,1]},{"duration":5,"transform":{"y":0.25,"skX":-4.8,"skY":-4.8,"x":2.64},"curve":[0.25,0,0.75,1]},{"duration":5,"transform":{},"curve":[0.25,0,0.75,1]},{"duration":5,"transform":{"y":0.25,"skX":-4.8,"skY":-4.8,"x":2.64},"curve":[0.25,0,0.75,1]},{"tweenEasing":null,"duration":15,"transform":{}}],"name":"bone15"},{"frame":[{"duration":5,"transform":{},"curve":[0.25,0,0.75,1]},{"duration":5,"transform":{"y":-0.16,"skX":2.8,"skY":2.8,"x":1.31},"curve":[0.25,0,0.75,1]},{"duration":5,"transform":{},"curve":[0.25,0,0.75,1]},{"duration":5,"transform":{"y":-0.16,"skX":2.8,"skY":2.8,"x":1.31},"curve":[0.25,0,0.75,1]},{"tweenEasing":null,"duration":15,"transform":{}}],"name":"bone18"},{"frame":[{"duration":5,"transform":{},"curve":[0.25,0,0.75,1]},{"duration":5,"transform":{"y":-0.08,"skX":-10.8,"skY":-10.8,"x":0.65},"curve":[0.25,0,0.75,1]},{"duration":5,"transform":{},"curve":[0.25,0,0.75,1]},{"duration":5,"transform":{"y":-0.08,"skX":-10.8,"skY":-10.8,"x":0.65},"curve":[0.25,0,0.75,1]},{"tweenEasing":null,"duration":15,"transform":{}}],"name":"bone16"},{"frame":[{"duration":5,"transform":{},"curve":[0.25,0,0.75,1]},{"duration":5,"transform":{"y":0.08,"skX":11.2,"skY":11.2,"x":-0.68},"curve":[0.25,0,0.75,1]},{"duration":5,"transform":{},"curve":[0.25,0,0.75,1]},{"duration":5,"transform":{"y":0.08,"skX":11.2,"skY":11.2,"x":-0.68},"curve":[0.25,0,0.75,1]},{"tweenEasing":null,"duration":15,"transform":{}}],"name":"bone17"},{"frame":[{"duration":5,"transform":{},"curve":[0.25,0,0.75,1]},{"duration":5,"transform":{"skX":-19.2,"skY":-19.2},"curve":[0.25,0,0.75,1]},{"duration":5,"transform":{},"curve":[0.25,0,0.75,1]},{"duration":5,"transform":{"skX":-19.2,"skY":-19.2},"curve":[0.25,0,0.75,1]},{"duration":5,"transform":{},"curve":[0.265,0,0.618,0.43]},{"duration":10,"transform":{"skX":-400.8,"skY":-400.8},"curve":[0.351,0.4,0.757,1]},{"tweenEasing":null,"duration":0,"transform":{}}],"name":"bone20"},{"frame":[{"duration":5,"transform":{},"curve":[0.25,0,0.75,1]},{"duration":5,"transform":{"skX":14.4,"skY":14.4},"curve":[0.25,0,0.75,1]},{"duration":5,"transform":{},"curve":[0.25,0,0.75,1]},{"duration":5,"transform":{"skX":14.4,"skY":14.4},"curve":[0.25,0,0.75,1]},{"tweenEasing":null,"duration":15,"transform":{}}],"name":"bone22"},{"frame":[{"duration":20,"transform":{},"curve":[0,0,1,1]},{"duration":5,"transform":{},"curve":[0.25,0,0.75,1]},{"duration":10,"transform":{"x":-22.4},"curve":[0.25,0,0.75,1]},{"tweenEasing":null,"duration":0,"transform":{}}],"name":"shadow"},{"frame":[{"duration":5,"transform":{},"curve":[0,0,1,1]},{"duration":20,"transform":{"x":22.4},"curve":[0,0,1,1]},{"duration":10,"transform":{"x":7.47},"curve":[0,0,1,1]},{"tweenEasing":null,"duration":0,"transform":{}}],"name":"root"},{"frame":[{"duration":15,"transform":{},"curve":[0,0,1,1]},{"duration":5,"transform":{},"curve":[0,0,1,1]},{"duration":5,"transform":{"skX":16.78,"skY":16.78},"curve":[0,0,1,1]},{"duration":10,"transform":{"skX":-10.63,"skY":-10.63,"scX":1.53},"curve":[0,0,1,1]},{"tweenEasing":null,"duration":0,"transform":{"skX":-10.63,"skY":-10.63}}],"name":"bone9"},{"frame":[{"duration":35,"transform":{},"tweenEasing":null}],"name":"chest main"},{"frame":[{"duration":35,"transform":{},"tweenEasing":null}],"name":"bone19"},{"frame":[{"duration":35,"transform":{},"tweenEasing":null}],"name":"chest"},{"frame":[{"duration":35,"transform":{},"tweenEasing":null}],"name":"bone21"},{"frame":[{"duration":35,"transform":{},"tweenEasing":null}],"name":"head"},{"frame":[{"duration":35,"transform":{},"tweenEasing":null}],"name":"bone3"},{"frame":[{"duration":35,"transform":{},"tweenEasing":null}],"name":"bone4"},{"frame":[{"duration":35,"transform":{},"tweenEasing":null}],"name":"bone5"},{"frame":[{"duration":35,"transform":{},"tweenEasing":null}],"name":"bone8"},{"frame":[{"duration":35,"transform":{},"tweenEasing":null}],"name":"bone12"},{"frame":[{"duration":35,"transform":{},"tweenEasing":null}],"name":"bone11"}],"ffd":[],"slot":[],"name":"Skill","duration":35},{"frame":[],"bone":[{"frame":[{"duration":20,"transform":{},"curve":[0.25,0,0.75,1]},{"duration":20,"transform":{"y":-18.02},"curve":[0.25,0,0.75,1]},{"duration":20,"transform":{},"curve":[0.25,0,0.75,1]},{"duration":20,"transform":{"y":-18.02},"curve":[0.25,0,0.75,1]},{"duration":20,"transform":{},"curve":[0.25,0,0.224,1.77]},{"duration":20,"transform":{"y":-18.02},"curve":[0.182,0.25,0.75,1]},{"tweenEasing":null,"duration":0,"transform":{}}],"name":"Mid"},{"frame":[{"tweenEasing":null,"duration":120,"transform":{"skX":9.6,"skY":9.6,"x":-14}}],"name":"right leg"},{"frame":[{"tweenEasing":null,"duration":120,"transform":{"skX":-6,"skY":-6,"x":13.87}}],"name":"Left Leg"},{"frame":[{"duration":20,"transform":{},"curve":[0,0,1,1]},{"duration":20,"transform":{"skX":6,"skY":6},"curve":[0,0,1,1]},{"duration":20,"transform":{},"curve":[0,0,1,1]},{"duration":20,"transform":{"skX":6,"skY":6},"curve":[0,0,1,1]},{"duration":20,"transform":{},"curve":[0,0,1,1]},{"duration":20,"transform":{"skX":6,"skY":6},"curve":[0,0,1,1]},{"tweenEasing":null,"duration":0,"transform":{}}],"name":"seal"},{"frame":[{"duration":20,"transform":{},"curve":[0,0,1,1]},{"duration":20,"transform":{"skX":13.52,"skY":13.52},"curve":[0,0,1,1]},{"duration":20,"transform":{},"curve":[0,0,1,1]},{"duration":20,"transform":{"skX":13.52,"skY":13.52},"curve":[0,0,1,1]},{"duration":20,"transform":{},"curve":[0,0,1,1]},{"duration":20,"transform":{"skX":13.52,"skY":13.52},"curve":[0,0,1,1]},{"tweenEasing":null,"duration":0,"transform":{}}],"name":"bone"},{"frame":[{"duration":20,"transform":{},"curve":[0,0,1,1]},{"duration":20,"transform":{"skX":-11.01,"skY":-11.01},"curve":[0,0,1,1]},{"duration":20,"transform":{},"curve":[0,0,1,1]},{"duration":20,"transform":{"skX":-11.01,"skY":-11.01},"curve":[0,0,1,1]},{"duration":20,"transform":{},"curve":[0,0,1,1]},{"duration":20,"transform":{"skX":-11.01,"skY":-11.01},"curve":[0,0,1,1]},{"tweenEasing":null,"duration":0,"transform":{}}],"name":"bone2"},{"frame":[{"duration":20,"transform":{"skX":-344.4,"skY":-344.4},"curve":[0,0,1,1]},{"duration":20,"transform":{"skX":-351.6,"skY":-351.6},"curve":[0,0,1,1]},{"duration":20,"transform":{"skX":-344.4,"skY":-344.4},"curve":[0,0,1,1]},{"duration":20,"transform":{"skX":-351.6,"skY":-351.6},"curve":[0,0,1,1]},{"duration":20,"transform":{"skX":-344.4,"skY":-344.4},"curve":[0,0,1,1]},{"duration":20,"transform":{"skX":-351.6,"skY":-351.6},"curve":[0,0,1,1]},{"tweenEasing":null,"duration":0,"transform":{"skX":-344.4,"skY":-344.4}}],"name":"right arm"},{"frame":[{"duration":20,"transform":{},"curve":[0,0,1,1]},{"duration":20,"transform":{"skX":-366,"skY":-366},"curve":[0,0,1,1]},{"duration":20,"transform":{},"curve":[0,0,1,1]},{"duration":20,"transform":{"skX":-366,"skY":-366},"curve":[0,0,1,1]},{"duration":20,"transform":{},"curve":[0,0,1,1]},{"duration":20,"transform":{"skX":-366,"skY":-366},"curve":[0,0,1,1]},{"tweenEasing":null,"duration":0,"transform":{}}],"name":"bone6"},{"frame":[{"duration":20,"transform":{},"curve":[0,0,1,1]},{"duration":20,"transform":{"skX":-352.8,"skY":-352.8},"curve":[0,0,1,1]},{"duration":20,"transform":{},"curve":[0,0,1,1]},{"duration":20,"transform":{"skX":-352.8,"skY":-352.8},"curve":[0,0,1,1]},{"duration":20,"transform":{},"curve":[0,0,1,1]},{"duration":20,"transform":{"skX":-352.8,"skY":-352.8},"curve":[0,0,1,1]},{"tweenEasing":null,"duration":0,"transform":{}}],"name":"bone7"},{"frame":[{"duration":20,"transform":{"skX":-6,"skY":-6},"curve":[0,0,1,1]},{"duration":20,"transform":{"skX":-3.6,"skY":-3.6},"curve":[0,0,1,1]},{"duration":20,"transform":{"skX":-6,"skY":-6},"curve":[0,0,1,1]},{"duration":20,"transform":{"skX":-3.6,"skY":-3.6},"curve":[0,0,1,1]},{"duration":20,"transform":{"skX":-6,"skY":-6},"curve":[0,0,1,1]},{"duration":20,"transform":{"skX":-3.6,"skY":-3.6},"curve":[0,0,1,1]},{"tweenEasing":null,"duration":0,"transform":{"skX":-6,"skY":-6}}],"name":"left arm"},{"frame":[{"duration":20,"transform":{},"curve":[0,0,1,1]},{"duration":20,"transform":{"skX":-356.4,"skY":-356.4},"curve":[0,0,1,1]},{"duration":20,"transform":{},"curve":[0,0,1,1]},{"duration":20,"transform":{"skX":-356.4,"skY":-356.4},"curve":[0,0,1,1]},{"duration":20,"transform":{},"curve":[0,0,1,1]},{"duration":20,"transform":{"skX":-356.4,"skY":-356.4},"curve":[0,0,1,1]},{"tweenEasing":null,"duration":0,"transform":{}}],"name":"bone10"},{"frame":[{"duration":60,"transform":{},"curve":[0.25,0,0.75,1]},{"duration":60,"transform":{"y":-10},"curve":[0.25,0,0.312,1]},{"tweenEasing":null,"duration":0,"transform":{}}],"name":"flame left"},{"frame":[{"duration":60,"transform":{},"curve":[0,0,1,1]},{"duration":60,"transform":{"y":-14},"curve":[0,0,1,1]},{"tweenEasing":null,"duration":0,"transform":{}}],"name":"flame right"},{"frame":[{"duration":60,"transform":{},"curve":[0,0,1,1]},{"duration":60,"transform":{"skX":-13.2,"skY":-13.2},"curve":[0,0,1,1]},{"tweenEasing":null,"duration":0,"transform":{}}],"name":"bone13"},{"frame":[{"duration":60,"transform":{},"curve":[0,0,1,1]},{"duration":60,"transform":{"skX":28.8,"skY":28.8},"curve":[0,0,1,1]},{"tweenEasing":null,"duration":0,"transform":{}}],"name":"bone14"},{"frame":[{"duration":60,"transform":{},"curve":[0,0,1,1]},{"duration":60,"transform":{"y":0.74,"skX":-14.4,"skY":-14.4,"x":7.92},"curve":[0,0,1,1]},{"tweenEasing":null,"duration":0,"transform":{}}],"name":"bone15"},{"frame":[{"duration":60,"transform":{},"curve":[0,0,1,1]},{"duration":60,"transform":{"y":-0.47,"skX":8.4,"skY":8.4,"x":3.93},"curve":[0,0,1,1]},{"tweenEasing":null,"duration":0,"transform":{}}],"name":"bone18"},{"frame":[{"duration":60,"transform":{},"curve":[0,0,1,1]},{"duration":60,"transform":{"y":-0.23,"skX":-32.4,"skY":-32.4,"x":1.94},"curve":[0,0,1,1]},{"tweenEasing":null,"duration":0,"transform":{}}],"name":"bone16"},{"frame":[{"duration":60,"transform":{},"curve":[0,0,1,1]},{"duration":60,"transform":{"y":0.24,"skX":33.6,"skY":33.6,"x":-2.03},"curve":[0,0,1,1]},{"tweenEasing":null,"duration":0,"transform":{}}],"name":"bone17"},{"frame":[{"duration":20,"transform":{},"curve":[0,0,1,1]},{"duration":20,"transform":{"skX":-379.2,"skY":-379.2},"curve":[0,0,1,1]},{"duration":20,"transform":{},"curve":[0,0,1,1]},{"duration":20,"transform":{"skX":-379.2,"skY":-379.2},"curve":[0,0,1,1]},{"duration":20,"transform":{},"curve":[0,0,1,1]},{"duration":20,"transform":{"skX":-379.2,"skY":-379.2},"curve":[0,0,1,1]},{"tweenEasing":null,"duration":0,"transform":{}}],"name":"bone20"},{"frame":[{"duration":20,"transform":{},"curve":[0,0,1,1]},{"duration":20,"transform":{"skX":-345.6,"skY":-345.6},"curve":[0,0,1,1]},{"duration":20,"transform":{},"curve":[0,0,1,1]},{"duration":20,"transform":{"skX":-345.6,"skY":-345.6},"curve":[0,0,1,1]},{"duration":20,"transform":{},"curve":[0,0,1,1]},{"duration":20,"transform":{"skX":-345.6,"skY":-345.6},"curve":[0,0,1,1]},{"tweenEasing":null,"duration":0,"transform":{}}],"name":"bone22"},{"frame":[{"duration":20,"transform":{},"curve":[0.25,0,0.75,1]},{"duration":20,"transform":{"scX":0.82},"curve":[0.25,0,0.75,1]},{"duration":20,"transform":{},"curve":[0.25,0,0.75,1]},{"duration":20,"transform":{"scX":0.82},"curve":[0.25,0,0.75,1]},{"duration":20,"transform":{},"curve":[0.25,0,0.75,1]},{"duration":20,"transform":{"scX":0.82},"curve":[0.25,0,0.75,1]},{"tweenEasing":null,"duration":0,"transform":{}}],"name":"shadow"},{"frame":[{"tweenEasing":null,"duration":120,"transform":{"skX":-8.4,"skY":-8.4}}],"name":"head"},{"frame":[{"duration":120,"transform":{},"tweenEasing":null}],"name":"root"},{"frame":[{"duration":120,"transform":{},"tweenEasing":null}],"name":"chest main"},{"frame":[{"duration":120,"transform":{},"tweenEasing":null}],"name":"bone19"},{"frame":[{"duration":120,"transform":{},"tweenEasing":null}],"name":"chest"},{"frame":[{"duration":120,"transform":{},"tweenEasing":null}],"name":"bone21"},{"frame":[{"duration":120,"transform":{},"tweenEasing":null}],"name":"bone3"},{"frame":[{"duration":120,"transform":{},"tweenEasing":null}],"name":"bone4"},{"frame":[{"duration":120,"transform":{},"tweenEasing":null}],"name":"bone9"},{"frame":[{"duration":120,"transform":{},"tweenEasing":null}],"name":"bone5"},{"frame":[{"duration":120,"transform":{},"tweenEasing":null}],"name":"bone8"},{"frame":[{"duration":120,"transform":{},"tweenEasing":null}],"name":"bone12"},{"frame":[{"duration":120,"transform":{},"tweenEasing":null}],"name":"bone11"}],"ffd":[],"playTimes":0,"slot":[],"name":"IdleWeak","duration":120}]}]}