{"SubTexture":[{"frameWidth":127,"y":245,"frameHeight":9,"frameY":-1,"width":125,"frameX":-1,"height":7,"name":"shadow","x":52},{"width":46,"y":178,"height":65,"name":"Left Wisp Copy","x":204},{"width":32,"y":1,"height":59,"name":"left Leg","x":214},{"width":42,"y":158,"height":47,"name":"Right Leg","x":52},{"width":76,"y":107,"height":94,"name":"Left ARm","x":126},{"width":49,"y":203,"height":45,"name":"head","x":1},{"width":123,"y":1,"height":155,"name":"Main Robe","x":1},{"width":86,"y":1,"height":104,"name":"Right Arm","x":126},{"frameWidth":17,"y":203,"frameHeight":30,"frameY":-1,"width":15,"frameX":-1,"height":28,"name":"seal","x":179},{"width":46,"y":107,"height":69,"name":"Right Wisp","x":204}],"width":256,"height":256,"name":"Jiangshi","imagePath":"Jiangshi_tex.png"}