{"frameRate":30,"isGlobal":0,"name":"ClockworkKnightD","version":"5.0","armature":[{"aabb":{"width":199.9998415969542,"y":-238.17357322225266,"height":247.00357322225267,"x":-120.27},"type":"Armature","bone":[{"name":"root","transform":{}},{"transform":{"y":-135.22,"x":-66.03},"name":"R_ClockR","parent":"root"},{"transform":{},"name":"R_Shadow","parent":"root"},{"transform":{"y":-127.28,"skX":79.34,"skY":79.34,"x":52.95},"name":"R_ClockL","parent":"root"},{"transform":{"y":-216.15,"x":18.39},"name":"Targ_Head","parent":"root"},{"transform":{"y":-137.82,"skX":90,"skY":90,"x":19.4},"name":"R_Body","parent":"root"},{"length":71,"transform":{"y":0.21,"skX":5.33,"skY":5.33,"x":-0.65},"parent":"R_Body","name":"SkirtArmor"},{"transform":{},"name":"ClockTime","parent":"R_ClockR"},{"length":13,"transform":{"y":-0.41,"skX":166.21,"skY":166.21,"x":0.06},"parent":"R_Body","name":"SpineA"},{"length":19,"transform":{"y":0.1,"skX":90.61,"skY":90.61,"x":-0.15},"parent":"R_ClockR","name":"ClockHandle_M"},{"length":14,"transform":{"skX":-88.28,"skY":-88.28},"parent":"R_ClockR","name":"ClockHandle_H"},{"length":14,"transform":{"y":-0.01,"skX":19.83,"skY":19.83,"x":13.27},"parent":"SpineA","name":"SpineB"},{"transform":{"y":-14.04,"skX":-15.45,"skY":-15.45,"x":12.53},"name":"SkirtArmorTransform","parent":"SkirtArmor"},{"length":105,"transform":{"y":-3.14,"skX":-6.19,"skY":-6.19,"x":10.21},"parent":"SkirtArmor","name":"Skirt"},{"length":16,"transform":{"y":0.28,"skX":-25.61,"skY":-25.61,"x":11.93},"parent":"SpineB","inheritRotation":0,"name":"ShoulderL"},{"transform":{"y":-15.42,"skX":-4.53,"skY":-4.53,"x":40.18},"name":"SkirtTransform","parent":"Skirt"},{"length":39,"transform":{"y":-12.95,"skX":-26.89,"skY":-26.89,"x":14.99},"parent":"SpineB","name":"Halo"},{"length":28,"transform":{"y":-0.21,"skX":-164.1,"skY":-164.1,"x":11.52},"parent":"SpineB","inheritRotation":0,"name":"ShoulderR"},{"length":19,"transform":{"y":17.45,"skX":98.51,"skY":98.51,"x":18.52},"parent":"ShoulderR","name":"R_Head"},{"length":41,"transform":{"y":-8.4,"skX":-15.99,"skY":-15.99,"x":34.1},"parent":"Halo","name":"HaloFlare"},{"transform":{"y":2.05,"x":12.93},"name":"GearL","parent":"ShoulderL"},{"transform":{"y":-2.1,"x":35.31},"name":"GearR","parent":"ShoulderR"}],"defaultActions":[{"gotoAndPlay":"Attack"}],"animation":[{"slot":[],"duration":30,"frame":[],"name":"Attack","bone":[{"frame":[{"duration":12,"tweenEasing":null,"transform":{"skX":-176.61,"skY":-176.61}},{"duration":3,"curve":[0,0,1,1],"transform":{"skX":-176.61,"skY":-176.61}},{"duration":4,"curve":[0,0,1,1],"transform":{"skX":-89.22,"skY":-89.22}},{"duration":4,"tweenEasing":null,"transform":{"skX":0.48,"skY":0.48}},{"duration":4,"curve":[0,0,1,1],"transform":{"skX":0.48,"skY":0.48}},{"duration":3,"curve":[0,0,1,1],"transform":{"skX":-262.72,"skY":-262.72}},{"duration":0,"tweenEasing":null,"transform":{"skX":-176.61,"skY":-176.61}}],"name":"ClockHandle_M"},{"frame":[{"duration":3,"curve":[0.25,0,0.75,1],"transform":{}},{"duration":9,"curve":[0,0,1,1],"transform":{"y":-7.92,"skX":-0.87,"skY":-0.87,"x":-3.62}},{"duration":4,"curve":[0,0,1,1],"transform":{"y":-13.74,"skX":18.72,"skY":18.72,"x":-5.65}},{"duration":6,"curve":[0,0,1,1],"transform":{"y":-13.74,"skX":10.82,"skY":10.82,"x":11.3}},{"duration":4,"curve":[0.25,0,0.625,0.5],"transform":{"y":-13.74,"skX":1.74,"skY":1.74,"x":17}},{"duration":4,"curve":[0.375,0.5,0.75,1],"transform":{"y":-5.72,"skX":0.22,"skY":0.22,"x":10.07}},{"duration":0,"tweenEasing":null,"transform":{}}],"name":"R_Body"},{"frame":[{"duration":3,"curve":[0,0,1,1],"transform":{}},{"duration":9,"curve":[0,0,1,1],"transform":{"x":7.55}},{"duration":4,"curve":[0,0,1,1],"transform":{"x":4.47}},{"duration":8,"curve":[0,0,1,1],"transform":{"skX":4.75,"skY":4.75,"x":61.35}},{"duration":6,"curve":[0,0,1,1],"transform":{"skX":14.25,"skY":14.25,"x":76.19}},{"duration":0,"tweenEasing":null,"transform":{}}],"name":"R_ClockR"},{"frame":[{"duration":3,"curve":[0,0,1,1],"transform":{}},{"duration":9,"curve":[0,0,1,1],"transform":{"x":2.64}},{"duration":4,"curve":[0,0,1,1],"transform":{"x":0.25}},{"duration":8,"curve":[0,0,1,1],"transform":{"skX":6.76,"skY":6.76,"x":16.46}},{"duration":6,"curve":[0,0,1,1],"transform":{"skX":20.28,"skY":20.28,"x":25.36}},{"duration":0,"tweenEasing":null,"transform":{}}],"name":"R_ClockL"},{"frame":[{"duration":6,"curve":[0,0,1,1],"transform":{}},{"duration":6,"curve":[0,0,1,1],"transform":{"skX":86.25,"skY":86.25}},{"duration":11,"tweenEasing":null,"transform":{"skX":179.25,"skY":179.25}},{"duration":4,"curve":[0,0,1,1],"transform":{"skX":179.25,"skY":179.25}},{"duration":3,"curve":[0,0,1,1],"transform":{"skX":-86.83,"skY":-86.83}},{"duration":0,"tweenEasing":null,"transform":{}}],"name":"ClockHandle_H"},{"frame":[{"duration":12,"curve":[0,0,1,1],"transform":{}},{"duration":6,"curve":[0,0,1,1],"transform":{"skX":-33.7,"skY":-33.7}},{"duration":12,"curve":[0,0,1,1],"transform":{"skX":-14,"skY":-14}},{"duration":0,"tweenEasing":null,"transform":{}}],"name":"SpineB"},{"frame":[{"duration":12,"curve":[0,0,1,1],"transform":{}},{"duration":4,"curve":[0,0,1,1],"transform":{"skX":-4.55,"skY":-4.55}},{"duration":6,"curve":[0,0,1,1],"transform":{"skX":-334.51,"skY":-334.51}},{"duration":8,"curve":[0,0,1,1],"transform":{"skX":-338.12,"skY":-338.12}},{"duration":0,"tweenEasing":null,"transform":{}}],"name":"SpineA"},{"frame":[{"duration":2,"curve":[0,0,1,1],"transform":{}},{"duration":10,"curve":[0,0,1,1],"transform":{}},{"duration":5,"curve":[0,0,1,1],"transform":{"skX":-8.14,"skY":-8.14}},{"duration":3,"curve":[0,0,1,1],"transform":{"skX":19.7,"skY":19.7}},{"duration":6,"curve":[0,0,1,1],"transform":{"skX":17.26,"skY":17.26}},{"duration":4,"curve":[0,0,1,1],"transform":{"skX":2.57,"skY":2.57}},{"duration":0,"tweenEasing":null,"transform":{}}],"name":"ShoulderR"},{"frame":[{"duration":2,"curve":[0,0,1,1],"transform":{}},{"duration":10,"curve":[0,0,1,1],"transform":{}},{"duration":4,"curve":[0,0,1,1],"transform":{"skX":-3.9,"skY":-3.9}},{"duration":4,"curve":[0,0,1,1],"transform":{"skX":18.6,"skY":18.6}},{"duration":10,"curve":[0,0,1,1],"transform":{"skX":13.11,"skY":13.11}},{"duration":0,"tweenEasing":null,"transform":{}}],"name":"ShoulderL"},{"frame":[{"duration":13,"curve":[0,0,1,1],"transform":{}},{"duration":3,"curve":[0,0,1,1],"transform":{}},{"duration":6,"curve":[0,0,1,1],"transform":{"x":-2.3}},{"duration":8,"tweenEasing":null,"transform":{}}],"name":"GearR"},{"frame":[{"duration":12,"curve":[0,0,1,1],"transform":{}},{"duration":4,"curve":[0,0,1,1],"transform":{}},{"duration":6,"curve":[0,0,1,1],"transform":{"x":-1.29}},{"duration":8,"tweenEasing":null,"transform":{}}],"name":"GearL"},{"frame":[{"duration":12,"curve":[0,0,1,1],"transform":{}},{"duration":6,"curve":[0,0,1,1],"transform":{}},{"duration":8,"curve":[0,0,1,1],"transform":{"skX":7.88,"skY":7.88}},{"duration":4,"curve":[0,0,1,1],"transform":{"skX":-5.45,"skY":-5.45}},{"duration":0,"tweenEasing":null,"transform":{}}],"name":"HaloFlare"},{"frame":[{"duration":17,"curve":[0,0,1,1],"transform":{}},{"duration":7,"curve":[0,0,1,1],"transform":{"skX":8.05,"skY":8.05}},{"duration":2,"curve":[0,0,1,1],"transform":{"skX":-7.3,"skY":-7.3}},{"duration":4,"curve":[0,0,1,1],"transform":{"skX":-6.49,"skY":-6.49}},{"duration":0,"tweenEasing":null,"transform":{}}],"name":"Skirt"},{"frame":[{"duration":12,"curve":[0,0,1,1],"transform":{}},{"duration":3,"curve":[0,0,1,1],"transform":{"y":-44.71,"x":-34.87}},{"duration":15,"curve":[0,0,1,1],"transform":{"y":-25.76,"x":40.85}},{"duration":0,"tweenEasing":null,"transform":{}}],"name":"Targ_Head"},{"frame":[{"duration":10,"curve":[0,0,1,1],"transform":{}},{"duration":6,"curve":[0,0,1,1],"transform":{}},{"duration":6,"curve":[0,0,1,1],"transform":{"y":-6.54,"skX":-11.14,"skY":-11.14,"x":-2.03}},{"duration":8,"curve":[0,0,1,1],"transform":{"y":-4.15,"skX":-10.67,"skY":-10.67,"x":-2.17}},{"duration":0,"tweenEasing":null,"transform":{}}],"name":"SkirtArmorTransform"},{"frame":[{"duration":11,"curve":[0,0,1,1],"transform":{}},{"duration":4,"curve":[0,0,1,1],"transform":{}},{"duration":8,"tweenEasing":null,"transform":{"y":-20.22,"x":-1.6}},{"duration":7,"curve":[0,0,1,1],"transform":{"y":-20.22,"x":-1.6}},{"duration":0,"tweenEasing":null,"transform":{}}],"name":"SkirtTransform"},{"frame":[{"duration":16,"curve":[0,0,1,1],"transform":{}},{"duration":3,"curve":[0,0,1,1],"transform":{}},{"duration":11,"curve":[0.25,0,0.75,1],"transform":{"skX":-10.47,"skY":-10.47}},{"duration":0,"tweenEasing":null,"transform":{}}],"name":"SkirtArmor"},{"frame":[{"duration":4,"curve":[0,0,1,1],"transform":{}},{"duration":8,"curve":[0,0,1,1],"transform":{"scX":0.953}},{"duration":12,"curve":[0,0,1,1],"transform":{"scX":0.953,"x":-23.74}},{"duration":6,"curve":[0,0,1,1],"transform":{"scX":0.953,"x":38.58}},{"duration":0,"tweenEasing":null,"transform":{}}],"name":"R_Shadow"},{"frame":[{"duration":30,"tweenEasing":null,"transform":{}}],"name":"root"},{"frame":[{"duration":30,"tweenEasing":null,"transform":{}}],"name":"ClockTime"},{"frame":[{"duration":30,"tweenEasing":null,"transform":{}}],"name":"Halo"},{"frame":[{"duration":30,"tweenEasing":null,"transform":{}}],"name":"R_Head"}],"ffd":[]},{"slot":[],"duration":14,"frame":[],"name":"Damage","bone":[{"frame":[{"duration":2,"curve":[0,0,1,1],"transform":{}},{"duration":2,"curve":[0,0,1,1],"transform":{"y":1.79,"skX":-8.07,"skY":-8.07,"x":-28.07}},{"duration":10,"curve":[0,0,1,1],"transform":{"y":1.54,"skX":-2.72,"skY":-2.72,"x":-27.2}},{"duration":0,"tweenEasing":null,"transform":{}}],"name":"R_Body"},{"frame":[{"duration":2,"curve":[0,0,1,1],"transform":{}},{"duration":4,"curve":[0,0,1,1],"transform":{"skX":-342.06,"skY":-342.06}},{"duration":8,"tweenEasing":null,"transform":{}},{"duration":0,"tweenEasing":null,"transform":{}}],"name":"SpineA"},{"frame":[{"duration":2,"curve":[0,0,1,1],"transform":{}},{"duration":4,"curve":[0,0,1,1],"transform":{"skX":6.01,"skY":6.01}},{"duration":4,"curve":[0,0,1,1],"transform":{"skX":-6,"skY":-6}},{"duration":4,"curve":[0,0,1,1],"transform":{"skX":-6.75,"skY":-6.75}},{"duration":0,"tweenEasing":null,"transform":{}}],"name":"SpineB"},{"frame":[{"duration":2,"curve":[0,0,1,1],"transform":{}},{"duration":2,"curve":[0,0,1,1],"transform":{"skX":9.57,"skY":9.57}},{"duration":10,"curve":[0,0,1,1],"transform":{"skX":-9.81,"skY":-9.81}},{"duration":0,"tweenEasing":null,"transform":{}}],"name":"ShoulderL"},{"frame":[{"duration":2,"curve":[0,0,1,1],"transform":{}},{"duration":2,"curve":[0,0,1,1],"transform":{"skX":15.24,"skY":15.24}},{"duration":6,"curve":[0,0,1,1],"transform":{"skX":-7.39,"skY":-7.39}},{"duration":4,"curve":[0,0,1,1],"transform":{"skX":-4.79,"skY":-4.79}},{"duration":0,"tweenEasing":null,"transform":{}}],"name":"ShoulderR"},{"frame":[{"duration":2,"curve":[0,0,1,1],"transform":{}},{"duration":4,"curve":[0,0,1,1],"transform":{"skX":-7.59,"skY":-7.59,"x":-5.15}},{"duration":8,"curve":[0,0,1,1],"transform":{"skX":0.11,"skY":0.11,"x":-10.16}},{"duration":0,"tweenEasing":null,"transform":{}}],"name":"R_ClockR"},{"frame":[{"duration":2,"curve":[0,0,1,1],"transform":{}},{"duration":4,"curve":[0,0,1,1],"transform":{"skX":-9.97,"skY":-9.97,"x":-5.6}},{"duration":8,"curve":[0,0,1,1],"transform":{"skX":11.67,"skY":11.67,"x":-6.62}},{"duration":0,"tweenEasing":null,"transform":{}}],"name":"R_ClockL"},{"frame":[{"duration":3,"curve":[0,0,1,1],"transform":{"skX":-176.61,"skY":-176.61}},{"duration":3,"curve":[0,0,1,1],"transform":{"skX":-206.95,"skY":-206.95}},{"duration":7,"curve":[0,0,1,1],"transform":{"skX":38.31,"skY":38.31}},{"duration":1,"tweenEasing":null,"transform":{"skX":-176.61,"skY":-176.61}}],"name":"ClockHandle_M"},{"frame":[{"duration":2,"curve":[0,0,1,1],"transform":{}},{"duration":2,"curve":[0,0,1,1],"transform":{}},{"duration":8,"curve":[0,0,1,1],"transform":{"y":3.22,"x":-0.2}},{"duration":2,"tweenEasing":null,"transform":{}}],"name":"SkirtTransform"},{"frame":[{"duration":2,"curve":[0,0,1,1],"transform":{}},{"duration":2,"curve":[0,0,1,1],"transform":{}},{"duration":8,"curve":[0,0,1,1],"transform":{"y":2.86,"x":0.13}},{"duration":2,"tweenEasing":null,"transform":{}}],"name":"SkirtArmorTransform"},{"frame":[{"duration":2,"curve":[0,0,1,1],"transform":{}},{"duration":2,"curve":[0,0,1,1],"transform":{}},{"duration":8,"curve":[0,0,1,1],"transform":{"y":-26.13,"x":-43.85}},{"duration":2,"tweenEasing":null,"transform":{}}],"name":"Targ_Head"},{"frame":[{"duration":4,"curve":[0,0,1,1],"transform":{}},{"duration":2,"curve":[0,0,1,1],"transform":{"skX":-39.8,"skY":-39.8}},{"duration":8,"tweenEasing":null,"transform":{}}],"name":"ClockHandle_H"},{"frame":[{"duration":2,"curve":[0,0,1,1],"transform":{}},{"duration":4,"curve":[0,0,1,1],"transform":{"skX":-5.15,"skY":-5.15}},{"duration":6,"curve":[0,0,1,1],"transform":{"skX":6.78,"skY":6.78}},{"duration":2,"tweenEasing":null,"transform":{}}],"name":"Skirt"},{"frame":[{"duration":14,"tweenEasing":null,"transform":{}}],"name":"root"},{"frame":[{"duration":14,"tweenEasing":null,"transform":{}}],"name":"R_Shadow"},{"frame":[{"duration":14,"tweenEasing":null,"transform":{}}],"name":"ClockTime"},{"frame":[{"duration":14,"tweenEasing":null,"transform":{}}],"name":"SkirtArmor"},{"frame":[{"duration":14,"tweenEasing":null,"transform":{}}],"name":"Halo"},{"frame":[{"duration":14,"tweenEasing":null,"transform":{}}],"name":"R_Head"},{"frame":[{"duration":14,"tweenEasing":null,"transform":{}}],"name":"HaloFlare"},{"frame":[{"duration":14,"tweenEasing":null,"transform":{}}],"name":"GearL"},{"frame":[{"duration":14,"tweenEasing":null,"transform":{}}],"name":"GearR"}],"ffd":[]},{"slot":[],"duration":60,"frame":[],"name":"Idle","bone":[{"frame":[{"duration":10,"curve":[0,0,1,1],"transform":{}},{"duration":15,"curve":[0.25,0,0.75,1],"transform":{"y":-4.86,"skX":1.19,"skY":1.19}},{"duration":5,"curve":[0,0,1,1],"transform":{"y":4.21,"skX":-1.55,"skY":-1.55}},{"duration":10,"curve":[0,0,1,1],"transform":{}},{"duration":15,"curve":[0.25,0,0.75,1],"transform":{"y":-4.86,"skX":1.19,"skY":1.19}},{"duration":5,"curve":[0,0,1,1],"transform":{"y":4.21,"skX":-1.55,"skY":-1.55}},{"duration":0,"tweenEasing":null,"transform":{}}],"name":"R_Body"},{"frame":[{"duration":35,"curve":[0.398,0.25,0.763,0.9],"transform":{}},{"duration":25,"curve":[0.398,0.25,0.763,0.9],"transform":{"y":6.46,"skX":-0.92,"skY":-0.92}},{"duration":0,"tweenEasing":null,"transform":{}}],"name":"R_ClockR"},{"frame":[{"duration":35,"curve":[0.398,0.25,0.763,0.9],"transform":{}},{"duration":25,"curve":[0.398,0.25,0.763,0.9],"transform":{"y":3.34,"skX":-0.92,"skY":-0.92}},{"duration":0,"tweenEasing":null,"transform":{}}],"name":"R_ClockL"},{"frame":[{"duration":4,"curve":[0.25,0,0.75,1],"transform":{}},{"duration":14,"curve":[0.25,0,0.75,1],"transform":{"skX":-0.71,"skY":-0.71}},{"duration":12,"curve":[0.25,0,0.75,1],"transform":{"skX":2.32,"skY":2.32}},{"duration":4,"curve":[0.25,0,0.75,1],"transform":{}},{"duration":14,"curve":[0.25,0,0.75,1],"transform":{"skX":-0.71,"skY":-0.71}},{"duration":12,"curve":[0.25,0,0.75,1],"transform":{"skX":2.32,"skY":2.32}},{"duration":0,"tweenEasing":null,"transform":{}}],"name":"ShoulderR"},{"frame":[{"duration":4,"curve":[0.25,0,0.75,1],"transform":{}},{"duration":14,"curve":[0.25,0,0.75,1],"transform":{"skX":1.28,"skY":1.28}},{"duration":12,"curve":[0.25,0,0.75,1],"transform":{"skX":-4.33,"skY":-4.33}},{"duration":4,"curve":[0.25,0,0.75,1],"transform":{}},{"duration":14,"curve":[0.25,0,0.75,1],"transform":{"skX":1.28,"skY":1.28}},{"duration":12,"curve":[0.25,0,0.75,1],"transform":{"skX":-4.33,"skY":-4.33}},{"duration":0,"tweenEasing":null,"transform":{}}],"name":"ShoulderL"},{"frame":[{"duration":13,"curve":[0.25,0,0.75,1],"transform":{}},{"duration":17,"curve":[0,0,1,1],"transform":{"skX":2.91,"skY":2.91}},{"duration":13,"curve":[0.25,0,0.75,1],"transform":{}},{"duration":17,"curve":[0,0,1,1],"transform":{"skX":2.91,"skY":2.91}},{"duration":0,"tweenEasing":null,"transform":{}}],"name":"SpineA"},{"frame":[{"duration":13,"curve":[0.25,0,0.75,1],"transform":{}},{"duration":17,"curve":[0.25,0,0.44,1.08],"transform":{"skX":-6.59,"skY":-6.59}},{"duration":13,"curve":[0.25,0,0.75,1],"transform":{}},{"duration":17,"curve":[0.25,0,0.44,1.08],"transform":{"skX":-6.59,"skY":-6.59}},{"duration":0,"tweenEasing":null,"transform":{}}],"name":"SpineB"},{"frame":[{"duration":13,"curve":[0.498,0.08,0.75,1],"transform":{}},{"duration":8,"curve":[0,0,1,1],"transform":{"skX":2.61,"skY":2.61}},{"duration":9,"curve":[0,0,1,1],"transform":{"skX":2,"skY":2}},{"duration":13,"curve":[0.498,0.08,0.75,1],"transform":{}},{"duration":8,"curve":[0,0,1,1],"transform":{"skX":2.61,"skY":2.61}},{"duration":9,"curve":[0,0,1,1],"transform":{"skX":2,"skY":2}},{"duration":0,"tweenEasing":null,"transform":{}}],"name":"Skirt"},{"frame":[{"duration":15,"curve":[0,0,1,1],"transform":{}},{"duration":15,"curve":[0,0,1,1],"transform":{"y":1.3,"x":0.05}},{"duration":15,"curve":[0,0,1,1],"transform":{}},{"duration":15,"curve":[0,0,1,1],"transform":{"y":1.3,"x":0.05}},{"duration":0,"tweenEasing":null,"transform":{}}],"name":"SkirtTransform"},{"frame":[{"duration":18,"curve":[0.25,0,0.776,0.82],"transform":{}},{"duration":12,"curve":[0,0,1,1],"transform":{"y":1.29,"x":0.12}},{"duration":18,"curve":[0.25,0,0.776,0.82],"transform":{}},{"duration":12,"curve":[0,0,1,1],"transform":{"y":1.29,"x":0.12}},{"duration":0,"tweenEasing":null,"transform":{}}],"name":"SkirtArmorTransform"},{"frame":[{"duration":15,"curve":[0,0,1,1],"transform":{"skX":-176.61,"skY":-176.61}},{"duration":15,"curve":[0,0,1,1],"transform":{"skX":-93.88,"skY":-93.88}},{"duration":15,"curve":[0,0,1,1],"transform":{"skX":0.68,"skY":0.68}},{"duration":15,"curve":[0,0,1,1],"transform":{"skX":-268.57,"skY":-268.57}},{"duration":0,"tweenEasing":null,"transform":{"skX":-176.61,"skY":-176.61}}],"name":"ClockHandle_M"},{"frame":[{"duration":10,"curve":[0,0,1,1],"transform":{}},{"duration":16,"curve":[0,0,1,1],"transform":{"scX":0.949}},{"duration":4,"curve":[0,0,1,1],"transform":{"scX":1.021}},{"duration":10,"curve":[0,0,1,1],"transform":{}},{"duration":16,"curve":[0,0,1,1],"transform":{"scX":0.949}},{"duration":4,"curve":[0,0,1,1],"transform":{"scX":1.021}},{"duration":0,"tweenEasing":null,"transform":{}}],"name":"R_Shadow"},{"frame":[{"duration":60,"tweenEasing":null,"transform":{}}],"name":"root"},{"frame":[{"duration":60,"tweenEasing":null,"transform":{}}],"name":"Targ_Head"},{"frame":[{"duration":60,"tweenEasing":null,"transform":{}}],"name":"ClockTime"},{"frame":[{"duration":60,"tweenEasing":null,"transform":{}}],"name":"SkirtArmor"},{"frame":[{"duration":60,"tweenEasing":null,"transform":{}}],"name":"ClockHandle_H"},{"frame":[{"duration":60,"tweenEasing":null,"transform":{}}],"name":"Halo"},{"frame":[{"duration":60,"tweenEasing":null,"transform":{}}],"name":"R_Head"},{"frame":[{"duration":60,"tweenEasing":null,"transform":{}}],"name":"HaloFlare"},{"frame":[{"duration":60,"tweenEasing":null,"transform":{}}],"name":"GearL"},{"frame":[{"duration":60,"tweenEasing":null,"transform":{}}],"name":"GearR"}],"ffd":[]},{"slot":[],"duration":60,"frame":[],"name":"IdleR","bone":[{"frame":[{"duration":10,"curve":[0,0,1,1],"transform":{}},{"duration":15,"curve":[0.25,0,0.75,1],"transform":{"y":-4.86,"skX":1.19,"skY":1.19}},{"duration":5,"curve":[0,0,1,1],"transform":{"y":4.21,"skX":-1.55,"skY":-1.55}},{"duration":10,"curve":[0,0,1,1],"transform":{}},{"duration":15,"curve":[0.25,0,0.75,1],"transform":{"y":-4.86,"skX":1.19,"skY":1.19}},{"duration":5,"curve":[0,0,1,1],"transform":{"y":4.21,"skX":-1.55,"skY":-1.55}},{"duration":0,"tweenEasing":null,"transform":{}}],"name":"R_Body"},{"frame":[{"duration":35,"curve":[0.398,0.25,0.763,0.9],"transform":{}},{"duration":25,"curve":[0.398,0.25,0.763,0.9],"transform":{"y":6.46,"skX":-0.92,"skY":-0.92}},{"duration":0,"tweenEasing":null,"transform":{}}],"name":"R_ClockR"},{"frame":[{"duration":35,"curve":[0.398,0.25,0.763,0.9],"transform":{}},{"duration":25,"curve":[0.398,0.25,0.763,0.9],"transform":{"y":3.34,"skX":-0.92,"skY":-0.92}},{"duration":0,"tweenEasing":null,"transform":{}}],"name":"R_ClockL"},{"frame":[{"duration":4,"curve":[0.25,0,0.75,1],"transform":{}},{"duration":14,"curve":[0.25,0,0.75,1],"transform":{"skX":-0.71,"skY":-0.71}},{"duration":12,"curve":[0.25,0,0.75,1],"transform":{"skX":2.32,"skY":2.32}},{"duration":4,"curve":[0.25,0,0.75,1],"transform":{}},{"duration":14,"curve":[0.25,0,0.75,1],"transform":{"skX":-0.71,"skY":-0.71}},{"duration":12,"curve":[0.25,0,0.75,1],"transform":{"skX":2.32,"skY":2.32}},{"duration":0,"tweenEasing":null,"transform":{}}],"name":"ShoulderR"},{"frame":[{"duration":4,"curve":[0.25,0,0.75,1],"transform":{}},{"duration":14,"curve":[0.25,0,0.75,1],"transform":{"skX":1.28,"skY":1.28}},{"duration":12,"curve":[0.25,0,0.75,1],"transform":{"skX":-4.33,"skY":-4.33}},{"duration":4,"curve":[0.25,0,0.75,1],"transform":{}},{"duration":14,"curve":[0.25,0,0.75,1],"transform":{"skX":1.28,"skY":1.28}},{"duration":12,"curve":[0.25,0,0.75,1],"transform":{"skX":-4.33,"skY":-4.33}},{"duration":0,"tweenEasing":null,"transform":{}}],"name":"ShoulderL"},{"frame":[{"duration":13,"curve":[0.25,0,0.75,1],"transform":{}},{"duration":17,"curve":[0,0,1,1],"transform":{"skX":2.91,"skY":2.91}},{"duration":13,"curve":[0.25,0,0.75,1],"transform":{}},{"duration":17,"curve":[0,0,1,1],"transform":{"skX":2.91,"skY":2.91}},{"duration":0,"tweenEasing":null,"transform":{}}],"name":"SpineA"},{"frame":[{"duration":13,"curve":[0.25,0,0.75,1],"transform":{}},{"duration":17,"curve":[0.25,0,0.44,1.08],"transform":{"skX":-6.59,"skY":-6.59}},{"duration":13,"curve":[0.25,0,0.75,1],"transform":{}},{"duration":17,"curve":[0.25,0,0.44,1.08],"transform":{"skX":-6.59,"skY":-6.59}},{"duration":0,"tweenEasing":null,"transform":{}}],"name":"SpineB"},{"frame":[{"duration":13,"curve":[0.498,0.08,0.75,1],"transform":{}},{"duration":8,"curve":[0,0,1,1],"transform":{"skX":2.61,"skY":2.61}},{"duration":9,"curve":[0,0,1,1],"transform":{"skX":2,"skY":2}},{"duration":13,"curve":[0.498,0.08,0.75,1],"transform":{}},{"duration":8,"curve":[0,0,1,1],"transform":{"skX":2.61,"skY":2.61}},{"duration":9,"curve":[0,0,1,1],"transform":{"skX":2,"skY":2}},{"duration":0,"tweenEasing":null,"transform":{}}],"name":"Skirt"},{"frame":[{"duration":15,"curve":[0,0,1,1],"transform":{}},{"duration":15,"curve":[0,0,1,1],"transform":{"y":1.3,"x":0.05}},{"duration":15,"curve":[0,0,1,1],"transform":{}},{"duration":15,"curve":[0,0,1,1],"transform":{"y":1.3,"x":0.05}},{"duration":0,"tweenEasing":null,"transform":{}}],"name":"SkirtTransform"},{"frame":[{"duration":18,"curve":[0.25,0,0.776,0.82],"transform":{}},{"duration":12,"curve":[0,0,1,1],"transform":{"y":1.29,"x":0.12}},{"duration":18,"curve":[0.25,0,0.776,0.82],"transform":{}},{"duration":12,"curve":[0,0,1,1],"transform":{"y":1.29,"x":0.12}},{"duration":0,"tweenEasing":null,"transform":{}}],"name":"SkirtArmorTransform"},{"frame":[{"duration":15,"curve":[0,0,1,1],"transform":{"skX":-176.61,"skY":-176.61}},{"duration":15,"curve":[0,0,1,1],"transform":{"skX":-268.57,"skY":-268.57}},{"duration":15,"curve":[0,0,1,1],"transform":{"skX":0.68,"skY":0.68}},{"duration":15,"curve":[0,0,1,1],"transform":{"skX":-93.88,"skY":-93.88}},{"duration":0,"tweenEasing":null,"transform":{"skX":-176.61,"skY":-176.61}}],"name":"ClockHandle_M"},{"frame":[{"duration":10,"curve":[0,0,1,1],"transform":{}},{"duration":16,"curve":[0,0,1,1],"transform":{"scX":0.949}},{"duration":4,"curve":[0,0,1,1],"transform":{"scX":1.021}},{"duration":10,"curve":[0,0,1,1],"transform":{}},{"duration":16,"curve":[0,0,1,1],"transform":{"scX":0.949}},{"duration":4,"curve":[0,0,1,1],"transform":{"scX":1.021}},{"duration":0,"tweenEasing":null,"transform":{}}],"name":"R_Shadow"},{"frame":[{"duration":60,"tweenEasing":null,"transform":{}}],"name":"root"},{"frame":[{"duration":60,"tweenEasing":null,"transform":{}}],"name":"Targ_Head"},{"frame":[{"duration":60,"tweenEasing":null,"transform":{}}],"name":"ClockTime"},{"frame":[{"duration":60,"tweenEasing":null,"transform":{}}],"name":"SkirtArmor"},{"frame":[{"duration":60,"tweenEasing":null,"transform":{}}],"name":"ClockHandle_H"},{"frame":[{"duration":60,"tweenEasing":null,"transform":{}}],"name":"Halo"},{"frame":[{"duration":60,"tweenEasing":null,"transform":{}}],"name":"R_Head"},{"frame":[{"duration":60,"tweenEasing":null,"transform":{}}],"name":"HaloFlare"},{"frame":[{"duration":60,"tweenEasing":null,"transform":{}}],"name":"GearL"},{"frame":[{"duration":60,"tweenEasing":null,"transform":{}}],"name":"GearR"}],"ffd":[]},{"slot":[],"duration":30,"frame":[],"name":"IdleWeak","bone":[{"frame":[{"duration":14,"curve":[0,0,1,1],"transform":{"y":7.32}},{"duration":10,"curve":[0.366,0.07,0.084,0.9],"transform":{"y":2.45,"skX":1.19,"skY":1.19}},{"duration":6,"curve":[0,0,1,1],"transform":{"y":11.52,"skX":-1.55,"skY":-1.55}},{"duration":0,"tweenEasing":null,"transform":{"y":7.32}}],"name":"R_Body"},{"frame":[{"duration":15,"curve":[0.398,0.25,0.763,0.9],"transform":{"skX":12.58,"skY":12.58,"x":8.94}},{"duration":15,"curve":[0.398,0.25,0.763,0.9],"transform":{"y":6.46,"skX":11.66,"skY":11.66,"x":8.94}},{"duration":0,"tweenEasing":null,"transform":{"skX":12.58,"skY":12.58,"x":8.94}}],"name":"R_ClockR"},{"frame":[{"duration":12,"curve":[0.398,0.25,0.763,0.9],"transform":{"skX":15.17,"skY":15.17,"x":-2.98}},{"duration":18,"curve":[0.398,0.25,0.763,0.9],"transform":{"y":3.34,"skX":14.25,"skY":14.25,"x":-2.98}},{"duration":0,"tweenEasing":null,"transform":{"skX":15.17,"skY":15.17,"x":-2.98}}],"name":"R_ClockL"},{"frame":[{"duration":10,"curve":[0.384,0.48,0.724,0.88],"transform":{"skX":-10.95,"skY":-10.95}},{"duration":7,"curve":[0.25,0,0.75,1],"transform":{"skX":-9.13,"skY":-9.13}},{"duration":6,"curve":[0.244,0,0.643,0.58],"transform":{"skX":-6.09,"skY":-6.09}},{"duration":7,"curve":[0.36,0.22,0.703,0.65],"transform":{"skX":-14.33,"skY":-14.33}},{"duration":0,"tweenEasing":null,"transform":{"skX":-10.95,"skY":-10.95}}],"name":"ShoulderR"},{"frame":[{"duration":10,"curve":[0.384,0.48,0.724,0.88],"transform":{"skX":12.77,"skY":12.77}},{"duration":7,"curve":[0.25,0,0.75,1],"transform":{"skX":10.36,"skY":10.36}},{"duration":6,"curve":[0.244,0,0.643,0.58],"transform":{"skX":4.75,"skY":4.75}},{"duration":7,"curve":[0.36,0.22,0.703,0.65],"transform":{"skX":17.7,"skY":17.7}},{"duration":0,"tweenEasing":null,"transform":{"skX":12.77,"skY":12.77}}],"name":"ShoulderL"},{"frame":[{"duration":13,"curve":[0.25,0,0.75,1],"transform":{}},{"duration":17,"curve":[0,0,1,1],"transform":{"skX":2.91,"skY":2.91}},{"duration":0,"tweenEasing":null,"transform":{}}],"name":"SpineA"},{"frame":[{"duration":13,"curve":[0.25,0,0.75,1],"transform":{}},{"duration":17,"curve":[0.25,0,0.44,1.08],"transform":{"skX":-6.59,"skY":-6.59}},{"duration":0,"tweenEasing":null,"transform":{}}],"name":"SpineB"},{"frame":[{"duration":19,"curve":[0.498,0.08,0.75,1],"transform":{}},{"duration":11,"curve":[0,0,1,1],"transform":{"skX":3.47,"skY":3.47}},{"duration":0,"tweenEasing":null,"transform":{}}],"name":"Skirt"},{"frame":[{"duration":15,"curve":[0,0,1,1],"transform":{}},{"duration":15,"curve":[0,0,1,1],"transform":{"y":1.3,"x":0.05}},{"duration":0,"tweenEasing":null,"transform":{}}],"name":"SkirtTransform"},{"frame":[{"duration":18,"curve":[0.25,0,0.776,0.82],"transform":{}},{"duration":12,"curve":[0,0,1,1],"transform":{"y":1.29,"x":0.12}},{"duration":0,"tweenEasing":null,"transform":{}}],"name":"SkirtArmorTransform"},{"frame":[{"duration":4,"tweenEasing":null,"transform":{"skX":-176.61,"skY":-176.61}},{"duration":7,"tweenEasing":null,"transform":{"skX":-221.24,"skY":-221.24}},{"duration":6,"tweenEasing":null,"transform":{"skX":36.98,"skY":36.98}},{"duration":8,"tweenEasing":null,"transform":{"skX":-37.14,"skY":-37.14}},{"duration":5,"tweenEasing":null,"transform":{"skX":-121.45,"skY":-121.45}},{"duration":0,"tweenEasing":null,"transform":{"skX":-176.61,"skY":-176.61}}],"name":"ClockHandle_M"},{"frame":[{"duration":30,"tweenEasing":null,"transform":{"skX":-7.57,"skY":-7.57}}],"name":"Halo"},{"frame":[{"duration":15,"curve":[0,0,1,1],"transform":{}},{"duration":10,"curve":[0.263,0,0.431,0.97],"transform":{"scX":0.949}},{"duration":5,"curve":[0,0,1,1],"transform":{"scX":1.033}},{"duration":0,"tweenEasing":null,"transform":{}}],"name":"R_Shadow"},{"frame":[{"duration":30,"tweenEasing":null,"transform":{}}],"name":"root"},{"frame":[{"duration":30,"tweenEasing":null,"transform":{}}],"name":"Targ_Head"},{"frame":[{"duration":30,"tweenEasing":null,"transform":{}}],"name":"ClockTime"},{"frame":[{"duration":30,"tweenEasing":null,"transform":{}}],"name":"SkirtArmor"},{"frame":[{"duration":30,"tweenEasing":null,"transform":{}}],"name":"ClockHandle_H"},{"frame":[{"duration":30,"tweenEasing":null,"transform":{}}],"name":"R_Head"},{"frame":[{"duration":30,"tweenEasing":null,"transform":{}}],"name":"HaloFlare"},{"frame":[{"duration":30,"tweenEasing":null,"transform":{}}],"name":"GearL"},{"frame":[{"duration":30,"tweenEasing":null,"transform":{}}],"name":"GearR"}],"ffd":[]},{"slot":[],"duration":30,"frame":[],"name":"IdleWeakR","bone":[{"frame":[{"duration":14,"curve":[0,0,1,1],"transform":{"y":7.32}},{"duration":10,"curve":[0.366,0.07,0.084,0.9],"transform":{"y":2.45,"skX":1.19,"skY":1.19}},{"duration":6,"curve":[0,0,1,1],"transform":{"y":11.52,"skX":-1.55,"skY":-1.55}},{"duration":0,"tweenEasing":null,"transform":{"y":7.32}}],"name":"R_Body"},{"frame":[{"duration":15,"curve":[0.398,0.25,0.763,0.9],"transform":{"skX":12.58,"skY":12.58,"x":8.94}},{"duration":15,"curve":[0.398,0.25,0.763,0.9],"transform":{"y":6.46,"skX":11.66,"skY":11.66,"x":8.94}},{"duration":0,"tweenEasing":null,"transform":{"skX":12.58,"skY":12.58,"x":8.94}}],"name":"R_ClockR"},{"frame":[{"duration":12,"curve":[0.398,0.25,0.763,0.9],"transform":{"skX":15.17,"skY":15.17,"x":-2.98}},{"duration":18,"curve":[0.398,0.25,0.763,0.9],"transform":{"y":3.34,"skX":14.25,"skY":14.25,"x":-2.98}},{"duration":0,"tweenEasing":null,"transform":{"skX":15.17,"skY":15.17,"x":-2.98}}],"name":"R_ClockL"},{"frame":[{"duration":10,"curve":[0.384,0.48,0.724,0.88],"transform":{"skX":-10.95,"skY":-10.95}},{"duration":7,"curve":[0.25,0,0.75,1],"transform":{"skX":-9.13,"skY":-9.13}},{"duration":6,"curve":[0.244,0,0.643,0.58],"transform":{"skX":-6.09,"skY":-6.09}},{"duration":7,"curve":[0.36,0.22,0.703,0.65],"transform":{"skX":-14.33,"skY":-14.33}},{"duration":0,"tweenEasing":null,"transform":{"skX":-10.95,"skY":-10.95}}],"name":"ShoulderR"},{"frame":[{"duration":10,"curve":[0.384,0.48,0.724,0.88],"transform":{"skX":12.77,"skY":12.77}},{"duration":7,"curve":[0.25,0,0.75,1],"transform":{"skX":10.36,"skY":10.36}},{"duration":6,"curve":[0.244,0,0.643,0.58],"transform":{"skX":4.75,"skY":4.75}},{"duration":7,"curve":[0.36,0.22,0.703,0.65],"transform":{"skX":17.7,"skY":17.7}},{"duration":0,"tweenEasing":null,"transform":{"skX":12.77,"skY":12.77}}],"name":"ShoulderL"},{"frame":[{"duration":13,"curve":[0.25,0,0.75,1],"transform":{}},{"duration":17,"curve":[0,0,1,1],"transform":{"skX":2.91,"skY":2.91}},{"duration":0,"tweenEasing":null,"transform":{}}],"name":"SpineA"},{"frame":[{"duration":13,"curve":[0.25,0,0.75,1],"transform":{}},{"duration":17,"curve":[0.25,0,0.44,1.08],"transform":{"skX":-6.59,"skY":-6.59}},{"duration":0,"tweenEasing":null,"transform":{}}],"name":"SpineB"},{"frame":[{"duration":19,"curve":[0.498,0.08,0.75,1],"transform":{}},{"duration":11,"curve":[0,0,1,1],"transform":{"skX":3.47,"skY":3.47}},{"duration":0,"tweenEasing":null,"transform":{}}],"name":"Skirt"},{"frame":[{"duration":15,"curve":[0,0,1,1],"transform":{}},{"duration":15,"curve":[0,0,1,1],"transform":{"y":1.3,"x":0.05}},{"duration":0,"tweenEasing":null,"transform":{}}],"name":"SkirtTransform"},{"frame":[{"duration":18,"curve":[0.25,0,0.776,0.82],"transform":{}},{"duration":12,"curve":[0,0,1,1],"transform":{"y":1.29,"x":0.12}},{"duration":0,"tweenEasing":null,"transform":{}}],"name":"SkirtArmorTransform"},{"frame":[{"duration":5,"tweenEasing":null,"transform":{"skX":-176.61,"skY":-176.61}},{"duration":8,"tweenEasing":null,"transform":{"skX":-121.45,"skY":-121.45}},{"duration":6,"tweenEasing":null,"transform":{"skX":-37.14,"skY":-37.14}},{"duration":7,"tweenEasing":null,"transform":{"skX":36.98,"skY":36.98}},{"duration":4,"tweenEasing":null,"transform":{"skX":-221.24,"skY":-221.24}},{"duration":0,"tweenEasing":null,"transform":{"skX":-176.61,"skY":-176.61}}],"name":"ClockHandle_M"},{"frame":[{"duration":30,"tweenEasing":null,"transform":{"skX":-7.57,"skY":-7.57}}],"name":"Halo"},{"frame":[{"duration":15,"curve":[0,0,1,1],"transform":{}},{"duration":10,"curve":[0.263,0,0.431,0.97],"transform":{"scX":0.949}},{"duration":5,"curve":[0,0,1,1],"transform":{"scX":1.033}},{"duration":0,"tweenEasing":null,"transform":{}}],"name":"R_Shadow"},{"frame":[{"duration":30,"tweenEasing":null,"transform":{}}],"name":"root"},{"frame":[{"duration":30,"tweenEasing":null,"transform":{}}],"name":"Targ_Head"},{"frame":[{"duration":30,"tweenEasing":null,"transform":{}}],"name":"ClockTime"},{"frame":[{"duration":30,"tweenEasing":null,"transform":{}}],"name":"SkirtArmor"},{"frame":[{"duration":30,"tweenEasing":null,"transform":{}}],"name":"ClockHandle_H"},{"frame":[{"duration":30,"tweenEasing":null,"transform":{}}],"name":"R_Head"},{"frame":[{"duration":30,"tweenEasing":null,"transform":{}}],"name":"HaloFlare"},{"frame":[{"duration":30,"tweenEasing":null,"transform":{}}],"name":"GearL"},{"frame":[{"duration":30,"tweenEasing":null,"transform":{}}],"name":"GearR"}],"ffd":[]},{"slot":[],"duration":52,"frame":[],"name":"Skill","bone":[{"frame":[{"duration":20,"tweenEasing":null,"transform":{"skX":-176.61,"skY":-176.61}},{"duration":5,"curve":[0,0,1,1],"transform":{"skX":-176.61,"skY":-176.61}},{"duration":6,"curve":[0,0,1,1],"transform":{"skX":-87.19,"skY":-87.19}},{"duration":1,"curve":[0,0,1,1],"transform":{"skX":0.6,"skY":0.6}},{"duration":7,"curve":[0,0,1,1],"transform":{"skX":-87.19,"skY":-87.19}},{"duration":13,"tweenEasing":null,"transform":{"skX":-176.61,"skY":-176.61}},{"duration":0,"tweenEasing":null,"transform":{"skX":-176.61,"skY":-176.61}}],"name":"ClockHandle_M"},{"frame":[{"duration":10,"curve":[0.25,0,0.75,1],"transform":{}},{"duration":20,"curve":[0,0,1,1],"transform":{"y":9.46,"skX":1.7,"skY":1.7}},{"duration":2,"curve":[0,0,1,1],"transform":{"y":-15.45,"skX":-5.3,"skY":-5.3,"x":11.74}},{"duration":4,"curve":[0,0,1,1],"transform":{"y":-15.45,"skX":-23.22,"skY":-23.22,"x":-37.94}},{"duration":9,"curve":[0.815,0.22,0.75,1],"transform":{"y":-13.9,"skX":21.46,"skY":21.46,"x":-57.82}},{"duration":7,"curve":[0.25,0,0.75,1],"transform":{"y":4.6,"skX":4.21,"skY":4.21,"x":-21.61}},{"duration":0,"tweenEasing":null,"transform":{}}],"name":"R_Body"},{"frame":[{"duration":10,"curve":[0,0,1,1],"transform":{}},{"duration":20,"curve":[0,0,1,1],"transform":{"skX":4.89,"skY":4.89}},{"duration":2,"curve":[0,0,1,1],"transform":{"skX":-340.05,"skY":-340.05}},{"duration":4,"curve":[0,0,1,1],"transform":{"skX":-324.27,"skY":-324.27}},{"duration":7,"curve":[0.536,0.19,0.82,0.6],"transform":{"skX":2.33,"skY":2.33}},{"duration":9,"curve":[0.459,0.51,0.581,1],"transform":{"skX":-6.34,"skY":-6.34}},{"duration":0,"tweenEasing":null,"transform":{}}],"name":"SpineA"},{"frame":[{"duration":10,"curve":[0,0,1,1],"transform":{}},{"duration":20,"curve":[0,0,1,1],"transform":{"skX":-4.32,"skY":-4.32}},{"duration":2,"curve":[0,0,1,1],"transform":{"skX":2.06,"skY":2.06}},{"duration":7,"curve":[0,0,1,1],"transform":{"skX":16.75,"skY":16.75}},{"duration":13,"curve":[0.815,0.22,0.75,1],"transform":{"skX":-42.72,"skY":-42.72}},{"duration":0,"tweenEasing":null,"transform":{}}],"name":"SpineB"},{"frame":[{"duration":10,"curve":[0,0,1,1],"transform":{}},{"duration":20,"curve":[0,0,1,1],"transform":{"skX":2.9,"skY":2.9}},{"duration":2,"curve":[0,0,1,1],"transform":{"skX":23.04,"skY":23.04}},{"duration":5,"curve":[0,0,1,1],"transform":{"skX":45.28,"skY":45.28}},{"duration":6,"curve":[0.438,0.22,0.758,0.58],"transform":{"skX":-6.9,"skY":-6.9}},{"duration":9,"curve":[0.63,0.42,0.65,1],"transform":{"skX":343.26,"skY":343.26}},{"duration":0,"tweenEasing":null,"transform":{}}],"name":"ShoulderR"},{"frame":[{"duration":10,"curve":[0,0,1,1],"transform":{}},{"duration":20,"curve":[0,0,1,1],"transform":{"skX":-2.97,"skY":-2.97}},{"duration":3,"curve":[0,0,1,1],"transform":{"skX":15.13,"skY":15.13}},{"duration":4,"curve":[0,0,1,1],"transform":{"skX":33.03,"skY":33.03}},{"duration":6,"curve":[0.438,0.22,0.758,0.58],"transform":{"skX":-15.55,"skY":-15.55}},{"duration":9,"curve":[0.505,0.49,0.597,1],"transform":{"skX":-20.37,"skY":-20.37}},{"duration":0,"tweenEasing":null,"transform":{}}],"name":"ShoulderL"},{"frame":[{"duration":14,"curve":[0.656,0.07,0.75,1],"transform":{}},{"duration":16,"curve":[0,0,1,1],"transform":{"y":-26.47,"x":147.83}},{"duration":2,"curve":[0,0,1,1],"transform":{"y":-13.65,"x":147.83}},{"duration":2,"curve":[0,0,1,1],"transform":{"scY":1.036,"y":-22.04,"skX":67.33,"skY":67.33,"scX":1.036,"x":147.83}},{"duration":2,"curve":[0,0,1,1],"transform":{"scY":1.073,"y":-30.44,"skX":177.23,"skY":177.23,"scX":1.073,"x":147.83}},{"duration":2,"curve":[0.20375,0.055,0.9375,1],"transform":{"scY":1.109,"y":-38.83,"skX":-99.81,"skY":-99.81,"scX":1.109,"x":147.83}},{"duration":2,"curve":[0.31074999999999997,0,0.646,0.35250000000000004],"transform":{"scY":1.145,"y":-47.23,"skX":-5.03,"skY":-5.03,"scX":1.145,"x":147.83}},{"duration":8,"curve":[0.29574999999999996,0.1525,0.6375,0.5225],"transform":{"scY":1.137,"y":-45.86,"skX":14.52,"skY":14.52,"scX":1.137,"x":143.55}},{"duration":4,"curve":[0.2895,0.16,0.502,1.01],"transform":{"y":-27.98,"skX":10.12,"skY":10.12,"x":87.57}},{"duration":0,"tweenEasing":null,"transform":{}}],"name":"R_ClockR"},{"frame":[{"duration":14,"curve":[0,0,1,1],"transform":{}},{"duration":16,"curve":[0,0,1,1],"transform":{"y":-33.88,"skX":11.19,"skY":11.19,"x":-100.52}},{"duration":2,"curve":[0,0,1,1],"transform":{"y":-21.9,"skX":11.19,"skY":11.19,"x":-100.64}},{"duration":2,"curve":[0,0,1,1],"transform":{"y":-30.2,"skX":-73.45,"skY":-73.45,"x":-107.77}},{"duration":2,"curve":[0,0,1,1],"transform":{"y":-38.51,"skX":-164.83,"skY":-164.83,"x":-114.89}},{"duration":2,"curve":[0,0,1,1],"transform":{"y":-46.81,"skX":-257.3,"skY":-257.3,"x":-122.02}},{"duration":9,"curve":[0,0,1,1],"transform":{"y":-55.11,"skX":11.19,"skY":11.19,"x":-129.15}},{"duration":5,"curve":[0,0,1,1],"transform":{"y":-19.68,"skX":-17.75,"skY":-17.75,"x":-46.13}},{"duration":0,"tweenEasing":null,"transform":{}}],"name":"R_ClockL"},{"frame":[{"duration":10,"curve":[0,0,1,1],"transform":{}},{"duration":10,"curve":[0,0,1,1],"transform":{}},{"duration":10,"curve":[0,0,1,1],"transform":{"y":-32.77,"x":27.57}},{"duration":3,"curve":[0,0,1,1],"transform":{"y":-12.98,"x":55.13}},{"duration":4,"curve":[0,0,1,1],"transform":{"y":-63.96,"x":40.93}},{"duration":7,"curve":[0,0,1,1],"transform":{"y":-96.51,"x":-70.56}},{"duration":6,"curve":[0,0,1,1],"transform":{"y":-66.18,"x":-54.87}},{"duration":2,"tweenEasing":null,"transform":{}}],"name":"Targ_Head"},{"frame":[{"duration":10,"curve":[0,0,1,1],"transform":{}},{"duration":8,"curve":[0,0,1,1],"transform":{}},{"duration":12,"curve":[0,0,1,1],"transform":{"skX":2.38,"skY":2.38}},{"duration":6,"curve":[0,0,1,1],"transform":{"skX":-1.85,"skY":-1.85}},{"duration":7,"curve":[0,0,1,1],"transform":{"skX":-8.98,"skY":-8.98}},{"duration":4,"curve":[0,0,1,1],"transform":{"skX":2.29,"skY":2.29}},{"duration":5,"curve":[0,0,1,1],"transform":{"skX":-5.94,"skY":-5.94}},{"duration":0,"tweenEasing":null,"transform":{}}],"name":"Skirt"},{"frame":[{"duration":10,"curve":[0,0,1,1],"transform":{}},{"duration":11,"curve":[0,0,1,1],"transform":{"skX":92.23,"skY":92.23}},{"duration":9,"tweenEasing":null,"transform":{"skX":-178.92,"skY":-178.92}},{"duration":2,"curve":[0,0,1,1],"transform":{"skX":-178.92,"skY":-178.92}},{"duration":7,"curve":[0,0,1,1],"transform":{"skX":92.23,"skY":92.23}},{"duration":13,"tweenEasing":null,"transform":{}},{"duration":0,"tweenEasing":null,"transform":{}}],"name":"ClockTime"},{"frame":[{"duration":10,"curve":[0,0,1,1],"transform":{}},{"duration":11,"curve":[0,0,1,1],"transform":{"skX":82.78,"skY":82.78}},{"duration":9,"tweenEasing":null,"transform":{"skX":181.03,"skY":181.03}},{"duration":2,"curve":[0,0,1,1],"transform":{"skX":181.03,"skY":181.03}},{"duration":7,"curve":[0,0,1,1],"transform":{"skX":82.78,"skY":82.78}},{"duration":13,"tweenEasing":null,"transform":{}}],"name":"ClockHandle_H"},{"frame":[{"duration":10,"curve":[0,0,1,1],"transform":{}},{"duration":20,"curve":[0,0,1,1],"transform":{}},{"duration":2,"curve":[0,0,1,1],"transform":{"y":-8.76,"x":-0.69}},{"duration":4,"curve":[0,0,1,1],"transform":{"y":-11.78,"x":-0.93}},{"duration":10,"curve":[0.4075,0.11,0.875,1],"transform":{"y":3.07,"skX":5.28,"skY":5.28,"x":1.26}},{"duration":6,"tweenEasing":null,"transform":{}}],"name":"SkirtTransform"},{"frame":[{"duration":20,"curve":[0,0,1,1],"transform":{}},{"duration":10,"curve":[0,0,1,1],"transform":{}},{"duration":2,"curve":[0,0,1,1],"transform":{"y":-2.49,"skX":-1.75,"skY":-1.75,"x":-0.69}},{"duration":1,"tweenEasing":null,"transform":{"y":-4.26,"skX":-5.18,"skY":-5.18,"x":-1.25}},{"duration":3,"curve":[0,0,1,1],"transform":{"y":-4.26,"skX":-5.18,"skY":-5.18,"x":-1.25}},{"duration":8,"curve":[0.815,0.22,0.75,1],"transform":{"y":2.9,"skX":0.76,"skY":0.76,"x":1.55}},{"duration":8,"tweenEasing":null,"transform":{}}],"name":"SkirtArmorTransform"},{"frame":[{"duration":20,"curve":[0,0,1,1],"transform":{}},{"duration":10,"curve":[0,0,1,1],"transform":{"skX":6.55,"skY":6.55}},{"duration":6,"curve":[0,0,1,1],"transform":{"skX":-7.01,"skY":-7.01}},{"duration":4,"curve":[0,0,1,1],"transform":{"skX":-7.26,"skY":-7.26}},{"duration":5,"curve":[0,0,1,1],"transform":{"skX":9.07,"skY":9.07}},{"duration":7,"curve":[0,0,1,1],"transform":{"skX":-4.63,"skY":-4.63}},{"duration":0,"tweenEasing":null,"transform":{}}],"name":"SkirtArmor"},{"frame":[{"duration":10,"curve":[0,0,1,1],"transform":{}},{"duration":10,"curve":[0,0,1,1],"transform":{"scX":1.096,"x":-4.66}},{"duration":10,"curve":[0,0,1,1],"transform":{"scX":1.023,"x":-1.7}},{"duration":7,"curve":[0,0,1,1],"transform":{"scX":0.902,"x":7.21}},{"duration":3,"curve":[0,0,1,1],"transform":{"scX":0.894,"x":-92.86}},{"duration":6,"curve":[0,0,1,1],"transform":{"scX":0.891,"x":-92.01}},{"duration":6,"curve":[0,0,1,1],"transform":{"scX":0.998,"x":-15.33}},{"duration":0,"tweenEasing":null,"transform":{}}],"name":"R_Shadow"},{"frame":[{"duration":52,"tweenEasing":null,"transform":{}}],"name":"root"},{"frame":[{"duration":52,"tweenEasing":null,"transform":{}}],"name":"Halo"},{"frame":[{"duration":52,"tweenEasing":null,"transform":{}}],"name":"R_Head"},{"frame":[{"duration":52,"tweenEasing":null,"transform":{}}],"name":"HaloFlare"},{"frame":[{"duration":52,"tweenEasing":null,"transform":{}}],"name":"GearL"},{"frame":[{"duration":52,"tweenEasing":null,"transform":{}}],"name":"GearR"}],"ffd":[]}],"ik":[{"name":"Targ_Head","bone":"R_Head","target":"Targ_Head"}],"skin":[{"name":"","slot":[{"display":[{"path":"ClockL","type":"image","name":"ClockL","transform":{"y":-0.22,"skX":-79.34,"skY":-79.34,"x":5.75}}],"name":"ClockL"},{"display":[{"path":"Halo","type":"image","name":"Halo","transform":{"y":-8.78,"skX":110.85,"skY":110.85,"x":2.55}}],"name":"Halo"},{"display":[{"path":"ClockRHour","type":"image","name":"ClockRHour","transform":{"y":0.05,"skX":88.28,"skY":88.28,"x":6.96}}],"name":"ClockRHour"},{"display":[{"path":"ClockRMinute","type":"image","name":"ClockRMinute","transform":{"y":-0.99,"skX":-90.61,"skY":-90.61,"x":6.93}}],"name":"ClockRMinute"},{"display":[{"path":"ChestR","type":"image","name":"ChestR","transform":{"y":16.58,"skX":164.1,"skY":164.1,"x":36.86}}],"name":"ChestR"},{"display":[{"uvs":[0.80954,0.99699,0.47011,0.92987,0.14146,0.80803,0,0.65309,0.11632,0.31463,0.26819,0.11744,0.31746,0.07094,0.60481,0.03935,0.67664,0,0.81941,0.03267,0.88138,0.14013,0.93166,0.40789,0.99999,0.74034,0.6982,0.18384,0.67724,0.12873,0.73428,0.51094,0.49148,0.50295,0.58447,0.16628,0.2583,0.42068,0.43409,0.14306],"bonePose":[13,0.015009267966723736,0.9998873545930578,-0.9998873545930578,0.015009267966723736,21.36799660094067,-128.0124653571556,15,0.09393455354414552,0.99557837443893,-0.99557837443893,0.09393455354414552,37.389331995668584,-88.06843436165342,6,-0.09289193499358143,0.995676196568517,-0.995676196568517,-0.09289193499358143,19.19,-138.47],"vertices":[46.07,-15.53,12.8,-23.38,-19.41,-37.63,-33.27,-55.76,-21.87,-95.36,-6.99,-118.44,-2.16,-123.87,26,-127.57,33.04,-132.17,47.03,-128.35,53.1,-115.77,58.03,-84.45,64.73,-45.56,35.15,-110.66,33.1,-117.11,38.69,-72.39,14.9,-73.33,24.01,-112.71,-7.96,-82.96,9.27,-115.43],"slotPose":[1,0,0,1,0,0],"edges":[3,2,2,1,1,0,0,12,12,11,11,10,10,9,9,8,8,7,7,6,6,5,5,4,4,3],"path":"Skirt","userEdges":[7,14,14,13,14,9,13,10,0,15,15,13,15,11,16,15,1,16,17,13,16,17,4,18,18,16,2,18,5,19,19,17,18,19,19,7,17,14],"type":"mesh","transform":{},"triangles":[10,13,11,11,15,12,15,0,12,15,1,0,13,15,11,16,1,15,9,14,10,14,13,10,17,16,13,13,16,15,8,14,9,8,7,14,14,17,13,19,16,17,7,17,14,19,18,16,2,1,16,19,17,7,6,19,7,5,18,19,18,2,16,3,2,18,4,18,5,6,5,19,4,3,18],"weights":[2,13,0.04,15,0.96,2,13,0.248,15,0.752,2,13,0.568,15,0.432,2,13,0.888,15,0.112,3,13,0.73882,6,0.14918,15,0.112,3,13,0.22022,6,0.66778,15,0.112,1,6,1,1,6,1,1,6,1,1,6,1,2,13,0.248,6,0.752,3,13,0.68557,6,0.13843,15,0.176,2,13,0.768,15,0.232,3,13,0.15872,6,0.48128,15,0.36,3,13,0.0457,6,0.9063,15,0.048,3,13,0.17971,6,0.03629,15,0.784,3,13,0.25293,6,0.05107,15,0.696,2,13,0.248,6,0.752,3,13,0.47258,6,0.09542,15,0.432,2,13,0.248,6,0.752],"width":98,"height":117,"name":"Skirt"}],"name":"Skirt"},{"display":[{"path":"Head","type":"image","name":"Head","transform":{"y":0.7,"skX":66.81,"skY":66.81,"x":7.57}}],"name":"Head"},{"display":[{"path":"ClockRTime","type":"image","name":"ClockRTime","transform":{"y":-0.46,"x":0.26}}],"name":"ClockRTime"},{"display":[{"path":"ClockR","type":"image","name":"ClockR","transform":{"y":-3.96,"x":-2.74}}],"name":"ClockR"},{"display":[{"path":"SkirtArmorL","type":"image","name":"SkirtArmorL","transform":{"y":-27.82,"skX":-89.14,"skY":-89.14,"x":36.26}}],"name":"SkirtArmorL"},{"display":[{"uvs":[0.58048,0.98757,0.24929,0.96254,0.05037,0.8438,0.0985,0.66067,0.07191,0.56638,0.05037,0.49002,0.08493,0.38868,0.12416,0.27359,0.10839,0.20196,0.07925,0.06964,0.45141,0,0.74979,0.14664,0.70882,0.23552,0.65675,0.34851,0.64246,0.4213,0.63429,0.46297,0.69017,0.5186,0.77225,0.60032,0.9487,0.6461,0.97437,0.8334,0.47708,0.72518,0.37296,0.51012,0.39921,0.2795,0.42159,0.61058,0.38553,0.39961,0.42031,0.1665],"bonePose":[6,-0.09289193499358143,0.995676196568517,-0.995676196568517,-0.09289193499358143,19.19,-138.47,8,-0.23836395903973487,-0.9711758970603128,0.9711758970603128,-0.23836395903973487,19.81,-137.76,11,0.10522274500059652,-0.9944486783814132,0.9944486783814132,0.10522274500059652,16.637198504572115,-150.64512051439996,17,-0.3736354435303306,0.9275756332169864,-0.9275756332169864,-0.3736354435303306,17.64053030451889,-162.12326606580396],"vertices":[21.66,-132.63,13.71,-133.56,8.94,-137.95,10.09,-144.72,9.45,-148.21,8.94,-151.03,9.77,-154.78,10.71,-159.04,11.26,-160.77,10.22,-164,14.43,-166.32,23.82,-165.16,24.15,-161.53,23.49,-156.27,23.15,-153.57,22.96,-152.03,24.3,-149.97,26.26,-146.96,30.5,-145.26,31.11,-138.33,19.18,-142.34,16.68,-150.29,17.31,-158.82,17.85,-146.57,16.98,-154.38,17.67,-162.91],"slotPose":[1,0,0,1,0,0],"edges":[2,1,1,0,0,19,19,18,18,17,17,16,16,15,15,14,14,13,13,12,12,11,11,10,10,9,9,8,8,7,7,6,6,5,5,4,4,3,3,2],"path":"Spine","userEdges":[3,20,20,17,5,21,21,15,7,22,22,13,20,0,1,20,20,19,20,23,23,21,4,23,23,16,21,24,24,22,6,24,24,14,10,25,25,22,8,25,25,12],"type":"mesh","transform":{},"triangles":[17,20,19,20,0,19,17,19,18,16,23,17,23,20,17,25,12,11,10,25,11,22,13,12,25,22,12,15,23,16,24,14,13,22,24,13,20,1,0,21,23,15,24,15,14,24,21,15,9,25,10,2,1,20,23,3,20,3,2,20,9,8,25,6,21,24,7,6,24,25,8,22,8,7,22,7,24,22,5,4,21,6,5,21,3,4,23,21,4,23],"weights":[1,6,1,1,6,1,1,6,1,2,8,0.4,6,0.6,3,8,0.58421,11,0.14956,6,0.26623,3,8,0.72864,11,0.19693,6,0.07443,3,8,0.4999,11,0.4356,6,0.06449,2,8,0.2,11,0.8,3,8,0.02663,11,0.8401,17,0.13327,2,11,0.784,17,0.216,2,11,0.472,17,0.528,2,11,0.784,17,0.216,3,8,0.0172,11,0.856,17,0.1268,2,8,0.2,11,0.8,3,8,0.50006,11,0.43463,6,0.06531,3,8,0.72864,11,0.19693,6,0.07443,3,8,0.58265,11,0.15084,6,0.26651,3,8,0.3953,11,0.0047,6,0.6,1,6,1,1,6,1,2,8,0.4,6,0.6,3,8,0.72864,11,0.19693,6,0.07443,2,8,0.104,11,0.896,3,8,0.58391,11,0.14994,6,0.26615,3,8,0.42039,11,0.51248,6,0.06713,2,11,0.856,17,0.144],"width":24,"height":37,"name":"Spine"}],"name":"Spine"},{"display":[{"uvs":[0.69519,0.48972,0.55537,0.42922,0.5352,0.71857,0.38194,0.64755,0.28514,0.98555,0.14935,0.88165,0.04314,0.7041,0,0.54101,0.00146,0.36477,0.12112,0.25824,0.23271,0.18591,0.33085,0.1162,0.38866,0.00572,0.45989,0.06654,0.51638,0.10042,0.60377,0.06622,0.61184,0.00835,0.70758,0.11992,0.79111,0.21089,0.84046,0.24442,0.99903,0.48709,0.96139,0.75013,0.79199,0.40555,0.2199,0.52108,0.12714,0.40271,0.47266,0.30539,0.47266,0.21595,0.52834,0.15236,0.32746,0.28435,0.28713,0.25541,0.39871,0.17124,0.68202,0.36609,0.61173,0.35405,0.56736,0.27777,0.57677,0.20149,0.62793,0.17552,0.6897,0.18044,0.75303,0.24254,0.74214,0.32643,0.68698,0.41262,0.59292,0.37914,0.52273,0.29079,0.52904,0.20812,0.55369,0.17807,0.61921,0.13604,0.69544,0.16102,0.76391,0.2331,0.75881,0.35288,0.75697,0.28062,0.77495,0.27728],"bonePose":[12,0.17571037184079452,0.9844419054609416,-0.9844419054609416,0.17571037184079452,32.0053578543524,-124.6899744896866,6,-0.09289193499358143,0.995676196568517,-0.995676196568517,-0.09289193499358143,19.19,-138.47],"vertices":[34.33,-101.21,21.74,-106.78,19.92,-80.15,6.13,-86.69,-2.58,-55.6,-14.8,-65.16,-24.36,-81.49,-28.24,-96.49,-28.11,-112.71,-17.34,-122.51,-7.3,-129.16,1.53,-135.58,6.74,-145.74,13.15,-140.15,18.23,-137.03,26.1,-140.18,26.83,-145.5,35.44,-135.23,42.96,-126.86,47.4,-123.78,61.68,-101.45,58.28,-77.25,43.04,-108.96,-8.45,-98.33,-16.8,-109.22,14.3,-118.17,14.3,-126.4,19.31,-132.25,1.23,-120.11,-2.4,-122.77,7.64,-130.52,33.14,-112.58,26.81,-113.7,22.82,-120.71,23.67,-127.73,28.27,-130.12,33.83,-129.67,39.53,-123.95,38.55,-116.23,33.59,-108.3,25.12,-111.38,18.8,-119.51,19.37,-127.12,21.59,-129.88,27.48,-133.75,34.34,-131.46,40.51,-124.82,40.04,-113.8,39.88,-120.45,41.5,-120.76],"slotPose":[1,0,0,1,0,0],"edges":[7,6,6,5,5,4,4,3,3,2,2,1,1,0,0,22,22,21,21,20,20,19,19,18,18,17,17,16,16,15,15,14,14,13,13,12,12,11,11,10,10,9,9,8,8,7],"path":"SkirtArmor","userEdges":[3,23,23,24,24,9,1,25,25,26,15,27,27,26,27,14,14,26,3,25,23,28,24,29,29,30,30,28,30,13,31,32,32,33,33,34,35,31,34,35,35,36,36,37,38,31,22,19,0,39,39,31,1,40,40,32,39,40,25,41,41,33,40,41,26,42,42,34,41,42,27,43,43,34,42,43,15,44,44,35,43,44,17,45,45,36,44,45,18,46,46,37,45,46,22,47,47,38,47,39,37,48,48,38,46,49,49,47,48,49,49,19],"type":"mesh","transform":{},"triangles":[19,22,20,47,22,19,49,47,19,18,49,19,45,36,46,48,38,49,38,47,49,46,37,49,47,39,22,39,0,22,45,46,18,17,45,18,46,49,18,37,48,49,38,31,47,31,39,47,46,36,37,37,36,48,36,38,48,33,32,31,16,15,17,44,45,17,15,44,17,34,33,35,44,35,45,31,40,39,1,0,39,40,1,39,45,35,36,32,40,31,3,2,1,43,34,35,27,43,44,43,35,44,41,40,32,33,41,32,41,25,1,42,33,34,41,1,40,42,41,33,43,42,34,27,42,43,28,23,25,27,26,42,42,26,41,26,25,41,13,30,14,5,4,3,28,25,26,30,28,26,11,30,13,12,11,13,6,5,3,29,28,30,11,29,30,24,23,28,23,6,3,10,29,11,29,24,28,10,9,29,9,24,29,7,6,23,24,7,23,9,8,24,8,7,24,22,21,20,14,15,27,15,27,44,30,14,26,14,26,27,1,3,25,23,3,25,33,35,31,36,35,31,36,31,38],"weights":[1,12,1,2,6,0.328,12,0.672,2,6,0.128,12,0.872,2,6,0.152,12,0.848,2,6,0.208,12,0.792,2,6,0.464,12,0.536,2,6,0.648,12,0.352,2,6,0.928,12,0.072,1,6,1,1,6,1,1,6,1,1,6,1,1,6,1,2,6,0.928,12,0.072,2,6,0.872,12,0.128,2,6,0.872,12,0.128,1,6,1,2,6,0.608,12,0.392,2,6,0.608,12,0.392,2,6,0.608,12,0.392,1,6,1,1,12,1,2,6,0.608,12,0.392,2,6,0.384,12,0.616,2,6,0.808,12,0.192,2,6,0.408,12,0.592,2,6,0.408,12,0.592,2,6,0.408,12,0.592,2,6,0.544,12,0.456,2,6,0.776,12,0.224,2,6,0.856,12,0.144,1,12,1,1,12,1,1,12,1,1,12,1,1,12,1,1,12,1,1,12,1,1,12,1,1,12,1,2,6,0.088,12,0.912,2,6,0.088,12,0.912,2,6,0.088,12,0.912,2,6,0.088,12,0.912,2,6,0.088,12,0.912,2,6,0.088,12,0.912,2,6,0.088,12,0.912,2,6,0.088,12,0.912,1,12,1,1,12,1],"width":90,"height":92,"name":"SkirtArmor"}],"name":"SkirtArmor"},{"display":[{"path":"SkirtEntrance","type":"image","name":"SkirtEntrance","transform":{"y":-0.16,"skX":-95.33,"skY":-95.33,"x":1.29}}],"name":"SkirtEntrance"},{"display":[{"uvs":[0.41325,0.64047,0.13286,0.65629,0,0.55151,0.07789,0.45132,0.29571,0.45939,0.29775,0.34423,0.42396,0.33848,0.67028,0,0.75782,0,0.74153,0.21627,0.58885,0.33948,0.66825,0.33948,0.597,0.47421,0.66621,0.48573,0.63964,0.56904,0.52364,0.61338,0.56631,0.65728,0.69064,0.6953,0.7876,0.60756,0.91889,0.7426,0.9861,0.93528,0.85321,0.89435,0.84382,0.95655,0.76203,0.99552,0.58357,0.89649,0.51257,0.82922,0.50539,0.755,0.43003,0.68631,0.4054,0.55318,0.44186,0.49598,0.6295,0.79571,0.81623,0.77398,0.64139,0.85401],"bonePose":[14,-0.3349582636609954,-0.942232965675268,0.942232965675268,-0.3349582636609954,18.170951482376022,-162.47943087889004,6,-0.09289193499358143,0.995676196568517,-0.995676196568517,-0.09289193499358143,19.19,-138.47],"vertices":[28.33,-165.01,28.23,-149.23,17.13,-142.92,7.73,-148.3,9.81,-160.36,-1.51,-161.67,-1.34,-168.76,-33.21,-186,-32.7,-190.87,-11.5,-187.71,-0.27,-177.93,0.2,-182.35,13.04,-176.98,14.59,-180.71,22.63,-178.36,26.31,-171.44,30.81,-170.31,36.7,-157.16,41.12,-159.06,49.17,-147.69,54.55,-130.79,47.39,-133.69,47.55,-128.05,43.79,-124.08,33.71,-131.94,29.42,-137.56,30.94,-149.72,31.55,-163.11,19.68,-165.48,14.27,-168.11,35.02,-141.25,44.28,-144.29,36.22,-136.09],"slotPose":[1,0,0,1,0,0],"edges":[2,1,1,0,0,27,27,26,26,25,25,24,24,23,23,22,22,21,21,20,20,19,19,18,18,17,17,16,16,15,15,14,14,13,13,12,12,11,11,10,10,9,9,8,8,7,7,6,6,5,5,4,4,3,3,2],"path":"ChestL","userEdges":[2,28,28,14,0,28,28,4,12,29,29,4,29,28,15,28,26,17,21,30,30,17,19,31,31,30,21,31,31,17,22,32,32,24,32,30,30,25],"type":"mesh","transform":{},"triangles":[31,21,19,19,21,20,17,31,19,18,17,19,8,7,9,32,24,23,32,23,22,32,22,21,17,30,31,7,6,9,6,10,9,10,12,11,12,14,13,26,30,17,16,26,17,10,6,12,25,24,32,12,29,14,25,32,30,26,25,30,27,26,16,6,29,12,15,27,16,4,29,6,28,0,15,0,27,15,4,28,29,5,4,6,28,1,0,3,2,4,1,2,28,4,2,28,15,28,14,29,28,14,31,21,30,30,32,21],"weights":[1,14,1,1,14,1,1,14,1,1,14,1,1,14,1,1,14,1,1,14,1,1,14,1,1,14,1,1,14,1,1,14,1,1,14,1,1,14,1,1,14,1,1,14,1,1,14,1,2,14,0.864,6,0.136,2,14,0.304,6,0.696,2,14,0.104,6,0.896,2,14,0.104,6,0.896,2,14,0.104,6,0.896,2,14,0.104,6,0.896,2,14,0.104,6,0.896,2,14,0.104,6,0.896,2,14,0.104,6,0.896,2,14,0.104,6,0.896,2,14,0.304,6,0.696,2,14,0.864,6,0.136,1,14,1,1,14,1,2,14,0.104,6,0.896,2,14,0.104,6,0.896,2,14,0.104,6,0.896],"width":56,"height":99,"name":"ChestL"}],"name":"ChestL"},{"display":[{"path":"SideR","type":"image","name":"SideR","transform":{"y":-0.13,"skX":164.1,"skY":164.1,"x":12.83}}],"name":"SideR"},{"display":[{"path":"Shadow","type":"image","name":"Shadow","transform":{"y":-0.67,"x":1.24}}],"name":"Shadow"},{"display":[{"path":"HaloB","type":"image","name":"HaloB","transform":{"y":2.42,"skX":126.84,"skY":126.84,"x":21.78}}],"name":"HaloB"},{"display":[{"path":"SideL","type":"image","name":"SideL","transform":{"y":0.43,"skX":25.61,"skY":25.61,"x":4.24}}],"name":"SideL"},{"display":[{"path":"ClockRCover","type":"image","name":"ClockRCover","transform":{"y":-1.46,"x":-0.24}}],"name":"ClockRCover"}]}],"frameRate":30,"name":"ClockworkKnightD","slot":[{"color":{},"name":"Shadow","parent":"R_Shadow"},{"z":1,"color":{},"name":"ClockL","parent":"R_ClockL"},{"z":2,"color":{},"name":"HaloB","parent":"HaloFlare"},{"z":3,"color":{},"name":"Halo","parent":"Halo"},{"z":4,"color":{},"name":"Head","parent":"R_Head"},{"z":5,"color":{},"name":"SideL","parent":"GearL"},{"z":6,"color":{},"name":"ChestL","parent":"ShoulderL"},{"z":7,"color":{},"name":"SkirtArmorL","parent":"Skirt"},{"z":8,"color":{},"name":"Skirt","parent":"Skirt"},{"z":9,"color":{},"name":"SkirtEntrance","parent":"SkirtArmor"},{"z":10,"color":{},"name":"Spine","parent":"root"},{"z":11,"color":{},"name":"SkirtArmor","parent":"SkirtArmor"},{"z":12,"color":{},"name":"SideR","parent":"GearR"},{"z":13,"color":{},"name":"ChestR","parent":"ShoulderR"},{"z":14,"color":{},"name":"ClockR","parent":"R_ClockR"},{"z":15,"color":{},"name":"ClockRTime","parent":"ClockTime"},{"z":16,"color":{},"name":"ClockRMinute","parent":"ClockHandle_M"},{"z":17,"color":{},"name":"ClockRHour","parent":"ClockHandle_H"},{"z":18,"color":{},"name":"ClockRCover","parent":"R_ClockR"}]}]}