{"imagePath":"ClockworkKnightD_tex.png","width":300,"SubTexture":[{"y":2,"frameX":-1,"frameHeight":19,"frameY":-1,"width":111,"frameWidth":113,"height":17,"name":"Shadow","x":156},{"y":2,"frameX":-1,"frameHeight":105,"frameY":-1,"width":49,"frameWidth":51,"height":103,"name":"ClockL","x":105},{"y":2,"frameX":-1,"frameHeight":47,"frameY":-1,"width":29,"frameWidth":31,"height":45,"name":"HaloB","x":269},{"y":216,"frameX":-1,"frameHeight":82,"frameY":-1,"width":91,"frameWidth":93,"height":80,"name":"Halo","x":102},{"y":21,"frameX":-1,"frameHeight":27,"frameY":-1,"width":27,"frameWidth":29,"height":25,"name":"Head","x":238},{"y":48,"frameX":-1,"frameHeight":29,"frameY":-1,"width":24,"frameWidth":26,"height":27,"name":"SideL","x":238},{"width":56,"y":194,"height":99,"name":"ChestL","x":195},{"y":194,"frameX":-1,"frameHeight":68,"frameY":-1,"width":30,"frameWidth":32,"height":66,"name":"SkirtArmorL","x":253},{"width":98,"y":122,"height":117,"name":"Skirt","x":2},{"y":262,"frameX":-1,"frameHeight":24,"frameY":-1,"width":31,"frameWidth":33,"height":22,"name":"SkirtEntrance","x":253},{"width":24,"y":21,"height":37,"name":"Spine","x":212},{"width":90,"y":122,"height":92,"name":"SkirtArmor","x":102},{"y":241,"frameX":-1,"frameHeight":44,"frameY":-1,"width":54,"frameWidth":56,"height":42,"name":"SideR","x":2},{"y":122,"frameX":-1,"frameHeight":72,"frameY":-1,"width":98,"frameWidth":100,"height":70,"name":"ChestR","x":194},{"y":2,"frameX":-1,"frameHeight":120,"frameY":-1,"width":101,"frameWidth":103,"height":118,"name":"ClockR","x":2},{"y":241,"frameX":-1,"frameHeight":41,"frameY":-1,"width":39,"frameWidth":41,"height":39,"name":"ClockRTime","x":58},{"y":282,"frameX":-1,"frameHeight":18,"frameY":-1,"width":6,"frameWidth":8,"height":16,"name":"ClockRMinute","x":58},{"y":48,"frameX":-1,"frameHeight":14,"frameY":-1,"width":3,"frameWidth":5,"height":12,"name":"ClockRHour","x":264},{"y":21,"frameX":-1,"frameHeight":29,"frameY":-1,"width":54,"frameWidth":56,"height":27,"name":"ClockRCover","x":156}],"height":300,"name":"ClockworkKnightD"}