{"width":512,"imagePath":"Dynamo_tex.png","height":1024,"name":"Dynamo","SubTexture":[{"width":300,"y":1,"height":300,"name":"cast Arm","x":1},{"frameWidth":369,"y":844,"frameX":-1,"frameHeight":46,"frameY":-1,"width":367,"height":44,"name":"Ellipse 4","x":1},{"width":203,"y":1,"height":210,"name":"Layer 215","x":303},{"width":274,"y":303,"height":297,"name":"Layer 214","x":1},{"width":164,"y":602,"height":240,"name":"Layer 216","x":1},{"frameWidth":87,"y":213,"frameX":-1,"frameHeight":84,"frameY":-1,"width":85,"height":82,"name":"Layer 218","x":303},{"frameWidth":63,"y":213,"frameX":-1,"frameHeight":49,"frameY":-1,"width":61,"height":47,"name":"Layer 219","x":390},{"frameWidth":93,"y":602,"frameX":-1,"frameHeight":173,"frameY":-1,"width":91,"height":171,"name":"Layer 220","x":167},{"width":205,"y":303,"height":305,"name":"Layer 217","x":277}]}