{"width":512,"SubTexture":[{"frameX":-1,"frameHeight":18,"y":629,"frameY":-1,"frameWidth":366,"width":364,"height":16,"name":"Shadow","x":1},{"width":287,"y":226,"height":262,"name":"right wing","x":1},{"width":197,"y":226,"height":260,"name":"Left Wing","x":290},{"frameX":-1,"frameHeight":37,"y":145,"frameY":-1,"frameWidth":28,"width":26,"height":35,"name":"palm","x":461},{"width":361,"y":1,"height":223,"name":"Axe","x":1},{"frameX":-1,"frameHeight":32,"y":490,"frameY":-1,"frameWidth":30,"width":28,"height":30,"name":"hand","x":255},{"width":48,"y":490,"height":115,"name":"left leg back","x":205},{"width":49,"y":1,"height":142,"name":"left leg ftron","x":461},{"width":151,"y":490,"height":77,"name":"Lower Body Main","x":1},{"width":57,"y":589,"height":122,"name":"right leg back","x":380},{"width":49,"y":490,"height":123,"name":"right leg front","x":154},{"width":73,"y":488,"height":99,"name":"Left Arm","x":380},{"width":88,"y":488,"height":139,"name":"Body","x":290},{"width":95,"y":1,"height":143,"name":"Right Arm","x":364},{"width":58,"y":569,"height":56,"name":"head","x":1}],"height":1024,"name":"Valhalla","imagePath":"Valhalla_tex.png"}