{"width":512,"SubTexture":[{"frameX":-1,"frameHeight":59,"y":195,"frameY":-1,"frameWidth":469,"width":467,"height":57,"name":"Layer 189","x":1},{"width":89,"y":861,"height":144,"name":"Layer 173","x":1},{"width":198,"y":500,"height":107,"name":"Layer 174","x":1},{"width":52,"y":795,"height":186,"name":"Layer 175","x":92},{"width":64,"y":609,"height":184,"name":"Layer 176","x":84},{"width":83,"y":254,"height":234,"name":"Layer 177","x":193},{"frameX":-1,"frameHeight":151,"y":1,"frameY":-1,"frameWidth":160,"width":158,"height":149,"name":"Layer 178","x":326},{"width":89,"y":254,"height":234,"name":"Layer 179","x":102},{"width":81,"y":609,"height":250,"name":"Layer 180","x":1},{"width":139,"y":1,"height":171,"name":"Layer 182","x":185},{"width":60,"y":907,"height":101,"name":"Layer 183","x":146},{"frameX":-1,"frameHeight":112,"y":795,"frameY":-1,"frameWidth":88,"width":86,"height":110,"name":"Layer 184","x":146},{"width":99,"y":254,"height":244,"name":"Layer 181","x":1},{"frameX":-1,"frameHeight":37,"y":983,"frameY":-1,"frameWidth":50,"width":48,"height":35,"name":"Layer 185","x":92},{"frameX":-1,"frameHeight":72,"y":907,"frameY":-1,"frameWidth":68,"width":66,"height":70,"name":"Layer 186","x":208},{"width":182,"y":1,"height":192,"name":"Layer 187","x":1},{"frameX":-1,"frameHeight":65,"y":1,"frameY":-1,"frameWidth":26,"width":24,"height":63,"name":"Layer 188","x":486}],"height":1024,"name":"AntQueen","imagePath":"AntQueen_tex.png"}