{"width":1024,"SubTexture":[{"frameX":-1,"frameHeight":56,"y":306,"frameY":-1,"frameWidth":789,"width":787,"height":54,"name":"Layer 37","x":1},{"frameX":-1,"frameHeight":163,"y":1,"frameY":-1,"frameWidth":232,"width":230,"height":161,"name":"Folder 13 Copy 4","x":606},{"frameX":-1,"frameHeight":106,"y":516,"frameY":-1,"frameWidth":185,"width":183,"height":104,"name":"Folder 13 Copy 3","x":1},{"frameX":-1,"frameHeight":246,"y":1,"frameY":-1,"frameWidth":226,"width":224,"height":244,"name":"Folder 13 Copy 9","x":380},{"frameX":-1,"frameHeight":305,"y":1,"frameY":-1,"frameWidth":379,"width":377,"height":303,"name":"Folder 13 Copy 8","x":1},{"frameX":-1,"frameHeight":161,"y":1,"frameY":-1,"frameWidth":122,"width":120,"height":159,"name":"Folder 13 Copy 6","x":838},{"frameX":-1,"frameHeight":185,"y":331,"frameY":-1,"frameWidth":193,"width":191,"height":183,"name":"Folder 13 Copy 7","x":790},{"frameX":-1,"frameHeight":167,"y":164,"frameY":-1,"frameWidth":215,"width":213,"height":165,"name":"Folder 13 Copy 2","x":790}],"height":1024,"name":"Contiturtle","imagePath":"Contiturtle_tex.png"}