{"frameRate":30,"armature":[{"ik":[{"bendPositive":"false","name":"IKLegLeftF","bone":"LegFRontL","target":"IKLegLeftF"},{"bendPositive":"false","name":"IKLegBack","bone":"Mid2","target":"IKLegBack"},{"bendPositive":"false","name":"IKLegFR","bone":"LegFrontR","target":"IKLegFR"},{"bendPositive":"false","name":"IKTRee","bone":"Tree","target":"IKTRee"}],"type":"Armature","frameRate":30,"aabb":{"width":789,"y":-513.9724588481987,"height":513.9724588481987,"x":-372.29},"animation":[{"ik":[],"frame":[],"ffd":[],"bone":[{"frame":[{"duration":10,"curve":[0.25,0,1,0],"transform":{}},{"duration":5,"curve":[0.25,0,0,1],"transform":{"skX":10.6,"skY":10.6}},{"duration":15,"curve":[0.25,0,0.75,1],"transform":{"skX":-23.34,"skY":-23.34}},{"duration":0,"transform":{}}],"name":"head upper"},{"frame":[{"duration":10,"transform":{}},{"duration":5,"curve":[0.25,0,0,1],"transform":{}},{"duration":15,"curve":[0.25,0,0.75,1],"transform":{"y":-147.77,"x":-153.63}},{"duration":0,"transform":{}}],"name":"IKLegLeftF"},{"frame":[{"duration":10,"curve":[0.25,0,1,0],"transform":{}},{"duration":5,"curve":[0.25,0,0,1],"transform":{"skX":-18.61,"skY":-18.61}},{"duration":15,"curve":[0.25,0,0.75,1],"transform":{"skX":27.96,"skY":27.96}},{"duration":0,"transform":{}}],"name":"jaw"},{"frame":[{"duration":10,"curve":[0.25,0,1,0],"transform":{}},{"duration":5,"curve":[0.25,0,0,1],"transform":{"y":21,"x":33.6}},{"duration":15,"curve":[0.25,0,0.75,1],"transform":{"y":21,"x":-150.9}},{"duration":0,"transform":{}}],"name":"Mid"},{"frame":[{"duration":10,"curve":[0.25,0,1,0],"transform":{"skX":0.06,"skY":0.06}},{"duration":20,"curve":[0.25,0,0,1],"transform":{"skX":-7.87,"skY":-7.87}},{"duration":0,"transform":{"skX":0.06,"skY":0.06}}],"name":"Tree"},{"frame":[{"duration":10,"transform":{}},{"duration":20,"transform":{}},{"duration":0,"transform":{}}],"name":"IKTRee"},{"frame":[{"duration":10,"curve":[0.25,0,1,0],"transform":{"skX":0.02,"skY":0.02}},{"duration":5,"curve":[0.25,0,0,1],"transform":{"skX":1.14,"skY":1.14}},{"duration":15,"curve":[0.25,0,0.75,1],"transform":{"skX":1.14,"skY":1.14,"y":19.36,"x":-22.23}},{"duration":0,"transform":{"skX":0.02,"skY":0.02}}],"name":"LegFrontR"},{"frame":[{"duration":10,"curve":[0.25,0,1,0],"transform":{}},{"duration":5,"curve":[0.25,0,0,1],"transform":{"y":-38,"x":32.98}},{"duration":15,"curve":[0.25,0,0.75,1],"transform":{"y":-168.55,"x":-86.7}},{"duration":0,"transform":{}}],"name":"IKLegFR"},{"frame":[{"duration":10,"curve":[0.25,0,1,0],"transform":{"scX":0.94,"scY":0.94}},{"duration":5,"curve":[0.516,0,0.774,0.4],"transform":{"scY":0.94}},{"duration":15,"curve":[0.25,0,0.75,1],"transform":{"scX":0.81,"scY":0.94}},{"duration":0,"transform":{"scX":0.94,"scY":0.94}}],"name":"shadow"},{"frame":[{"duration":10,"curve":[0.25,0,1,0],"transform":{"skX":0.08,"skY":0.08}},{"duration":20,"curve":[0.25,0,0,1],"transform":{"skX":-4.06,"skY":-4.06}},{"duration":0,"transform":{"skX":0.08,"skY":0.08}}],"name":"Mid2"},{"frame":[{"duration":10,"transform":{}},{"duration":5,"curve":[0.25,0,0,1],"transform":{}},{"duration":15,"curve":[0.25,0,0.75,1],"transform":{"y":-83.31,"x":-154.43}},{"duration":0,"transform":{}}],"name":"IKLegBack"},{"frame":[{"duration":10,"transform":{}},{"duration":20,"transform":{}},{"duration":0,"transform":{}}],"name":"upperbody"},{"frame":[{"duration":10,"curve":[0.25,0,1,0],"transform":{}},{"duration":20,"curve":[0.25,0,0,1],"transform":{"y":0.85}},{"duration":0,"transform":{}}],"name":"root"},{"frame":[{"duration":10,"curve":[0.25,0,1,0],"transform":{"skX":-0.01,"skY":-0.01}},{"duration":20,"curve":[0.25,0,0,1],"transform":{"skX":10.07,"skY":10.07}},{"duration":0,"transform":{"skX":-0.01,"skY":-0.01}}],"name":"LegFRontL"}],"duration":30,"slot":[],"name":"Attack A"},{"ik":[],"frame":[],"ffd":[],"bone":[{"frame":[{"duration":10,"curve":[0,0,0,1],"transform":{}},{"duration":5,"curve":[0.25,0,0,1],"transform":{"skX":10.6,"skY":10.6}},{"duration":15,"curve":[0.25,0,0.75,1],"transform":{"skX":-23.34,"skY":-23.34}},{"duration":0,"transform":{}}],"name":"head upper"},{"frame":[{"duration":10,"transform":{}},{"duration":5,"curve":[0.25,0,0,1],"transform":{}},{"duration":15,"curve":[0.25,0,0.75,1],"transform":{"y":-147.77,"x":-153.63}},{"duration":0,"transform":{}}],"name":"IKLegLeftF"},{"frame":[{"duration":10,"curve":[0,0,0,1],"transform":{}},{"duration":5,"curve":[0.25,0,0,1],"transform":{"skX":-18.61,"skY":-18.61}},{"duration":15,"curve":[0.25,0,0.75,1],"transform":{"skX":27.96,"skY":27.96}},{"duration":0,"transform":{}}],"name":"jaw"},{"frame":[{"duration":10,"curve":[0,0,0,1],"transform":{}},{"duration":5,"curve":[0.25,0,0,1],"transform":{"y":-211.41,"x":-68.86}},{"duration":15,"curve":[0.25,0,0.75,1],"transform":{"y":21,"x":-150.9}},{"duration":0,"transform":{}}],"name":"Mid"},{"frame":[{"duration":10,"curve":[0,0,0,1],"transform":{"skX":0.06,"skY":0.06}},{"duration":5,"curve":[0.25,0,0,1],"transform":{"skX":26.91,"skY":26.91}},{"duration":15,"curve":[0.25,0,0.75,1],"transform":{"skX":17.86,"skY":17.86}},{"duration":0,"transform":{"skX":0.06,"skY":0.06}}],"name":"Tree"},{"frame":[{"duration":10,"curve":[0,0,0,1],"transform":{}},{"duration":5,"curve":[0.25,0,0,1],"transform":{"y":-62.47,"x":-45.81}},{"duration":15,"curve":[0.25,0,0.75,1],"transform":{"y":-27.06,"x":-19.85}},{"duration":0,"transform":{}}],"name":"IKTRee"},{"frame":[{"duration":10,"curve":[0,0,0,1],"transform":{"skX":0.02,"skY":0.02}},{"duration":5,"curve":[0.25,0,0,1],"transform":{"skX":10.75,"skY":10.75}},{"duration":15,"curve":[0.25,0,0.75,1],"transform":{"skX":-53.33,"skY":-53.33,"y":19.36,"x":-22.23}},{"duration":0,"transform":{"skX":0.02,"skY":0.02}}],"name":"LegFrontR"},{"frame":[{"duration":10,"curve":[0,0,0,1],"transform":{}},{"duration":5,"curve":[0.25,0,0,1],"transform":{"y":-38,"x":32.98}},{"duration":15,"curve":[0.25,0,0.75,1],"transform":{"y":-168.55,"x":-86.7}},{"duration":0,"transform":{}}],"name":"IKLegFR"},{"frame":[{"duration":10,"curve":[0,0,0,1],"transform":{"scX":0.94,"scY":0.94}},{"duration":5,"curve":[0.25,0,0,1],"transform":{"scY":0.94}},{"duration":15,"curve":[0.25,0,0.75,1],"transform":{"scX":0.81,"scY":0.94}},{"duration":0,"transform":{"scX":0.94,"scY":0.94}}],"name":"shadow"},{"frame":[{"duration":10,"curve":[0,0,0,1],"transform":{"skX":0.08,"skY":0.08}},{"duration":5,"curve":[0.25,0,0,1],"transform":{"skX":30.77,"skY":30.77}},{"duration":15,"curve":[0.25,0,0.75,1],"transform":{"skX":-34.75,"skY":-34.75}},{"duration":0,"transform":{"skX":0.08,"skY":0.08}}],"name":"Mid2"},{"frame":[{"duration":10,"transform":{}},{"duration":5,"curve":[0.25,0,0,1],"transform":{}},{"duration":15,"curve":[0.25,0,0.75,1],"transform":{"y":-83.31,"x":-154.43}},{"duration":0,"transform":{}}],"name":"IKLegBack"},{"frame":[{"duration":10,"transform":{}},{"duration":5,"transform":{}},{"duration":15,"transform":{}},{"duration":0,"transform":{}}],"name":"upperbody"},{"frame":[{"duration":10,"curve":[0,0,0,1],"transform":{}},{"duration":5,"curve":[0.25,0,0,1],"transform":{"y":0.85}},{"duration":15,"curve":[0.25,0,0.75,1],"transform":{"y":0.37}},{"duration":0,"transform":{}}],"name":"root"},{"frame":[{"duration":10,"curve":[0,0,0,1],"transform":{"skX":-0.01,"skY":-0.01}},{"duration":5,"curve":[0.25,0,0,1],"transform":{"skX":-41.47,"skY":-41.47}},{"duration":15,"curve":[0.25,0,0.75,1],"transform":{"skX":56.21,"skY":56.21}},{"duration":0,"transform":{"skX":-0.01,"skY":-0.01}}],"name":"LegFRontL"}],"duration":30,"slot":[],"name":"Attack B"},{"ik":[],"frame":[],"ffd":[],"bone":[{"frame":[{"duration":65,"transform":{}},{"duration":0,"transform":{}}],"name":"upperbody"},{"frame":[{"duration":10,"curve":[1,0,0.75,1],"transform":{}},{"duration":5,"curve":[0.25,0,0,1],"transform":{"skX":-22.77,"skY":-22.77}},{"duration":10,"transform":{"skX":-5.66,"skY":-5.66,"y":-3.13,"x":5.47}},{"duration":10,"transform":{"skX":-5.66,"skY":-5.66,"y":-3.13,"x":5.47}},{"duration":10,"transform":{"skX":-5.66,"skY":-5.66,"y":-3.13,"x":5.47}},{"duration":10,"transform":{"skX":-5.66,"skY":-5.66,"y":-3.13,"x":5.47}},{"duration":10,"curve":[0.25,0,0.75,1],"transform":{"skX":-5.66,"skY":-5.66,"y":-3.13,"x":5.47}},{"duration":0,"transform":{}}],"name":"head upper"},{"frame":[{"duration":10,"curve":[1,0,0.75,1],"transform":{}},{"duration":5,"curve":[0.25,0,0,1],"transform":{"skX":29.31,"skY":29.31}},{"duration":10,"transform":{"skX":-16.2,"skY":-16.2}},{"duration":10,"transform":{"skX":-16.2,"skY":-16.2}},{"duration":10,"transform":{"skX":-16.2,"skY":-16.2}},{"duration":10,"transform":{"skX":-16.2,"skY":-16.2}},{"duration":10,"curve":[0.25,0,0.75,1],"transform":{"skX":-16.2,"skY":-16.2}},{"duration":0,"transform":{}}],"name":"jaw"},{"frame":[{"duration":10,"curve":[1,0,0.75,1],"transform":{}},{"duration":5,"curve":[0.25,0,0,1],"transform":{"y":18.76,"x":38.22}},{"duration":10,"curve":[0.25,0,0.75,1],"transform":{"y":3.01,"x":-52.39}},{"duration":10,"curve":[0.25,0,0.75,1],"transform":{"y":26.47,"x":-52.39}},{"duration":10,"curve":[0.25,0,0.75,1],"transform":{"y":3.01,"x":-52.39}},{"duration":10,"curve":[0.25,0,0.75,1],"transform":{"y":34.04,"x":-52.39}},{"duration":10,"curve":[0.25,0,0.75,1],"transform":{"y":3.01,"x":-52.39}},{"duration":0,"transform":{}}],"name":"Mid"},{"frame":[{"duration":65,"transform":{"skX":0.06,"skY":0.06}},{"duration":0,"transform":{"skX":0.06,"skY":0.06}}],"name":"Tree"},{"frame":[{"duration":65,"transform":{}},{"duration":0,"transform":{}}],"name":"IKTRee"},{"frame":[{"duration":65,"transform":{"skX":0.02,"skY":0.02}},{"duration":0,"transform":{"skX":0.02,"skY":0.02}}],"name":"LegFrontR"},{"frame":[{"duration":10,"curve":[1,0,0.75,1],"transform":{}},{"duration":5,"curve":[0.25,0,0,1],"transform":{"y":-22.24,"x":34.06}},{"duration":10,"transform":{"y":-7.98,"x":-69.83}},{"duration":10,"transform":{"y":-7.98,"x":-69.83}},{"duration":10,"transform":{"y":-7.98,"x":-69.83}},{"duration":10,"transform":{"y":-7.98,"x":-69.83}},{"duration":10,"curve":[0.25,0,0.75,1],"transform":{"y":-7.98,"x":-69.83}},{"duration":0,"transform":{}}],"name":"IKLegFR"},{"frame":[{"duration":10,"curve":[1,0,0.75,1],"transform":{"scX":0.94,"scY":0.94}},{"duration":5,"curve":[0.25,0,0,1],"transform":{"scX":0.96,"scY":0.94}},{"duration":5,"curve":[0.25,0,0.75,1],"transform":{"scY":0.94}},{"duration":5,"curve":[0.25,0,0.75,1],"transform":{"scX":0.94,"scY":0.94}},{"duration":10,"curve":[0.25,0,0.75,1],"transform":{"scX":0.88,"scY":0.94}},{"duration":10,"curve":[0.25,0,0.75,1],"transform":{"scX":0.78,"scY":0.94}},{"duration":10,"curve":[0.25,0,0.75,1],"transform":{"scX":0.88,"scY":0.94}},{"duration":10,"curve":[0.25,0,0.75,1],"transform":{"scX":0.78,"scY":0.94}},{"duration":0,"transform":{"scX":0.94,"scY":0.94}}],"name":"shadow"},{"frame":[{"duration":65,"transform":{"skX":0.08,"skY":0.08}},{"duration":0,"transform":{"skX":0.08,"skY":0.08}}],"name":"Mid2"},{"frame":[{"duration":15,"curve":[1,0,0.75,1],"transform":{}},{"duration":10,"transform":{"y":57.12,"x":-2.89}},{"duration":10,"transform":{"y":57.12,"x":-2.89}},{"duration":10,"transform":{"y":57.12,"x":-2.89}},{"duration":10,"transform":{"y":57.12,"x":-2.89}},{"duration":10,"curve":[0.25,0,0.75,1],"transform":{"y":57.12,"x":-2.89}},{"duration":0,"transform":{}}],"name":"IKLegBack"},{"frame":[{"duration":65,"transform":{}},{"duration":0,"transform":{}}],"name":"IKLegLeftF"},{"frame":[{"duration":65,"transform":{}},{"duration":0,"transform":{}}],"name":"root"},{"frame":[{"duration":65,"transform":{"skX":-0.01,"skY":-0.01}},{"duration":0,"transform":{"skX":-0.01,"skY":-0.01}}],"name":"LegFRontL"}],"duration":65,"slot":[],"name":"Attack C"},{"ik":[],"frame":[],"ffd":[],"bone":[{"frame":[{"duration":30,"transform":{}},{"duration":0,"transform":{}}],"name":"upperbody"},{"frame":[{"duration":10,"curve":[0.25,0,0,1],"transform":{}},{"duration":20,"curve":[0.25,0,0.75,1],"transform":{"skX":11.67,"skY":11.67}},{"duration":0,"transform":{}}],"name":"head upper"},{"frame":[{"duration":10,"curve":[0.25,0,0,1],"transform":{}},{"duration":20,"curve":[0.25,0,0.75,1],"transform":{"skX":-19.82,"skY":-19.82}},{"duration":0,"transform":{}}],"name":"jaw"},{"frame":[{"duration":10,"curve":[0.25,0,0,1],"transform":{}},{"duration":20,"curve":[0.25,0,0.75,1],"transform":{"y":22.71,"x":28.38}},{"duration":0,"transform":{}}],"name":"Mid"},{"frame":[{"duration":30,"transform":{"skX":0.06,"skY":0.06}},{"duration":0,"transform":{"skX":0.06,"skY":0.06}}],"name":"Tree"},{"frame":[{"duration":30,"transform":{}},{"duration":0,"transform":{}}],"name":"IKTRee"},{"frame":[{"duration":30,"transform":{"skX":0.02,"skY":0.02}},{"duration":0,"transform":{"skX":0.02,"skY":0.02}}],"name":"LegFrontR"},{"frame":[{"duration":30,"transform":{}},{"duration":0,"transform":{}}],"name":"IKLegFR"},{"frame":[{"duration":10,"curve":[0.25,0,0,1],"transform":{"scX":0.94,"scY":0.94}},{"duration":20,"curve":[0.25,0,0.75,1],"transform":{"scX":0.98,"scY":0.98}},{"duration":0,"transform":{"scX":0.94,"scY":0.94}}],"name":"shadow"},{"frame":[{"duration":30,"transform":{"skX":0.08,"skY":0.08}},{"duration":0,"transform":{"skX":0.08,"skY":0.08}}],"name":"Mid2"},{"frame":[{"duration":30,"transform":{}},{"duration":0,"transform":{}}],"name":"IKLegBack"},{"frame":[{"duration":30,"transform":{}},{"duration":0,"transform":{}}],"name":"IKLegLeftF"},{"frame":[{"duration":30,"transform":{}},{"duration":0,"transform":{}}],"name":"root"},{"frame":[{"duration":30,"transform":{"skX":-0.01,"skY":-0.01}},{"duration":0,"transform":{"skX":-0.01,"skY":-0.01}}],"name":"LegFRontL"}],"duration":30,"slot":[],"name":"Damage"},{"ik":[],"frame":[],"ffd":[],"bone":[{"frame":[{"duration":60,"transform":{}},{"duration":0,"transform":{}}],"name":"root"},{"frame":[{"duration":30,"curve":[0.25,0,0.75,1],"transform":{}},{"duration":30,"curve":[0.25,0,0.75,1],"transform":{"y":18.56}},{"duration":0,"transform":{}}],"name":"Mid"},{"frame":[{"duration":60,"transform":{}},{"duration":0,"transform":{}}],"name":"IKLegLeftF"},{"frame":[{"duration":60,"transform":{"skX":-0.01,"skY":-0.01}},{"duration":0,"transform":{"skX":-0.01,"skY":-0.01}}],"name":"LegFRontL"},{"frame":[{"duration":60,"transform":{}},{"duration":0,"transform":{}}],"name":"IKLegFR"},{"frame":[{"duration":60,"transform":{"skX":0.02,"skY":0.02}},{"duration":0,"transform":{"skX":0.02,"skY":0.02}}],"name":"LegFrontR"},{"frame":[{"duration":60,"transform":{}},{"duration":0,"transform":{}}],"name":"upperbody"},{"frame":[{"duration":30,"curve":[0.25,0,0.75,1],"transform":{}},{"duration":30,"curve":[0.25,0,0.75,1],"transform":{"skX":-7.96,"skY":-7.96}},{"duration":0,"transform":{}}],"name":"head upper"},{"frame":[{"duration":60,"transform":{}},{"duration":0,"transform":{}}],"name":"jaw"},{"frame":[{"duration":60,"transform":{}},{"duration":0,"transform":{}}],"name":"IKLegBack"},{"frame":[{"duration":60,"transform":{"skX":0.08,"skY":0.08}},{"duration":0,"transform":{"skX":0.08,"skY":0.08}}],"name":"Mid2"},{"frame":[{"duration":60,"transform":{}},{"duration":0,"transform":{}}],"name":"IKTRee"},{"frame":[{"duration":60,"transform":{"skX":0.06,"skY":0.06}},{"duration":0,"transform":{"skX":0.06,"skY":0.06}}],"name":"Tree"},{"frame":[{"duration":30,"curve":[0.25,0,0.75,1],"transform":{"scX":0.94,"scY":0.94}},{"duration":30,"curve":[0.25,0,0.75,1],"transform":{}},{"duration":0,"transform":{"scX":0.94,"scY":0.94}}],"name":"shadow"}],"duration":60,"slot":[],"name":"Idle"}],"defaultActions":[{"gotoAndPlay":"Attack A"}],"skin":[{"name":"","slot":[{"display":[{"path":"Folder 13 Copy 7","type":"image","name":"Folder 13 Copy 7","transform":{"skX":148.45,"skY":148.45,"y":-11.35,"x":43.67}}],"name":"Folder 13 Copy 7"},{"display":[{"path":"Folder 13 Copy 6","type":"image","name":"Folder 13 Copy 6","transform":{"skX":-128.31,"skY":-128.31,"y":16.54,"x":53.29}}],"name":"Folder 13 Copy 6"},{"display":[{"path":"Folder 13 Copy 9","type":"image","name":"Folder 13 Copy 9","transform":{"skX":73.36,"skY":73.36,"y":-10.03,"x":132.36}}],"name":"Folder 13 Copy 9"},{"display":[{"path":"Folder 13 Copy 8","type":"image","name":"Folder 13 Copy 8","transform":{"skX":150.22,"skY":150.22,"y":13.07,"x":42.11}}],"name":"Folder 13 Copy 8"},{"display":[{"path":"Folder 13 Copy 2","type":"image","name":"Folder 13 Copy 2","transform":{"skX":-37.09,"skY":-37.09,"y":5.66,"x":85.61}}],"name":"Folder 13 Copy 2"},{"display":[{"path":"Folder 13 Copy 4","type":"image","name":"Folder 13 Copy 4","transform":{"skX":-146.94,"skY":-146.94,"y":-12.93,"x":26.18}}],"name":"Folder 13 Copy 4"},{"display":[{"path":"Layer 37","type":"image","name":"Layer 37","transform":{"y":4.01,"x":-3.05}}],"name":"Layer 37"},{"display":[{"path":"Folder 13 Copy 3","type":"image","name":"Folder 13 Copy 3","transform":{"skX":-17.43,"skY":-17.43,"y":9.57,"x":84}}],"name":"Folder 13 Copy 3"}]}],"slot":[{"name":"Layer 37","parent":"shadow","color":{}},{"z":1,"name":"Folder 13 Copy 4","parent":"LegFRontL","color":{}},{"z":2,"name":"Folder 13 Copy 3","parent":"Mid2","color":{}},{"z":3,"name":"Folder 13 Copy 9","parent":"Tree","color":{}},{"z":4,"name":"Folder 13 Copy 8","parent":"upperbody","color":{}},{"z":5,"name":"Folder 13 Copy 6","parent":"jaw","color":{}},{"z":6,"name":"Folder 13 Copy 7","parent":"head upper","color":{}},{"z":7,"name":"Folder 13 Copy 2","parent":"LegFrontR","color":{}}],"name":"Contiturtle","bone":[{"transform":{},"name":"root"},{"transform":{"y":-73.54,"x":297.95},"name":"IKLegBack","parent":"root"},{"transform":{"y":-12.98,"x":187.68},"name":"IKLegFR","parent":"root"},{"transform":{"y":-32.47,"x":-301.76},"name":"IKLegLeftF","parent":"root"},{"transform":{"y":-514.29,"x":78.31},"name":"IKTRee","parent":"root"},{"transform":{"y":-32.01,"x":25.26},"name":"shadow","parent":"root"},{"transform":{"y":-157.67,"x":7.53},"name":"Mid","parent":"root"},{"length":185,"transform":{"skX":146.94,"skY":146.94,"y":24.05,"x":-153.92},"parent":"Mid","name":"LegFRontL"},{"length":176,"transform":{"skX":17.35,"skY":17.35,"y":31.38,"x":122.41},"parent":"Mid","name":"Mid2"},{"length":99,"transform":{"skX":-150.22,"skY":-150.22,"y":14.43,"x":31.75},"parent":"Mid","name":"upperbody"},{"length":220,"transform":{"skX":37.09,"skY":37.09,"y":12.02,"x":4.81},"parent":"Mid","name":"LegFrontR"},{"length":133,"transform":{"skX":1.77,"skY":1.77,"y":-45.1,"x":119.26},"parent":"upperbody","name":"head upper"},{"length":265,"transform":{"skX":76.86,"skY":76.86,"y":84.17,"x":90.64},"parent":"upperbody","name":"Tree"},{"length":97,"transform":{"skX":-83.25,"skY":-83.25,"y":-10.18,"x":2.71},"parent":"head upper","name":"jaw"}]}],"isGlobal":0,"name":"Contiturtle","version":"5.0"}