{"width":1024,"SubTexture":[{"frameX":-1,"frameHeight":38,"y":517,"frameY":-1,"frameWidth":335,"width":333,"height":36,"name":"Layer 55","x":562},{"width":253,"y":285,"height":111,"name":"Folder 2 Copy 10","x":1},{"width":203,"y":422,"height":122,"name":"Folder 2 Copy 9","x":357},{"width":390,"y":223,"height":197,"name":"Layer 12 Copy","x":320},{"width":354,"y":422,"height":197,"name":"Folder 2 Copy 7","x":1},{"width":317,"y":1,"height":282,"name":"Folder 2 Copy 12","x":1},{"width":351,"y":1,"height":220,"name":"Folder 2 Copy 8","x":320},{"frameX":-1,"frameHeight":71,"y":422,"frameY":-1,"frameWidth":96,"width":94,"height":69,"name":"Folder 2 Copy 6","x":562},{"width":135,"y":1,"height":187,"name":"Folder 2 Copy 3","x":883},{"width":189,"y":340,"height":175,"name":"Folder 2 Copy 4","x":712},{"frameX":-1,"frameHeight":339,"y":1,"frameY":-1,"frameWidth":171,"width":169,"height":337,"name":"Folder 2 Copy 11","x":712}],"height":1024,"name":"Alfadriel","imagePath":"Alfadriel_tex.png"}