{"width":1024,"SubTexture":[{"frameX":-1,"frameHeight":27,"y":911,"frameY":-1,"frameWidth":656,"width":654,"height":25,"name":"shadow","x":1},{"frameX":-1,"frameHeight":39,"y":957,"frameY":-1,"frameWidth":86,"width":84,"height":37,"name":"small flower a","x":733},{"frameX":-1,"frameHeight":66,"y":950,"frameY":-1,"frameWidth":39,"width":37,"height":64,"name":"leaf B","x":971},{"frameX":-1,"frameHeight":85,"y":832,"frameY":-1,"frameWidth":95,"width":93,"height":83,"name":"Tentacle M","x":657},{"frameX":-1,"frameHeight":93,"y":766,"frameY":-1,"frameWidth":44,"width":42,"height":91,"name":"Tentacle K","x":893},{"frameX":-1,"frameHeight":74,"y":950,"frameY":-1,"frameWidth":44,"width":42,"height":72,"name":"Tentacle J","x":819},{"frameX":-1,"frameHeight":65,"y":950,"frameY":-1,"frameWidth":43,"width":41,"height":63,"name":"Bush plant","x":928},{"frameX":-1,"frameHeight":125,"y":832,"frameY":-1,"frameWidth":60,"width":58,"height":123,"name":"tentacle I","x":752},{"frameX":-1,"frameHeight":135,"y":353,"frameY":-1,"frameWidth":135,"width":133,"height":133,"name":"Tentacle P","x":499},{"frameX":-1,"frameHeight":227,"y":382,"frameY":-1,"frameWidth":498,"width":496,"height":225,"name":"main bush","x":1},{"frameX":-1,"frameHeight":59,"y":837,"frameY":-1,"frameWidth":67,"width":65,"height":57,"name":"secondary Mouth","x":812},{"frameX":-1,"frameHeight":61,"y":832,"frameY":-1,"frameWidth":75,"width":73,"height":59,"name":"tentacle X","x":504},{"width":155,"y":595,"height":122,"name":"TEntacle N","x":747},{"width":205,"y":832,"height":65,"name":"TEntacle O","x":227},{"frameX":-1,"frameHeight":48,"y":950,"frameY":-1,"frameWidth":65,"width":63,"height":46,"name":"tentacle H","x":863},{"width":224,"y":832,"height":77,"name":"Tentacle G","x":1},{"frameX":-1,"frameHeight":171,"y":595,"frameY":-1,"frameWidth":96,"width":94,"height":169,"name":"tentacle F","x":904},{"frameX":-1,"frameHeight":106,"y":488,"frameY":-1,"frameWidth":151,"width":149,"height":104,"name":"tentacle E","x":499},{"width":246,"y":595,"height":159,"name":"tentacle C","x":499},{"width":227,"y":250,"height":101,"name":"tentacle D","x":373},{"width":313,"y":442,"height":151,"name":"tentacle B","x":689},{"frameX":-1,"frameHeight":230,"y":1,"frameY":-1,"frameWidth":325,"width":323,"height":228,"name":"lilybase","x":689},{"frameX":-1,"frameHeight":70,"y":832,"frameY":-1,"frameWidth":70,"width":68,"height":68,"name":"small flower b","x":434},{"frameX":-1,"frameHeight":133,"y":324,"frameY":-1,"frameWidth":39,"width":37,"height":131,"name":"small flower C","x":634},{"width":56,"y":832,"height":69,"name":"arm left","x":579},{"width":68,"y":719,"height":116,"name":"body","x":823},{"frameX":-1,"frameHeight":74,"y":250,"frameY":-1,"frameWidth":76,"width":74,"height":72,"name":"head damage","x":602},{"frameX":-1,"frameHeight":74,"y":917,"frameY":-1,"frameWidth":76,"width":74,"height":72,"name":"head Copy","x":657},{"width":59,"y":896,"height":52,"name":"arm right","x":812},{"frameX":-1,"frameHeight":59,"y":457,"frameY":-1,"frameWidth":25,"width":23,"height":57,"name":"flower front","x":650},{"width":314,"y":1,"height":247,"name":"flower base","x":373},{"width":370,"y":1,"height":379,"name":"flower main","x":1},{"width":322,"y":756,"height":74,"name":"tentacle A","x":499},{"width":317,"y":231,"height":209,"name":"tentacles FRont","x":689}],"height":1024,"name":"Rafflesia","imagePath":"Rafflesia_tex.png"}