{"width":512,"SubTexture":[{"frameX":-1,"frameHeight":28,"y":794,"frameY":-1,"frameWidth":460,"width":458,"height":26,"name":"Shadow","x":1},{"width":80,"y":521,"height":201,"name":"Left Leg Back","x":348},{"width":219,"y":272,"height":267,"name":"Tail","x":1},{"width":135,"y":1,"height":325,"name":"Left Leg Front","x":303},{"width":300,"y":1,"height":269,"name":"body","x":1},{"frameX":-1,"frameHeight":85,"y":541,"frameY":-1,"frameWidth":58,"width":56,"height":83,"name":"Head Jaw","x":145},{"frameX":-1,"frameHeight":193,"y":328,"frameY":-1,"frameWidth":99,"width":97,"height":191,"name":"Head Top","x":348},{"width":142,"y":541,"height":251,"name":"Right Leg Back","x":1},{"width":124,"y":328,"height":326,"name":"Right Leg Front","x":222}],"height":1024,"name":"Garm","imagePath":"Garm_tex.png"}