{"frameRate":30,"isGlobal":0,"armature":[{"defaultActions":[{"gotoAndPlay":"Attack A"}],"aabb":{"width":440.82811525603245,"y":-381.01669995839063,"height":381.01669995839063,"x":-185.6365909090909},"type":"Armature","frameRate":30,"ik":[{"bendPositive":"false","bone":"bone19","chain":1,"name":"IKLegL","target":"IKLegL"},{"bendPositive":"false","bone":"bone17","chain":1,"name":"IKLEGR","target":"IKLEGR"},{"bendPositive":"false","bone":"bone20","name":"IKLEGL2","target":"IKLEGL2"}],"bone":[{"name":"root","transform":{}},{"transform":{"y":-15.94,"x":-52.61},"name":"IKLEGL2","parent":"root"},{"transform":{"y":-21.35,"x":-36.62},"name":"IKLEGR","parent":"root"},{"transform":{"y":-138.57,"x":-16.72},"name":"IKLegL","parent":"root"},{"transform":{"y":-197.97,"x":4.79},"name":"bone","parent":"root"},{"transform":{"y":-10.62,"x":9.16},"name":"bone21","parent":"root"},{"length":32,"transform":{"skX":-76.26,"skY":-76.26},"parent":"bone","name":"bone2"},{"length":53,"transform":{"y":6.91,"skX":126.24,"skY":126.24,"x":-12.5},"parent":"bone","name":"bone18"},{"length":63,"transform":{"y":1.7,"skX":57.86,"skY":57.86,"x":9.61},"parent":"bone","name":"bone13"},{"length":64,"transform":{"y":9.27,"skX":111.02,"skY":111.02,"x":14.34},"parent":"bone","name":"bone16"},{"length":84,"transform":{"y":0.11,"skX":-3.72,"skY":-3.72,"x":63.88},"parent":"bone16","name":"bone17"},{"length":25,"transform":{"skX":-103.57,"skY":-103.57,"x":53.4},"parent":"bone18","name":"bone19"},{"length":37,"transform":{"skX":-19.03,"skY":-19.03,"x":32.06},"parent":"bone2","name":"bone3"},{"length":47,"transform":{"y":-10.28,"skX":-25.93,"skY":-25.93,"x":7.55},"parent":"bone13","name":"bone15"},{"length":40,"transform":{"y":4.49,"skX":56.65,"skY":56.65,"x":0.01},"parent":"bone13","name":"bone14"},{"length":26,"transform":{"y":-15.54,"skX":177.79,"skY":177.79,"x":20.4},"parent":"bone3","name":"bone8"},{"length":44,"transform":{"y":-1,"skX":-29.88,"skY":-29.88,"x":37.97},"parent":"bone3","name":"bone4"},{"length":100,"transform":{"y":-17.76,"skX":-61.07,"skY":-61.07,"x":16.86},"parent":"bone3","name":"bone12"},{"length":37,"transform":{"y":25.92,"skX":139.18,"skY":139.18,"x":24.7},"parent":"bone3","name":"bone5"},{"length":17,"transform":{"y":0.27,"skX":105.38,"skY":105.38,"x":25.37},"parent":"bone19","name":"bone20"},{"length":137,"transform":{"y":11.31,"skX":76.08,"skY":76.08,"x":31.54},"parent":"bone3","name":"bone11"},{"length":51,"transform":{"skX":5.51,"skY":5.51,"x":37.93},"parent":"bone5","name":"bone6"},{"length":64,"transform":{"skX":53.14,"skY":53.14,"x":26.52},"parent":"bone8","name":"bone9"},{"length":204,"transform":{"y":0.69,"skX":21.04,"skY":21.04,"x":68.52},"parent":"bone9","name":"bone10"},{"length":24,"transform":{"skX":-2.66,"skY":-2.66,"x":51.04},"parent":"bone6","name":"bone7"}],"animation":[{"bone":[{"frame":[{"transform":{},"duration":10},{"transform":{},"duration":27},{"transform":{},"duration":0}],"name":"root"},{"frame":[{"curve":[0.25,0,1,0],"transform":{},"duration":10},{"curve":[0.25,0,0,1],"transform":{"y":10.45,"x":46.44},"duration":5},{"curve":[0.25,0,0.266,0.74],"transform":{"y":55.61,"x":-209.2},"duration":5},{"curve":[0.25,0,0.75,1],"transform":{"y":55.61,"x":-221.7},"duration":17},{"transform":{},"duration":0}],"name":"bone"},{"frame":[{"transform":{},"duration":10},{"transform":{},"duration":27},{"transform":{},"duration":0}],"name":"bone2"},{"frame":[{"curve":[0.25,0,1,0],"transform":{},"duration":10},{"curve":[0.25,0,0,1],"transform":{"skX":9.59,"skY":9.59},"duration":5},{"transform":{"skX":-27.08,"skY":-27.08},"duration":5},{"curve":[0.25,0,0.75,1],"transform":{"skX":-27.08,"skY":-27.08},"duration":17},{"transform":{},"duration":0}],"name":"bone3"},{"frame":[{"transform":{},"duration":10},{"curve":[0.25,0,0,1],"transform":{},"duration":5},{"transform":{"y":-4.61,"skX":25.99,"skY":25.99,"x":-3.16},"duration":5},{"curve":[0.25,0,0.75,1],"transform":{"y":-4.61,"skX":25.99,"skY":25.99,"x":-3.16},"duration":17},{"transform":{},"duration":0}],"name":"bone4"},{"frame":[{"curve":[0.25,0,1,0],"transform":{},"duration":10},{"curve":[0.25,0,0,1],"transform":{"skX":-35.48,"skY":-35.48},"duration":5},{"transform":{"y":0.39,"skX":-51.17,"skY":-51.17,"x":7.35},"duration":5},{"curve":[0.25,0,0.75,1],"transform":{"y":0.39,"skX":-51.17,"skY":-51.17,"x":7.35},"duration":17},{"transform":{},"duration":0}],"name":"bone5"},{"frame":[{"transform":{},"duration":10},{"transform":{},"duration":27},{"transform":{},"duration":0}],"name":"bone6"},{"frame":[{"transform":{},"duration":10},{"transform":{},"duration":27},{"transform":{},"duration":0}],"name":"bone7"},{"frame":[{"curve":[0.25,0,1,0],"transform":{},"duration":10},{"curve":[0.25,0,0,1],"transform":{"skX":-31.93,"skY":-31.93},"duration":5},{"transform":{"y":-21.8,"skX":-254.99,"skY":-254.99,"x":-0.01},"duration":5},{"curve":[0.25,0,0.75,1],"transform":{"y":-21.8,"skX":-254.99,"skY":-254.99,"x":-0.01},"duration":17},{"transform":{},"duration":0}],"name":"bone8"},{"frame":[{"transform":{},"duration":10},{"curve":[0.25,0,0,1],"transform":{},"duration":5},{"transform":{"skX":-47.05,"skY":-47.05},"duration":5},{"curve":[0.25,0,0.75,1],"transform":{"skX":-47.05,"skY":-47.05},"duration":17},{"transform":{},"duration":0}],"name":"bone9"},{"frame":[{"transform":{},"duration":10},{"curve":[0.25,0,0,1],"transform":{},"duration":5},{"transform":{"skX":-21.96,"skY":-21.96,"scX":1.22,"scY":1.22},"duration":5},{"curve":[0.25,0,0.75,1],"transform":{"skX":-21.96,"skY":-21.96,"scX":1.22,"scY":1.22},"duration":17},{"transform":{},"duration":0}],"name":"bone10"},{"frame":[{"curve":[0.25,0,0.75,1],"transform":{},"duration":5},{"curve":[0.25,0,0.75,1],"transform":{"skX":-38.72,"skY":-38.72},"duration":3},{"curve":[0.25,0,0.75,1],"transform":{"skX":22.13,"skY":22.13},"duration":2},{"curve":[0.25,0,0,1],"transform":{"skX":-39.82,"skY":-39.82},"duration":5},{"curve":[0.25,0,0.266,0.74],"transform":{"skX":4.73,"skY":4.73},"duration":5},{"curve":[0.25,0,0.75,1],"transform":{"skX":6.1,"skY":6.1},"duration":17},{"transform":{},"duration":0}],"name":"bone11"},{"frame":[{"curve":[0.25,0,0.75,1],"transform":{},"duration":5},{"curve":[0.25,0,0.75,1],"transform":{"skX":40.25,"skY":40.25},"duration":3},{"curve":[0.25,0,0.75,1],"transform":{"skX":-22.48,"skY":-22.48},"duration":2},{"curve":[0.25,0,0,1],"transform":{"skX":46.27,"skY":46.27},"duration":5},{"transform":{"skX":11.38,"skY":11.38},"duration":5},{"curve":[0.25,0,0.75,1],"transform":{"skX":11.38,"skY":11.38},"duration":17},{"transform":{},"duration":0}],"name":"bone12"},{"frame":[{"transform":{},"duration":10},{"curve":[0.25,0,0,1],"transform":{},"duration":5},{"transform":{"skX":-49.45,"skY":-49.45},"duration":5},{"curve":[0.25,0,0.75,1],"transform":{"skX":-49.45,"skY":-49.45},"duration":17},{"transform":{},"duration":0}],"name":"bone13"},{"frame":[{"transform":{},"duration":10},{"curve":[0.25,0,0,1],"transform":{},"duration":5},{"transform":{"skX":36.38,"skY":36.38},"duration":5},{"curve":[0.25,0,0.75,1],"transform":{"skX":36.38,"skY":36.38},"duration":17},{"transform":{},"duration":0}],"name":"bone14"},{"frame":[{"transform":{},"duration":10},{"transform":{},"duration":27},{"transform":{},"duration":0}],"name":"bone15"},{"frame":[{"curve":[0.25,0,1,0],"transform":{},"duration":10},{"curve":[0.25,0,0,1],"transform":{"x":128.87},"duration":5},{"transform":{"x":0.69},"duration":5},{"curve":[0.25,0,0.75,1],"transform":{"x":0.69},"duration":17},{"transform":{},"duration":0}],"name":"IKLEGR"},{"frame":[{"curve":[0.25,0,0.75,1],"transform":{"skX":-2.69,"skY":-2.69},"duration":10},{"curve":[0.25,0,0,1],"transform":{"skX":-30.76,"skY":-30.76},"duration":27},{"transform":{"skX":-2.69,"skY":-2.69},"duration":0}],"name":"bone16"},{"frame":[{"transform":{"skX":3.82,"skY":3.82},"duration":10},{"transform":{"skX":3.82,"skY":3.82},"duration":27},{"transform":{"skX":3.82,"skY":3.82},"duration":0}],"name":"bone17"},{"frame":[{"curve":[0.25,0,1,0],"transform":{},"duration":10},{"curve":[0.25,0,0,1],"transform":{"y":10.45,"x":61.15},"duration":5},{"transform":{"y":41.36,"skX":10.13,"skY":10.13,"x":-187.09},"duration":5},{"curve":[0.25,0,0.75,1],"transform":{"y":41.36,"skX":10.13,"skY":10.13,"x":-187.09},"duration":17},{"transform":{},"duration":0}],"name":"IKLegL"},{"frame":[{"curve":[0.25,0,0.75,1],"transform":{"skX":0.9,"skY":0.9},"duration":10},{"curve":[0.25,0,0,1],"transform":{"skX":-14.91,"skY":-14.91},"duration":27},{"transform":{"skX":0.9,"skY":0.9},"duration":0}],"name":"bone18"},{"frame":[{"curve":[0.25,0,0.75,1],"transform":{"skX":-0.44,"skY":-0.44},"duration":10},{"curve":[0.25,0,0,1],"transform":{"skX":-1.51,"skY":-1.51},"duration":27},{"transform":{"skX":-0.44,"skY":-0.44},"duration":0}],"name":"bone19"},{"frame":[{"transform":{},"duration":10},{"curve":[0.25,0,0,1],"transform":{},"duration":5},{"transform":{"x":-146.79},"duration":5},{"curve":[0.25,0,0.75,1],"transform":{"x":-146.79},"duration":17},{"transform":{},"duration":0}],"name":"IKLEGL2"},{"frame":[{"curve":[0.25,0,0.75,1],"transform":{"skX":-22.16,"skY":-22.16},"duration":10},{"curve":[0.25,0,0,1],"transform":{"skX":19.34,"skY":19.34},"duration":27},{"transform":{"skX":-22.16,"skY":-22.16},"duration":0}],"name":"bone20"},{"frame":[{"curve":[0.25,0,1,0],"transform":{},"duration":10},{"curve":[0.25,0,0,1],"transform":{"scX":1.34,"x":37.52},"duration":5},{"transform":{"scX":1.48,"x":-187.01},"duration":5},{"curve":[0.25,0,0.75,1],"transform":{"scX":1.48,"x":-187.01},"duration":17},{"transform":{},"duration":0}],"name":"bone21"}],"frame":[],"duration":37,"ffd":[],"ik":[],"name":"Attack A","slot":[]},{"bone":[{"frame":[{"transform":{},"duration":10},{"transform":{},"duration":5},{"transform":{},"duration":5},{"transform":{},"duration":18},{"transform":{},"duration":0}],"name":"root"},{"frame":[{"curve":[0.25,0,1,0],"transform":{},"duration":10},{"curve":[0.25,0,0,1],"transform":{"y":10.45,"x":46.44},"duration":5},{"curve":[0.25,0,0.5,0.94],"transform":{"y":55.61,"x":-209.2},"duration":5},{"curve":[0.25,0,0.75,1],"transform":{"y":55.61,"x":-220.39},"duration":18},{"transform":{},"duration":0}],"name":"bone"},{"frame":[{"transform":{},"duration":10},{"transform":{},"duration":5},{"transform":{},"duration":5},{"transform":{},"duration":18},{"transform":{},"duration":0}],"name":"bone2"},{"frame":[{"curve":[0.25,0,1,0],"transform":{},"duration":10},{"curve":[0.25,0,0,1],"transform":{"skX":9.59,"skY":9.59},"duration":5},{"transform":{"skX":-27.08,"skY":-27.08},"duration":5},{"curve":[0.25,0,0.75,1],"transform":{"skX":-27.08,"skY":-27.08},"duration":18},{"transform":{},"duration":0}],"name":"bone3"},{"frame":[{"transform":{},"duration":10},{"curve":[0.25,0,0,1],"transform":{},"duration":5},{"transform":{"y":-4.61,"skX":25.99,"skY":25.99,"x":-3.16},"duration":5},{"curve":[0.25,0,0.75,1],"transform":{"y":-4.61,"skX":25.99,"skY":25.99,"x":-3.16},"duration":18},{"transform":{},"duration":0}],"name":"bone4"},{"frame":[{"curve":[0.25,0,1,0],"transform":{},"duration":10},{"curve":[0.25,0,0,1],"transform":{"skX":-35.48,"skY":-35.48},"duration":5},{"transform":{"y":0.39,"skX":-51.17,"skY":-51.17,"x":7.35},"duration":5},{"curve":[0.25,0,0.75,1],"transform":{"y":0.39,"skX":-51.17,"skY":-51.17,"x":7.35},"duration":18},{"transform":{},"duration":0}],"name":"bone5"},{"frame":[{"transform":{},"duration":10},{"transform":{},"duration":5},{"transform":{},"duration":5},{"transform":{},"duration":18},{"transform":{},"duration":0}],"name":"bone6"},{"frame":[{"transform":{},"duration":10},{"transform":{},"duration":5},{"transform":{},"duration":5},{"transform":{},"duration":18},{"transform":{},"duration":0}],"name":"bone7"},{"frame":[{"curve":[0.25,0,1,0],"transform":{},"duration":10},{"curve":[0.25,0,0,1],"transform":{"skX":-227.77,"skY":-227.77},"duration":5},{"transform":{"y":-21.8,"skX":60.78,"skY":60.78,"x":-0.01},"duration":5},{"curve":[0.25,0,0.75,1],"transform":{"y":-21.8,"skX":60.78,"skY":60.78,"x":-0.01},"duration":18},{"transform":{},"duration":0}],"name":"bone8"},{"frame":[{"transform":{},"duration":10},{"curve":[0.25,0,0,1],"transform":{},"duration":5},{"transform":{"skX":-47.05,"skY":-47.05},"duration":5},{"curve":[0.25,0,0.75,1],"transform":{"skX":-47.05,"skY":-47.05},"duration":18},{"transform":{},"duration":0}],"name":"bone9"},{"frame":[{"curve":[0.25,0,0.75,1],"transform":{},"duration":10},{"curve":[0.25,0,0,1],"transform":{"skX":39.86,"skY":39.86},"duration":5},{"transform":{"skX":17.59,"skY":17.59,"scX":1.22,"scY":1.22},"duration":5},{"curve":[0.25,0,0.75,1],"transform":{"skX":17.59,"skY":17.59,"scX":1.22,"scY":1.22},"duration":18},{"transform":{},"duration":0}],"name":"bone10"},{"frame":[{"curve":[0.25,0,0.75,1],"transform":{},"duration":5},{"curve":[0.25,0,0.75,1],"transform":{"skX":30.25,"skY":30.25},"duration":3},{"curve":[0.25,0,0.75,1],"transform":{"skX":-42.78,"skY":-42.78},"duration":2},{"curve":[0.25,0,0,1],"transform":{"skX":21.77,"skY":21.77},"duration":5},{"transform":{"skX":-26.91,"skY":-26.91},"duration":5},{"curve":[0.25,0,0.75,1],"transform":{"skX":-26.91,"skY":-26.91},"duration":18},{"transform":{},"duration":0}],"name":"bone11"},{"frame":[{"curve":[0.25,0,0.75,1],"transform":{},"duration":5},{"curve":[0.25,0,0.75,1],"transform":{"skX":-32.48,"skY":-32.48},"duration":3},{"curve":[0.25,0,0.75,1],"transform":{"skX":34.05,"skY":34.05},"duration":2},{"curve":[0.25,0,0,1],"transform":{"skX":-43.71,"skY":-43.71},"duration":5},{"transform":{"skX":64.63,"skY":64.63},"duration":5},{"curve":[0.25,0,0.75,1],"transform":{"skX":64.63,"skY":64.63},"duration":18},{"transform":{},"duration":0}],"name":"bone12"},{"frame":[{"transform":{},"duration":10},{"curve":[0.25,0,0,1],"transform":{},"duration":5},{"transform":{"skX":-49.45,"skY":-49.45},"duration":5},{"curve":[0.25,0,0.75,1],"transform":{"skX":-49.45,"skY":-49.45},"duration":18},{"transform":{},"duration":0}],"name":"bone13"},{"frame":[{"transform":{},"duration":10},{"curve":[0.25,0,0,1],"transform":{},"duration":5},{"transform":{"skX":36.38,"skY":36.38},"duration":5},{"curve":[0.25,0,0.75,1],"transform":{"skX":36.38,"skY":36.38},"duration":18},{"transform":{},"duration":0}],"name":"bone14"},{"frame":[{"transform":{},"duration":10},{"transform":{},"duration":5},{"transform":{},"duration":5},{"transform":{},"duration":18},{"transform":{},"duration":0}],"name":"bone15"},{"frame":[{"curve":[0.25,0,1,0],"transform":{},"duration":10},{"curve":[0.25,0,0,1],"transform":{"x":128.87},"duration":5},{"transform":{"x":0.69},"duration":5},{"curve":[0.25,0,0.75,1],"transform":{"x":0.69},"duration":18},{"transform":{},"duration":0}],"name":"IKLEGR"},{"frame":[{"curve":[0.25,0,0.75,1],"transform":{"skX":-2.69,"skY":-2.69},"duration":10},{"curve":[0.25,0,0,1],"transform":{"skX":-30.76,"skY":-30.76},"duration":5},{"transform":{"skX":-75.17,"skY":-75.17},"duration":5},{"curve":[0.25,0,0.75,1],"transform":{"skX":-75.17,"skY":-75.17},"duration":18},{"transform":{"skX":-2.69,"skY":-2.69},"duration":0}],"name":"bone16"},{"frame":[{"transform":{"skX":3.82,"skY":3.82},"duration":10},{"transform":{"skX":3.82,"skY":3.82},"duration":5},{"transform":{"skX":3.82,"skY":3.82},"duration":5},{"transform":{"skX":3.82,"skY":3.82},"duration":18},{"transform":{"skX":3.82,"skY":3.82},"duration":0}],"name":"bone17"},{"frame":[{"curve":[0.25,0,1,0],"transform":{},"duration":10},{"curve":[0.25,0,0,1],"transform":{"y":10.45,"x":61.15},"duration":5},{"transform":{"y":41.36,"skX":10.13,"skY":10.13,"x":-187.09},"duration":5},{"curve":[0.25,0,0.75,1],"transform":{"y":41.36,"skX":10.13,"skY":10.13,"x":-187.09},"duration":18},{"transform":{},"duration":0}],"name":"IKLegL"},{"frame":[{"curve":[0.25,0,0.75,1],"transform":{"skX":0.9,"skY":0.9},"duration":10},{"curve":[0.25,0,0,1],"transform":{"skX":-14.91,"skY":-14.91},"duration":5},{"transform":{"skX":-28.18,"skY":-28.18},"duration":5},{"curve":[0.25,0,0.75,1],"transform":{"skX":-28.18,"skY":-28.18},"duration":18},{"transform":{"skX":0.9,"skY":0.9},"duration":0}],"name":"bone18"},{"frame":[{"curve":[0.25,0,0.75,1],"transform":{"skX":-0.44,"skY":-0.44},"duration":10},{"curve":[0.25,0,0,1],"transform":{"skX":-1.51,"skY":-1.51},"duration":5},{"transform":{"skX":-29.9,"skY":-29.9},"duration":5},{"curve":[0.25,0,0.75,1],"transform":{"skX":-29.9,"skY":-29.9},"duration":18},{"transform":{"skX":-0.44,"skY":-0.44},"duration":0}],"name":"bone19"},{"frame":[{"transform":{},"duration":10},{"curve":[0.25,0,0,1],"transform":{},"duration":5},{"transform":{"x":-146.79},"duration":5},{"curve":[0.25,0,0.75,1],"transform":{"x":-146.79},"duration":18},{"transform":{},"duration":0}],"name":"IKLEGL2"},{"frame":[{"curve":[0.25,0,0.75,1],"transform":{"skX":-22.16,"skY":-22.16},"duration":10},{"curve":[0.25,0,0,1],"transform":{"skX":19.34,"skY":19.34},"duration":5},{"transform":{"skX":17.1,"skY":17.1},"duration":5},{"curve":[0.25,0,0.75,1],"transform":{"skX":17.1,"skY":17.1},"duration":18},{"transform":{"skX":-22.16,"skY":-22.16},"duration":0}],"name":"bone20"},{"frame":[{"curve":[0.25,0,1,0],"transform":{},"duration":10},{"curve":[0.25,0,0,1],"transform":{"scX":1.34,"x":37.52},"duration":5},{"transform":{"scX":1.48,"x":-187.01},"duration":5},{"curve":[0.25,0,0.75,1],"transform":{"scX":1.48,"x":-187.01},"duration":18},{"transform":{},"duration":0}],"name":"bone21"}],"frame":[],"duration":38,"ffd":[],"ik":[],"name":"Attack B","slot":[]},{"bone":[{"frame":[{"transform":{},"duration":10},{"transform":{},"duration":5},{"transform":{},"duration":5},{"transform":{},"duration":18},{"transform":{},"duration":0}],"name":"root"},{"frame":[{"curve":[0.25,0,1,0],"transform":{},"duration":10},{"curve":[0.25,0,0,1],"transform":{"y":10.45,"x":46.44},"duration":5},{"curve":[0.25,0,0.75,1],"transform":{"y":-75.75,"x":-57.91},"duration":5},{"curve":[0.25,0,0.783,0.58],"transform":{"y":-80.72,"x":-70.83},"duration":18},{"transform":{},"duration":0}],"name":"bone"},{"frame":[{"transform":{},"duration":10},{"transform":{},"duration":5},{"transform":{},"duration":5},{"transform":{},"duration":18},{"transform":{},"duration":0}],"name":"bone2"},{"frame":[{"curve":[0.25,0,1,0],"transform":{},"duration":10},{"curve":[0.25,0,0,1],"transform":{"skX":9.59,"skY":9.59},"duration":5},{"transform":{"skX":-27.08,"skY":-27.08},"duration":5},{"curve":[0.25,0,0.783,0.58],"transform":{"skX":-27.08,"skY":-27.08},"duration":18},{"transform":{},"duration":0}],"name":"bone3"},{"frame":[{"transform":{},"duration":10},{"curve":[0.25,0,0,1],"transform":{},"duration":5},{"transform":{"y":-4.61,"skX":25.99,"skY":25.99,"x":-3.16},"duration":5},{"curve":[0.25,0,0.783,0.58],"transform":{"y":-4.61,"skX":25.99,"skY":25.99,"x":-3.16},"duration":18},{"transform":{},"duration":0}],"name":"bone4"},{"frame":[{"curve":[0.25,0,1,0],"transform":{},"duration":10},{"curve":[0.25,0,0,1],"transform":{"skX":-35.48,"skY":-35.48},"duration":5},{"transform":{"y":0.39,"skX":-51.17,"skY":-51.17,"x":7.35},"duration":5},{"curve":[0.25,0,0.783,0.58],"transform":{"y":0.39,"skX":-51.17,"skY":-51.17,"x":7.35},"duration":18},{"transform":{},"duration":0}],"name":"bone5"},{"frame":[{"transform":{},"duration":10},{"transform":{},"duration":5},{"transform":{},"duration":5},{"transform":{},"duration":18},{"transform":{},"duration":0}],"name":"bone6"},{"frame":[{"transform":{},"duration":10},{"transform":{},"duration":5},{"transform":{},"duration":5},{"transform":{},"duration":18},{"transform":{},"duration":0}],"name":"bone7"},{"frame":[{"curve":[0.25,0,1,0],"transform":{},"duration":10},{"curve":[0.25,0,0,1],"transform":{"skX":-227.77,"skY":-227.77},"duration":5},{"transform":{"y":-21.8,"skX":60.78,"skY":60.78,"x":-0.01},"duration":5},{"curve":[0.25,0,0.783,0.58],"transform":{"y":-21.8,"skX":60.78,"skY":60.78,"x":-0.01},"duration":18},{"transform":{},"duration":0}],"name":"bone8"},{"frame":[{"transform":{},"duration":10},{"curve":[0.25,0,0,1],"transform":{},"duration":5},{"transform":{"skX":-47.05,"skY":-47.05},"duration":5},{"curve":[0.25,0,0.783,0.58],"transform":{"skX":-47.05,"skY":-47.05},"duration":18},{"transform":{},"duration":0}],"name":"bone9"},{"frame":[{"curve":[0.25,0,0.75,1],"transform":{},"duration":10},{"curve":[0.25,0,0,1],"transform":{"skX":39.86,"skY":39.86},"duration":5},{"transform":{"skX":17.59,"skY":17.59,"scX":1.22,"scY":1.22},"duration":5},{"curve":[0.25,0,0.783,0.58],"transform":{"skX":17.59,"skY":17.59,"scX":1.22,"scY":1.22},"duration":18},{"transform":{},"duration":0}],"name":"bone10"},{"frame":[{"curve":[0.25,0,0.75,1],"transform":{},"duration":5},{"curve":[0.25,0,0.75,1],"transform":{"skX":30.25,"skY":30.25},"duration":3},{"curve":[0.25,0,0.75,1],"transform":{"skX":-42.78,"skY":-42.78},"duration":2},{"curve":[0.25,0,0,1],"transform":{"skX":21.77,"skY":21.77},"duration":5},{"curve":[0.25,0,0.75,1],"transform":{"skX":-26.91,"skY":-26.91},"duration":5},{"curve":[0.25,0,0.783,0.58],"transform":{"skX":-35,"skY":-35},"duration":18},{"transform":{},"duration":0}],"name":"bone11"},{"frame":[{"curve":[0.25,0,0.75,1],"transform":{},"duration":5},{"curve":[0.25,0,0.75,1],"transform":{"skX":-32.48,"skY":-32.48},"duration":3},{"curve":[0.25,0,0.75,1],"transform":{"skX":34.05,"skY":34.05},"duration":2},{"curve":[0.25,0,0,1],"transform":{"skX":-43.71,"skY":-43.71},"duration":5},{"curve":[0.25,0,0.75,1],"transform":{"skX":64.63,"skY":64.63},"duration":5},{"curve":[0.25,0,0.783,0.58],"transform":{"skX":75.89,"skY":75.89},"duration":18},{"transform":{},"duration":0}],"name":"bone12"},{"frame":[{"transform":{},"duration":10},{"curve":[0.25,0,0,1],"transform":{},"duration":5},{"transform":{"skX":-49.45,"skY":-49.45},"duration":5},{"curve":[0.25,0,0.783,0.58],"transform":{"skX":-49.45,"skY":-49.45},"duration":18},{"transform":{},"duration":0}],"name":"bone13"},{"frame":[{"transform":{},"duration":10},{"curve":[0.25,0,0,1],"transform":{},"duration":5},{"transform":{"skX":36.38,"skY":36.38},"duration":5},{"curve":[0.25,0,0.783,0.58],"transform":{"skX":36.38,"skY":36.38},"duration":18},{"transform":{},"duration":0}],"name":"bone14"},{"frame":[{"transform":{},"duration":10},{"transform":{},"duration":5},{"transform":{},"duration":5},{"transform":{},"duration":18},{"transform":{},"duration":0}],"name":"bone15"},{"frame":[{"curve":[0.25,0,1,0],"transform":{},"duration":10},{"curve":[0.25,0,0,1],"transform":{"x":128.87},"duration":5},{"transform":{"x":0.69},"duration":5},{"curve":[0.25,0,0.783,0.58],"transform":{"x":0.69},"duration":18},{"transform":{},"duration":0}],"name":"IKLEGR"},{"frame":[{"curve":[0.25,0,0.75,1],"transform":{"skX":-2.69,"skY":-2.69},"duration":10},{"curve":[0.25,0,0,1],"transform":{"skX":-30.76,"skY":-30.76},"duration":5},{"transform":{"skX":-75.17,"skY":-75.17},"duration":5},{"curve":[0.25,0,0.783,0.58],"transform":{"skX":-75.17,"skY":-75.17},"duration":18},{"transform":{"skX":-2.69,"skY":-2.69},"duration":0}],"name":"bone16"},{"frame":[{"transform":{"skX":3.82,"skY":3.82},"duration":10},{"transform":{"skX":3.82,"skY":3.82},"duration":5},{"transform":{"skX":3.82,"skY":3.82},"duration":5},{"transform":{"skX":3.82,"skY":3.82},"duration":18},{"transform":{"skX":3.82,"skY":3.82},"duration":0}],"name":"bone17"},{"frame":[{"curve":[0.25,0,1,0],"transform":{},"duration":10},{"curve":[0.25,0,0,1],"transform":{"y":10.45,"x":61.15},"duration":5},{"transform":{"y":-93.01,"skX":10.13,"skY":10.13,"x":-53.78},"duration":5},{"curve":[0.25,0,0.783,0.58],"transform":{"y":-93.01,"skX":10.13,"skY":10.13,"x":-53.78},"duration":18},{"transform":{},"duration":0}],"name":"IKLegL"},{"frame":[{"curve":[0.25,0,0.75,1],"transform":{"skX":0.9,"skY":0.9},"duration":10},{"curve":[0.25,0,0,1],"transform":{"skX":-14.91,"skY":-14.91},"duration":5},{"transform":{"skX":-28.18,"skY":-28.18},"duration":5},{"curve":[0.25,0,0.783,0.58],"transform":{"skX":-28.18,"skY":-28.18},"duration":18},{"transform":{"skX":0.9,"skY":0.9},"duration":0}],"name":"bone18"},{"frame":[{"curve":[0.25,0,0.75,1],"transform":{"skX":-0.44,"skY":-0.44},"duration":10},{"curve":[0.25,0,0,1],"transform":{"skX":-1.51,"skY":-1.51},"duration":5},{"transform":{"skX":-29.9,"skY":-29.9},"duration":5},{"curve":[0.25,0,0.783,0.58],"transform":{"skX":-29.9,"skY":-29.9},"duration":18},{"transform":{"skX":-0.44,"skY":-0.44},"duration":0}],"name":"bone19"},{"frame":[{"transform":{},"duration":10},{"curve":[0.25,0,0,1],"transform":{},"duration":5},{"transform":{"x":-33.58},"duration":5},{"curve":[0.25,0,0.783,0.58],"transform":{"x":-33.58},"duration":18},{"transform":{},"duration":0}],"name":"IKLEGL2"},{"frame":[{"curve":[0.25,0,0.75,1],"transform":{"skX":-22.16,"skY":-22.16},"duration":10},{"curve":[0.25,0,0,1],"transform":{"skX":19.34,"skY":19.34},"duration":5},{"transform":{"skX":17.1,"skY":17.1},"duration":5},{"curve":[0.25,0,0.783,0.58],"transform":{"skX":17.1,"skY":17.1},"duration":18},{"transform":{"skX":-22.16,"skY":-22.16},"duration":0}],"name":"bone20"},{"frame":[{"curve":[0.25,0,1,0],"transform":{},"duration":10},{"curve":[0.25,0,0,1],"transform":{"scX":1.34,"x":37.52},"duration":5},{"transform":{"scX":1.48,"x":-74.74},"duration":5},{"curve":[0.25,0,0.783,0.58],"transform":{"scX":1.48,"x":-74.74},"duration":18},{"transform":{},"duration":0}],"name":"bone21"}],"frame":[],"duration":38,"ffd":[],"ik":[],"name":"Attack C","slot":[]},{"bone":[{"frame":[{"transform":{},"duration":10},{"transform":{},"duration":5},{"transform":{},"duration":5},{"transform":{},"duration":18},{"transform":{},"duration":0}],"name":"root"},{"frame":[{"curve":[0.25,0,1,0],"transform":{},"duration":10},{"curve":[0.25,0,0.75,1],"transform":{"y":10.45,"x":46.44},"duration":5},{"curve":[0.25,0,0,1],"transform":{"y":9.79,"x":-57.91},"duration":5},{"curve":[0.25,0,0.783,0.58],"transform":{"y":1.6,"x":-113.46},"duration":18},{"transform":{},"duration":0}],"name":"bone"},{"frame":[{"transform":{},"duration":10},{"transform":{},"duration":5},{"transform":{},"duration":5},{"transform":{},"duration":18},{"transform":{},"duration":0}],"name":"bone2"},{"frame":[{"curve":[0.25,0,1,0],"transform":{},"duration":10},{"curve":[0.25,0,0.75,1],"transform":{"skX":9.59,"skY":9.59},"duration":5},{"transform":{"skX":-27.08,"skY":-27.08},"duration":5},{"curve":[0.25,0,0.783,0.58],"transform":{"skX":-27.08,"skY":-27.08},"duration":18},{"transform":{},"duration":0}],"name":"bone3"},{"frame":[{"transform":{},"duration":10},{"curve":[0.25,0,0.75,1],"transform":{},"duration":5},{"transform":{"y":-4.61,"skX":25.99,"skY":25.99,"x":-3.16},"duration":5},{"curve":[0.25,0,0.783,0.58],"transform":{"y":-4.61,"skX":25.99,"skY":25.99,"x":-3.16},"duration":18},{"transform":{},"duration":0}],"name":"bone4"},{"frame":[{"curve":[0.25,0,1,0],"transform":{},"duration":10},{"curve":[0.25,0,0.75,1],"transform":{"skX":2.65,"skY":2.65},"duration":5},{"curve":[0.25,0,0,1],"transform":{"y":-15.63,"skX":-214.95,"skY":-214.95,"x":-1.38},"duration":5},{"curve":[0.25,0,0.783,0.58],"transform":{"y":0.39,"skX":-15.2,"skY":-15.2,"x":7.35},"duration":18},{"transform":{},"duration":0}],"name":"bone5"},{"frame":[{"transform":{},"duration":10},{"transform":{},"duration":5},{"transform":{},"duration":5},{"transform":{},"duration":18},{"transform":{},"duration":0}],"name":"bone6"},{"frame":[{"transform":{},"duration":10},{"transform":{},"duration":5},{"transform":{},"duration":5},{"transform":{},"duration":18},{"transform":{},"duration":0}],"name":"bone7"},{"frame":[{"curve":[0.25,0,1,0],"transform":{},"duration":10},{"curve":[0.25,0,0.75,1],"transform":{"skX":-24.08,"skY":-24.08},"duration":5},{"transform":{"y":-21.8,"skX":60.78,"skY":60.78,"x":-0.01},"duration":5},{"curve":[0.25,0,0.783,0.58],"transform":{"y":-21.8,"skX":60.78,"skY":60.78,"x":-0.01},"duration":18},{"transform":{},"duration":0}],"name":"bone8"},{"frame":[{"curve":[0.25,0,0.75,1],"transform":{},"duration":10},{"curve":[0.25,0,0.75,1],"transform":{"skX":-21.16,"skY":-21.16},"duration":5},{"transform":{"skX":-47.05,"skY":-47.05},"duration":5},{"curve":[0.25,0,0.783,0.58],"transform":{"skX":-47.05,"skY":-47.05},"duration":18},{"transform":{},"duration":0}],"name":"bone9"},{"frame":[{"curve":[0.25,0,0.75,1],"transform":{},"duration":10},{"curve":[0.25,0,0.75,1],"transform":{"skX":63.14,"skY":63.14},"duration":5},{"transform":{"skX":17.59,"skY":17.59,"scX":1.22,"scY":1.22},"duration":5},{"curve":[0.25,0,0.783,0.58],"transform":{"skX":17.59,"skY":17.59,"scX":1.22,"scY":1.22},"duration":18},{"transform":{},"duration":0}],"name":"bone10"},{"frame":[{"curve":[0.25,0,0.75,1],"transform":{},"duration":5},{"curve":[0.25,0,0.75,1],"transform":{"skX":30.25,"skY":30.25},"duration":3},{"curve":[0.25,0,0.75,1],"transform":{"skX":-42.78,"skY":-42.78},"duration":2},{"curve":[0.25,0,0.75,1],"transform":{"skX":21.77,"skY":21.77},"duration":5},{"curve":[0.25,0,0,1],"transform":{"skX":-26.91,"skY":-26.91},"duration":5},{"curve":[0.25,0,0.783,0.58],"transform":{"skX":-35,"skY":-35},"duration":18},{"transform":{},"duration":0}],"name":"bone11"},{"frame":[{"curve":[0.25,0,0.75,1],"transform":{},"duration":5},{"curve":[0.25,0,0.75,1],"transform":{"skX":-32.48,"skY":-32.48},"duration":3},{"curve":[0.25,0,0.75,1],"transform":{"skX":34.05,"skY":34.05},"duration":2},{"curve":[0.25,0,0.75,1],"transform":{"skX":-43.71,"skY":-43.71},"duration":5},{"curve":[0.25,0,0,1],"transform":{"skX":64.63,"skY":64.63},"duration":5},{"curve":[0.25,0,0.783,0.58],"transform":{"skX":75.89,"skY":75.89},"duration":18},{"transform":{},"duration":0}],"name":"bone12"},{"frame":[{"transform":{},"duration":10},{"curve":[0.25,0,0.75,1],"transform":{},"duration":5},{"transform":{"skX":-49.45,"skY":-49.45},"duration":5},{"curve":[0.25,0,0.783,0.58],"transform":{"skX":-49.45,"skY":-49.45},"duration":18},{"transform":{},"duration":0}],"name":"bone13"},{"frame":[{"transform":{},"duration":10},{"curve":[0.25,0,0.75,1],"transform":{},"duration":5},{"transform":{"skX":36.38,"skY":36.38},"duration":5},{"curve":[0.25,0,0.783,0.58],"transform":{"skX":36.38,"skY":36.38},"duration":18},{"transform":{},"duration":0}],"name":"bone14"},{"frame":[{"transform":{},"duration":10},{"transform":{},"duration":5},{"transform":{},"duration":5},{"transform":{},"duration":18},{"transform":{},"duration":0}],"name":"bone15"},{"frame":[{"curve":[0.25,0,1,0],"transform":{},"duration":10},{"curve":[0.25,0,0.75,1],"transform":{"x":128.87},"duration":5},{"transform":{"x":0.69},"duration":5},{"curve":[0.25,0,0.783,0.58],"transform":{"x":0.69},"duration":18},{"transform":{},"duration":0}],"name":"IKLEGR"},{"frame":[{"curve":[0.25,0,0.75,1],"transform":{"skX":-2.69,"skY":-2.69},"duration":10},{"curve":[0.25,0,0.75,1],"transform":{"skX":-30.76,"skY":-30.76},"duration":5},{"transform":{"skX":-75.17,"skY":-75.17},"duration":5},{"curve":[0.25,0,0.783,0.58],"transform":{"skX":-75.17,"skY":-75.17},"duration":18},{"transform":{"skX":-2.69,"skY":-2.69},"duration":0}],"name":"bone16"},{"frame":[{"transform":{"skX":3.82,"skY":3.82},"duration":10},{"transform":{"skX":3.82,"skY":3.82},"duration":5},{"transform":{"skX":3.82,"skY":3.82},"duration":5},{"transform":{"skX":3.82,"skY":3.82},"duration":18},{"transform":{"skX":3.82,"skY":3.82},"duration":0}],"name":"bone17"},{"frame":[{"curve":[0.25,0,1,0],"transform":{},"duration":10},{"curve":[0.25,0,0.75,1],"transform":{"y":10.45,"x":61.15},"duration":5},{"curve":[0.25,0,0,1],"transform":{"y":-7.46,"skX":10.13,"skY":10.13,"x":-53.78},"duration":5},{"curve":[0.25,0,0.783,0.58],"transform":{"y":-10.69,"skX":10.13,"skY":10.13,"x":-96.41},"duration":18},{"transform":{},"duration":0}],"name":"IKLegL"},{"frame":[{"curve":[0.25,0,0.75,1],"transform":{"skX":0.9,"skY":0.9},"duration":10},{"curve":[0.25,0,0.75,1],"transform":{"skX":-14.91,"skY":-14.91},"duration":5},{"transform":{"skX":-28.18,"skY":-28.18},"duration":5},{"curve":[0.25,0,0.783,0.58],"transform":{"skX":-28.18,"skY":-28.18},"duration":18},{"transform":{"skX":0.9,"skY":0.9},"duration":0}],"name":"bone18"},{"frame":[{"curve":[0.25,0,0.75,1],"transform":{"skX":-0.44,"skY":-0.44},"duration":10},{"curve":[0.25,0,0.75,1],"transform":{"skX":-1.51,"skY":-1.51},"duration":5},{"transform":{"skX":-29.9,"skY":-29.9},"duration":5},{"curve":[0.25,0,0.783,0.58],"transform":{"skX":-29.9,"skY":-29.9},"duration":18},{"transform":{"skX":-0.44,"skY":-0.44},"duration":0}],"name":"bone19"},{"frame":[{"transform":{},"duration":10},{"curve":[0.25,0,0.75,1],"transform":{},"duration":5},{"transform":{"x":-33.58},"duration":5},{"curve":[0.25,0,0.783,0.58],"transform":{"x":-33.58},"duration":18},{"transform":{},"duration":0}],"name":"IKLEGL2"},{"frame":[{"curve":[0.25,0,0.75,1],"transform":{"skX":-22.16,"skY":-22.16},"duration":10},{"curve":[0.25,0,0.75,1],"transform":{"skX":19.34,"skY":19.34},"duration":5},{"transform":{"skX":17.1,"skY":17.1},"duration":5},{"curve":[0.25,0,0.783,0.58],"transform":{"skX":17.1,"skY":17.1},"duration":18},{"transform":{"skX":-22.16,"skY":-22.16},"duration":0}],"name":"bone20"},{"frame":[{"curve":[0.25,0,1,0],"transform":{},"duration":10},{"curve":[0.25,0,0.75,1],"transform":{"scX":1.34,"x":37.52},"duration":5},{"curve":[0.25,0,0,1],"transform":{"scX":1.48,"x":-74.74},"duration":5},{"curve":[0.25,0,0.783,0.58],"transform":{"scX":1.64,"x":-74.74},"duration":18},{"transform":{},"duration":0}],"name":"bone21"}],"frame":[],"duration":38,"ffd":[],"ik":[],"name":"Attack D","slot":[]},{"bone":[{"frame":[{"transform":{},"duration":10},{"transform":{},"duration":20},{"transform":{},"duration":0}],"name":"root"},{"frame":[{"curve":[0.25,0,0,1],"transform":{},"duration":10},{"curve":[0.25,0,0.75,1],"transform":{"y":6.93,"x":17.82},"duration":20},{"transform":{},"duration":0}],"name":"bone"},{"frame":[{"transform":{},"duration":10},{"transform":{},"duration":20},{"transform":{},"duration":0}],"name":"bone2"},{"frame":[{"curve":[0.25,0,0,1],"transform":{},"duration":10},{"curve":[0.25,0,0.75,1],"transform":{"skX":13.44,"skY":13.44},"duration":20},{"transform":{},"duration":0}],"name":"bone3"},{"frame":[{"transform":{},"duration":10},{"transform":{},"duration":20},{"transform":{},"duration":0}],"name":"bone4"},{"frame":[{"curve":[0.25,0,0,1],"transform":{},"duration":10},{"curve":[0.25,0,0.75,1],"transform":{"skX":-17.01,"skY":-17.01},"duration":20},{"transform":{},"duration":0}],"name":"bone5"},{"frame":[{"transform":{},"duration":10},{"transform":{},"duration":20},{"transform":{},"duration":0}],"name":"bone6"},{"frame":[{"transform":{},"duration":10},{"transform":{},"duration":20},{"transform":{},"duration":0}],"name":"bone7"},{"frame":[{"curve":[0.25,0,0,1],"transform":{},"duration":10},{"curve":[0.25,0,0.75,1],"transform":{"skX":-15.98,"skY":-15.98},"duration":20},{"transform":{},"duration":0}],"name":"bone8"},{"frame":[{"transform":{},"duration":10},{"transform":{},"duration":20},{"transform":{},"duration":0}],"name":"bone9"},{"frame":[{"transform":{},"duration":10},{"transform":{},"duration":20},{"transform":{},"duration":0}],"name":"bone10"},{"frame":[{"curve":[0.25,0,0,1],"transform":{},"duration":10},{"curve":[0.25,0,0.75,1],"transform":{"skX":24.15,"skY":24.15},"duration":20},{"transform":{},"duration":0}],"name":"bone11"},{"frame":[{"curve":[0.25,0,0,1],"transform":{},"duration":10},{"curve":[0.25,0,0.75,1],"transform":{"skX":-45.49,"skY":-45.49},"duration":20},{"transform":{},"duration":0}],"name":"bone12"},{"frame":[{"transform":{},"duration":10},{"transform":{},"duration":20},{"transform":{},"duration":0}],"name":"bone13"},{"frame":[{"transform":{},"duration":10},{"transform":{},"duration":20},{"transform":{},"duration":0}],"name":"bone14"},{"frame":[{"transform":{},"duration":10},{"transform":{},"duration":20},{"transform":{},"duration":0}],"name":"bone15"},{"frame":[{"curve":[0.25,0,0,1],"transform":{},"duration":10},{"curve":[0.25,0,0.75,1],"transform":{"x":43.56},"duration":20},{"transform":{},"duration":0}],"name":"IKLEGR"},{"frame":[{"transform":{"skX":-2.69,"skY":-2.69},"duration":10},{"transform":{"skX":-2.69,"skY":-2.69},"duration":20},{"transform":{"skX":-2.69,"skY":-2.69},"duration":0}],"name":"bone16"},{"frame":[{"transform":{"skX":3.82,"skY":3.82},"duration":10},{"transform":{"skX":3.82,"skY":3.82},"duration":20},{"transform":{"skX":3.82,"skY":3.82},"duration":0}],"name":"bone17"},{"frame":[{"curve":[0.25,0,0,1],"transform":{},"duration":10},{"curve":[0.25,0,0.75,1],"transform":{"y":8.41,"x":13.86},"duration":20},{"transform":{},"duration":0}],"name":"IKLegL"},{"frame":[{"transform":{"skX":0.9,"skY":0.9},"duration":10},{"transform":{"skX":0.9,"skY":0.9},"duration":20},{"transform":{"skX":0.9,"skY":0.9},"duration":0}],"name":"bone18"},{"frame":[{"transform":{"skX":-0.44,"skY":-0.44},"duration":10},{"transform":{"skX":-0.44,"skY":-0.44},"duration":20},{"transform":{"skX":-0.44,"skY":-0.44},"duration":0}],"name":"bone19"},{"frame":[{"transform":{},"duration":10},{"transform":{},"duration":20},{"transform":{},"duration":0}],"name":"IKLEGL2"},{"frame":[{"transform":{"skX":-22.16,"skY":-22.16},"duration":10},{"transform":{"skX":-22.16,"skY":-22.16},"duration":20},{"transform":{"skX":-22.16,"skY":-22.16},"duration":0}],"name":"bone20"},{"frame":[{"curve":[0.25,0,0,1],"transform":{},"duration":10},{"curve":[0.25,0,0.75,1],"transform":{"scX":1.32},"duration":20},{"transform":{},"duration":0}],"name":"bone21"}],"frame":[],"duration":30,"ffd":[],"ik":[],"name":"Damage","slot":[]},{"bone":[{"frame":[{"transform":{},"duration":60},{"transform":{},"duration":0}],"name":"root"},{"frame":[{"curve":[0.25,0,0.75,1],"transform":{},"duration":30},{"curve":[0.25,0,0.75,1],"transform":{"y":21.98},"duration":30},{"transform":{},"duration":0}],"name":"bone"},{"frame":[{"transform":{},"duration":60},{"transform":{},"duration":0}],"name":"bone2"},{"frame":[{"curve":[0.25,0,0.75,1],"transform":{},"duration":30},{"curve":[0.25,0,0.75,1],"transform":{"skX":-3.37,"skY":-3.37},"duration":30},{"transform":{},"duration":0}],"name":"bone3"},{"frame":[{"transform":{},"duration":60},{"transform":{},"duration":0}],"name":"bone4"},{"frame":[{"curve":[0.25,0,0.75,1],"transform":{},"duration":30},{"curve":[0.25,0,0.75,1],"transform":{"skX":-11.93,"skY":-11.93},"duration":30},{"transform":{},"duration":0}],"name":"bone5"},{"frame":[{"transform":{},"duration":60},{"transform":{},"duration":0}],"name":"bone6"},{"frame":[{"transform":{},"duration":60},{"transform":{},"duration":0}],"name":"bone7"},{"frame":[{"curve":[0.25,0,0.75,1],"transform":{},"duration":30},{"curve":[0.25,0,0.75,1],"transform":{"skX":-355.25,"skY":-355.25},"duration":30},{"transform":{},"duration":0}],"name":"bone8"},{"frame":[{"transform":{},"duration":60},{"transform":{},"duration":0}],"name":"bone9"},{"frame":[{"transform":{},"duration":60},{"transform":{},"duration":0}],"name":"bone10"},{"frame":[{"curve":[0.25,0,0.75,1],"transform":{},"duration":30},{"curve":[0.25,0,0.75,1],"transform":{"skX":-20.24,"skY":-20.24},"duration":30},{"transform":{},"duration":0}],"name":"bone11"},{"frame":[{"curve":[0.25,0,0.75,1],"transform":{},"duration":30},{"curve":[0.25,0,0.75,1],"transform":{"skX":34.18,"skY":34.18},"duration":30},{"transform":{},"duration":0}],"name":"bone12"},{"frame":[{"curve":[0.25,0,0.75,1],"transform":{},"duration":30},{"curve":[0.25,0,0.75,1],"transform":{"skX":4.65,"skY":4.65},"duration":30},{"transform":{},"duration":0}],"name":"bone13"},{"frame":[{"curve":[0.25,0,0.75,1],"transform":{},"duration":30},{"curve":[0.25,0,0.75,1],"transform":{"skX":18.22,"skY":18.22},"duration":30},{"transform":{},"duration":0}],"name":"bone14"},{"frame":[{"curve":[0.25,0,0.75,1],"transform":{},"duration":30},{"curve":[0.25,0,0.75,1],"transform":{"skX":-17.54,"skY":-17.54},"duration":30},{"transform":{},"duration":0}],"name":"bone15"},{"frame":[{"transform":{},"duration":60},{"transform":{},"duration":0}],"name":"IKLEGR"},{"frame":[{"transform":{"skX":-2.69,"skY":-2.69},"duration":60},{"transform":{"skX":-2.69,"skY":-2.69},"duration":0}],"name":"bone16"},{"frame":[{"transform":{"skX":3.82,"skY":3.82},"duration":60},{"transform":{"skX":3.82,"skY":3.82},"duration":0}],"name":"bone17"},{"frame":[{"curve":[0.25,0,0.75,1],"transform":{},"duration":30},{"curve":[0.25,0,0.75,1],"transform":{"y":3.66},"duration":30},{"transform":{},"duration":0}],"name":"IKLegL"},{"frame":[{"transform":{"skX":0.9,"skY":0.9},"duration":60},{"transform":{"skX":0.9,"skY":0.9},"duration":0}],"name":"bone18"},{"frame":[{"transform":{"skX":-0.44,"skY":-0.44},"duration":60},{"transform":{"skX":-0.44,"skY":-0.44},"duration":0}],"name":"bone19"},{"frame":[{"curve":[0.25,0,0.75,1],"transform":{},"duration":30},{"curve":[0.25,0,0.75,1],"transform":{"x":21.16},"duration":30},{"transform":{},"duration":0}],"name":"IKLEGL2"},{"frame":[{"transform":{"skX":-22.16,"skY":-22.16},"duration":60},{"transform":{"skX":-22.16,"skY":-22.16},"duration":0}],"name":"bone20"},{"frame":[{"curve":[0.25,0,0.75,1],"transform":{},"duration":30},{"curve":[0.25,0,0.75,1],"transform":{"scX":1.2},"duration":30},{"transform":{},"duration":0}],"name":"bone21"}],"frame":[],"duration":60,"ffd":[],"ik":[],"name":"Idle","slot":[]}],"skin":[{"name":"","slot":[{"display":[{"weights":[2,6,0.83509,12,0.16491,2,6,0.11909,12,0.88091,2,6,0.00088,12,0.99912,1,12,1,1,12,1,1,12,1,1,12,1,1,12,1,1,12,1,1,12,1,1,12,1,1,12,1,1,12,1,1,12,1,1,12,1,1,12,1,1,12,1,2,6,0.01189,12,0.98811,2,6,0.05504,12,0.94496,2,6,0.09199,12,0.90801,2,6,0.23327,12,0.76673,2,6,0.31613,12,0.68387,2,6,0.39573,12,0.60427,2,6,0.78212,12,0.21788,2,6,0.948,12,0.052,2,6,0.99296,12,0.00704,1,6,1,1,6,1,1,6,1,1,6,1,1,6,1,1,6,1,1,6,1,1,6,1,1,6,1,1,6,1,1,6,1,1,6,1,1,6,1,1,6,1,1,6,1,1,6,1,1,6,1,1,6,1,2,6,0.99952,12,0.00048,1,6,1,2,6,0.99798,12,0.00202,2,6,0.55026,12,0.44974,2,6,0.19519,12,0.80481,2,6,0.0295,12,0.9705,1,12,1,1,12,1,1,12,1,2,6,0.97625,12,0.02375,2,6,0.42108,12,0.57892,2,6,0.13545,12,0.86455,2,6,0.00057,12,0.99943,2,6,0.00052,12,0.99948,1,12,1,1,12,1,1,12,1,1,12,1,1,6,1,1,6,1,1,6,1],"bonePose":[6,0.2375163575340569,-0.9713835390327314,0.9713835390327314,0.2375163575340569,4.79,-197.97,12,-0.09219679929629196,-0.9957408047275752,0.9957408047275752,-0.09219679929629196,12.404774422541864,-229.1125562613894],"slotPose":[1,0,0,1,0,0],"vertices":[29.58,-221.47,35.57,-235.37,48.06,-246.28,49.47,-268.82,45.24,-282.19,53.69,-316.01,47.18,-316.01,34.34,-306.47,26.06,-292.75,20.43,-282.54,12.33,-281.66,-0.69,-275.68,-5.09,-272.87,-10.02,-276.04,-14.94,-271.1,-24.1,-278.32,-26.74,-270.05,-22.52,-245.23,-15.3,-242.6,-15.83,-239.59,-11.78,-232.74,-10.55,-229.22,-7.38,-229.22,-5.45,-223.93,-11.96,-223.06,-18.82,-217.6,-20.4,-204.4,-41.81,-179.58,-41.82,-170.08,-24.63,-184.16,-29.56,-154.01,-21.81,-154,3.88,-184.51,0.71,-192.96,9.51,-190.67,14.09,-182.57,28.69,-188.03,54.57,-179.93,79.18,-176.05,79.19,-180.63,63.37,-192.78,76.04,-200.17,45.25,-206.68,52.81,-214.6,46.48,-214.78,50.52,-229.74,4.59,-212.6,6.35,-229.14,-2.28,-236.36,-3.51,-246.56,-1.22,-260.47,16.2,-271.38,-10.9,-265.4,19.43,-217.86,21.66,-229.49,22.71,-235.13,27.99,-251.31,-18.27,-257.38,31.92,-272.84,-6.54,-268.36,-1.23,-268.36,5.92,-272.17,-19.68,-196.32,-19.96,-199.39,-29.48,-188.07],"uvs":[0.59,0.58356,0.63945,0.49773,0.74272,0.43037,0.75436,0.29131,0.71945,0.20874,0.78927,0,0.73545,0,0.62927,0.05882,0.56091,0.14356,0.51436,0.20657,0.44745,0.212,0.33981,0.24894,0.30345,0.26632,0.26272,0.24677,0.222,0.27719,0.14636,0.23265,0.12454,0.28371,0.15945,0.43689,0.21909,0.45319,0.21472,0.47166,0.24818,0.51403,0.25836,0.53576,0.28454,0.53576,0.30054,0.56835,0.24672,0.57378,0.19,0.60746,0.17691,0.68894,0,0.84213,0,0.90079,0.142,0.81388,0.10127,1,0.16527,1,0.37763,0.81171,0.35145,0.75956,0.42418,0.77368,0.462,0.82366,0.58272,0.78998,0.79654,0.83995,1,0.86385,1,0.83561,0.86927,0.76064,0.974,0.71502,0.71945,0.67482,0.782,0.62593,0.72963,0.62484,0.76309,0.5325,0.38345,0.63834,0.398,0.53622,0.32672,0.49167,0.31654,0.42866,0.33545,0.34284,0.47945,0.27548,0.25545,0.31242,0.50617,0.60579,0.52454,0.53404,0.53327,0.49928,0.57691,0.39933,0.19456,0.3619,0.6093,0.26651,0.29141,0.29409,0.33538,0.29409,0.39442,0.27063,0.18289,0.73881,0.18061,0.71985,0.10186,0.78977],"path":"Layer 227","userEdges":[23,46,46,47,47,48,48,49,49,50,50,51,51,9,50,52,52,14,0,53,53,46,53,54,54,55,55,56,48,55,49,56,29,62,26,63,63,62,63,64],"triangles":[40,37,39,39,37,38,7,4,6,6,4,5,42,37,40,44,42,43,42,36,37,56,2,3,7,8,4,4,58,3,58,56,3,0,44,45,56,1,2,0,42,44,0,53,42,53,36,42,8,58,4,53,34,36,51,56,58,8,9,58,54,0,1,55,54,1,56,55,1,9,51,58,46,34,53,54,53,0,34,35,36,51,50,56,49,55,56,50,49,56,10,51,9,47,53,54,48,47,55,49,48,55,47,54,55,61,50,51,47,46,53,46,33,34,10,61,51,60,50,61,11,61,10,29,31,32,23,46,47,26,33,46,48,22,47,22,23,47,11,60,61,26,63,33,23,24,46,24,25,46,25,26,46,33,29,32,57,49,50,59,50,60,12,60,11,62,29,33,63,62,33,52,57,50,59,52,50,49,18,48,12,59,60,19,20,48,18,19,48,20,22,48,57,18,49,13,59,12,13,14,59,14,52,59,20,21,22,57,17,18,29,30,31,14,57,52,16,57,14,15,16,14,64,29,62,16,17,57,27,64,26,63,64,62,27,28,29,26,64,63,64,27,29,42,40,41],"type":"mesh","transform":{},"width":121,"height":162,"name":"Layer 227","edges":[27,28,28,29,29,30,30,31,31,32,32,33,33,34,34,35,35,36,36,37,37,38,38,39,39,40,40,41,41,42,42,43,43,44,44,45,45,0,0,1,1,2,2,3,3,4,4,5,5,6,6,7,7,8,8,9,9,10,10,11,11,12,12,13,13,14,14,15,15,16,16,17,17,18,18,19,19,20,20,21,21,22,22,23,23,24,24,25,25,26,26,27]}],"name":"Layer 227"},{"display":[{"weights":[1,14,1,1,14,1,2,8,0.01773,14,0.98227,3,8,0.38841,14,0.57294,13,0.03865,2,8,0.0013,13,0.9987,1,13,1,1,13,1,1,13,1,2,8,0.58075,13,0.41925,1,8,1,1,8,1,2,8,0.86737,14,0.13263,2,8,0.74752,14,0.25248,2,8,0.60259,14,0.39741,2,8,0.14849,14,0.85151,2,8,0.13265,14,0.86735,2,8,0.05471,14,0.94529,1,14,1,1,14,1,2,8,0.21565,14,0.78435,2,8,0.01304,14,0.98696,2,8,0.54116,14,0.45884,2,8,0.17206,14,0.82794,2,8,0.75636,13,0.24364,2,8,0.96186,14,0.03814,1,13,1,2,8,0.0085,13,0.9915,2,8,0.03949,13,0.96051,1,13,1,2,8,0.09077,13,0.90923],"bonePose":[14,-0.4148520545417177,0.9098888793927068,-0.9098888793927068,-0.4148520545417177,10.603409126305602,-193.87289805436225,8,0.531989852639194,0.8467507287796856,-0.8467507287796856,0.531989852639194,14.4,-196.27,13,0.8486948816015427,0.5288827828010129,-0.5288827828010129,0.8486948816015427,27.12112087928108,-195.34588768284428],"slotPose":[1,0,0,1,0,0],"vertices":[-19.61,-167.72,-14.36,-195.52,-5.76,-209.32,7.84,-205.52,42.04,-217,45.24,-203.12,75.39,-172.32,75.39,-164.61,47.44,-165.32,52.84,-140.01,46.04,-140,26.45,-153.52,22.04,-152.72,19.65,-155.52,9.85,-140,3.44,-140.01,-0.95,-151.92,-19.61,-140,-9.95,-170.12,8.44,-155.72,2.67,-174.05,14.4,-177.73,8.44,-177.72,28.25,-182.52,26.04,-172.51,36.84,-198.31,61.04,-171.72,41.24,-184.52,65.12,-179.24,30.44,-203.92],"uvs":[0.00211,0.64007,0.05528,0.27903,0.1458,0.09981,0.28896,0.14916,0.64896,0,0.68264,0.18033,1,0.58033,0.99999,0.68043,0.7058,0.67124,0.76264,1,0.69106,1,0.48475,0.82449,0.43843,0.83488,0.41317,0.79851,0.31001,1,0.24264,1,0.19633,0.84527,0,1,0.10284,0.6089,0.29528,0.79592,0.23457,0.55792,0.35799,0.51004,0.29528,0.5102,0.5037,0.44786,0.48054,0.57773,0.59423,0.24267,0.84896,0.58812,0.64054,0.42189,0.89194,0.49041,0.52685,0.16994],"path":"Layer 226","userEdges":[17,18,18,3,14,19,3,20,20,16,19,20,3,21,21,13,19,22,3,23,3,24,24,9,3,25,7,26,26,27,23,8,8,27,6,28,28,25,27,28,27,3],"triangles":[26,7,6,28,26,6,27,26,28,27,8,26,4,29,5,29,25,5,3,29,4,24,13,11,21,13,24,13,12,11,22,20,19,22,19,21,3,22,21,21,19,13,19,14,13,16,15,19,19,15,14,18,16,20,20,16,19,2,1,3,1,0,18,26,8,7,5,28,6,16,17,18,0,17,18,20,22,3,18,20,3,1,18,3,21,3,24,3,24,23,24,11,10,24,10,9,8,24,9,29,3,25,24,23,8,27,23,8,5,28,25,25,27,28,25,27,3,3,23,27],"type":"mesh","transform":{},"width":95,"height":77,"name":"Layer 226","edges":[17,16,16,15,15,14,14,13,13,12,12,11,11,10,10,9,9,8,8,7,7,6,6,5,5,4,4,3,3,2,2,1,1,0,0,17]}],"name":"Layer 226"},{"display":[{"weights":[1,10,1,1,10,1,1,10,1,1,10,1,2,9,0.02955,10,0.97045,2,9,0.1616,10,0.8384,2,9,0.355,10,0.645,2,9,0.61184,10,0.38816,2,9,0.91315,10,0.08685,1,9,1,1,9,1,1,9,1,1,9,1,1,9,1,1,9,1,1,9,1,1,9,1,1,9,1,2,9,0.9754,10,0.0246,2,9,0.49018,10,0.50982,2,9,0.00098,10,0.99902,1,10,1,1,10,1,1,10,1,1,10,1,1,10,1,1,10,1,1,10,1,1,10,1,1,10,1,1,10,1,1,10,1,1,10,1,1,10,1,1,10,1,1,10,1,2,9,0.00061,10,0.99939,1,10,1,1,9,1,2,9,0.99439,10,0.00561,1,9,1],"bonePose":[10,-0.2973748740777859,0.9547607995027976,-0.9547607995027976,-0.2973748740777859,-3.8860405833404985,-129.11033331301456,9,-0.3586938087511495,0.9334552756097068,-0.9334552756097068,-0.3586938087511495,19.13,-188.7],"slotPose":[1,0,0,1,0,0],"vertices":[-26.66,-45.01,-5.54,-57.63,-1.82,-61.63,-3.61,-71.43,9.25,-94.64,18.91,-106.36,15.05,-114.23,20.02,-119.75,18.08,-131.89,23.88,-151.63,31.32,-160.57,31.32,-179.75,31.32,-189.28,26.19,-197.14,17.77,-199.9,2.17,-195.62,-6.93,-187.62,-7.55,-181.97,-10.26,-156.7,-12.05,-140.07,-13.01,-131.18,-20.1,-123.24,-18.26,-116.96,-30.41,-110.07,-24.05,-95.3,-26.67,-84.24,-33.99,-82.3,-37.69,-69.33,-32.47,-61.46,-33.16,-45,-24.95,-65.68,-27.02,-75.08,-8.25,-65.13,-7.42,-73.14,-16.94,-78.63,-9.63,-96.46,-8.94,-103.64,-8.8,-116.2,-3.83,-128.12,1.42,-149.92,16.05,-184.98],"uvs":[0.16197,1,0.46597,0.91904,0.51997,0.89339,0.49397,0.83058,0.6802,0.68182,0.8202,0.60663,0.7642,0.5562,0.8362,0.52082,0.8082,0.44297,0.8922,0.31647,1,0.25915,1,0.13619,1,0.07515,0.92554,0.02473,0.80354,0.00704,0.57754,0.03446,0.44355,0.12558,0.43494,0.15781,0.39643,0.30197,0.37108,0.39688,0.35755,0.44758,0.25493,0.49854,0.28155,0.53869,0.10555,0.58292,0.19755,0.67758,0.15973,0.74852,0.05373,0.76091,0,0.84406,0.07573,0.89449,0.06573,1,0.18549,0.86739,0.15491,0.80724,0.4268,0.87093,0.43868,0.81963,0.30075,0.78447,0.40667,0.67013,0.41666,0.62413,0.41866,0.54363,0.49065,0.46718,0.56595,0.34127,0.77854,0.10492],"path":"Layer 225","userEdges":[29,30,27,31,31,32,32,1,25,34,34,33,31,34,34,35,35,36,36,37,36,23,36,6,37,38,38,39,39,40,40,16,40,12,40,17,39,18,40,18,40,10,39,19,39,8,8,38,37,6,37,7],"triangles":[40,11,12,13,40,12,11,40,10,40,9,10,39,8,9,40,39,9,14,40,13,15,40,14,6,4,5,16,17,40,39,38,8,15,16,40,36,4,6,37,36,6,33,3,4,35,33,4,36,35,4,35,34,33,19,38,39,3,32,2,18,19,39,19,20,38,32,1,2,20,37,38,33,32,3,20,21,37,32,30,1,30,0,1,24,34,35,21,22,37,22,36,37,34,32,33,24,25,34,22,23,36,23,24,36,36,24,35,25,31,34,31,27,30,27,28,30,25,26,31,26,27,31,0,29,30,28,29,30,30,31,32,34,31,32,17,40,18,18,39,40,6,37,7,38,8,7,37,38,7],"type":"mesh","transform":{},"width":69,"height":156,"name":"Layer 225","edges":[27,28,28,29,29,0,0,1,1,2,2,3,3,4,4,5,5,6,6,7,7,8,8,9,9,10,10,11,11,12,12,13,13,14,14,15,15,16,16,17,17,18,18,19,19,20,20,21,21,22,22,23,23,24,24,25,25,26,26,27]}],"name":"Layer 225"},{"display":[{"weights":[2,7,0.97846,11,0.02154,1,7,1,1,7,1,1,7,1,1,7,1,2,7,0.7475,11,0.2525,2,7,0.26367,11,0.73633,2,7,0.19103,11,0.80897,1,19,1,1,19,1,1,19,1,1,19,1,2,11,0.68914,19,0.31086,3,7,0.00116,11,0.99324,19,0.0056,2,7,0.48505,11,0.51495,2,7,0.83972,11,0.16028,2,11,0.12293,19,0.87707,2,7,0.15771,11,0.84229,2,7,0.34339,11,0.65661,2,7,0.62337,11,0.37663,1,7,1,1,7,1,1,7,1],"bonePose":[7,-0.5911688882223416,0.8065477949867327,-0.8065477949867327,-0.5911688882223416,-7.71,-191.06,11,0.922740022918746,0.3854229496331426,-0.3854229496331426,0.922740022918746,-39.27841863107304,-147.99034774770848,19,-0.6163489099214566,0.7874731876315741,-0.7874731876315741,-0.6163489099214566,-15.972568446025395,-137.9630277093276],"slotPose":[1,0,0,1,0,0],"vertices":[-51.81,-156.5,-43.87,-178.84,-9.66,-204,3.19,-204,3.19,-179.33,-14.57,-162.57,-7.41,-156.2,-1.53,-154.24,-12.51,-133.17,-13.58,-125.33,-27.2,-121,-32.21,-121,-31.03,-135.62,-41.32,-136.5,-49.75,-144.15,-51.81,-150.52,-23.29,-132.38,-9.66,-148.75,-14.27,-153.94,-33.78,-150.32,-28.58,-166,-15.35,-182.36,-3.19,-196.28],"uvs":[0,0.57238,0.14451,0.30317,0.76636,0,1,0,1,0.29727,0.67727,0.49917,0.80734,0.57592,0.91425,0.59953,0.71469,0.85339,0.69509,0.94784,0.44742,1,0.35655,1,0.37793,0.82387,0.19084,0.81324,0.0376,0.72115,0,0.6444,0.51869,0.86283,0.76636,0.66565,0.68262,0.60307,0.32804,0.64676,0.42247,0.45785,0.66302,0.26067,0.88396,0.093],"path":"Layer 224","userEdges":[11,16,16,17,17,18,18,19,19,20,20,21,21,22],"triangles":[17,8,7,21,5,4,22,21,4,2,22,3,22,4,3,6,17,7,2,21,22,18,17,6,5,18,6,20,5,21,16,8,17,18,16,17,1,21,2,12,16,18,19,12,18,16,9,8,16,10,9,5,20,18,20,19,18,1,20,21,19,13,12,0,19,20,1,0,20,14,13,19,15,14,19,0,15,19,10,11,16,11,12,16],"type":"mesh","transform":{},"width":55,"height":83,"name":"Layer 224","edges":[0,15,15,14,14,13,13,12,12,11,11,10,10,9,9,8,8,7,7,6,6,5,5,4,4,3,3,2,2,1,1,0]}],"name":"Layer 224"},{"display":[{"weights":[2,22,0.36205,23,0.63795,1,22,1,1,22,1,2,15,0.12279,22,0.87721,2,15,0.62426,22,0.37574,1,15,1,1,15,1,1,15,1,1,15,1,1,15,1,2,15,0.99875,22,0.00125,2,15,0.972,22,0.028,2,15,0.71582,22,0.28418,2,15,0.42745,22,0.57255,2,15,0.21016,22,0.78984,2,15,0.03368,22,0.96632,2,15,0.00353,22,0.99647,1,22,1,1,22,1,2,22,0.99125,23,0.00875,2,22,0.9707,23,0.0293,2,22,0.91843,23,0.08157,2,22,0.91829,23,0.08171,2,22,0.94343,23,0.05657,2,22,0.88594,23,0.11406,2,22,0.7815,23,0.2185,2,22,0.25887,23,0.74113,1,23,1,1,23,1,1,23,1,1,23,1,1,23,1,1,23,1,1,23,1,1,23,1,1,23,1,1,23,1,1,23,1,1,23,1,1,23,1,2,22,0.00324,23,0.99676,1,23,1,2,22,0.00001,23,0.99999,2,22,0.00165,23,0.99835,1,23,1,1,23,1,1,23,1,1,23,1,1,23,1,1,23,1,2,22,0.88053,23,0.11947,2,22,0.60538,23,0.39462,2,22,0.98157,23,0.01843,1,22,1,1,22,1,1,22,1,2,15,0.84335,22,0.15665,1,15,1,1,15,1],"bonePose":[22,-0.7149609626383713,0.6991643740231718,-0.6991643740231718,-0.7149609626383713,-1.488297770893234,-221.69981269313408,23,-0.9183082539637146,0.3958660767255942,-0.3958660767255942,-0.9183082539637146,-50.95984634895042,-174.2863928492868,15,0.13052619222005202,0.9914448613738104,-0.9914448613738104,0.13052619222005202,-4.949852388569013,-247.9929304167675],"slotPose":[1,0,0,1,0,0],"vertices":[-41.7,-167.11,-6.18,-185.62,10.19,-194.15,10.19,-210.84,10.19,-221.49,10.19,-238.63,10.18,-261.78,-7.05,-265,-43.09,-257.43,-25.92,-246.83,-19.77,-239.73,-14.54,-236.22,-12.53,-228.63,-11.29,-226.05,-15.22,-229.13,-22.31,-221.6,-27.94,-221.43,-37.8,-207.44,-40.76,-193.34,-45.32,-194.08,-47.12,-191.64,-50.83,-192.06,-51.25,-195.45,-62.07,-205.63,-63.76,-191.53,-59.63,-186.76,-57.83,-178.6,-79.22,-169.24,-94.31,-162.63,-97.07,-158.4,-168.05,-133.99,-222.61,-105.69,-243.79,-90.97,-243.79,-90.97,-234.38,-90.97,-71.62,-144.77,-70.36,-154.48,-65.07,-161.41,-52.72,-157,-53.23,-167.83,-48.94,-157.76,-48.94,-148.81,-36.85,-145.54,-36.09,-155.36,-195.44,-110.19,-100.13,-149.07,-82.58,-156.81,-77.57,-163.71,-65.44,-168.94,-53.11,-173.74,-56.41,-191.81,-52.23,-180.32,-46.79,-179.48,-37.61,-182.83,-8.77,-208.12,-3.12,-216.27,-2.08,-224.21,0.85,-236.75,-4.17,-249.71],"uvs":[0.79567,0.56258,0.93553,0.45625,1,0.40724,1,0.31132,1,0.25006,1,0.15157,1,0.01857,0.93213,0,0.79024,0.04355,0.85785,0.10447,0.88205,0.14528,0.90268,0.16544,0.91057,0.20908,0.91544,0.22387,0.9,0.2062,0.87204,0.24945,0.84989,0.25043,0.81108,0.33085,0.79939,0.41187,0.78145,0.40761,0.77435,0.42162,0.75974,0.41918,0.75808,0.39969,0.71551,0.3412,0.70883,0.42223,0.72511,0.44964,0.7322,0.49655,0.64799,0.55032,0.58856,0.58827,0.57771,0.61264,0.29822,0.7528,0.08344,0.91542,0,0.98111,0,1,0.03707,1,0.67788,0.69094,0.68284,0.63518,0.70367,0.59535,0.75229,0.6207,0.7503,0.55842,0.76717,0.61635,0.76717,0.66777,0.81479,0.68659,0.81777,0.63011,0.19041,0.88961,0.56562,0.66619,0.63474,0.62175,0.65449,0.58211,0.70221,0.55208,0.75076,0.52446,0.73777,0.42063,0.75423,0.48669,0.77562,0.49149,0.81183,0.47228,0.92538,0.32694,0.9476,0.28009,0.95171,0.23445,0.96323,0.16238,0.94348,0.08791],"path":"Layer 223","userEdges":[32,44,44,45,45,46,46,47,47,48,48,27,48,49,23,50,50,51,51,49,20,52,52,0,52,53,53,54,54,55,55,56,56,57,57,58,57,5,56,4,55,3,54,17,54,1,1,53,53,18,17,53],"triangles":[45,44,35,57,56,4,56,55,4,7,58,6,54,1,2,4,55,3,54,2,3,55,54,3,6,58,5,58,57,5,57,4,5,12,13,56,58,11,57,12,56,57,11,12,57,53,0,1,13,55,56,10,11,58,7,9,58,13,54,55,30,44,45,13,15,54,9,10,58,8,9,7,15,17,54,14,15,13,16,17,15,18,20,53,52,0,53,0,40,43,40,41,43,43,41,42,20,52,53,52,49,0,49,39,0,19,20,18,39,40,0,20,51,52,21,51,20,51,49,52,50,25,51,50,51,21,39,37,38,51,26,49,23,50,22,22,50,21,25,26,51,48,39,49,26,48,49,23,24,50,48,37,39,24,25,50,48,47,37,47,36,37,27,47,48,46,35,36,47,46,36,46,45,35,27,46,47,28,46,27,28,29,46,29,45,46,30,45,29,31,44,30,32,33,34,44,34,35,27,48,26,34,32,44,31,32,44,1,53,54,18,17,53,17,53,54],"type":"mesh","transform":{},"width":254,"height":174,"name":"Layer 223","edges":[32,33,33,34,34,35,35,36,36,37,37,38,38,39,39,40,40,41,41,42,42,43,43,0,0,1,1,2,2,3,3,4,4,5,5,6,6,7,7,8,8,9,9,10,10,11,11,12,12,13,13,14,14,15,15,16,16,17,17,18,18,19,19,20,20,21,21,22,22,23,23,24,24,25,25,26,26,27,27,28,28,29,29,30,30,31,31,32]}],"name":"Layer 223"},{"display":[{"path":"Layer 222","type":"image","name":"Layer 222","transform":{"y":-76.19,"skX":156.36,"skY":156.36,"x":59.96}}],"name":"Layer 222"},{"display":[{"path":"Layer 221","type":"image","name":"Layer 221","transform":{"y":68.32,"skX":19.21,"skY":19.21,"x":92.61}}],"name":"Layer 221"},{"display":[{"weights":[2,21,0.04,24,0.96,2,21,0.27052,24,0.72948,2,21,0.95318,24,0.04682,2,18,0.03303,21,0.96697,2,18,0.09952,21,0.90048,2,18,0.28054,21,0.71946,2,18,0.56232,21,0.43768,2,18,0.7472,21,0.2528,2,18,0.98056,21,0.01944,1,18,1,1,18,1,1,18,1,1,18,1,1,18,1,1,18,1,1,18,1,1,18,1,1,18,1,1,18,1,2,18,0.99039,21,0.00961,2,18,0.87436,21,0.12564,2,18,0.74614,21,0.25386,2,18,0.51838,21,0.48162,2,18,0.28202,21,0.71798,2,18,0.00474,21,0.99526,1,21,1,2,21,0.94569,24,0.05431,2,21,0.48155,24,0.51846,2,21,0.14564,24,0.85436,2,21,0.01526,24,0.98474,1,24,1,1,24,1,1,24,1,1,24,1,1,24,1,1,24,1,1,18,1,1,18,1,1,18,1,1,18,1,2,18,0.42277,21,0.57723,1,21,1,2,21,0.79597,24,0.20403,2,21,0.6122,24,0.3878,2,21,0.00265,24,0.99735,1,24,1,1,24,1,2,21,0.01505,24,0.98495,1,24,1],"bonePose":[21,0.6507742172658507,0.7592713073348809,-0.7592713073348809,0.6507742172658507,63.27220873178324,-229.8011343027296,24,0.6853101046057837,0.7282513717976847,-0.7282513717976847,0.6853101046057837,96.48772478103226,-191.0479267763573,18,0.7206721221545224,0.6932760578220606,-0.6932760578220606,0.7206721221545224,35.937115138462204,-256.09709517592034],"slotPose":[1,0,0,1,0,0],"vertices":[112.67,-187.95,111.25,-195.04,106.86,-214.65,92.03,-248.06,85.84,-241.35,79,-247.42,72.3,-243.03,71.78,-246.78,62.49,-250.38,69.07,-258.39,65.97,-261.22,78.14,-281.46,84.46,-296.01,68.98,-294.74,34.15,-279.01,26.2,-268.95,26.19,-256.44,30.4,-252.57,29.12,-237.86,40.08,-233.35,41.38,-220.31,47.44,-220.7,50.02,-215.67,55.05,-215.29,53.27,-200.29,67.85,-197.32,86.29,-188.68,91.07,-186.23,90.94,-182.88,89.01,-177.2,95.19,-174.75,99.84,-177.46,110.29,-170.01,119.19,-170,119.2,-173.85,113.52,-180.17,45.54,-259.3,46.18,-268.46,48.37,-248.98,54.44,-238.27,65.02,-231.05,86.31,-214.02,98.04,-195.7,105.78,-200.08,105.14,-184.22,108.36,-178.29,113.91,-173.64,95.46,-179.31,98.04,-187.32],"uvs":[0.92984,0.85759,0.91458,0.80128,0.86742,0.64566,0.7079,0.3805,0.64132,0.43373,0.56781,0.38561,0.49568,0.42042,0.49013,0.39073,0.39026,0.36207,0.461,0.29859,0.42771,0.27607,0.55853,0.11542,0.6265,0,0.46005,0.00996,0.08554,0.13487,0,0.21473,0,0.31404,0.04531,0.34475,0.03144,0.46146,0.14934,0.4973,0.16321,0.6007,0.22841,0.59763,0.25615,0.63756,0.31024,0.64063,0.29114,0.75963,0.44788,0.78317,0.64623,0.85177,0.69756,0.87122,0.69617,0.89784,0.67536,0.94289,0.74194,0.96234,0.79188,0.94084,0.90423,1,1,1,1,0.96951,0.93899,0.91934,0.20799,0.29131,0.21493,0.21862,0.23851,0.37322,0.3037,0.45819,0.41744,0.51553,0.64632,0.65067,0.77254,0.79605,0.85577,0.76124,0.84883,0.88717,0.88351,0.93426,0.94315,0.97112,0.7448,0.92607,0.77254,0.8626],"path":"Layer 229","userEdges":[17,36,23,40,40,6,40,41,41,42,42,43,43,1,42,44,44,45,45,46,29,47,47,48],"triangles":[3,4,2,2,43,1,46,32,33,46,33,34,35,46,34,45,32,46,44,45,35,45,46,35,44,35,0,1,44,0,42,48,44,4,41,2,42,44,1,43,42,1,45,31,32,41,42,43,41,43,2,44,31,45,48,31,44,48,47,31,47,30,31,26,27,42,41,26,42,28,47,48,27,28,48,42,27,48,28,29,47,47,29,30,25,26,41,40,41,4,6,40,4,23,25,41,40,23,41,5,6,4,13,11,12,13,37,11,37,10,11,23,24,25,39,40,6,8,39,6,8,6,7,14,37,13,10,8,9,21,23,40,36,8,10,37,36,10,39,21,40,36,38,8,38,39,8,21,22,23,19,21,39,38,19,39,19,20,21,18,19,38,17,18,38,36,17,38,14,15,37,16,17,36,15,16,36,37,15,36],"type":"mesh","transform":{},"width":93,"height":126,"name":"Layer 229","edges":[15,16,16,17,17,18,18,19,19,20,20,21,21,22,22,23,23,24,24,25,25,26,26,27,27,28,28,29,29,30,30,31,31,32,32,33,33,34,34,35,35,0,0,1,1,2,2,3,3,4,4,5,5,6,6,7,7,8,8,9,9,10,10,11,11,12,12,13,13,14,14,15]}],"name":"Layer 229"},{"display":[{"path":"Layer 228","type":"image","name":"Layer 228","transform":{"y":4.02,"skX":125.17,"skY":125.17,"x":24.3}}],"name":"Layer 228"},{"display":[{"path":"Ellipse 4","type":"image","name":"Ellipse 4","transform":{"y":0.12,"x":12.53}}],"name":"Ellipse 4"}]}],"name":"Michael","slot":[{"name":"Ellipse 4","parent":"bone21","color":{}},{"z":1,"name":"Layer 221","parent":"bone11","color":{}},{"z":2,"name":"Layer 222","parent":"bone12","color":{}},{"z":3,"name":"Layer 223","parent":"root","color":{}},{"z":4,"name":"Layer 224","parent":"root","color":{}},{"z":5,"name":"Layer 225","parent":"root","color":{}},{"z":6,"name":"Layer 226","parent":"root","color":{}},{"z":7,"name":"Layer 227","parent":"root","color":{}},{"z":8,"name":"Layer 228","parent":"bone4","color":{}},{"z":9,"name":"Layer 229","parent":"root","color":{}}]}],"name":"Michael","version":"5.0"}