{"width":1024,"imagePath":"Michael_tex.png","height":512,"name":"Michael","SubTexture":[{"frameWidth":255,"y":238,"frameX":-1,"frameHeight":21,"frameY":-1,"width":253,"height":19,"name":"Ellipse 4","x":435},{"frameWidth":249,"y":1,"frameX":-1,"frameHeight":307,"frameY":-1,"width":247,"height":305,"name":"Layer 221","x":1},{"frameWidth":185,"y":1,"frameX":-1,"frameHeight":273,"frameY":-1,"width":183,"height":271,"name":"Layer 222","x":250},{"width":254,"y":274,"height":174,"name":"Layer 223","x":250},{"width":55,"y":1,"height":83,"name":"Layer 224","x":506},{"width":69,"y":1,"height":156,"name":"Layer 225","x":435},{"width":95,"y":159,"height":77,"name":"Layer 226","x":435},{"width":121,"y":308,"height":162,"name":"Layer 227","x":1},{"frameWidth":56,"y":436,"frameX":-1,"frameHeight":58,"frameY":-1,"width":54,"height":56,"name":"Layer 228","x":124},{"width":93,"y":308,"height":126,"name":"Layer 229","x":124}]}