{"width":1024,"SubTexture":[{"frameX":-1,"frameHeight":19,"y":494,"frameY":-1,"frameWidth":297,"width":295,"height":17,"name":"shadow","x":1},{"frameX":-1,"frameHeight":28,"y":382,"frameY":-1,"frameWidth":48,"width":46,"height":26,"name":"left Foot","x":848},{"frameX":-1,"frameHeight":25,"y":382,"frameY":-1,"frameWidth":56,"width":54,"height":23,"name":"right foot","x":792},{"width":68,"y":1,"height":149,"name":"left Arm","x":706},{"width":121,"y":241,"height":251,"name":"left Leg","x":554},{"width":150,"y":1,"height":238,"name":"right Leg","x":554},{"width":113,"y":241,"height":176,"name":"torso","x":677},{"width":62,"y":241,"height":182,"name":"rightArm","x":923},{"frameX":-1,"frameHeight":141,"y":241,"frameY":-1,"frameWidth":131,"width":129,"height":139,"name":"head","x":792},{"frameX":-1,"frameHeight":378,"y":1,"frameY":-1,"frameWidth":553,"width":551,"height":376,"name":"claw","x":1}],"height":512,"name":"SpiritFighter","imagePath":"SpiritFighter_tex.png"}