{"width":512,"SubTexture":[{"frameY":-1,"y":973,"frameWidth":453,"frameX":-1,"frameHeight":28,"width":451,"height":26,"name":"shadow","x":1},{"width":177,"y":704,"height":267,"name":"left arm","x":1},{"frameY":-1,"y":870,"frameWidth":61,"frameX":-1,"frameHeight":57,"width":59,"height":55,"name":"hatback","x":180},{"width":370,"y":1,"height":390,"name":"body","x":1},{"frameY":-1,"y":704,"frameWidth":88,"frameX":-1,"frameHeight":166,"width":86,"height":164,"name":"head","x":180},{"width":240,"y":393,"height":309,"name":"right arm","x":1}],"height":1024,"name":"Osiris","imagePath":"Osiris_tex.png"}