{"frameRate":30,"armature":[{"ik":[{"bone":"robe LEft","name":"left Robe IK","bendPositive":"false","target":"left Robe IK"},{"bone":"robe Right","name":"rightRobeIK","bendPositive":"false","target":"rightRobeIK"},{"chain":1,"bone":"top chest3","name":"right Arm IK","target":"right Arm IK"},{"chain":1,"bone":"top chest4","name":"left Arm IK","target":"left Arm IK"}],"defaultActions":[{"gotoAndPlay":"Attack A"}],"type":"Armature","frameRate":30,"slot":[{"name":"shadow","parent":"shadow","color":{}},{"z":1,"name":"left arm","parent":"root","color":{}},{"z":2,"name":"hatback","parent":"head","color":{}},{"z":3,"name":"body","parent":"bot chest","color":{}},{"z":4,"name":"head","parent":"head","color":{}},{"z":5,"name":"right arm","parent":"root","color":{}}],"aabb":{"width":453,"y":-547.3783118191324,"height":546.9983118191324,"x":-209.03},"animation":[{"ffd":[],"frame":[],"duration":30,"slot":[],"ik":[],"bone":[{"frame":[{"curve":[0.25,0,1,0.03],"transform":{},"duration":10},{"curve":[0.25,0,0,1],"transform":{"y":-63.52,"x":135.77},"duration":5},{"curve":[0.25,0,0.75,1],"transform":{"y":-63.52,"x":-49.72},"duration":15},{"transform":{},"duration":0}],"name":"mid"},{"frame":[{"curve":[0.25,0,1,0.03],"transform":{"y":-31.59,"x":22.98},"duration":10},{"curve":[0.25,0,0,1],"transform":{"y":-95.59,"x":152.57},"duration":5},{"curve":[0.25,0,0.75,1],"transform":{"y":-158.39,"x":-55.22},"duration":15},{"transform":{"y":-31.59,"x":22.98},"duration":0}],"name":"left Arm IK"},{"frame":[{"curve":[0.25,0,1,0.03],"transform":{},"duration":10},{"curve":[0.25,0,0,1],"transform":{"scX":0.84},"duration":5},{"curve":[0.25,0,0.75,1],"transform":{"scX":1.22},"duration":15},{"transform":{},"duration":0}],"name":"shadow"},{"frame":[{"curve":[0.25,0,1,0.03],"transform":{},"duration":10},{"curve":[0.25,0,0,1],"transform":{"y":-84.16,"x":387.47},"duration":5},{"curve":[0.25,0,0.75,1],"transform":{"y":-92.09,"x":-165.95},"duration":15},{"transform":{},"duration":0}],"name":"right Arm IK"},{"frame":[{"transform":{},"duration":10},{"transform":{},"duration":5},{"transform":{},"duration":15},{"transform":{},"duration":0}],"name":"root"},{"frame":[{"transform":{},"duration":10},{"transform":{},"duration":5},{"transform":{},"duration":15},{"transform":{},"duration":0}],"name":"bot chest"},{"frame":[{"transform":{},"duration":10},{"curve":[0.25,0,0,1],"transform":{},"duration":5},{"curve":[0.25,0,0.75,1],"transform":{"skX":-27.25,"skY":-27.25},"duration":15},{"transform":{},"duration":0}],"name":"top chest"},{"frame":[{"transform":{},"duration":10},{"transform":{},"duration":5},{"transform":{},"duration":15},{"transform":{},"duration":0}],"name":"neck"},{"frame":[{"transform":{},"duration":10},{"transform":{},"duration":5},{"transform":{},"duration":15},{"transform":{},"duration":0}],"name":"head"},{"frame":[{"curve":[0.25,0,1,0.03],"transform":{"skX":35.95,"skY":35.95},"duration":10},{"curve":[0.25,0,0,1],"transform":{"skX":-60.74,"skY":-60.74},"duration":5},{"curve":[0.25,0,0.75,1],"transform":{"y":-14.91,"x":-2.79,"skX":90.37,"skY":90.37},"duration":15},{"transform":{"skX":35.95,"skY":35.95},"duration":0}],"name":"right arm"},{"frame":[{"curve":[0.25,0,1,0.03],"transform":{"skX":76.26,"skY":76.26},"duration":10},{"curve":[0.25,0,0,1],"transform":{"skX":27.58,"skY":27.58},"duration":5},{"curve":[0.25,0,0.75,1],"transform":{"skX":12.85,"scY":1.24,"skY":12.85,"scX":1.28},"duration":15},{"transform":{"skX":76.26,"skY":76.26},"duration":0}],"name":"top chest3"},{"frame":[{"curve":[0.25,0,1,0.03],"transform":{"skX":-50.6,"skY":-50.6},"duration":10},{"curve":[0.25,0,0,1],"transform":{"skX":36.18,"skY":36.18},"duration":5},{"curve":[0.25,0,0.75,1],"transform":{"skX":-21.31,"skY":-21.31},"duration":15},{"transform":{"skX":-50.6,"skY":-50.6},"duration":0}],"name":"left arm"},{"frame":[{"curve":[0.25,0,1,0.03],"transform":{"skX":75.41,"skY":75.41},"duration":10},{"curve":[0.25,0,0,1],"transform":{"skX":1.36,"skY":1.36},"duration":5},{"curve":[0.25,0,0.75,1],"transform":{"skX":83.87,"skY":83.87},"duration":15},{"transform":{"skX":75.41,"skY":75.41},"duration":0}],"name":"top chest4"},{"frame":[{"transform":{},"duration":10},{"transform":{},"duration":5},{"transform":{},"duration":15},{"transform":{},"duration":0}],"name":"left Robe IK"},{"frame":[{"curve":[0.25,0,1,0.03],"transform":{"skX":0.15,"skY":0.15},"duration":10},{"curve":[0.25,0,0,1],"transform":{"skX":15,"skY":15},"duration":5},{"curve":[0.25,0,0.75,1],"transform":{"skX":-16.51,"skY":-16.51},"duration":15},{"transform":{"skX":0.15,"skY":0.15},"duration":0}],"name":"robe LEft"},{"frame":[{"transform":{},"duration":10},{"transform":{},"duration":5},{"transform":{},"duration":15},{"transform":{},"duration":0}],"name":"rightRobeIK"},{"frame":[{"curve":[0.25,0,1,0.03],"transform":{"skX":0.04,"skY":0.04},"duration":10},{"curve":[0.25,0,0,1],"transform":{"skX":35.91,"skY":35.91},"duration":5},{"curve":[0.25,0,0.75,1],"transform":{"skX":-0.47,"skY":-0.47},"duration":15},{"transform":{"skX":0.04,"skY":0.04},"duration":0}],"name":"robe Right"}],"name":"Attack A"},{"ffd":[],"frame":[],"duration":30,"slot":[],"ik":[],"bone":[{"frame":[{"curve":[0.25,0,1,0.03],"transform":{},"duration":10},{"curve":[0.25,0,0,1],"transform":{"y":-63.52,"x":135.77},"duration":5},{"curve":[0.25,0,0.75,1],"transform":{"y":-63.52,"x":-49.72},"duration":15},{"transform":{},"duration":0}],"name":"mid"},{"frame":[{"curve":[0.25,0,1,0.03],"transform":{"y":-31.59,"x":22.98},"duration":10},{"curve":[0.25,0,0,1],"transform":{"y":-162.38,"x":101.74,"skX":43.86,"skY":43.86},"duration":5},{"curve":[0.25,0,0.75,1],"transform":{"y":-305.01,"x":52.04},"duration":15},{"transform":{"y":-31.59,"x":22.98},"duration":0}],"name":"left Arm IK"},{"frame":[{"curve":[0.25,0,1,0.03],"transform":{},"duration":10},{"curve":[0.25,0,0,1],"transform":{"scX":0.84},"duration":5},{"curve":[0.25,0,0.75,1],"transform":{"scX":1.22},"duration":15},{"transform":{},"duration":0}],"name":"shadow"},{"frame":[{"curve":[0.25,0,1,0.03],"transform":{},"duration":10},{"curve":[0.25,0,0,1],"transform":{"y":-84.16,"x":387.47},"duration":5},{"curve":[0.25,0,0.75,1],"transform":{"y":-221.39,"x":-80.39},"duration":15},{"transform":{},"duration":0}],"name":"right Arm IK"},{"frame":[{"transform":{},"duration":10},{"transform":{},"duration":5},{"transform":{},"duration":15},{"transform":{},"duration":0}],"name":"root"},{"frame":[{"transform":{},"duration":10},{"transform":{},"duration":5},{"transform":{},"duration":15},{"transform":{},"duration":0}],"name":"bot chest"},{"frame":[{"transform":{},"duration":10},{"transform":{},"duration":5},{"transform":{},"duration":15},{"transform":{},"duration":0}],"name":"top chest"},{"frame":[{"transform":{},"duration":10},{"transform":{},"duration":5},{"transform":{},"duration":15},{"transform":{},"duration":0}],"name":"neck"},{"frame":[{"transform":{},"duration":10},{"transform":{},"duration":5},{"transform":{},"duration":15},{"transform":{},"duration":0}],"name":"head"},{"frame":[{"curve":[0.25,0,1,0.03],"transform":{"skX":35.95,"skY":35.95},"duration":10},{"curve":[0.25,0,0,1],"transform":{"skX":-60.74,"skY":-60.74},"duration":5},{"curve":[0.25,0,0.75,1],"transform":{"skX":90.37,"skY":90.37},"duration":15},{"transform":{"skX":35.95,"skY":35.95},"duration":0}],"name":"right arm"},{"frame":[{"curve":[0.25,0,1,0.03],"transform":{"skX":76.26,"skY":76.26},"duration":10},{"curve":[0.25,0,0,1],"transform":{"skX":27.58,"skY":27.58},"duration":5},{"curve":[0.25,0,0.75,1],"transform":{"skX":12.85,"scY":1.24,"skY":12.85,"scX":1.28},"duration":15},{"transform":{"skX":76.26,"skY":76.26},"duration":0}],"name":"top chest3"},{"frame":[{"curve":[0.25,0,1,0.03],"transform":{"skX":-50.6,"skY":-50.6},"duration":10},{"curve":[0.25,0,0,1],"transform":{"skX":36.18,"skY":36.18},"duration":5},{"curve":[0.25,0,0.75,1],"transform":{"skX":-21.31,"skY":-21.31},"duration":15},{"transform":{"skX":-50.6,"skY":-50.6},"duration":0}],"name":"left arm"},{"frame":[{"curve":[0.25,0,1,0.03],"transform":{"skX":75.41,"skY":75.41},"duration":10},{"curve":[0.25,0,0,1],"transform":{"skX":1.36,"skY":1.36},"duration":5},{"curve":[0.25,0,0.75,1],"transform":{"skX":83.87,"skY":83.87},"duration":15},{"transform":{"skX":75.41,"skY":75.41},"duration":0}],"name":"top chest4"},{"frame":[{"transform":{},"duration":10},{"transform":{},"duration":5},{"transform":{},"duration":15},{"transform":{},"duration":0}],"name":"left Robe IK"},{"frame":[{"curve":[0.25,0,1,0.03],"transform":{"skX":0.15,"skY":0.15},"duration":10},{"curve":[0.25,0,0,1],"transform":{"skX":15,"skY":15},"duration":5},{"curve":[0.25,0,0.75,1],"transform":{"skX":-16.51,"skY":-16.51},"duration":15},{"transform":{"skX":0.15,"skY":0.15},"duration":0}],"name":"robe LEft"},{"frame":[{"transform":{},"duration":10},{"transform":{},"duration":5},{"transform":{},"duration":15},{"transform":{},"duration":0}],"name":"rightRobeIK"},{"frame":[{"curve":[0.25,0,1,0.03],"transform":{"skX":0.04,"skY":0.04},"duration":10},{"curve":[0.25,0,0,1],"transform":{"skX":35.91,"skY":35.91},"duration":5},{"curve":[0.25,0,0.75,1],"transform":{"skX":-0.47,"skY":-0.47},"duration":15},{"transform":{"skX":0.04,"skY":0.04},"duration":0}],"name":"robe Right"}],"name":"Attack B"},{"ffd":[],"frame":[],"duration":40,"slot":[],"ik":[],"bone":[{"frame":[{"curve":[0.25,0,1,0.03],"transform":{},"duration":10},{"curve":[0.25,0,0,1],"transform":{"y":-63.52,"x":135.77},"duration":5},{"curve":[0.252,0,0.622,0.48],"transform":{"y":-63.52,"x":-49.72},"duration":7},{"curve":[0.25,0,0.588,0.85],"transform":{"y":-3.46,"x":-49.72},"duration":8},{"curve":[0.25,0,1,0.23],"transform":{"y":-63.52,"x":-49.72},"duration":10},{"transform":{},"duration":0}],"name":"mid"},{"frame":[{"curve":[0.25,0,1,0.03],"transform":{"y":-31.59,"x":22.98},"duration":10},{"curve":[0.25,0,0,1],"transform":{"y":-162.38,"x":101.74,"skX":43.86,"skY":43.86},"duration":5},{"curve":[0.252,0,0.622,0.48],"transform":{"y":-305.01,"x":52.04},"duration":7},{"curve":[0.25,0,0.588,0.85],"transform":{"y":-253.68,"x":52.04},"duration":8},{"curve":[0.25,0,1,0.23],"transform":{"y":-305.01,"x":52.04},"duration":10},{"transform":{"y":-31.59,"x":22.98},"duration":0}],"name":"left Arm IK"},{"frame":[{"curve":[0.25,0,1,0.03],"transform":{},"duration":10},{"curve":[0.25,0,0,1],"transform":{"scX":0.84},"duration":5},{"transform":{"scX":1.22},"duration":15},{"curve":[0.25,0,1,0.23],"transform":{"scX":1.22},"duration":10},{"transform":{},"duration":0}],"name":"shadow"},{"frame":[{"curve":[0.25,0,1,0.03],"transform":{},"duration":10},{"curve":[0.25,0,0,1],"transform":{"y":-84.16,"x":387.47},"duration":5},{"curve":[0.252,0,0.622,0.48],"transform":{"y":-221.39,"x":-80.39},"duration":7},{"curve":[0.25,0,0.588,0.85],"transform":{"y":-186.59,"x":-80.39},"duration":8},{"curve":[0.25,0,1,0.23],"transform":{"y":-221.39,"x":-80.39},"duration":10},{"transform":{},"duration":0}],"name":"right Arm IK"},{"frame":[{"transform":{},"duration":10},{"transform":{},"duration":5},{"transform":{},"duration":15},{"transform":{},"duration":10},{"transform":{},"duration":0}],"name":"root"},{"frame":[{"transform":{},"duration":10},{"transform":{},"duration":5},{"transform":{},"duration":15},{"transform":{},"duration":10},{"transform":{},"duration":0}],"name":"bot chest"},{"frame":[{"transform":{},"duration":10},{"transform":{},"duration":5},{"transform":{},"duration":15},{"transform":{},"duration":10},{"transform":{},"duration":0}],"name":"top chest"},{"frame":[{"transform":{},"duration":10},{"transform":{},"duration":5},{"transform":{},"duration":15},{"transform":{},"duration":10},{"transform":{},"duration":0}],"name":"neck"},{"frame":[{"transform":{},"duration":10},{"transform":{},"duration":5},{"transform":{},"duration":15},{"transform":{},"duration":10},{"transform":{},"duration":0}],"name":"head"},{"frame":[{"curve":[0.25,0,1,0.03],"transform":{"skX":35.95,"skY":35.95},"duration":10},{"curve":[0.25,0,0,1],"transform":{"skX":-60.74,"skY":-60.74},"duration":5},{"transform":{"skX":106.03,"skY":106.03},"duration":15},{"curve":[0.25,0,1,0.23],"transform":{"skX":106.03,"skY":106.03},"duration":10},{"transform":{"skX":35.95,"skY":35.95},"duration":0}],"name":"right arm"},{"frame":[{"curve":[0.25,0,1,0.03],"transform":{"skX":76.26,"skY":76.26},"duration":10},{"curve":[0.25,0,0,1],"transform":{"skX":27.58,"skY":27.58},"duration":5},{"transform":{"skX":66.02,"scY":1.24,"skY":66.02,"scX":1.28},"duration":15},{"curve":[0.25,0,1,0.23],"transform":{"skX":66.02,"scY":1.24,"skY":66.02,"scX":1.28},"duration":10},{"transform":{"skX":76.26,"skY":76.26},"duration":0}],"name":"top chest3"},{"frame":[{"curve":[0.25,0,1,0.03],"transform":{"skX":-50.6,"skY":-50.6},"duration":10},{"curve":[0.25,0,0,1],"transform":{"skX":36.18,"skY":36.18},"duration":5},{"transform":{"skX":93.74,"skY":93.74},"duration":15},{"curve":[0.25,0,1,0.23],"transform":{"skX":93.74,"skY":93.74},"duration":10},{"transform":{"skX":-50.6,"skY":-50.6},"duration":0}],"name":"left arm"},{"frame":[{"curve":[0.25,0,1,0.03],"transform":{"skX":75.41,"skY":75.41},"duration":10},{"curve":[0.25,0,0,1],"transform":{"skX":1.36,"skY":1.36},"duration":5},{"transform":{"skX":63.26,"skY":63.26},"duration":15},{"curve":[0.25,0,1,0.23],"transform":{"skX":63.26,"skY":63.26},"duration":10},{"transform":{"skX":75.41,"skY":75.41},"duration":0}],"name":"top chest4"},{"frame":[{"transform":{},"duration":10},{"transform":{},"duration":5},{"transform":{},"duration":15},{"transform":{},"duration":10},{"transform":{},"duration":0}],"name":"left Robe IK"},{"frame":[{"curve":[0.25,0,1,0.03],"transform":{"skX":0.15,"skY":0.15},"duration":10},{"curve":[0.25,0,0,1],"transform":{"skX":15,"skY":15},"duration":5},{"transform":{"skX":-16.51,"skY":-16.51},"duration":15},{"curve":[0.25,0,1,0.23],"transform":{"skX":-16.51,"skY":-16.51},"duration":10},{"transform":{"skX":0.15,"skY":0.15},"duration":0}],"name":"robe LEft"},{"frame":[{"transform":{},"duration":10},{"transform":{},"duration":5},{"transform":{},"duration":15},{"transform":{},"duration":10},{"transform":{},"duration":0}],"name":"rightRobeIK"},{"frame":[{"curve":[0.25,0,1,0.03],"transform":{"skX":0.04,"skY":0.04},"duration":10},{"curve":[0.25,0,0,1],"transform":{"skX":35.91,"skY":35.91},"duration":5},{"transform":{"skX":-0.47,"skY":-0.47},"duration":15},{"curve":[0.25,0,1,0.23],"transform":{"skX":-0.47,"skY":-0.47},"duration":10},{"transform":{"skX":0.04,"skY":0.04},"duration":0}],"name":"robe Right"}],"name":"Attack C"},{"ffd":[],"frame":[],"duration":70,"slot":[],"ik":[],"bone":[{"frame":[{"transform":{},"duration":10},{"transform":{},"duration":5},{"transform":{},"duration":45},{"transform":{},"duration":10},{"transform":{},"duration":0}],"name":"root"},{"frame":[{"curve":[0.25,0,1,0.15],"transform":{},"duration":10},{"curve":[0.25,0,0,1],"transform":{"scX":0.88},"duration":5},{"curve":[0.25,0,0.75,1],"transform":{"scX":1.2},"duration":10},{"curve":[0.25,0,0.75,1],"transform":{"scX":1.3},"duration":10},{"curve":[0.25,0,0.75,1],"transform":{"scX":0.93},"duration":10},{"curve":[0.25,0,0.75,1],"transform":{"scX":1.16},"duration":10},{"curve":[0.25,0,0.75,1],"transform":{"scX":0.87},"duration":5},{"curve":[0.25,0,0.75,1],"transform":{"scX":0.76},"duration":10},{"transform":{},"duration":0}],"name":"shadow"},{"frame":[{"curve":[0.25,0,1,0.15],"transform":{"skX":0.04,"skY":0.04},"duration":10},{"curve":[0.25,0,0,1],"transform":{"skX":37.26,"skY":37.26},"duration":5},{"transform":{"skX":5.61,"skY":5.61},"duration":10},{"transform":{"skX":5.61,"skY":5.61},"duration":10},{"transform":{"skX":5.61,"skY":5.61},"duration":10},{"curve":[0.25,0,0.75,1],"transform":{"skX":5.61,"skY":5.61},"duration":15},{"curve":[0.25,0,0.75,1],"transform":{"skX":37.26,"skY":37.26},"duration":10},{"transform":{"skX":0.04,"skY":0.04},"duration":0}],"name":"robe Right"},{"frame":[{"transform":{},"duration":10},{"transform":{},"duration":5},{"transform":{},"duration":10},{"transform":{},"duration":10},{"transform":{},"duration":10},{"transform":{},"duration":15},{"transform":{},"duration":10},{"transform":{},"duration":0}],"name":"rightRobeIK"},{"frame":[{"curve":[0.25,0,1,0.15],"transform":{"skX":0.15,"skY":0.15},"duration":10},{"curve":[0.25,0,0,1],"transform":{"skX":18.16,"skY":18.16},"duration":5},{"transform":{"skX":-4.17,"skY":-4.17},"duration":10},{"transform":{"skX":-4.17,"skY":-4.17},"duration":10},{"transform":{"skX":-4.17,"skY":-4.17},"duration":10},{"curve":[0.25,0,0.75,1],"transform":{"skX":-4.17,"skY":-4.17},"duration":15},{"curve":[0.25,0,0.75,1],"transform":{"skX":18.16,"skY":18.16},"duration":10},{"transform":{"skX":0.15,"skY":0.15},"duration":0}],"name":"robe LEft"},{"frame":[{"transform":{},"duration":10},{"transform":{},"duration":5},{"transform":{},"duration":10},{"transform":{},"duration":10},{"transform":{},"duration":10},{"transform":{},"duration":15},{"transform":{},"duration":10},{"transform":{},"duration":0}],"name":"left Robe IK"},{"frame":[{"curve":[0.25,0,1,0.15],"transform":{"skX":1.36,"skY":1.36},"duration":10},{"curve":[0.25,0,0,1],"transform":{"skX":87.67,"skY":87.67},"duration":5},{"transform":{"skX":1.36,"skY":1.36},"duration":10},{"transform":{"skX":1.36,"skY":1.36},"duration":10},{"transform":{"skX":1.36,"skY":1.36},"duration":10},{"curve":[0.25,0,0.75,1],"transform":{"skX":1.36,"skY":1.36},"duration":15},{"curve":[0.25,0,0.75,1],"transform":{"skX":87.67,"skY":87.67},"duration":10},{"transform":{"skX":1.36,"skY":1.36},"duration":0}],"name":"top chest4"},{"frame":[{"curve":[0.25,0,1,0.15],"transform":{"skX":-3.99,"skY":-3.99},"duration":10},{"curve":[0.25,0,0,1],"transform":{"skX":-24.68,"skY":-24.68},"duration":5},{"transform":{"y":53.01,"x":48.02,"skX":88.23,"skY":88.23},"duration":10},{"transform":{"y":53.01,"x":48.02,"skX":88.23,"skY":88.23},"duration":10},{"transform":{"y":53.01,"x":48.02,"skX":88.23,"skY":88.23},"duration":10},{"curve":[0.25,0,0.75,1],"transform":{"y":53.01,"x":48.02,"skX":88.23,"skY":88.23},"duration":15},{"curve":[0.25,0,0.75,1],"transform":{"skX":-24.68,"skY":-24.68},"duration":10},{"transform":{"skX":-3.99,"skY":-3.99},"duration":0}],"name":"left arm"},{"frame":[{"curve":[0.25,0,1,0.15],"transform":{},"duration":10},{"curve":[0.25,0,0,1],"transform":{"y":-64.86,"x":156.98},"duration":5},{"transform":{"y":-195.98,"x":-68.75},"duration":10},{"transform":{"y":-195.98,"x":-68.75},"duration":10},{"transform":{"y":-195.98,"x":-68.75},"duration":10},{"curve":[0.25,0,0.75,1],"transform":{"y":-195.98,"x":-68.75},"duration":15},{"curve":[0.25,0,0.75,1],"transform":{"y":-64.86,"x":156.98},"duration":10},{"transform":{},"duration":0}],"name":"left Arm IK"},{"frame":[{"curve":[0.25,0,1,0.15],"transform":{"skX":76.26,"skY":76.26},"duration":10},{"curve":[0.25,0,0,1],"transform":{"skX":54.38,"skY":54.38},"duration":5},{"transform":{"skX":24.77,"skY":24.77},"duration":10},{"transform":{"skX":24.77,"skY":24.77},"duration":10},{"transform":{"skX":24.77,"skY":24.77},"duration":10},{"curve":[0.25,0,0.75,1],"transform":{"skX":24.77,"skY":24.77},"duration":15},{"curve":[0.25,0,0.75,1],"transform":{"skX":54.38,"skY":54.38},"duration":10},{"transform":{"skX":76.26,"skY":76.26},"duration":0}],"name":"top chest3"},{"frame":[{"curve":[0.25,0,1,0.15],"transform":{"skX":35.95,"skY":35.95},"duration":10},{"curve":[0.25,0,0,1],"transform":{"y":-8.65,"x":-7.84,"skX":1.95,"skY":1.95},"duration":5},{"transform":{"y":-12.98,"x":-11.76,"skX":125.42,"skY":125.42},"duration":10},{"transform":{"y":-12.98,"x":-11.76,"skX":125.42,"skY":125.42},"duration":10},{"transform":{"y":-12.98,"x":-11.76,"skX":125.42,"skY":125.42},"duration":10},{"curve":[0.25,0,0.75,1],"transform":{"y":-12.98,"x":-11.76,"skX":125.42,"skY":125.42},"duration":15},{"curve":[0.25,0,0.75,1],"transform":{"y":-8.65,"x":-7.84,"skX":1.95,"skY":1.95},"duration":10},{"transform":{"skX":35.95,"skY":35.95},"duration":0}],"name":"right arm"},{"frame":[{"curve":[0.25,0,1,0.15],"transform":{},"duration":10},{"curve":[0.25,0,0,1],"transform":{"y":12.53,"x":253.53,"skX":33.13,"skY":33.13},"duration":5},{"transform":{"y":-56.73,"x":-111.04,"skX":49.7,"skY":49.7},"duration":10},{"transform":{"y":-56.73,"x":-111.04,"skX":49.7,"skY":49.7},"duration":10},{"transform":{"y":-56.73,"x":-111.04,"skX":49.7,"skY":49.7},"duration":10},{"curve":[0.25,0,0.75,1],"transform":{"y":-56.73,"x":-111.04,"skX":49.7,"skY":49.7},"duration":15},{"curve":[0.25,0,0.75,1],"transform":{"y":12.53,"x":253.53,"skX":33.13,"skY":33.13},"duration":10},{"transform":{},"duration":0}],"name":"right Arm IK"},{"frame":[{"transform":{},"duration":10},{"curve":[0.25,0,0,1],"transform":{},"duration":5},{"transform":{"skX":45.08,"skY":45.08},"duration":10},{"transform":{"skX":45.08,"skY":45.08},"duration":10},{"transform":{"skX":45.08,"skY":45.08},"duration":10},{"curve":[0.25,0,0.75,1],"transform":{"skX":45.08,"skY":45.08},"duration":15},{"transform":{},"duration":10},{"transform":{},"duration":0}],"name":"head"},{"frame":[{"transform":{},"duration":10},{"transform":{},"duration":5},{"transform":{},"duration":10},{"transform":{},"duration":10},{"transform":{},"duration":10},{"transform":{},"duration":15},{"transform":{},"duration":10},{"transform":{},"duration":0}],"name":"neck"},{"frame":[{"curve":[0.25,0,1,0.15],"transform":{},"duration":10},{"curve":[0.25,0,0,1],"transform":{"skX":-19.05,"skY":-19.05},"duration":5},{"transform":{"skX":-28.58,"skY":-28.58},"duration":10},{"transform":{"skX":-28.58,"skY":-28.58},"duration":10},{"transform":{"skX":-28.58,"skY":-28.58},"duration":10},{"curve":[0.25,0,0.75,1],"transform":{"skX":-28.58,"skY":-28.58},"duration":15},{"curve":[0.25,0,0.75,1],"transform":{"skX":-19.05,"skY":-19.05},"duration":10},{"transform":{},"duration":0}],"name":"top chest"},{"frame":[{"curve":[0.25,0,1,0.15],"transform":{},"duration":10},{"curve":[0.25,0,0,1],"transform":{"skX":-10.45,"skY":-10.45},"duration":5},{"transform":{"skX":-15.67,"skY":-15.67},"duration":10},{"transform":{"skX":-15.67,"skY":-15.67},"duration":10},{"transform":{"skX":-15.67,"skY":-15.67},"duration":10},{"curve":[0.25,0,0.75,1],"transform":{"skX":-15.67,"skY":-15.67},"duration":15},{"curve":[0.25,0,0.75,1],"transform":{"skX":-10.45,"skY":-10.45},"duration":10},{"transform":{},"duration":0}],"name":"bot chest"},{"frame":[{"curve":[0.25,0,1,0.15],"transform":{},"duration":10},{"curve":[0.25,0,0,1],"transform":{"y":-42.3,"x":141.28},"duration":5},{"curve":[0.25,0,0.75,1],"transform":{"y":-42.3,"x":1.25},"duration":10},{"curve":[0.25,0,0.75,1],"transform":{"y":-16.99,"x":1.25},"duration":10},{"curve":[0.25,0,0.75,1],"transform":{"y":-42.3,"x":1.25},"duration":10},{"curve":[0.25,0,0.75,1],"transform":{"y":2.79,"x":1.25},"duration":10},{"curve":[0.25,0,0.75,1],"transform":{"y":-42.3,"x":1.25},"duration":5},{"curve":[0.25,0,0.75,1],"transform":{"y":-42.3,"x":141.28},"duration":10},{"transform":{},"duration":0}],"name":"mid"}],"name":"Attack D"},{"ffd":[],"frame":[],"duration":30,"slot":[],"ik":[],"bone":[{"frame":[{"transform":{},"duration":30},{"transform":{},"duration":0}],"name":"root"},{"frame":[{"curve":[0.25,0,0,1],"transform":{},"duration":10},{"curve":[0.25,0,0.75,1],"transform":{"y":36.31,"x":64.56},"duration":20},{"transform":{},"duration":0}],"name":"mid"},{"frame":[{"transform":{},"duration":30},{"transform":{},"duration":0}],"name":"bot chest"},{"frame":[{"transform":{},"duration":30},{"transform":{},"duration":0}],"name":"top chest"},{"frame":[{"transform":{},"duration":30},{"transform":{},"duration":0}],"name":"neck"},{"frame":[{"transform":{},"duration":30},{"transform":{},"duration":0}],"name":"head"},{"frame":[{"curve":[0.25,0,0,1],"transform":{},"duration":10},{"curve":[0.25,0,0.75,1],"transform":{"y":125.08,"x":198.52},"duration":20},{"transform":{},"duration":0}],"name":"right Arm IK"},{"frame":[{"transform":{"skX":35.95,"skY":35.95},"duration":30},{"transform":{"skX":35.95,"skY":35.95},"duration":0}],"name":"right arm"},{"frame":[{"transform":{"skX":76.26,"skY":76.26},"duration":30},{"transform":{"skX":76.26,"skY":76.26},"duration":0}],"name":"top chest3"},{"frame":[{"curve":[0.25,0,0,1],"transform":{},"duration":10},{"curve":[0.25,0,0.75,1],"transform":{"y":17.75,"x":85.54},"duration":20},{"transform":{},"duration":0}],"name":"left Arm IK"},{"frame":[{"transform":{"skX":-3.99,"skY":-3.99},"duration":30},{"transform":{"skX":-3.99,"skY":-3.99},"duration":0}],"name":"left arm"},{"frame":[{"transform":{"skX":1.36,"skY":1.36},"duration":30},{"transform":{"skX":1.36,"skY":1.36},"duration":0}],"name":"top chest4"},{"frame":[{"transform":{},"duration":30},{"transform":{},"duration":0}],"name":"left Robe IK"},{"frame":[{"transform":{"skX":0.15,"skY":0.15},"duration":30},{"transform":{"skX":0.15,"skY":0.15},"duration":0}],"name":"robe LEft"},{"frame":[{"transform":{},"duration":30},{"transform":{},"duration":0}],"name":"rightRobeIK"},{"frame":[{"transform":{"skX":0.04,"skY":0.04},"duration":30},{"transform":{"skX":0.04,"skY":0.04},"duration":0}],"name":"robe Right"},{"frame":[{"curve":[0.25,0,0,1],"transform":{},"duration":10},{"curve":[0.25,0,0.75,1],"transform":{"scX":1.26},"duration":20},{"transform":{},"duration":0}],"name":"shadow"}],"name":"Damage"},{"ffd":[],"frame":[],"duration":60,"slot":[],"ik":[],"bone":[{"frame":[{"curve":[0.25,0,0.75,1],"transform":{},"duration":30},{"curve":[0.25,0,0.427,1],"transform":{"y":22.98},"duration":30},{"transform":{},"duration":0}],"name":"mid"},{"frame":[{"transform":{"y":-31.59,"x":22.98},"duration":60},{"transform":{"y":-31.59,"x":22.98},"duration":0}],"name":"left Arm IK"},{"frame":[{"curve":[0.25,0,0.75,1],"transform":{},"duration":30},{"curve":[0.25,0,0.427,1],"transform":{"scX":1.18},"duration":30},{"transform":{},"duration":0}],"name":"shadow"},{"frame":[{"transform":{},"duration":60}],"name":"root"},{"frame":[{"transform":{},"duration":60}],"name":"right Arm IK"},{"frame":[{"transform":{},"duration":60}],"name":"left Robe IK"},{"frame":[{"transform":{},"duration":60}],"name":"rightRobeIK"},{"frame":[{"transform":{},"duration":60}],"name":"bot chest"},{"frame":[{"transform":{},"duration":60}],"name":"robe LEft"},{"frame":[{"transform":{},"duration":60}],"name":"robe Right"},{"frame":[{"transform":{},"duration":60}],"name":"top chest"},{"frame":[{"transform":{},"duration":60}],"name":"right arm"},{"frame":[{"transform":{},"duration":60}],"name":"neck"},{"frame":[{"transform":{},"duration":60}],"name":"left arm"},{"frame":[{"transform":{},"duration":60}],"name":"top chest3"},{"frame":[{"transform":{},"duration":60}],"name":"top chest4"},{"frame":[{"transform":{},"duration":60}],"name":"head"}],"name":"Idle"}],"bone":[{"name":"root","transform":{}},{"transform":{"y":-303.64,"x":-0.26},"name":"mid","parent":"root"},{"transform":{"y":-253.57,"x":-139.77},"name":"left Arm IK","parent":"root"},{"transform":{"y":-12.67,"x":0.41},"name":"shadow","parent":"root"},{"transform":{"y":-341.02,"x":-45.6},"name":"right Arm IK","parent":"root"},{"transform":{"y":-83.45,"x":-118.44},"name":"left Robe IK","parent":"root"},{"transform":{"y":-89.45,"x":149.27},"name":"rightRobeIK","parent":"root"},{"length":55,"transform":{"y":-2.59,"x":-2.59,"skX":-76.45,"skY":-76.45},"parent":"mid","name":"bot chest"},{"length":215,"transform":{"y":31.06,"x":-15.53,"skX":118.34,"skY":118.34},"parent":"mid","name":"robe LEft"},{"length":232,"transform":{"y":26.53,"x":12.94,"skX":53.91,"skY":53.91},"parent":"mid","name":"robe Right"},{"length":51,"transform":{"y":0.22,"x":62.61,"skX":-17.12,"skY":-17.12},"parent":"bot chest","name":"top chest"},{"length":73,"transform":{"y":44.84,"x":43.22,"skX":150.03,"skY":150.03},"parent":"top chest","name":"right arm"},{"length":15,"transform":{"y":0.08,"x":53.15,"skX":-31.42,"skY":-31.42},"parent":"top chest","name":"neck"},{"length":52,"transform":{"y":-48.23,"x":6.26,"skX":-130.93,"skY":-130.93},"parent":"top chest","name":"left arm"},{"length":96,"transform":{"y":0.36,"x":74.29,"skX":12.68,"skY":12.68},"parent":"right arm","name":"top chest3"},{"length":91,"transform":{"x":52.61,"skX":-1.36,"skY":-1.36},"parent":"left arm","name":"top chest4"},{"length":70,"transform":{"x":15.8,"skX":3.49,"skY":3.49},"parent":"neck","name":"head"}],"name":"Osiris","skin":[{"name":"","slot":[{"display":[{"path":"hatback","type":"image","name":"hatback","transform":{"y":13.3,"x":6.91,"skX":121.5,"skY":121.5}}],"name":"hatback"},{"display":[{"path":"head","type":"image","name":"head","transform":{"y":14.87,"x":27.64,"skX":121.5,"skY":121.5}}],"name":"head"},{"display":[{"edges":[23,24,24,25,25,26,26,27,27,28,28,29,29,30,30,31,31,32,32,33,33,34,34,35,35,36,36,37,37,38,38,39,39,40,40,41,41,42,42,43,43,44,44,45,45,46,46,47,47,48,48,49,49,50,50,51,51,52,52,53,53,54,54,55,55,56,56,57,57,58,58,59,59,60,60,61,61,0,0,1,1,2,2,3,3,4,4,5,5,6,6,7,7,8,8,9,9,10,10,11,11,12,12,13,13,14,14,15,15,16,16,17,17,18,18,19,19,20,20,21,21,22,22,23],"triangles":[53,72,51,53,51,52,72,50,51,93,49,50,72,93,50,93,48,49,93,75,48,54,72,53,54,80,72,75,47,48,100,93,72,75,103,47,103,46,47,55,80,54,80,100,72,62,75,93,100,62,93,103,45,46,62,103,75,62,81,103,56,68,80,56,80,55,81,45,103,68,100,80,89,68,56,57,89,56,88,62,100,68,88,100,67,81,62,81,44,45,88,67,62,58,89,57,89,88,68,64,88,89,83,44,81,67,83,81,86,67,88,79,89,58,59,79,58,83,43,44,91,83,67,64,105,88,79,64,89,83,41,43,105,86,88,79,97,64,5,87,4,87,3,4,86,91,67,87,104,3,6,87,5,41,42,43,60,79,59,91,41,83,7,87,6,104,2,3,96,41,91,65,91,86,78,104,87,97,105,64,105,71,86,0,60,61,69,79,60,0,101,60,65,96,91,90,65,86,71,90,86,96,40,41,97,71,105,101,69,60,104,1,2,74,97,79,7,11,87,11,78,87,102,71,97,69,74,79,99,1,104,1,99,0,99,101,0,96,38,40,8,11,7,78,99,104,78,82,99,74,102,97,99,84,101,84,69,101,9,11,8,65,76,96,38,39,40,76,38,96,10,11,9,69,77,74,11,12,78,102,63,71,63,90,71,90,76,65,63,98,90,82,84,99,70,76,90,63,102,74,12,82,78,77,63,74,84,77,69,35,37,38,76,35,38,82,14,84,12,13,82,35,36,37,17,77,84,15,17,84,98,70,90,16,17,15,77,92,63,14,15,84,34,35,76,13,14,82,70,94,76,94,31,76,73,98,63,31,34,76,92,73,63,17,18,77,18,92,77,98,66,70,66,94,70,32,33,34,31,32,34,73,66,98,18,19,92,20,73,92,19,20,92,94,85,31,85,30,31,21,22,66,66,95,94,21,66,73,20,21,73,95,85,94,28,29,30,85,28,30,23,95,66,22,23,66,85,27,28,23,24,95,95,25,85,25,27,85,24,25,95,25,26,27],"vertices":[27.66,-323.73,22.92,-338.39,38.87,-353.9,54.82,-369.41,66.46,-394.84,61.72,-427.6,49.22,-443.55,22.93,-440.09,6.99,-451.38,-8.96,-451.37,-25.77,-438.38,-16.73,-419.42,-38.28,-405.63,-56.38,-371.58,-54.23,-341.84,-52.07,-312.09,-60.69,-302.18,-61.99,-290.97,-79.12,-271.57,-96.25,-252.18,-113.38,-232.79,-130.51,-213.38,-142.26,-194.2,-154.03,-175.03,-154.03,-139.47,-154.02,-103.91,-143.43,-78.05,-137.4,-93.13,-118.01,-74.17,-101.62,-67.28,-96.88,-84.52,-79.21,-106.5,-68,-80.64,-57.66,-75.9,-58.1,-87.1,-46.46,-73.31,-34.39,-61.38,-24.91,-61.37,-6.38,-81.51,-8.97,-67.28,9.99,-67.28,40.16,-84.53,37.14,-68.14,58.69,-69.87,84.12,-78.05,116.23,-76.11,148.33,-74.17,166.44,-94.86,178.51,-120.07,190.58,-145.29,197.26,-166.41,203.95,-187.52,205.67,-211.23,184.11,-223.19,162.57,-235.15,141.02,-247.11,119.47,-259.07,99.11,-268.13,78.74,-277.17,58.38,-286.23,38.01,-295.28,43.18,-318.13,116.52,-150.49,-40.04,-214.93,47.26,-211.02,2.81,-133.94,-98.51,-161.71,64.77,-145.26,98.15,-213.09,-6.88,-274.66,-50.38,-156.37,2.97,-189.47,162.9,-190.46,-83.07,-199.86,-0.13,-241.5,150.18,-121.91,-39.61,-106.49,-42.79,-264.28,0.27,-385.17,31.39,-259.91,131.93,-209.54,95.32,-109.42,-24.94,-359.29,57.57,-103.49,-24.04,-313.16,-119.72,-109.06,41.39,-161.52,34.09,-411.43,73.66,-185.96,74.69,-234.38,-13.81,-160.45,41.34,-125.75,-75.71,-239.28,155.1,-156.3,-85.77,-129.5,-127.6,-136.51,8.06,-99.92,20.36,-225.45,-57.16,-178.69,1.39,-338.08,123.06,-184.29,7.12,-308.95,-4.21,-217.84,132.17,-104.5,25.44,-366.1,37.13,-194.68],"bonePose":[9,0.5890553275421161,0.8080927057548845,-0.8080927057548845,0.5890553275421161,12.68,-277.11,7,0.23429382769171864,-0.9721658306613966,0.9721658306613966,0.23429382769171864,-2.8499999999999996,-306.22999999999996,10,-0.06226794537298286,-0.99805946865857,0.99805946865857,-0.06226794537298286,12.03301303452401,-367.0457580156178,12,-0.5734334586132305,-0.8192521397853463,0.8192521397853463,-0.5734334586132305,8.803316495442656,-420.09760021045065,8,-0.4747027826170868,0.8801461629613543,-0.8801461629613543,-0.4747027826170868,-15.79,-272.58],"path":"body","userEdges":[],"name":"body","type":"mesh","transform":{},"slotPose":[1,0,0,1,0,0],"width":370,"uvs":[0.49106,0.3273,0.47825,0.28973,0.52135,0.24994,0.56445,0.21016,0.5959,0.14495,0.58309,0.06097,0.54931,0.02008,0.47825,0.02892,0.43515,0,0.39205,0,0.34662,0.03334,0.37108,0.08196,0.31284,0.11733,0.26392,0.20463,0.26974,0.28089,0.27556,0.35714,0.25227,0.38256,0.24877,0.41129,0.20247,0.46102,0.15617,0.51075,0.10986,0.56048,0.06356,0.61021,0.03178,0.65939,0,0.70857,0,0.79974,0,0.89092,0.02861,0.95722,0.04492,0.91854,0.09734,0.96717,0.14161,0.98485,0.15442,0.94065,0.20218,0.88429,0.23246,0.95059,0.26042,0.96275,0.25926,0.93402,0.29071,0.96938,0.32332,1,0.34895,1,0.39904,0.94838,0.39205,0.98485,0.44331,0.98485,0.52485,0.94065,0.51669,0.98264,0.57493,0.97822,0.64366,0.95722,0.73044,0.9622,0.81723,0.96717,0.86615,0.91412,0.89877,0.84947,0.93138,0.78482,0.94944,0.73067,0.96749,0.67652,0.97215,0.61574,0.91391,0.58507,0.85567,0.5544,0.79742,0.52374,0.73918,0.49307,0.68414,0.46986,0.6291,0.44665,0.57406,0.42345,0.51902,0.40024,0.533,0.34167,0.73124,0.7715,0.30807,0.60625,0.54403,0.6163,0.4239,0.81393,0.15005,0.74273,0.59136,0.78491,0.68158,0.61096,0.39769,0.45312,0.28013,0.75642,0.42433,0.67156,0.85658,0.66899,0.19177,0.6449,0.41593,0.53814,0.8222,0.84477,0.30922,0.88432,0.30066,0.47972,0.41701,0.16978,0.50114,0.49093,0.77288,0.62009,0.67393,0.87681,0.34887,0.23613,0.57189,0.89199,0.35134,0.35442,0.0927,0.87771,0.52816,0.74322,0.50842,0.10242,0.61537,0.68056,0.61816,0.55641,0.37897,0.74595,0.52803,0.83494,0.21167,0.54383,0.8355,0.75661,0.18447,0.8253,0.07139,0.80733,0.43807,0.90118,0.47134,0.57928,0.26179,0.6992,0.42006,0.29052,0.74891,0.68483,0.43553,0.36522,0.40491,0.59881,0.77352,0.88943,0.48505,0.21866,0.51664,0.65819],"height":390,"weights":[2,9,0.21704,7,0.78296,3,9,0.02705,7,0.93125,10,0.0417,2,7,0.39955,10,0.60045,3,7,0.0613,10,0.92061,12,0.01809,3,7,0.00007,10,0.86147,12,0.13845,2,10,0.52142,12,0.47858,2,10,0.33841,12,0.66159,2,10,0.06086,12,0.93914,1,12,1,1,12,1,3,7,0.00117,10,0.09701,12,0.90182,3,7,0.04667,10,0.62394,12,0.32939,3,7,0.22443,10,0.77473,12,0.00084,3,8,0.01338,7,0.54148,10,0.44514,3,8,0.09027,7,0.72662,10,0.18311,3,8,0.40562,7,0.57151,10,0.02287,3,8,0.59379,7,0.40058,10,0.00563,3,8,0.73302,7,0.26598,10,0.00099,2,8,0.93951,7,0.06049,2,8,0.99366,7,0.00634,1,8,1,1,8,1,1,8,1,1,8,1,1,8,1,1,8,1,1,8,1,1,8,1,1,8,1,1,8,1,2,8,0.99968,9,0.00032,2,8,0.96412,9,0.03588,2,8,0.88704,9,0.11296,2,8,0.8837,9,0.1163,2,8,0.86848,9,0.13152,2,8,0.79374,9,0.20626,2,8,0.76097,9,0.23903,2,8,0.75134,9,0.24866,2,8,0.61092,9,0.38908,2,8,0.55998,9,0.44002,2,8,0.52058,9,0.47942,2,8,0.28092,9,0.71908,2,8,0.22513,9,0.77487,2,8,0.18643,9,0.81357,2,8,0.08956,9,0.91044,2,8,0.01512,9,0.98488,2,8,0.00021,9,0.99979,1,9,1,1,9,1,1,9,1,1,9,1,1,9,1,1,9,1,1,9,1,1,9,1,1,9,1,1,9,1,1,9,1,2,9,0.99894,7,0.00106,2,9,0.96348,7,0.03652,2,9,0.71226,7,0.28774,2,9,0.38043,7,0.61957,1,9,1,2,8,0.98075,9,0.01925,2,8,0.03596,9,0.96404,2,8,0.54458,9,0.45542,1,8,1,2,8,0.09725,9,0.90275,1,9,1,3,8,0.67589,9,0.26535,7,0.05876,2,8,0.93309,9,0.06691,2,8,0.52251,9,0.47749,1,9,1,1,8,1,2,8,0.53551,9,0.46449,1,9,1,2,8,0.81545,9,0.18455,2,8,0.9422,7,0.0578,2,7,0.09391,10,0.90609,2,9,0.9984,7,0.0016,1,9,1,2,8,0.04053,9,0.95947,3,8,0.01449,7,0.66179,10,0.32372,2,8,0.18431,9,0.81569,3,8,0.2136,7,0.77456,10,0.01184,1,8,1,2,8,0.19916,9,0.80084,2,10,0.74895,12,0.25105,2,8,0.00545,9,0.99455,1,9,1,2,8,0.69084,9,0.30916,2,8,0.2591,9,0.7409,2,8,0.99577,7,0.00423,1,9,1,2,8,0.99456,9,0.00544,1,8,1,2,8,0.51531,9,0.48469,2,8,0.21941,9,0.78059,2,8,0.98534,9,0.01466,3,8,0.00139,7,0.99374,10,0.00487,1,9,1,2,9,0.14045,7,0.85955,2,8,0.61361,9,0.38639,2,8,0.00101,9,0.99899,2,7,0.19669,10,0.80331,2,8,0.14865,9,0.85135]}],"name":"body"},{"display":[{"edges":[20,21,21,22,22,23,23,24,24,25,25,26,26,27,27,28,28,29,29,30,30,31,31,32,32,33,33,34,34,35,35,36,36,37,37,38,38,39,39,40,40,41,41,42,42,43,43,44,44,45,45,46,46,47,47,0,0,1,1,2,2,3,3,4,4,5,5,6,6,7,7,8,8,9,9,10,10,11,11,12,12,13,13,14,14,15,15,16,16,17,17,18,18,19,19,20],"triangles":[46,44,45,46,43,44,46,42,43,28,29,27,29,26,27,47,42,46,31,29,30,33,31,32,31,58,29,58,26,29,47,59,42,59,41,42,33,48,58,33,58,31,55,48,33,58,25,26,0,59,47,48,25,58,59,0,41,0,40,41,52,50,0,50,56,0,56,40,0,53,25,48,55,53,48,38,39,40,56,38,40,49,53,55,53,24,25,56,16,38,2,52,1,16,17,38,34,49,55,49,24,53,36,37,38,17,36,38,50,14,56,15,16,56,14,15,56,2,57,52,57,50,52,62,24,49,62,49,34,57,63,50,62,51,24,3,57,2,4,57,3,17,60,36,63,14,50,51,23,24,35,51,62,18,60,17,18,35,60,63,13,14,12,63,57,10,12,57,5,54,4,10,57,4,54,10,4,10,11,12,35,61,51,6,54,5,61,23,51,12,13,63,7,54,6,61,22,23,18,19,35,19,61,35,9,10,54,7,8,54,19,22,61,8,9,54,19,21,22,20,21,19,34,55,33,35,62,34,60,35,36,1,52,0],"vertices":[151.56,-299.41,134.47,-372.91,118.19,-370.15,115.88,-379.91,92.65,-392.96,90.84,-417.15,79.23,-433.46,45.76,-433.52,29.92,-413.99,31.71,-376.32,53.09,-368.39,53.06,-348.86,66.53,-338.6,61.84,-317.69,89.25,-302.3,102.25,-284.61,101.76,-274.85,101.75,-261.83,62.63,-227.94,37.48,-207.52,25.8,-203.82,25.77,-187.08,40.69,-176.36,76.01,-163.35,111.33,-150.33,146.65,-137.31,181.97,-124.3,229.86,-124.23,224.78,-144.43,208.05,-148.18,217.36,-154.21,197.87,-174.7,215.57,-196.07,173.75,-210.54,122.82,-207.37,71.9,-204.2,114.72,-234.82,131.46,-229.68,135.21,-248.74,148.7,-252.43,151.51,-263.12,178.74,-283.54,205.98,-303.95,233.21,-324.37,260.45,-344.79,266.06,-367.57,218.59,-342.06,185.08,-320.74,156.87,-168.46,119.81,-182.38,110.46,-327.96,85.82,-178.33,128.67,-342.59,142.7,-162.31,60.45,-405.13,143.25,-186.19,125.88,-291.62,92.8,-363,177.52,-160.58,173.53,-296.81,87.75,-232.21,62.38,-185.95,102.3,-184.59,84.19,-329.9],"bonePose":[14,0.35608571467916994,0.9344532967470468,-0.9344532967470468,0.35608571467916994,94.84135637172189,-350.85433922234796,11,0.5525190128883084,0.8335002941792696,-0.8335002941792696,0.5525190128883084,54.09477901015397,-412.9739829215657],"path":"right arm","userEdges":[],"name":"right arm","type":"mesh","transform":{},"slotPose":[1,0,0,1,0,0],"width":240,"uvs":[0.52335,0.43347,0.45166,0.1957,0.38385,0.20473,0.37416,0.17313,0.27728,0.13099,0.26953,0.05274,0.2211,0,0.0816,0,0.01572,0.06328,0.02347,0.18517,0.1126,0.21075,0.1126,0.27395,0.16878,0.30706,0.14941,0.37478,0.26372,0.42444,0.31797,0.48162,0.31603,0.51323,0.31603,0.55536,0.15328,0.66522,0.04866,0.73143,0,0.74347,0,0.79764,0.06222,0.83225,0.20947,0.87419,0.35672,0.91613,0.50397,0.95806,0.65122,1,0.85078,1,0.82951,0.93463,0.75976,0.92259,0.79851,0.90303,0.71713,0.83681,0.79076,0.76759,0.61638,0.72094,0.40423,0.73147,0.19207,0.74201,0.37032,0.64269,0.44007,0.65924,0.45557,0.59754,0.51176,0.5855,0.52338,0.55089,0.63672,0.48468,0.75007,0.41846,0.86341,0.35225,0.97676,0.28604,1,0.2123,0.80238,0.29507,0.66286,0.36427,0.54634,0.85725,0.39184,0.81237,0.35188,0.34127,0.25025,0.82565,0.42771,0.29384,0.48736,0.8772,0.14304,0.09181,0.48947,0.79991,0.41639,0.45881,0.27809,0.22799,0.63247,0.88261,0.61492,0.44177,0.25796,0.65127,0.15254,0.80113,0.3189,0.80529,0.24241,0.33514],"height":309,"weights":[1,14,1,2,11,0.2784,14,0.7216,2,11,0.51684,14,0.48316,2,11,0.75651,14,0.24349,2,11,0.99688,14,0.00312,1,11,1,1,11,1,1,11,1,1,11,1,1,11,1,2,11,0.97914,14,0.02086,2,11,0.8376,14,0.1624,2,11,0.47892,14,0.52108,2,11,0.1081,14,0.8919,2,11,0.00023,14,0.99977,1,14,1,1,14,1,1,14,1,1,14,1,1,14,1,1,14,1,1,14,1,1,14,1,1,14,1,1,14,1,1,14,1,1,14,1,1,14,1,1,14,1,1,14,1,1,14,1,1,14,1,1,14,1,1,14,1,1,14,1,1,14,1,1,14,1,1,14,1,1,14,1,1,14,1,1,14,1,1,14,1,1,14,1,1,14,1,1,14,1,1,14,1,1,14,1,1,14,1,1,14,1,1,14,1,1,14,1,1,14,1,2,11,0.04703,14,0.95297,1,14,1,1,11,1,1,14,1,1,14,1,1,11,1,1,14,1,1,14,1,1,14,1,1,14,1,1,14,1,2,11,0.10328,14,0.89672]}],"name":"right arm"},{"display":[{"edges":[32,31,31,30,30,29,29,28,28,27,27,26,26,25,25,24,24,23,23,22,22,21,21,20,20,19,19,18,18,17,17,16,16,15,15,14,14,13,13,12,12,11,11,10,10,9,9,8,8,7,7,6,6,5,5,4,4,3,3,2,2,1,1,0,0,47,47,46,46,45,45,44,44,43,43,42,42,41,41,40,40,39,39,38,38,37,37,36,36,35,35,34,34,33,33,32],"triangles":[67,16,15,46,63,47,63,51,47,2,1,0,51,2,0,47,51,0,51,54,2,45,63,46,54,4,3,60,54,51,45,44,63,60,51,63,54,3,2,44,60,63,67,71,16,64,50,54,54,50,4,64,54,60,14,67,15,56,5,4,43,64,60,44,43,60,14,52,67,71,17,16,50,56,4,52,71,67,61,52,14,56,6,5,13,61,14,61,65,52,43,42,64,42,50,64,11,13,12,50,48,56,57,17,71,65,57,71,65,71,52,10,61,13,11,10,13,48,6,56,61,49,65,57,18,17,42,41,50,41,48,50,41,40,48,10,66,61,48,55,6,55,7,6,49,57,65,66,49,61,49,58,57,70,21,66,40,55,48,19,18,57,70,66,10,9,70,10,58,19,57,66,58,49,69,70,9,20,58,66,21,20,66,7,9,8,7,69,9,55,53,7,53,69,7,40,39,55,69,22,70,22,21,70,20,19,58,39,27,53,39,53,55,23,22,69,68,23,69,53,68,69,59,27,39,27,68,53,28,27,59,38,59,39,27,26,68,26,25,68,25,23,68,29,59,38,37,29,38,36,62,37,29,28,59,25,24,23,30,29,37,62,30,37,35,31,36,31,62,36,31,30,62,34,32,35,32,31,35,33,32,34],"vertices":[-16.03,-346.42,-23.49,-335.22,-34.35,-335.92,-40.29,-316.32,-52.54,-312.82,-57.79,-288.32,-84.92,-281.68,-112.04,-275.03,-105.05,-263.13,-108.19,-256.48,-98.75,-229.53,-90.7,-233.72,-65.49,-226.38,-74.25,-214.47,-59.2,-202.58,-44.15,-190.67,-52.2,-151.83,-79.5,-143.39,-106.1,-143.39,-126.75,-167.93,-125.35,-190.5,-123.95,-213.08,-130.95,-232.33,-150.89,-244.23,-170.85,-256.14,-164.55,-262.08,-164.9,-271.53,-153.7,-283.43,-162.35,-305.31,-171.01,-327.19,-179.68,-349.06,-188.34,-370.93,-193.02,-406.63,-193.03,-410.4,-183.08,-410.4,-173.46,-389.07,-163.84,-367.74,-154.21,-346.41,-144.59,-325.08,-136.89,-312.48,-121.31,-329.62,-105.74,-346.78,-85.09,-357.97,-73.89,-370.57,-52.54,-398.57,-37.31,-398.75,-22.09,-398.92,-16.03,-381.07,-98.21,-310.66,-99.99,-192.22,-78.83,-331.12,-34.06,-366.68,-70.01,-178.5,-130,-272.42,-52.36,-347.41,-116.69,-303.4,-74.45,-304.88,-99.12,-168.38,-112.44,-185.31,-151.59,-312.04,-49.63,-373.42,-88.77,-202.8,-170.17,-360.26,-34.95,-383.75,-65.4,-348.88,-87.5,-177.01,-104.78,-204.6,-56.39,-180.89,-145.5,-260.2,-123.6,-254.81,-115.02,-231.84,-69.1,-166.25],"bonePose":[13,-0.7132504491541816,0.7009092642998508,-0.7009092642998508,-0.7132504491541816,-36.49319247691369,-370.29042728408155,15,-0.6964139736955128,0.7176402840153453,-0.7176402840153453,-0.6964139736955128,-74.01729860691518,-333.4155908892664],"path":"left arm","userEdges":[],"name":"left arm","type":"mesh","transform":{},"slotPose":[1,0,0,1,0,0],"width":177,"uvs":[1,0.23958,0.95785,0.28152,0.89655,0.2789,0.86293,0.35231,0.79372,0.36542,0.76406,0.45718,0.61081,0.48209,0.45757,0.50699,0.49711,0.55156,0.47932,0.57647,0.53271,0.6774,0.57819,0.66167,0.72056,0.6892,0.67112,0.73377,0.75615,0.77834,0.84118,0.82291,0.7957,0.96841,0.64146,1,0.49118,1,0.37452,0.90812,0.38242,0.82356,0.39033,0.73901,0.35079,0.66692,0.23807,0.62235,0.12536,0.57778,0.16096,0.55549,0.15898,0.5201,0.22226,0.47553,0.17331,0.3936,0.12437,0.31167,0.07543,0.22975,0.02649,0.14782,0,0.01411,0,0,0.05615,0,0.11053,0.07988,0.16491,0.15977,0.21929,0.23965,0.27367,0.31954,0.31717,0.36673,0.40516,0.3025,0.49316,0.23827,0.60983,0.19632,0.6731,0.14913,0.79372,0.04426,0.87974,0.0436,0.96576,0.04295,1,0.1098,0.53573,0.37354,0.52571,0.81712,0.64521,0.29693,0.89814,0.1637,0.69505,0.86849,0.35608,0.51675,0.79476,0.23585,0.43129,0.40072,0.66994,0.39517,0.53057,0.90643,0.45532,0.84303,0.23415,0.36837,0.81013,0.13846,0.58911,0.77753,0.12908,0.18779,0.89312,0.09976,0.72112,0.23035,0.59625,0.87409,0.4986,0.77079,0.77202,0.85955,0.26858,0.56253,0.39229,0.58273,0.44073,0.66875,0.70018,0.91436],"height":267,"weights":[1,13,1,2,13,0.99952,15,0.00048,2,13,0.97864,15,0.02136,2,13,0.76836,15,0.23164,2,13,0.46575,15,0.53425,2,13,0.03969,15,0.96031,1,15,1,1,15,1,1,15,1,1,15,1,1,15,1,1,15,1,1,15,1,1,15,1,1,15,1,1,15,1,1,15,1,1,15,1,1,15,1,1,15,1,1,15,1,1,15,1,1,15,1,1,15,1,1,15,1,1,15,1,1,15,1,1,15,1,1,15,1,1,15,1,1,15,1,1,15,1,1,15,1,1,15,1,1,15,1,1,15,1,1,15,1,1,15,1,1,15,1,1,15,1,2,13,0.00127,15,0.99873,2,13,0.13561,15,0.86439,2,13,0.75619,15,0.24381,2,13,0.98944,15,0.01056,1,13,1,1,13,1,1,13,1,1,13,1,1,15,1,1,15,1,1,15,1,1,13,1,1,15,1,1,15,1,1,13,1,1,15,1,2,13,0.03261,15,0.96739,1,15,1,1,15,1,1,15,1,1,13,1,1,15,1,1,15,1,1,13,1,1,13,1,1,15,1,1,15,1,1,15,1,1,15,1,1,15,1,1,15,1,1,15,1]}],"name":"left arm"},{"display":[{"path":"shadow","type":"image","name":"shadow","transform":{"y":-1.71,"x":17.06}}],"name":"shadow"}]}]}],"name":"Osiris","version":"5.0","isGlobal":0}