{"width":128,"imagePath":"SlimeCaster_tex.png","height":128,"name":"SlimeCaster","SubTexture":[{"frameY":-1,"y":87,"frameWidth":77,"frameX":-1,"frameHeight":26,"width":75,"height":24,"name":"Shadow","x":1},{"frameY":-1,"y":55,"frameWidth":30,"frameX":-1,"frameHeight":22,"width":28,"height":20,"name":"Hand","x":77},{"width":46,"y":1,"height":84,"name":"StaffPole","x":1},{"width":26,"y":55,"height":25,"name":"StaffEnd","x":49},{"width":21,"y":77,"height":24,"name":"Fingers","x":78},{"frameY":-1,"y":103,"frameWidth":12,"frameX":-1,"frameHeight":16,"width":10,"height":14,"name":"Thumb","x":78},{"width":66,"y":1,"height":52,"name":"Slime","x":49}]}