{"width":512,"SubTexture":[{"frameX":-1,"frameHeight":33,"y":672,"frameY":-1,"frameWidth":427,"width":425,"height":31,"name":"Ellipse 1","x":1},{"width":120,"y":356,"height":162,"name":"Layer 11","x":245},{"width":120,"y":290,"height":162,"name":"Layer 11 copy","x":1},{"width":120,"y":290,"height":162,"name":"Layer 11 copy 2","x":123},{"frameX":-1,"frameHeight":70,"y":536,"frameY":-1,"frameWidth":95,"width":93,"height":68,"name":"Layer 3","x":1},{"frameX":-1,"frameHeight":82,"y":454,"frameY":-1,"frameWidth":217,"width":215,"height":80,"name":"Layer 5","x":1},{"frameX":-1,"frameHeight":135,"y":155,"frameY":-1,"frameWidth":264,"width":262,"height":133,"name":"Layer 4","x":1},{"width":296,"y":1,"height":152,"name":"Layer 7","x":1},{"width":97,"y":508,"height":150,"name":"Layer 12 copy 2","x":367},{"width":97,"y":356,"height":150,"name":"Layer 12","x":367},{"width":97,"y":520,"height":150,"name":"Layer 12 copy","x":218},{"frameX":-1,"frameHeight":147,"y":204,"frameY":-1,"frameWidth":65,"width":63,"height":145,"name":"Layer 6","x":442},{"frameX":-1,"frameHeight":152,"y":204,"frameY":-1,"frameWidth":177,"width":175,"height":150,"name":"Layer 9","x":265},{"frameX":-1,"frameHeight":203,"y":1,"frameY":-1,"frameWidth":190,"width":188,"height":201,"name":"Layer 10","x":299}],"height":1024,"name":"ZodiacCancer","imagePath":"ZodiacCancer_tex.png"}