{"frameRate":30,"armature":[{"aabb":{"width":616.1910085064906,"y":-296.917240338134,"height":295.99724033813396,"x":-385.4910085064907},"defaultActions":[{"gotoAndPlay":"Attack A"}],"type":"Armature","frameRate":30,"ik":[{"bendPositive":"false","chain":1,"name":"IKLegL3","bone":"bone7","target":"IKLegL3"},{"bendPositive":"false","chain":1,"name":"IKLegL2","bone":"bone5","target":"IKLegL2"},{"bendPositive":"false","chain":1,"name":"IKLegL","bone":"bone3","target":"IKLegL"},{"chain":1,"name":"IKLeg3R","bone":"bone22","target":"IKLeg3R"},{"chain":1,"name":"IkLegR1","bone":"bone18","target":"IkLegR1"},{"chain":1,"name":"IkLeg2R","bone":"bone20","target":"IkLeg2R"}],"animation":[{"frame":[],"ffd":[],"ik":[],"duration":41,"slot":[],"name":"Attack A","bone":[{"frame":[{"duration":10,"transform":{}},{"duration":5,"transform":{}},{"duration":5,"transform":{}},{"duration":8,"transform":{}},{"duration":13,"transform":{}},{"duration":0,"transform":{}}],"name":"root"},{"frame":[{"duration":10,"curve":[0.25,0,1,0],"transform":{}},{"duration":5,"curve":[0.25,0,0,1],"transform":{"y":30.53,"x":29.08}},{"duration":5,"curve":[0.25,0,0,1],"transform":{"y":30.53,"x":-50.79}},{"duration":8,"transform":{"y":33.69,"x":-72.27},"tweenEasing":0},{"duration":13,"curve":[0.25,0,0.75,1],"transform":{"y":30.53,"x":-50.79}},{"duration":0,"transform":{}}],"name":"bone"},{"frame":[{"duration":10,"transform":{}},{"duration":5,"curve":[0.25,0,0,1],"transform":{}},{"duration":5,"transform":{"x":-66.1}},{"duration":8,"transform":{"x":-66.1}},{"duration":13,"curve":[0.25,0,0.75,1],"transform":{"x":-66.1}},{"duration":0,"transform":{}}],"name":"IKLegL"},{"frame":[{"duration":10,"curve":[0.25,0,1,0],"transform":{"skX":0.31,"skY":0.31}},{"duration":5,"transform":{"skX":19.12,"skY":19.12}},{"duration":5,"transform":{"skX":19.12,"skY":19.12}},{"duration":8,"transform":{"skX":19.12,"skY":19.12}},{"duration":13,"curve":[0.25,0,0.75,1],"transform":{"skX":19.12,"skY":19.12}},{"duration":0,"transform":{"skX":0.31,"skY":0.31}}],"name":"bone2"},{"frame":[{"duration":10,"curve":[0.25,0,1,0],"transform":{"skX":-0.62,"skY":-0.62}},{"duration":5,"transform":{"skX":-12.32,"skY":-12.32}},{"duration":5,"transform":{"skX":-12.32,"skY":-12.32}},{"duration":8,"transform":{"skX":-12.32,"skY":-12.32}},{"duration":13,"curve":[0.25,0,0.75,1],"transform":{"skX":-12.32,"skY":-12.32}},{"duration":0,"transform":{"skX":-0.62,"skY":-0.62}}],"name":"bone3"},{"frame":[{"duration":10,"transform":{}},{"duration":5,"curve":[0.25,0,0,1],"transform":{}},{"duration":5,"transform":{"x":-64.26}},{"duration":8,"transform":{"x":-64.26}},{"duration":13,"curve":[0.25,0,0.75,1],"transform":{"x":-64.26}},{"duration":0,"transform":{}}],"name":"IKLegL2"},{"frame":[{"duration":10,"curve":[0.25,0,1,0],"transform":{"skX":0.23,"skY":0.23}},{"duration":5,"transform":{"skX":17.5,"skY":17.5}},{"duration":5,"transform":{"skX":17.5,"skY":17.5}},{"duration":8,"transform":{"skX":17.5,"skY":17.5}},{"duration":13,"curve":[0.25,0,0.75,1],"transform":{"skX":17.5,"skY":17.5}},{"duration":0,"transform":{"skX":0.23,"skY":0.23}}],"name":"bone4"},{"frame":[{"duration":10,"curve":[0.25,0,1,0],"transform":{"skX":-0.48,"skY":-0.48}},{"duration":5,"transform":{"skX":-11.02,"skY":-11.02}},{"duration":5,"transform":{"skX":-11.02,"skY":-11.02}},{"duration":8,"transform":{"skX":-11.02,"skY":-11.02}},{"duration":13,"curve":[0.25,0,0.75,1],"transform":{"skX":-11.02,"skY":-11.02}},{"duration":0,"transform":{"skX":-0.48,"skY":-0.48}}],"name":"bone5"},{"frame":[{"duration":10,"transform":{}},{"duration":5,"curve":[0.25,0,0,1],"transform":{}},{"duration":5,"transform":{"x":-79.87}},{"duration":8,"transform":{"x":-79.87}},{"duration":13,"curve":[0.25,0,0.75,1],"transform":{"x":-79.87}},{"duration":0,"transform":{}}],"name":"IKLegL3"},{"frame":[{"duration":10,"curve":[0.25,0,1,0],"transform":{"skX":-0.13,"skY":-0.13}},{"duration":5,"transform":{"skX":17.84,"skY":17.84}},{"duration":5,"transform":{"skX":17.84,"skY":17.84}},{"duration":8,"transform":{"skX":17.84,"skY":17.84}},{"duration":13,"curve":[0.25,0,0.75,1],"transform":{"skX":17.84,"skY":17.84}},{"duration":0,"transform":{"skX":-0.13,"skY":-0.13}}],"name":"bone6"},{"frame":[{"duration":10,"curve":[0.25,0,1,0],"transform":{"skX":0.42,"skY":0.42}},{"duration":5,"transform":{"skX":-13.91,"skY":-13.91}},{"duration":5,"transform":{"skX":-13.91,"skY":-13.91}},{"duration":8,"transform":{"skX":-13.91,"skY":-13.91}},{"duration":13,"curve":[0.25,0,0.75,1],"transform":{"skX":-13.91,"skY":-13.91}},{"duration":0,"transform":{"skX":0.42,"skY":0.42}}],"name":"bone7"},{"frame":[{"duration":10,"curve":[0.25,0,1,0],"transform":{}},{"duration":5,"transform":{"skX":11.37,"skY":11.37}},{"duration":5,"transform":{"skX":11.37,"skY":11.37}},{"duration":8,"transform":{"skX":11.37,"skY":11.37}},{"duration":13,"curve":[0.25,0,0.75,1],"transform":{"skX":11.37,"skY":11.37}},{"duration":0,"transform":{}}],"name":"bone8"},{"frame":[{"duration":10,"curve":[0.25,0,1,0],"transform":{}},{"duration":5,"curve":[0.25,0,0,1],"transform":{"skX":-7.09,"skY":-7.09}},{"duration":5,"transform":{"skX":-7.09,"skY":-7.09,"y":-5.04,"x":23.76}},{"duration":8,"transform":{"skX":-7.09,"skY":-7.09,"y":-5.04,"x":23.76}},{"duration":13,"curve":[0.25,0,0.75,1],"transform":{"skX":-7.09,"skY":-7.09,"y":-5.04,"x":23.76}},{"duration":0,"transform":{}}],"name":"bone9"},{"frame":[{"duration":10,"curve":[0.25,0,1,0],"transform":{}},{"duration":5,"curve":[0.25,0,0,1],"transform":{"y":18.03,"x":-49.23}},{"duration":5,"transform":{"skX":3.87,"skY":3.87,"y":-4.22,"x":22.43}},{"duration":8,"transform":{"skX":3.87,"skY":3.87,"y":-4.22,"x":22.43}},{"duration":13,"curve":[0.25,0,0.75,1],"transform":{"skX":3.87,"skY":3.87,"y":-4.22,"x":22.43}},{"duration":0,"transform":{}}],"name":"bone10"},{"frame":[{"duration":10,"curve":[0.25,0,1,0],"transform":{}},{"duration":5,"curve":[0.25,0,0,1],"transform":{"skX":37.08,"skY":37.08}},{"duration":5,"curve":[0.25,0,0,1],"transform":{"skX":34.3,"skY":34.3,"scX":1.2,"scY":1.2}},{"duration":8,"transform":{"skX":-5.03,"skY":-5.03,"scX":1.2,"scY":1.2},"tweenEasing":0},{"duration":13,"curve":[0.25,0,0.75,1],"transform":{"skX":-2.59,"skY":-2.59,"scX":1.2,"scY":1.2}},{"duration":0,"transform":{}}],"name":"bone11"},{"frame":[{"duration":10,"curve":[0.25,0,1,0],"transform":{}},{"duration":5,"curve":[0.25,0,0,1],"transform":{"skX":-83.17,"skY":-83.17}},{"duration":5,"curve":[0.25,0,0,1],"transform":{"skX":-75.95,"skY":-75.95,"y":10.74,"x":2.35}},{"duration":8,"transform":{"skX":7.15,"skY":7.15,"y":10.74,"x":2.35},"tweenEasing":0},{"duration":13,"curve":[0.25,0,0.75,1],"transform":{"skX":2.09,"skY":2.09,"y":10.74,"x":2.35}},{"duration":0,"transform":{}}],"name":"bone12"},{"frame":[{"duration":10,"transform":{}},{"duration":5,"curve":[0.25,0,0,1],"transform":{}},{"duration":5,"transform":{"y":-43.27,"x":22.82}},{"duration":8,"transform":{"y":-43.27,"x":22.82}},{"duration":13,"curve":[0.25,0,0.75,1],"transform":{"y":-43.27,"x":22.82}},{"duration":0,"transform":{}}],"name":"bone13"},{"frame":[{"duration":10,"transform":{}},{"duration":5,"transform":{}},{"duration":5,"transform":{}},{"duration":8,"transform":{}},{"duration":13,"transform":{}},{"duration":0,"transform":{}}],"name":"bone14"},{"frame":[{"duration":10,"transform":{}},{"duration":5,"curve":[0.25,0,0,1],"transform":{}},{"duration":5,"transform":{"scX":1.28,"x":-57.33}},{"duration":8,"transform":{"scX":1.28,"x":-57.33}},{"duration":13,"curve":[0.25,0,0.75,1],"transform":{"scX":1.28,"x":-57.33}},{"duration":0,"transform":{}}],"name":"bone15"},{"frame":[{"duration":10,"curve":[0.25,0,1,0],"transform":{}},{"duration":1,"curve":[0.28900000000000003,0.16,0.706,0.825],"transform":{"skX":163.16,"skY":163.16,"y":-84.07,"x":59.94}},{"duration":1,"curve":[0.25,0,0.75,1],"transform":{"skX":257.41,"skY":257.41,"y":-84.07,"x":59.94}},{"duration":1,"curve":[0.25,0,0.75,1],"transform":{"skX":-29.57,"skY":-29.57,"y":-84.07,"x":59.94}},{"duration":1,"curve":[0.25,0,0.75,1],"transform":{"skX":40.18,"skY":40.18,"y":-84.07,"x":59.94}},{"duration":1,"curve":[0.25,0,0.75,1],"transform":{"skX":169.25,"skY":169.25,"y":-84.07,"x":59.94}},{"duration":5,"transform":{"skX":-115.56,"skY":-115.56,"y":-68.36,"x":48.74}},{"duration":8,"transform":{"skX":-115.56,"skY":-115.56,"y":-68.36,"x":48.74}},{"duration":1,"transform":{"skX":-115.56,"skY":-115.56,"y":-68.36,"x":48.74}},{"duration":12,"curve":[0.2875,0.155,0.708,0.835],"transform":{"skX":-115.56,"skY":-115.56,"y":-68.36,"x":48.74}},{"duration":0,"transform":{}}],"name":"bone16"},{"frame":[{"duration":10,"transform":{}},{"duration":5,"curve":[0.25,0,0,1],"transform":{}},{"duration":5,"transform":{"x":-46.82}},{"duration":8,"transform":{"x":-46.82}},{"duration":13,"curve":[0.25,0,0.75,1],"transform":{"x":-46.82}},{"duration":0,"transform":{}}],"name":"IkLegR1"},{"frame":[{"duration":10,"curve":[0.25,0,1,0],"transform":{"skX":-1,"skY":-1}},{"duration":5,"transform":{"skX":-36.04,"skY":-36.04}},{"duration":5,"transform":{"skX":-36.04,"skY":-36.04}},{"duration":8,"transform":{"skX":-36.04,"skY":-36.04}},{"duration":13,"curve":[0.25,0,0.75,1],"transform":{"skX":-36.04,"skY":-36.04}},{"duration":0,"transform":{"skX":-1,"skY":-1}}],"name":"bone17"},{"frame":[{"duration":10,"curve":[0.25,0,1,0],"transform":{"skX":1.63,"skY":1.63}},{"duration":5,"transform":{"skX":66.25,"skY":66.25}},{"duration":5,"transform":{"skX":66.25,"skY":66.25}},{"duration":8,"transform":{"skX":66.25,"skY":66.25}},{"duration":13,"curve":[0.25,0,0.75,1],"transform":{"skX":66.25,"skY":66.25}},{"duration":0,"transform":{"skX":1.63,"skY":1.63}}],"name":"bone18"},{"frame":[{"duration":10,"transform":{}},{"duration":5,"curve":[0.25,0,0,1],"transform":{}},{"duration":5,"transform":{"x":-40.39}},{"duration":8,"transform":{"x":-40.39}},{"duration":13,"curve":[0.25,0,0.75,1],"transform":{"x":-40.39}},{"duration":0,"transform":{}}],"name":"IkLeg2R"},{"frame":[{"duration":10,"curve":[0.25,0,1,0],"transform":{"skX":-0.67,"skY":-0.67}},{"duration":5,"transform":{"skX":-32.26,"skY":-32.26}},{"duration":5,"transform":{"skX":-32.26,"skY":-32.26}},{"duration":8,"transform":{"skX":-32.26,"skY":-32.26}},{"duration":13,"curve":[0.25,0,0.75,1],"transform":{"skX":-32.26,"skY":-32.26}},{"duration":0,"transform":{"skX":-0.67,"skY":-0.67}}],"name":"bone19"},{"frame":[{"duration":10,"curve":[0.25,0,1,0],"transform":{"skX":1.09,"skY":1.09}},{"duration":5,"transform":{"skX":65.5,"skY":65.5}},{"duration":5,"transform":{"skX":65.5,"skY":65.5}},{"duration":8,"transform":{"skX":65.5,"skY":65.5}},{"duration":13,"curve":[0.25,0,0.75,1],"transform":{"skX":65.5,"skY":65.5}},{"duration":0,"transform":{"skX":1.09,"skY":1.09}}],"name":"bone20"},{"frame":[{"duration":10,"transform":{}},{"duration":5,"curve":[0.25,0,0,1],"transform":{}},{"duration":5,"transform":{"x":-43.15}},{"duration":8,"transform":{"x":-43.15}},{"duration":13,"curve":[0.25,0,0.75,1],"transform":{"x":-43.15}},{"duration":0,"transform":{}}],"name":"IKLeg3R"},{"frame":[{"duration":10,"curve":[0.25,0,1,0],"transform":{"skX":-0.01,"skY":-0.01}},{"duration":5,"transform":{"skX":-25.43,"skY":-25.43}},{"duration":5,"transform":{"skX":-25.43,"skY":-25.43}},{"duration":8,"transform":{"skX":-25.43,"skY":-25.43}},{"duration":13,"curve":[0.25,0,0.75,1],"transform":{"skX":-25.43,"skY":-25.43}},{"duration":0,"transform":{"skX":-0.01,"skY":-0.01}}],"name":"bone21"},{"frame":[{"duration":10,"curve":[0.25,0,1,0],"transform":{"skX":0.05,"skY":0.05}},{"duration":5,"transform":{"skX":60.13,"skY":60.13}},{"duration":5,"transform":{"skX":60.13,"skY":60.13}},{"duration":8,"transform":{"skX":60.13,"skY":60.13}},{"duration":13,"curve":[0.25,0,0.75,1],"transform":{"skX":60.13,"skY":60.13}},{"duration":0,"transform":{"skX":0.05,"skY":0.05}}],"name":"bone22"}]},{"frame":[],"ffd":[],"ik":[],"duration":37,"slot":[],"name":"Attack B","bone":[{"frame":[{"duration":10,"transform":{}},{"duration":5,"transform":{}},{"duration":22,"transform":{}},{"duration":0,"transform":{}}],"name":"root"},{"frame":[{"duration":10,"curve":[0.25,0,1,0],"transform":{}},{"duration":5,"curve":[0.25,0,0,1],"transform":{"y":30.53,"x":29.08}},{"duration":22,"transform":{"y":30.53,"x":-50.79},"tweenEasing":0},{"duration":0,"transform":{}}],"name":"bone"},{"frame":[{"duration":10,"transform":{}},{"duration":5,"curve":[0.25,0,0,1],"transform":{}},{"duration":22,"transform":{"x":-66.1},"tweenEasing":0},{"duration":0,"transform":{}}],"name":"IKLegL"},{"frame":[{"duration":10,"curve":[0.25,0,1,0],"transform":{"skX":0.31,"skY":0.31}},{"duration":5,"transform":{"skX":19.12,"skY":19.12}},{"duration":22,"transform":{"skX":19.12,"skY":19.12},"tweenEasing":0},{"duration":0,"transform":{"skX":0.31,"skY":0.31}}],"name":"bone2"},{"frame":[{"duration":10,"curve":[0.25,0,1,0],"transform":{"skX":-0.62,"skY":-0.62}},{"duration":5,"transform":{"skX":-12.32,"skY":-12.32}},{"duration":22,"transform":{"skX":-12.32,"skY":-12.32},"tweenEasing":0},{"duration":0,"transform":{"skX":-0.62,"skY":-0.62}}],"name":"bone3"},{"frame":[{"duration":10,"transform":{}},{"duration":5,"curve":[0.25,0,0,1],"transform":{}},{"duration":22,"transform":{"x":-64.26},"tweenEasing":0},{"duration":0,"transform":{}}],"name":"IKLegL2"},{"frame":[{"duration":10,"curve":[0.25,0,1,0],"transform":{"skX":0.23,"skY":0.23}},{"duration":5,"transform":{"skX":17.5,"skY":17.5}},{"duration":22,"transform":{"skX":17.5,"skY":17.5},"tweenEasing":0},{"duration":0,"transform":{"skX":0.23,"skY":0.23}}],"name":"bone4"},{"frame":[{"duration":10,"curve":[0.25,0,1,0],"transform":{"skX":-0.48,"skY":-0.48}},{"duration":5,"transform":{"skX":-11.02,"skY":-11.02}},{"duration":22,"transform":{"skX":-11.02,"skY":-11.02},"tweenEasing":0},{"duration":0,"transform":{"skX":-0.48,"skY":-0.48}}],"name":"bone5"},{"frame":[{"duration":10,"transform":{}},{"duration":5,"curve":[0.25,0,0,1],"transform":{}},{"duration":22,"transform":{"x":-79.87},"tweenEasing":0},{"duration":0,"transform":{}}],"name":"IKLegL3"},{"frame":[{"duration":10,"curve":[0.25,0,1,0],"transform":{"skX":-0.13,"skY":-0.13}},{"duration":5,"transform":{"skX":17.84,"skY":17.84}},{"duration":22,"transform":{"skX":17.84,"skY":17.84},"tweenEasing":0},{"duration":0,"transform":{"skX":-0.13,"skY":-0.13}}],"name":"bone6"},{"frame":[{"duration":10,"curve":[0.25,0,1,0],"transform":{"skX":0.42,"skY":0.42}},{"duration":5,"transform":{"skX":-13.91,"skY":-13.91}},{"duration":22,"transform":{"skX":-13.91,"skY":-13.91},"tweenEasing":0},{"duration":0,"transform":{"skX":0.42,"skY":0.42}}],"name":"bone7"},{"frame":[{"duration":10,"curve":[0.25,0,1,0],"transform":{}},{"duration":5,"transform":{"skX":11.37,"skY":11.37}},{"duration":22,"transform":{"skX":11.37,"skY":11.37},"tweenEasing":0},{"duration":0,"transform":{}}],"name":"bone8"},{"frame":[{"duration":10,"curve":[0.25,0,1,0],"transform":{}},{"duration":5,"curve":[0.25,0,0,1],"transform":{"skX":-7.09,"skY":-7.09}},{"duration":22,"transform":{"skX":-7.09,"skY":-7.09,"y":-5.04,"x":23.76},"tweenEasing":0},{"duration":0,"transform":{}}],"name":"bone9"},{"frame":[{"duration":10,"curve":[0.25,0,1,0],"transform":{}},{"duration":5,"curve":[0.25,0,0,1],"transform":{"y":18.03,"x":-49.23}},{"duration":22,"transform":{"skX":3.87,"skY":3.87,"y":-4.22,"x":22.43},"tweenEasing":0},{"duration":0,"transform":{}}],"name":"bone10"},{"frame":[{"duration":10,"curve":[0.25,0,1,0],"transform":{}},{"duration":5,"curve":[0.25,0,0,1],"transform":{"skX":37.08,"skY":37.08}},{"duration":22,"transform":{"skX":-2.59,"skY":-2.59,"scX":1.2,"scY":1.2},"tweenEasing":0},{"duration":0,"transform":{}}],"name":"bone11"},{"frame":[{"duration":10,"curve":[0.25,0,1,0],"transform":{}},{"duration":5,"curve":[0.25,0,0,1],"transform":{"skX":-83.17,"skY":-83.17}},{"duration":22,"transform":{"skX":2.09,"skY":2.09,"y":10.74,"x":2.35},"tweenEasing":0},{"duration":0,"transform":{}}],"name":"bone12"},{"frame":[{"duration":10,"transform":{}},{"duration":5,"curve":[0.25,0,0,1],"transform":{}},{"duration":22,"transform":{"y":-43.27,"x":22.82},"tweenEasing":0},{"duration":0,"transform":{}}],"name":"bone13"},{"frame":[{"duration":10,"transform":{}},{"duration":5,"transform":{}},{"duration":22,"transform":{}},{"duration":0,"transform":{}}],"name":"bone14"},{"frame":[{"duration":10,"transform":{}},{"duration":5,"curve":[0.25,0,0,1],"transform":{}},{"duration":22,"transform":{"scX":1.28,"x":-57.33},"tweenEasing":0},{"duration":0,"transform":{}}],"name":"bone15"},{"frame":[{"duration":10,"curve":[0.25,0,1,0],"transform":{}},{"duration":1,"curve":[0.28900000000000003,0.16,0.706,0.825],"transform":{"skX":163.16,"skY":163.16,"y":-84.07,"x":59.94}},{"duration":1,"curve":[0.25,0,0.75,1],"transform":{"skX":257.41,"skY":257.41,"y":-84.07,"x":59.94}},{"duration":1,"curve":[0.25,0,0.75,1],"transform":{"skX":-29.57,"skY":-29.57,"y":-84.07,"x":59.94}},{"duration":1,"curve":[0.25,0,0.75,1],"transform":{"skX":40.18,"skY":40.18,"y":-84.07,"x":59.94}},{"duration":1,"curve":[0.25,0,0.75,1],"transform":{"skX":169.25,"skY":169.25,"y":-84.07,"x":59.94}},{"duration":22,"curve":[0.2875,0.155,0.708,0.835],"transform":{"skX":-115.56,"skY":-115.56,"y":-68.36,"x":48.74}},{"duration":0,"transform":{}}],"name":"bone16"},{"frame":[{"duration":10,"transform":{}},{"duration":5,"curve":[0.25,0,0,1],"transform":{}},{"duration":22,"transform":{"x":-46.82},"tweenEasing":0},{"duration":0,"transform":{}}],"name":"IkLegR1"},{"frame":[{"duration":10,"curve":[0.25,0,1,0],"transform":{"skX":-1,"skY":-1}},{"duration":5,"transform":{"skX":-36.04,"skY":-36.04}},{"duration":22,"transform":{"skX":-36.04,"skY":-36.04},"tweenEasing":0},{"duration":0,"transform":{"skX":-1,"skY":-1}}],"name":"bone17"},{"frame":[{"duration":10,"curve":[0.25,0,1,0],"transform":{"skX":1.63,"skY":1.63}},{"duration":5,"transform":{"skX":66.25,"skY":66.25}},{"duration":22,"transform":{"skX":66.25,"skY":66.25},"tweenEasing":0},{"duration":0,"transform":{"skX":1.63,"skY":1.63}}],"name":"bone18"},{"frame":[{"duration":10,"transform":{}},{"duration":5,"curve":[0.25,0,0,1],"transform":{}},{"duration":22,"transform":{"x":-40.39},"tweenEasing":0},{"duration":0,"transform":{}}],"name":"IkLeg2R"},{"frame":[{"duration":10,"curve":[0.25,0,1,0],"transform":{"skX":-0.67,"skY":-0.67}},{"duration":5,"transform":{"skX":-32.26,"skY":-32.26}},{"duration":22,"transform":{"skX":-32.26,"skY":-32.26},"tweenEasing":0},{"duration":0,"transform":{"skX":-0.67,"skY":-0.67}}],"name":"bone19"},{"frame":[{"duration":10,"curve":[0.25,0,1,0],"transform":{"skX":1.09,"skY":1.09}},{"duration":5,"transform":{"skX":65.5,"skY":65.5}},{"duration":22,"transform":{"skX":65.5,"skY":65.5},"tweenEasing":0},{"duration":0,"transform":{"skX":1.09,"skY":1.09}}],"name":"bone20"},{"frame":[{"duration":10,"transform":{}},{"duration":5,"curve":[0.25,0,0,1],"transform":{}},{"duration":22,"transform":{"x":-43.15},"tweenEasing":0},{"duration":0,"transform":{}}],"name":"IKLeg3R"},{"frame":[{"duration":10,"curve":[0.25,0,1,0],"transform":{"skX":-0.01,"skY":-0.01}},{"duration":5,"transform":{"skX":-25.43,"skY":-25.43}},{"duration":22,"transform":{"skX":-25.43,"skY":-25.43},"tweenEasing":0},{"duration":0,"transform":{"skX":-0.01,"skY":-0.01}}],"name":"bone21"},{"frame":[{"duration":10,"curve":[0.25,0,1,0],"transform":{"skX":0.05,"skY":0.05}},{"duration":5,"transform":{"skX":60.13,"skY":60.13}},{"duration":22,"transform":{"skX":60.13,"skY":60.13},"tweenEasing":0},{"duration":0,"transform":{"skX":0.05,"skY":0.05}}],"name":"bone22"}]},{"frame":[],"ffd":[],"ik":[],"duration":29,"slot":[],"name":"Attack C","bone":[{"frame":[{"duration":10,"transform":{}},{"duration":5,"transform":{}},{"duration":14,"transform":{}},{"duration":0,"transform":{}}],"name":"root"},{"frame":[{"duration":10,"curve":[0.25,0,1,0],"transform":{}},{"duration":5,"curve":[0.25,0,0.75,1],"transform":{"y":9.06,"x":10.44}},{"duration":14,"transform":{"y":30.53,"x":-50.79},"tweenEasing":0},{"duration":0,"transform":{}}],"name":"bone"},{"frame":[{"duration":10,"transform":{}},{"duration":5,"curve":[0.25,0,0.75,1],"transform":{}},{"duration":14,"transform":{"x":-66.1},"tweenEasing":0},{"duration":0,"transform":{}}],"name":"IKLegL"},{"frame":[{"duration":10,"curve":[0.25,0,1,0],"transform":{"skX":0.31,"skY":0.31}},{"duration":5,"transform":{"skX":19.12,"skY":19.12}},{"duration":14,"transform":{"skX":19.12,"skY":19.12},"tweenEasing":0},{"duration":0,"transform":{"skX":0.31,"skY":0.31}}],"name":"bone2"},{"frame":[{"duration":10,"curve":[0.25,0,1,0],"transform":{"skX":-0.62,"skY":-0.62}},{"duration":5,"transform":{"skX":-12.32,"skY":-12.32}},{"duration":14,"transform":{"skX":-12.32,"skY":-12.32},"tweenEasing":0},{"duration":0,"transform":{"skX":-0.62,"skY":-0.62}}],"name":"bone3"},{"frame":[{"duration":10,"transform":{}},{"duration":5,"curve":[0.25,0,0.75,1],"transform":{}},{"duration":14,"transform":{"x":-64.26},"tweenEasing":0},{"duration":0,"transform":{}}],"name":"IKLegL2"},{"frame":[{"duration":10,"curve":[0.25,0,1,0],"transform":{"skX":0.23,"skY":0.23}},{"duration":5,"transform":{"skX":17.5,"skY":17.5}},{"duration":14,"transform":{"skX":17.5,"skY":17.5},"tweenEasing":0},{"duration":0,"transform":{"skX":0.23,"skY":0.23}}],"name":"bone4"},{"frame":[{"duration":10,"curve":[0.25,0,1,0],"transform":{"skX":-0.48,"skY":-0.48}},{"duration":5,"transform":{"skX":-11.02,"skY":-11.02}},{"duration":14,"transform":{"skX":-11.02,"skY":-11.02},"tweenEasing":0},{"duration":0,"transform":{"skX":-0.48,"skY":-0.48}}],"name":"bone5"},{"frame":[{"duration":10,"transform":{}},{"duration":5,"curve":[0.25,0,0.75,1],"transform":{}},{"duration":14,"transform":{"x":-79.87},"tweenEasing":0},{"duration":0,"transform":{}}],"name":"IKLegL3"},{"frame":[{"duration":10,"curve":[0.25,0,1,0],"transform":{"skX":-0.13,"skY":-0.13}},{"duration":5,"transform":{"skX":17.84,"skY":17.84}},{"duration":14,"transform":{"skX":17.84,"skY":17.84},"tweenEasing":0},{"duration":0,"transform":{"skX":-0.13,"skY":-0.13}}],"name":"bone6"},{"frame":[{"duration":10,"curve":[0.25,0,1,0],"transform":{"skX":0.42,"skY":0.42}},{"duration":5,"transform":{"skX":-13.91,"skY":-13.91}},{"duration":14,"transform":{"skX":-13.91,"skY":-13.91},"tweenEasing":0},{"duration":0,"transform":{"skX":0.42,"skY":0.42}}],"name":"bone7"},{"frame":[{"duration":10,"curve":[0.25,0,1,0],"transform":{}},{"duration":5,"curve":[0.25,0,0.75,1],"transform":{"skX":23.1,"skY":23.1}},{"duration":14,"transform":{"skX":11.37,"skY":11.37},"tweenEasing":0},{"duration":0,"transform":{}}],"name":"bone8"},{"frame":[{"duration":10,"curve":[0.25,0,1,0],"transform":{}},{"duration":5,"curve":[0.25,0,0.75,1],"transform":{"skX":-26.35,"skY":-26.35}},{"duration":14,"transform":{"skX":-25.95,"skY":-25.95,"y":-5.04,"x":23.76},"tweenEasing":0},{"duration":0,"transform":{}}],"name":"bone9"},{"frame":[{"duration":10,"curve":[0.25,0,1,0],"transform":{}},{"duration":5,"curve":[0.25,0,0.75,1],"transform":{"skX":106,"skY":106,"y":56.34,"x":-22.33}},{"duration":14,"transform":{"skX":9.62,"skY":9.62,"y":-4.22,"x":22.43},"tweenEasing":0},{"duration":0,"transform":{}}],"name":"bone10"},{"frame":[{"duration":10,"curve":[0.25,0,1,0],"transform":{}},{"duration":5,"curve":[0.25,0,0.75,1],"transform":{"skX":-16.06,"skY":-16.06}},{"duration":14,"transform":{"skX":-14.88,"skY":-14.88,"scX":1.2,"scY":1.2},"tweenEasing":0},{"duration":0,"transform":{}}],"name":"bone11"},{"frame":[{"duration":10,"curve":[0.25,0,1,0],"transform":{}},{"duration":5,"curve":[0.25,0,0.75,1],"transform":{"skX":21.12,"skY":21.12}},{"duration":14,"transform":{"skX":2.09,"skY":2.09,"y":10.74,"x":2.35},"tweenEasing":0},{"duration":0,"transform":{}}],"name":"bone12"},{"frame":[{"duration":10,"transform":{}},{"duration":5,"curve":[0.25,0,0.75,1],"transform":{}},{"duration":14,"transform":{"y":-43.27,"x":22.82},"tweenEasing":0},{"duration":0,"transform":{}}],"name":"bone13"},{"frame":[{"duration":10,"transform":{}},{"duration":5,"transform":{}},{"duration":14,"transform":{}},{"duration":0,"transform":{}}],"name":"bone14"},{"frame":[{"duration":10,"transform":{}},{"duration":5,"curve":[0.25,0,0.75,1],"transform":{}},{"duration":14,"transform":{"scX":1.46,"x":-57.33},"tweenEasing":0},{"duration":0,"transform":{}}],"name":"bone15"},{"frame":[{"duration":10,"curve":[0.25,0,1,0],"transform":{}},{"duration":1,"curve":[0.25,0,0.75,1],"transform":{"skX":163.16,"skY":163.16,"y":-84.07,"x":59.94}},{"duration":1,"curve":[0.25,0,0.75,1],"transform":{"skX":257.41,"skY":257.41,"y":-84.07,"x":59.94}},{"duration":1,"curve":[0.25,0,0.75,1],"transform":{"skX":-29.57,"skY":-29.57,"y":-84.07,"x":59.94}},{"duration":1,"curve":[0.25,0,0.75,1],"transform":{"skX":40.18,"skY":40.18,"y":-84.07,"x":59.94}},{"duration":1,"curve":[0.25,0,0.75,1],"transform":{"skX":169.25,"skY":169.25,"y":-84.07,"x":59.94}},{"duration":14,"curve":[0.2875,0.155,0.708,0.835],"transform":{"skX":-115.56,"skY":-115.56,"y":-68.36,"x":48.74}},{"duration":0,"transform":{}}],"name":"bone16"},{"frame":[{"duration":10,"transform":{}},{"duration":5,"curve":[0.25,0,0.75,1],"transform":{}},{"duration":14,"transform":{"x":-46.82},"tweenEasing":0},{"duration":0,"transform":{}}],"name":"IkLegR1"},{"frame":[{"duration":10,"curve":[0.25,0,1,0],"transform":{"skX":-1,"skY":-1}},{"duration":5,"transform":{"skX":-36.04,"skY":-36.04}},{"duration":14,"transform":{"skX":-36.04,"skY":-36.04},"tweenEasing":0},{"duration":0,"transform":{"skX":-1,"skY":-1}}],"name":"bone17"},{"frame":[{"duration":10,"curve":[0.25,0,1,0],"transform":{"skX":1.63,"skY":1.63}},{"duration":5,"transform":{"skX":66.25,"skY":66.25}},{"duration":14,"transform":{"skX":66.25,"skY":66.25},"tweenEasing":0},{"duration":0,"transform":{"skX":1.63,"skY":1.63}}],"name":"bone18"},{"frame":[{"duration":10,"transform":{}},{"duration":5,"curve":[0.25,0,0.75,1],"transform":{}},{"duration":14,"transform":{"x":-40.39},"tweenEasing":0},{"duration":0,"transform":{}}],"name":"IkLeg2R"},{"frame":[{"duration":10,"curve":[0.25,0,1,0],"transform":{"skX":-0.67,"skY":-0.67}},{"duration":5,"transform":{"skX":-32.26,"skY":-32.26}},{"duration":14,"transform":{"skX":-32.26,"skY":-32.26},"tweenEasing":0},{"duration":0,"transform":{"skX":-0.67,"skY":-0.67}}],"name":"bone19"},{"frame":[{"duration":10,"curve":[0.25,0,1,0],"transform":{"skX":1.09,"skY":1.09}},{"duration":5,"transform":{"skX":65.5,"skY":65.5}},{"duration":14,"transform":{"skX":65.5,"skY":65.5},"tweenEasing":0},{"duration":0,"transform":{"skX":1.09,"skY":1.09}}],"name":"bone20"},{"frame":[{"duration":10,"transform":{}},{"duration":5,"curve":[0.25,0,0.75,1],"transform":{}},{"duration":14,"transform":{"x":-43.15},"tweenEasing":0},{"duration":0,"transform":{}}],"name":"IKLeg3R"},{"frame":[{"duration":10,"curve":[0.25,0,1,0],"transform":{"skX":-0.01,"skY":-0.01}},{"duration":5,"transform":{"skX":-25.43,"skY":-25.43}},{"duration":14,"transform":{"skX":-25.43,"skY":-25.43},"tweenEasing":0},{"duration":0,"transform":{"skX":-0.01,"skY":-0.01}}],"name":"bone21"},{"frame":[{"duration":10,"curve":[0.25,0,1,0],"transform":{"skX":0.05,"skY":0.05}},{"duration":5,"transform":{"skX":60.13,"skY":60.13}},{"duration":14,"transform":{"skX":60.13,"skY":60.13},"tweenEasing":0},{"duration":0,"transform":{"skX":0.05,"skY":0.05}}],"name":"bone22"}]},{"frame":[],"ffd":[],"ik":[],"duration":35,"slot":[],"name":"Attack E","bone":[{"frame":[{"duration":10,"transform":{}},{"duration":5,"transform":{}},{"duration":20,"transform":{}},{"duration":0,"transform":{}}],"name":"root"},{"frame":[{"duration":10,"curve":[0.25,0,1,0],"transform":{}},{"duration":5,"curve":[0.25,0,0,1],"transform":{"y":30.53,"x":29.08}},{"duration":20,"transform":{"y":30.53,"x":-50.79},"tweenEasing":0},{"duration":0,"transform":{}}],"name":"bone"},{"frame":[{"duration":10,"transform":{}},{"duration":5,"curve":[0.25,0,0,1],"transform":{}},{"duration":20,"transform":{"x":-66.1},"tweenEasing":0},{"duration":0,"transform":{}}],"name":"IKLegL"},{"frame":[{"duration":10,"curve":[0.25,0,1,0],"transform":{"skX":0.31,"skY":0.31}},{"duration":5,"transform":{"skX":19.12,"skY":19.12}},{"duration":20,"transform":{"skX":19.12,"skY":19.12},"tweenEasing":0},{"duration":0,"transform":{"skX":0.31,"skY":0.31}}],"name":"bone2"},{"frame":[{"duration":10,"curve":[0.25,0,1,0],"transform":{"skX":-0.62,"skY":-0.62}},{"duration":5,"transform":{"skX":-12.32,"skY":-12.32}},{"duration":20,"transform":{"skX":-12.32,"skY":-12.32},"tweenEasing":0},{"duration":0,"transform":{"skX":-0.62,"skY":-0.62}}],"name":"bone3"},{"frame":[{"duration":10,"transform":{}},{"duration":5,"curve":[0.25,0,0,1],"transform":{}},{"duration":20,"transform":{"x":-64.26},"tweenEasing":0},{"duration":0,"transform":{}}],"name":"IKLegL2"},{"frame":[{"duration":10,"curve":[0.25,0,1,0],"transform":{"skX":0.23,"skY":0.23}},{"duration":5,"transform":{"skX":17.5,"skY":17.5}},{"duration":20,"transform":{"skX":17.5,"skY":17.5},"tweenEasing":0},{"duration":0,"transform":{"skX":0.23,"skY":0.23}}],"name":"bone4"},{"frame":[{"duration":10,"curve":[0.25,0,1,0],"transform":{"skX":-0.48,"skY":-0.48}},{"duration":5,"transform":{"skX":-11.02,"skY":-11.02}},{"duration":20,"transform":{"skX":-11.02,"skY":-11.02},"tweenEasing":0},{"duration":0,"transform":{"skX":-0.48,"skY":-0.48}}],"name":"bone5"},{"frame":[{"duration":10,"transform":{}},{"duration":5,"curve":[0.25,0,0,1],"transform":{}},{"duration":20,"transform":{"x":-79.87},"tweenEasing":0},{"duration":0,"transform":{}}],"name":"IKLegL3"},{"frame":[{"duration":10,"curve":[0.25,0,1,0],"transform":{"skX":-0.13,"skY":-0.13}},{"duration":5,"transform":{"skX":17.84,"skY":17.84}},{"duration":20,"transform":{"skX":17.84,"skY":17.84},"tweenEasing":0},{"duration":0,"transform":{"skX":-0.13,"skY":-0.13}}],"name":"bone6"},{"frame":[{"duration":10,"curve":[0.25,0,1,0],"transform":{"skX":0.42,"skY":0.42}},{"duration":5,"transform":{"skX":-13.91,"skY":-13.91}},{"duration":20,"transform":{"skX":-13.91,"skY":-13.91},"tweenEasing":0},{"duration":0,"transform":{"skX":0.42,"skY":0.42}}],"name":"bone7"},{"frame":[{"duration":10,"curve":[0.25,0,1,0],"transform":{}},{"duration":5,"curve":[0.25,0,0,1],"transform":{"skX":23.29,"skY":23.29}},{"duration":20,"transform":{"skX":11.37,"skY":11.37},"tweenEasing":0},{"duration":0,"transform":{}}],"name":"bone8"},{"frame":[{"duration":10,"curve":[0.25,0,1,0],"transform":{}},{"duration":5,"curve":[0.25,0,0,1],"transform":{"skX":-19.5,"skY":-19.5}},{"duration":20,"transform":{"skX":-7.09,"skY":-7.09,"y":-5.04,"x":23.76},"tweenEasing":0},{"duration":0,"transform":{}}],"name":"bone9"},{"frame":[{"duration":10,"curve":[0.25,0,1,0],"transform":{}},{"duration":5,"curve":[0.25,0,0,1],"transform":{"y":14.16,"x":-88.36}},{"duration":20,"transform":{"skX":3.87,"skY":3.87,"y":-29.28,"x":37.32},"tweenEasing":0},{"duration":0,"transform":{}}],"name":"bone10"},{"frame":[{"duration":10,"curve":[0.25,0,1,0],"transform":{}},{"duration":5,"curve":[0.25,0,0,1],"transform":{"skX":7.36,"skY":7.36}},{"duration":20,"transform":{"skX":-2.59,"skY":-2.59,"scX":1.38,"scY":1.38},"tweenEasing":0},{"duration":0,"transform":{}}],"name":"bone11"},{"frame":[{"duration":10,"curve":[0.25,0,1,0],"transform":{}},{"duration":5,"curve":[0.25,0,0,1],"transform":{"skX":8.29,"skY":8.29}},{"duration":20,"transform":{"skX":2.09,"skY":2.09,"y":10.74,"x":2.35},"tweenEasing":0},{"duration":0,"transform":{}}],"name":"bone12"},{"frame":[{"duration":10,"transform":{}},{"duration":5,"curve":[0.25,0,0,1],"transform":{}},{"duration":20,"transform":{"y":23.23,"x":16.25},"tweenEasing":0},{"duration":0,"transform":{}}],"name":"bone13"},{"frame":[{"duration":10,"transform":{}},{"duration":5,"transform":{}},{"duration":20,"transform":{}},{"duration":0,"transform":{}}],"name":"bone14"},{"frame":[{"duration":10,"transform":{}},{"duration":5,"curve":[0.25,0,0,1],"transform":{}},{"duration":20,"transform":{"scX":1.28,"x":-57.33},"tweenEasing":0},{"duration":0,"transform":{}}],"name":"bone15"},{"frame":[{"duration":10,"curve":[0.28300000000000003,0,0.626,0.39],"transform":{}},{"duration":1,"curve":[0.28900000000000003,0.16,0.706,0.825],"transform":{"skX":163.16,"skY":163.16,"y":-84.07,"x":59.94}},{"duration":1,"curve":[0.25,0,0.75,1],"transform":{"skX":257.41,"skY":257.41,"y":-84.07,"x":59.94}},{"duration":1,"curve":[0.25,0,0.75,1],"transform":{"skX":-29.57,"skY":-29.57,"y":-84.07,"x":59.94}},{"duration":1,"curve":[0.25,0,0.75,1],"transform":{"skX":40.18,"skY":40.18,"y":-84.07,"x":59.94}},{"duration":1,"curve":[0.25,0,0.75,1],"transform":{"skX":169.25,"skY":169.25,"y":-84.07,"x":59.94}},{"duration":20,"curve":[0.2875,0.155,0.708,0.835],"transform":{"skX":-115.56,"skY":-115.56,"y":-68.36,"x":48.74}},{"duration":0,"transform":{}}],"name":"bone16"},{"frame":[{"duration":10,"transform":{}},{"duration":5,"curve":[0.25,0,0,1],"transform":{}},{"duration":20,"transform":{"x":-46.82},"tweenEasing":0},{"duration":0,"transform":{}}],"name":"IkLegR1"},{"frame":[{"duration":10,"curve":[0.25,0,1,0],"transform":{"skX":-1,"skY":-1}},{"duration":5,"transform":{"skX":-36.04,"skY":-36.04}},{"duration":20,"transform":{"skX":-36.04,"skY":-36.04},"tweenEasing":0},{"duration":0,"transform":{"skX":-1,"skY":-1}}],"name":"bone17"},{"frame":[{"duration":10,"curve":[0.25,0,1,0],"transform":{"skX":1.63,"skY":1.63}},{"duration":5,"transform":{"skX":66.25,"skY":66.25}},{"duration":20,"transform":{"skX":66.25,"skY":66.25},"tweenEasing":0},{"duration":0,"transform":{"skX":1.63,"skY":1.63}}],"name":"bone18"},{"frame":[{"duration":10,"transform":{}},{"duration":5,"curve":[0.25,0,0,1],"transform":{}},{"duration":20,"transform":{"x":-40.39},"tweenEasing":0},{"duration":0,"transform":{}}],"name":"IkLeg2R"},{"frame":[{"duration":10,"curve":[0.25,0,1,0],"transform":{"skX":-0.67,"skY":-0.67}},{"duration":5,"transform":{"skX":-32.26,"skY":-32.26}},{"duration":20,"transform":{"skX":-32.26,"skY":-32.26},"tweenEasing":0},{"duration":0,"transform":{"skX":-0.67,"skY":-0.67}}],"name":"bone19"},{"frame":[{"duration":10,"curve":[0.25,0,1,0],"transform":{"skX":1.09,"skY":1.09}},{"duration":5,"transform":{"skX":65.5,"skY":65.5}},{"duration":20,"transform":{"skX":65.5,"skY":65.5},"tweenEasing":0},{"duration":0,"transform":{"skX":1.09,"skY":1.09}}],"name":"bone20"},{"frame":[{"duration":10,"transform":{}},{"duration":5,"curve":[0.25,0,0,1],"transform":{}},{"duration":20,"transform":{"x":-43.15},"tweenEasing":0},{"duration":0,"transform":{}}],"name":"IKLeg3R"},{"frame":[{"duration":10,"curve":[0.25,0,1,0],"transform":{"skX":-0.01,"skY":-0.01}},{"duration":5,"transform":{"skX":-25.43,"skY":-25.43}},{"duration":20,"transform":{"skX":-25.43,"skY":-25.43},"tweenEasing":0},{"duration":0,"transform":{"skX":-0.01,"skY":-0.01}}],"name":"bone21"},{"frame":[{"duration":10,"curve":[0.25,0,1,0],"transform":{"skX":0.05,"skY":0.05}},{"duration":5,"transform":{"skX":60.13,"skY":60.13}},{"duration":20,"transform":{"skX":60.13,"skY":60.13},"tweenEasing":0},{"duration":0,"transform":{"skX":0.05,"skY":0.05}}],"name":"bone22"}]},{"frame":[],"ffd":[],"ik":[],"duration":30,"slot":[],"name":"Damage","bone":[{"frame":[{"duration":10,"transform":{}},{"duration":20,"transform":{}},{"duration":0,"transform":{}}],"name":"root"},{"frame":[{"duration":10,"curve":[0.25,0,0,1],"transform":{}},{"duration":20,"curve":[0.25,0,0.75,1],"transform":{"y":23.04,"x":18.11}},{"duration":0,"transform":{}}],"name":"bone"},{"frame":[{"duration":10,"transform":{}},{"duration":20,"transform":{}},{"duration":0,"transform":{}}],"name":"IKLegL"},{"frame":[{"duration":10,"curve":[0.25,0,0,1],"transform":{"skX":0.31,"skY":0.31}},{"duration":20,"curve":[0.25,0,0.75,1],"transform":{"skX":17.72,"skY":17.72}},{"duration":0,"transform":{"skX":0.31,"skY":0.31}}],"name":"bone2"},{"frame":[{"duration":10,"curve":[0.25,0,0,1],"transform":{"skX":-0.62,"skY":-0.62}},{"duration":20,"curve":[0.25,0,0.75,1],"transform":{"skX":-17.91,"skY":-17.91}},{"duration":0,"transform":{"skX":-0.62,"skY":-0.62}}],"name":"bone3"},{"frame":[{"duration":10,"transform":{}},{"duration":20,"transform":{}},{"duration":0,"transform":{}}],"name":"IKLegL2"},{"frame":[{"duration":10,"curve":[0.25,0,0,1],"transform":{"skX":0.23,"skY":0.23}},{"duration":20,"curve":[0.25,0,0.75,1],"transform":{"skX":15.67,"skY":15.67}},{"duration":0,"transform":{"skX":0.23,"skY":0.23}}],"name":"bone4"},{"frame":[{"duration":10,"curve":[0.25,0,0,1],"transform":{"skX":-0.48,"skY":-0.48}},{"duration":20,"curve":[0.25,0,0.75,1],"transform":{"skX":-16.76,"skY":-16.76}},{"duration":0,"transform":{"skX":-0.48,"skY":-0.48}}],"name":"bone5"},{"frame":[{"duration":10,"transform":{}},{"duration":20,"transform":{}},{"duration":0,"transform":{}}],"name":"IKLegL3"},{"frame":[{"duration":10,"curve":[0.25,0,0,1],"transform":{"skX":-0.13,"skY":-0.13}},{"duration":20,"curve":[0.25,0,0.75,1],"transform":{"skX":16.2,"skY":16.2}},{"duration":0,"transform":{"skX":-0.13,"skY":-0.13}}],"name":"bone6"},{"frame":[{"duration":10,"curve":[0.25,0,0,1],"transform":{"skX":0.42,"skY":0.42}},{"duration":20,"curve":[0.25,0,0.75,1],"transform":{"skX":-19.99,"skY":-19.99}},{"duration":0,"transform":{"skX":0.42,"skY":0.42}}],"name":"bone7"},{"frame":[{"duration":10,"transform":{}},{"duration":20,"transform":{}},{"duration":0,"transform":{}}],"name":"bone8"},{"frame":[{"duration":10,"curve":[0.25,0,0,1],"transform":{}},{"duration":20,"curve":[0.25,0,0.75,1],"transform":{"skX":21.33,"skY":21.33}},{"duration":0,"transform":{}}],"name":"bone9"},{"frame":[{"duration":10,"curve":[0.25,0,0,1],"transform":{}},{"duration":20,"curve":[0.25,0,0.75,1],"transform":{"skX":-23.89,"skY":-23.89}},{"duration":0,"transform":{}}],"name":"bone10"},{"frame":[{"duration":10,"curve":[0.25,0,0,1],"transform":{}},{"duration":20,"curve":[0.25,0,0.75,1],"transform":{"skX":19.75,"skY":19.75}},{"duration":0,"transform":{}}],"name":"bone11"},{"frame":[{"duration":10,"curve":[0.25,0,0,1],"transform":{}},{"duration":20,"curve":[0.25,0,0.75,1],"transform":{"skX":-35.82,"skY":-35.82}},{"duration":0,"transform":{}}],"name":"bone12"},{"frame":[{"duration":10,"transform":{}},{"duration":20,"transform":{}},{"duration":0,"transform":{}}],"name":"bone13"},{"frame":[{"duration":10,"transform":{}},{"duration":20,"transform":{}},{"duration":0,"transform":{}}],"name":"bone14"},{"frame":[{"duration":10,"curve":[0.25,0,0,1],"transform":{}},{"duration":20,"curve":[0.25,0,0.75,1],"transform":{"scX":1.22}},{"duration":0,"transform":{}}],"name":"bone15"},{"frame":[{"duration":10,"curve":[0.25,0,0,1],"transform":{}},{"duration":20,"curve":[0.25,0,0.75,1],"transform":{"skX":25.96,"skY":25.96,"y":-2.68,"x":42.88}},{"duration":0,"transform":{}}],"name":"bone16"},{"frame":[{"duration":10,"transform":{}},{"duration":20,"transform":{}},{"duration":0,"transform":{}}],"name":"IkLegR1"},{"frame":[{"duration":10,"curve":[0.25,0,0,1],"transform":{"skX":-1,"skY":-1}},{"duration":20,"curve":[0.25,0,0.75,1],"transform":{"skX":-30.26,"skY":-30.26}},{"duration":0,"transform":{"skX":-1,"skY":-1}}],"name":"bone17"},{"frame":[{"duration":10,"curve":[0.25,0,0,1],"transform":{"skX":1.63,"skY":1.63}},{"duration":20,"curve":[0.25,0,0.75,1],"transform":{"skX":53.1,"skY":53.1}},{"duration":0,"transform":{"skX":1.63,"skY":1.63}}],"name":"bone18"},{"frame":[{"duration":10,"transform":{}},{"duration":20,"transform":{}},{"duration":0,"transform":{}}],"name":"IkLeg2R"},{"frame":[{"duration":10,"curve":[0.25,0,0,1],"transform":{"skX":-0.67,"skY":-0.67}},{"duration":20,"curve":[0.25,0,0.75,1],"transform":{"skX":-27.52,"skY":-27.52}},{"duration":0,"transform":{"skX":-0.67,"skY":-0.67}}],"name":"bone19"},{"frame":[{"duration":10,"curve":[0.25,0,0,1],"transform":{"skX":1.09,"skY":1.09}},{"duration":20,"curve":[0.25,0,0.75,1],"transform":{"skX":52.6,"skY":52.6}},{"duration":0,"transform":{"skX":1.09,"skY":1.09}}],"name":"bone20"},{"frame":[{"duration":10,"transform":{}},{"duration":20,"transform":{}},{"duration":0,"transform":{}}],"name":"IKLeg3R"},{"frame":[{"duration":10,"curve":[0.25,0,0,1],"transform":{"skX":-0.01,"skY":-0.01}},{"duration":20,"curve":[0.25,0,0.75,1],"transform":{"skX":-21.86,"skY":-21.86}},{"duration":0,"transform":{"skX":-0.01,"skY":-0.01}}],"name":"bone21"},{"frame":[{"duration":10,"curve":[0.25,0,0,1],"transform":{"skX":0.05,"skY":0.05}},{"duration":20,"curve":[0.25,0,0.75,1],"transform":{"skX":47.38,"skY":47.38}},{"duration":0,"transform":{"skX":0.05,"skY":0.05}}],"name":"bone22"}]},{"frame":[],"ffd":[],"ik":[],"duration":60,"slot":[],"name":"Idle","bone":[{"frame":[{"duration":60,"transform":{}},{"duration":0,"transform":{}}],"name":"root"},{"frame":[{"duration":30,"transform":{},"tweenEasing":0},{"duration":30,"transform":{"y":14.7},"tweenEasing":0},{"duration":0,"transform":{}}],"name":"bone"},{"frame":[{"duration":60,"transform":{}},{"duration":0,"transform":{}}],"name":"IKLegL"},{"frame":[{"duration":60,"transform":{"skX":0.31,"skY":0.31}},{"duration":0,"transform":{"skX":0.31,"skY":0.31}}],"name":"bone2"},{"frame":[{"duration":60,"transform":{"skX":-0.62,"skY":-0.62}},{"duration":0,"transform":{"skX":-0.62,"skY":-0.62}}],"name":"bone3"},{"frame":[{"duration":60,"transform":{}},{"duration":0,"transform":{}}],"name":"IKLegL2"},{"frame":[{"duration":60,"transform":{"skX":0.23,"skY":0.23}},{"duration":0,"transform":{"skX":0.23,"skY":0.23}}],"name":"bone4"},{"frame":[{"duration":60,"transform":{"skX":-0.48,"skY":-0.48}},{"duration":0,"transform":{"skX":-0.48,"skY":-0.48}}],"name":"bone5"},{"frame":[{"duration":60,"transform":{}},{"duration":0,"transform":{}}],"name":"IKLegL3"},{"frame":[{"duration":60,"transform":{"skX":-0.13,"skY":-0.13}},{"duration":0,"transform":{"skX":-0.13,"skY":-0.13}}],"name":"bone6"},{"frame":[{"duration":60,"transform":{"skX":0.42,"skY":0.42}},{"duration":0,"transform":{"skX":0.42,"skY":0.42}}],"name":"bone7"},{"frame":[{"duration":60,"transform":{}},{"duration":0,"transform":{}}],"name":"bone8"},{"frame":[{"duration":60,"transform":{}},{"duration":0,"transform":{}}],"name":"bone9"},{"frame":[{"duration":30,"transform":{},"tweenEasing":0},{"duration":30,"transform":{"skX":9.14,"skY":9.14},"tweenEasing":0},{"duration":0,"transform":{}}],"name":"bone10"},{"frame":[{"duration":60,"transform":{}},{"duration":0,"transform":{}}],"name":"bone11"},{"frame":[{"duration":60,"transform":{}},{"duration":0,"transform":{}}],"name":"bone12"},{"frame":[{"duration":30,"transform":{},"tweenEasing":0},{"duration":30,"transform":{"skX":19.26,"skY":19.26},"tweenEasing":0},{"duration":0,"transform":{}}],"name":"bone13"},{"frame":[{"duration":60,"transform":{}},{"duration":0,"transform":{}}],"name":"bone14"},{"frame":[{"duration":30,"transform":{},"tweenEasing":0},{"duration":30,"transform":{"scX":1.3},"tweenEasing":0},{"duration":0,"transform":{}}],"name":"bone15"},{"frame":[{"duration":30,"transform":{},"tweenEasing":0},{"duration":30,"transform":{"y":33.41},"tweenEasing":0},{"duration":0,"transform":{}}],"name":"bone16"},{"frame":[{"duration":60,"transform":{}},{"duration":0,"transform":{}}],"name":"IkLegR1"},{"frame":[{"duration":60,"transform":{"skX":-1,"skY":-1}},{"duration":0,"transform":{"skX":-1,"skY":-1}}],"name":"bone17"},{"frame":[{"duration":60,"transform":{"skX":1.63,"skY":1.63}},{"duration":0,"transform":{"skX":1.63,"skY":1.63}}],"name":"bone18"},{"frame":[{"duration":60,"transform":{}},{"duration":0,"transform":{}}],"name":"IkLeg2R"},{"frame":[{"duration":60,"transform":{"skX":-0.67,"skY":-0.67}},{"duration":0,"transform":{"skX":-0.67,"skY":-0.67}}],"name":"bone19"},{"frame":[{"duration":60,"transform":{"skX":1.09,"skY":1.09}},{"duration":0,"transform":{"skX":1.09,"skY":1.09}}],"name":"bone20"},{"frame":[{"duration":60,"transform":{}},{"duration":0,"transform":{}}],"name":"IKLeg3R"},{"frame":[{"duration":60,"transform":{"skX":-0.01,"skY":-0.01}},{"duration":0,"transform":{"skX":-0.01,"skY":-0.01}}],"name":"bone21"},{"frame":[{"duration":60,"transform":{"skX":0.05,"skY":0.05}},{"duration":0,"transform":{"skX":0.05,"skY":0.05}}],"name":"bone22"}]}],"skin":[{"name":"","slot":[{"display":[{"path":"Layer 4","type":"image","name":"Layer 4","transform":{"skX":172.2,"skY":172.2,"y":-1.97,"x":101.81}}],"name":"Layer 4"},{"display":[{"slotPose":[1,0,0,1,0,0],"vertices":[194.93,-18.93,198.35,-47.98,195.09,-73.4,179.6,-108.78,150.09,-139.57,104.78,-168.92,101.5,-168.75,104.45,-160.77,118.31,-132.41,125.16,-98.83,132.33,-92.31,138.52,-84.48,134.78,-73.08,154.34,-60.2,173.58,-42.76,187.76,-41.13,181.07,-61.18,165.26,-89.54,145.69,-120.18,127.28,-142.35,114.24,-158.16],"path":"Layer 12 copy 2","uvs":[0.96306,1,0.99834,0.80636,0.96474,0.63684,0.8051,0.40104,0.50095,0.19566,0.03379,0,0,0.00114,0.03043,0.05439,0.17327,0.24347,0.24385,0.46732,0.31778,0.51079,0.38164,0.56295,0.34299,0.63901,0.54464,0.72486,0.74293,0.84113,0.88912,0.852,0.82022,0.71834,0.65722,0.52926,0.45558,0.32497,0.26569,0.17718,0.13126,0.07178],"name":"Layer 12 copy 2","triangles":[5,20,4,3,17,2,2,16,1,16,15,1,15,0,1,15,14,0,17,16,2,4,18,3,16,14,15,13,14,16,17,13,16,18,17,3,20,19,4,18,10,17,10,11,17,11,13,17,11,12,13,9,10,18,19,18,4,19,8,18,8,9,18,20,8,19,20,7,8,5,7,20,5,6,7],"type":"mesh","transform":{},"userEdges":[0,15,15,16,16,17,17,18,18,19,19,20],"width":97,"edges":[6,7,7,8,8,9,9,10,10,11,11,12,12,13,13,14,14,0,0,1,1,2,2,3,3,4,4,5,5,6],"height":150,"weights":[1,17,1,1,17,1,1,17,1,2,14,0.55174,17,0.44826,1,14,1,1,14,1,1,14,1,1,14,1,1,14,1,2,14,0.90535,17,0.09465,2,14,0.77963,17,0.22037,2,14,0.48547,17,0.51453,2,14,0.283,17,0.717,2,14,0.05845,17,0.94155,1,17,1,1,17,1,1,17,1,2,14,0.10152,17,0.89848,2,14,0.99944,17,0.00056,1,14,1,1,14,1],"bonePose":[17,0.3252380863834537,0.9456321627174222,-0.9456321627174222,0.3252380863834537,167.8429362017262,-100.38502574159337,14,0.7153269462265234,0.6987899255156993,-0.6987899255156993,0.7153269462265234,106.94,-159.88]}],"name":"Layer 12 copy 2"},{"display":[{"slotPose":[1,0,0,1,0,0],"vertices":[-118.01,-43.81,-84.32,-63.71,-83.54,-74.35,-71.33,-85.58,-63.85,-109.03,-51.43,-139.37,-30.49,-173.92,-48.48,-167.54,-83.35,-145.47,-114.28,-116.31,-132.2,-93.06,-143.63,-67.25,-147.96,-43.41,-145.2,-11.91,-130.23,-47.16,-106,-86.56,-82.96,-119.27,-60.69,-143.3],"path":"Layer 11","uvs":[0.28703,0.80431,0.55134,0.68028,0.5579,0.61461,0.65969,0.5453,0.72207,0.40059,0.82549,0.21332,1,0,0.85012,0.03942,0.55954,0.17562,0.3018,0.35559,0.15241,0.49909,0.0572,0.65839,0.02108,0.80553,0.04406,1,0.1782,0.78312,0.37075,0.53922,0.56283,0.33735,0.74834,0.18899],"name":"Layer 11","triangles":[17,4,5,8,17,7,16,4,17,8,16,17,16,3,4,16,15,3,15,2,3,8,9,16,9,15,16,15,1,2,15,0,1,11,14,15,10,11,15,14,0,15,9,10,15,14,13,0,12,13,14,11,12,14,5,17,6,7,17,6],"type":"mesh","transform":{},"userEdges":[13,14,14,15,15,16,16,17,17,6],"width":120,"edges":[12,13,13,0,0,1,1,2,2,3,3,4,4,5,5,6,6,7,7,8,8,9,9,10,10,11,11,12],"height":162,"weights":[2,12,0.00303,20,0.99697,2,12,0.43899,20,0.56101,2,12,0.6695,20,0.3305,2,12,0.97378,20,0.02622,1,12,1,1,12,1,1,12,1,1,12,1,1,12,1,2,12,0.31655,20,0.68345,1,20,1,1,20,1,1,20,1,1,20,1,1,20,1,2,12,0.19231,20,0.80769,1,12,1,1,12,1],"bonePose":[12,-0.6766189820945455,0.7363333165553091,-0.7363333165553091,-0.6766189820945455,-39.379999999999995,-168.49,20,-0.43129858703145696,0.902209248913282,-0.902209248913282,-0.43129858703145696,-105.03851748761774,-98.02707300056151]}],"name":"Layer 11"},{"display":[{"slotPose":[1,0,0,1,0,0],"vertices":[116.7,-3.92,102.87,-21.88,60.04,-57.22,61.71,-70.3,49.37,-82.27,45.81,-101.91,34.97,-132.2,25.5,-153.92,38.52,-147.91,62.64,-134.63,97.06,-101.91,113.33,-67.32,122.51,-46.38,122.5,-3.93,113.52,-38.52,95.38,-64.89,82.29,-90.69,67.88,-109.01,56.66,-122.66,44.69,-135.95,33.28,-147.16],"path":"Layer 12 copy","uvs":[0.94007,1,0.79741,0.88033,0.35594,0.64471,0.37329,0.55745,0.24605,0.47766,0.20942,0.34676,0.09761,0.1448,0,0,0.13424,0.04008,0.38293,0.12859,0.73765,0.34676,0.94007,0.57864,1,0.71702,0.99983,1,0.91089,0.76951,0.74084,0.59434,0.58535,0.42156,0.43691,0.29939,0.32124,0.20838,0.19786,0.11987,0.08026,0.04507],"name":"Layer 12 copy","triangles":[10,15,11,11,15,12,15,14,12,1,0,13,14,1,13,12,14,13,16,15,10,15,1,14,9,17,10,15,2,1,16,3,15,3,2,15,17,16,10,9,18,17,17,4,16,4,3,16,8,19,9,18,5,17,5,4,17,19,18,9,6,5,18,19,6,18,7,20,8,20,7,6,8,19,20,20,6,19],"type":"mesh","transform":{},"userEdges":[13,14,14,15,15,16,16,17,17,18,18,19,19,20],"width":97,"edges":[7,6,6,5,5,4,4,3,3,2,2,1,1,0,0,13,13,12,12,11,11,10,10,9,9,8,8,7],"height":150,"weights":[1,19,1,1,19,1,2,15,0.0327,19,0.9673,2,15,0.17706,19,0.82294,2,15,0.60191,19,0.39809,2,15,0.93713,19,0.06287,1,15,1,1,15,1,1,15,1,1,15,1,2,15,0.23614,19,0.76386,1,19,1,1,19,1,1,19,1,1,19,1,1,19,1,2,15,0.0053,19,0.9947,1,15,1,1,15,1,1,15,1,1,15,1],"bonePose":[19,0.4251474994074925,0.9051240819620016,-0.9051240819620016,0.4251474994074925,80.11394197618102,-96.0939839540662,15,0.6931502662499115,0.7207931106757866,-0.7207931106757866,0.6931502662499115,29.41,-148.82]}],"name":"Layer 12 copy"},{"display":[{"slotPose":[1,0,0,1,0,0],"vertices":[6.68,-20.06,4.93,-60.41,25.51,-112.59,74.52,-157.9,107.11,-175.94,122.49,-180.92,103.81,-156.16,92.95,-126.67,82.66,-92.72,68.12,-82.83,69.28,-72.55,35.09,-47.92,23.25,-55.1,38.59,-80.12,48.67,-97.78,75.64,-125.33,83.79,-136.19,96.21,-158.1],"path":"Layer 11 copy 2","uvs":[0.03498,0.99306,0.02043,0.74398,0.19179,0.42184,0.60022,0.14207,0.87182,0.0307,1,0,0.85727,0.15404,0.75381,0.33487,0.66812,0.54444,0.54687,0.60551,0.55657,0.66898,0.27169,0.82102,0.17307,0.77671,0.30079,0.62223,0.38485,0.51326,0.60957,0.34321,0.67747,0.27615,0.78943,0.14162],"name":"Layer 11 copy 2","triangles":[4,6,5,17,16,6,16,7,6,3,17,4,17,6,4,15,8,7,3,16,17,16,15,7,15,14,8,14,9,8,3,15,16,3,2,15,2,14,15,9,13,10,13,11,10,14,13,9,12,11,13,2,13,14,12,0,11,2,1,13,1,12,13,1,0,12],"type":"mesh","transform":{},"userEdges":[0,12,12,13,13,14,14,15,15,16,16,17],"width":120,"edges":[1,0,0,11,11,10,10,9,9,8,8,7,7,6,6,5,5,4,4,3,3,2,2,1],"height":162,"weights":[1,21,1,1,21,1,2,10,0.69762,21,0.30238,1,10,1,1,10,1,1,10,1,1,10,1,1,10,1,1,10,1,2,10,0.97043,21,0.02957,2,10,0.86944,21,0.13056,2,10,0.01008,21,0.98992,1,21,1,2,10,0.02714,21,0.97286,2,10,0.99883,21,0.00117,1,10,1,1,10,1,1,10,1],"bonePose":[21,-0.4505659419989558,0.8927431500216587,-0.8927431500216587,-0.4505659419989558,41.538864415842504,-87.72692502000274,10,-0.6387678175155976,0.7693995550468952,-0.7693995550468952,-0.6387678175155976,118.54,-180.35]}],"name":"Layer 11 copy 2"},{"display":[{"path":"Layer 9","type":"image","name":"Layer 9","transform":{"skX":171.66,"skY":171.66,"y":1.15,"x":112.34}}],"name":"Layer 9"},{"display":[{"path":"Layer 5","type":"image","name":"Layer 5","transform":{"skX":-159.12,"skY":-159.12,"y":8.33,"x":94.58}}],"name":"Layer 5"},{"display":[{"slotPose":[1,0,0,1,0,0],"vertices":[-141.5,-126.91,-137.78,-142.31,-132.04,-150.4,-130.73,-160.06,-122.9,-167.88,-99.67,-200.78,-76.19,-221.13,-61.31,-224.92,-48.78,-224.91,-71.23,-201.03,-32.08,-210.43,-7.03,-210.69,54.83,-197.64,90.03,-184.59,100.72,-180.42,134.4,-144.4,140.92,-128.22,131.52,-108.9,105.43,-94.03,-9.79,-77.13,-67.74,-72.92,-89.92,-75.05,-91.22,-81.31,-99.31,-81.57,-113.93,-96.7,-141.5,-116.02,-72.17,-80.79,-22.58,-111.06,-8.23,-123.07,15.79,-113.68,7.18,-153.09,-40.33,-175.27,-39.28,-185.97,-92.53,-197.19,-112.36,-170.83,-121.76,-149.69,-127.76,-127.5,-112.37,-108.45,-95.14,-92.01,-47.64,-115.24,-65.65,-149.43,-74.51,-163.79,-85.22,-183.62],"path":"Layer 7","uvs":[0,0.64479,0.01256,0.54348,0.03196,0.49025,0.03636,0.42671,0.06282,0.3752,0.14129,0.15885,0.22065,0.02491,0.27091,0,0.31324,0,0.2374,0.15713,0.36967,0.09531,0.45432,0.0936,0.66329,0.17945,0.78217,0.26531,0.81832,0.29278,0.93207,0.52974,0.95411,0.6362,0.92237,0.76327,0.83419,0.86114,0.44496,0.97226,0.24922,1,0.17427,0.986,0.16986,0.94479,0.14252,0.94307,0.09314,0.84348,0,0.71641,0.23423,0.94822,0.40176,0.74904,0.45026,0.67005,0.53138,0.73187,0.50228,0.47258,0.3418,0.32663,0.34533,0.25623,0.16545,0.18239,0.09844,0.35582,0.06669,0.49491,0.04641,0.64086,0.09843,0.76621,0.15663,0.87439,0.31711,0.72156,0.25627,0.49662,0.22629,0.40218,0.19014,0.27168],"name":"Layer 7","triangles":[15,17,16,18,17,15,14,18,15,12,30,13,30,29,13,14,13,18,13,29,18,29,19,18,11,30,12,11,32,30,32,31,30,28,27,29,27,19,29,30,28,29,31,28,30,40,39,31,39,27,28,31,39,28,10,32,11,27,20,19,9,32,10,41,40,31,9,31,32,9,41,31,42,41,9,40,38,39,38,26,39,37,38,40,41,35,40,35,37,40,38,22,26,26,21,20,34,35,41,33,42,9,22,21,26,5,33,6,42,34,41,35,36,37,33,34,42,5,34,33,38,23,22,37,24,38,24,23,38,4,34,5,25,24,37,36,25,37,4,35,34,4,3,35,1,36,35,2,1,35,3,2,35,1,0,36,0,25,36,20,26,27,39,26,27,6,33,7,7,33,8,33,9,8],"type":"mesh","transform":{},"userEdges":[22,26,26,27,27,28,28,29,29,30,30,31,31,32,32,9,8,33,33,34,34,35,35,36,36,37,37,38,38,39,39,40,40,41,41,42],"width":296,"edges":[0,25,25,24,24,23,23,22,22,21,21,20,20,19,19,18,18,17,17,16,16,15,15,14,14,13,13,12,12,11,11,10,10,9,9,8,8,7,7,6,6,5,5,4,4,3,3,2,2,1,1,0],"height":152,"weights":[1,23,1,1,23,1,1,23,1,1,23,1,1,23,1,2,13,0.00046,23,0.99954,2,13,0.00122,23,0.99878,2,13,0.00007,23,0.99993,1,23,1,2,13,0.0188,23,0.9812,2,13,0.24885,23,0.75115,2,13,0.47338,23,0.52662,2,13,0.96909,23,0.03091,1,13,1,1,13,1,1,13,1,1,13,1,1,13,1,1,13,1,2,13,0.30584,23,0.69416,2,13,0.00046,23,0.99954,1,23,1,1,23,1,1,23,1,1,23,1,1,23,1,1,23,1,2,13,0.07169,23,0.92831,2,13,0.14863,23,0.85137,2,13,0.87484,23,0.12516,2,13,0.80493,23,0.19507,2,13,0.10994,23,0.89006,2,13,0.15057,23,0.84943,2,13,0.0015,23,0.9985,1,23,1,1,23,1,1,23,1,1,23,1,1,23,1,2,13,0.00065,23,0.99935,2,13,0.00148,23,0.99852,2,13,0.00455,23,0.99545,2,13,0.00456,23,0.99544],"bonePose":[23,-0.9850492515621035,0.1722729578225768,-0.1722729578225768,-0.9850492515621035,-2.072967422820568,-132.74311103074967,13,-0.999945169365512,-0.010471784116245709,0.010471784116245709,-0.999945169365512,126.18,-131.4]}],"name":"Layer 7"},{"display":[{"path":"Ellipse 1","type":"image","name":"Ellipse 1","transform":{"y":-0.03,"x":16.86}}],"name":"Ellipse 1"},{"display":[{"slotPose":[1,0,0,1,0,0],"vertices":[97.53,-88.92,94.27,-106.77,84.48,-130.44,72.5,-160.03,87.13,-153.59,129.87,-121.97,146.06,-102.46,160.13,-77.97,167.27,-59.41,168.6,-39.72,165.96,-10.02,150.76,-29.5,123.73,-52.04,107.21,-66.56,111.09,-75.74,102.72,-83.49,93.14,-137.86,117.19,-112.7,132.54,-89.57,145.86,-72.19,159.92,-34.82],"path":"Layer 12","uvs":[0.25806,0.47336,0.22442,0.35504,0.12347,0.19728,0,0,0.15081,0.04292,0.5914,0.25372,0.75828,0.38378,0.90339,0.54698,0.977,0.67074,0.99067,0.80198,0.96343,1,0.80675,0.87017,0.52809,0.71989,0.35779,0.62309,0.39775,0.56189,0.31152,0.51021,0.21268,0.14776,0.46062,0.31549,0.61892,0.46966,0.75624,0.58559,0.90119,0.83473],"name":"Layer 12","triangles":[20,11,10,19,20,8,7,19,8,8,20,9,20,10,9,12,11,20,19,12,20,4,16,5,18,19,6,6,19,7,17,18,6,5,17,6,18,14,19,14,12,19,14,13,12,16,17,5,17,15,18,15,14,18,0,15,17,1,0,17,16,1,17,16,2,1,2,3,16,4,3,16],"type":"mesh","transform":{},"userEdges":[3,16,16,17,17,18,18,19,19,20],"width":97,"edges":[3,2,2,1,1,0,0,15,15,14,14,13,13,12,12,11,11,10,10,9,9,8,8,7,7,6,6,5,5,4,4,3],"height":150,"weights":[2,16,0.83496,22,0.16504,2,16,0.98847,22,0.01153,1,16,1,1,16,1,1,16,1,1,16,1,2,16,0.36683,22,0.63317,1,22,1,1,22,1,1,22,1,1,22,1,1,22,1,2,16,0.01417,22,0.98583,2,16,0.14705,22,0.85295,2,16,0.32064,22,0.67936,2,16,0.70685,22,0.29315,1,16,1,1,16,1,2,16,0.02844,22,0.97157,1,22,1,1,22,1],"bonePose":[16,0.6682221845224683,0.7439617679101664,-0.7439617679101664,0.6682221845224683,78.94,-154.28,22,0.3965070803065543,0.918031663542588,-0.918031663542588,0.3965070803065543,131.44221703793033,-95.82692389529822]}],"name":"Layer 12"},{"display":[{"path":"Layer 10","type":"image","name":"Layer 10","transform":{"skX":-149.57,"skY":-149.57,"y":43.21,"x":67.39}}],"name":"Layer 10"},{"display":[{"slotPose":[1,0,0,1,0,0],"vertices":[-79.23,-14.92,-81.59,-46.65,-71.35,-86.05,-47.12,-120.13,-16.65,-148.3,17.63,-171.94,35.5,-176.91,23.14,-160.12,11.12,-139.63,-4.44,-88.81,-11.73,-83.68,-18.43,-77.19,-18.93,-68.97,-36.27,-57.15,-50.64,-44.54,-66.02,-46.11,-52.22,-74.28,-28.97,-98.51,-3.16,-140.28],"path":"Layer 11 copy","uvs":[0.04402,1,0.02432,0.80416,0.10969,0.56095,0.31161,0.35057,0.56545,0.17665,0.8511,0.03073,1,0,0.89706,0.10369,0.79692,0.23016,0.66723,0.5439,0.60649,0.57552,0.55067,0.61565,0.5465,0.66639,0.40203,0.73935,0.28219,0.81718,0.15414,0.80745,0.26906,0.63355,0.46277,0.48398,0.67783,0.22618],"name":"Layer 11 copy","triangles":[5,7,6,18,9,8,5,18,7,18,8,7,17,9,18,4,18,5,17,10,9,4,3,18,3,17,18,17,11,10,17,16,11,16,13,11,11,13,12,3,2,17,2,16,17,16,14,13,16,15,14,15,0,14,2,15,16,2,1,15,1,0,15],"type":"mesh","transform":{},"userEdges":[0,15,15,16,16,17,17,18],"width":120,"edges":[1,0,0,14,14,13,13,12,12,11,11,10,10,9,9,8,8,7,7,6,6,5,5,4,4,3,3,2,2,1],"height":162,"weights":[1,18,1,1,18,1,2,11,0.01049,18,0.98951,1,11,1,1,11,1,1,11,1,1,11,1,1,11,1,1,11,1,2,11,0.92921,18,0.07079,2,11,0.835,18,0.165,2,11,0.5943,18,0.4057,2,11,0.40872,18,0.59128,2,11,0.06874,18,0.93126,1,18,1,1,18,1,2,11,0.00228,18,0.99772,2,11,0.96336,18,0.03664,1,11,1],"bonePose":[18,-0.3904097878816313,0.9206411882629516,-0.9206411882629516,-0.3904097878816313,-47.5961893542823,-89.2676820687627,11,-0.6818707043748188,0.731472721648175,-0.731472721648175,-0.6818707043748188,29.040000000000003,-171.86]}],"name":"Layer 11 copy"},{"display":[{"path":"Layer 6","type":"image","name":"Layer 6","transform":{"skX":99.89,"skY":99.89,"y":-11.26,"x":12.03}}],"name":"Layer 6"},{"display":[{"path":"Layer 3","type":"image","name":"Layer 3","transform":{"skX":-149.58,"skY":-149.58,"y":-0.94,"x":31.15}}],"name":"Layer 3"}]}],"slot":[{"name":"Ellipse 1","parent":"bone15","color":{}},{"z":1,"name":"Layer 11","parent":"root","color":{}},{"z":2,"name":"Layer 11 copy","parent":"root","color":{}},{"z":3,"name":"Layer 11 copy 2","parent":"root","color":{}},{"z":4,"name":"Layer 3","parent":"bone10","color":{}},{"z":5,"name":"Layer 5","parent":"bone12","color":{}},{"z":6,"name":"Layer 4","parent":"bone11","color":{}},{"z":7,"name":"Layer 7","parent":"root","color":{}},{"z":8,"name":"Layer 12 copy 2","parent":"root","color":{}},{"z":9,"name":"Layer 12","parent":"root","color":{}},{"z":10,"name":"Layer 12 copy","parent":"root","color":{}},{"z":11,"name":"Layer 6","parent":"bone16","color":{}},{"z":12,"name":"Layer 9","parent":"bone13","color":{}},{"z":13,"name":"Layer 10","parent":"bone14","color":{}}],"name":"ZodiacCancer","bone":[{"transform":{},"name":"root"},{"transform":{"y":-23.02,"x":194.39},"name":"IKLeg3R","parent":"root"},{"transform":{"y":-14.93,"x":-144.8},"name":"IKLegL","parent":"root"},{"transform":{"y":-18.59,"x":-77.64},"name":"IKLegL2","parent":"root"},{"transform":{"y":-20.32,"x":7.39},"name":"IKLegL3","parent":"root"},{"transform":{"y":-11.96,"x":167.86},"name":"IkLeg2R","parent":"root"},{"transform":{"y":-7.54,"x":121.83},"name":"IkLegR1","parent":"root"},{"transform":{"y":-83.01,"x":-14.59},"name":"bone","parent":"root"},{"transform":{"y":-17.39,"x":0.34},"name":"bone15","parent":"root"},{"length":49,"transform":{"skX":-99.89,"skY":-99.89,"y":-213.5,"x":-158.85},"parent":"root","name":"bone16"},{"length":119,"transform":{"skX":129.7,"skY":129.7,"y":-97.34,"x":133.13},"parent":"bone","name":"bone6"},{"length":112,"transform":{"skX":132.99,"skY":132.99,"y":-88.85,"x":43.63},"parent":"bone","name":"bone4"},{"length":97,"transform":{"skX":132.58,"skY":132.58,"y":-85.48,"x":-24.79},"parent":"bone","name":"bone2"},{"length":128,"transform":{"skX":-179.4,"skY":-179.4,"y":-48.39,"x":140.77},"parent":"bone","name":"bone8"},{"length":85,"transform":{"skX":44.33,"skY":44.33,"y":-76.87,"x":121.53},"parent":"bone","name":"bone21"},{"length":73,"transform":{"skX":46.12,"skY":46.12,"y":-65.81,"x":44},"parent":"bone","name":"bone17"},{"length":78,"transform":{"skX":48.07,"skY":48.07,"y":-71.27,"x":93.53},"parent":"bone","name":"bone19"},{"length":81,"transform":{"skX":26.69,"skY":26.69,"x":85.14},"parent":"bone21","name":"bone22"},{"length":76,"transform":{"skX":-20.01,"skY":-20.01,"y":-0.26,"x":112.67},"parent":"bone4","name":"bone5"},{"length":98,"transform":{"skX":18.72,"skY":18.72,"x":73.15},"parent":"bone17","name":"bone18"},{"length":92,"transform":{"skX":-17.03,"skY":-17.03,"y":0.67,"x":96.31},"parent":"bone2","name":"bone3"},{"length":75,"transform":{"skX":-12.92,"skY":-12.92,"y":0.08,"x":120.45},"parent":"bone6","name":"bone7"},{"length":91,"transform":{"skX":18.57,"skY":18.57,"x":78.57},"parent":"bone19","name":"bone20"},{"length":120,"transform":{"skX":-10.52,"skY":-10.52,"x":128.26},"parent":"bone8","name":"bone9"},{"length":176,"transform":{"skX":18.26,"skY":18.26,"y":7.05,"x":-155.6},"parent":"bone9","name":"bone13"},{"length":80,"transform":{"skX":-20.5,"skY":-20.5,"y":11.66,"x":79.72},"parent":"bone9","name":"bone10"},{"length":167,"transform":{"skX":-38.77,"skY":-38.77,"y":-7.78,"x":3.41},"parent":"bone13","name":"bone14"},{"length":122,"transform":{"skX":38.22,"skY":38.22,"x":80.88},"parent":"bone10","name":"bone11"},{"length":140,"transform":{"skX":-28.68,"skY":-28.68,"y":-12.45,"x":4.65},"parent":"bone11","name":"bone12"}]}],"isGlobal":0,"name":"ZodiacCancer","version":"5.0"}