{"imagePath":"IceYeti_tex.png","width":512,"SubTexture":[{"y":900,"frameX":-1,"frameHeight":20,"frameY":-1,"width":255,"frameWidth":257,"height":18,"name":"shadow","x":1},{"y":1,"frameX":-1,"frameHeight":181,"frameY":-1,"width":384,"frameWidth":386,"height":179,"name":"rfight leg","x":1},{"y":605,"frameX":-1,"frameHeight":147,"frameY":-1,"width":196,"frameWidth":198,"height":145,"name":"Left Leg","x":308},{"width":305,"y":605,"height":156,"name":"left arm","x":1},{"y":182,"frameX":-1,"frameHeight":158,"frameY":-1,"width":419,"frameWidth":421,"height":156,"name":"yeti hand","x":1},{"width":396,"y":340,"height":131,"name":"Yeti Bidy","x":1},{"width":390,"y":473,"height":130,"name":"Yeti Head","x":1},{"width":145,"y":752,"height":146,"name":"Right Arm","x":308}],"height":1024,"name":"IceYeti_1"}