{"frameRate":30,"isGlobal":0,"name":"IceYeti_1","version":"5.0","armature":[{"animation":[{"duration":35,"slot":[],"frame":[],"name":"Attack","bone":[{"frame":[{"duration":35,"tweenEasing":null,"transform":{}},{"duration":0,"tweenEasing":null,"transform":{}}],"name":"head top"},{"frame":[{"duration":10,"curve":[0.25,0,0.75,1],"transform":{}},{"duration":5,"curve":[0.25,0,0.75,1],"transform":{"y":37.29,"skX":115.7,"skY":115.7,"x":12.43}},{"duration":15,"tweenEasing":null,"transform":{"y":27.26,"skX":-13.31,"skY":-13.31,"x":3.89}},{"duration":5,"tweenEasing":null,"transform":{"y":27.26,"skX":-13.31,"skY":-13.31,"x":3.89}},{"duration":0,"tweenEasing":null,"transform":{}}],"name":"Left ARm"},{"frame":[{"duration":10,"curve":[0.25,0,0,1],"transform":{}},{"duration":5,"curve":[0.25,0,0.75,1],"transform":{"y":-14.86,"skX":-196.67,"skY":-196.67,"x":30.32}},{"duration":15,"tweenEasing":null,"transform":{"y":-14.5,"skX":-242.23,"skY":-242.23,"x":-21.58}},{"duration":5,"tweenEasing":null,"transform":{"y":-14.5,"skX":-242.23,"skY":-242.23,"x":-21.58}},{"duration":0,"tweenEasing":null,"transform":{}}],"name":"Right Arm"},{"frame":[{"duration":35,"tweenEasing":null,"transform":{}},{"duration":0,"tweenEasing":null,"transform":{}}],"name":"Left Tooth"},{"frame":[{"duration":35,"tweenEasing":null,"transform":{}},{"duration":0,"tweenEasing":null,"transform":{}}],"name":"Right Tooth"},{"frame":[{"duration":35,"tweenEasing":null,"transform":{}},{"duration":0,"tweenEasing":null,"transform":{}}],"name":"right Leg Side"},{"frame":[{"duration":10,"curve":[0.25,0,0.75,1],"transform":{}},{"duration":25,"curve":[0.25,0,0.75,1],"transform":{"skX":5.16,"skY":5.16}},{"duration":0,"tweenEasing":null,"transform":{}}],"name":"Left Leg Side"},{"frame":[{"duration":10,"curve":[0.25,0,0.75,1],"transform":{}},{"duration":5,"curve":[0.25,0,0.75,1],"transform":{"y":-79.05,"x":-50.08}},{"duration":1,"tweenEasing":null,"transform":{"y":-8.84,"x":-77.09}},{"duration":2,"curve":[0,0,1,1],"transform":{"y":-8.84,"skX":-2.4,"skY":-2.4,"x":-77.09}},{"duration":2,"curve":[0,0,1,1],"transform":{"y":-8.84,"skX":1.2,"skY":1.2,"x":-77.09}},{"duration":1,"curve":[0,0,1,1],"transform":{"y":-8.84,"skX":-2.4,"skY":-2.4,"x":-77.09}},{"duration":1,"curve":[0,0,1,1],"transform":{"y":-8.84,"skX":-1.2,"skY":-1.2,"x":-77.09}},{"duration":1,"curve":[0,0,1,1],"transform":{"y":-8.84,"skX":-2.4,"skY":-2.4,"x":-77.09}},{"duration":2,"curve":[0,0,1,1],"transform":{"y":-8.84,"skX":-4.8,"skY":-4.8,"x":-77.09}},{"duration":10,"tweenEasing":null,"transform":{"y":-8.84,"x":-77.09}},{"duration":0,"tweenEasing":null,"transform":{}}],"name":"mid"},{"frame":[{"duration":10,"curve":[0.25,0,0.75,1],"transform":{}},{"duration":25,"curve":[0.25,0,0.75,1],"transform":{"skX":-8.58,"skY":-8.58}},{"duration":0,"tweenEasing":null,"transform":{}}],"name":"Body Bottom"},{"frame":[{"duration":10,"curve":[0.25,0,0.75,1],"transform":{}},{"duration":5,"curve":[0.25,0,0.75,1],"transform":{"skX":-2.56,"skY":-2.56}},{"duration":15,"tweenEasing":null,"transform":{"skX":11.25,"skY":11.25}},{"duration":5,"tweenEasing":null,"transform":{"skX":11.25,"skY":11.25}},{"duration":0,"tweenEasing":null,"transform":{}}],"name":"Left Leg"},{"frame":[{"duration":10,"curve":[0.25,0,0.75,1],"transform":{}},{"duration":25,"curve":[0.25,0,0.75,1],"transform":{"skX":4.63,"skY":4.63}},{"duration":0,"tweenEasing":null,"transform":{}}],"name":"Right Leg"},{"frame":[{"duration":15,"curve":[0.25,0,0.75,1],"transform":{}},{"duration":15,"tweenEasing":null,"transform":{"skX":-26.65,"skY":-26.65}},{"duration":5,"tweenEasing":null,"transform":{"skX":-26.65,"skY":-26.65}},{"duration":0,"tweenEasing":null,"transform":{}}],"name":"WEapon"},{"frame":[{"duration":35,"tweenEasing":null,"transform":{}},{"duration":0,"tweenEasing":null,"transform":{}}],"name":"Right Hand"},{"frame":[{"duration":35,"tweenEasing":null,"transform":{}},{"duration":0,"tweenEasing":null,"transform":{}}],"name":"Left Arm toppp"},{"frame":[{"duration":35,"tweenEasing":null,"transform":{}},{"duration":0,"tweenEasing":null,"transform":{}}],"name":"left arm bottom"},{"frame":[{"duration":35,"tweenEasing":null,"transform":{}}],"name":"root"}],"ffd":[{"frame":[{"duration":15,"tweenEasing":null,"offset":0,"vertices":[]},{"duration":15,"tweenEasing":null,"offset":0,"vertices":[6.72,13.51,1.9,9.91,5.61,7.48,7.96,6.32,5.05,3.71,7.55,-0.23,12.46,0.06,16.52,-0.53,17.35,-4,18.17,-7.46,16.79,-8.44,18.67,-9.54,18.39,-12.14,15.74,-13.95,13.42,-19.45,7.23,-18.78,1.04,-18.11,-4.17,-14.97,-9.38,-11.82,-11.28,-8.9,-13.17,-5.97,-15.07,-3.05,-16.96,-0.12,-17.64,6.32,-13.33,3.68,-11.38,2.27,-12.9,5.51,-9.33,4.6,-10.55,7.88,-11.6,6.42,-16.12,6.98,-13.72,9.73,-17.33,9.14,-16.27,12.63,-15.2,16.11,-10.73,19.98,-7.28,20.05,-3.82,20.13,1.59,17.44,-3.32,-0.95,10.77,-10.12,2.3,-10.02,-7.48,13.22,-4.12,-8,3.04,-4.26,-3.95,6.39,8.41,-15.07,-9.71,-1.36,-2.35,13.42,1.38,3.71,12.19,-4.43,4.26,-14.51,-7.57,-6.1,7.18,-5.82,-1.94,-5.84,1.96,-0.65,-12.32,13.26,-0.45,-11.9,-6.05,2.44]},{"duration":5,"tweenEasing":null,"curve":[0,0,1,1],"offset":0,"vertices":[6.72,13.51,1.9,9.91,5.61,7.48,7.96,6.32,5.05,3.71,7.55,-0.23,12.46,0.06,16.52,-0.53,17.35,-4,18.17,-7.46,16.79,-8.44,18.67,-9.54,18.39,-12.14,15.74,-13.95,13.42,-19.45,7.23,-18.78,1.04,-18.11,-4.17,-14.97,-9.38,-11.82,-11.28,-8.9,-13.17,-5.97,-15.07,-3.05,-16.96,-0.12,-17.64,6.32,-13.33,3.68,-11.38,2.27,-12.9,5.51,-9.33,4.6,-10.55,7.88,-11.6,6.42,-16.12,6.98,-13.72,9.73,-17.33,9.14,-16.27,12.63,-15.2,16.11,-10.73,19.98,-7.28,20.05,-3.82,20.13,1.59,17.44,-3.32,-0.95,10.77,-10.12,2.3,-10.02,-7.48,13.22,-4.12,-8,3.04,-4.26,-3.95,6.39,8.41,-15.07,-9.71,-1.36,-2.35,13.42,1.38,3.71,12.19,-4.43,4.26,-14.51,-7.57,-6.1,7.18,-5.82,-1.94,-5.84,1.96,-0.65,-12.32,13.26,-0.45,-11.9,-6.05,2.44]}],"scale":1,"skin":"","offset":0,"name":"Right Arm","slot":"Right Arm"},{"frame":[{"duration":15,"tweenEasing":null,"offset":0,"vertices":[]},{"duration":15,"tweenEasing":null,"offset":0,"vertices":[-3.42,6.48,-2.02,6.87,-0.61,7.25,0.71,8.03,1.83,6.95,3.01,7.68,3.19,7.2,4.89,7.15,3.69,5.27,3.1,4.54,3.76,3.79,3.11,2.89,3.83,2.16,2.5,0.52,4.15,0.18,5.79,-0.16,3.4,-2.52,2.83,-2.69,2.67,-3.15,3.71,-3.03,3.04,-4.15,2.44,-4.54,3.5,-5.09,1.95,-6,0.75,-7.21,-1.92,-9.46,-2.25,-7.38,-3.09,-8.18,-3.4,-6.91,-4.33,-7.2,-4.2,-5.42,-5.01,-5.44,-4.74,-0.73,-4.36,1.02,-5.14,1.11,-4.55,3.54,-3.71,4.26,-3.13,4.68,-4.22,4.73,0.53,3.24,-3.62,-0.38,0.54,-3.73,12.02,2.58,0.44,1.39,0.78,0.88,0.76,-0.48,0.5,-1.4,0.09,-1.98,-0.47,-2.34,2.15,3.46,-2.01,-1.44,2.57,1.51,6.65,1.62,11.95,1.97,16.04,0.57,-8.66,19.42,-2.7,-1.37,-2.7,-0.69,-2.76,-0.1,-2.53,0.55,-2.33,1.15,-2.07,1.68]},{"duration":5,"tweenEasing":null,"curve":[0,0,1,1],"offset":0,"vertices":[-3.42,6.48,-2.02,6.87,-0.61,7.25,0.71,8.03,1.83,6.95,3.01,7.68,3.19,7.2,4.89,7.15,3.69,5.27,3.1,4.54,3.76,3.79,3.11,2.89,3.83,2.16,2.5,0.52,4.15,0.18,5.79,-0.16,3.4,-2.52,2.83,-2.69,2.67,-3.15,3.71,-3.03,3.04,-4.15,2.44,-4.54,3.5,-5.09,1.95,-6,0.75,-7.21,-1.92,-9.46,-2.25,-7.38,-3.09,-8.18,-3.4,-6.91,-4.33,-7.2,-4.2,-5.42,-5.01,-5.44,-4.74,-0.73,-4.36,1.02,-5.14,1.11,-4.55,3.54,-3.71,4.26,-3.13,4.68,-4.22,4.73,0.53,3.24,-3.62,-0.38,0.54,-3.73,12.02,2.58,0.44,1.39,0.78,0.88,0.76,-0.48,0.5,-1.4,0.09,-1.98,-0.47,-2.34,2.15,3.46,-2.01,-1.44,2.57,1.51,6.65,1.62,11.95,1.97,16.04,0.57,-8.66,19.42,-2.7,-1.37,-2.7,-0.69,-2.76,-0.1,-2.53,0.55,-2.33,1.15,-2.07,1.68]}],"scale":1,"skin":"","offset":0,"name":"Yeti Head","slot":"Yeti Head"}]},{"duration":20,"slot":[],"frame":[],"name":"Damage","bone":[{"frame":[{"duration":5,"curve":[0.25,0,0.75,1],"transform":{}},{"duration":15,"curve":[0.25,0,0.87,0.19],"transform":{"y":-1.02,"skX":10.71,"skY":10.71,"x":7.92}},{"duration":0,"tweenEasing":null,"transform":{}}],"name":"head top"},{"frame":[{"duration":20,"tweenEasing":null,"transform":{}},{"duration":0,"tweenEasing":null,"transform":{}}],"name":"Left Tooth"},{"frame":[{"duration":20,"tweenEasing":null,"transform":{}},{"duration":0,"tweenEasing":null,"transform":{}}],"name":"Right Tooth"},{"frame":[{"duration":5,"curve":[0,0,1,1],"transform":{}},{"duration":15,"curve":[0.25,0,0.87,0.19],"transform":{"skX":-24.04,"skY":-24.04}},{"duration":0,"tweenEasing":null,"transform":{}}],"name":"Right Arm"},{"frame":[{"duration":20,"tweenEasing":null,"transform":{}},{"duration":0,"tweenEasing":null,"transform":{}}],"name":"Left ARm"},{"frame":[{"duration":20,"tweenEasing":null,"transform":{}},{"duration":0,"tweenEasing":null,"transform":{}}],"name":"Left Leg"},{"frame":[{"duration":5,"curve":[0,0,1,1],"transform":{}},{"duration":15,"curve":[0.25,0,0.87,0.19],"transform":{"skX":-351.63,"skY":-351.63}},{"duration":0,"tweenEasing":null,"transform":{}}],"name":"Left Leg Side"},{"frame":[{"duration":20,"tweenEasing":null,"transform":{}},{"duration":0,"tweenEasing":null,"transform":{}}],"name":"right Leg Side"},{"frame":[{"duration":20,"tweenEasing":null,"transform":{}}],"name":"root"},{"frame":[{"duration":20,"tweenEasing":null,"transform":{}}],"name":"mid"},{"frame":[{"duration":20,"tweenEasing":null,"transform":{}}],"name":"Body Bottom"},{"frame":[{"duration":20,"tweenEasing":null,"transform":{}}],"name":"Right Leg"},{"frame":[{"duration":20,"tweenEasing":null,"transform":{}}],"name":"Left Arm toppp"},{"frame":[{"duration":20,"tweenEasing":null,"transform":{}}],"name":"Right Hand"},{"frame":[{"duration":20,"tweenEasing":null,"transform":{}}],"name":"WEapon"},{"frame":[{"duration":20,"tweenEasing":null,"transform":{}}],"name":"left arm bottom"}],"ffd":[{"frame":[{"duration":5,"curve":[0.25,0,0.75,1],"offset":0,"vertices":[]},{"duration":15,"curve":[0.25,0,0.87,0.19],"offset":86,"vertices":[0.6,-12.53,0,0,-0.86,-8.53,-2.91,-4.72,0,0,0,0,0,0,0,0,0,0,0,0,0,0,-5.8,-3.75,4.37,-3.81,0,0,0,0,0,0,0,0,0,0,0,0]},{"duration":0,"tweenEasing":null,"curve":[0,0,1,1],"offset":0,"vertices":[]}],"scale":1,"skin":"","offset":0,"name":"Yeti Head","slot":"Yeti Head"}]},{"duration":60,"slot":[],"frame":[],"name":"Idle","bone":[{"frame":[{"duration":30,"curve":[0.25,0,0.75,1],"transform":{}},{"duration":30,"curve":[0.578,0.07,0,1.01],"transform":{"y":-6.12}},{"duration":0,"tweenEasing":null,"transform":{}}],"name":"head top"},{"frame":[{"duration":30,"curve":[0,0,1,1],"transform":{}},{"duration":30,"curve":[0,0,1,1],"transform":{"skX":3.72,"skY":3.72}},{"duration":0,"tweenEasing":null,"transform":{}}],"name":"Left Tooth"},{"frame":[{"duration":30,"curve":[0,0,1,1],"transform":{}},{"duration":30,"curve":[0,0,1,1],"transform":{"y":1.64,"skX":-367.16,"skY":-367.16,"x":-3.41}},{"duration":0,"tweenEasing":null,"transform":{}}],"name":"Right Tooth"},{"frame":[{"duration":30,"curve":[0,0,1,1],"transform":{}},{"duration":30,"curve":[0,0,1,1],"transform":{"skX":-4.38,"skY":-4.38}},{"duration":0,"tweenEasing":null,"transform":{}}],"name":"Right Arm"},{"frame":[{"duration":30,"curve":[0,0,1,1],"transform":{}},{"duration":30,"curve":[0,0,1,1],"transform":{"skX":-8.4,"skY":-8.4}},{"duration":0,"tweenEasing":null,"transform":{}}],"name":"Left ARm"},{"frame":[{"duration":60,"tweenEasing":null,"transform":{}},{"duration":0,"tweenEasing":null,"transform":{}}],"name":"Left Leg"},{"frame":[{"duration":30,"curve":[0,0,1,1],"transform":{}},{"duration":30,"curve":[0,0,1,1],"transform":{"skX":-357.94,"skY":-357.94}},{"duration":0,"tweenEasing":null,"transform":{}}],"name":"Left Leg Side"},{"frame":[{"duration":30,"curve":[0,0,1,1],"transform":{}},{"duration":30,"curve":[0,0,1,1],"transform":{"skX":-362.4,"skY":-362.4}},{"duration":0,"tweenEasing":null,"transform":{}}],"name":"right Leg Side"},{"frame":[{"duration":60,"tweenEasing":null,"transform":{}}],"name":"root"},{"frame":[{"duration":60,"tweenEasing":null,"transform":{}}],"name":"mid"},{"frame":[{"duration":60,"tweenEasing":null,"transform":{}}],"name":"Body Bottom"},{"frame":[{"duration":60,"tweenEasing":null,"transform":{}}],"name":"Right Leg"},{"frame":[{"duration":60,"tweenEasing":null,"transform":{}}],"name":"Left Arm toppp"},{"frame":[{"duration":60,"tweenEasing":null,"transform":{}}],"name":"Right Hand"},{"frame":[{"duration":60,"tweenEasing":null,"transform":{}}],"name":"WEapon"},{"frame":[{"duration":60,"tweenEasing":null,"transform":{}}],"name":"left arm bottom"}],"ffd":[{"frame":[{"duration":30,"tweenEasing":null,"offset":0,"vertices":[]},{"duration":30,"tweenEasing":null,"curve":[0,0,1,1],"offset":0,"vertices":[0.02,-0.03,0.01,-0.03,0,-0.03,0,-0.02,0,-0.03,0,-0.03,0,-0.03,0,-0.04,0,-0.04,0,-0.04,0,-0.04,-0.01,-0.04,-0.01,-0.04,-0.02,-0.03,-0.02,-0.02,-0.02,-0.01,-0.02,0,-0.02,0,-0.02,0.02,-0.02,0.03,-0.01,0.03,-0.01,0.04,-0.01,0.04,0,0.04,0,0.04,0,0.04,0,0.04,0,0.03,0.01,0.03,0.01,0.03,0.01,0.03,0.02,0.03,0.02,0.02,0.02,0.01,0.02,0,0.02,0,0.02,-0.02,-0.01,0,0.02,0,0,0,0,0.01,0,0.02,0,-0.02,0,-0.01,-0.01,0.02,0,0.02,0,-0.02,0,0,-0.01,0,0.01,0.01,0,0,0,-0.02,0,0,0,0.02,0.01,-0.02,-0.02,0,-0.01,-0.02,0.01,0,0.02,0.01,0,0.01,0,-0.02]}],"scale":1,"skin":"","offset":0,"name":"Yeti Bidy","slot":"Yeti Bidy"}]},{"duration":45,"slot":[],"frame":[],"name":"Skill","bone":[{"frame":[{"duration":30,"curve":[0.25,0,0.75,1],"transform":{}},{"duration":15,"curve":[0.578,0.07,0,1.01],"transform":{"y":-6.12}},{"duration":0,"tweenEasing":null,"transform":{}}],"name":"head top"},{"frame":[{"duration":30,"curve":[0,0,1,1],"transform":{}},{"duration":15,"curve":[0,0,1,1],"transform":{"skX":3.72,"skY":3.72}},{"duration":0,"tweenEasing":null,"transform":{}}],"name":"Left Tooth"},{"frame":[{"duration":30,"curve":[0,0,1,1],"transform":{}},{"duration":15,"curve":[0,0,1,1],"transform":{"y":1.64,"skX":-367.16,"skY":-367.16,"x":-3.41}},{"duration":0,"tweenEasing":null,"transform":{}}],"name":"Right Tooth"},{"frame":[{"duration":5,"curve":[0,0,1,1],"transform":{}},{"duration":5,"curve":[0,0,1,1],"transform":{"skX":-43.17,"skY":-43.17}},{"duration":5,"curve":[0,0,1,1],"transform":{"skX":8.3,"skY":8.3}},{"duration":5,"curve":[0,0,1,1],"transform":{"skX":-43.17,"skY":-43.17}},{"duration":5,"curve":[0,0,1,1],"transform":{"skX":8.3,"skY":8.3}},{"duration":5,"curve":[0,0,1,1],"transform":{"skX":-43.17,"skY":-43.17}},{"duration":15,"curve":[0,0,1,1],"transform":{"skX":-4.38,"skY":-4.38}},{"duration":0,"tweenEasing":null,"transform":{}}],"name":"Right Arm"},{"frame":[{"duration":5,"curve":[0,0,1,1],"transform":{}},{"duration":25,"curve":[0,0,1,1],"transform":{"y":22.7,"skX":107.02,"skY":107.02,"x":0.24}},{"duration":15,"curve":[0,0,1,1],"transform":{"y":22.7,"skX":-8.4,"skY":-8.4,"x":0.24}},{"duration":0,"tweenEasing":null,"transform":{"y":22.7,"x":0.24}}],"name":"Left ARm"},{"frame":[{"duration":45,"tweenEasing":null,"transform":{}},{"duration":0,"tweenEasing":null,"transform":{}}],"name":"Left Leg"},{"frame":[{"duration":5,"curve":[0,0,1,1],"transform":{}},{"duration":25,"curve":[0,0,1,1],"transform":{"skX":9.64,"skY":9.64}},{"duration":15,"curve":[0,0,1,1],"transform":{"skX":-357.94,"skY":-357.94}},{"duration":0,"tweenEasing":null,"transform":{}}],"name":"Left Leg Side"},{"frame":[{"duration":5,"curve":[0,0,1,1],"transform":{}},{"duration":5,"curve":[0,0,1,1],"transform":{"skX":-7.2,"skY":-7.2}},{"duration":5,"curve":[0,0,1,1],"transform":{}},{"duration":5,"curve":[0,0,1,1],"transform":{"skX":-7.2,"skY":-7.2}},{"duration":5,"curve":[0,0,1,1],"transform":{}},{"duration":5,"curve":[0,0,1,1],"transform":{"skX":-7.2,"skY":-7.2}},{"duration":5,"curve":[0,0,1,1],"transform":{"skX":-362.4,"skY":-362.4}},{"duration":10,"tweenEasing":null,"transform":{}},{"duration":0,"tweenEasing":null,"transform":{}}],"name":"right Leg Side"},{"frame":[{"duration":5,"curve":[0,0,1,1],"transform":{}},{"duration":40,"curve":[0,0,1,1],"transform":{"skX":-54.46,"skY":-54.46}},{"duration":0,"tweenEasing":null,"transform":{}}],"name":"WEapon"},{"frame":[{"duration":5,"curve":[0.25,0,0.75,1],"transform":{}},{"duration":5,"curve":[0,0,1,1],"transform":{"y":-47.45}},{"duration":5,"curve":[0.25,0,0.75,1],"transform":{}},{"duration":5,"curve":[0,0,1,1],"transform":{"y":-47.45}},{"duration":5,"curve":[0,0,1,1],"transform":{}},{"duration":5,"curve":[0,0,1,1],"transform":{"y":-47.45}},{"duration":15,"tweenEasing":null,"transform":{}},{"duration":0,"tweenEasing":null,"transform":{}}],"name":"mid"},{"frame":[{"duration":45,"tweenEasing":null,"transform":{}}],"name":"root"},{"frame":[{"duration":45,"tweenEasing":null,"transform":{}}],"name":"Body Bottom"},{"frame":[{"duration":45,"tweenEasing":null,"transform":{}}],"name":"Right Leg"},{"frame":[{"duration":45,"tweenEasing":null,"transform":{}}],"name":"Left Arm toppp"},{"frame":[{"duration":45,"tweenEasing":null,"transform":{}}],"name":"Right Hand"},{"frame":[{"duration":45,"tweenEasing":null,"transform":{}}],"name":"left arm bottom"}],"ffd":[{"frame":[{"duration":30,"tweenEasing":null,"offset":0,"vertices":[]},{"duration":15,"tweenEasing":null,"curve":[0,0,1,1],"offset":0,"vertices":[0.02,-0.03,0.01,-0.03,0,-0.03,0,-0.02,0,-0.03,0,-0.03,0,-0.03,0,-0.04,0,-0.04,0,-0.04,0,-0.04,-0.01,-0.04,-0.01,-0.04,-0.02,-0.03,-0.02,-0.02,-0.02,-0.01,-0.02,0,-0.02,0,-0.02,0.02,-0.02,0.03,-0.01,0.03,-0.01,0.04,-0.01,0.04,0,0.04,0,0.04,0,0.04,0,0.04,0,0.03,0.01,0.03,0.01,0.03,0.01,0.03,0.02,0.03,0.02,0.02,0.02,0.01,0.02,0,0.02,0,0.02,-0.02,-0.01,0,0.02,0,0,0,0,0.01,0,0.02,0,-0.02,0,-0.01,-0.01,0.02,0,0.02,0,-0.02,0,0,-0.01,0,0.01,0.01,0,0,0,-0.02,0,0,0,0.02,0.01,-0.02,-0.02,0,-0.01,-0.02,0.01,0,0.02,0.01,0,0.01,0,-0.02]}],"scale":1,"skin":"","offset":0,"name":"Yeti Bidy","slot":"Yeti Bidy"},{"frame":[{"duration":5,"curve":[0,0,1,1],"offset":0,"vertices":[]},{"duration":40,"tweenEasing":null,"curve":[0,0,1,1],"offset":110,"vertices":[-4.35,6.24,0,0,0,0,0,0,0,0,0,0,0,0]}],"scale":1,"skin":"","offset":0,"name":"Yeti Head","slot":"Yeti Head"}]},{"duration":120,"slot":[],"frame":[],"name":"IdleWeak","bone":[{"frame":[{"duration":60,"curve":[0.25,0,0.75,1],"transform":{}},{"duration":60,"curve":[0.578,0.07,0,1.01],"transform":{"y":-6.12}},{"duration":0,"tweenEasing":null,"transform":{}}],"name":"head top"},{"frame":[{"duration":60,"curve":[0,0,1,1],"transform":{}},{"duration":60,"curve":[0,0,1,1],"transform":{"skX":3.72,"skY":3.72}},{"duration":0,"tweenEasing":null,"transform":{}}],"name":"Left Tooth"},{"frame":[{"duration":60,"curve":[0,0,1,1],"transform":{}},{"duration":60,"curve":[0,0,1,1],"transform":{"y":1.64,"skX":-367.16,"skY":-367.16,"x":-3.41}},{"duration":0,"tweenEasing":null,"transform":{}}],"name":"Right Tooth"},{"frame":[{"duration":60,"curve":[0,0,1,1],"transform":{}},{"duration":60,"curve":[0,0,1,1],"transform":{"skX":-4.38,"skY":-4.38}},{"duration":0,"tweenEasing":null,"transform":{}}],"name":"Right Arm"},{"frame":[{"duration":60,"curve":[0,0,1,1],"transform":{}},{"duration":60,"curve":[0,0,1,1],"transform":{"skX":-8.4,"skY":-8.4}},{"duration":0,"tweenEasing":null,"transform":{}}],"name":"Left ARm"},{"frame":[{"duration":120,"tweenEasing":null,"transform":{}},{"duration":0,"tweenEasing":null,"transform":{}}],"name":"Left Leg"},{"frame":[{"duration":60,"curve":[0,0,1,1],"transform":{}},{"duration":60,"curve":[0,0,1,1],"transform":{"skX":-357.94,"skY":-357.94}},{"duration":0,"tweenEasing":null,"transform":{}}],"name":"Left Leg Side"},{"frame":[{"duration":60,"curve":[0,0,1,1],"transform":{}},{"duration":60,"curve":[0,0,1,1],"transform":{"skX":-362.4,"skY":-362.4}},{"duration":0,"tweenEasing":null,"transform":{}}],"name":"right Leg Side"},{"frame":[{"duration":120,"tweenEasing":null,"transform":{}}],"name":"root"},{"frame":[{"duration":120,"tweenEasing":null,"transform":{}}],"name":"mid"},{"frame":[{"duration":120,"tweenEasing":null,"transform":{}}],"name":"Body Bottom"},{"frame":[{"duration":120,"tweenEasing":null,"transform":{}}],"name":"Right Leg"},{"frame":[{"duration":120,"tweenEasing":null,"transform":{}}],"name":"Left Arm toppp"},{"frame":[{"duration":120,"tweenEasing":null,"transform":{}}],"name":"Right Hand"},{"frame":[{"duration":120,"tweenEasing":null,"transform":{}}],"name":"WEapon"},{"frame":[{"duration":120,"tweenEasing":null,"transform":{}}],"name":"left arm bottom"}],"ffd":[{"frame":[{"duration":60,"tweenEasing":null,"offset":0,"vertices":[]},{"duration":60,"tweenEasing":null,"curve":[0,0,1,1],"offset":0,"vertices":[0.02,-0.03,0.01,-0.03,0,-0.03,0,-0.02,0,-0.03,0,-0.03,0,-0.03,0,-0.04,0,-0.04,0,-0.04,0,-0.04,-0.01,-0.04,-0.01,-0.04,-0.02,-0.03,-0.02,-0.02,-0.02,-0.01,-0.02,0,-0.02,0,-0.02,0.02,-0.02,0.03,-0.01,0.03,-0.01,0.04,-0.01,0.04,0,0.04,0,0.04,0,0.04,0,0.04,0,0.03,0.01,0.03,0.01,0.03,0.01,0.03,0.02,0.03,0.02,0.02,0.02,0.01,0.02,0,0.02,0,0.02,-0.02,-0.01,0,0.02,0,0,0,0,0.01,0,0.02,0,-0.02,0,-0.01,-0.01,0.02,0,0.02,0,-0.02,0,0,-0.01,0,0.01,0.01,0,0,0,-0.02,0,0,0,0.02,0.01,-0.02,-0.02,0,-0.01,-0.02,0.01,0,0.02,0.01,0,0.01,0,-0.02]}],"scale":1,"skin":"","offset":0,"name":"Yeti Bidy","slot":"Yeti Bidy"},{"frame":[{"duration":120,"tweenEasing":null,"offset":22,"vertices":[0,0,0,0,0,0,0,0,0,0,0,0,0,0,0,0,0,0,0,0,0,0,0,0,0,0,0,0,0,0,0,0,0,0,0,0,0,0,0,0,0,0,0,0,0,0,0,0,0,0,0,0,0,0,0,0,0,0,0,0,0,0,4.6,3.35,0.7,0.75,0,0,0,0,0,0,0,0,0,0,0,0,0,0,6.9,3.85,5.05,6.85,3.25,4.25,-4.6,3.7,-3.45,1.6,0,0,0,0,0,0,0,0,0,0,0,0]}],"scale":1,"skin":"","offset":0,"name":"Yeti Head","slot":"Yeti Head"}]}],"type":"Armature","bone":[{"name":"root","transform":{}},{"transform":{"y":-85.89,"x":1.26},"name":"mid","parent":"root"},{"length":37,"transform":{"y":16.09,"skX":90,"skY":90,"x":-1.11},"parent":"mid","name":"Body Bottom"},{"length":68,"transform":{"y":-17.76,"skX":-113.01,"skY":-113.01,"x":7.21},"parent":"mid","name":"head top"},{"length":90,"transform":{"y":-60.41,"skX":-133.61,"skY":-133.61,"x":43.75},"parent":"head top","name":"Left ARm"},{"length":21,"transform":{"y":-68.98,"skX":-136.1,"skY":-136.1,"x":29.37},"parent":"head top","name":"Left Tooth"},{"length":22,"transform":{"y":49.39,"skX":18.89,"skY":18.89,"x":39.4},"parent":"Body Bottom","name":"Left Leg"},{"length":13,"transform":{"y":59.08,"skX":4.67,"skY":4.67,"x":31.96},"parent":"Body Bottom","name":"Left Leg Side"},{"length":20,"transform":{"y":-67.71,"skX":-9.21,"skY":-9.21,"x":40.51},"parent":"Body Bottom","name":"Right Leg"},{"length":119,"transform":{"y":56.16,"skX":155.18,"skY":155.18,"x":8.71},"parent":"head top","name":"Right Arm"},{"length":58,"transform":{"y":-58.91,"skX":-11.71,"skY":-11.71,"x":-11.78},"parent":"Body Bottom","name":"right Leg Side"},{"length":160,"transform":{"y":8.28,"skX":108.26,"skY":108.26,"x":92.57},"parent":"Left ARm","name":"WEapon"},{"length":86,"transform":{"y":-23.24,"skX":21.03,"skY":21.03,"x":48.09},"parent":"Right Arm","name":"Right Hand"},{"length":35,"transform":{"y":8.72,"skX":-16.84,"skY":-16.84,"x":15.96},"parent":"Left ARm","name":"Left Arm toppp"},{"length":36,"transform":{"y":-80.04,"skX":-2.59,"skY":-2.59,"x":-34.87},"parent":"Left Tooth","name":"Right Tooth"},{"length":45,"transform":{"y":0.31,"skX":35.33,"skY":35.33,"x":39.99},"parent":"Left Arm toppp","name":"left arm bottom"}],"defaultActions":[{"gotoAndPlay":"Attack"}],"ik":[],"aabb":{"width":453.32587239489726,"y":-188.4694871794872,"height":186.86813582813585,"x":-246.02749401651892},"skin":[{"name":"","slot":[{"display":[{"path":"yeti hand","type":"image","name":"yeti hand","transform":{"y":83.25,"skX":137.53,"skY":137.53,"x":-23.72}}],"name":"yeti hand"},{"display":[{"bonePose":[13,-0.1138968301340938,0.9934925828034176,-0.9934925828034176,-0.1138968301340938,-78.57248884202365,-109.11609109126356,4,-0.3968275096467816,0.9178932005345358,-0.9178932005345358,-0.3968275096467816,-64.23509307939986,-120.3053306876748,15,-0.6674427433295423,0.74466112049491,-0.74466112049491,-0.6674427433295423,-83.43520577975511,-69.42163072229644],"vertices":[-95.83,-156.96,-95.49,-146.61,-95.14,-136.26,-94.8,-125.9,-94.45,-115.55,-101.38,-111.3,-97.51,-93.74,-102.34,-87.45,-99.6,-77.39,-106.76,-71.07,-119.69,-69.32,-119.79,-58.45,-129.46,-45.61,-129.29,-33.57,-129.11,-21.53,-111.13,-22.96,-93.13,-24.39,-74.84,-31.25,-56.55,-38.12,-46.75,-41.11,-48.83,-50.41,-50.91,-59.71,-43.63,-75.87,-31.76,-78.89,-35.37,-95.42,-22.83,-106.22,-31.97,-111.27,-18.73,-127.26,-18.47,-145.14,-27.93,-153.81,-48.66,-154.55,-66.95,-147.8,-77.93,-154.38,-55.93,-126.79,-82.81,-60.22,-101.89,-41.32,-65.75,-104.28,-74.26,-86.64,-39.5,-142.54,-76.23,-71.87,-69.05,-45.3,-68.61,-116.75,-74.62,-137.64,-54.47,-85.5,-101.62,-53.65,-83.67,-104.71,-42.93,-124.92,-46.5,-103.24,-61.6,-70.63],"slotPose":[1,0,0,1,0,0],"edges":[12,13,13,14,14,15,15,16,16,17,17,18,18,19,19,20,20,21,21,22,22,23,23,24,24,25,25,26,26,27,27,28,28,29,29,30,30,31,31,32,32,0,0,1,1,2,2,3,3,4,4,5,5,6,6,7,7,8,8,9,9,10,10,11,11,12],"path":"left arm","userEdges":[],"type":"mesh","transform":{},"triangles":[29,38,28,46,26,27,28,38,27,38,46,27,26,24,25,30,38,29,24,22,23,47,24,26,46,47,26,43,22,24,47,43,24,33,47,46,33,46,38,30,33,38,31,33,30,33,41,47,41,36,47,48,21,22,43,48,22,36,43,47,20,18,19,21,40,20,40,18,20,31,42,33,48,40,21,37,48,43,36,37,43,42,41,33,34,40,48,39,34,48,40,17,18,37,39,48,41,45,36,45,37,36,42,3,41,32,42,31,4,45,41,3,4,41,35,17,40,34,35,40,32,1,42,1,2,42,2,3,42,45,6,37,8,39,37,6,8,37,44,35,34,35,16,17,8,34,39,0,1,32,9,44,8,7,8,6,8,44,34,4,5,45,5,6,45,35,15,16,9,11,44,44,11,35,13,15,35,11,12,35,12,13,35,10,11,9,13,14,15],"weights":[2,13,0.5027,4,0.4973,2,13,0.52423,4,0.47577,2,13,0.61438,4,0.38562,2,13,0.78423,4,0.21577,2,13,0.96944,4,0.03056,1,13,1,2,13,0.91688,4,0.08312,3,13,0.71704,15,0.00322,4,0.27974,3,13,0.23536,15,0.16497,4,0.59966,3,13,0.00952,15,0.74211,4,0.24837,2,15,0.9549,4,0.0451,2,15,0.98982,4,0.01018,1,15,1,1,15,1,1,15,1,2,15,0.74028,4,0.25972,3,13,0.00364,15,0.01405,4,0.98231,3,13,0.07259,15,0.13882,4,0.78859,3,13,0.19066,15,0.38464,4,0.4247,3,13,0.21353,15,0.41858,4,0.36789,3,13,0.22711,15,0.42774,4,0.34515,3,13,0.25612,15,0.41876,4,0.32513,3,13,0.1859,15,0.23722,4,0.57688,3,13,0.13897,15,0.17461,4,0.68642,3,13,0.06939,15,0.09299,4,0.83762,3,13,0.02573,15,0.04192,4,0.93236,3,13,0.01621,15,0.02865,4,0.95514,3,13,0.00002,15,0.00115,4,0.99882,1,4,1,1,4,1,2,13,0.00989,4,0.99011,2,13,0.19214,4,0.80786,2,13,0.40266,4,0.59734,3,13,0.00571,15,0.00062,4,0.99367,3,13,0.04082,15,0.53446,4,0.42472,2,15,0.37105,4,0.62895,3,13,0.00212,15,0.00756,4,0.99032,3,13,0.01706,15,0.0268,4,0.95614,2,13,0.00035,4,0.99965,3,13,0.52369,15,0.39418,4,0.08213,3,13,0.14424,15,0.32113,4,0.53463,2,13,0.08194,4,0.91806,2,13,0.32695,4,0.67305,3,13,0.14039,15,0.16876,4,0.69085,1,15,1,1,13,1,3,13,0.00023,15,0.00427,4,0.9955,3,13,0.03433,15,0.05164,4,0.91403,3,13,0.2906,15,0.36781,4,0.34159],"width":305,"uvs":[0.11554,0.0272,0.11617,0.09361,0.11681,0.16002,0.11745,0.22643,0.11808,0.29284,0.09516,0.31941,0.10704,0.4323,0.09091,0.47215,0.0994,0.5369,0.07563,0.57675,0.03317,0.58671,0.03232,0.65644,0,0.73779,0,0.81499,0,0.89219,0.05904,0.88472,0.11808,0.87725,0.17838,0.83491,0.23867,0.79258,0.27094,0.77432,0.26457,0.71455,0.2582,0.65478,0.28282,0.55184,0.32189,0.53358,0.31085,0.42732,0.35246,0.35925,0.32274,0.32605,0.36689,0.22477,0.36859,0.11021,0.33802,0.05376,0.27009,0.04712,0.2098,0.08863,0.17413,0.04546,0.24493,0.22432,0.15363,0.64853,0.09019,0.76785,0.21165,0.36773,0.18294,0.48,0.29952,0.12493,0.17576,0.57441,0.19803,0.74542,0.20288,0.28753,0.18416,0.15303,0.24774,0.48912,0.09164,0.68881,0.15293,0.36332,0.28743,0.23756,0.27473,0.37616,0.22366,0.58375],"height":156,"name":"left arm"}],"name":"left arm"},{"display":[{"path":"Left Leg","type":"image","name":"Left Leg","transform":{"y":75.04,"skX":-108.89,"skY":-108.89,"x":-26.93}}],"name":"Left Leg"},{"display":[{"bonePose":[9,0.7411562068009021,0.6713326128831358,-0.6713326128831358,0.7411562068009021,56.75705451424173,-133.6194855868206,12,0.45087754068943053,0.8925858184521256,-0.8925858184521256,0.45087754068943053,108.0010264227012,-118.55957047932354],"vertices":[56.7,-83.15,72.54,-100.13,80.32,-84.87,83.78,-75.37,95.01,-85.45,109.12,-74.21,105.94,-55.5,106.52,-39.66,119.48,-35.05,132.45,-30.44,136.76,-35.34,140.22,-27.65,150.3,-27.66,158.37,-37.06,180.46,-43.68,180.46,-67.73,180.46,-91.79,170.57,-113.1,160.68,-134.4,150.24,-142.9,139.8,-151.4,129.36,-159.9,118.92,-168.4,94.44,-173.66,102.79,-156.01,107.4,-147.94,95.59,-155.14,97.61,-141.04,85.51,-147.08,91.55,-150.54,91.27,-168.11,79.75,-160.04,83.49,-173.65,69.67,-171.02,55.85,-168.39,39.14,-152.84,37.41,-139.59,35.68,-126.35,43.74,-104.46,116.42,-115.65,145.76,-57.73,148.87,-90.32,63.73,-137.52,143.78,-115.79,126.47,-89.87,88.48,-121.14,165.71,-64.73,120.66,-140.03,60.83,-117.92,96.56,-99.55,123.3,-54.67,165.3,-80.91,137.95,-129.82,130.71,-73.31,134.61,-108.33,113.03,-95.53,65.6,-156.15,157.27,-100.08,104.52,-127.56],"slotPose":[1,0,0,1,0,0],"edges":[37,38,38,0,0,1,1,2,2,3,3,4,4,5,5,6,6,7,7,8,8,9,9,10,10,11,11,12,12,13,13,14,14,15,15,16,16,17,17,18,18,19,19,20,20,21,21,22,22,23,23,24,24,25,25,26,26,27,27,28,28,29,29,30,30,31,31,32,32,33,33,34,34,35,35,36,36,37],"path":"Right Arm","userEdges":[],"type":"mesh","transform":{},"triangles":[17,57,16,57,51,16,46,13,14,16,51,15,51,46,15,46,14,15,40,13,46,18,43,17,43,57,17,57,41,51,41,40,51,51,40,46,53,40,41,19,52,18,52,43,18,10,12,13,40,10,13,54,41,57,43,54,57,44,53,41,10,11,12,20,52,19,50,10,40,54,44,41,53,50,40,47,52,20,52,54,43,39,54,52,50,8,10,21,47,20,47,39,52,8,9,10,55,44,54,39,55,54,25,47,21,44,5,53,5,50,53,58,39,47,22,25,21,5,6,50,7,8,50,55,5,44,24,25,22,6,7,50,25,58,47,49,55,39,23,24,22,27,58,25,4,5,55,58,49,39,45,49,58,49,4,55,26,27,25,27,45,58,45,1,49,2,4,49,28,45,27,1,2,49,2,3,4,28,42,45,31,28,29,48,1,45,42,48,45,33,31,32,31,56,28,56,42,28,33,56,31,48,38,1,38,0,1,34,56,33,37,48,42,35,42,56,34,35,56,36,37,42,35,36,42,37,38,48,30,31,29],"weights":[1,9,1,1,9,1,1,9,1,1,9,1,1,9,1,2,12,0.00054,9,0.99946,2,12,0.15199,9,0.84801,2,12,0.36503,9,0.63497,2,12,0.60164,9,0.39836,2,12,0.87034,9,0.12966,2,12,0.95113,9,0.04887,2,12,0.99996,9,0.00004,2,12,0.99844,9,0.00156,2,12,0.68254,9,0.31746,2,12,0.03333,9,0.96667,2,12,0.09769,9,0.90231,2,12,0.49082,9,0.50918,2,12,0.80476,9,0.19524,2,12,0.95363,9,0.04637,2,12,0.98497,9,0.01503,2,12,0.9987,9,0.0013,1,12,1,1,12,1,1,12,1,2,12,0.99487,9,0.00513,2,12,0.94853,9,0.05147,2,12,0.89168,9,0.10832,2,12,0.71777,9,0.28223,2,12,0.16995,9,0.83005,2,12,0.10091,9,0.89909,2,12,0.06688,9,0.93312,2,12,0.04821,9,0.95179,2,12,0.01423,9,0.98577,2,12,0.01079,9,0.98921,2,12,0.0013,9,0.9987,1,9,1,1,9,1,1,9,1,1,9,1,2,12,0.99998,9,0.00002,1,9,1,2,12,0.82564,9,0.17436,2,12,0.01329,9,0.98671,2,12,0.95424,9,0.04576,1,12,1,2,12,0.27443,9,0.72557,2,12,0.10096,9,0.89904,2,12,0.99657,9,0.00343,1,9,1,2,12,0.02921,9,0.97079,2,12,0.25973,9,0.74027,2,12,0.42438,9,0.57562,2,12,0.98915,9,0.01085,2,12,0.98772,9,0.01228,2,12,0.97849,9,0.02151,2,12,0.66008,9,0.33992,2,12,0.01586,9,0.98414,2,12,0.78587,9,0.21413,2,12,0.87836,9,0.12164],"width":145,"uvs":[0.14649,0.61994,0.25574,0.50356,0.30936,0.60811,0.3332,0.6732,0.41066,0.60416,0.50798,0.6811,0.48613,0.80931,0.49011,0.91781,0.57949,0.94937,0.66887,0.98093,0.69866,0.9474,0.72249,1,0.79201,1,0.84762,0.93556,1,0.89019,1,0.72548,1,0.56077,0.93176,0.41479,0.86351,0.26882,0.79151,0.21063,0.71951,0.15244,0.64751,0.09425,0.57551,0.03606,0.40669,0,0.46429,0.12088,0.49607,0.17611,0.41463,0.1268,0.42854,0.22345,0.34511,0.18203,0.38682,0.15836,0.38484,0.03803,0.30539,0.09326,0.33121,0,0.23587,0.01803,0.14054,0.03606,0.02534,0.14258,0.01342,0.23332,0.0015,0.32406,0.05712,0.47397,0.55826,0.39729,0.76063,0.79402,0.78213,0.57083,0.19492,0.24751,0.74702,0.39631,0.62766,0.57391,0.36562,0.35969,0.89832,0.74606,0.58749,0.23029,0.17497,0.3818,0.4214,0.50757,0.60579,0.81498,0.89546,0.63525,0.70679,0.30023,0.6569,0.68729,0.68376,0.44745,0.53495,0.53518,0.20787,0.11992,0.84001,0.50395,0.47619,0.31575],"height":146,"name":"Right Arm"}],"name":"Right Arm"},{"display":[{"path":"rfight leg","type":"image","name":"rfight leg","transform":{"y":75.05,"skX":-80.79,"skY":-80.79,"x":-76.89}}],"name":"rfight leg"},{"display":[{"bonePose":[5,-0.35657494444738486,0.9342667226185168,-0.9342667226185168,-0.35657494444738486,-66.50221130841263,-103.71950918448486,3,-0.390891780942016,-0.9204366439858742,0.9204366439858742,-0.390891780942016,8.47,-103.65,14,-0.3139924559674049,0.949425477641904,-0.949425477641904,-0.3139924559674049,20.710265482853774,-107.75713124862384],"vertices":[-67.77,-167.09,-72.78,-151.6,-77.79,-136.1,-87.18,-121.7,-75.6,-108.56,-84.37,-95.72,-79.05,-93.53,-79.36,-74.44,-57.76,-86.96,-49.31,-93.22,-41.17,-85.39,-30.84,-92.28,-23.02,-83.83,-3.92,-97.91,-0.95,-79.28,2.02,-60.65,29.57,-86.32,31.76,-92.58,37.09,-94.15,35.2,-82.56,48.03,-89.45,52.73,-96.02,58.37,-83.81,69.32,-100.72,83.4,-113.56,110.01,-142.35,86.85,-147.05,96.24,-156.12,82.15,-160.19,85.91,-170.52,65.88,-169.89,66.51,-178.97,13.61,-178.34,-6.1,-174.9,-6.73,-183.67,-34.27,-178.36,-42.73,-169.28,-47.74,-163.01,-47.73,-175.23,-33.4,-121.3,9.2,-165.9,44.62,-117.66,-1.01,-145.42,-12.62,-121.35,-7.14,-117.26,8.08,-116.91,18.52,-119.26,25.22,-123.6,29.48,-129.69,25.4,-139.97,20.26,-147.36,13.48,-149.19,7.04,-149.88,-1.57,-148.67,-6.96,-145.54,-15.15,-141.53,19.83,-155.1,12.17,-155.54,5.56,-156.41,-1.75,-154.23,-8.62,-152.23,-14.71,-149.63],"slotPose":[1,0,0,1,0,0],"edges":[3,4,4,5,5,6,6,7,7,8,8,9,9,10,10,11,11,12,12,13,13,14,14,15,15,16,16,17,17,18,18,19,19,20,20,21,21,22,22,23,23,24,24,25,25,26,26,27,27,28,28,29,29,30,30,31,31,32,32,33,33,34,34,35,35,36,36,37,37,38,38,0,0,1,1,2,2,3],"path":"Yeti Head","userEdges":[],"type":"mesh","transform":{},"triangles":[26,24,25,28,26,27,28,30,26,30,41,26,41,24,26,30,28,29,41,23,24,56,49,30,48,41,30,49,48,30,21,22,23,41,21,23,32,30,31,32,56,30,18,20,21,41,18,21,56,50,49,18,19,20,46,17,18,47,46,18,47,18,41,48,47,41,32,40,56,14,15,16,46,45,17,13,16,17,45,13,17,13,14,16,49,47,48,42,45,51,51,45,46,50,51,49,51,46,49,46,47,49,52,42,51,40,57,56,57,51,56,56,51,50,42,44,45,40,58,57,33,40,32,57,52,51,43,44,42,58,52,57,54,43,42,44,13,45,59,58,40,33,59,40,55,43,54,53,42,52,58,59,52,59,53,52,33,60,59,59,60,53,53,54,42,60,54,53,43,11,44,61,60,33,35,61,33,44,11,13,11,12,13,39,11,43,60,61,54,34,35,33,61,55,54,35,36,61,55,39,43,37,55,61,36,37,61,37,39,55,37,1,39,1,2,39,39,9,11,9,10,11,4,9,39,2,4,39,4,8,9,0,1,37,0,37,38,4,6,8,6,7,8,2,3,4,5,6,4],"weights":[2,5,0.44735,3,0.55265,2,5,0.57133,3,0.42867,2,5,0.79057,3,0.20943,2,5,0.94181,3,0.05819,2,5,0.99042,3,0.00958,1,5,1,1,5,1,1,5,1,2,5,0.94945,3,0.05055,2,5,0.74403,3,0.25597,2,5,0.57745,3,0.42255,2,5,0.39574,3,0.60426,2,5,0.27407,3,0.72593,3,5,0.06269,14,0.08372,3,0.85359,3,5,0.00034,14,0.90435,3,0.09531,1,14,1,1,14,1,1,14,1,1,14,1,1,14,1,1,14,1,1,14,1,1,14,1,1,14,1,2,14,0.99886,3,0.00114,1,14,1,2,14,0.94661,3,0.05339,2,14,0.92622,3,0.07378,2,14,0.88882,3,0.11118,2,14,0.86773,3,0.13227,2,14,0.77074,3,0.22926,2,14,0.73042,3,0.26958,2,14,0.21715,3,0.78285,2,14,0.02693,3,0.97307,2,14,0.00524,3,0.99476,2,5,0.04254,3,0.95746,2,5,0.14564,3,0.85436,2,5,0.30124,3,0.69876,2,5,0.36741,3,0.63259,2,5,0.35397,3,0.64603,2,14,0.15961,3,0.84039,2,14,0.95638,3,0.04362,2,14,0.03743,3,0.96257,2,5,0.0802,3,0.9198,2,5,0.04747,3,0.95253,2,14,0.12543,3,0.87457,2,14,0.5845,3,0.4155,2,14,0.69966,3,0.30034,2,14,0.68375,3,0.31625,2,14,0.4865,3,0.5135,2,14,0.34319,3,0.65681,2,14,0.22219,3,0.77781,2,14,0.12766,3,0.87234,2,14,0.03804,3,0.96196,2,14,0.00532,3,0.99468,2,5,0.03123,3,0.96877,2,14,0.30913,3,0.69087,2,14,0.19596,3,0.80404,2,14,0.11393,3,0.88607,2,14,0.04435,3,0.95565,2,14,0.00687,3,0.99313,2,5,0.01036,3,0.98964],"width":390,"uvs":[0.38145,0.12754,0.36861,0.24672,0.35577,0.3659,0.33169,0.47666,0.36139,0.57778,0.33892,0.6765,0.35256,0.69335,0.35176,0.84022,0.40713,0.74391,0.4288,0.69576,0.44967,0.75595,0.47615,0.70298,0.49622,0.76799,0.54518,0.65964,0.5528,0.8029,0.56042,0.94616,0.63105,0.74873,0.63667,0.70057,0.65031,0.68853,0.6455,0.77762,0.6784,0.72465,0.69044,0.67409,0.70489,0.76799,0.73298,0.63797,0.76909,0.53926,0.83731,0.31775,0.77792,0.28164,0.802,0.21181,0.76588,0.18051,0.77551,0.10106,0.72415,0.10587,0.72575,0.03605,0.59012,0.04087,0.53956,0.06735,0.53795,0,0.46733,0.04087,0.44566,0.11069,0.43282,0.15884,0.43282,0.06494,0.46959,0.47973,0.57882,0.13665,0.66965,0.50765,0.55261,0.29417,0.52286,0.47933,0.53691,0.51079,0.57595,0.51346,0.60272,0.4954,0.6199,0.46193,0.63083,0.41509,0.62034,0.33612,0.60718,0.27923,0.58978,0.26518,0.57327,0.25983,0.55119,0.2692,0.53736,0.29329,0.51639,0.32407,0.60607,0.21967,0.58644,0.21633,0.56948,0.20963,0.55074,0.22637,0.53312,0.24176,0.51751,0.26183],"height":130,"name":"Yeti Head"}],"name":"Yeti Head"},{"display":[{"path":"shadow","type":"image","name":"shadow","transform":{"y":-12.66,"x":31.97}}],"name":"shadow"},{"display":[{"bonePose":[10,0.2029581988885776,0.9791874026476772,-0.9791874026476772,0.2029581988885776,59.059999999999995,-81.58,7,-0.08141665930647816,0.9966801531019732,-0.9966801531019732,-0.08141665930647816,-58.93,-37.84],"vertices":[-65.15,-114.82,-66.09,-100.73,-67.03,-86.65,-59.52,-81.33,-67.34,-75.38,-89.57,-87.9,-90.97,-78.04,-92.38,-68.18,-98.96,-55.66,-110.22,-53.16,-105.38,-42.83,-100.52,-32.5,-93.48,-23.42,-86.44,-14.34,-58.58,-15.91,-31.35,-10.9,1.98,-10.75,35.31,-10.59,69.12,-11.37,102.92,-12.15,110.44,-25.61,120.03,-26.23,120.66,-34.37,120.97,-46.27,121.29,-58.16,118.31,-67.24,115.34,-76.31,105.64,-88.83,102.82,-99.79,103.45,-108.87,95.31,-107.3,94.69,-119.19,74.96,-122.02,49.3,-128.28,21.75,-132.67,-11.11,-132.67,-46.16,-122.33,3.36,-37.46,4.6,-111.87,11.3,-69.08,53.49,-90.53,74.26,-50.65,-57.4,-56.38,-20.54,-90.03,74.38,-28.47,67.43,-66.02,-61.14,-39.25,28.89,-51.34,-6.25,-23.76,48.96,-100.69,32.13,-83.27,-35.29,-71,-18.36,-54.04,74.81,-80.99,-38.55,-107.95,29.65,-20.4,-42.42,-26.63,18.17,-99.44,48.35,-111.62,42.06,-37.67,-35.11,-42.76],"slotPose":[1,0,0,1,0,0],"edges":[9,10,10,11,11,12,12,13,13,14,14,15,15,16,16,17,17,18,18,19,19,20,20,21,21,22,22,23,23,24,24,25,25,26,26,27,27,28,28,29,29,30,30,31,31,32,32,33,33,34,34,35,35,36,36,0,0,1,1,2,2,3,3,4,4,5,5,6,6,7,7,8,8,9],"path":"Yeti Bidy","userEdges":[],"type":"mesh","transform":{},"triangles":[41,23,24,25,41,24,20,21,22,23,20,22,41,20,23,26,41,25,41,44,20,27,53,26,53,41,26,44,19,20,53,45,41,28,53,27,30,53,28,30,28,29,44,18,19,31,32,30,32,53,30,40,45,53,40,53,32,49,40,32,58,49,32,33,58,32,41,59,44,59,18,44,45,59,41,47,59,45,59,17,18,40,50,45,50,47,45,55,17,59,49,50,40,57,50,49,33,34,58,57,49,58,34,57,58,39,47,50,47,55,59,38,57,34,37,55,47,55,16,17,57,39,50,37,16,55,39,37,47,48,16,37,43,39,57,35,38,34,38,43,57,52,37,39,43,52,39,35,54,38,54,43,38,52,48,37,48,15,16,43,51,52,56,15,48,60,56,48,52,60,48,36,54,35,51,60,52,54,51,43,54,3,51,42,60,51,56,14,15,1,3,54,46,56,60,42,46,60,3,42,51,36,0,54,0,1,54,46,14,56,1,2,3,3,4,42,46,13,14,4,7,42,8,46,42,7,8,42,12,13,46,11,12,46,8,11,46,5,6,4,6,7,4,10,11,8,9,10,8],"weights":[2,10,0.30162,7,0.69838,2,10,0.2722,7,0.7278,2,10,0.23081,7,0.76919,2,10,0.18055,7,0.81945,2,10,0.06296,7,0.93704,2,10,0.00061,7,0.99939,2,10,0.00146,7,0.99854,2,10,0.00096,7,0.99904,1,7,1,1,7,1,1,7,1,1,7,1,1,7,1,1,7,1,2,10,0.00518,7,0.99482,2,10,0.16133,7,0.83867,2,10,0.50457,7,0.49543,2,10,0.83703,7,0.16297,2,10,0.99536,7,0.00464,1,10,1,1,10,1,1,10,1,1,10,1,1,10,1,1,10,1,1,10,1,1,10,1,1,10,1,1,10,1,1,10,1,1,10,1,1,10,1,2,10,0.99343,7,0.00657,2,10,0.93208,7,0.06792,2,10,0.79163,7,0.20837,2,10,0.58356,7,0.41644,2,10,0.3653,7,0.6347,2,10,0.53871,7,0.46129,2,10,0.67357,7,0.32643,2,10,0.67559,7,0.32441,2,10,0.97963,7,0.02037,1,10,1,2,10,0.05444,7,0.94556,2,10,0.43543,7,0.56457,1,10,1,1,10,1,1,7,1,2,10,0.81457,7,0.18543,2,10,0.4167,7,0.5833,2,10,0.95392,7,0.04608,2,10,0.86885,7,0.13115,2,10,0.25209,7,0.74791,2,10,0.34053,7,0.65947,1,10,1,2,10,0.37147,7,0.62853,2,10,0.79211,7,0.20789,2,10,0.07213,7,0.92787,2,10,0.76854,7,0.23146,2,10,0.9416,7,0.0584,2,10,0.90176,7,0.09824,2,10,0.15166,7,0.84834],"width":396,"uvs":[0.38731,0.13627,0.38494,0.24379,0.38257,0.35131,0.40154,0.39193,0.38178,0.43732,0.32566,0.34175,0.3221,0.41702,0.31855,0.49228,0.30195,0.58785,0.27349,0.60697,0.28574,0.68581,0.298,0.76466,0.31578,0.83395,0.33356,0.90324,0.40391,0.89129,0.47268,0.92952,0.55685,0.93072,0.64103,0.93191,0.72639,0.92594,0.81176,0.91997,0.83073,0.81723,0.85497,0.81245,0.85655,0.75032,0.85734,0.65953,0.85813,0.56874,0.85062,0.49945,0.84311,0.43016,0.81861,0.33458,0.81149,0.25096,0.81307,0.18167,0.79252,0.19361,0.79094,0.10282,0.74115,0.08132,0.67633,0.03353,0.60678,0,0.52379,0,0.43526,0.07893,0.56031,0.72681,0.56344,0.1588,0.58038,0.48543,0.6869,0.32169,0.7394,0.62611,0.40689,0.5824,0.49997,0.32549,0.73967,0.79536,0.72212,0.50881,0.39744,0.71308,0.6248,0.6208,0.53607,0.83137,0.67549,0.24414,0.63297,0.37711,0.46273,0.47081,0.50548,0.60024,0.74075,0.39448,0.45448,0.18874,0.62673,0.85702,0.44473,0.80946,0.59771,0.25365,0.67395,0.16068,0.65805,0.72513,0.46317,0.68635],"height":131,"name":"Yeti Bidy"}],"name":"Yeti Bidy"}]}],"frameRate":30,"name":"IceYeti","slot":[{"color":{},"name":"shadow","parent":"root"},{"z":1,"color":{},"name":"rfight leg","parent":"Right Leg"},{"z":2,"color":{},"name":"Left Leg","parent":"Left Leg"},{"z":3,"color":{},"name":"left arm","parent":"Left ARm"},{"z":4,"color":{},"name":"yeti hand","parent":"WEapon"},{"z":5,"color":{},"name":"Yeti Bidy","parent":"Body Bottom"},{"z":6,"color":{},"name":"Yeti Head","parent":"head top"},{"z":7,"color":{},"name":"Right Arm","parent":"Right Arm"}]}]}