{"SubTexture":[{"frameWidth":358,"y":286,"frameHeight":15,"frameY":-1,"width":356,"frameX":-1,"height":13,"name":"Shadow","x":1},{"width":546,"y":1,"height":283,"name":"cape","x":1},{"frameWidth":61,"y":1,"frameHeight":98,"frameY":-1,"width":59,"frameX":-1,"height":96,"name":"left arm","x":962},{"width":128,"y":1,"height":172,"name":"Right Leg","x":832},{"width":82,"y":175,"height":160,"name":"Left Leg","x":927},{"width":247,"y":261,"height":288,"name":"chest","x":549},{"frameWidth":133,"y":551,"frameHeight":107,"frameY":-1,"width":131,"frameX":-1,"height":105,"name":"helmety","x":1},{"width":71,"y":337,"height":179,"name":"beard","x":927},{"width":281,"y":1,"height":258,"name":"Right arm","x":549},{"frameWidth":67,"y":175,"frameHeight":73,"frameY":-1,"width":65,"frameX":-1,"height":71,"name":"left gauntlet","x":832},{"frameWidth":129,"y":261,"frameHeight":345,"frameY":-1,"width":127,"frameX":-1,"height":343,"name":"Hand","x":798}],"width":1024,"height":1024,"name":"KingArchial","imagePath":"KingArchial_tex.png"}